"Record","Location","X","Y","Longitude","Latitude","Year","Date","Time","Environment","Road_Surface","Traffic_Control","Collision_Location","Light","Collision_Classification","Impact_type"
"214","ALBERT ST btwn BAY ST & LYON ST N","367000.09566","5031180.63527","-75.70525","45.41780","2017","12/28/2017","8:55:00 AM","01 - Clear","06 - Ice","10 - No control","01 - Non intersection","01 - Daylight","02 - Non-fatal injury","03 - Rear end"
"215","ALBERT ST btwn BRONSON AVE & BAY ST","366891.54611","5031111.75603","-75.70665","45.41719","2017","6/16/2017","5:16:00 PM","01 - Clear","01 - Dry","10 - No control","01 - Non intersection","01 - Daylight","03 - P.D. only","04 - Sideswipe"
"216","ALBERT ST btwn BRONSON AVE & BAY ST","366899.68465","5031118.97489","-75.70654","45.41725","2017","9/14/2017","1:21:00 PM","01 - Clear","01 - Dry","10 - No control","01 - Non intersection","01 - Daylight","03 - P.D. only","04 - Sideswipe"
"217","ALBERT ST btwn BRONSON AVE & BAY ST","366904.23386","5031117.49964","-75.70648","45.41724","2017","12/3/2017","1:52:00 PM","01 - Clear","01 - Dry","10 - No control","01 - Non intersection","01 - Daylight","03 - P.D. only","04 - Sideswipe"
"218","ALBERT ST btwn BRONSON AVE & BAY ST","366916.61852","5031127.61985","-75.70632","45.41733","2017","2/15/2017","8:58:00 AM","03 - Snow","03 - Loose snow","10 - No control","01 - Non intersection","01 - Daylight","02 - Non-fatal injury","03 - Rear end"
"219","ALBERT ST btwn CITY CENTRE AVE & PRESTON ST","366132.93780","5030447.17970","-75.71642","45.41127","2017","3/9/2017","12:03:00 PM","01 - Clear","01 - Dry","10 - No control","01 - Non intersection","01 - Daylight","03 - P.D. only","04 - Sideswipe"
"220","ALBERT ST btwn KENT ST & BANK ST","367359.05975","5031407.22080","-75.70064","45.41980","2017","5/10/2017","10:47:00 PM","01 - Clear","01 - Dry","10 - No control","01 - Non intersection","07 - Dark","03 - P.D. only","04 - Sideswipe"
"221","ALBERT ST btwn KENT ST & BANK ST","367315.13979","5031378.79748","-75.70120","45.41955","2017","2/2/2017","9:27:00 AM","01 - Clear","02 - Wet","10 - No control","01 - Non intersection","01 - Daylight","02 - Non-fatal injury","07 - SMV other"
"222","ALBERT ST btwn LORNE AVE & PERKINS ST","366519.32865","5030686.76727","-75.71146","45.41340","2017","2/21/2017","5:44:00 PM","02 - Rain","02 - Wet","10 - No control","01 - Non intersection","05 - Dusk","03 - P.D. only","04 - Sideswipe"
"223","ALBERT ST btwn LYON ST N & KENT ST","367179.26705","5031291.92602","-75.70295","45.41878","2017","3/24/2017","9:47:00 AM","03 - Snow","03 - Loose snow","10 - No control","01 - Non intersection","01 - Daylight","03 - P.D. only","03 - Rear end"
"224","ALBERT ST btwn METCALFE ST & ELGIN ST","367709.38270","5031624.81249","-75.69613","45.42173","2017","10/24/2017","8:41:00 AM","02 - Rain","02 - Wet","10 - No control","01 - Non intersection","01 - Daylight","02 - Non-fatal injury","07 - SMV other"
"225","ALBERT ST btwn METCALFE ST & ELGIN ST","367733.63962","5031640.41392","-75.69582","45.42187","2017","11/14/2017","10:17:00 PM","01 - Clear","01 - Dry","10 - No control","01 - Non intersection","07 - Dark","02 - Non-fatal injury","03 - Rear end"
"226","ALBERT ST btwn PRESTON ST & Continuation of ALBERT ST","366252.43902","5030526.23215","-75.71489","45.41197","2017","7/10/2017","5:10:00 PM","01 - Clear","01 - Dry","10 - No control","01 - Non intersection","01 - Daylight","02 - Non-fatal injury","07 - SMV other"
"227","ALBERT ST btwn SCOTT ST & CITY CENTRE AVE (1)","365728.57569","5030212.69138","-75.72162","45.40920","2017","10/2/2017","8:37:00 AM","01 - Clear","01 - Dry","10 - No control","01 - Non intersection","01 - Daylight","03 - P.D. only","04 - Sideswipe"
"228","ALBERT ST btwn SCOTT ST & CITY CENTRE AVE (1)","365654.52279","5030150.41341","-75.72257","45.40864","2017","3/15/2017","9:10:00 AM","05 - Drifting Snow","03 - Loose snow","10 - No control","01 - Non intersection","01 - Daylight","03 - P.D. only","03 - Rear end"
"229","ALBERT ST btwn SLATER ST & BRICKHILL ST","366599.10903","5030752.67272","-75.71043","45.41398","2017","4/7/2017","9:46:00 AM","01 - Clear","01 - Dry","10 - No control","01 - Non intersection","01 - Daylight","03 - P.D. only","04 - Sideswipe"
"230","ALBERT ST btwn TRANSIT & SLATER ST","366582.40384","5030724.02919","-75.71065","45.41372","2017","5/30/2017","8:12:00 PM","02 - Rain","02 - Wet","10 - No control","01 - Non intersection","01 - Daylight","02 - Non-fatal injury","04 - Sideswipe"
"231","ALBION RD @ BANK ST","371947.06235","5024129.49940","-75.64301","45.35390","2017","6/12/2017","5:48:00 PM","01 - Clear","01 - Dry","01 - Traffic signal","03 - At intersection","01 - Daylight","02 - Non-fatal injury","02 - Angle"
"232","ALBION RD @ BANK ST","371946.72790","5024127.99564","-75.64301","45.35388","2017","7/22/2017","11:11:00 AM","01 - Clear","01 - Dry","01 - Traffic signal","02 - Intersection related","01 - Daylight","03 - P.D. only","03 - Rear end"
"233","ALBION RD @ BANK ST","371946.27694","5024128.82296","-75.64302","45.35389","2017","11/19/2017","5:27:00 PM","01 - Clear","01 - Dry","01 - Traffic signal","02 - Intersection related","07 - Dark","03 - P.D. only","02 - Angle"
"234","ALBION RD @ BANK ST","371947.58627","5024129.49940","-75.64300","45.35390","2017","1/12/2017","5:34:00 PM","02 - Rain","02 - Wet","01 - Traffic signal","02 - Intersection related","05 - Dusk","03 - P.D. only","03 - Rear end"
"235","ALBION RD @ BANK ST","371945.97743","5024129.12417","-75.64302","45.35389","2017","2/14/2017","8:39:00 AM","01 - Clear","04 - Slush","01 - Traffic signal","02 - Intersection related","01 - Daylight","03 - P.D. only","03 - Rear end"
"236","ALBION RD @ BANK ST","371945.72456","5024129.49940","-75.64303","45.35390","2017","3/16/2017","1:10:00 PM","01 - Clear","02 - Wet","01 - Traffic signal","02 - Intersection related","01 - Daylight","03 - P.D. only","02 - Angle"
"237","ALBION RD @ BANK ST","371947.06235","5024130.83719","-75.64301","45.35391","2017","4/13/2017","5:55:00 PM","01 - Clear","01 - Dry","01 - Traffic signal","02 - Intersection related","01 - Daylight","03 - P.D. only","03 - Rear end"
"238","ALBION RD @ BANK ST","371947.06235","5024128.83050","-75.64301","45.35389","2017","4/13/2017","4:10:00 PM","01 - Clear","01 - Dry","01 - Traffic signal","03 - At intersection","01 - Daylight","03 - P.D. only","05 - Turning movement"
"239","ALBION RD @ BRIDLE PATH DR","372107.06325","5023740.50180","-75.64102","45.35038","2017","6/9/2017","10:57:00 AM","01 - Clear","01 - Dry","01 - Traffic signal","03 - At intersection","01 - Daylight","02 - Non-fatal injury","01 - Approaching"
"240","ALBION RD @ BRIDLE PATH DR","372106.39435","5023739.83290","-75.64103","45.35037","2017","11/5/2017","3:31:00 AM","02 - Rain","02 - Wet","01 - Traffic signal","02 - Intersection related","07 - Dark","02 - Non-fatal injury","07 - SMV other"
"241","ALBION RD @ CAHILL DR","371726.27745","5024667.97165","-75.64575","45.35876","2017","2/4/2017","8:50:00 AM","01 - Clear","01 - Dry","02 - Stop sign","03 - At intersection","01 - Daylight","03 - P.D. only","02 - Angle"
"242","ALBION RD @ DES MESANGES DR","371989.39195","5024021.51549","-75.64248","45.35292","2017","5/31/2017","12:54:00 AM","01 - Clear","02 - Wet","10 - No control","03 - At intersection","07 - Dark","01 - Fatal injury","05 - Turning movement"
"243","ALBION RD @ FINDLAY CREEK DR","374010.02490","5019208.54300","-75.61737","45.30942","2017","2/15/2017","3:30:00 PM","01 - Clear","01 - Dry","01 - Traffic signal","02 - Intersection related","01 - Daylight","03 - P.D. only","04 - Sideswipe"
"244","ALBION RD @ GOTH AVE","372332.81765","5023198.98048","-75.63821","45.34549","2017","12/22/2017","9:49:00 PM","01 - Clear","05 - Packed snow","02 - Stop sign","03 - At intersection","07 - Dark","03 - P.D. only","02 - Angle"
"245","ALBION RD @ HEATHERINGTON RD","371119.80747","5026147.37627","-75.65329","45.37213","2017","11/26/2017","7:14:00 PM","03 - Snow","06 - Ice","02 - Stop sign","02 - Intersection related","07 - Dark","03 - P.D. only","03 - Rear end"
"246","ALBION RD @ HUNT CLUB RD","371868.06815","5024320.51780","-75.64399","45.35562","2017","6/4/2017","10:05:00 AM","01 - Clear","01 - Dry","01 - Traffic signal","02 - Intersection related","01 - Daylight","03 - P.D. only","03 - Rear end"
"247","ALBION RD @ HUNT CLUB RD","371866.73036","5024319.84890","-75.64401","45.35562","2017","6/8/2017","5:25:00 PM","01 - Clear","01 - Dry","01 - Traffic signal","02 - Intersection related","01 - Daylight","03 - P.D. only","03 - Rear end"
"248","ALBION RD @ HUNT CLUB RD","371867.39925","5024320.51780","-75.64400","45.35562","2017","5/18/2017","9:04:00 AM","01 - Clear","01 - Dry","01 - Traffic signal","03 - At intersection","01 - Daylight","03 - P.D. only","02 - Angle"
"249","ALBION RD @ HUNT CLUB RD","371867.73370","5024319.80774","-75.64400","45.35562","2017","12/12/2017","6:10:00 PM","03 - Snow","03 - Loose snow","01 - Traffic signal","02 - Intersection related","07 - Dark","03 - P.D. only","03 - Rear end"
"250","ALBION RD @ HUNT CLUB RD","371868.06815","5024320.51780","-75.64399","45.35562","2017","4/20/2017","6:45:00 PM","01 - Clear","01 - Dry","01 - Traffic signal","02 - Intersection related","01 - Daylight","03 - P.D. only","02 - Angle"
"251","ALBION RD @ HUNT CLUB RD","371866.73036","5024319.84890","-75.64401","45.35562","2017","3/18/2017","5:24:00 PM","01 - Clear","01 - Dry","01 - Traffic signal","03 - At intersection","01 - Daylight","03 - P.D. only","05 - Turning movement"
"252","ALBION RD @ JOHNSTON RD","371504.53361","5025226.41746","-75.64851","45.36381","2017","7/17/2017","6:30:00 PM","01 - Clear","01 - Dry","02 - Stop sign","02 - Intersection related","01 - Daylight","03 - P.D. only","03 - Rear end"
"253","ALBION RD @ LESTER RD","372694.40875","5022333.83369","-75.63372","45.33767","2017","6/1/2017","8:28:00 AM","01 - Clear","01 - Dry","01 - Traffic signal","02 - Intersection related","01 - Daylight","03 - P.D. only","03 - Rear end"
"254","ALBION RD @ LESTER RD","372694.23370","5022331.47690","-75.63372","45.33765","2017","6/28/2017","9:33:00 PM","01 - Clear","01 - Dry","01 - Traffic signal","02 - Intersection related","07 - Dark","03 - P.D. only","03 - Rear end"
"255","ALBION RD @ LESTER RD","372695.07765","5022331.15811","-75.63371","45.33764","2017","7/1/2017","10:01:00 PM","02 - Rain","02 - Wet","01 - Traffic signal","03 - At intersection","07 - Dark","03 - P.D. only","05 - Turning movement"
"256","ALBION RD @ LESTER RD","372694.93465","5022332.73350","-75.63371","45.33766","2017","7/1/2017","2:23:00 PM","01 - Clear","01 - Dry","01 - Traffic signal","03 - At intersection","01 - Daylight","02 - Non-fatal injury","02 - Angle"
"257","ALBION RD @ LESTER RD","372695.50100","5022332.93147","-75.63370","45.33766","2017","11/12/2017","8:13:00 PM","01 - Clear","01 - Dry","01 - Traffic signal","03 - At intersection","07 - Dark","03 - P.D. only","05 - Turning movement"
"258","ALBION RD @ MCMAHON AVE","372363.21347","5023122.27551","-75.63784","45.34479","2017","1/13/2017","5:28:00 PM","01 - Clear","01 - Dry","02 - Stop sign","03 - At intersection","05 - Dusk","02 - Non-fatal injury","03 - Rear end"
"259","ALBION RD @ MITCH OWENS RD","375907.39206","5014803.49216","-75.59381","45.26959","2017","6/26/2017","8:37:00 AM","01 - Clear","01 - Dry","01 - Traffic signal","03 - At intersection","01 - Daylight","02 - Non-fatal injury","05 - Turning movement"
"260","ALBION RD @ MITCH OWENS RD","375907.08855","5014805.11800","-75.59381","45.26961","2017","4/24/2017","5:30:00 PM","01 - Clear","01 - Dry","01 - Traffic signal","02 - Intersection related","01 - Daylight","02 - Non-fatal injury","03 - Rear end"
"261","ALBION RD @ MITCH OWENS RD","375907.65602","5014805.12554","-75.59380","45.26961","2017","6/15/2017","11:04:00 PM","02 - Rain","02 - Wet","01 - Traffic signal","02 - Intersection related","07 - Dark","03 - P.D. only","04 - Sideswipe"
"262","ALBION RD @ MITCH OWENS RD","375902.71309","5014805.10726","-75.59387","45.26961","2017","7/25/2017","4:23:00 PM","01 - Clear","01 - Dry","01 - Traffic signal","02 - Intersection related","01 - Daylight","03 - P.D. only","03 - Rear end"
"263","ALBION RD @ MITCH OWENS RD","375907.70085","5014804.21241","-75.59380","45.26960","2017","8/25/2017","7:06:00 AM","01 - Clear","01 - Dry","01 - Traffic signal","03 - At intersection","01 - Daylight","03 - P.D. only","05 - Turning movement"
"264","ALBION RD @ MITCH OWENS RD","375906.75410","5014803.90265","-75.59382","45.26960","2017","10/3/2017","12:07:00 PM","01 - Clear","01 - Dry","01 - Traffic signal","02 - Intersection related","01 - Daylight","03 - P.D. only","03 - Rear end"
"265","ALBION RD @ MITCH OWENS RD","375906.75410","5014804.44910","-75.59382","45.26960","2017","10/4/2017","12:10:00 PM","02 - Rain","02 - Wet","01 - Traffic signal","02 - Intersection related","01 - Daylight","02 - Non-fatal injury","03 - Rear end"
"266","ALBION RD @ MITCH OWENS RD","375904.13105","5014806.52522","-75.59385","45.26962","2017","9/27/2017","6:53:00 AM","01 - Clear","01 - Dry","01 - Traffic signal","03 - At intersection","03 - Dawn","03 - P.D. only","05 - Turning movement"
"267","ALBION RD @ MITCH OWENS RD","375905.80735","5014804.21241","-75.59383","45.26960","2017","9/27/2017","3:57:00 PM","01 - Clear","01 - Dry","01 - Traffic signal","02 - Intersection related","01 - Daylight","03 - P.D. only","03 - Rear end"
"268","ALBION RD @ MITCH OWENS RD","375907.70085","5014804.68579","-75.59380","45.26960","2017","12/14/2017","8:01:00 AM","01 - Clear","02 - Wet","01 - Traffic signal","02 - Intersection related","01 - Daylight","02 - Non-fatal injury","03 - Rear end"
"269","ALBION RD @ MITCH OWENS RD","375907.20506","5014804.22362","-75.59381","45.26960","2017","11/30/2017","10:25:00 AM","01 - Clear","01 - Dry","01 - Traffic signal","02 - Intersection related","01 - Daylight","03 - P.D. only","05 - Turning movement"
"270","ALBION RD @ MITCH OWENS RD","375907.70989","5014804.68805","-75.59380","45.26960","2017","12/11/2017","5:59:00 AM","01 - Clear","01 - Dry","01 - Traffic signal","03 - At intersection","07 - Dark","03 - P.D. only","05 - Turning movement"
"271","ALBION RD @ MITCH OWENS RD","375907.23200","5014805.16595","-75.59381","45.26961","2017","12/2/2017","9:48:00 AM","01 - Clear","01 - Dry","01 - Traffic signal","03 - At intersection","01 - Daylight","02 - Non-fatal injury","05 - Turning movement"
"272","ALBION RD @ MITCH OWENS RD","375907.70989","5014804.21015","-75.59380","45.26960","2017","12/14/2017","7:19:00 AM","01 - Clear","01 - Dry","01 - Traffic signal","03 - At intersection","03 - Dawn","03 - P.D. only","05 - Turning movement"
"273","ALBION RD @ MITCH OWENS RD","375905.51953","5014803.21453","-75.59383","45.26959","2017","2/10/2017","9:50:00 AM","01 - Clear","01 - Dry","01 - Traffic signal","02 - Intersection related","01 - Daylight","03 - P.D. only","03 - Rear end"
"274","ALBION RD @ MITCH OWENS RD","375906.21136","5014805.26321","-75.59382","45.26961","2017","2/3/2017","6:33:00 AM","01 - Clear","01 - Dry","01 - Traffic signal","03 - At intersection","03 - Dawn","03 - P.D. only","05 - Turning movement"
"275","ALBION RD @ MITCH OWENS RD","375906.21136","5014805.26321","-75.59382","45.26961","2017","1/29/2017","10:15:00 PM","03 - Snow","03 - Loose snow","01 - Traffic signal","02 - Intersection related","07 - Dark","03 - P.D. only","07 - SMV other"
"276","ALBION RD @ MITCH OWENS RD","375907.75744","5014804.44910","-75.59380","45.26960","2017","1/4/2017","3:03:00 PM","01 - Clear","02 - Wet","01 - Traffic signal","02 - Intersection related","01 - Daylight","02 - Non-fatal injury","03 - Rear end"
"277","ALBION RD @ MITCH OWENS RD","375907.08855","5014804.44910","-75.59381","45.26960","2017","4/21/2017","8:24:00 AM","02 - Rain","02 - Wet","01 - Traffic signal","03 - At intersection","01 - Daylight","03 - P.D. only","05 - Turning movement"
"278","ALBION RD @ MITCH OWENS RD","375906.41965","5014805.78689","-75.59382","45.26961","2017","3/14/2017","6:37:00 AM","03 - Snow","02 - Wet","01 - Traffic signal","03 - At intersection","03 - Dawn","02 - Non-fatal injury","05 - Turning movement"
"279","ALBION RD @ RIDEAU RD","375092.75220","5016675.36196","-75.60392","45.28652","2017","6/29/2017","4:43:00 PM","02 - Rain","02 - Wet","01 - Traffic signal","02 - Intersection related","01 - Daylight","03 - P.D. only","03 - Rear end"
"280","ALBION RD @ RIDEAU RD","375095.62478","5016668.83606","-75.60389","45.28646","2017","8/14/2017","8:17:00 AM","01 - Clear","01 - Dry","01 - Traffic signal","02 - Intersection related","01 - Daylight","02 - Non-fatal injury","03 - Rear end"
"281","ALBION RD @ RIDEAU RD","375093.50267","5016674.83493","-75.60391","45.28651","2017","2/9/2017","12:09:00 PM","01 - Clear","01 - Dry","01 - Traffic signal","03 - At intersection","01 - Daylight","02 - Non-fatal injury","02 - Angle"
"282","ALBION RD @ RIDEAU RD","375085.30296","5016667.34584","-75.60402","45.28645","2017","1/2/2017","10:29:00 AM","01 - Clear","01 - Dry","01 - Traffic signal","03 - At intersection","01 - Daylight","03 - P.D. only","02 - Angle"
"283","ALBION RD @ SOUTHGATE RD/ROYAL OAK CRT","371818.07586","5024441.90417","-75.64461","45.35672","2017","2/7/2017","1:26:00 AM","03 - Snow","03 - Loose snow","02 - Stop sign","03 - At intersection","07 - Dark","03 - P.D. only","07 - SMV other"
"284","ALBION RD @ WYLDEWOOD ST","372293.11708","5023293.26453","-75.63871","45.34634","2017","7/24/2017","1:11:00 PM","02 - Rain","02 - Wet","02 - Stop sign","02 - Intersection related","01 - Daylight","02 - Non-fatal injury","03 - Rear end"
"285","ALBION RD btwn 210 S OF HIGH RD/EARL ARMSTRONG RD/RIDEAU CARLETON RACE","375036.23046","5016797.53662","-75.60463","45.28762","2017","5/8/2017","2:50:00 PM","01 - Clear","01 - Dry","10 - No control","01 - Non intersection","01 - Daylight","03 - P.D. only","07 - SMV other"
"286","ALBION RD btwn 210 S OF HIGH RD/EARL ARMSTRONG RD/RIDEAU CARLETON RACE","374719.82615","5017529.73202","-75.60856","45.29424","2017","7/19/2017","8:23:00 PM","01 - Clear","01 - Dry","10 - No control","01 - Non intersection","05 - Dusk","03 - P.D. only","07 - SMV other"
"287","ALBION RD btwn ALBION RD S & BANK ST","371942.24072","5024141.03786","-75.64307","45.35400","2017","8/11/2017","6:08:00 PM","01 - Clear","01 - Dry","10 - No control","04 - At/near private drive","01 - Daylight","02 - Non-fatal injury","02 - Angle"
"288","ALBION RD btwn BANK ST & DES MESANGES DR","371951.07573","5024115.45258","-75.64296","45.35377","2017","4/5/2017","9:54:00 AM","01 - Clear","01 - Dry","10 - No control","04 - At/near private drive","01 - Daylight","03 - P.D. only","02 - Angle"
"289","ALBION RD btwn DEL ZOTTO AVE & HIGH RD","374027.08176","5019165.06474","-75.61716","45.30903","2017","6/8/2017","12:52:00 AM","01 - Clear","01 - Dry","10 - No control","01 - Non intersection","07 - Dark","02 - Non-fatal injury","07 - SMV other"
"290","ALBION RD btwn DEL ZOTTO AVE & HIGH RD","373998.31921","5019236.63665","-75.61752","45.30967","2017","9/15/2017","7:55:00 AM","01 - Clear","01 - Dry","10 - No control","01 - Non intersection","01 - Daylight","02 - Non-fatal injury","03 - Rear end"
"291","ALBION RD btwn DEL ZOTTO AVE & HIGH RD","374528.42129","5017980.84408","-75.61093","45.29832","2017","4/7/2017","1:14:00 PM","02 - Rain","02 - Wet","10 - No control","01 - Non intersection","01 - Daylight","03 - P.D. only","07 - SMV other"
"292","ALBION RD btwn DEL ZOTTO AVE & HIGH RD","374204.28748","5018734.97490","-75.61496","45.30514","2017","3/24/2017","9:05:00 PM","03 - Snow","03 - Loose snow","10 - No control","04 - At/near private drive","07 - Dark","03 - P.D. only","04 - Sideswipe"
"293","ALBION RD btwn DEL ZOTTO AVE & HIGH RD","373885.43848","5019496.12383","-75.61892","45.31202","2017","12/30/2017","12:58:00 PM","03 - Snow","03 - Loose snow","10 - No control","04 - At/near private drive","01 - Daylight","02 - Non-fatal injury","07 - SMV other"
"294","ALBION RD btwn HIGH RD/EARL ARMSTRONG RD & 210 S OF HIGH RD/EARL ARMST","374669.15830","5017633.84762","-75.60919","45.29518","2017","5/5/2017","8:56:00 AM","02 - Rain","02 - Wet","10 - No control","01 - Non intersection","01 - Daylight","03 - P.D. only","07 - SMV other"
"295","ALBION RD btwn KILLYMOON WAY & MITCH OWENS RD","375853.95043","5014924.92040","-75.59447","45.27069","2017","5/9/2017","4:48:00 PM","01 - Clear","01 - Dry","10 - No control","04 - At/near private drive","01 - Daylight","02 - Non-fatal injury","03 - Rear end"
"296","ALBION RD btwn KILLYMOON WAY & MITCH OWENS RD","375888.10035","5014855.19767","-75.59405","45.27006","2017","3/6/2017","3:36:00 PM","01 - Clear","01 - Dry","10 - No control","04 - At/near private drive","01 - Daylight","03 - P.D. only","05 - Turning movement"
"297","ALBION RD btwn LESTER RD & LEITRIM RD","373041.23175","5021500.57278","-75.62941","45.33014","2017","5/16/2017","3:59:00 PM","01 - Clear","01 - Dry","10 - No control","01 - Non intersection","01 - Daylight","02 - Non-fatal injury","03 - Rear end"
"298","ALBION RD btwn LESTER RD & LEITRIM RD","372750.65718","5022197.48993","-75.63302","45.33643","2017","9/2/2017","10:55:00 PM","01 - Clear","01 - Dry","10 - No control","01 - Non intersection","07 - Dark","02 - Non-fatal injury","07 - SMV other"
"299","ALBION RD btwn LESTER RD & LEITRIM RD","372733.08640","5022241.37164","-75.63324","45.33683","2017","10/5/2017","5:37:00 PM","01 - Clear","01 - Dry","10 - No control","01 - Non intersection","01 - Daylight","02 - Non-fatal injury","05 - Turning movement"
"300","ALBION RD btwn LESTER RD & LEITRIM RD","372754.53938","5022194.39148","-75.63297","45.33641","2017","11/29/2017","4:20:00 PM","01 - Clear","01 - Dry","10 - No control","01 - Non intersection","05 - Dusk","03 - P.D. only","03 - Rear end"
"301","ALBION RD btwn LESTER RD & LEITRIM RD","372772.00073","5022147.21162","-75.63275","45.33598","2017","4/10/2017","4:19:00 PM","01 - Clear","01 - Dry","10 - No control","01 - Non intersection","01 - Daylight","03 - P.D. only","03 - Rear end"
"302","ALBION RD btwn LESTER RD & LEITRIM RD","372773.33852","5022149.88720","-75.63274","45.33600","2017","3/14/2017","4:27:00 PM","03 - Snow","03 - Loose snow","10 - No control","01 - Non intersection","01 - Daylight","03 - P.D. only","03 - Rear end"
"303","ALBION RD btwn LESTER RD & LEITRIM RD","373394.41014","5020648.75639","-75.62502","45.32244","2017","2/27/2017","7:07:00 AM","01 - Clear","01 - Dry","10 - No control","01 - Non intersection","03 - Dawn","03 - P.D. only","07 - SMV other"
"304","ALBION RD btwn LESTER RD & LEITRIM RD","372772.13748","5022146.89967","-75.63275","45.33598","2017","12/18/2017","11:24:00 PM","01 - Clear","04 - Slush","10 - No control","01 - Non intersection","07 - Dark","03 - P.D. only","07 - SMV other"
"305","ALBION RD btwn RIDEAU RD & TULLAMORE ST","375543.83778","5015640.05478","-75.59832","45.27716","2017","6/27/2017","2:37:00 PM","01 - Clear","02 - Wet","10 - No control","01 - Non intersection","01 - Daylight","03 - P.D. only","07 - SMV other"
"306","ALBION RD btwn RIDEAU RD & TULLAMORE ST","375489.62799","5015757.94120","-75.59900","45.27822","2017","3/15/2017","9:30:00 AM","03 - Snow","03 - Loose snow","10 - No control","01 - Non intersection","01 - Daylight","02 - Non-fatal injury","07 - SMV other"
"307","ALBION RD btwn RIDEAU RD & TULLAMORE ST","375287.67309","5016226.74678","-75.60150","45.28246","2017","4/7/2017","12:24:00 AM","02 - Rain","02 - Wet","10 - No control","01 - Non intersection","07 - Dark","03 - P.D. only","07 - SMV other"
"308","ALBION RD/COLLISTON CRES E @ WALKLEY RD","371033.49169","5026354.60091","-75.65437","45.37400","2017","6/17/2017","7:42:00 PM","01 - Clear","01 - Dry","01 - Traffic signal","02 - Intersection related","01 - Daylight","02 - Non-fatal injury","01 - Approaching"
"309","ALBION RD/COLLISTON CRES E @ WALKLEY RD","371035.16895","5026354.79712","-75.65435","45.37400","2017","7/25/2017","12:05:00 PM","01 - Clear","01 - Dry","01 - Traffic signal","03 - At intersection","01 - Daylight","02 - Non-fatal injury","05 - Turning movement"
"310","ALBION RD/COLLISTON CRES E @ WALKLEY RD","371033.12626","5026353.49666","-75.65437","45.37399","2017","7/22/2017","6:01:00 AM","01 - Clear","01 - Dry","01 - Traffic signal","03 - At intersection","03 - Dawn","02 - Non-fatal injury","07 - SMV other"
"311","ALBION RD/COLLISTON CRES E @ WALKLEY RD","371033.26090","5026354.97190","-75.65437","45.37401","2017","7/19/2017","1:11:00 PM","01 - Clear","01 - Dry","01 - Traffic signal","02 - Intersection related","01 - Daylight","03 - P.D. only","03 - Rear end"
"312","ALBION RD/COLLISTON CRES E @ WALKLEY RD","371035.12327","5026355.62154","-75.65435","45.37401","2017","11/18/2017","6:54:00 PM","01 - Clear","01 - Dry","01 - Traffic signal","03 - At intersection","07 - Dark","02 - Non-fatal injury","05 - Turning movement"
"313","ALBION RD/COLLISTON CRES E @ WALKLEY RD","371034.31332","5026355.31446","-75.65436","45.37401","2017","3/1/2017","6:22:00 PM","02 - Rain","02 - Wet","01 - Traffic signal","03 - At intersection","07 - Dark","03 - P.D. only","05 - Turning movement"
"314","ALBURY CRES N @ DELAMERE DR N","349190.01829","5013423.70905","-75.93440","45.25937","2017","10/15/2017","9:23:00 PM","01 - Clear","01 - Dry","02 - Stop sign","02 - Intersection related","07 - Dark","03 - P.D. only","03 - Rear end"
"315","ALCIDE AVE @ ROCKDALE RD","394763.19955","5024415.45700","-75.35181","45.35391","2017","11/15/2017","5:51:00 PM","01 - Clear","01 - Dry","02 - Stop sign","03 - At intersection","07 - Dark","03 - P.D. only","02 - Angle"
"316","ALDBURN PL @ ABBEYHILL DR","353286.16644","5017353.71657","-75.88182","45.29446","2017","1/17/2017","6:21:00 PM","01 - Clear","01 - Dry","10 - No control","02 - Intersection related","07 - Dark","03 - P.D. only","02 - Angle"
"317","ALDERCREST DR @ VIEWMOUNT DR","364428.36405","5022642.49580","-75.73914","45.34120","2017","3/31/2017","3:08:00 PM","01 - Clear","01 - Dry","02 - Stop sign","02 - Intersection related","01 - Daylight","03 - P.D. only","01 - Approaching"
"318","ALDERGROVE WAY @ OLD PRESCOTT RD","377677.75366","5014172.77579","-75.57134","45.26374","2017","10/4/2017","1:00:00 PM","01 - Clear","01 - Dry","02 - Stop sign","03 - At intersection","01 - Daylight","03 - P.D. only","02 - Angle"
"319","ALDERGROVE WAY @ OLD PRESCOTT RD","377679.23490","5014171.19905","-75.57132","45.26372","2017","12/15/2017","2:09:00 PM","01 - Clear","05 - Packed snow","02 - Stop sign","03 - At intersection","01 - Daylight","02 - Non-fatal injury","02 - Angle"
"320","ALDGATE CRES btwn SHERWAY DR & SHERWAY DR","362738.05325","5015114.16947","-75.76159","45.27360","2017","8/11/2017","2:00:00 PM","01 - Clear","01 - Dry","10 - No control","01 - Non intersection","99 - Other","03 - P.D. only","06 - SMV unattended vehicle"