"Record","Location","X","Y","Longitude","Latitude","Year","Date","Time","Environment","Road_Surface","Traffic_Control","Collision_Location","Light","Collision_Classification","Impact_type"
"321","ALERT RD/AIRPORT PKWY/UPLANDS DR RAMP 62 @ LES","371305.93171","5021353.25395","-75.65156","45.32898","2017","5/13/2017","12:29:00 PM","02 - Rain","02 - Wet","01 - Traffic signal","03 - At intersection","01 - Daylight","03 - P.D. only","02 - Angle"
"322","ALERT RD/AIRPORT PKWY/UPLANDS DR RAMP 62 @ LES","371310.87086","5021357.05740","-75.65150","45.32901","2017","4/29/2017","12:00:00 AM","01 - Clear","01 - Dry","01 - Traffic signal","03 - At intersection","07 - Dark","03 - P.D. only","07 - SMV other"
"323","ALERT RD/AIRPORT PKWY/UPLANDS DR RAMP 62 @ LES","371305.71787","5021355.17235","-75.65157","45.32899","2017","7/28/2017","6:00:00 AM","01 - Clear","01 - Dry","01 - Traffic signal","02 - Intersection related","01 - Daylight","03 - P.D. only","03 - Rear end"
"324","ALERT RD/AIRPORT PKWY/UPLANDS DR RAMP 62 @ LES","371308.85878","5021353.78410","-75.65153","45.32898","2017","8/3/2017","9:35:00 AM","01 - Clear","01 - Dry","01 - Traffic signal","02 - Intersection related","01 - Daylight","03 - P.D. only","05 - Turning movement"
"325","ALERT RD/AIRPORT PKWY/UPLANDS DR RAMP 62 @ LES","371307.15759","5021354.09812","-75.65155","45.32898","2017","6/27/2017","2:07:00 PM","02 - Rain","02 - Wet","01 - Traffic signal","02 - Intersection related","01 - Daylight","03 - P.D. only","03 - Rear end"
"326","ALERT RD/AIRPORT PKWY/UPLANDS DR RAMP 62 @ LES","371306.59759","5021356.28131","-75.65155","45.32900","2017","9/27/2017","4:05:00 PM","02 - Rain","02 - Wet","01 - Traffic signal","02 - Intersection related","01 - Daylight","03 - P.D. only","04 - Sideswipe"
"327","ALERT RD/AIRPORT PKWY/UPLANDS DR RAMP 62 @ LES","371306.16506","5021355.13825","-75.65156","45.32899","2017","1/21/2017","2:04:00 PM","01 - Clear","02 - Wet","01 - Traffic signal","02 - Intersection related","01 - Daylight","03 - P.D. only","05 - Turning movement"
"328","ALERT RD/AIRPORT PKWY/UPLANDS DR RAMP 62 @ LES","371307.04225","5021353.11250","-75.65155","45.32898","2017","4/23/2017","4:37:00 PM","01 - Clear","01 - Dry","01 - Traffic signal","02 - Intersection related","01 - Daylight","02 - Non-fatal injury","07 - SMV other"
"329","ALERT RD/AIRPORT PKWY/UPLANDS DR RAMP 62 @ LES","371305.03556","5021354.45030","-75.65157","45.32899","2017","3/20/2017","5:33:00 PM","01 - Clear","01 - Dry","01 - Traffic signal","02 - Intersection related","01 - Daylight","03 - P.D. only","04 - Sideswipe"
"330","ALESTHER ST @ DONALD ST","371992.38605","5032461.25260","-75.64130","45.42886","2017","5/18/2017","9:02:00 AM","01 - Clear","01 - Dry","02 - Stop sign","02 - Intersection related","01 - Daylight","03 - P.D. only","03 - Rear end"
"331","ALESTHER ST @ DONALD ST","371992.72050","5032460.82265","-75.64129","45.42885","2017","9/10/2017","5:57:00 PM","01 - Clear","01 - Dry","02 - Stop sign","03 - At intersection","01 - Daylight","03 - P.D. only","05 - Turning movement"
"332","ALESTHER ST @ WOLFFDALE CRES S","372057.04306","5032294.91890","-75.64049","45.42735","2017","12/9/2017","1:30:00 PM","01 - Clear","01 - Dry","10 - No control","03 - At intersection","01 - Daylight","03 - P.D. only","04 - Sideswipe"
"333","ALESTHER ST btwn PRINCE ALBERT ST & END","372158.26665","5032060.02737","-75.63923","45.42523","2017","8/21/2017","2:49:00 PM","01 - Clear","01 - Dry","10 - No control","01 - Non intersection","01 - Daylight","03 - P.D. only","06 - SMV unattended vehicle"
"334","ALESTHER ST btwn WOLFFDALE CRES & WOLFFDALE CRES","372031.06793","5032362.22055","-75.64081","45.42796","2017","4/5/2017","2:14:00 PM","01 - Clear","01 - Dry","10 - No control","04 - At/near private drive","01 - Daylight","03 - P.D. only","03 - Rear end"
"335","ALEUTIAN RD @ CHINOOK CRES N","359142.32985","5022612.15521","-75.80659","45.34135","2017","6/2/2017","8:20:00 AM","01 - Clear","01 - Dry","03 - Yield sign","03 - At intersection","01 - Daylight","03 - P.D. only","02 - Angle"
"336","ALEUTIAN RD btwn CHINOOK CRES & CHINOOK CRES","359389.54994","5022218.82150","-75.80348","45.33779","2017","2/16/2017","4:30:00 PM","01 - Clear","02 - Wet","10 - No control","01 - Non intersection","01 - Daylight","02 - Non-fatal injury","07 - SMV other"
"337","ALEXANDRA BR btwn MURRAY ST & END","367140.53852","5032511.82167","-75.70329","45.42976","2017","12/14/2017","8:10:00 AM","01 - Clear","01 - Dry","10 - No control","07 - Overpass or bridge","01 - Daylight","03 - P.D. only","03 - Rear end"
"338","ALGOMA RD @ COMSTOCK RD","373662.67335","5031108.27316","-75.62014","45.41652","2017","12/13/2017","10:41:00 AM","01 - Clear","04 - Slush","02 - Stop sign","03 - At intersection","01 - Daylight","03 - P.D. only","05 - Turning movement"
"339","ALGOMA RD @ STAR TOP RD","373930.06545","5031214.23220","-75.61671","45.41745","2017","11/18/2017","2:03:00 PM","04 - Freezing Rain","06 - Ice","02 - Stop sign","02 - Intersection related","01 - Daylight","03 - P.D. only","05 - Turning movement"
"340","ALGOMA RD @ STAR TOP RD","373932.58426","5031218.02207","-75.61668","45.41748","2017","1/5/2017","10:18:00 AM","01 - Clear","06 - Ice","02 - Stop sign","02 - Intersection related","01 - Daylight","03 - P.D. only","03 - Rear end"
"341","ALICE ST @ LANDRY ST","369559.70856","5033491.58671","-75.67225","45.43836","2017","6/26/2017","6:33:00 PM","01 - Clear","01 - Dry","02 - Stop sign","02 - Intersection related","01 - Daylight","03 - P.D. only","06 - SMV unattended vehicle"
"342","ALLEN BLVD @ MCARTHUR AVE","370750.70510","5032749.34612","-75.65712","45.43157","2017","6/3/2017","12:13:00 PM","01 - Clear","01 - Dry","01 - Traffic signal","02 - Intersection related","01 - Daylight","03 - P.D. only","04 - Sideswipe"
"343","ALLEN BLVD @ MCARTHUR AVE","370751.17847","5032750.28166","-75.65712","45.43158","2017","10/17/2017","9:03:00 AM","01 - Clear","01 - Dry","01 - Traffic signal","03 - At intersection","01 - Daylight","02 - Non-fatal injury","04 - Sideswipe"
"344","ALLEN BLVD @ MCARTHUR AVE","370750.37065","5032748.90270","-75.65713","45.43156","2017","11/24/2017","4:00:00 PM","01 - Clear","01 - Dry","01 - Traffic signal","03 - At intersection","01 - Daylight","03 - P.D. only","05 - Turning movement"
"345","ALLEN BLVD @ MCARTHUR AVE","370751.03955","5032749.57160","-75.65712","45.43157","2017","11/13/2017","3:07:00 PM","01 - Clear","01 - Dry","01 - Traffic signal","02 - Intersection related","01 - Daylight","03 - P.D. only","04 - Sideswipe"
"346","ALLENBY RD @ AYTON LANE","349519.61440","5023314.38667","-75.92930","45.34835","2017","1/25/2017","7:29:00 AM","03 - Snow","03 - Loose snow","02 - Stop sign","02 - Intersection related","03 - Dawn","03 - P.D. only","07 - SMV other"
"347","ALLENBY RD/IPSWICH TER @ FLAMBOROUGH WAY","349321.19868","5023067.50232","-75.93186","45.34614","2017","3/6/2017","6:09:00 PM","04 - Freezing Rain","02 - Wet","02 - Stop sign","02 - Intersection related","05 - Dusk","03 - P.D. only","02 - Angle"
"348","ALPINE AVE @ CARLING AVE","360497.01145","5024942.51890","-75.78904","45.36221","2017","5/3/2017","10:50:00 AM","01 - Clear","01 - Dry","01 - Traffic signal","03 - At intersection","01 - Daylight","03 - P.D. only","02 - Angle"
"349","ALPINE AVE @ CARLING AVE","360497.68034","5024943.18780","-75.78903","45.36222","2017","5/19/2017","12:10:00 PM","01 - Clear","01 - Dry","01 - Traffic signal","02 - Intersection related","01 - Daylight","02 - Non-fatal injury","03 - Rear end"
"350","ALPINE AVE @ CARLING AVE","360498.34924","5024943.18780","-75.78902","45.36222","2017","6/28/2017","6:50:00 PM","02 - Rain","02 - Wet","01 - Traffic signal","02 - Intersection related","01 - Daylight","03 - P.D. only","03 - Rear end"
"351","ALPINE AVE @ CARLING AVE","360497.74795","5024942.25116","-75.78903","45.36221","2017","7/21/2017","5:26:00 PM","01 - Clear","01 - Dry","01 - Traffic signal","02 - Intersection related","01 - Daylight","03 - P.D. only","04 - Sideswipe"
"352","ALPINE AVE @ CARLING AVE","360496.19910","5024942.75785","-75.78905","45.36222","2017","8/21/2017","7:08:00 PM","01 - Clear","01 - Dry","01 - Traffic signal","02 - Intersection related","01 - Daylight","03 - P.D. only","03 - Rear end"
"353","ALPINE AVE @ CARLING AVE","360496.13055","5024941.97245","-75.78905","45.36221","2017","10/5/2017","4:26:00 PM","01 - Clear","01 - Dry","01 - Traffic signal","03 - At intersection","01 - Daylight","03 - P.D. only","05 - Turning movement"
"354","ALPINE AVE @ CARLING AVE","360495.00476","5024942.51890","-75.78907","45.36221","2017","11/12/2017","4:39:00 PM","01 - Clear","01 - Dry","01 - Traffic signal","03 - At intersection","05 - Dusk","03 - P.D. only","02 - Angle"
"355","ALPINE AVE @ CARLING AVE","360497.54000","5024942.73465","-75.78903","45.36222","2017","11/21/2017","4:47:00 PM","01 - Clear","01 - Dry","01 - Traffic signal","02 - Intersection related","05 - Dusk","02 - Non-fatal injury","04 - Sideswipe"
"356","ALPINE AVE @ CARLING AVE","360496.67700","5024943.22896","-75.78904","45.36222","2017","11/8/2017","3:40:00 PM","01 - Clear","01 - Dry","01 - Traffic signal","02 - Intersection related","01 - Daylight","03 - P.D. only","03 - Rear end"
"357","ALPINE AVE @ CARLING AVE","360497.15037","5024941.80884","-75.78904","45.36221","2017","1/31/2017","4:56:00 PM","01 - Clear","01 - Dry","01 - Traffic signal","02 - Intersection related","05 - Dusk","03 - P.D. only","05 - Turning movement"
"358","ALPINE AVE @ CARLING AVE","360496.20363","5024941.80884","-75.78905","45.36221","2017","1/13/2017","3:28:00 PM","01 - Clear","01 - Dry","01 - Traffic signal","02 - Intersection related","01 - Daylight","03 - P.D. only","03 - Rear end"
"359","ALPINE AVE @ CARLING AVE","360497.68034","5024941.85000","-75.78903","45.36221","2017","3/3/2017","1:41:00 PM","01 - Clear","01 - Dry","01 - Traffic signal","03 - At intersection","01 - Daylight","03 - P.D. only","02 - Angle"
"360","ALPINE AVE btwn CARLING AVE & ELMHURST ST","360534.77643","5024842.59820","-75.78857","45.36131","2017","9/17/2017","1:55:00 PM","01 - Clear","01 - Dry","10 - No control","01 - Non intersection","01 - Daylight","03 - P.D. only","06 - SMV unattended vehicle"
"361","ALPINE AVE btwn HENLEY ST & CLARENDA ST","360725.13505","5024369.45944","-75.78619","45.35704","2017","6/20/2017","8:04:00 AM","01 - Clear","01 - Dry","10 - No control","01 - Non intersection","01 - Daylight","03 - P.D. only","06 - SMV unattended vehicle"
"362","ALTA VISTA DR @ BANK ST","370248.40355","5026201.40830","-75.66441","45.37270","2017","5/28/2017","6:29:00 PM","01 - Clear","01 - Dry","01 - Traffic signal","02 - Intersection related","01 - Daylight","03 - P.D. only","03 - Rear end"
"363","ALTA VISTA DR @ BANK ST","370247.73465","5026199.40161","-75.66442","45.37268","2017","5/23/2017","10:41:00 AM","01 - Clear","01 - Dry","01 - Traffic signal","02 - Intersection related","01 - Daylight","03 - P.D. only","03 - Rear end"
"364","ALTA VISTA DR @ BANK ST","370246.39686","5026201.40830","-75.66444","45.37270","2017","6/26/2017","7:35:00 AM","01 - Clear","01 - Dry","01 - Traffic signal","02 - Intersection related","01 - Daylight","02 - Non-fatal injury","03 - Rear end"
"365","ALTA VISTA DR @ BANK ST","370246.46267","5026199.93619","-75.66444","45.37269","2017","8/4/2017","1:13:00 PM","01 - Clear","01 - Dry","01 - Traffic signal","02 - Intersection related","01 - Daylight","03 - P.D. only","04 - Sideswipe"
"366","ALTA VISTA DR @ BANK ST","370248.73503","5026200.07347","-75.66441","45.37269","2017","8/11/2017","12:40:00 PM","01 - Clear","01 - Dry","01 - Traffic signal","03 - At intersection","01 - Daylight","03 - P.D. only","03 - Rear end"
"367","ALTA VISTA DR @ BANK ST","370248.29108","5026201.40533","-75.66441","45.37270","2017","7/31/2017","2:42:00 PM","01 - Clear","01 - Dry","01 - Traffic signal","02 - Intersection related","01 - Daylight","02 - Non-fatal injury","03 - Rear end"
"368","ALTA VISTA DR @ BANK ST","370248.40355","5026200.73940","-75.66441","45.37269","2017","11/13/2017","11:00:00 AM","01 - Clear","01 - Dry","01 - Traffic signal","02 - Intersection related","01 - Daylight","03 - P.D. only","04 - Sideswipe"
"369","ALTA VISTA DR @ BANK ST","370248.54700","5026200.50045","-75.66441","45.37269","2017","12/18/2017","11:00:00 AM","03 - Snow","03 - Loose snow","01 - Traffic signal","02 - Intersection related","01 - Daylight","03 - P.D. only","04 - Sideswipe"
"370","ALTA VISTA DR @ BILLINGS AVE","370350.09662","5028611.30593","-75.66279","45.39437","2017","8/4/2017","10:00:00 PM","01 - Clear","01 - Dry","02 - Stop sign","02 - Intersection related","07 - Dark","02 - Non-fatal injury","02 - Angle"
"371","ALTA VISTA DR @ CUNNINGHAM AVE","370344.56750","5028017.11032","-75.66294","45.38903","2017","8/23/2017","6:17:00 PM","02 - Rain","02 - Wet","02 - Stop sign","02 - Intersection related","01 - Daylight","03 - P.D. only","03 - Rear end"
"372","ALTA VISTA DR @ CUNNINGHAM AVE","370345.36724","5028018.33141","-75.66293","45.38904","2017","10/2/2017","11:38:00 PM","01 - Clear","01 - Dry","02 - Stop sign","03 - At intersection","07 - Dark","03 - P.D. only","03 - Rear end"
"373","ALTA VISTA DR @ CUNNINGHAM AVE","370344.56750","5028017.11032","-75.66294","45.38903","2017","10/3/2017","2:11:00 PM","01 - Clear","01 - Dry","02 - Stop sign","03 - At intersection","01 - Daylight","02 - Non-fatal injury","02 - Angle"
"374","ALTA VISTA DR @ CUNNINGHAM AVE","370344.24953","5028016.36137","-75.66295","45.38902","2017","11/2/2017","2:19:00 PM","02 - Rain","02 - Wet","02 - Stop sign","02 - Intersection related","01 - Daylight","02 - Non-fatal injury","03 - Rear end"
"375","ALTA VISTA DR @ CUNNINGHAM AVE","370345.05735","5028016.87590","-75.66294","45.38902","2017","11/25/2017","10:16:00 AM","02 - Rain","02 - Wet","02 - Stop sign","02 - Intersection related","01 - Daylight","03 - P.D. only","03 - Rear end"
"376","ALTA VISTA DR @ DALE AVE","370697.71790","5030197.36056","-75.65814","45.40861","2017","12/13/2017","8:10:00 AM","01 - Clear","04 - Slush","02 - Stop sign","02 - Intersection related","01 - Daylight","03 - P.D. only","03 - Rear end"
"377","ALTA VISTA DR @ DALE AVE","370697.24453","5030197.84524","-75.65815","45.40861","2017","12/18/2017","3:37:00 PM","03 - Snow","04 - Slush","02 - Stop sign","03 - At intersection","01 - Daylight","03 - P.D. only","05 - Turning movement"
"378","ALTA VISTA DR @ KILBORN AVE","370365.38865","5027752.87689","-75.66271","45.38665","2017","5/18/2017","6:21:00 PM","01 - Clear","01 - Dry","01 - Traffic signal","02 - Intersection related","01 - Daylight","03 - P.D. only","04 - Sideswipe"
"379","ALTA VISTA DR @ KILBORN AVE","370365.24973","5027752.72253","-75.66271","45.38665","2017","10/4/2017","5:12:00 PM","01 - Clear","01 - Dry","01 - Traffic signal","02 - Intersection related","01 - Daylight","03 - P.D. only","03 - Rear end"
"380","ALTA VISTA DR @ KILBORN AVE","370366.00531","5027751.92458","-75.66270","45.38664","2017","12/14/2017","11:32:00 AM","01 - Clear","02 - Wet","01 - Traffic signal","03 - At intersection","01 - Daylight","03 - P.D. only","02 - Angle"
"381","ALTA VISTA DR @ PALEN AVE","370423.05345","5027285.21290","-75.66204","45.38243","2017","10/21/2017","12:48:00 PM","01 - Clear","01 - Dry","02 - Stop sign","03 - At intersection","01 - Daylight","03 - P.D. only","02 - Angle"
"382","ALTA VISTA DR @ PALEN AVE","370422.38681","5027284.48364","-75.66205","45.38243","2017","12/11/2017","10:03:00 AM","01 - Clear","01 - Dry","02 - Stop sign","02 - Intersection related","01 - Daylight","03 - P.D. only","03 - Rear end"
"383","ALTA VISTA DR @ RANDALL AVE","370407.71826","5027366.54190","-75.66222","45.38317","2017","6/15/2017","11:10:00 AM","01 - Clear","01 - Dry","01 - Traffic signal","02 - Intersection related","01 - Daylight","02 - Non-fatal injury","03 - Rear end"
"384","ALTA VISTA DR @ RANDALL AVE","370408.38715","5027366.54190","-75.66221","45.38317","2017","3/2/2017","2:49:00 PM","01 - Clear","01 - Dry","01 - Traffic signal","02 - Intersection related","01 - Daylight","03 - P.D. only","03 - Rear end"
"385","ALTA VISTA DR @ ROGER RD","370406.05365","5028878.54790","-75.66204","45.39677","2017","6/19/2017","3:57:00 PM","01 - Clear","01 - Dry","02 - Stop sign","03 - At intersection","01 - Daylight","02 - Non-fatal injury","05 - Turning movement"
"386","ALTA VISTA DR @ SMYTH RD","370433.05035","5029081.55750","-75.66167","45.39860","2017","5/19/2017","2:58:00 PM","01 - Clear","01 - Dry","01 - Traffic signal","02 - Intersection related","01 - Daylight","02 - Non-fatal injury","03 - Rear end"
"387","ALTA VISTA DR @ SMYTH RD","370431.71256","5029082.22640","-75.66169","45.39860","2017","6/14/2017","4:46:00 PM","01 - Clear","01 - Dry","01 - Traffic signal","02 - Intersection related","01 - Daylight","03 - P.D. only","03 - Rear end"
"388","ALTA VISTA DR @ SMYTH RD","370433.99795","5029080.91647","-75.66166","45.39859","2017","8/16/2017","9:53:00 AM","01 - Clear","01 - Dry","01 - Traffic signal","02 - Intersection related","01 - Daylight","03 - P.D. only","03 - Rear end"
"389","ALTA VISTA DR @ SMYTH RD","370432.22981","5029082.10534","-75.66168","45.39860","2017","8/29/2017","12:07:00 PM","01 - Clear","01 - Dry","01 - Traffic signal","02 - Intersection related","01 - Daylight","03 - P.D. only","03 - Rear end"
"390","ALTA VISTA DR @ SMYTH RD","370432.71590","5029081.23852","-75.66168","45.39859","2017","7/28/2017","10:10:00 PM","01 - Clear","01 - Dry","01 - Traffic signal","03 - At intersection","07 - Dark","03 - P.D. only","05 - Turning movement"
"391","ALTA VISTA DR @ SMYTH RD","370431.76011","5029081.79645","-75.66169","45.39860","2017","9/10/2017","6:25:00 PM","01 - Clear","01 - Dry","01 - Traffic signal","03 - At intersection","01 - Daylight","03 - P.D. only","05 - Turning movement"
"392","ALTA VISTA DR @ SMYTH RD","370431.64766","5029083.03455","-75.66169","45.39861","2017","9/26/2017","10:05:00 AM","01 - Clear","01 - Dry","01 - Traffic signal","03 - At intersection","01 - Daylight","03 - P.D. only","05 - Turning movement"
"393","ALTA VISTA DR @ SMYTH RD","370432.38145","5029082.22640","-75.66168","45.39860","2017","10/30/2017","8:20:00 AM","02 - Rain","02 - Wet","01 - Traffic signal","03 - At intersection","01 - Daylight","03 - P.D. only","99 - Other"
"394","ALTA VISTA DR @ SMYTH RD","370435.10004","5029083.34503","-75.66165","45.39861","2017","12/12/2017","6:55:00 AM","03 - Snow","03 - Loose snow","01 - Traffic signal","03 - At intersection","07 - Dark","03 - P.D. only","05 - Turning movement"
"395","ALTA VISTA DR @ SMYTH RD","370431.71256","5029082.89529","-75.66169","45.39861","2017","11/12/2017","8:14:00 PM","01 - Clear","01 - Dry","01 - Traffic signal","03 - At intersection","07 - Dark","03 - P.D. only","05 - Turning movement"
"396","ALTA VISTA DR @ SMYTH RD","370431.96543","5029082.68320","-75.66169","45.39861","2017","1/13/2017","5:45:00 PM","01 - Clear","01 - Dry","01 - Traffic signal","03 - At intersection","07 - Dark","02 - Non-fatal injury","05 - Turning movement"
"397","ALTA VISTA DR @ SMYTH RD","370433.05035","5029080.88860","-75.66167","45.39859","2017","2/10/2017","5:58:00 PM","01 - Clear","01 - Dry","01 - Traffic signal","03 - At intersection","07 - Dark","03 - P.D. only","05 - Turning movement"
"398","ALTA VISTA DR @ SMYTH RD","370431.96543","5029081.55750","-75.66169","45.39860","2017","2/9/2017","5:43:00 PM","01 - Clear","01 - Dry","01 - Traffic signal","03 - At intersection","05 - Dusk","03 - P.D. only","05 - Turning movement"
"399","ALTA VISTA DR @ SMYTH RD","370432.38145","5029082.89529","-75.66168","45.39861","2017","4/6/2017","6:16:00 AM","01 - Clear","01 - Dry","01 - Traffic signal","03 - At intersection","01 - Daylight","02 - Non-fatal injury","05 - Turning movement"
"400","ALTA VISTA DR @ SMYTH RD","370431.71256","5029082.22640","-75.66169","45.39860","2017","3/8/2017","2:43:00 PM","01 - Clear","01 - Dry","01 - Traffic signal","03 - At intersection","01 - Daylight","02 - Non-fatal injury","02 - Angle"
"401","ALTA VISTA DR @ SMYTH RD","370433.71924","5029083.56419","-75.66166","45.39861","2017","2/22/2017","8:55:00 AM","01 - Clear","01 - Dry","01 - Traffic signal","03 - At intersection","01 - Daylight","03 - P.D. only","05 - Turning movement"
"402","ALTA VISTA DR @ SMYTH RD","370433.17525","5029081.70020","-75.66167","45.39860","2017","12/29/2017","12:58:00 PM","01 - Clear","01 - Dry","01 - Traffic signal","03 - At intersection","01 - Daylight","03 - P.D. only","05 - Turning movement"
"403","ALTA VISTA DR btwn AYERS AVE & RIDGEMONT AVE","370519.10781","5026482.64774","-75.66092","45.37520","2017","12/21/2017","2:05:00 PM","01 - Clear","01 - Dry","10 - No control","04 - At/near private drive","01 - Daylight","03 - P.D. only","03 - Rear end"
"404","ALTA VISTA DR btwn BANK ST & EDGE HILL PL","370324.74060","5026251.32317","-75.66343","45.37314","2017","7/24/2017","5:19:00 PM","01 - Clear","01 - Dry","10 - No control","04 - At/near private drive","01 - Daylight","03 - P.D. only","02 - Angle"
"405","ALTA VISTA DR btwn BANK ST & EDGE HILL PL","370313.89757","5026238.22257","-75.66357","45.37302","2017","2/21/2017","10:15:00 PM","01 - Clear","01 - Dry","10 - No control","04 - At/near private drive","07 - Dark","03 - P.D. only","02 - Angle"
"406","ALTA VISTA DR btwn CLONTARF AVE & RANDALL AVE","370401.23354","5027426.60141","-75.66230","45.38371","2017","11/11/2017","3:19:00 PM","01 - Clear","01 - Dry","10 - No control","01 - Non intersection","01 - Daylight","02 - Non-fatal injury","03 - Rear end"
"407","ALTA VISTA DR btwn CRESTVIEW RD & ROGER RD","370395.43956","5028847.36655","-75.66218","45.39649","2017","2/9/2017","12:00:00 AM","01 - Clear","01 - Dry","10 - No control","01 - Non intersection","00 - Unknown","03 - P.D. only","06 - SMV unattended vehicle"
"408","ALTA VISTA DR btwn DALE AVE & 75 S OF CALEDON ST","370703.38877","5030210.31933","-75.65807","45.40873","2017","6/8/2017","5:44:00 PM","01 - Clear","01 - Dry","10 - No control","04 - At/near private drive","01 - Daylight","03 - P.D. only","02 - Angle"
"409","ALTA VISTA DR btwn DALE AVE & 75 S OF CALEDON ST","370707.41626","5030223.18038","-75.65801","45.40884","2017","6/2/2017","7:40:00 AM","01 - Clear","01 - Dry","10 - No control","04 - At/near private drive","01 - Daylight","03 - P.D. only","99 - Other"
"410","ALTA VISTA DR btwn DALE AVE & 75 S OF CALEDON ST","370704.15052","5030219.14876","-75.65806","45.40881","2017","7/21/2017","4:02:00 PM","01 - Clear","01 - Dry","10 - No control","04 - At/near private drive","01 - Daylight","03 - P.D. only","02 - Angle"
"411","ALTA VISTA DR btwn KILBORN AVE & CAVENDISH RD","370353.88678","5027851.90081","-75.66285","45.38754","2017","8/29/2017","4:20:00 AM","01 - Clear","01 - Dry","10 - No control","01 - Non intersection","07 - Dark","03 - P.D. only","07 - SMV other"
"412","ALTA VISTA DR btwn KILBORN AVE & CAVENDISH RD","370354.68631","5027861.23810","-75.66283","45.38762","2017","3/6/2017","4:54:00 PM","02 - Rain","06 - Ice","10 - No control","01 - Non intersection","01 - Daylight","03 - P.D. only","03 - Rear end"
"413","ALTA VISTA DR btwn PALEN AVE & WESMAR DR","370426.59869","5027265.75978","-75.66200","45.38226","2017","9/9/2017","4:20:00 PM","01 - Clear","01 - Dry","10 - No control","01 - Non intersection","01 - Daylight","03 - P.D. only","03 - Rear end"
"414","ALTA VISTA DR btwn ROLLAND AVE & INDUSTRIAL AVE","370882.78993","5030539.49149","-75.65573","45.41167","2017","5/14/2017","9:57:00 PM","01 - Clear","01 - Dry","10 - No control","01 - Non intersection","07 - Dark","03 - P.D. only","06 - SMV unattended vehicle"
"415","ALTA VISTA DR btwn SMYTH RD & VALOUR DR","370413.80651","5029182.82192","-75.66190","45.39951","2017","11/21/2017","7:55:00 AM","01 - Clear","01 - Dry","10 - No control","01 - Non intersection","01 - Daylight","03 - P.D. only","01 - Approaching"
"416","ALTA VISTA DR btwn SMYTH RD & VALOUR DR","370419.00353","5029161.15616","-75.66184","45.39931","2017","3/17/2017","8:34:00 AM","01 - Clear","01 - Dry","10 - No control","01 - Non intersection","01 - Daylight","03 - P.D. only","03 - Rear end"
"417","ALTHA AVE @ MONTREAL RD","370623.21064","5033374.21667","-75.65867","45.43720","2017","1/27/2017","5:06:00 PM","03 - Snow","02 - Wet","02 - Stop sign","02 - Intersection related","05 - Dusk","03 - P.D. only","03 - Rear end"
"418","ALTHA AVE @ MONTREAL RD","370621.58248","5033374.62367","-75.65869","45.43721","2017","1/3/2017","5:56:00 PM","04 - Freezing Rain","04 - Slush","02 - Stop sign","03 - At intersection","07 - Dark","03 - P.D. only","02 - Angle"
"419","AMBASSADOR AVE @ CITY PARK DR","374194.22829","5032623.59625","-75.61314","45.43010","2017","11/2/2017","6:56:00 PM","02 - Rain","02 - Wet","02 - Stop sign","02 - Intersection related","07 - Dark","03 - P.D. only","02 - Angle"
"420","AMBERCREST ST btwn MEADOWCROFT CRES & END","372810.06656","5033048.54810","-75.63077","45.43406","2017","3/23/2017","12:00:00 AM","01 - Clear","01 - Dry","10 - No control","01 - Non intersection","00 - Unknown","03 - P.D. only","06 - SMV unattended vehicle"
"421","AMBERWOOD CRES @ EDENBROOK CRT","367087.94882","5020460.45178","-75.70548","45.32133","2017","12/18/2017","10:06:00 PM","03 - Snow","03 - Loose snow","10 - No control","02 - Intersection related","07 - Dark","03 - P.D. only","01 - Approaching"
"422","AMBERWOOD CRES @ MERIVALE RD","366410.70884","5020017.15120","-75.71417","45.31740","2017","6/1/2017","6:46:00 PM","02 - Rain","02 - Wet","01 - Traffic signal","02 - Intersection related","01 - Daylight","03 - P.D. only","03 - Rear end"
"423","AMBLESIDE DR @ NEW ORCHARD AVE","361267.76892","5026282.13875","-75.77905","45.37421","2017","5/4/2017","7:56:00 AM","01 - Clear","01 - Dry","03 - Yield sign","03 - At intersection","01 - Daylight","03 - P.D. only","02 - Angle"
"424","AMESBROOKE DR @ MAITLAND AVE","363769.83150","5025177.70458","-75.74724","45.36406","2017","10/25/2017","7:30:00 PM","01 - Clear","01 - Dry","02 - Stop sign","02 - Intersection related","07 - Dark","03 - P.D. only","04 - Sideswipe"
"425","AMIENS ST @ PRESTONE DR","382919.02612","5037525.32930","-75.50087","45.47328","2017","7/23/2017","4:30:00 PM","01 - Clear","01 - Dry","02 - Stop sign","03 - At intersection","01 - Daylight","03 - P.D. only","02 - Angle"
"426","AMIENS ST @ TENTH LINE RD","383352.39345","5037568.22490","-75.49532","45.47362","2017","5/1/2017","3:35:00 PM","02 - Rain","02 - Wet","01 - Traffic signal","02 - Intersection related","01 - Daylight","03 - P.D. only","99 - Other"
"427","AMIENS ST @ TENTH LINE RD","383352.72790","5037568.93496","-75.49532","45.47363","2017","11/7/2017","2:41:00 PM","01 - Clear","01 - Dry","01 - Traffic signal","02 - Intersection related","01 - Daylight","03 - P.D. only","05 - Turning movement"