"Record","Location","X","Y","Longitude","Latitude","Year","Date","Time","Environment","Road_Surface","Traffic_Control","Collision_Location","Light","Collision_Classification","Impact_type"
"428","AMIENS ST btwn PRESTONE DR & PRESTWICK DR","383028.12185","5037480.76665","-75.49948","45.47287","2017","6/6/2017","10:49:00 PM","01 - Clear","01 - Dry","10 - No control","01 - Non intersection","07 - Dark","02 - Non-fatal injury","01 - Approaching"
"429","AMIENS ST btwn PRESTONE DR & PRESTWICK DR","382974.87114","5037502.63575","-75.50016","45.47307","2017","5/9/2017","12:00:00 AM","01 - Clear","01 - Dry","10 - No control","01 - Non intersection","00 - Unknown","03 - P.D. only","06 - SMV unattended vehicle"
"430","ANALDEA DR/ WHITE ALDER AVE @ BANK ST","375698.08435","5020812.82040","-75.59562","45.32368","2017","6/23/2017","5:53:00 PM","02 - Rain","02 - Wet","01 - Traffic signal","02 - Intersection related","01 - Daylight","03 - P.D. only","03 - Rear end"
"431","ANALDEA DR/ WHITE ALDER AVE @ BANK ST","375696.22139","5020814.50830","-75.59564","45.32370","2017","5/27/2017","1:30:00 PM","01 - Clear","01 - Dry","01 - Traffic signal","02 - Intersection related","01 - Daylight","03 - P.D. only","03 - Rear end"
"432","ANALDEA DR/ WHITE ALDER AVE @ BANK ST","375697.86692","5020815.05959","-75.59562","45.32370","2017","9/1/2017","8:24:00 AM","01 - Clear","01 - Dry","01 - Traffic signal","02 - Intersection related","01 - Daylight","02 - Non-fatal injury","03 - Rear end"
"433","ANALDEA DR/ WHITE ALDER AVE @ BANK ST","375697.74990","5020813.72599","-75.59562","45.32369","2017","8/25/2017","5:00:00 PM","01 - Clear","01 - Dry","01 - Traffic signal","02 - Intersection related","01 - Daylight","03 - P.D. only","02 - Angle"
"434","ANALDEA DR/ WHITE ALDER AVE @ BANK ST","375696.85605","5020814.60662","-75.59563","45.32370","2017","9/8/2017","5:30:00 PM","02 - Rain","02 - Wet","01 - Traffic signal","02 - Intersection related","01 - Daylight","03 - P.D. only","03 - Rear end"
"435","ANALDEA DR/ WHITE ALDER AVE @ BANK ST","375697.27200","5020812.77245","-75.59563","45.32368","2017","12/12/2017","6:34:00 PM","03 - Snow","03 - Loose snow","01 - Traffic signal","02 - Intersection related","07 - Dark","03 - P.D. only","04 - Sideswipe"
"436","ANALDEA DR/ WHITE ALDER AVE @ BANK ST","375698.69665","5020813.25261","-75.59561","45.32369","2017","11/8/2017","10:48:00 AM","01 - Clear","01 - Dry","01 - Traffic signal","03 - At intersection","01 - Daylight","03 - P.D. only","03 - Rear end"
"437","ANALDEA DR/ WHITE ALDER AVE @ BANK ST","375698.08435","5020812.82040","-75.59562","45.32368","2017","3/18/2017","4:13:00 PM","01 - Clear","01 - Dry","01 - Traffic signal","03 - At intersection","01 - Daylight","03 - P.D. only","07 - SMV other"
"438","ANALDEA DR/ WHITE ALDER AVE @ BANK ST","375696.07766","5020814.15820","-75.59564","45.32370","2017","3/18/2017","10:31:00 AM","01 - Clear","01 - Dry","01 - Traffic signal","02 - Intersection related","01 - Daylight","02 - Non-fatal injury","03 - Rear end"
"439","ANAND PRIV btwn END & WALKLEY RD","370246.62700","5025799.81300","-75.66449","45.36909","2017","4/24/2017","12:58:00 PM","01 - Clear","01 - Dry","10 - No control","04 - At/near private drive","01 - Daylight","03 - P.D. only","02 - Angle"
"440","ANAND PRIV btwn END & WALKLEY RD","370230.44300","5025835.60300","-75.66469","45.36941","2017","9/23/2017","8:48:00 PM","01 - Clear","01 - Dry","10 - No control","04 - At/near private drive","07 - Dark","03 - P.D. only","02 - Angle"
"441","ANCASTER AVE @ RICHMOND RD","361485.51560","5026521.36780","-75.77624","45.37634","2017","10/6/2017","4:31:00 PM","01 - Clear","01 - Dry","02 - Stop sign","02 - Intersection related","01 - Daylight","02 - Non-fatal injury","03 - Rear end"
"442","ANDALUSIAN CRES btwn DANZIG TERR & WESTPHALIAN AVE","353352.67890","5015619.48880","-75.88114","45.27885","2017","2/23/2017","12:00:00 AM","01 - Clear","01 - Dry","10 - No control","01 - Non intersection","00 - Unknown","03 - P.D. only","06 - SMV unattended vehicle"
"443","ANDERSON RD @ DOLMAN RIDGE RD","378310.80275","5030274.77939","-75.56088","45.40855","2017","12/23/2017","3:34:00 PM","03 - Snow","05 - Packed snow","02 - Stop sign","02 - Intersection related","01 - Daylight","03 - P.D. only","01 - Approaching"
"444","ANDERSON RD @ EIGHTH LINE RD","381251.10845","5022942.83600","-75.52446","45.34227","2017","11/26/2017","8:05:00 PM","03 - Snow","03 - Loose snow","02 - Stop sign","02 - Intersection related","07 - Dark","03 - P.D. only","07 - SMV other"
"445","ANDERSON RD @ HWY 417 ANDERSON IC104R51","380169.18053","5025655.66756","-75.53785","45.36679","2017","11/2/2017","8:17:00 AM","02 - Rain","02 - Wet","02 - Stop sign","02 - Intersection related","01 - Daylight","03 - P.D. only","07 - SMV other"
"446","ANDERSON RD @ INNES RD","376281.07555","5031842.90169","-75.58658","45.42287","2017","4/26/2017","9:03:00 AM","01 - Clear","01 - Dry","01 - Traffic signal","02 - Intersection related","01 - Daylight","03 - P.D. only","03 - Rear end"
"447","ANDERSON RD @ INNES RD","376280.20562","5031840.22521","-75.58660","45.42284","2017","7/14/2017","5:41:00 PM","01 - Clear","01 - Dry","01 - Traffic signal","02 - Intersection related","01 - Daylight","03 - P.D. only","04 - Sideswipe"
"448","ANDERSON RD @ INNES RD","376281.48861","5031840.92953","-75.58658","45.42285","2017","6/29/2017","2:58:00 PM","02 - Rain","02 - Wet","01 - Traffic signal","02 - Intersection related","01 - Daylight","03 - P.D. only","03 - Rear end"
"449","ANDERSON RD @ INNES RD","376282.01702","5031842.52084","-75.58657","45.42286","2017","7/14/2017","6:19:00 AM","01 - Clear","01 - Dry","01 - Traffic signal","03 - At intersection","01 - Daylight","02 - Non-fatal injury","02 - Angle"
"450","ANDERSON RD @ INNES RD","376281.07555","5031842.23280","-75.58658","45.42286","2017","7/10/2017","8:45:00 AM","01 - Clear","01 - Dry","01 - Traffic signal","02 - Intersection related","01 - Daylight","03 - P.D. only","03 - Rear end"
"451","ANDERSON RD @ INNES RD","376279.73776","5031840.89500","-75.58660","45.42285","2017","10/30/2017","6:19:00 AM","02 - Rain","02 - Wet","01 - Traffic signal","03 - At intersection","03 - Dawn","02 - Non-fatal injury","05 - Turning movement"
"452","ANDERSON RD @ INNES RD","376279.84725","5031840.89351","-75.58660","45.42285","2017","9/20/2017","8:37:00 AM","01 - Clear","01 - Dry","01 - Traffic signal","02 - Intersection related","01 - Daylight","03 - P.D. only","03 - Rear end"
"453","ANDERSON RD @ INNES RD","376281.21900","5031841.80285","-75.58658","45.42286","2017","12/6/2017","7:32:00 PM","01 - Clear","01 - Dry","01 - Traffic signal","02 - Intersection related","07 - Dark","03 - P.D. only","03 - Rear end"
"454","ANDERSON RD @ INNES RD","376280.19465","5031841.56390","-75.58660","45.42286","2017","1/25/2017","12:50:00 PM","01 - Clear","01 - Dry","01 - Traffic signal","02 - Intersection related","01 - Daylight","02 - Non-fatal injury","03 - Rear end"
"455","ANDERSON RD @ INNES RD","376280.74110","5031841.18867","-75.58659","45.42285","2017","2/10/2017","7:29:00 AM","01 - Clear","06 - Ice","01 - Traffic signal","02 - Intersection related","01 - Daylight","03 - P.D. only","03 - Rear end"
"456","ANDERSON RD @ INNES RD","376282.17479","5031841.80285","-75.58657","45.42286","2017","12/19/2017","11:11:00 AM","03 - Snow","03 - Loose snow","01 - Traffic signal","03 - At intersection","01 - Daylight","03 - P.D. only","03 - Rear end"
"457","ANDERSON RD @ LEITRIM RD","380472.27316","5024908.12937","-75.53410","45.36003","2017","2/8/2017","8:53:00 AM","01 - Clear","02 - Wet","02 - Stop sign","02 - Intersection related","01 - Daylight","02 - Non-fatal injury","07 - SMV other"
"458","ANDERSON RD @ RIDGE RD","379029.29816","5028507.38409","-75.55197","45.39257","2017","8/7/2017","3:30:00 PM","01 - Clear","01 - Dry","02 - Stop sign","03 - At intersection","01 - Daylight","03 - P.D. only","02 - Angle"
"459","ANDERSON RD @ RIDGE RD","379030.09185","5028507.86330","-75.55196","45.39258","2017","2/4/2017","3:41:00 PM","01 - Clear","01 - Dry","02 - Stop sign","02 - Intersection related","01 - Daylight","03 - P.D. only","03 - Rear end"
"460","ANDERSON RD btwn DESJARDINS ST & WEIR RD","377667.74810","5031526.97267","-75.56891","45.41988","2017","5/7/2017","7:01:00 PM","01 - Clear","01 - Dry","10 - No control","01 - Non intersection","01 - Daylight","03 - P.D. only","04 - Sideswipe"
"461","ANDERSON RD btwn DESJARDINS ST & WEIR RD","377745.20019","5031508.74732","-75.56793","45.41971","2017","12/31/2017","7:30:00 PM","03 - Snow","03 - Loose snow","10 - No control","01 - Non intersection","07 - Dark","03 - P.D. only","07 - SMV other"
"462","ANDERSON RD btwn DOLMAN RIDGE RD & RIDGE RD","378769.48164","5029160.35299","-75.55519","45.39847","2017","10/7/2017","10:51:00 PM","01 - Clear","01 - Dry","10 - No control","01 - Non intersection","07 - Dark","02 - Non-fatal injury","01 - Approaching"
"463","ANDERSON RD btwn DOLMAN RIDGE RD & RIDGE RD","379012.32723","5028555.90650","-75.55218","45.39301","2017","9/8/2017","11:45:00 PM","01 - Clear","01 - Dry","10 - No control","01 - Non intersection","07 - Dark","03 - P.D. only","07 - SMV other"
"464","ANDERSON RD btwn DOLMAN RIDGE RD & RIDGE RD","378606.28068","5029559.83176","-75.55722","45.40209","2017","11/7/2017","5:31:00 PM","01 - Clear","01 - Dry","10 - No control","01 - Non intersection","07 - Dark","03 - P.D. only","07 - SMV other"
"465","ANDERSON RD btwn HWY417 IC104 RAMP51 & LEITRIM RD","380336.95663","5025244.01873","-75.53577","45.36307","2017","10/27/2017","12:00:00 AM","01 - Clear","01 - Dry","10 - No control","01 - Non intersection","07 - Dark","03 - P.D. only","07 - SMV other"
"466","ANDERSON RD btwn HWY417 IC104 RAMP51 & LEITRIM RD","380377.31196","5025132.03987","-75.53528","45.36206","2017","1/28/2017","2:25:00 AM","01 - Clear","01 - Dry","10 - No control","01 - Non intersection","07 - Dark","03 - P.D. only","07 - SMV other"
"467","ANDERSON RD btwn HWY417 IC104 RAMP51 & LEITRIM RD","380319.52484","5025281.31893","-75.53599","45.36341","2017","1/23/2017","11:30:00 AM","01 - Clear","01 - Dry","10 - No control","01 - Non intersection","01 - Daylight","03 - P.D. only","07 - SMV other"
"468","ANDERSON RD btwn INNES RD & DESJARDINS ST","376774.72103","5031611.46357","-75.58031","45.42074","2017","11/7/2017","8:52:00 PM","02 - Rain","02 - Wet","10 - No control","01 - Non intersection","07 - Dark","02 - Non-fatal injury","07 - SMV other"
"469","ANDERSON RD btwn INNES RD & DESJARDINS ST","377490.40771","5031576.64935","-75.57117","45.42035","2017","11/5/2017","5:34:00 AM","02 - Rain","02 - Wet","10 - No control","01 - Non intersection","07 - Dark","03 - P.D. only","07 - SMV other"
"470","ANDERSON RD btwn INNES RD & DESJARDINS ST","376667.62822","5031603.84375","-75.58168","45.42068","2017","12/15/2017","3:50:00 PM","03 - Snow","03 - Loose snow","10 - No control","01 - Non intersection","01 - Daylight","03 - P.D. only","07 - SMV other"
"471","ANDERSON RD btwn RUSSELL RD & HWY417 IC104 RAMP61","379786.81391","5026610.69980","-75.54259","45.37543","2017","9/1/2017","9:18:00 PM","01 - Clear","01 - Dry","10 - No control","01 - Non intersection","07 - Dark","03 - P.D. only","07 - SMV other"
"472","ANDERSON RD btwn RUSSELL RD & HWY417 IC104 RAMP61","379937.96023","5026234.61794","-75.54072","45.37203","2017","9/16/2017","2:59:00 AM","01 - Clear","01 - Dry","10 - No control","01 - Non intersection","07 - Dark","03 - P.D. only","07 - SMV other"
"473","ANDERSON RD btwn WEIR RD & DOLMAN RIDGE RD","377927.26484","5031135.82727","-75.56566","45.41634","2017","8/12/2017","1:14:00 PM","01 - Clear","01 - Dry","10 - No control","04 - At/near private drive","01 - Daylight","02 - Non-fatal injury","05 - Turning movement"
"474","ANDERSON RD btwn WEIR RD & DOLMAN RIDGE RD","377886.06560","5031228.66306","-75.56617","45.41718","2017","1/27/2017","6:09:00 PM","05 - Drifting Snow","03 - Loose snow","10 - No control","01 - Non intersection","07 - Dark","03 - P.D. only","07 - SMV other"
"475","ANDERSON RD/WEIR RD @ RENAUD RD","377767.29714","5031502.43390","-75.56764","45.41965","2017","11/7/2017","11:46:00 PM","01 - Clear","01 - Dry","11 - Roundabout","03 - At intersection","07 - Dark","03 - P.D. only","07 - SMV other"
"476","ANDERSON RD/WEIR RD @ RENAUD RD","377768.08255","5031503.56130","-75.56763","45.41966","2017","11/4/2017","6:40:00 PM","01 - Clear","02 - Wet","11 - Roundabout","02 - Intersection related","07 - Dark","03 - P.D. only","07 - SMV other"
"477","ANDERSON RD/WEIR RD @ RENAUD RD","377768.49857","5031503.93653","-75.56763","45.41966","2017","2/22/2017","3:14:00 PM","01 - Clear","01 - Dry","11 - Roundabout","02 - Intersection related","01 - Daylight","03 - P.D. only","03 - Rear end"
"478","ANDERSON RD/WEIR RD @ RENAUD RD","377766.74476","5031503.56130","-75.56765","45.41966","2017","4/10/2017","5:30:00 PM","02 - Rain","02 - Wet","11 - Roundabout","03 - At intersection","01 - Daylight","03 - P.D. only","07 - SMV other"
"479","ANDERSON ST @ PRESTON ST","366360.36785","5030007.91459","-75.71357","45.40730","2017","5/2/2017","5:03:00 PM","01 - Clear","01 - Dry","02 - Stop sign","02 - Intersection related","01 - Daylight","03 - P.D. only","06 - SMV unattended vehicle"
"480","ANDERSON ST @ PRESTON ST","366360.67691","5030006.85998","-75.71357","45.40729","2017","10/13/2017","4:15:00 PM","01 - Clear","01 - Dry","02 - Stop sign","02 - Intersection related","01 - Daylight","03 - P.D. only","01 - Approaching"
"481","ANDERSON ST @ PRESTON ST","366360.36785","5030006.57680","-75.71357","45.40729","2017","2/11/2017","9:25:00 AM","01 - Clear","01 - Dry","02 - Stop sign","02 - Intersection related","01 - Daylight","03 - P.D. only","05 - Turning movement"
"482","ANDRE AUDET AVE @ DUNDONALD DR","364934.61700","5012032.69100","-75.73397","45.24569","2017","12/1/2017","1:51:00 PM","01 - Clear","01 - Dry","02 - Stop sign","03 - At intersection","01 - Daylight","03 - P.D. only","02 - Angle"
"483","ANGLEHART AVE btwn WOODHAVEN HGTS & DES ARBRES ST","383042.92660","5036153.77449","-75.49951","45.46093","2017","9/15/2017","8:53:00 PM","01 - Clear","01 - Dry","10 - No control","01 - Non intersection","07 - Dark","03 - P.D. only","06 - SMV unattended vehicle"
"484","ANJANA CIRC btwn MOFFATT POND CRT & TARTARUGA LANE","361655.01662","5013934.78675","-75.77552","45.26307","2017","4/13/2017","11:26:00 AM","01 - Clear","01 - Dry","10 - No control","04 - At/near private drive","01 - Daylight","03 - P.D. only","02 - Angle"
"485","ANN ST @ TIGHE ST","368787.11992","5009762.62899","-75.68519","45.22492","2017","8/24/2017","12:00:00 AM","01 - Clear","01 - Dry","02 - Stop sign","02 - Intersection related","00 - Unknown","03 - P.D. only","06 - SMV unattended vehicle"
"486","ANNA AVE @ CARLING AVE","365198.17540","5027892.79165","-75.72868","45.38837","2017","10/24/2017","6:59:00 AM","02 - Rain","02 - Wet","02 - Stop sign","02 - Intersection related","07 - Dark","02 - Non-fatal injury","07 - SMV other"
"487","ANNA AVE @ CARLING AVE","365197.69750","5027891.35796","-75.72868","45.38836","2017","11/2/2017","7:28:00 AM","02 - Rain","02 - Wet","02 - Stop sign","02 - Intersection related","03 - Dawn","03 - P.D. only","03 - Rear end"
"488","ANTARES DR btwn AURIGA DR & WEST HUNT CLUB RD","367063.68763","5022053.09933","-75.70559","45.33566","2017","9/28/2017","4:48:00 PM","01 - Clear","01 - Dry","10 - No control","01 - Non intersection","01 - Daylight","03 - P.D. only","03 - Rear end"
"489","ANTARES DR btwn CAPELLA CRT & AURIGA DR (1)","366769.17016","5021541.13348","-75.70941","45.33108","2017","1/4/2017","10:45:00 AM","01 - Clear","04 - Slush","10 - No control","04 - At/near private drive","01 - Daylight","03 - P.D. only","02 - Angle"
"490","ANTIGONISH AVE @ OLD MONTREAL RD","384866.47890","5039358.57700","-75.47567","45.48956","2017","12/23/2017","3:33:00 PM","03 - Snow","03 - Loose snow","02 - Stop sign","03 - At intersection","01 - Daylight","03 - P.D. only","02 - Angle"
"491","ANTOCHI LANE @ MANOTICK MAIN ST","369646.94740","5009133.88804","-75.67432","45.21918","2017","7/27/2017","9:30:00 AM","01 - Clear","01 - Dry","02 - Stop sign","02 - Intersection related","01 - Daylight","03 - P.D. only","03 - Rear end"
"492","ANTOCHI LANE @ MANOTICK MAIN ST","369646.68035","5009135.39180","-75.67432","45.21920","2017","2/14/2017","10:46:00 PM","03 - Snow","03 - Loose snow","02 - Stop sign","02 - Intersection related","07 - Dark","03 - P.D. only","07 - SMV other"
"493","APPLE HILL DR @ SIEVERIGHT AVE","372436.71698","5024313.08927","-75.63673","45.35550","2017","1/5/2017","5:05:00 PM","01 - Clear","06 - Ice","02 - Stop sign","02 - Intersection related","05 - Dusk","03 - P.D. only","03 - Rear end"
"494","APPLE ORCHARD RD @ MANOTICK STATION RD","374363.73576","5011410.09020","-75.61395","45.23921","2017","5/11/2017","6:07:00 PM","01 - Clear","01 - Dry","02 - Stop sign","03 - At intersection","01 - Daylight","02 - Non-fatal injury","03 - Rear end"
"495","APPLE ORCHARD RD @ STAGECOACH RD","376240.08965","5012602.75770","-75.58988","45.24976","2017","10/7/2017","1:54:00 PM","01 - Clear","01 - Dry","02 - Stop sign","03 - At intersection","01 - Daylight","02 - Non-fatal injury","02 - Angle"
"496","APPLEFORD ST @ CROWNHILL ST","374698.08876","5033713.13105","-75.60654","45.43986","2017","1/30/2017","7:42:00 AM","01 - Clear","06 - Ice","02 - Stop sign","03 - At intersection","03 - Dawn","03 - P.D. only","02 - Angle"
"497","APPLEFORD ST @ ELMRIDGE DR","374956.73454","5033815.25330","-75.60322","45.44075","2017","6/18/2017","12:19:00 PM","02 - Rain","02 - Wet","02 - Stop sign","03 - At intersection","01 - Daylight","02 - Non-fatal injury","05 - Turning movement"
"498","APPLETON DR @ MEADOWBROOK RD","374929.06885","5032231.89929","-75.60380","45.42651","2017","3/20/2017","9:09:00 AM","01 - Clear","01 - Dry","02 - Stop sign","03 - At intersection","01 - Daylight","03 - P.D. only","05 - Turning movement"
"499","AQUAVIEW DR @ BRIAN COBURN BLVD","384776.73902","5035181.94233","-75.47750","45.45199","2017","4/24/2017","8:15:00 AM","01 - Clear","01 - Dry","02 - Stop sign","03 - At intersection","01 - Daylight","03 - P.D. only","02 - Angle"
"500","AQUAVIEW DR @ BRIAN COBURN BLVD","384775.75716","5035179.37716","-75.47751","45.45197","2017","11/26/2017","4:52:00 AM","03 - Snow","06 - Ice","02 - Stop sign","02 - Intersection related","07 - Dark","03 - P.D. only","07 - SMV other"
"501","AQUAVIEW DR @ ESPRIT DR","384967.93875","5035746.36090","-75.47496","45.45705","2017","1/4/2017","7:36:00 PM","03 - Snow","03 - Loose snow","02 - Stop sign","03 - At intersection","07 - Dark","03 - P.D. only","02 - Angle"
"502","AQUAVIEW DR btwn BEAUCACHE PRIV & BLACKBURN BYPS","384754.95881","5035223.72797","-75.47777","45.45237","2017","7/9/2017","8:18:00 PM","01 - Clear","01 - Dry","10 - No control","01 - Non intersection","05 - Dusk","02 - Non-fatal injury","04 - Sideswipe"
"503","AQUAVIEW DR btwn LAVOIE ST & SCHUBERT CIRC","385293.12324","5035837.64294","-75.47079","45.45783","2017","3/31/2017","5:30:00 PM","03 - Snow","04 - Slush","10 - No control","01 - Non intersection","01 - Daylight","03 - P.D. only","06 - SMV unattended vehicle"
"504","ARBEATHA ST @ ARNOLD DR","357685.65354","5019639.13821","-75.82549","45.31471","2017","11/19/2017","11:32:00 AM","02 - Rain","03 - Loose snow","03 - Yield sign","02 - Intersection related","01 - Daylight","03 - P.D. only","07 - SMV other"
"505","ARCH ST @ CANTERBURY AVE","372876.18316","5028056.35251","-75.63061","45.38914","2017","10/4/2017","9:21:00 PM","01 - Clear","02 - Wet","02 - Stop sign","02 - Intersection related","07 - Dark","03 - P.D. only","03 - Rear end"
"506","ARCH ST @ CHAPMAN BLVD","372782.73334","5028923.54220","-75.63168","45.39695","2017","3/14/2017","12:25:00 PM","03 - Snow","02 - Wet","02 - Stop sign","03 - At intersection","01 - Daylight","02 - Non-fatal injury","02 - Angle"
"507","ARCH ST btwn FLEMING AVE & CANTERBURY AVE","372865.19923","5028178.15295","-75.63073","45.39024","2017","2/10/2017","9:29:00 PM","03 - Snow","03 - Loose snow","10 - No control","04 - At/near private drive","07 - Dark","03 - P.D. only","05 - Turning movement"
"508","ARDMORE ST btwn EARNSCLIFFE GROVE & GUERNSEY PL","367939.35410","5014186.17770","-75.69542","45.26480","2017","2/23/2017","8:30:00 AM","01 - Clear","02 - Wet","10 - No control","01 - Non intersection","01 - Daylight","03 - P.D. only","06 - SMV unattended vehicle"
"509","ARENA PL @ BANK ST","375400.26123","5021518.54882","-75.59931","45.33006","2017","10/11/2017","7:00:00 AM","01 - Clear","01 - Dry","02 - Stop sign","02 - Intersection related","03 - Dawn","02 - Non-fatal injury","02 - Angle"
"510","ARENA PL @ BANK ST","375400.00223","5021520.61310","-75.59932","45.33008","2017","1/19/2017","7:39:00 AM","01 - Clear","02 - Wet","02 - Stop sign","02 - Intersection related","03 - Dawn","03 - P.D. only","02 - Angle"
"511","ARGYLE AVE @ O'CONNOR ST","368185.04525","5030484.90410","-75.69020","45.41143","2017","4/27/2017","3:10:00 PM","01 - Clear","01 - Dry","01 - Traffic signal","03 - At intersection","01 - Daylight","02 - Non-fatal injury","05 - Turning movement"
"512","ARGYLE AVE @ O'CONNOR ST","368186.38304","5030485.57300","-75.69018","45.41144","2017","5/5/2017","8:47:00 PM","02 - Rain","02 - Wet","01 - Traffic signal","03 - At intersection","07 - Dark","03 - P.D. only","02 - Angle"
"513","ARGYLE AVE @ O'CONNOR ST","368185.59635","5030485.34778","-75.69019","45.41143","2017","9/1/2017","12:00:00 AM","01 - Clear","01 - Dry","01 - Traffic signal","02 - Intersection related","00 - Unknown","03 - P.D. only","06 - SMV unattended vehicle"
"514","ARGYLE AVE @ O'CONNOR ST","368185.71414","5030484.90410","-75.69019","45.41143","2017","11/13/2017","5:30:00 PM","01 - Clear","01 - Dry","01 - Traffic signal","03 - At intersection","07 - Dark","02 - Non-fatal injury","05 - Turning movement"
"515","ARGYLE AVE btwn ELGIN ST & CARTIER ST","368515.00341","5030647.63766","-75.68597","45.41286","2017","2/4/2017","12:30:00 AM","01 - Clear","01 - Dry","10 - No control","01 - Non intersection","07 - Dark","03 - P.D. only","06 - SMV unattended vehicle"
"516","ARGYLE AVE btwn METCALFE ST & METCALFE ST","368374.71431","5030599.67558","-75.68776","45.41245","2017","8/20/2017","10:45:00 AM","01 - Clear","01 - Dry","10 - No control","04 - At/near private drive","01 - Daylight","03 - P.D. only","05 - Turning movement"
"517","ARGYLE AVE btwn O'CONNOR ST & METCALFE ST","368223.94527","5030509.11368","-75.68970","45.41164","2017","1/9/2017","3:48:00 PM","01 - Clear","06 - Ice","10 - No control","01 - Non intersection","01 - Daylight","03 - P.D. only","06 - SMV unattended vehicle"
"518","ARGYLE AVE S @ ELGIN ST","368509.05236","5030646.25944","-75.68604","45.41285","2017","2/11/2017","5:00:00 AM","03 - Snow","05 - Packed snow","02 - Stop sign","03 - At intersection","07 - Dark","03 - P.D. only","02 - Angle"
"519","ARGYLE AVE S @ ELGIN ST","368509.77732","5030645.35125","-75.68603","45.41284","2017","1/18/2017","2:17:00 PM","03 - Snow","05 - Packed snow","02 - Stop sign","02 - Intersection related","01 - Daylight","03 - P.D. only","03 - Rear end"
"520","ARGYLE AVE W @ METCALFE ST","368338.11230","5030579.17477","-75.68823","45.41226","2017","7/12/2017","11:30:00 PM","02 - Rain","02 - Wet","01 - Traffic signal","03 - At intersection","07 - Dark","02 - Non-fatal injury","07 - SMV other"
"521","ARGYLE AVE W @ METCALFE ST","368336.71376","5030579.90979","-75.68825","45.41227","2017","3/6/2017","6:56:00 PM","04 - Freezing Rain","06 - Ice","01 - Traffic signal","03 - At intersection","07 - Dark","03 - P.D. only","04 - Sideswipe"
"522","ARLINGTON AVE @ BANK ST","368006.36935","5030344.90060","-75.69250","45.41019","2017","11/14/2017","5:11:00 PM","01 - Clear","01 - Dry","02 - Stop sign","02 - Intersection related","07 - Dark","02 - Non-fatal injury","07 - SMV other"
"523","ARLINGTON AVE @ BANK ST","368005.70046","5030344.23171","-75.69251","45.41018","2017","3/2/2017","2:53:00 PM","01 - Clear","01 - Dry","02 - Stop sign","02 - Intersection related","01 - Daylight","03 - P.D. only","03 - Rear end"
"524","ARLINGTON AVE @ BOOTH ST","366831.03186","5029702.89860","-75.70760","45.40451","2017","4/18/2017","9:00:00 PM","01 - Clear","01 - Dry","02 - Stop sign","02 - Intersection related","07 - Dark","03 - P.D. only","03 - Rear end"
"525","ARLINGTON AVE @ BRONSON AVE","367222.19990","5029867.56340","-75.70258","45.40596","2017","6/5/2017","6:01:00 PM","01 - Clear","01 - Dry","01 - Traffic signal","02 - Intersection related","01 - Daylight","03 - P.D. only","03 - Rear end"
"526","ARLINGTON AVE @ BRONSON AVE","367222.37495","5029868.90119","-75.70258","45.40597","2017","5/23/2017","7:42:00 PM","01 - Clear","01 - Dry","01 - Traffic signal","03 - At intersection","01 - Daylight","02 - Non-fatal injury","02 - Angle"
"527","ARLINGTON AVE @ BRONSON AVE","367223.04385","5029866.22561","-75.70257","45.40595","2017","6/30/2017","3:33:00 PM","02 - Rain","02 - Wet","01 - Traffic signal","02 - Intersection related","01 - Daylight","03 - P.D. only","03 - Rear end"
"528","ARLINGTON AVE @ BRONSON AVE","367222.87555","5029868.21153","-75.70257","45.40597","2017","12/14/2017","1:50:00 PM","03 - Snow","04 - Slush","01 - Traffic signal","02 - Intersection related","01 - Daylight","03 - P.D. only","02 - Angle"
"529","ARLINGTON AVE @ BRONSON AVE","367223.45987","5029868.68910","-75.70256","45.40597","2017","1/8/2017","12:33:00 PM","01 - Clear","01 - Dry","01 - Traffic signal","03 - At intersection","01 - Daylight","03 - P.D. only","05 - Turning movement"
"530","ARLINGTON AVE @ BRONSON AVE","367222.37495","5029866.22561","-75.70258","45.40595","2017","3/10/2017","12:42:00 PM","01 - Clear","01 - Dry","01 - Traffic signal","03 - At intersection","01 - Daylight","03 - P.D. only","05 - Turning movement"
"531","ARLINGTON AVE @ KENT ST","367869.34746","5030257.88998","-75.69426","45.40942","2017","8/1/2017","3:25:00 PM","01 - Clear","01 - Dry","01 - Traffic signal","03 - At intersection","01 - Daylight","03 - P.D. only","05 - Turning movement"
"532","ARLINGTON AVE @ KENT ST","367867.63855","5030257.83874","-75.69429","45.40942","2017","7/22/2017","7:46:00 PM","01 - Clear","01 - Dry","01 - Traffic signal","02 - Intersection related","01 - Daylight","03 - P.D. only","04 - Sideswipe"
"533","ARLINGTON AVE @ KENT ST","367868.70950","5030258.11745","-75.69427","45.40942","2017","9/22/2017","2:30:00 PM","01 - Clear","01 - Dry","01 - Traffic signal","03 - At intersection","01 - Daylight","03 - P.D. only","04 - Sideswipe"
"534","ARLINGTON AVE @ KENT ST","367868.37505","5030258.23990","-75.69428","45.40942","2017","2/8/2017","1:49:00 PM","01 - Clear","01 - Dry","01 - Traffic signal","03 - At intersection","01 - Daylight","03 - P.D. only","02 - Angle"
"535","ARLINGTON AVE @ KENT ST","367871.17864","5030255.10186","-75.69424","45.40939","2017","2/14/2017","6:32:00 PM","01 - Clear","03 - Loose snow","01 - Traffic signal","02 - Intersection related","07 - Dark","03 - P.D. only","04 - Sideswipe"