"Record","Location","X","Y","Longitude","Latitude","Year","Date","Time","Environment","Road_Surface","Traffic_Control","Collision_Location","Light","Collision_Classification","Impact_type"
"536","ARLINGTON AVE @ KENT ST","367867.18099","5030258.59000","-75.69429","45.40942","2017","3/29/2017","6:53:00 PM","01 - Clear","01 - Dry","01 - Traffic signal","02 - Intersection related","07 - Dark","03 - P.D. only","04 - Sideswipe"
"537","ARLINGTON AVE @ KENT ST","367869.04395","5030255.56431","-75.69427","45.40939","2017","3/11/2017","8:46:00 AM","01 - Clear","01 - Dry","01 - Traffic signal","03 - At intersection","01 - Daylight","03 - P.D. only","05 - Turning movement"
"538","ARLINGTON AVE btwn ARTHUR LANE N & CAMBRIDGE ST N","367106.77400","5029818.80970","-75.70406","45.40553","2017","6/28/2017","7:56:00 PM","01 - Clear","01 - Dry","10 - No control","01 - Non intersection","01 - Daylight","03 - P.D. only","04 - Sideswipe"
"539","ARLINGTON AVE btwn BOOTH ST & LEBRETON ST N","366836.70526","5029705.57520","-75.70752","45.40454","2017","9/24/2017","12:00:00 AM","01 - Clear","01 - Dry","10 - No control","01 - Non intersection","00 - Unknown","03 - P.D. only","06 - SMV unattended vehicle"
"540","ARLINGTON AVE btwn KENT ST & BANK ST","367964.08085","5030319.33999","-75.69305","45.40996","2017","10/12/2017","5:56:00 PM","01 - Clear","01 - Dry","10 - No control","01 - Non intersection","01 - Daylight","03 - P.D. only","04 - Sideswipe"
"541","ARMAGH WAY @ WOODFORD WAY","365039.36655","5017137.45440","-75.73201","45.29161","2017","3/1/2017","5:36:00 PM","02 - Rain","02 - Wet","03 - Yield sign","03 - At intersection","01 - Daylight","03 - P.D. only","02 - Angle"
"542","ARMSTRONG ST @ BAYVIEW RD","365685.55871","5030021.27106","-75.72219","45.40748","2017","7/27/2017","5:39:00 PM","01 - Clear","01 - Dry","02 - Stop sign","03 - At intersection","01 - Daylight","03 - P.D. only","05 - Turning movement"
"543","ARMSTRONG ST @ GARLAND ST","365582.94363","5029876.43860","-75.72352","45.40619","2017","2/10/2017","12:25:00 PM","01 - Clear","06 - Ice","","02 - Intersection related","01 - Daylight","03 - P.D. only","07 - SMV other"
"544","ARMSTRONG ST @ PINHEY ST","365407.69181","5029608.72841","-75.72579","45.40379","2017","1/21/2017","1:31:00 PM","01 - Clear","02 - Wet","02 - Stop sign","03 - At intersection","01 - Daylight","03 - P.D. only","02 - Angle"
"545","ARMSTRONG ST btwn MERTON ST & GARLAND ST","365568.54617","5029853.65897","-75.72370","45.40598","2017","10/26/2017","12:00:00 AM","01 - Clear","01 - Dry","10 - No control","01 - Non intersection","00 - Unknown","03 - P.D. only","06 - SMV unattended vehicle"
"546","ARMSTRONG ST btwn MERTON ST & GARLAND ST","365545.94716","5029819.16939","-75.72400","45.40567","2017","2/13/2017","9:40:00 AM","01 - Clear","01 - Dry","10 - No control","04 - At/near private drive","01 - Daylight","03 - P.D. only","99 - Other"
"547","ARNOT RD @ DYNES RD","366596.37695","5025576.19790","-75.71111","45.36740","2017","12/4/2017","3:18:00 PM","01 - Clear","01 - Dry","02 - Stop sign","03 - At intersection","01 - Daylight","02 - Non-fatal injury","06 - SMV unattended vehicle"
"548","ARNOT RD btwn FISHER AVE & DYNES RD","366369.92573","5025670.93601","-75.71399","45.36828","2017","3/31/2017","4:11:00 PM","01 - Clear","01 - Dry","10 - No control","01 - Non intersection","01 - Daylight","03 - P.D. only","04 - Sideswipe"
"549","ARROWGRASS WAY btwn MONTMERE AVE & LINARIA WALK","386567.56916","5036419.91216","-75.45440","45.46292","2017","3/16/2017","5:56:00 PM","01 - Clear","05 - Packed snow","10 - No control","04 - At/near private drive","01 - Daylight","03 - P.D. only","06 - SMV unattended vehicle"
"550","ARTHUR ST @ SOMERSET ST","366831.37394","5030390.89510","-75.70751","45.41071","2017","5/18/2017","9:25:00 PM","01 - Clear","01 - Dry","01 - Traffic signal","03 - At intersection","07 - Dark","02 - Non-fatal injury","07 - SMV other"
"551","ARTHUR ST @ SOMERSET ST","366830.17507","5030391.32731","-75.70752","45.41071","2017","10/11/2017","5:57:00 PM","01 - Clear","01 - Dry","01 - Traffic signal","02 - Intersection related","07 - Dark","03 - P.D. only","04 - Sideswipe"
"552","ARTHUR ST @ SOMERSET ST","366829.70170","5030391.34825","-75.70753","45.41071","2017","11/6/2017","7:50:00 PM","01 - Clear","01 - Dry","01 - Traffic signal","02 - Intersection related","07 - Dark","03 - P.D. only","05 - Turning movement"
"553","ASH LANE @ DRIVEWAY (THE)","365993.19152","5027598.58436","-75.71856","45.38565","2017","12/20/2017","5:18:00 PM","01 - Clear","03 - Loose snow","02 - Stop sign","02 - Intersection related","07 - Dark","02 - Non-fatal injury","03 - Rear end"
"554","ASHGROVE CRES btwn MOORCROFT RD & PARKFIELD CRES","361501.13238","5022089.50754","-75.77655","45.33646","2017","7/8/2017","12:45:00 PM","01 - Clear","01 - Dry","10 - No control","01 - Non intersection","01 - Daylight","03 - P.D. only","06 - SMV unattended vehicle"
"555","ASHTON STATION RD @ HIGHWAY 7","339964.54513","5003788.02208","-76.05262","45.17319","2017","12/22/2017","2:07:00 PM","01 - Clear","05 - Packed snow","02 - Stop sign","02 - Intersection related","01 - Daylight","03 - P.D. only","99 - Other"
"556","ASHTON STATION RD @ HIGHWAY 7","339956.86023","5003795.44721","-76.05272","45.17325","2017","4/16/2017","5:52:00 AM","01 - Clear","01 - Dry","02 - Stop sign","02 - Intersection related","03 - Dawn","03 - P.D. only","07 - SMV other"
"557","ASHTON STATION RD btwn DOUGLAS SIDE RD(BECKWITH TWP) & OVERPASS RD","339605.46965","5004208.07735","-76.05716","45.17698","2017","9/11/2017","6:59:00 AM","01 - Clear","01 - Dry","10 - No control","01 - Non intersection","01 - Daylight","03 - P.D. only","07 - SMV other"
"558","ASHTON STATION RD btwn DOUGLAS SIDE RD(BECKWITH TWP) & OVERPASS RD","339664.52352","5004135.33161","-76.05641","45.17633","2017","10/29/2017","6:18:00 PM","02 - Rain","02 - Wet","10 - No control","01 - Non intersection","07 - Dark","03 - P.D. only","07 - SMV other"
"559","ASHTON STATION RD btwn FRANKTOWN RD & KING'S CREEK RD(BECKWITH TWP)","346784.70390","4995903.74278","-75.96652","45.10186","2017","1/23/2017","5:29:00 AM","04 - Freezing Rain","06 - Ice","10 - No control","01 - Non intersection","07 - Dark","03 - P.D. only","07 - SMV other"
"560","ASHTON STATION RD btwn MALLOCH LANE & COPELAND RD","344722.47247","4998280.18392","-75.99253","45.12337","2017","2/4/2017","12:00:00 PM","01 - Clear","06 - Ice","10 - No control","01 - Non intersection","01 - Daylight","03 - P.D. only","07 - SMV other"
"561","ASHTON STATION RD btwn OLD MILL RD (BECKWITH TWP) & ORMROD RD","341523.59063","5001995.73450","-76.03292","45.15698","2017","6/11/2017","10:51:00 PM","01 - Clear","01 - Dry","10 - No control","01 - Non intersection","07 - Dark","03 - P.D. only","03 - Rear end"
"562","ASHWOOD CRES @ MEADOWLANDS DR","364688.17737","5023631.79134","-75.73570","45.35007","2017","12/21/2017","12:30:00 PM","01 - Clear","01 - Dry","02 - Stop sign","02 - Intersection related","01 - Daylight","03 - P.D. only","03 - Rear end"
"563","ASPER TRAIL CIR btwn ASPER TRAIL CIR & RIVERTREE ST","356078.94870","5015414.18680","-75.84642","45.27681","2017","7/3/2017","2:00:00 PM","01 - Clear","01 - Dry","10 - No control","04 - At/near private drive","01 - Daylight","03 - P.D. only","06 - SMV unattended vehicle"
"564","ASPER TRAIL CIR btwn ASPER TRAIL CIR & RIVERTREE ST","356098.57840","5015425.97180","-75.84617","45.27692","2017","2/9/2017","5:47:00 PM","05 - Drifting Snow","02 - Wet","10 - No control","01 - Non intersection","05 - Dusk","03 - P.D. only","06 - SMV unattended vehicle"
"565","ASSALY RD @ REGINA ST","360661.34855","5025600.53789","-75.78687","45.36812","2017","4/26/2017","11:28:00 AM","01 - Clear","01 - Dry","02 - Stop sign","03 - At intersection","01 - Daylight","03 - P.D. only","04 - Sideswipe"
"566","ASSALY RD @ RICHMOND RD","360729.24240","5025529.61325","-75.78601","45.36748","2017","8/20/2017","11:40:00 AM","01 - Clear","01 - Dry","01 - Traffic signal","02 - Intersection related","01 - Daylight","03 - P.D. only","02 - Angle"
"567","ASSALY RD @ RICHMOND RD","360729.67390","5025529.76907","-75.78600","45.36748","2017","2/21/2017","5:45:00 PM","02 - Rain","02 - Wet","01 - Traffic signal","02 - Intersection related","07 - Dark","03 - P.D. only","06 - SMV unattended vehicle"
"568","ASSINIBOINE DR btwn REDPINE DR & CHESTERTON DR","365631.27366","5023532.07265","-75.72368","45.34910","2017","2/16/2017","12:26:00 PM","01 - Clear","05 - Packed snow","10 - No control","01 - Non intersection","01 - Daylight","03 - P.D. only","01 - Approaching"
"569","ASTELIA CRES btwn SANTOLINA ST & SANTOLINA ST","349861.88550","5016161.08690","-75.92559","45.28396","2017","7/15/2017","12:00:00 AM","01 - Clear","01 - Dry","10 - No control","01 - Non intersection","00 - Unknown","03 - P.D. only","06 - SMV unattended vehicle"
"570","ASTERVALE ST @ SWEETFERN CRES","384686.03180","5034232.31600","-75.47881","45.44346","2017","12/27/2017","12:40:00 PM","01 - Clear","02 - Wet","02 - Stop sign","02 - Intersection related","01 - Daylight","03 - P.D. only","02 - Angle"
"571","ASTORIA CRES @ STONEWAY DR","366342.69620","5016245.97936","-75.71551","45.28347","2017","2/18/2017","6:52:00 PM","01 - Clear","01 - Dry","02 - Stop sign","02 - Intersection related","07 - Dark","03 - P.D. only","04 - Sideswipe"
"572","ASTURCON ST @ LIVERY ST","352651.39810","5015239.66190","-75.89012","45.27549","2017","3/7/2017","8:36:00 AM","04 - Freezing Rain","06 - Ice","02 - Stop sign","03 - At intersection","01 - Daylight","03 - P.D. only","02 - Angle"
"573","ASTURCON ST @ LIVERY ST","352651.39810","5015239.66190","-75.89012","45.27549","2017","3/7/2017","8:24:00 AM","04 - Freezing Rain","06 - Ice","02 - Stop sign","03 - At intersection","01 - Daylight","03 - P.D. only","02 - Angle"
"574","ATHLONE AVE @ SCOTT ST","363326.04876","5028732.99745","-75.75248","45.39609","2017","10/4/2017","4:57:00 PM","02 - Rain","02 - Wet","01 - Traffic signal","03 - At intersection","01 - Daylight","02 - Non-fatal injury","07 - SMV other"
"575","ATHLONE AVE btwn RICHMOND RD & BYRON AVE","363469.40856","5028408.77978","-75.75069","45.39316","2017","3/18/2017","1:08:00 PM","01 - Clear","01 - Dry","10 - No control","01 - Non intersection","01 - Daylight","03 - P.D. only","06 - SMV unattended vehicle"
"576","ATHLONE AVE btwn SCOTT ST & RICHMOND RD","363445.16879","5028460.72730","-75.75099","45.39363","2017","8/31/2017","8:21:00 AM","01 - Clear","01 - Dry","10 - No control","01 - Non intersection","01 - Daylight","02 - Non-fatal injury","07 - SMV other"
"577","ATHLONE AVE btwn SCOTT ST & RICHMOND RD","363400.19838","5028562.02907","-75.75156","45.39455","2017","9/14/2017","2:24:00 PM","01 - Clear","01 - Dry","10 - No control","04 - At/near private drive","01 - Daylight","03 - P.D. only","06 - SMV unattended vehicle"
"578","ATLANTIS AVE @ LANARK AVE","362836.55807","5028741.54028","-75.75873","45.39621","2017","7/30/2017","6:39:00 PM","01 - Clear","01 - Dry","02 - Stop sign","02 - Intersection related","01 - Daylight","03 - P.D. only","99 - Other"
"579","AUBEPINES, PROMENADE DES @ DECOEUR, PROMENADE","384166.17190","5034563.42850","-75.48540","45.44650","2017","1/17/2017","12:00:00 AM","01 - Clear","01 - Dry","02 - Stop sign","02 - Intersection related","00 - Unknown","03 - P.D. only","06 - SMV unattended vehicle"
"580","AUDREY AVE btwn SUSAN ST & WALKLEY RD","373996.76758","5028236.16685","-75.61628","45.39065","2017","12/29/2017","9:30:00 PM","99 - Other","04 - Slush","10 - No control","01 - Non intersection","07 - Dark","03 - P.D. only","06 - SMV unattended vehicle"
"581","AUGUSTA ST @ RIDEAU ST","369013.14345","5032715.92071","-75.67933","45.43143","2017","4/1/2017","5:24:00 AM","03 - Snow","03 - Loose snow","01 - Traffic signal","03 - At intersection","07 - Dark","02 - Non-fatal injury","07 - SMV other"
"582","AUGUSTA ST @ RIDEAU ST","369011.85321","5032716.54165","-75.67935","45.43143","2017","12/20/2017","12:00:00 AM","01 - Clear","04 - Slush","01 - Traffic signal","02 - Intersection related","00 - Unknown","03 - P.D. only","06 - SMV unattended vehicle"
"583","AURIGA DR @ DEAKIN ST","367145.25975","5021590.04065","-75.70461","45.33149","2017","10/5/2017","1:12:00 PM","01 - Clear","01 - Dry","02 - Stop sign","02 - Intersection related","01 - Daylight","03 - P.D. only","04 - Sideswipe"
"584","AUTOPARK PRIV btwn HUNTMAR DR & END","349476.03160","5017517.30856","-75.93038","45.29619","2017","12/1/2017","6:39:00 PM","01 - Clear","01 - Dry","10 - No control","01 - Non intersection","07 - Dark","03 - P.D. only","06 - SMV unattended vehicle"
"585","AUTOPARK PRIV btwn HUNTMAR DR & END","349420.90073","5017465.23355","-75.93109","45.29572","2017","2/22/2017","8:02:00 AM","01 - Clear","02 - Wet","10 - No control","04 - At/near private drive","01 - Daylight","03 - P.D. only","02 - Angle"
"586","AVATION PKWY/HEMLOCK PRIV NB ONRAMP btwn HEMLOCK PRIV & AVIATION PKWY","371588.92776","5034952.25562","-75.64611","45.45131","2017","11/20/2017","11:05:00 AM","01 - Clear","01 - Dry","10 - No control","01 - Non intersection","01 - Daylight","03 - P.D. only","99 - Other"
"587","AVATION PKWY/ROCKCLIFFE PKWY EB ONRAMP btwn AVIATION PKWY & ROCKCLIFFE","371806.04730","5035382.25373","-75.64328","45.45516","2017","9/5/2017","5:50:00 PM","01 - Clear","01 - Dry","10 - No control","01 - Non intersection","01 - Daylight","02 - Non-fatal injury","03 - Rear end"
"588","AVATION PKWY/ROCKCLIFFE PKWY WB ONRAMP btwn ROCKCLIFFE PKWY & AVIATION","371575.89331","5035524.44084","-75.64620","45.45646","2017","4/2/2017","12:25:00 PM","01 - Clear","01 - Dry","10 - No control","01 - Non intersection","01 - Daylight","03 - P.D. only","03 - Rear end"
"589","AVE. DU PERE CHARLEBOIS AVE btwn AVE. MONSEIGNEUR LEMIEUX AVE & AVE. V","371195.65293","5032218.10152","-75.65151","45.42675","2017","12/31/2017","12:00:00 AM","03 - Snow","05 - Packed snow","10 - No control","01 - Non intersection","00 - Unknown","03 - P.D. only","06 - SMV unattended vehicle"
"590","AVENUE L @ TREMBLAY RD","371495.38355","5031312.89410","-75.64780","45.41857","2017","4/3/2017","5:02:00 PM","01 - Clear","01 - Dry","02 - Stop sign","02 - Intersection related","01 - Daylight","03 - P.D. only","02 - Angle"
"591","AVENUE P btwn AVENUE R & END","371947.47085","5031139.07279","-75.64205","45.41696","2017","7/3/2017","12:07:00 PM","01 - Clear","01 - Dry","10 - No control","04 - At/near private drive","01 - Daylight","02 - Non-fatal injury","99 - Other"
"592","AVENUE RD/ECHO DR @ RIVERDALE AVE","369113.05624","5029041.77400","-75.67854","45.39836","2017","11/15/2017","3:53:00 PM","01 - Clear","01 - Dry","02 - Stop sign","03 - At intersection","01 - Daylight","02 - Non-fatal injury","07 - SMV other"
"593","AVENUE U btwn TREMBLAY RD & END","372130.88045","5031320.90116","-75.63968","45.41858","2017","11/14/2017","6:05:00 PM","01 - Clear","02 - Wet","10 - No control","01 - Non intersection","07 - Dark","03 - P.D. only","06 - SMV unattended vehicle"
"594","AVIATION PKWY @ AVIATION/ROCKCLIFFE PKWY WB ON","371682.80138","5035492.32327","-75.64484","45.45616","2017","10/23/2017","3:21:00 PM","01 - Clear","01 - Dry","02 - Stop sign","03 - At intersection","01 - Daylight","03 - P.D. only","02 - Angle"
"595","AVIATION PKWY @ MONTREAL RD","372148.38884","5034108.58280","-75.63908","45.44366","2017","6/12/2017","4:00:00 PM","01 - Clear","01 - Dry","01 - Traffic signal","02 - Intersection related","01 - Daylight","03 - P.D. only","99 - Other"
"596","AVIATION PKWY @ MONTREAL RD","372146.38215","5034109.92059","-75.63910","45.44368","2017","5/8/2017","3:48:00 PM","01 - Clear","01 - Dry","01 - Traffic signal","02 - Intersection related","01 - Daylight","03 - P.D. only","04 - Sideswipe"
"597","AVIATION PKWY @ MONTREAL RD","372147.05105","5034108.58280","-75.63909","45.44366","2017","4/28/2017","7:56:00 AM","01 - Clear","01 - Dry","01 - Traffic signal","02 - Intersection related","01 - Daylight","02 - Non-fatal injury","03 - Rear end"
"598","AVIATION PKWY @ MONTREAL RD","372146.38215","5034108.58280","-75.63910","45.44366","2017","6/5/2017","9:40:00 AM","01 - Clear","01 - Dry","01 - Traffic signal","02 - Intersection related","01 - Daylight","03 - P.D. only","03 - Rear end"
"599","AVIATION PKWY @ MONTREAL RD","372146.89137","5034108.63738","-75.63910","45.44366","2017","10/2/2017","6:48:00 PM","01 - Clear","01 - Dry","01 - Traffic signal","02 - Intersection related","07 - Dark","03 - P.D. only","03 - Rear end"
"600","AVIATION PKWY @ MONTREAL RD","372147.23002","5034108.88807","-75.63909","45.44367","2017","10/27/2017","11:16:00 AM","01 - Clear","01 - Dry","01 - Traffic signal","02 - Intersection related","01 - Daylight","03 - P.D. only","02 - Angle"
"601","AVIATION PKWY @ MONTREAL RD","372146.86472","5034108.68859","-75.63910","45.44366","2017","10/5/2017","3:20:00 PM","01 - Clear","01 - Dry","01 - Traffic signal","02 - Intersection related","01 - Daylight","03 - P.D. only","03 - Rear end"
"602","AVIATION PKWY @ MONTREAL RD","372148.38884","5034107.91390","-75.63908","45.44366","2017","10/28/2017","11:45:00 PM","02 - Rain","02 - Wet","01 - Traffic signal","03 - At intersection","07 - Dark","02 - Non-fatal injury","05 - Turning movement"
"603","AVIATION PKWY @ MONTREAL RD","372147.18997","5034108.34611","-75.63909","45.44366","2017","10/16/2017","12:38:00 PM","01 - Clear","01 - Dry","01 - Traffic signal","02 - Intersection related","01 - Daylight","03 - P.D. only","04 - Sideswipe"
"604","AVIATION PKWY @ MONTREAL RD","372146.71660","5034107.87274","-75.63910","45.44366","2017","10/17/2017","6:00:00 AM","01 - Clear","01 - Dry","01 - Traffic signal","03 - At intersection","07 - Dark","03 - P.D. only","05 - Turning movement"
"605","AVIATION PKWY @ MONTREAL RD","372148.35594","5034107.48990","-75.63908","45.44365","2017","10/7/2017","8:18:00 PM","01 - Clear","01 - Dry","01 - Traffic signal","02 - Intersection related","07 - Dark","02 - Non-fatal injury","03 - Rear end"
"606","AVIATION PKWY @ MONTREAL RD","372145.21566","5034110.45897","-75.63912","45.44368","2017","2/13/2017","10:18:00 AM","03 - Snow","03 - Loose snow","01 - Traffic signal","02 - Intersection related","01 - Daylight","03 - P.D. only","03 - Rear end"
"607","AVIATION PKWY @ MONTREAL RD","372147.05105","5034108.58280","-75.63909","45.44366","2017","1/6/2017","8:45:00 AM","01 - Clear","01 - Dry","01 - Traffic signal","02 - Intersection related","01 - Daylight","03 - P.D. only","04 - Sideswipe"
"608","AVIATION PKWY @ MONTREAL RD","372147.24776","5034108.25957","-75.63909","45.44366","2017","2/10/2017","8:06:00 AM","01 - Clear","01 - Dry","01 - Traffic signal","03 - At intersection","01 - Daylight","03 - P.D. only","02 - Angle"
"609","AVIATION PKWY @ MONTREAL RD","372147.05105","5034109.25170","-75.63909","45.44367","2017","4/9/2017","3:31:00 PM","02 - Rain","02 - Wet","01 - Traffic signal","02 - Intersection related","01 - Daylight","03 - P.D. only","04 - Sideswipe"
"610","AVIATION PKWY @ MONTREAL RD","372147.05105","5034109.25170","-75.63909","45.44367","2017","4/5/2017","3:30:00 PM","01 - Clear","01 - Dry","01 - Traffic signal","02 - Intersection related","01 - Daylight","03 - P.D. only","04 - Sideswipe"
"611","AVIATION PKWY @ MONTREAL RD","372146.43417","5034108.19392","-75.63910","45.44366","2017","3/24/2017","11:31:00 AM","03 - Snow","04 - Slush","01 - Traffic signal","03 - At intersection","01 - Daylight","03 - P.D. only","03 - Rear end"
"612","AVIATION PKWY @ MONTREAL RD","372146.71670","5034108.58278","-75.63910","45.44366","2017","7/22/2017","8:41:00 AM","01 - Clear","01 - Dry","01 - Traffic signal","02 - Intersection related","01 - Daylight","03 - P.D. only","02 - Angle"
"613","AVIATION PKWY @ MONTREAL RD","372146.37591","5034108.62269","-75.63910","45.44366","2017","3/11/2017","8:00:00 PM","01 - Clear","06 - Ice","01 - Traffic signal","02 - Intersection related","07 - Dark","03 - P.D. only","03 - Rear end"
"614","AVIATION PKWY @ MONTREAL RD","372147.24827","5034108.55794","-75.63909","45.44366","2017","1/13/2017","9:49:00 AM","03 - Snow","02 - Wet","01 - Traffic signal","02 - Intersection related","01 - Daylight","03 - P.D. only","99 - Other"
"615","AVIATION PKWY @ MONTREAL RD","372147.19450","5034107.38806","-75.63909","45.44365","2017","12/29/2017","6:59:00 PM","01 - Clear","02 - Wet","01 - Traffic signal","02 - Intersection related","07 - Dark","02 - Non-fatal injury","03 - Rear end"
"616","AVIATION PKWY @ OGILVIE RD","373110.71420","5032375.50685","-75.62702","45.42798","2017","8/16/2017","4:49:00 PM","01 - Clear","01 - Dry","01 - Traffic signal","02 - Intersection related","01 - Daylight","03 - P.D. only","02 - Angle"
"617","AVIATION PKWY @ OGILVIE RD","373109.85120","5032375.93835","-75.62703","45.42798","2017","8/19/2017","6:20:00 PM","01 - Clear","01 - Dry","01 - Traffic signal","02 - Intersection related","01 - Daylight","03 - P.D. only","03 - Rear end"
"618","AVIATION PKWY @ OGILVIE RD","373111.19210","5032376.34665","-75.62701","45.42798","2017","8/7/2017","4:23:00 PM","01 - Clear","01 - Dry","01 - Traffic signal","03 - At intersection","01 - Daylight","02 - Non-fatal injury","02 - Angle"
"619","AVIATION PKWY @ OGILVIE RD","373110.49222","5032376.80758","-75.62702","45.42799","2017","8/22/2017","10:45:00 AM","01 - Clear","01 - Dry","01 - Traffic signal","02 - Intersection related","01 - Daylight","03 - P.D. only","04 - Sideswipe"
"620","AVIATION PKWY @ OGILVIE RD","373110.64496","5032376.72674","-75.62702","45.42799","2017","10/5/2017","3:01:00 PM","01 - Clear","01 - Dry","01 - Traffic signal","03 - At intersection","01 - Daylight","02 - Non-fatal injury","05 - Turning movement"
"621","AVIATION PKWY @ OGILVIE RD","373111.18757","5032376.82229","-75.62701","45.42799","2017","10/17/2017","11:20:00 AM","01 - Clear","01 - Dry","01 - Traffic signal","02 - Intersection related","01 - Daylight","03 - P.D. only","04 - Sideswipe"
"622","AVIATION PKWY @ OGILVIE RD","373109.71086","5032377.25450","-75.62703","45.42799","2017","11/17/2017","1:00:00 PM","01 - Clear","01 - Dry","01 - Traffic signal","02 - Intersection related","01 - Daylight","03 - P.D. only","03 - Rear end"
"623","AVIATION PKWY @ OGILVIE RD","373110.71420","5032374.86886","-75.62702","45.42797","2017","1/10/2017","10:15:00 PM","03 - Snow","04 - Slush","01 - Traffic signal","02 - Intersection related","07 - Dark","03 - P.D. only","04 - Sideswipe"
"624","AVIATION PKWY @ OGILVIE RD","373110.37975","5032377.25450","-75.62702","45.42799","2017","2/23/2017","1:27:00 PM","01 - Clear","02 - Wet","01 - Traffic signal","02 - Intersection related","01 - Daylight","03 - P.D. only","03 - Rear end"
"625","AVIATION PKWY @ OGILVIE RD","373110.71411","5032376.58560","-75.62702","45.42799","2017","11/20/2017","4:48:00 PM","01 - Clear","01 - Dry","01 - Traffic signal","03 - At intersection","05 - Dusk","02 - Non-fatal injury","05 - Turning movement"
"626","AVIATION PKWY @ OGILVIE RD","373111.89514","5032375.55080","-75.62700","45.42798","2017","12/16/2017","12:53:00 PM","03 - Snow","02 - Wet","01 - Traffic signal","02 - Intersection related","01 - Daylight","03 - P.D. only","03 - Rear end"
"627","AVIATION PKWY @ OGILVIE RD","373110.71418","5032376.58545","-75.62702","45.42799","2017","6/11/2017","4:30:00 PM","01 - Clear","01 - Dry","01 - Traffic signal","02 - Intersection related","01 - Daylight","03 - P.D. only","02 - Angle"
"628","AVIATION PKWY @ OGILVIE RD","373109.68127","5032376.76488","-75.62703","45.42799","2017","12/27/2017","12:09:00 AM","01 - Clear","01 - Dry","01 - Traffic signal","03 - At intersection","07 - Dark","02 - Non-fatal injury","05 - Turning movement"
"629","AVIATION PKWY btwn AVIATION PKWY & TO BE DETERMINED","372662.01629","5032900.00015","-75.63268","45.43274","2017","3/2/2017","8:34:00 AM","06 - Strong wind","02 - Wet","10 - No control","01 - Non intersection","01 - Daylight","03 - P.D. only","07 - SMV other"
"630","AVIATION PKWY btwn LA CITE PRIV & AVIATION PKWY (1)","372471.90241","5033215.16810","-75.63506","45.43559","2017","10/23/2017","6:36:00 PM","01 - Clear","01 - Dry","10 - No control","01 - Non intersection","07 - Dark","03 - P.D. only","03 - Rear end"
"631","AVIATION PKWY btwn LA CITE PRIV & AVIATION PKWY (2)","372507.25075","5033235.34797","-75.63461","45.43577","2017","12/13/2017","3:19:00 PM","01 - Clear","03 - Loose snow","10 - No control","01 - Non intersection","01 - Daylight","02 - Non-fatal injury","07 - SMV other"
"632","AVIATION PKWY NB @ LA CITE PRIV","372501.16715","5033246.48191","-75.63469","45.43587","2017","3/20/2017","7:29:00 PM","01 - Clear","01 - Dry","02 - Stop sign","02 - Intersection related","07 - Dark","03 - P.D. only","02 - Angle"
"633","AVIATION PKWY NB @ LA CITE PRIV","372501.24399","5033247.75559","-75.63469","45.43588","2017","1/3/2017","7:40:00 PM","04 - Freezing Rain","06 - Ice","02 - Stop sign","02 - Intersection related","07 - Dark","03 - P.D. only","99 - Other"
"634","AVIATION PKWY NB @ LA CITE PRIV","372501.35268","5033247.85663","-75.63468","45.43589","2017","8/17/2017","2:16:00 PM","01 - Clear","01 - Dry","02 - Stop sign","02 - Intersection related","01 - Daylight","02 - Non-fatal injury","02 - Angle"
"635","AVOCADO ST btwn BOURBON ST & PLANTE DR","370169.51113","5024464.49134","-75.66565","45.35708","2017","9/27/2017","11:00:00 PM","01 - Clear","01 - Dry","10 - No control","01 - Non intersection","07 - Dark","03 - P.D. only","06 - SMV unattended vehicle"
"636","AVONCOURT WAY btwn HARKNESS AVE & WALKLEY RD","369597.19399","5025529.97107","-75.67281","45.36672","2017","9/12/2017","9:39:00 PM","01 - Clear","01 - Dry","10 - No control","01 - Non intersection","07 - Dark","03 - P.D. only","06 - SMV unattended vehicle"
"637","AVONDALE AVE @ MELBOURNE AVE","363388.73501","5027520.77575","-75.75183","45.38518","2017","9/16/2017","12:50:00 PM","01 - Clear","01 - Dry","02 - Stop sign","03 - At intersection","01 - Daylight","03 - P.D. only","02 - Angle"
"638","AVONDALE AVE @ MELBOURNE AVE","363390.78370","5027519.44390","-75.75180","45.38516","2017","1/11/2017","5:25:00 PM","03 - Snow","02 - Wet","02 - Stop sign","03 - At intersection","05 - Dusk","03 - P.D. only","02 - Angle"
"639","AVONHURST AVE btwn WILTSHIRE CIRC & LONGSHIRE CIRC","365446.14938","5016381.61644","-75.72692","45.28477","2017","3/31/2017","5:30:00 PM","03 - Snow","05 - Packed snow","10 - No control","04 - At/near private drive","05 - Dusk","03 - P.D. only","06 - SMV unattended vehicle"
"640","AXIS WAY btwn COMPASS ST & LYNN VALLEY TERR","382138.64140","5033613.72310","-75.51147","45.43818","2017","3/3/2017","7:06:00 AM","01 - Clear","01 - Dry","10 - No control","04 - At/near private drive","03 - Dawn","03 - P.D. only","06 - SMV unattended vehicle"