"Record","Location","X","Y","Longitude","Latitude","Year","Date","Time","Environment","Road_Surface","Traffic_Control","Collision_Location","Light","Collision_Classification","Impact_type"
"641","AXIS WAY btwn FERN CASEY ST & LYNN VALLEY TERR","353950.93250","5016140.06270","-75.87347","45.28350","2017","10/12/2017","7:29:00 PM","01 - Clear","01 - Dry","10 - No control","04 - At/near private drive","07 - Dark","03 - P.D. only","06 - SMV unattended vehicle"
"642","AYLMER AVE @ BANK ST","368673.71240","5028730.45674","-75.68419","45.39560","2017","8/1/2017","5:39:00 PM","01 - Clear","01 - Dry","01 - Traffic signal","02 - Intersection related","01 - Daylight","03 - P.D. only","03 - Rear end"
"643","AYLMER AVE @ BANK ST","368675.05318","5028728.87311","-75.68417","45.39559","2017","8/30/2017","8:10:00 AM","01 - Clear","01 - Dry","01 - Traffic signal","02 - Intersection related","01 - Daylight","03 - P.D. only","03 - Rear end"
"644","AYLMER AVE @ BANK ST","368674.04685","5028728.20571","-75.68418","45.39558","2017","7/1/2017","10:34:00 PM","01 - Clear","02 - Wet","01 - Traffic signal","02 - Intersection related","07 - Dark","02 - Non-fatal injury","03 - Rear end"
"645","AYLMER AVE @ BANK ST","368674.71574","5028730.88129","-75.68417","45.39560","2017","7/8/2017","6:29:00 PM","01 - Clear","01 - Dry","01 - Traffic signal","03 - At intersection","01 - Daylight","02 - Non-fatal injury","07 - SMV other"
"646","AYLMER AVE @ BANK ST","368673.54412","5028729.00170","-75.68419","45.39559","2017","1/31/2017","5:10:00 PM","01 - Clear","01 - Dry","01 - Traffic signal","02 - Intersection related","05 - Dusk","03 - P.D. only","03 - Rear end"
"647","AYLMER AVE btwn GROSVENOR AVE & BARTON ST","368480.66082","5028612.45334","-75.68667","45.39456","2017","9/4/2017","4:28:00 PM","01 - Clear","01 - Dry","10 - No control","01 - Non intersection","01 - Daylight","02 - Non-fatal injury","06 - SMV unattended vehicle"
"648","AYLMER AVE btwn ROSEDALE AVE & GROSVENOR AVE","368396.16273","5028560.31116","-75.68775","45.39409","2017","2/15/2017","12:00:00 AM","03 - Snow","03 - Loose snow","10 - No control","01 - Non intersection","00 - Unknown","03 - P.D. only","06 - SMV unattended vehicle"
"649","BADGELEY AVE btwn REMNOR AVE & GOULBOURN FORCED RD","349579.75409","5020568.73482","-75.92878","45.32364","2017","7/18/2017","12:06:00 PM","01 - Clear","01 - Dry","10 - No control","04 - At/near private drive","01 - Daylight","03 - P.D. only","06 - SMV unattended vehicle"
"650","BALSAM ST @ ROCHESTER ST","366631.49589","5029861.26205","-75.71013","45.40596","2017","7/13/2017","7:00:00 PM","01 - Clear","01 - Dry","02 - Stop sign","02 - Intersection related","01 - Daylight","02 - Non-fatal injury","03 - Rear end"
"651","BANFF AVE @ KITCHENER AVE","370724.68799","5025605.13575","-75.65841","45.36729","2017","1/4/2017","3:41:00 PM","03 - Snow","06 - Ice","02 - Stop sign","03 - At intersection","01 - Daylight","03 - P.D. only","02 - Angle"
"652","BANFF AVE @ KITCHENER AVE","370725.44164","5025604.67353","-75.65840","45.36728","2017","1/5/2017","7:20:00 PM","01 - Clear","06 - Ice","02 - Stop sign","02 - Intersection related","07 - Dark","03 - P.D. only","03 - Rear end"
"653","BANFF AVE @ SURREY AVE","370576.05975","5025920.86350","-75.66027","45.37014","2017","11/29/2017","4:39:00 PM","01 - Clear","01 - Dry","02 - Stop sign","03 - At intersection","05 - Dusk","02 - Non-fatal injury","02 - Angle"
"654","BANFF AVE @ WALKLEY RD","370503.72570","5026043.90943","-75.66117","45.37126","2017","2/5/2017","3:11:00 PM","01 - Clear","02 - Wet","01 - Traffic signal","02 - Intersection related","01 - Daylight","03 - P.D. only","03 - Rear end"
"655","BANFF AVE @ WALKLEY RD","370505.39794","5026043.53420","-75.66115","45.37125","2017","3/8/2017","6:45:00 AM","03 - Snow","05 - Packed snow","01 - Traffic signal","02 - Intersection related","01 - Daylight","02 - Non-fatal injury","05 - Turning movement"
"656","BANFF AVE btwn KITCHENER AVE & LEDBURY AVE","370733.42390","5025584.12722","-75.65830","45.36710","2017","11/5/2017","12:00:00 AM","02 - Rain","02 - Wet","10 - No control","01 - Non intersection","00 - Unknown","03 - P.D. only","06 - SMV unattended vehicle"
"657","BANK ST @ 80 S OF HUNT CLUB RD/TOWNGATE PLAZA","371688.31243","5024096.28711","-75.64632","45.35362","2017","2/13/2017","2:20:00 PM","01 - Clear","02 - Wet","01 - Traffic signal","03 - At intersection","01 - Daylight","03 - P.D. only","02 - Angle"
"658","BANK ST @ BILLINGS TRANSIT","369445.48963","5027740.90483","-75.67446","45.38662","2017","1/4/2017","9:00:00 PM","03 - Snow","06 - Ice","01 - Traffic signal","02 - Intersection related","07 - Dark","02 - Non-fatal injury","03 - Rear end"
"659","BANK ST @ CAHILL DR/DAZE ST","371306.20617","5024315.81426","-75.65116","45.35563","2017","8/8/2017","12:58:00 PM","01 - Clear","01 - Dry","01 - Traffic signal","02 - Intersection related","01 - Daylight","02 - Non-fatal injury","03 - Rear end"
"660","BANK ST @ CAHILL DR/DAZE ST","371307.24650","5024317.37475","-75.65115","45.35565","2017","8/21/2017","7:15:00 PM","01 - Clear","01 - Dry","01 - Traffic signal","03 - At intersection","01 - Daylight","03 - P.D. only","05 - Turning movement"
"661","BANK ST @ CAHILL DR/DAZE ST","371307.50985","5024315.76864","-75.65115","45.35563","2017","9/2/2017","3:35:00 PM","01 - Clear","01 - Dry","01 - Traffic signal","02 - Intersection related","01 - Daylight","03 - P.D. only","03 - Rear end"
"662","BANK ST @ CAHILL DR/DAZE ST","371307.31135","5024317.61515","-75.65115","45.35565","2017","8/30/2017","3:15:00 PM","01 - Clear","01 - Dry","01 - Traffic signal","03 - At intersection","01 - Daylight","02 - Non-fatal injury","02 - Angle"
"663","BANK ST @ CAHILL DR/DAZE ST","371307.14945","5024316.72750","-75.65115","45.35564","2017","7/1/2017","1:37:00 PM","02 - Rain","02 - Wet","01 - Traffic signal","03 - At intersection","01 - Daylight","02 - Non-fatal injury","05 - Turning movement"
"664","BANK ST @ CAHILL DR/DAZE ST","371307.76175","5024315.54407","-75.65114","45.35563","2017","9/25/2017","11:29:00 AM","01 - Clear","01 - Dry","01 - Traffic signal","03 - At intersection","01 - Daylight","02 - Non-fatal injury","02 - Angle"
"665","BANK ST @ CAHILL DR/DAZE ST","371307.41769","5024316.28456","-75.65115","45.35564","2017","1/22/2017","2:30:00 PM","01 - Clear","01 - Dry","01 - Traffic signal","02 - Intersection related","01 - Daylight","02 - Non-fatal injury","05 - Turning movement"
"666","BANK ST @ CAHILL DR/DAZE ST","371307.67337","5024317.58587","-75.65114","45.35565","2017","1/5/2017","8:05:00 AM","01 - Clear","06 - Ice","01 - Traffic signal","02 - Intersection related","01 - Daylight","03 - P.D. only","03 - Rear end"
"667","BANK ST @ CAHILL DR/DAZE ST","371306.48055","5024317.39640","-75.65116","45.35565","2017","3/30/2017","8:45:00 AM","01 - Clear","01 - Dry","01 - Traffic signal","02 - Intersection related","01 - Daylight","02 - Non-fatal injury","04 - Sideswipe"
"668","BANK ST @ CAMERON AVE","368943.41493","5028262.65538","-75.68080","45.39137","2017","6/29/2017","8:09:00 AM","01 - Clear","01 - Dry","01 - Traffic signal","02 - Intersection related","01 - Daylight","03 - P.D. only","04 - Sideswipe"
"669","BANK ST @ CATHERINE ST","368038.96727","5030268.70756","-75.69210","45.40950","2017","8/2/2017","3:33:00 PM","01 - Clear","01 - Dry","01 - Traffic signal","02 - Intersection related","01 - Daylight","03 - P.D. only","04 - Sideswipe"
"670","BANK ST @ CATHERINE ST","368040.79830","5030268.11845","-75.69207","45.40949","2017","10/13/2017","12:00:00 PM","01 - Clear","01 - Dry","01 - Traffic signal","02 - Intersection related","01 - Daylight","02 - Non-fatal injury","03 - Rear end"
"671","BANK ST @ CATHERINE ST","368040.90056","5030267.56600","-75.69207","45.40949","2017","9/6/2017","8:38:00 AM","01 - Clear","01 - Dry","01 - Traffic signal","02 - Intersection related","01 - Daylight","03 - P.D. only","07 - SMV other"
"672","BANK ST @ CATHERINE ST","368039.70540","5030267.33531","-75.69209","45.40949","2017","10/4/2017","9:50:00 PM","01 - Clear","02 - Wet","01 - Traffic signal","02 - Intersection related","07 - Dark","03 - P.D. only","03 - Rear end"
"673","BANK ST @ CATHERINE ST","368039.55646","5030266.66993","-75.69209","45.40948","2017","10/19/2017","4:21:00 PM","01 - Clear","01 - Dry","01 - Traffic signal","02 - Intersection related","01 - Daylight","02 - Non-fatal injury","07 - SMV other"
"674","BANK ST @ CATHERINE ST","368039.37095","5030268.24090","-75.69209","45.40949","2017","11/15/2017","5:19:00 PM","01 - Clear","01 - Dry","01 - Traffic signal","03 - At intersection","07 - Dark","02 - Non-fatal injury","07 - SMV other"
"675","BANK ST @ CATHERINE ST","368040.03985","5030267.57200","-75.69208","45.40949","2017","11/13/2017","10:44:00 PM","01 - Clear","01 - Dry","01 - Traffic signal","03 - At intersection","07 - Dark","02 - Non-fatal injury","02 - Angle"
"676","BANK ST @ CATHERINE ST","368040.65215","5030267.33531","-75.69207","45.40949","2017","12/15/2017","9:24:00 AM","01 - Clear","01 - Dry","01 - Traffic signal","02 - Intersection related","01 - Daylight","02 - Non-fatal injury","03 - Rear end"
"677","BANK ST @ CATHERINE ST","368039.37095","5030269.57869","-75.69209","45.40951","2017","12/2/2017","7:13:00 PM","01 - Clear","01 - Dry","01 - Traffic signal","03 - At intersection","07 - Dark","03 - P.D. only","05 - Turning movement"
"678","BANK ST @ CATHERINE ST","368040.45587","5030266.44630","-75.69208","45.40948","2017","2/14/2017","2:17:00 PM","01 - Clear","02 - Wet","01 - Traffic signal","03 - At intersection","01 - Daylight","03 - P.D. only","02 - Angle"
"679","BANK ST @ CATHERINE ST","368041.33362","5030267.30063","-75.69207","45.40948","2017","1/27/2017","6:53:00 AM","01 - Clear","01 - Dry","01 - Traffic signal","03 - At intersection","07 - Dark","02 - Non-fatal injury","07 - SMV other"
"680","BANK ST @ CATHERINE ST","368040.56377","5030266.71363","-75.69208","45.40948","2017","1/12/2017","8:49:00 AM","02 - Rain","02 - Wet","01 - Traffic signal","02 - Intersection related","01 - Daylight","03 - P.D. only","04 - Sideswipe"
"681","BANK ST @ CATHERINE ST","368042.17454","5030266.33743","-75.69206","45.40948","2017","2/7/2017","1:35:00 PM","01 - Clear","01 - Dry","01 - Traffic signal","02 - Intersection related","01 - Daylight","03 - P.D. only","02 - Angle"
"682","BANK ST @ CATHERINE ST","368041.37764","5030266.90310","-75.69207","45.40948","2017","3/11/2017","4:35:00 PM","01 - Clear","01 - Dry","01 - Traffic signal","02 - Intersection related","01 - Daylight","03 - P.D. only","04 - Sideswipe"
"683","BANK ST @ CATHERINE ST","368039.37095","5030266.23421","-75.69209","45.40948","2017","4/6/2017","4:34:00 PM","02 - Rain","02 - Wet","01 - Traffic signal","02 - Intersection related","01 - Daylight","03 - P.D. only","03 - Rear end"
"684","BANK ST @ CATHERINE ST","368040.03985","5030269.57869","-75.69208","45.40951","2017","4/9/2017","12:35:00 PM","01 - Clear","01 - Dry","01 - Traffic signal","03 - At intersection","01 - Daylight","03 - P.D. only","02 - Angle"
"685","BANK ST @ CECIL AVE","369945.22190","5026989.54550","-75.66818","45.37982","2017","6/27/2017","3:16:00 PM","01 - Clear","01 - Dry","02 - Stop sign","03 - At intersection","01 - Daylight","03 - P.D. only","02 - Angle"
"686","BANK ST @ CECIL AVE","369946.38464","5026990.88329","-75.66816","45.37983","2017","7/11/2017","11:58:00 AM","01 - Clear","01 - Dry","02 - Stop sign","03 - At intersection","01 - Daylight","02 - Non-fatal injury","02 - Angle"
"687","BANK ST @ CECIL AVE","369944.46210","5026989.45023","-75.66819","45.37982","2017","12/12/2017","12:00:00 AM","03 - Snow","03 - Loose snow","02 - Stop sign","02 - Intersection related","00 - Unknown","03 - P.D. only","06 - SMV unattended vehicle"
"688","BANK ST @ CHAMBERLAIN AVE N/ISABELLA ST","368083.04655","5030167.89999","-75.69155","45.40859","2017","4/29/2017","1:25:00 PM","01 - Clear","01 - Dry","01 - Traffic signal","02 - Intersection related","01 - Daylight","03 - P.D. only","04 - Sideswipe"
"689","BANK ST @ CHAMBERLAIN AVE N/ISABELLA ST","368082.71210","5030166.33258","-75.69155","45.40857","2017","7/16/2017","8:49:00 AM","01 - Clear","01 - Dry","01 - Traffic signal","03 - At intersection","01 - Daylight","02 - Non-fatal injury","02 - Angle"
"690","BANK ST @ CHAMBERLAIN AVE N/ISABELLA ST","368082.41464","5030166.85561","-75.69155","45.40858","2017","8/24/2017","8:58:00 PM","01 - Clear","01 - Dry","01 - Traffic signal","02 - Intersection related","05 - Dusk","03 - P.D. only","04 - Sideswipe"
"691","BANK ST @ CHAMBERLAIN AVE N/ISABELLA ST","368082.71210","5030168.06596","-75.69155","45.40859","2017","7/11/2017","5:16:00 PM","02 - Rain","02 - Wet","01 - Traffic signal","02 - Intersection related","01 - Daylight","03 - P.D. only","03 - Rear end"
"692","BANK ST @ CHAMBERLAIN AVE N/ISABELLA ST","368082.80087","5030166.68799","-75.69155","45.40858","2017","7/16/2017","10:56:00 AM","01 - Clear","01 - Dry","01 - Traffic signal","03 - At intersection","01 - Daylight","03 - P.D. only","02 - Angle"
"693","BANK ST @ CHAMBERLAIN AVE N/ISABELLA ST","368083.12481","5030166.70135","-75.69154","45.40858","2017","9/23/2017","2:50:00 PM","01 - Clear","01 - Dry","01 - Traffic signal","03 - At intersection","01 - Daylight","03 - P.D. only","02 - Angle"
"694","BANK ST @ CHAMBERLAIN AVE N/ISABELLA ST","368082.81516","5030166.67548","-75.69155","45.40858","2017","9/13/2017","5:30:00 AM","01 - Clear","01 - Dry","01 - Traffic signal","03 - At intersection","07 - Dark","03 - P.D. only","02 - Angle"
"695","BANK ST @ CHAMBERLAIN AVE N/ISABELLA ST","368081.70876","5030166.56220","-75.69156","45.40857","2017","2/27/2017","2:49:00 PM","01 - Clear","01 - Dry","01 - Traffic signal","02 - Intersection related","01 - Daylight","03 - P.D. only","02 - Angle"
"696","BANK ST @ CHAMBERLAIN AVE N/ISABELLA ST","368082.37765","5030165.89330","-75.69155","45.40857","2017","4/8/2017","3:02:00 PM","01 - Clear","01 - Dry","01 - Traffic signal","03 - At intersection","01 - Daylight","03 - P.D. only","05 - Turning movement"
"697","BANK ST @ CHAMBERLAIN AVE N/ISABELLA ST","368083.04655","5030167.23110","-75.69155","45.40858","2017","12/15/2017","4:39:00 PM","03 - Snow","02 - Wet","01 - Traffic signal","02 - Intersection related","05 - Dusk","03 - P.D. only","04 - Sideswipe"
"698","BANK ST @ COLLINS AVE/WILDWOOD AVE","370049.50214","5026697.84171","-75.66689","45.37718","2017","8/9/2017","3:13:00 PM","01 - Clear","01 - Dry","02 - Stop sign","02 - Intersection related","01 - Daylight","03 - P.D. only","03 - Rear end"
"699","BANK ST @ COLLINS AVE/WILDWOOD AVE","370049.96933","5026697.16207","-75.66688","45.37718","2017","1/9/2017","1:29:00 PM","03 - Snow","04 - Slush","02 - Stop sign","03 - At intersection","01 - Daylight","03 - P.D. only","02 - Angle"
"700","BANK ST @ COLLINS AVE/WILDWOOD AVE","370050.38535","5026699.54399","-75.66687","45.37720","2017","4/10/2017","1:20:00 PM","01 - Clear","01 - Dry","02 - Stop sign","03 - At intersection","01 - Daylight","02 - Non-fatal injury","07 - SMV other"
"701","BANK ST @ CONROY RD","375044.75010","5022238.26928","-75.60375","45.33658","2017","7/9/2017","3:25:00 PM","01 - Clear","01 - Dry","01 - Traffic signal","02 - Intersection related","01 - Daylight","02 - Non-fatal injury","01 - Approaching"
"702","BANK ST @ CONROY RD","375045.41603","5022237.83297","-75.60374","45.33657","2017","9/7/2017","7:24:00 AM","02 - Rain","02 - Wet","01 - Traffic signal","02 - Intersection related","01 - Daylight","03 - P.D. only","03 - Rear end"
"703","BANK ST @ CONROY RD","375044.75010","5022237.78205","-75.60375","45.33657","2017","11/8/2017","5:33:00 PM","01 - Clear","01 - Dry","01 - Traffic signal","02 - Intersection related","07 - Dark","03 - P.D. only","02 - Angle"
"704","BANK ST @ CONROY RD","375044.24060","5022237.47990","-75.60375","45.33657","2017","4/13/2017","6:34:00 PM","01 - Clear","01 - Dry","01 - Traffic signal","02 - Intersection related","01 - Daylight","02 - Non-fatal injury","03 - Rear end"
"705","BANK ST @ CONROY RD","375043.74676","5022237.16111","-75.60376","45.33657","2017","3/23/2017","5:00:00 PM","01 - Clear","01 - Dry","01 - Traffic signal","03 - At intersection","01 - Daylight","03 - P.D. only","02 - Angle"
"706","BANK ST @ DALMENY RD/MARVELVILLE RD","385829.36621","5004376.21337","-75.46908","45.17470","2017","11/16/2017","5:37:00 PM","02 - Rain","02 - Wet","02 - Stop sign","03 - At intersection","07 - Dark","02 - Non-fatal injury","02 - Angle"
"707","BANK ST @ DALMENY RD/MARVELVILLE RD","385827.77746","5004368.35160","-75.46910","45.17463","2017","12/13/2017","4:29:00 PM","01 - Clear","02 - Wet","02 - Stop sign","02 - Intersection related","05 - Dusk","03 - P.D. only","02 - Angle"
"708","BANK ST @ DAVIDSON RD/LESTER RD","373673.07255","5022923.51300","-75.62115","45.34288","2017","6/26/2017","2:37:00 PM","01 - Clear","01 - Dry","01 - Traffic signal","02 - Intersection related","01 - Daylight","02 - Non-fatal injury","03 - Rear end"
"709","BANK ST @ DAVIDSON RD/LESTER RD","373672.40365","5022924.85079","-75.62116","45.34289","2017","6/17/2017","8:38:00 PM","01 - Clear","01 - Dry","01 - Traffic signal","03 - At intersection","05 - Dusk","03 - P.D. only","05 - Turning movement"
"710","BANK ST @ DAVIDSON RD/LESTER RD","373673.74144","5022922.84410","-75.62114","45.34287","2017","6/15/2017","10:13:00 AM","01 - Clear","01 - Dry","01 - Traffic signal","03 - At intersection","01 - Daylight","03 - P.D. only","05 - Turning movement"
"711","BANK ST @ DAVIDSON RD/LESTER RD","373671.91272","5022924.56427","-75.62116","45.34289","2017","5/5/2017","2:25:00 PM","02 - Rain","02 - Wet","01 - Traffic signal","03 - At intersection","01 - Daylight","02 - Non-fatal injury","02 - Angle"
"712","BANK ST @ DAVIDSON RD/LESTER RD","373673.83303","5022920.82484","-75.62114","45.34285","2017","9/12/2017","4:59:00 PM","01 - Clear","01 - Dry","01 - Traffic signal","02 - Intersection related","01 - Daylight","02 - Non-fatal injury","03 - Rear end"
"713","BANK ST @ DAVIDSON RD/LESTER RD","373674.73926","5022919.48840","-75.62113","45.34284","2017","12/15/2017","6:12:00 AM","01 - Clear","05 - Packed snow","01 - Traffic signal","02 - Intersection related","07 - Dark","03 - P.D. only","03 - Rear end"
"714","BANK ST @ DAVIDSON RD/LESTER RD","373674.56207","5022925.21172","-75.62113","45.34289","2017","1/11/2017","5:38:00 PM","01 - Clear","01 - Dry","01 - Traffic signal","03 - At intersection","05 - Dusk","03 - P.D. only","02 - Angle"
"715","BANK ST @ DAVIDSON RD/LESTER RD","373672.73810","5022924.69643","-75.62115","45.34289","2017","1/15/2017","1:00:00 PM","01 - Clear","01 - Dry","01 - Traffic signal","02 - Intersection related","01 - Daylight","03 - P.D. only","03 - Rear end"
"716","BANK ST @ DAVIDSON RD/LESTER RD","373686.38923","5022936.62473","-75.62098","45.34299","2017","2/9/2017","5:39:00 PM","01 - Clear","01 - Dry","01 - Traffic signal","03 - At intersection","05 - Dusk","03 - P.D. only","05 - Turning movement"
"717","BANK ST @ DAVIDSON RD/LESTER RD","373674.56783","5022922.38813","-75.62113","45.34287","2017","12/26/2017","11:25:00 AM","01 - Clear","04 - Slush","01 - Traffic signal","03 - At intersection","01 - Daylight","02 - Non-fatal injury","02 - Angle"
"718","BANK ST @ ECHO DR","368662.04555","5028758.87750","-75.68433","45.39586","2017","2/22/2017","2:35:00 PM","01 - Clear","01 - Dry","02 - Stop sign","03 - At intersection","01 - Daylight","03 - P.D. only","02 - Angle"
"719","BANK ST @ ECHO DR","368662.11212","5028758.71162","-75.68433","45.39585","2017","1/24/2017","9:05:00 AM","04 - Freezing Rain","06 - Ice","02 - Stop sign","02 - Intersection related","01 - Daylight","03 - P.D. only","01 - Approaching"
"720","BANK ST @ ERIE AVE","370133.97013","5026480.65200","-75.66584","45.37522","2017","1/14/2017","12:26:00 PM","01 - Clear","01 - Dry","01 - Traffic signal","02 - Intersection related","01 - Daylight","03 - P.D. only","03 - Rear end"
"721","BANK ST @ EVANS AVE","369918.88068","5027061.59877","-75.66850","45.38047","2017","8/23/2017","6:44:00 PM","01 - Clear","01 - Dry","02 - Stop sign","03 - At intersection","01 - Daylight","02 - Non-fatal injury","02 - Angle"
"722","BANK ST @ EVANS AVE","369917.60070","5027062.06355","-75.66852","45.38047","2017","9/8/2017","2:45:00 PM","01 - Clear","01 - Dry","02 - Stop sign","02 - Intersection related","01 - Daylight","02 - Non-fatal injury","05 - Turning movement"
"723","BANK ST @ EVANS AVE","369918.97245","5027062.52596","-75.66850","45.38048","2017","9/6/2017","5:30:00 PM","01 - Clear","01 - Dry","02 - Stop sign","02 - Intersection related","01 - Daylight","03 - P.D. only","03 - Rear end"
"724","BANK ST @ EVANS AVE","369917.74415","5027062.97140","-75.66852","45.38048","2017","3/31/2017","11:03:00 AM","01 - Clear","01 - Dry","02 - Stop sign","02 - Intersection related","01 - Daylight","03 - P.D. only","05 - Turning movement"
"725","BANK ST @ EVANS AVE","369918.48899","5027062.43379","-75.66851","45.38048","2017","12/16/2017","11:00:00 AM","01 - Clear","02 - Wet","02 - Stop sign","03 - At intersection","01 - Daylight","02 - Non-fatal injury","02 - Angle"
"726","BANK ST @ EXHIBITION WAY","368529.36230","5029085.16410","-75.68598","45.39880","2017","8/12/2017","11:20:00 AM","01 - Clear","01 - Dry","01 - Traffic signal","02 - Intersection related","01 - Daylight","03 - P.D. only","03 - Rear end"
"727","BANK ST @ FIFTH AVE","368398.37895","5029400.55830","-75.68762","45.40165","2017","5/15/2017","8:48:00 AM","01 - Clear","01 - Dry","01 - Traffic signal","03 - At intersection","01 - Daylight","03 - P.D. only","05 - Turning movement"
"728","BANK ST @ FIFTH AVE","368397.71006","5029400.55830","-75.68763","45.40165","2017","6/26/2017","10:42:00 PM","02 - Rain","02 - Wet","01 - Traffic signal","02 - Intersection related","07 - Dark","03 - P.D. only","03 - Rear end"
"729","BANK ST @ FIFTH AVE","368399.18677","5029400.79499","-75.68761","45.40166","2017","12/16/2017","4:52:00 PM","01 - Clear","02 - Wet","01 - Traffic signal","02 - Intersection related","07 - Dark","03 - P.D. only","06 - SMV unattended vehicle"
"730","BANK ST @ FIRST AVE","368272.70686","5029701.56081","-75.68918","45.40437","2017","10/31/2017","4:32:00 PM","01 - Clear","01 - Dry","01 - Traffic signal","03 - At intersection","01 - Daylight","03 - P.D. only","02 - Angle"
"731","BANK ST @ FIRST AVE","368274.04465","5029703.56750","-75.68917","45.40439","2017","12/14/2017","9:14:00 AM","01 - Clear","02 - Wet","01 - Traffic signal","02 - Intersection related","01 - Daylight","03 - P.D. only","04 - Sideswipe"
"732","BANK ST @ FIRST AVE","368274.04465","5029705.57419","-75.68917","45.40441","2017","3/8/2017","9:51:00 AM","01 - Clear","01 - Dry","01 - Traffic signal","02 - Intersection related","01 - Daylight","03 - P.D. only","04 - Sideswipe"
"733","BANK ST @ FLORENCE ST","367876.45002","5030630.06182","-75.69413","45.41276","2017","8/1/2017","9:40:00 PM","01 - Clear","01 - Dry","02 - Stop sign","03 - At intersection","07 - Dark","02 - Non-fatal injury","02 - Angle"
"734","BANK ST @ FOURTH AVE","368367.16985","5029476.01915","-75.68801","45.40234","2017","7/19/2017","5:03:00 PM","01 - Clear","01 - Dry","02 - Stop sign","03 - At intersection","01 - Daylight","03 - P.D. only","05 - Turning movement"
"735","BANK ST @ FOURTH AVE","368368.05075","5029476.56560","-75.68799","45.40234","2017","3/28/2017","9:28:00 AM","01 - Clear","02 - Wet","02 - Stop sign","03 - At intersection","01 - Daylight","03 - P.D. only","02 - Angle"
"736","BANK ST @ GLADSTONE AVE","367916.70640","5030562.80012","-75.69362","45.41215","2017","6/4/2017","3:16:00 PM","01 - Clear","01 - Dry","01 - Traffic signal","03 - At intersection","01 - Daylight","03 - P.D. only","02 - Angle"
"737","BANK ST @ GLADSTONE AVE","367917.04085","5030562.57050","-75.69362","45.41215","2017","6/13/2017","8:33:00 AM","01 - Clear","01 - Dry","01 - Traffic signal","02 - Intersection related","01 - Daylight","03 - P.D. only","03 - Rear end"
"738","BANK ST @ GLADSTONE AVE","367916.70640","5030562.57050","-75.69362","45.41215","2017","8/8/2017","5:37:00 PM","01 - Clear","01 - Dry","01 - Traffic signal","02 - Intersection related","01 - Daylight","03 - P.D. only","04 - Sideswipe"
"739","BANK ST @ GLADSTONE AVE","367916.37195","5030561.90160","-75.69362","45.41215","2017","11/2/2017","7:13:00 PM","02 - Rain","02 - Wet","01 - Traffic signal","03 - At intersection","07 - Dark","02 - Non-fatal injury","03 - Rear end"
"740","BANK ST @ GLADSTONE AVE","367916.23303","5030562.80719","-75.69363","45.41216","2017","11/3/2017","9:09:00 PM","01 - Clear","01 - Dry","01 - Traffic signal","02 - Intersection related","07 - Dark","02 - Non-fatal injury","03 - Rear end"
"741","BANK ST @ GLADSTONE AVE","367915.70306","5030561.90160","-75.69363","45.41215","2017","4/22/2017","12:04:00 PM","01 - Clear","01 - Dry","01 - Traffic signal","02 - Intersection related","01 - Daylight","03 - P.D. only","04 - Sideswipe"
"742","BANK ST @ GLEBE AVE","368237.99386","5029785.84886","-75.68962","45.40514","2017","1/9/2017","7:55:00 AM","03 - Snow","06 - Ice","01 - Traffic signal","03 - At intersection","01 - Daylight","03 - P.D. only","05 - Turning movement"
"743","BANK ST @ GLEN AVE","368804.46023","5028434.59879","-75.68256","45.39293","2017","8/1/2017","3:00:00 PM","01 - Clear","01 - Dry","01 - Traffic signal","02 - Intersection related","01 - Daylight","03 - P.D. only","03 - Rear end"
"744","BANK ST @ GLEN AVE","368804.06297","5028433.91397","-75.68256","45.39292","2017","8/5/2017","8:19:00 AM","01 - Clear","01 - Dry","01 - Traffic signal","02 - Intersection related","01 - Daylight","03 - P.D. only","06 - SMV unattended vehicle"
"745","BANK ST @ GLOUCESTER ST","367524.13850","5031197.93465","-75.69855","45.41790","2017","8/17/2017","12:00:00 AM","01 - Clear","01 - Dry","01 - Traffic signal","02 - Intersection related","00 - Unknown","03 - P.D. only","06 - SMV unattended vehicle"
"746","BANK ST @ GLOUCESTER ST","367523.16055","5031199.67480","-75.69857","45.41792","2017","1/16/2017","2:16:00 PM","01 - Clear","01 - Dry","01 - Traffic signal","03 - At intersection","01 - Daylight","03 - P.D. only","02 - Angle"
"747","BANK ST @ GROVE AVE","368848.01604","5028371.61726","-75.68201","45.39235","2017","9/24/2017","11:57:00 AM","01 - Clear","01 - Dry","02 - Stop sign","02 - Intersection related","01 - Daylight","03 - P.D. only","06 - SMV unattended vehicle"
"748","BANK ST @ HERON RD","369996.05445","5026852.87999","-75.66755","45.37858","2017","5/2/2017","11:17:00 PM","01 - Clear","02 - Wet","01 - Traffic signal","03 - At intersection","07 - Dark","02 - Non-fatal injury","02 - Angle"
"749","BANK ST @ HERON RD","369997.39224","5026851.54220","-75.66753","45.37857","2017","5/31/2017","5:19:00 PM","01 - Clear","01 - Dry","01 - Traffic signal","02 - Intersection related","01 - Daylight","03 - P.D. only","04 - Sideswipe"