"Record","Location","X","Y","Longitude","Latitude","Year","Date","Time","Environment","Road_Surface","Traffic_Control","Collision_Location","Light","Collision_Classification","Impact_type"
"750","BANK ST @ HERON RD","369995.21050","5026850.52320","-75.66756","45.37856","2017","5/12/2017","7:58:00 AM","01 - Clear","01 - Dry","01 - Traffic signal","02 - Intersection related","01 - Daylight","03 - P.D. only","04 - Sideswipe"
"751","BANK ST @ HERON RD","369995.38555","5026852.21110","-75.66756","45.37858","2017","5/20/2017","4:10:00 PM","01 - Clear","01 - Dry","01 - Traffic signal","02 - Intersection related","01 - Daylight","02 - Non-fatal injury","03 - Rear end"
"752","BANK ST @ HERON RD","369995.21050","5026849.50419","-75.66756","45.37855","2017","5/5/2017","12:31:00 PM","02 - Rain","02 - Wet","01 - Traffic signal","03 - At intersection","01 - Daylight","03 - P.D. only","04 - Sideswipe"
"753","BANK ST @ HERON RD","369996.05445","5026852.21110","-75.66755","45.37858","2017","7/4/2017","12:34:00 PM","01 - Clear","01 - Dry","01 - Traffic signal","03 - At intersection","01 - Daylight","02 - Non-fatal injury","02 - Angle"
"754","BANK ST @ HERON RD","369995.11850","5026850.63994","-75.66756","45.37856","2017","7/23/2017","7:05:00 PM","01 - Clear","01 - Dry","01 - Traffic signal","02 - Intersection related","01 - Daylight","03 - P.D. only","03 - Rear end"
"755","BANK ST @ HERON RD","369995.24663","5026850.83214","-75.66756","45.37857","2017","9/7/2017","8:34:00 PM","02 - Rain","02 - Wet","01 - Traffic signal","03 - At intersection","07 - Dark","02 - Non-fatal injury","02 - Angle"
"756","BANK ST @ HERON RD","369994.77325","5026851.77889","-75.66756","45.37857","2017","10/13/2017","2:35:00 PM","01 - Clear","01 - Dry","01 - Traffic signal","02 - Intersection related","01 - Daylight","03 - P.D. only","03 - Rear end"
"757","BANK ST @ HERON RD","369994.77325","5026850.83214","-75.66756","45.37857","2017","12/11/2017","9:25:00 AM","01 - Clear","01 - Dry","01 - Traffic signal","02 - Intersection related","01 - Daylight","03 - P.D. only","02 - Angle"
"758","BANK ST @ HERON RD","369996.05445","5026853.54889","-75.66755","45.37859","2017","12/15/2017","8:18:00 AM","01 - Clear","02 - Wet","01 - Traffic signal","03 - At intersection","01 - Daylight","03 - P.D. only","02 - Angle"
"759","BANK ST @ HERON RD","369997.14012","5026851.77889","-75.66753","45.37857","2017","12/11/2017","11:50:00 AM","01 - Clear","01 - Dry","01 - Traffic signal","02 - Intersection related","01 - Daylight","03 - P.D. only","03 - Rear end"
"760","BANK ST @ HERON RD","369996.22950","5026848.48519","-75.66755","45.37854","2017","11/17/2017","9:45:00 PM","01 - Clear","01 - Dry","01 - Traffic signal","02 - Intersection related","07 - Dark","02 - Non-fatal injury","03 - Rear end"
"761","BANK ST @ HERON RD","369995.38555","5026851.54220","-75.66756","45.37857","2017","12/1/2017","6:33:00 PM","01 - Clear","01 - Dry","01 - Traffic signal","02 - Intersection related","07 - Dark","03 - P.D. only","04 - Sideswipe"
"762","BANK ST @ HERON RD","369996.47047","5026850.79173","-75.66754","45.37856","2017","2/2/2017","4:57:00 PM","01 - Clear","02 - Wet","01 - Traffic signal","02 - Intersection related","01 - Daylight","03 - P.D. only","03 - Rear end"
"763","BANK ST @ HERON RD","369995.38555","5026851.54220","-75.66756","45.37857","2017","2/9/2017","4:55:00 PM","01 - Clear","01 - Dry","01 - Traffic signal","03 - At intersection","01 - Daylight","03 - P.D. only","05 - Turning movement"
"764","BANK ST @ HERON RD","369995.72000","5026851.81357","-75.66755","45.37857","2017","1/27/2017","5:05:00 PM","01 - Clear","02 - Wet","01 - Traffic signal","03 - At intersection","05 - Dusk","03 - P.D. only","05 - Turning movement"
"765","BANK ST @ HERON RD","369996.95457","5026849.07306","-75.66754","45.37855","2017","2/22/2017","3:05:00 AM","01 - Clear","02 - Wet","01 - Traffic signal","02 - Intersection related","07 - Dark","03 - P.D. only","07 - SMV other"
"766","BANK ST @ HERON RD","369995.38555","5026850.87330","-75.66756","45.37857","2017","4/7/2017","11:13:00 PM","01 - Clear","01 - Dry","01 - Traffic signal","02 - Intersection related","07 - Dark","03 - P.D. only","03 - Rear end"
"767","BANK ST @ HERON RD","369995.72000","5026850.35877","-75.66755","45.37856","2017","12/26/2017","1:15:00 PM","01 - Clear","02 - Wet","01 - Traffic signal","03 - At intersection","01 - Daylight","03 - P.D. only","04 - Sideswipe"
"768","BANK ST @ HOLMWOOD AVE","368482.71134","5029197.55870","-75.68657","45.39982","2017","5/10/2017","8:45:00 PM","01 - Clear","01 - Dry","01 - Traffic signal","03 - At intersection","07 - Dark","03 - P.D. only","05 - Turning movement"
"769","BANK ST @ HOLMWOOD AVE","368480.70466","5029196.88980","-75.68659","45.39981","2017","3/17/2017","12:17:00 PM","01 - Clear","01 - Dry","01 - Traffic signal","03 - At intersection","01 - Daylight","03 - P.D. only","05 - Turning movement"
"770","BANK ST @ HOPEWELL AVE","368768.70830","5028504.22814","-75.68300","45.39356","2017","5/16/2017","9:28:00 AM","01 - Clear","01 - Dry","02 - Stop sign","02 - Intersection related","01 - Daylight","03 - P.D. only","03 - Rear end"
"771","BANK ST @ HOPEWELL AVE","368769.04275","5028504.22060","-75.68300","45.39356","2017","5/23/2017","9:33:00 PM","01 - Clear","01 - Dry","02 - Stop sign","02 - Intersection related","07 - Dark","03 - P.D. only","02 - Angle"
"772","BANK ST @ HOPEWELL AVE","368769.25475","5028503.00525","-75.68300","45.39354","2017","2/3/2017","6:44:00 PM","01 - Clear","01 - Dry","02 - Stop sign","03 - At intersection","07 - Dark","02 - Non-fatal injury","01 - Approaching"
"773","BANK ST @ HOPEWELL AVE","368769.18167","5028504.26176","-75.68300","45.39356","2017","12/17/2017","3:38:00 PM","03 - Snow","05 - Packed snow","02 - Stop sign","02 - Intersection related","01 - Daylight","03 - P.D. only","01 - Approaching"
"774","BANK ST @ HUNT CLUB RD","371609.44956","5024096.01468","-75.64732","45.35363","2017","6/22/2017","5:20:00 PM","01 - Clear","01 - Dry","01 - Traffic signal","02 - Intersection related","01 - Daylight","03 - P.D. only","04 - Sideswipe"
"775","BANK ST @ HUNT CLUB RD","371608.40205","5024096.50620","-75.64733","45.35363","2017","4/24/2017","8:57:00 PM","01 - Clear","01 - Dry","01 - Traffic signal","03 - At intersection","07 - Dark","03 - P.D. only","05 - Turning movement"
"776","BANK ST @ HUNT CLUB RD","371608.40205","5024097.17510","-75.64733","45.35364","2017","4/25/2017","5:17:00 AM","01 - Clear","01 - Dry","01 - Traffic signal","03 - At intersection","03 - Dawn","03 - P.D. only","02 - Angle"
"777","BANK ST @ HUNT CLUB RD","371607.73316","5024096.50620","-75.64734","45.35363","2017","5/9/2017","5:51:00 AM","01 - Clear","01 - Dry","01 - Traffic signal","03 - At intersection","01 - Daylight","02 - Non-fatal injury","02 - Angle"
"778","BANK ST @ HUNT CLUB RD","371609.24600","5024098.54421","-75.64732","45.35365","2017","6/12/2017","6:00:00 PM","01 - Clear","01 - Dry","01 - Traffic signal","02 - Intersection related","01 - Daylight","03 - P.D. only","03 - Rear end"
"779","BANK ST @ HUNT CLUB RD","371609.80745","5024095.70299","-75.64732","45.35362","2017","7/30/2017","8:38:00 PM","01 - Clear","01 - Dry","01 - Traffic signal","02 - Intersection related","05 - Dusk","03 - P.D. only","04 - Sideswipe"
"780","BANK ST @ HUNT CLUB RD","371609.68325","5024096.74289","-75.64732","45.35363","2017","7/29/2017","3:29:00 PM","01 - Clear","01 - Dry","01 - Traffic signal","02 - Intersection related","01 - Daylight","03 - P.D. only","03 - Rear end"
"781","BANK ST @ HUNT CLUB RD","371610.15662","5024096.74289","-75.64731","45.35363","2017","8/29/2017","10:42:00 AM","01 - Clear","01 - Dry","01 - Traffic signal","03 - At intersection","01 - Daylight","03 - P.D. only","05 - Turning movement"
"782","BANK ST @ HUNT CLUB RD","371608.25860","5024096.74515","-75.64734","45.35363","2017","9/2/2017","9:41:00 AM","01 - Clear","01 - Dry","01 - Traffic signal","03 - At intersection","01 - Daylight","03 - P.D. only","02 - Angle"
"783","BANK ST @ HUNT CLUB RD","371609.82940","5024097.05265","-75.64732","45.35364","2017","10/10/2017","2:00:00 PM","01 - Clear","01 - Dry","01 - Traffic signal","02 - Intersection related","01 - Daylight","03 - P.D. only","04 - Sideswipe"
"784","BANK ST @ HUNT CLUB RD","371609.28295","5024095.95975","-75.64732","45.35363","2017","9/25/2017","2:53:00 PM","01 - Clear","01 - Dry","01 - Traffic signal","03 - At intersection","01 - Daylight","02 - Non-fatal injury","02 - Angle"
"785","BANK ST @ HUNT CLUB RD","371607.78975","5024097.21626","-75.64734","45.35364","2017","9/30/2017","11:00:00 AM","01 - Clear","01 - Dry","01 - Traffic signal","02 - Intersection related","01 - Daylight","03 - P.D. only","03 - Rear end"
"786","BANK ST @ HUNT CLUB RD","371609.28295","5024095.95975","-75.64732","45.35363","2017","9/29/2017","1:00:00 PM","01 - Clear","01 - Dry","01 - Traffic signal","02 - Intersection related","01 - Daylight","03 - P.D. only","04 - Sideswipe"
"787","BANK ST @ HUNT CLUB RD","371609.20987","5024096.26951","-75.64732","45.35363","2017","9/6/2017","5:55:00 PM","01 - Clear","01 - Dry","01 - Traffic signal","02 - Intersection related","01 - Daylight","03 - P.D. only","03 - Rear end"
"788","BANK ST @ HUNT CLUB RD","371607.73316","5024097.17510","-75.64734","45.35364","2017","11/9/2017","12:08:00 PM","02 - Rain","02 - Wet","01 - Traffic signal","03 - At intersection","01 - Daylight","03 - P.D. only","07 - SMV other"
"789","BANK ST @ HUNT CLUB RD","371608.73650","5024096.73168","-75.64733","45.35363","2017","11/28/2017","3:40:00 PM","01 - Clear","01 - Dry","01 - Traffic signal","02 - Intersection related","01 - Daylight","03 - P.D. only","03 - Rear end"
"790","BANK ST @ HUNT CLUB RD","371608.73650","5024096.13097","-75.64733","45.35363","2017","2/10/2017","12:40:00 PM","01 - Clear","01 - Dry","01 - Traffic signal","02 - Intersection related","01 - Daylight","03 - P.D. only","03 - Rear end"
"791","BANK ST @ HUNT CLUB RD","371608.73650","5024097.05265","-75.64733","45.35364","2017","2/2/2017","7:10:00 AM","01 - Clear","01 - Dry","01 - Traffic signal","02 - Intersection related","03 - Dawn","03 - P.D. only","03 - Rear end"
"792","BANK ST @ HUNT CLUB RD","371607.01976","5024094.78946","-75.64735","45.35362","2017","1/6/2017","11:04:00 AM","01 - Clear","06 - Ice","01 - Traffic signal","02 - Intersection related","01 - Daylight","03 - P.D. only","03 - Rear end"
"793","BANK ST @ HUNT CLUB RD","371609.20987","5024095.32277","-75.64732","45.35362","2017","1/5/2017","10:29:00 PM","02 - Rain","06 - Ice","01 - Traffic signal","02 - Intersection related","07 - Dark","03 - P.D. only","03 - Rear end"
"794","BANK ST @ HUNT CLUB RD","371608.73650","5024097.63190","-75.64733","45.35364","2017","2/14/2017","12:08:00 AM","01 - Clear","01 - Dry","01 - Traffic signal","03 - At intersection","07 - Dark","03 - P.D. only","07 - SMV other"
"795","BANK ST @ HUNT CLUB RD","371608.40205","5024096.50620","-75.64733","45.35363","2017","4/17/2017","1:56:00 PM","01 - Clear","01 - Dry","01 - Traffic signal","02 - Intersection related","01 - Daylight","02 - Non-fatal injury","07 - SMV other"
"796","BANK ST @ HUNT CLUB RD","371608.25860","5024096.26725","-75.64734","45.35363","2017","12/28/2017","8:10:00 AM","03 - Snow","03 - Loose snow","01 - Traffic signal","02 - Intersection related","01 - Daylight","03 - P.D. only","03 - Rear end"
"797","BANK ST @ JOHN QUINN RD","383423.79074","5010701.07531","-75.49868","45.23188","2017","5/14/2017","8:39:00 AM","02 - Rain","02 - Wet","02 - Stop sign","02 - Intersection related","01 - Daylight","03 - P.D. only","01 - Approaching"
"798","BANK ST @ JOHN QUINN RD","383418.60370","5010702.30708","-75.49875","45.23189","2017","2/14/2017","4:40:00 AM","01 - Clear","01 - Dry","02 - Stop sign","02 - Intersection related","07 - Dark","03 - P.D. only","07 - SMV other"
"799","BANK ST @ JOHNSTON RD","370852.06495","5024838.85900","-75.65689","45.36038","2017","6/21/2017","11:29:00 AM","01 - Clear","01 - Dry","01 - Traffic signal","03 - At intersection","01 - Daylight","02 - Non-fatal injury","05 - Turning movement"
"800","BANK ST @ JOHNSTON RD","370850.05826","5024839.52790","-75.65691","45.36039","2017","4/29/2017","5:22:00 PM","01 - Clear","01 - Dry","01 - Traffic signal","03 - At intersection","01 - Daylight","02 - Non-fatal injury","02 - Angle"
"801","BANK ST @ JOHNSTON RD","370851.73050","5024840.17515","-75.65689","45.36039","2017","8/17/2017","8:34:00 PM","01 - Clear","01 - Dry","01 - Traffic signal","03 - At intersection","07 - Dark","03 - P.D. only","05 - Turning movement"
"802","BANK ST @ JOHNSTON RD","370850.72716","5024839.52790","-75.65690","45.36039","2017","10/31/2017","9:35:00 AM","01 - Clear","01 - Dry","01 - Traffic signal","02 - Intersection related","01 - Daylight","02 - Non-fatal injury","07 - SMV other"
"803","BANK ST @ JOHNSTON RD","370851.78727","5024839.64615","-75.65689","45.36039","2017","10/11/2017","5:19:00 PM","01 - Clear","01 - Dry","01 - Traffic signal","02 - Intersection related","01 - Daylight","03 - P.D. only","03 - Rear end"
"804","BANK ST @ JOHNSTON RD","370851.39605","5024838.19011","-75.65690","45.36038","2017","11/18/2017","11:35:00 AM","04 - Freezing Rain","06 - Ice","01 - Traffic signal","02 - Intersection related","01 - Daylight","03 - P.D. only","04 - Sideswipe"
"805","BANK ST @ JOHNSTON RD","370851.39605","5024838.19011","-75.65690","45.36038","2017","11/24/2017","5:21:00 PM","01 - Clear","01 - Dry","01 - Traffic signal","03 - At intersection","07 - Dark","03 - P.D. only","05 - Turning movement"
"806","BANK ST @ JOHNSTON RD","370852.18146","5024839.75338","-75.65689","45.36039","2017","12/3/2017","6:05:00 PM","01 - Clear","01 - Dry","01 - Traffic signal","03 - At intersection","07 - Dark","02 - Non-fatal injury","05 - Turning movement"
"807","BANK ST @ JOHNSTON RD","370850.05826","5024839.52790","-75.65691","45.36039","2017","11/24/2017","9:51:00 AM","01 - Clear","01 - Dry","01 - Traffic signal","02 - Intersection related","01 - Daylight","03 - P.D. only","03 - Rear end"
"808","BANK ST @ JOHNSTON RD","370853.44724","5024842.10301","-75.65687","45.36041","2017","1/5/2017","4:30:00 PM","01 - Clear","06 - Ice","01 - Traffic signal","02 - Intersection related","01 - Daylight","03 - P.D. only","03 - Rear end"
"809","BANK ST @ JOHNSTON RD","370853.23144","5024838.40220","-75.65687","45.36038","2017","1/31/2017","6:02:00 PM","01 - Clear","01 - Dry","01 - Traffic signal","03 - At intersection","07 - Dark","02 - Non-fatal injury","07 - SMV other"
"810","BANK ST @ JOHNSTON RD","370852.27324","5024839.25653","-75.65688","45.36039","2017","1/27/2017","4:35:00 PM","01 - Clear","01 - Dry","01 - Traffic signal","02 - Intersection related","01 - Daylight","03 - P.D. only","99 - Other"
"811","BANK ST @ JOHNSTON RD","370853.23144","5024839.15267","-75.65687","45.36038","2017","3/9/2017","4:12:00 PM","01 - Clear","01 - Dry","01 - Traffic signal","02 - Intersection related","01 - Daylight","03 - P.D. only","03 - Rear end"
"812","BANK ST @ JOHNSTON RD","370852.06495","5024839.52790","-75.65689","45.36039","2017","3/6/2017","6:16:00 PM","04 - Freezing Rain","06 - Ice","01 - Traffic signal","03 - At intersection","05 - Dusk","02 - Non-fatal injury","05 - Turning movement"
"813","BANK ST @ JOHNSTON RD","370851.01172","5024838.41146","-75.65690","45.36038","2017","12/21/2017","10:29:00 AM","01 - Clear","01 - Dry","01 - Traffic signal","03 - At intersection","01 - Daylight","02 - Non-fatal injury","03 - Rear end"
"814","BANK ST @ KILBORN AVE/BELANGER AVE","369654.05435","5027426.21001","-75.67184","45.38377","2017","5/13/2017","1:54:00 PM","02 - Rain","02 - Wet","01 - Traffic signal","03 - At intersection","01 - Daylight","03 - P.D. only","05 - Turning movement"
"815","BANK ST @ KILBORN AVE/BELANGER AVE","369653.21040","5027427.54780","-75.67185","45.38379","2017","11/22/2017","10:49:00 AM","01 - Clear","02 - Wet","01 - Traffic signal","03 - At intersection","01 - Daylight","02 - Non-fatal injury","05 - Turning movement"
"816","BANK ST @ KILBORN AVE/BELANGER AVE","369655.97131","5027427.92303","-75.67181","45.38379","2017","2/14/2017","6:03:00 PM","03 - Snow","03 - Loose snow","01 - Traffic signal","03 - At intersection","07 - Dark","03 - P.D. only","05 - Turning movement"
"817","BANK ST @ KILBORN AVE/BELANGER AVE","369654.38008","5027426.29469","-75.67183","45.38377","2017","1/1/2017","11:41:00 AM","01 - Clear","02 - Wet","01 - Traffic signal","02 - Intersection related","01 - Daylight","03 - P.D. only","99 - Other"
"818","BANK ST @ KILBORN AVE/BELANGER AVE","369654.72324","5027426.87890","-75.67183","45.38378","2017","3/1/2017","8:36:00 AM","02 - Rain","02 - Wet","01 - Traffic signal","03 - At intersection","01 - Daylight","02 - Non-fatal injury","05 - Turning movement"
"819","BANK ST @ KINGSDALE AVE","373269.29015","5023501.06515","-75.62622","45.34811","2017","10/5/2017","2:12:00 PM","01 - Clear","01 - Dry","02 - Stop sign","03 - At intersection","01 - Daylight","03 - P.D. only","02 - Angle"
"820","BANK ST @ KINGSDALE AVE","373270.41594","5023501.18760","-75.62621","45.34811","2017","12/4/2017","3:03:00 PM","01 - Clear","01 - Dry","02 - Stop sign","03 - At intersection","01 - Daylight","03 - P.D. only","02 - Angle"
"821","BANK ST @ KINGSDALE AVE","373268.42862","5023499.35663","-75.62623","45.34810","2017","1/30/2017","9:44:00 PM","01 - Clear","01 - Dry","02 - Stop sign","03 - At intersection","07 - Dark","03 - P.D. only","02 - Angle"
"822","BANK ST @ LAURIER AVE","367481.70364","5031264.25051","-75.69909","45.41851","2017","6/9/2017","2:56:00 PM","01 - Clear","01 - Dry","01 - Traffic signal","03 - At intersection","01 - Daylight","02 - Non-fatal injury","05 - Turning movement"
"823","BANK ST @ LAURIER AVE","367481.20980","5031264.56930","-75.69909","45.41851","2017","6/1/2017","3:01:00 PM","01 - Clear","01 - Dry","01 - Traffic signal","03 - At intersection","01 - Daylight","02 - Non-fatal injury","07 - SMV other"
"824","BANK ST @ LAURIER AVE","367480.70030","5031265.32056","-75.69910","45.41852","2017","8/3/2017","4:30:00 PM","01 - Clear","01 - Dry","01 - Traffic signal","02 - Intersection related","01 - Daylight","03 - P.D. only","04 - Sideswipe"
"825","BANK ST @ LAURIER AVE","367482.37254","5031266.25720","-75.69908","45.41852","2017","10/2/2017","7:06:00 PM","01 - Clear","01 - Dry","01 - Traffic signal","03 - At intersection","07 - Dark","02 - Non-fatal injury","05 - Turning movement"
"826","BANK ST @ LAURIER AVE","367481.60385","5031264.85188","-75.69909","45.41851","2017","9/6/2017","12:53:00 PM","01 - Clear","01 - Dry","01 - Traffic signal","02 - Intersection related","01 - Daylight","02 - Non-fatal injury","04 - Sideswipe"
"827","BANK ST @ LEITRIM RD","375359.42644","5021619.49710","-75.59982","45.33098","2017","5/18/2017","8:30:00 PM","02 - Rain","02 - Wet","01 - Traffic signal","02 - Intersection related","05 - Dusk","03 - P.D. only","03 - Rear end"
"828","BANK ST @ LEITRIM RD","375356.75086","5021620.83489","-75.59985","45.33099","2017","5/5/2017","3:54:00 PM","02 - Rain","02 - Wet","01 - Traffic signal","02 - Intersection related","01 - Daylight","03 - P.D. only","03 - Rear end"
"829","BANK ST @ LEITRIM RD","375357.75420","5021619.22936","-75.59984","45.33097","2017","7/12/2017","9:09:00 PM","02 - Rain","02 - Wet","01 - Traffic signal","03 - At intersection","07 - Dark","03 - P.D. only","04 - Sideswipe"
"830","BANK ST @ LEITRIM RD","375358.65612","5021619.27162","-75.59983","45.33097","2017","9/27/2017","4:07:00 PM","01 - Clear","02 - Wet","01 - Traffic signal","03 - At intersection","01 - Daylight","03 - P.D. only","05 - Turning movement"
"831","BANK ST @ LEITRIM RD","375356.75086","5021619.49710","-75.59985","45.33098","2017","10/4/2017","12:25:00 PM","02 - Rain","02 - Wet","01 - Traffic signal","02 - Intersection related","01 - Daylight","03 - P.D. only","03 - Rear end"
"832","BANK ST @ LEITRIM RD","375357.75420","5021620.62280","-75.59984","45.33099","2017","1/11/2017","9:37:00 AM","01 - Clear","02 - Wet","01 - Traffic signal","03 - At intersection","01 - Daylight","03 - P.D. only","02 - Angle"
"833","BANK ST @ LEITRIM RD","375358.61257","5021617.78036","-75.59983","45.33096","2017","1/9/2017","7:15:00 AM","01 - Clear","02 - Wet","01 - Traffic signal","02 - Intersection related","03 - Dawn","03 - P.D. only","03 - Rear end"
"834","BANK ST @ LEITRIM RD","375357.21146","5021618.68299","-75.59985","45.33097","2017","1/6/2017","7:55:00 AM","01 - Clear","02 - Wet","01 - Traffic signal","03 - At intersection","01 - Daylight","02 - Non-fatal injury","05 - Turning movement"
"835","BANK ST @ LEITRIM RD","375357.41975","5021617.49041","-75.59985","45.33096","2017","3/14/2017","12:36:00 PM","03 - Snow","03 - Loose snow","01 - Traffic signal","02 - Intersection related","01 - Daylight","03 - P.D. only","04 - Sideswipe"
"836","BANK ST @ LEWIS ST","367810.71550","5030735.56720","-75.69495","45.41372","2017","1/30/2017","1:17:00 PM","01 - Clear","05 - Packed snow","02 - Stop sign","02 - Intersection related","01 - Daylight","03 - P.D. only","99 - Other"
"837","BANK ST @ LISGAR ST","367604.71380","5031064.33221","-75.69754","45.41670","2017","10/6/2017","10:30:00 AM","01 - Clear","01 - Dry","01 - Traffic signal","03 - At intersection","01 - Daylight","03 - P.D. only","02 - Angle"
"838","BANK ST @ MACLAREN ST","367741.16736","5030846.38191","-75.69583","45.41472","2017","10/17/2017","4:39:00 PM","01 - Clear","01 - Dry","01 - Traffic signal","02 - Intersection related","01 - Daylight","02 - Non-fatal injury","03 - Rear end"
"839","BANK ST @ MARCO ST","377859.10275","5015733.46880","-75.56880","45.27776","2017","2/12/2017","7:01:00 PM","03 - Snow","03 - Loose snow","02 - Stop sign","03 - At intersection","07 - Dark","02 - Non-fatal injury","02 - Angle"
"840","BANK ST @ MASON ST","377900.05006","5015640.44980","-75.56829","45.27692","2017","1/2/2017","3:45:00 PM","01 - Clear","01 - Dry","02 - Stop sign","02 - Intersection related","01 - Daylight","02 - Non-fatal injury","03 - Rear end"
"841","BANK ST @ MCLEOD ST","367947.70656","5030488.24210","-75.69323","45.41148","2017","5/13/2017","11:01:00 AM","01 - Clear","01 - Dry","02 - Stop sign","02 - Intersection related","01 - Daylight","03 - P.D. only","06 - SMV unattended vehicle"
"842","BANK ST @ MCLEOD ST","367949.82766","5030488.05202","-75.69321","45.41148","2017","10/4/2017","8:30:00 AM","01 - Clear","01 - Dry","02 - Stop sign","03 - At intersection","01 - Daylight","02 - Non-fatal injury","07 - SMV other"
"843","BANK ST @ MITCH OWENS RD","377760.43794","5015946.79060","-75.57003","45.27969","2017","4/30/2017","8:21:00 AM","01 - Clear","01 - Dry","01 - Traffic signal","03 - At intersection","01 - Daylight","03 - P.D. only","05 - Turning movement"
"844","BANK ST @ MITCH OWENS RD","377758.76570","5015947.23402","-75.57005","45.27969","2017","6/5/2017","4:11:00 PM","01 - Clear","01 - Dry","01 - Traffic signal","03 - At intersection","01 - Daylight","03 - P.D. only","03 - Rear end"
"845","BANK ST @ MITCH OWENS RD","377757.47120","5015948.53825","-75.57007","45.27971","2017","8/19/2017","4:25:00 PM","01 - Clear","01 - Dry","01 - Traffic signal","02 - Intersection related","01 - Daylight","03 - P.D. only","05 - Turning movement"
"846","BANK ST @ MITCH OWENS RD","377758.29233","5015947.22281","-75.57005","45.27969","2017","10/5/2017","2:24:00 PM","01 - Clear","01 - Dry","01 - Traffic signal","03 - At intersection","01 - Daylight","02 - Non-fatal injury","05 - Turning movement"
"847","BANK ST @ MITCH OWENS RD","377759.51617","5015946.33380","-75.57004","45.27969","2017","1/9/2017","12:09:00 PM","01 - Clear","02 - Wet","01 - Traffic signal","03 - At intersection","01 - Daylight","03 - P.D. only","05 - Turning movement"
"848","BANK ST @ MITCH OWENS RD","377759.10015","5015946.12171","-75.57004","45.27968","2017","4/21/2017","1:00:00 PM","01 - Clear","01 - Dry","01 - Traffic signal","03 - At intersection","01 - Daylight","03 - P.D. only","05 - Turning movement"
"849","BANK ST @ ORVILLE KEMP ST","375212.76258","5021967.11204","-75.60164","45.33412","2017","6/22/2017","7:41:00 AM","01 - Clear","01 - Dry","02 - Stop sign","02 - Intersection related","01 - Daylight","02 - Non-fatal injury","03 - Rear end"
"850","BANK ST @ OSSINGTON AVE","368891.05185","5028319.88510","-75.68146","45.39189","2017","6/10/2017","7:07:00 PM","01 - Clear","01 - Dry","10 - No control","03 - At intersection","01 - Daylight","02 - Non-fatal injury","05 - Turning movement"
"851","BANK ST @ OSSINGTON AVE","368891.74124","5028321.82858","-75.68146","45.39190","2017","12/21/2017","12:04:00 PM","01 - Clear","02 - Wet","10 - No control","03 - At intersection","01 - Daylight","03 - P.D. only","04 - Sideswipe"
"852","BANK ST @ PARK LANE","374041.77281","5022694.84283","-75.61648","45.34078","2017","8/12/2017","6:27:00 PM","02 - Rain","02 - Wet","02 - Stop sign","03 - At intersection","01 - Daylight","02 - Non-fatal injury","07 - SMV other"
"853","BANK ST @ PARK LANE","374039.26090","5022691.26165","-75.61651","45.34075","2017","8/12/2017","5:01:00 PM","01 - Clear","02 - Wet","02 - Stop sign","03 - At intersection","01 - Daylight","03 - P.D. only","07 - SMV other"
"854","BANK ST @ PORTLAND AVE","370106.40882","5026552.26027","-75.66618","45.37587","2017","12/24/2017","5:10:00 PM","01 - Clear","05 - Packed snow","02 - Stop sign","03 - At intersection","07 - Dark","03 - P.D. only","02 - Angle"
"855","BANK ST @ POWELL AVE","368174.04205","5029945.56090","-75.69041","45.40658","2017","5/19/2017","3:07:00 PM","01 - Clear","01 - Dry","02 - Stop sign","02 - Intersection related","01 - Daylight","03 - P.D. only","02 - Angle"
"856","BANK ST @ QUEEN ST","367343.36955","5031488.91110","-75.70083","45.42054","2017","5/11/2017","4:40:00 PM","01 - Clear","01 - Dry","01 - Traffic signal","02 - Intersection related","01 - Daylight","03 - P.D. only","04 - Sideswipe"
"857","BANK ST @ QUEENSDALE AVE","373337.74624","5023444.84450","-75.62536","45.34760","2017","5/24/2017","2:00:00 PM","01 - Clear","01 - Dry","01 - Traffic signal","02 - Intersection related","01 - Daylight","02 - Non-fatal injury","03 - Rear end"
"858","BANK ST @ QUEENSDALE AVE","373336.74290","5023446.66151","-75.62537","45.34762","2017","7/23/2017","2:18:00 PM","01 - Clear","01 - Dry","01 - Traffic signal","02 - Intersection related","01 - Daylight","03 - P.D. only","03 - Rear end"
"859","BANK ST @ QUEENSDALE AVE","373337.39212","5023446.11474","-75.62536","45.34761","2017","10/19/2017","2:36:00 PM","01 - Clear","01 - Dry","01 - Traffic signal","03 - At intersection","01 - Daylight","03 - P.D. only","05 - Turning movement"