"Record","Location","X","Y","Longitude","Latitude","Year","Date","Time","Environment","Road_Surface","Traffic_Control","Collision_Location","Light","Collision_Classification","Impact_type"
"860","BANK ST @ QUEENSDALE AVE","373336.33979","5023446.30900","-75.62537","45.34761","2017","9/27/2017","3:29:00 PM","02 - Rain","02 - Wet","01 - Traffic signal","02 - Intersection related","01 - Daylight","03 - P.D. only","03 - Rear end"
"861","BANK ST @ QUEENSDALE AVE","373337.07735","5023446.18230","-75.62536","45.34761","2017","12/15/2017","5:12:00 PM","03 - Snow","04 - Slush","01 - Traffic signal","03 - At intersection","07 - Dark","03 - P.D. only","05 - Turning movement"
"862","BANK ST @ QUEENSDALE AVE","373337.21627","5023444.32997","-75.62536","45.34760","2017","12/15/2017","5:00:00 PM","03 - Snow","03 - Loose snow","01 - Traffic signal","03 - At intersection","07 - Dark","03 - P.D. only","02 - Angle"
"863","BANK ST @ RANDALL AVE","369740.19857","5027282.78049","-75.67076","45.38248","2017","10/2/2017","3:25:00 PM","01 - Clear","01 - Dry","01 - Traffic signal","03 - At intersection","01 - Daylight","02 - Non-fatal injury","05 - Turning movement"
"864","BANK ST @ RANDALL AVE","369739.67350","5027282.55775","-75.67076","45.38247","2017","9/30/2017","7:45:00 PM","01 - Clear","01 - Dry","01 - Traffic signal","02 - Intersection related","07 - Dark","03 - P.D. only","03 - Rear end"
"865","BANK ST @ RIDEAU RD","376955.75584","5017843.80370","-75.58001","45.29684","2017","5/19/2017","10:20:00 AM","01 - Clear","01 - Dry","01 - Traffic signal","03 - At intersection","01 - Daylight","03 - P.D. only","03 - Rear end"
"866","BANK ST @ RIDEAU RD","376954.75270","5017844.47279","-75.58002","45.29685","2017","7/5/2017","7:47:00 PM","01 - Clear","01 - Dry","01 - Traffic signal","03 - At intersection","01 - Daylight","01 - Fatal injury","05 - Turning movement"
"867","BANK ST @ RIDEAU RD","376954.97448","5017845.58248","-75.58002","45.29686","2017","8/29/2017","12:53:00 PM","01 - Clear","01 - Dry","01 - Traffic signal","02 - Intersection related","01 - Daylight","02 - Non-fatal injury","03 - Rear end"
"868","BANK ST @ RIDEAU RD","376954.75250","5017844.17185","-75.58002","45.29685","2017","7/17/2017","2:35:00 PM","01 - Clear","01 - Dry","01 - Traffic signal","02 - Intersection related","01 - Daylight","03 - P.D. only","03 - Rear end"
"869","BANK ST @ RIDEAU RD","376955.75584","5017843.80370","-75.58001","45.29684","2017","3/15/2017","4:20:00 PM","03 - Snow","06 - Ice","01 - Traffic signal","02 - Intersection related","01 - Daylight","02 - Non-fatal injury","03 - Rear end"
"870","BANK ST @ RIDEAU RD","376954.24300","5017845.49160","-75.58003","45.29686","2017","4/3/2017","12:07:00 PM","01 - Clear","01 - Dry","01 - Traffic signal","02 - Intersection related","01 - Daylight","03 - P.D. only","04 - Sideswipe"
"871","BANK ST @ RIDEAU RD","376956.42474","5017845.14150","-75.58000","45.29685","2017","3/2/2017","1:25:00 PM","01 - Clear","01 - Dry","01 - Traffic signal","03 - At intersection","01 - Daylight","03 - P.D. only","05 - Turning movement"
"872","BANK ST @ RIDEAU RD","376953.74916","5017845.81039","-75.58003","45.29686","2017","3/26/2017","3:52:00 PM","01 - Clear","01 - Dry","01 - Traffic signal","02 - Intersection related","01 - Daylight","03 - P.D. only","03 - Rear end"
"873","BANK ST @ RIDEAU RD","376954.75250","5017845.18945","-75.58002","45.29685","2017","12/25/2017","10:57:00 PM","03 - Snow","05 - Packed snow","01 - Traffic signal","02 - Intersection related","07 - Dark","03 - P.D. only","07 - SMV other"
"874","BANK ST @ RIDGEMONT AVE","370079.72090","5026627.29391","-75.66651","45.37655","2017","10/21/2017","5:37:00 PM","01 - Clear","01 - Dry","02 - Stop sign","02 - Intersection related","07 - Dark","02 - Non-fatal injury","03 - Rear end"
"875","BANK ST @ RIVERDALE AVE","369077.53510","5028116.98600","-75.67911","45.39004","2017","1/28/2017","10:21:00 AM","03 - Snow","02 - Wet","01 - Traffic signal","02 - Intersection related","01 - Daylight","02 - Non-fatal injury","04 - Sideswipe"
"876","BANK ST @ RIVERDALE AVE","369077.38204","5028118.88066","-75.67911","45.39006","2017","12/22/2017","7:48:00 PM","03 - Snow","03 - Loose snow","01 - Traffic signal","02 - Intersection related","07 - Dark","03 - P.D. only","02 - Angle"
"877","BANK ST @ RIVERSIDE DR N","369225.38145","5027982.87710","-75.67724","45.38882","2017","5/26/2017","1:17:00 PM","02 - Rain","02 - Wet","01 - Traffic signal","03 - At intersection","01 - Daylight","03 - P.D. only","05 - Turning movement"
"878","BANK ST @ RIVERSIDE DR N","369227.38814","5027983.54600","-75.67721","45.38883","2017","5/25/2017","1:27:00 PM","01 - Clear","01 - Dry","01 - Traffic signal","02 - Intersection related","01 - Daylight","03 - P.D. only","04 - Sideswipe"
"879","BANK ST @ RIVERSIDE DR N","369226.19380","5027983.78495","-75.67723","45.38883","2017","8/31/2017","3:55:00 PM","01 - Clear","01 - Dry","01 - Traffic signal","02 - Intersection related","01 - Daylight","03 - P.D. only","03 - Rear end"
"880","BANK ST @ RIVERSIDE DR N","369226.66265","5027982.83594","-75.67722","45.38882","2017","8/30/2017","11:35:00 AM","01 - Clear","01 - Dry","01 - Traffic signal","03 - At intersection","01 - Daylight","02 - Non-fatal injury","02 - Angle"
"881","BANK ST @ RIVERSIDE DR N","369225.38145","5027984.21490","-75.67724","45.38883","2017","7/9/2017","3:09:00 PM","01 - Clear","01 - Dry","01 - Traffic signal","03 - At intersection","01 - Daylight","03 - P.D. only","02 - Angle"
"882","BANK ST @ RIVERSIDE DR N","369226.32473","5027983.85041","-75.67723","45.38883","2017","8/9/2017","7:59:00 AM","01 - Clear","01 - Dry","01 - Traffic signal","02 - Intersection related","01 - Daylight","03 - P.D. only","04 - Sideswipe"
"883","BANK ST @ RIVERSIDE DR N","369225.16945","5027984.09245","-75.67724","45.38883","2017","10/12/2017","12:00:00 AM","01 - Clear","01 - Dry","01 - Traffic signal","02 - Intersection related","00 - Unknown","03 - P.D. only","04 - Sideswipe"
"884","BANK ST @ RIVERSIDE DR N","369224.28221","5027984.26285","-75.67725","45.38883","2017","9/19/2017","10:08:00 AM","01 - Clear","01 - Dry","01 - Traffic signal","03 - At intersection","01 - Daylight","03 - P.D. only","02 - Angle"
"885","BANK ST @ RIVERSIDE DR N","369225.71590","5027983.30931","-75.67723","45.38883","2017","9/11/2017","12:02:00 PM","01 - Clear","01 - Dry","01 - Traffic signal","02 - Intersection related","01 - Daylight","03 - P.D. only","03 - Rear end"
"886","BANK ST @ RIVERSIDE DR N","369225.38145","5027982.87710","-75.67724","45.38882","2017","11/2/2017","11:15:00 PM","02 - Rain","02 - Wet","01 - Traffic signal","03 - At intersection","07 - Dark","03 - P.D. only","02 - Angle"
"887","BANK ST @ RIVERSIDE DR N","369225.86405","5027983.20284","-75.67723","45.38883","2017","12/7/2017","3:40:00 PM","01 - Clear","01 - Dry","01 - Traffic signal","02 - Intersection related","01 - Daylight","03 - P.D. only","03 - Rear end"
"888","BANK ST @ RIVERSIDE DR N","369226.05035","5027983.54600","-75.67723","45.38883","2017","11/26/2017","1:40:00 AM","02 - Rain","02 - Wet","01 - Traffic signal","03 - At intersection","07 - Dark","03 - P.D. only","02 - Angle"
"889","BANK ST @ RIVERSIDE DR N","369226.05035","5027983.54600","-75.67723","45.38883","2017","12/3/2017","8:27:00 AM","01 - Clear","01 - Dry","01 - Traffic signal","03 - At intersection","01 - Daylight","02 - Non-fatal injury","02 - Angle"
"890","BANK ST @ RIVERSIDE DR N","369223.99916","5027984.40437","-75.67726","45.38884","2017","1/9/2017","11:59:00 AM","01 - Clear","01 - Dry","01 - Traffic signal","02 - Intersection related","01 - Daylight","03 - P.D. only","04 - Sideswipe"
"891","BANK ST @ RIVERSIDE DR N","369226.61059","5027983.31030","-75.67722","45.38883","2017","1/19/2017","11:17:00 AM","01 - Clear","01 - Dry","01 - Traffic signal","03 - At intersection","01 - Daylight","03 - P.D. only","03 - Rear end"
"892","BANK ST @ RIVERSIDE DR N","369225.38145","5027985.55269","-75.67724","45.38885","2017","2/15/2017","5:57:00 PM","03 - Snow","03 - Loose snow","01 - Traffic signal","02 - Intersection related","07 - Dark","03 - P.D. only","03 - Rear end"
"893","BANK ST @ RIVERSIDE DR N","369225.16945","5027983.54600","-75.67724","45.38883","2017","1/20/2017","6:35:00 AM","01 - Clear","01 - Dry","01 - Traffic signal","03 - At intersection","07 - Dark","03 - P.D. only","02 - Angle"
"894","BANK ST @ RIVERSIDE DR N","369226.95047","5027983.54600","-75.67722","45.38883","2017","1/5/2017","9:05:00 AM","01 - Clear","01 - Dry","01 - Traffic signal","03 - At intersection","01 - Daylight","03 - P.D. only","02 - Angle"
"895","BANK ST @ RIVERSIDE DR N","369226.71924","5027984.21490","-75.67722","45.38883","2017","2/28/2017","9:04:00 PM","01 - Clear","01 - Dry","01 - Traffic signal","03 - At intersection","07 - Dark","03 - P.D. only","05 - Turning movement"
"896","BANK ST @ RIVERSIDE DR N","369226.25036","5027982.71524","-75.67723","45.38882","2017","12/24/2017","1:58:00 PM","01 - Clear","01 - Dry","01 - Traffic signal","02 - Intersection related","01 - Daylight","02 - Non-fatal injury","07 - SMV other"
"897","BANK ST @ RIVERSIDE DR N","369225.23800","5027983.78495","-75.67724","45.38883","2017","12/28/2017","11:27:00 PM","03 - Snow","06 - Ice","01 - Traffic signal","02 - Intersection related","07 - Dark","03 - P.D. only","03 - Rear end"
"898","BANK ST @ RIVERSIDE DR S","369305.05155","5027892.54621","-75.67623","45.38800","2017","6/24/2017","2:28:00 PM","01 - Clear","01 - Dry","01 - Traffic signal","02 - Intersection related","01 - Daylight","03 - P.D. only","03 - Rear end"
"899","BANK ST @ RIVERSIDE DR S","369305.62711","5027894.31181","-75.67623","45.38802","2017","8/26/2017","3:16:00 PM","01 - Clear","01 - Dry","01 - Traffic signal","02 - Intersection related","01 - Daylight","03 - P.D. only","03 - Rear end"
"900","BANK ST @ RIVERSIDE DR S","369304.62390","5027896.12097","-75.67624","45.38803","2017","9/26/2017","9:27:00 PM","01 - Clear","01 - Dry","01 - Traffic signal","03 - At intersection","07 - Dark","03 - P.D. only","02 - Angle"
"901","BANK ST @ RIVERSIDE DR S","369305.61902","5027893.42550","-75.67623","45.38801","2017","9/12/2017","3:41:00 AM","01 - Clear","01 - Dry","01 - Traffic signal","02 - Intersection related","07 - Dark","02 - Non-fatal injury","07 - SMV other"
"902","BANK ST @ RIVERSIDE DR S","369305.72044","5027893.88400","-75.67622","45.38801","2017","12/14/2017","2:26:00 PM","01 - Clear","01 - Dry","01 - Traffic signal","02 - Intersection related","01 - Daylight","03 - P.D. only","04 - Sideswipe"
"903","BANK ST @ RIVERSIDE DR S","369303.04486","5027893.88400","-75.67626","45.38801","2017","1/4/2017","6:09:00 PM","03 - Snow","06 - Ice","01 - Traffic signal","02 - Intersection related","07 - Dark","03 - P.D. only","07 - SMV other"
"904","BANK ST @ RIVERSIDE DR S","369305.05155","5027893.21511","-75.67623","45.38801","2017","4/15/2017","6:28:00 PM","02 - Rain","02 - Wet","01 - Traffic signal","02 - Intersection related","01 - Daylight","03 - P.D. only","07 - SMV other"
"905","BANK ST @ RIVERSIDE DR S","369305.05155","5027893.21511","-75.67623","45.38801","2017","3/25/2017","9:09:00 AM","01 - Clear","01 - Dry","01 - Traffic signal","03 - At intersection","01 - Daylight","03 - P.D. only","02 - Angle"
"906","BANK ST @ ROSEBELLA AVE","373205.23160","5023550.53427","-75.62703","45.34856","2017","2/28/2017","8:53:00 PM","01 - Clear","01 - Dry","01 - Traffic signal","02 - Intersection related","07 - Dark","02 - Non-fatal injury","03 - Rear end"
"907","BANK ST @ ROTARY WAY","375523.54410","5021226.11700","-75.59778","45.32742","2017","11/17/2017","7:45:00 AM","01 - Clear","01 - Dry","01 - Traffic signal","02 - Intersection related","03 - Dawn","03 - P.D. only","03 - Rear end"
"908","BANK ST @ ROTARY WAY","375523.54410","5021226.11700","-75.59778","45.32742","2017","12/11/2017","4:40:00 PM","01 - Clear","02 - Wet","01 - Traffic signal","02 - Intersection related","05 - Dusk","03 - P.D. only","03 - Rear end"
"909","BANK ST @ SECOND AVE","368306.87953","5029627.45320","-75.68876","45.40370","2017","8/14/2017","9:08:00 AM","01 - Clear","01 - Dry","02 - Stop sign","03 - At intersection","01 - Daylight","02 - Non-fatal injury","07 - SMV other"
"910","BANK ST @ SECOND AVE","368305.15895","5029628.56030","-75.68878","45.40371","2017","9/30/2017","10:54:00 AM","01 - Clear","01 - Dry","02 - Stop sign","02 - Intersection related","01 - Daylight","02 - Non-fatal injury","01 - Approaching"
"911","BANK ST @ SECOND AVE","368306.70874","5029627.22251","-75.68876","45.40370","2017","4/13/2017","8:30:00 AM","01 - Clear","01 - Dry","02 - Stop sign","02 - Intersection related","01 - Daylight","03 - P.D. only","04 - Sideswipe"
"912","BANK ST @ SIEVERIGHT AVE","372194.99466","5024131.83024","-75.63984","45.35389","2017","11/11/2017","11:01:00 AM","01 - Clear","01 - Dry","02 - Stop sign","03 - At intersection","01 - Daylight","02 - Non-fatal injury","02 - Angle"
"913","BANK ST @ SIEVERIGHT AVE","372194.87326","5024132.45970","-75.63985","45.35390","2017","2/17/2017","5:54:00 PM","01 - Clear","01 - Dry","02 - Stop sign","02 - Intersection related","07 - Dark","03 - P.D. only","02 - Angle"
"914","BANK ST @ SLATER ST","367423.69906","5031355.24580","-75.69982","45.41933","2017","5/8/2017","2:08:00 PM","01 - Clear","02 - Wet","01 - Traffic signal","02 - Intersection related","01 - Daylight","03 - P.D. only","03 - Rear end"
"915","BANK ST @ SLATER ST","367425.03685","5031354.57690","-75.69980","45.41932","2017","6/29/2017","4:35:00 PM","02 - Rain","02 - Wet","01 - Traffic signal","02 - Intersection related","01 - Daylight","03 - P.D. only","04 - Sideswipe"
"916","BANK ST @ SLATER ST","367425.92940","5031355.47967","-75.69979","45.41933","2017","9/25/2017","2:24:00 AM","01 - Clear","01 - Dry","01 - Traffic signal","02 - Intersection related","07 - Dark","02 - Non-fatal injury","03 - Rear end"
"917","BANK ST @ SLATER ST","367424.44066","5031354.57700","-75.69981","45.41932","2017","12/9/2017","5:33:00 PM","03 - Snow","02 - Wet","01 - Traffic signal","02 - Intersection related","07 - Dark","03 - P.D. only","03 - Rear end"
"918","BANK ST @ SLATER ST","367424.55094","5031353.87147","-75.69981","45.41932","2017","1/15/2017","6:18:00 AM","01 - Clear","02 - Wet","01 - Traffic signal","03 - At intersection","07 - Dark","02 - Non-fatal injury","02 - Angle"
"919","BANK ST @ SLATER ST","367423.75565","5031354.81359","-75.69982","45.41933","2017","12/18/2017","9:24:00 AM","03 - Snow","04 - Slush","01 - Traffic signal","03 - At intersection","01 - Daylight","02 - Non-fatal injury","03 - Rear end"
"920","BANK ST @ SNAKE ISLAND RD/VICTORIA ST","383697.63365","5010121.83518","-75.49529","45.22664","2017","7/18/2017","9:31:00 AM","01 - Clear","01 - Dry","01 - Traffic signal","02 - Intersection related","01 - Daylight","02 - Non-fatal injury","07 - SMV other"
"921","BANK ST @ SNAKE ISLAND RD/VICTORIA ST","383696.45385","5010121.40700","-75.49530","45.22664","2017","12/1/2017","4:30:00 PM","01 - Clear","01 - Dry","01 - Traffic signal","03 - At intersection","05 - Dusk","03 - P.D. only","05 - Turning movement"
"922","BANK ST @ SNAKE ISLAND RD/VICTORIA ST","383698.12630","5010122.22904","-75.49528","45.22664","2017","11/11/2017","9:00:00 AM","01 - Clear","01 - Dry","01 - Traffic signal","03 - At intersection","01 - Daylight","03 - P.D. only","05 - Turning movement"
"923","BANK ST @ SNAKE ISLAND RD/VICTORIA ST","383696.45385","5010121.40700","-75.49530","45.22664","2017","11/30/2017","10:49:00 AM","01 - Clear","01 - Dry","01 - Traffic signal","03 - At intersection","01 - Daylight","03 - P.D. only","05 - Turning movement"
"924","BANK ST @ SNAKE ISLAND RD/VICTORIA ST","383695.78496","5010120.73810","-75.49531","45.22663","2017","11/13/2017","5:11:00 AM","01 - Clear","01 - Dry","01 - Traffic signal","03 - At intersection","07 - Dark","03 - P.D. only","07 - SMV other"
"925","BANK ST @ SNAKE ISLAND RD/VICTORIA ST","383696.68893","5010122.04292","-75.49530","45.22664","2017","12/21/2017","1:00:00 PM","01 - Clear","01 - Dry","01 - Traffic signal","03 - At intersection","01 - Daylight","02 - Non-fatal injury","05 - Turning movement"
"926","BANK ST @ SNAKE ISLAND RD/VICTORIA ST","383696.31493","5010121.64369","-75.49530","45.22664","2017","12/17/2017","7:18:00 PM","01 - Clear","01 - Dry","01 - Traffic signal","02 - Intersection related","07 - Dark","03 - P.D. only","07 - SMV other"
"927","BANK ST @ SOMERSET ST","367694.15645","5030916.65740","-75.69642","45.41536","2017","10/5/2017","9:54:00 AM","01 - Clear","01 - Dry","01 - Traffic signal","02 - Intersection related","01 - Daylight","03 - P.D. only","04 - Sideswipe"
"928","BANK ST @ SOMERSET ST","367695.64965","5030915.80119","-75.69640","45.41535","2017","9/21/2017","4:22:00 PM","01 - Clear","01 - Dry","01 - Traffic signal","03 - At intersection","01 - Daylight","03 - P.D. only","05 - Turning movement"
"929","BANK ST @ SOMERSET ST","367694.16016","5030916.92135","-75.69642","45.41536","2017","1/20/2017","10:35:00 PM","01 - Clear","02 - Wet","01 - Traffic signal","03 - At intersection","07 - Dark","02 - Non-fatal injury","07 - SMV other"
"930","BANK ST @ SOUTHKEYS SC","371084.06395","5024522.85339","-75.65397","45.35752","2017","6/4/2017","3:30:00 PM","01 - Clear","01 - Dry","01 - Traffic signal","02 - Intersection related","01 - Daylight","02 - Non-fatal injury","03 - Rear end"
"931","BANK ST @ SOUTHKEYS SC","371083.39505","5024520.84670","-75.65398","45.35750","2017","4/23/2017","1:08:00 PM","01 - Clear","01 - Dry","01 - Traffic signal","03 - At intersection","01 - Daylight","02 - Non-fatal injury","05 - Turning movement"
"932","BANK ST @ ST. BERNARD ST","373005.28649","5023708.41423","-75.62956","45.35000","2017","10/21/2017","9:18:00 AM","01 - Clear","01 - Dry","01 - Traffic signal","03 - At intersection","01 - Daylight","03 - P.D. only","02 - Angle"
"933","BANK ST @ ST. PAUL AVE","370508.27945","5025560.73587","-75.66118","45.36691","2017","8/15/2017","7:27:00 PM","01 - Clear","01 - Dry","02 - Stop sign","02 - Intersection related","05 - Dusk","03 - P.D. only","03 - Rear end"
"934","BANK ST @ SUNNYSIDE AVE","368735.05866","5028581.61750","-75.68342","45.39425","2017","6/25/2017","9:30:00 AM","01 - Clear","01 - Dry","01 - Traffic signal","02 - Intersection related","01 - Daylight","03 - P.D. only","04 - Sideswipe"
"935","BANK ST @ SUNNYSIDE AVE","368734.37425","5028582.21810","-75.68343","45.39426","2017","5/20/2017","5:53:00 PM","01 - Clear","01 - Dry","01 - Traffic signal","02 - Intersection related","01 - Daylight","03 - P.D. only","04 - Sideswipe"
"936","BANK ST @ SUNNYSIDE AVE","368733.10227","5028580.74599","-75.68345","45.39425","2017","8/10/2017","1:59:00 PM","01 - Clear","01 - Dry","01 - Traffic signal","03 - At intersection","01 - Daylight","03 - P.D. only","04 - Sideswipe"
"937","BANK ST @ SUNNYSIDE AVE","368733.76195","5028580.36577","-75.68344","45.39424","2017","9/25/2017","9:17:00 PM","01 - Clear","01 - Dry","01 - Traffic signal","03 - At intersection","07 - Dark","02 - Non-fatal injury","05 - Turning movement"
"938","BANK ST @ SUNNYSIDE AVE","368735.18660","5028581.31025","-75.68342","45.39425","2017","9/11/2017","7:46:00 AM","01 - Clear","01 - Dry","01 - Traffic signal","03 - At intersection","01 - Daylight","02 - Non-fatal injury","05 - Turning movement"
"939","BANK ST @ SUNNYSIDE AVE","368735.71204","5028581.54920","-75.68341","45.39425","2017","11/9/2017","9:06:00 PM","02 - Rain","02 - Wet","01 - Traffic signal","03 - At intersection","07 - Dark","02 - Non-fatal injury","07 - SMV other"
"940","BANK ST @ SUNNYSIDE AVE","368735.79418","5028581.27783","-75.68341","45.39425","2017","1/28/2017","8:58:00 AM","02 - Rain","02 - Wet","01 - Traffic signal","03 - At intersection","01 - Daylight","03 - P.D. only","05 - Turning movement"
"941","BANK ST @ SUNNYSIDE AVE","368735.71204","5028580.21141","-75.68341","45.39424","2017","3/14/2017","12:42:00 PM","01 - Clear","03 - Loose snow","01 - Traffic signal","03 - At intersection","01 - Daylight","03 - P.D. only","05 - Turning movement"
"942","BANK ST @ SURREY AVE","370385.82301","5025809.30270","-75.66271","45.36916","2017","6/27/2017","8:07:00 AM","01 - Clear","01 - Dry","02 - Stop sign","03 - At intersection","01 - Daylight","03 - P.D. only","05 - Turning movement"
"943","BANK ST @ SURREY AVE","370383.70226","5025810.19875","-75.66274","45.36917","2017","9/1/2017","1:59:00 PM","01 - Clear","01 - Dry","02 - Stop sign","03 - At intersection","01 - Daylight","03 - P.D. only","02 - Angle"
"944","BANK ST @ SURREY AVE","370383.45490","5025810.73483","-75.66274","45.36917","2017","12/7/2017","8:39:00 AM","01 - Clear","01 - Dry","02 - Stop sign","03 - At intersection","01 - Daylight","03 - P.D. only","02 - Angle"
"945","BANK ST @ SURREY AVE","370383.56110","5025810.45460","-75.66274","45.36917","2017","12/8/2017","6:22:00 PM","01 - Clear","01 - Dry","02 - Stop sign","03 - At intersection","07 - Dark","03 - P.D. only","02 - Angle"
"946","BANK ST @ THIRD AVE","368336.06977","5029549.63982","-75.68839","45.40300","2017","8/2/2017","5:58:00 PM","01 - Clear","01 - Dry","01 - Traffic signal","02 - Intersection related","01 - Daylight","03 - P.D. only","06 - SMV unattended vehicle"
"947","BANK ST @ THIRD AVE","368337.30496","5029552.72333","-75.68838","45.40303","2017","10/3/2017","5:12:00 PM","01 - Clear","01 - Dry","01 - Traffic signal","02 - Intersection related","01 - Daylight","03 - P.D. only","03 - Rear end"
"948","BANK ST @ VANCOUVER AVE","370442.18315","5025683.52271","-75.66201","45.36802","2017","12/14/2017","8:21:00 AM","01 - Clear","06 - Ice","02 - Stop sign","02 - Intersection related","01 - Daylight","03 - P.D. only","03 - Rear end"
"949","BANK ST @ VANCOUVER AVE","370440.90195","5025683.75940","-75.66202","45.36802","2017","11/19/2017","7:07:00 AM","03 - Snow","06 - Ice","02 - Stop sign","03 - At intersection","03 - Dawn","02 - Non-fatal injury","07 - SMV other"
"950","BANK ST @ WALKLEY RD","370336.84866","5025946.39711","-75.66332","45.37040","2017","5/24/2017","1:21:00 PM","01 - Clear","01 - Dry","01 - Traffic signal","02 - Intersection related","01 - Daylight","03 - P.D. only","04 - Sideswipe"
"951","BANK ST @ WALKLEY RD","370338.36150","5025949.77291","-75.66330","45.37043","2017","5/25/2017","1:29:00 PM","01 - Clear","01 - Dry","01 - Traffic signal","02 - Intersection related","01 - Daylight","03 - P.D. only","03 - Rear end"
"952","BANK ST @ WALKLEY RD","370339.38051","5025945.69689","-75.66328","45.37039","2017","6/8/2017","3:22:00 PM","01 - Clear","01 - Dry","01 - Traffic signal","02 - Intersection related","01 - Daylight","03 - P.D. only","03 - Rear end"
"953","BANK ST @ WALKLEY RD","370338.07398","5025947.95688","-75.66330","45.37041","2017","8/28/2017","9:40:00 PM","01 - Clear","01 - Dry","01 - Traffic signal","02 - Intersection related","07 - Dark","03 - P.D. only","03 - Rear end"
"954","BANK ST @ WALKLEY RD","370338.51793","5025948.84478","-75.66329","45.37042","2017","8/31/2017","9:03:00 PM","01 - Clear","01 - Dry","01 - Traffic signal","02 - Intersection related","07 - Dark","03 - P.D. only","04 - Sideswipe"
"955","BANK ST @ WALKLEY RD","370338.07398","5025947.51292","-75.66330","45.37041","2017","8/30/2017","12:28:00 PM","01 - Clear","01 - Dry","01 - Traffic signal","03 - At intersection","01 - Daylight","03 - P.D. only","03 - Rear end"
"956","BANK ST @ WALKLEY RD","370337.37410","5025947.97385","-75.66331","45.37041","2017","9/14/2017","5:30:00 PM","01 - Clear","01 - Dry","01 - Traffic signal","02 - Intersection related","01 - Daylight","03 - P.D. only","03 - Rear end"
"957","BANK ST @ WALKLEY RD","370337.37863","5025948.44496","-75.66331","45.37041","2017","9/5/2017","9:43:00 PM","01 - Clear","01 - Dry","01 - Traffic signal","03 - At intersection","07 - Dark","03 - P.D. only","05 - Turning movement"
"958","BANK ST @ WALKLEY RD","370338.18645","5025946.39711","-75.66330","45.37040","2017","10/21/2017","7:39:00 PM","01 - Clear","01 - Dry","01 - Traffic signal","02 - Intersection related","07 - Dark","02 - Non-fatal injury","99 - Other"
"959","BANK ST @ WALKLEY RD","370338.94490","5025946.09556","-75.66329","45.37039","2017","9/26/2017","8:20:00 AM","01 - Clear","01 - Dry","01 - Traffic signal","03 - At intersection","01 - Daylight","03 - P.D. only","02 - Angle"
"960","BANK ST @ WALKLEY RD","370337.85200","5025948.44496","-75.66330","45.37041","2017","10/24/2017","8:23:00 AM","02 - Rain","02 - Wet","01 - Traffic signal","02 - Intersection related","01 - Daylight","03 - P.D. only","04 - Sideswipe"
"961","BANK ST @ WALKLEY RD","370338.30296","5025947.50942","-75.66330","45.37041","2017","11/17/2017","2:12:00 PM","01 - Clear","01 - Dry","01 - Traffic signal","02 - Intersection related","01 - Daylight","03 - P.D. only","04 - Sideswipe"
"962","BANK ST @ WALKLEY RD","370338.18645","5025947.73490","-75.66330","45.37041","2017","12/10/2017","12:21:00 PM","01 - Clear","02 - Wet","01 - Traffic signal","03 - At intersection","01 - Daylight","03 - P.D. only","02 - Angle"
"963","BANK ST @ WALKLEY RD","370338.85534","5025948.40380","-75.66329","45.37041","2017","12/4/2017","4:47:00 PM","01 - Clear","01 - Dry","01 - Traffic signal","02 - Intersection related","05 - Dusk","02 - Non-fatal injury","07 - SMV other"
"964","BANK ST @ WALKLEY RD","370336.90525","5025947.02484","-75.66332","45.37040","2017","1/17/2017","4:15:00 PM","01 - Clear","01 - Dry","01 - Traffic signal","02 - Intersection related","01 - Daylight","03 - P.D. only","03 - Rear end"
"965","BANK ST @ WALKLEY RD","370338.71037","5025948.59327","-75.66329","45.37042","2017","1/15/2017","2:30:00 PM","01 - Clear","01 - Dry","01 - Traffic signal","02 - Intersection related","01 - Daylight","03 - P.D. only","03 - Rear end"
"966","BANK ST @ WALKLEY RD","370337.77956","5025947.42685","-75.66330","45.37040","2017","1/2/2017","4:50:00 PM","01 - Clear","01 - Dry","01 - Traffic signal","02 - Intersection related","05 - Dusk","03 - P.D. only","04 - Sideswipe"
"967","BANK ST @ WALKLEY RD","370337.85210","5025947.73510","-75.66330","45.37041","2017","1/5/2017","4:50:00 PM","01 - Clear","06 - Ice","01 - Traffic signal","03 - At intersection","05 - Dusk","03 - P.D. only","02 - Angle"
"968","BANK ST @ WALKLEY RD","370336.99363","5025946.01816","-75.66331","45.37039","2017","1/14/2017","2:17:00 PM","01 - Clear","01 - Dry","01 - Traffic signal","02 - Intersection related","01 - Daylight","02 - Non-fatal injury","03 - Rear end"
"969","BANK ST @ WALKLEY RD","370339.56874","5025948.59327","-75.66328","45.37042","2017","1/4/2017","10:48:00 AM","03 - Snow","03 - Loose snow","01 - Traffic signal","02 - Intersection related","01 - Daylight","03 - P.D. only","03 - Rear end"
"970","BANK ST @ WALKLEY RD","370338.85534","5025947.06600","-75.66329","45.37040","2017","3/3/2017","7:14:00 PM","01 - Clear","01 - Dry","01 - Traffic signal","02 - Intersection related","07 - Dark","03 - P.D. only","03 - Rear end"