"Record","Location","X","Y","Longitude","Latitude","Year","Date","Time","Environment","Road_Surface","Traffic_Control","Collision_Location","Light","Collision_Classification","Impact_type"
"971","BANK ST @ WALKLEY RD","370336.84866","5025948.40380","-75.66332","45.37041","2017","3/21/2017","3:22:00 PM","01 - Clear","01 - Dry","01 - Traffic signal","02 - Intersection related","01 - Daylight","02 - Non-fatal injury","03 - Rear end"
"972","BANK ST @ WALKLEY RD","370337.51755","5025947.06600","-75.66331","45.37040","2017","4/1/2017","12:18:00 AM","03 - Snow","03 - Loose snow","01 - Traffic signal","03 - At intersection","07 - Dark","03 - P.D. only","02 - Angle"
"973","BANK ST @ WALKLEY RD","370338.85534","5025949.07269","-75.66329","45.37042","2017","3/24/2017","2:55:00 PM","02 - Rain","02 - Wet","01 - Traffic signal","02 - Intersection related","01 - Daylight","03 - P.D. only","02 - Angle"
"974","BANK ST @ WALKLEY RD","370338.18645","5025947.73490","-75.66330","45.37041","2017","4/7/2017","1:35:00 PM","02 - Rain","02 - Wet","01 - Traffic signal","02 - Intersection related","01 - Daylight","02 - Non-fatal injury","03 - Rear end"
"975","BANK ST @ WALKLEY RD","370338.18645","5025949.07269","-75.66330","45.37042","2017","4/7/2017","1:46:00 AM","02 - Rain","02 - Wet","01 - Traffic signal","03 - At intersection","07 - Dark","02 - Non-fatal injury","07 - SMV other"
"976","BANK ST @ WALKLEY RD","370338.30296","5025948.41134","-75.66330","45.37041","2017","12/30/2017","5:03:00 PM","01 - Clear","01 - Dry","01 - Traffic signal","02 - Intersection related","07 - Dark","03 - P.D. only","03 - Rear end"
"977","BANK ST @ WALKLEY RD","370338.32537","5025947.49821","-75.66330","45.37041","2017","12/24/2017","11:11:00 AM","01 - Clear","01 - Dry","01 - Traffic signal","02 - Intersection related","01 - Daylight","03 - P.D. only","03 - Rear end"
"978","BANK ST @ WELLINGTON ST","367258.71034","5031627.90450","-75.70189","45.42180","2017","5/2/2017","4:09:00 PM","02 - Rain","02 - Wet","01 - Traffic signal","02 - Intersection related","01 - Daylight","03 - P.D. only","04 - Sideswipe"
"979","BANK ST @ WELLINGTON ST","367257.67447","5031629.14432","-75.70190","45.42181","2017","7/27/2017","11:36:00 AM","01 - Clear","01 - Dry","01 - Traffic signal","02 - Intersection related","01 - Daylight","03 - P.D. only","03 - Rear end"
"980","BANK ST @ WELLINGTON ST","367258.15393","5031629.69072","-75.70190","45.42181","2017","9/5/2017","3:55:00 PM","01 - Clear","01 - Dry","01 - Traffic signal","02 - Intersection related","01 - Daylight","03 - P.D. only","04 - Sideswipe"
"981","BANK ST @ WELLINGTON ST","367257.70700","5031627.37866","-75.70190","45.42179","2017","11/21/2017","6:02:00 PM","01 - Clear","02 - Wet","01 - Traffic signal","03 - At intersection","07 - Dark","03 - P.D. only","07 - SMV other"
"982","BANK ST @ WELLINGTON ST","367257.37255","5031627.23561","-75.70191","45.42179","2017","4/22/2017","6:36:00 AM","02 - Rain","02 - Wet","01 - Traffic signal","02 - Intersection related","01 - Daylight","02 - Non-fatal injury","03 - Rear end"
"983","BANK ST @ WELLINGTON ST","367257.70526","5031628.57246","-75.70190","45.42180","2017","7/14/2017","5:32:00 PM","01 - Clear","01 - Dry","01 - Traffic signal","02 - Intersection related","01 - Daylight","03 - P.D. only","07 - SMV other"
"984","BANK ST @ WILTON CRES","368577.06917","5028965.90537","-75.68539","45.39773","2017","7/28/2017","5:07:00 PM","01 - Clear","01 - Dry","02 - Stop sign","03 - At intersection","01 - Daylight","02 - Non-fatal injury","05 - Turning movement"
"985","BANK ST @ WILTON CRES","368577.83423","5028966.53328","-75.68538","45.39773","2017","9/24/2017","1:23:00 PM","01 - Clear","01 - Dry","02 - Stop sign","02 - Intersection related","01 - Daylight","02 - Non-fatal injury","04 - Sideswipe"
"986","BANK ST @ WILTON CRES","368577.84735","5028966.67526","-75.68538","45.39773","2017","12/14/2017","8:45:00 AM","01 - Clear","01 - Dry","02 - Stop sign","02 - Intersection related","01 - Daylight","03 - P.D. only","02 - Angle"
"987","BANK ST btwn 112 N OF ALBION RD & OT/GL BOUNDARY","371843.77721","5024120.30193","-75.64433","45.35382","2017","8/1/2017","10:46:00 AM","01 - Clear","01 - Dry","10 - No control","04 - At/near private drive","01 - Daylight","03 - P.D. only","02 - Angle"
"988","BANK ST btwn 112 N OF ALBION RD & OT/GL BOUNDARY","371855.83709","5024121.35827","-75.64417","45.35383","2017","9/25/2017","5:06:00 PM","01 - Clear","01 - Dry","10 - No control","04 - At/near private drive","01 - Daylight","03 - P.D. only","02 - Angle"
"989","BANK ST btwn 112 N OF ALBION RD & OT/GL BOUNDARY","371838.57166","5024119.92644","-75.64439","45.35382","2017","2/10/2017","9:01:00 AM","01 - Clear","01 - Dry","10 - No control","04 - At/near private drive","01 - Daylight","03 - P.D. only","05 - Turning movement"
"990","BANK ST btwn 73 N OF EVANS BLVD & EVANS AVE","369900.73073","5027091.32251","-75.66873","45.38074","2017","5/11/2017","1:34:00 PM","01 - Clear","01 - Dry","10 - No control","04 - At/near private drive","01 - Daylight","02 - Non-fatal injury","02 - Angle"
"991","BANK ST btwn 73 N OF EVANS BLVD & EVANS AVE","369905.56463","5027085.31926","-75.66867","45.38068","2017","9/12/2017","4:30:00 PM","01 - Clear","01 - Dry","10 - No control","01 - Non intersection","01 - Daylight","03 - P.D. only","99 - Other"
"992","BANK ST btwn ALBION RD & SIEVERIGHT AVE","372067.61396","5024140.61633","-75.64147","45.35398","2017","2/17/2017","2:04:00 PM","01 - Clear","01 - Dry","10 - No control","04 - At/near private drive","01 - Daylight","03 - P.D. only","05 - Turning movement"
"993","BANK ST btwn ALBION RD & SIEVERIGHT AVE","372110.27305","5024142.20843","-75.64092","45.35399","2017","2/28/2017","6:29:00 PM","01 - Clear","01 - Dry","10 - No control","04 - At/near private drive","07 - Dark","03 - P.D. only","02 - Angle"
"994","BANK ST btwn ALBION RD & SIEVERIGHT AVE","372048.06569","5024140.87064","-75.64172","45.35399","2017","4/9/2017","5:09:00 PM","01 - Clear","01 - Dry","10 - No control","01 - Non intersection","01 - Daylight","03 - P.D. only","04 - Sideswipe"
"995","BANK ST btwn ALTA VISTA DR & ERIE AVE","370242.38348","5026218.79960","-75.66449","45.37286","2017","6/28/2017","4:35:00 PM","01 - Clear","01 - Dry","10 - No control","04 - At/near private drive","01 - Daylight","03 - P.D. only","02 - Angle"
"996","BANK ST btwn ALTA VISTA DR & ERIE AVE","370239.13768","5026222.42999","-75.66453","45.37289","2017","8/4/2017","10:48:00 AM","01 - Clear","01 - Dry","10 - No control","04 - At/near private drive","01 - Daylight","03 - P.D. only","02 - Angle"
"997","BANK ST btwn ALTA VISTA DR & ERIE AVE","370228.18744","5026248.31336","-75.66466","45.37312","2017","9/7/2017","1:11:00 PM","02 - Rain","02 - Wet","10 - No control","01 - Non intersection","01 - Daylight","03 - P.D. only","03 - Rear end"
"998","BANK ST btwn ALTA VISTA DR & ERIE AVE","370243.05238","5026216.12402","-75.66448","45.37283","2017","11/7/2017","9:30:00 AM","01 - Clear","01 - Dry","10 - No control","01 - Non intersection","01 - Daylight","03 - P.D. only","04 - Sideswipe"
"999","BANK ST btwn ALTA VISTA DR & ERIE AVE","370243.05238","5026214.11733","-75.66448","45.37281","2017","3/12/2017","2:52:00 PM","01 - Clear","01 - Dry","10 - No control","01 - Non intersection","01 - Daylight","03 - P.D. only","04 - Sideswipe"
"1000","BANK ST btwn ALTA VISTA DR & ERIE AVE","370170.50655","5026383.87413","-75.66538","45.37435","2017","3/9/2017","3:50:00 PM","01 - Clear","01 - Dry","10 - No control","01 - Non intersection","01 - Daylight","03 - P.D. only","03 - Rear end"
"1001","BANK ST btwn ALTA VISTA DR & ERIE AVE","370229.00555","5026251.57552","-75.66465","45.37315","2017","3/15/2017","4:24:00 PM","03 - Snow","03 - Loose snow","10 - No control","04 - At/near private drive","01 - Daylight","03 - P.D. only","02 - Angle"
"1002","BANK ST btwn ALTA VISTA DR & ERIE AVE","370181.32354","5026361.92283","-75.66525","45.37415","2017","12/18/2017","2:05:00 PM","03 - Snow","03 - Loose snow","10 - No control","04 - At/near private drive","01 - Daylight","03 - P.D. only","02 - Angle"
"1003","BANK ST btwn ALTA VISTA DR & ERIE AVE","370161.56970","5026411.73104","-75.66549","45.37460","2017","12/29/2017","3:06:00 PM","01 - Clear","06 - Ice","10 - No control","01 - Non intersection","01 - Daylight","03 - P.D. only","02 - Angle"
"1004","BANK ST btwn ALTA VISTA DR & WALKLEY RD","370304.18680","5026044.41321","-75.66372","45.37128","2017","7/11/2017","11:38:00 AM","01 - Clear","01 - Dry","10 - No control","01 - Non intersection","01 - Daylight","03 - P.D. only","04 - Sideswipe"
"1005","BANK ST btwn ALTA VISTA DR & WALKLEY RD","370305.35499","5026043.79225","-75.66371","45.37128","2017","12/14/2017","12:50:00 PM","01 - Clear","05 - Packed snow","10 - No control","01 - Non intersection","01 - Daylight","03 - P.D. only","04 - Sideswipe"
"1006","BANK ST btwn ARENA PL & WHITE ALDER AVE","375481.73808","5021331.13372","-75.59830","45.32837","2017","6/7/2017","3:44:00 PM","01 - Clear","01 - Dry","10 - No control","04 - At/near private drive","01 - Daylight","03 - P.D. only","02 - Angle"
"1007","BANK ST btwn ARENA PL & WHITE ALDER AVE","375522.68936","5021255.03769","-75.59779","45.32768","2017","4/27/2017","4:25:00 PM","01 - Clear","01 - Dry","10 - No control","04 - At/near private drive","01 - Daylight","03 - P.D. only","02 - Angle"
"1008","BANK ST btwn ARENA PL & WHITE ALDER AVE","375414.61172","5021483.88405","-75.59914","45.32975","2017","9/18/2017","4:10:00 PM","01 - Clear","01 - Dry","10 - No control","01 - Non intersection","01 - Daylight","03 - P.D. only","03 - Rear end"
"1009","BANK ST btwn ARENA PL & WHITE ALDER AVE","375434.62571","5021437.15073","-75.59889","45.32933","2017","9/10/2017","12:58:00 AM","01 - Clear","01 - Dry","10 - No control","01 - Non intersection","07 - Dark","03 - P.D. only","07 - SMV other"
"1010","BANK ST btwn ARENA PL & WHITE ALDER AVE","375504.33300","5021256.63513","-75.59802","45.32770","2017","11/25/2017","12:46:00 AM","01 - Clear","01 - Dry","10 - No control","01 - Non intersection","07 - Dark","03 - P.D. only","07 - SMV other"
"1011","BANK ST btwn ARENA PL & WHITE ALDER AVE","375668.44189","5020883.23150","-75.59598","45.32432","2017","2/2/2017","6:03:00 PM","01 - Clear","01 - Dry","10 - No control","04 - At/near private drive","07 - Dark","03 - P.D. only","02 - Angle"
"1012","BANK ST btwn ARENA PL & WHITE ALDER AVE","375536.85666","5021212.53578","-75.59762","45.32730","2017","3/8/2017","4:03:00 PM","02 - Rain","02 - Wet","10 - No control","01 - Non intersection","01 - Daylight","03 - P.D. only","03 - Rear end"
"1013","BANK ST btwn ARENA PL & WHITE ALDER AVE","375620.11676","5020996.44788","-75.59658","45.32534","2017","12/24/2017","1:16:00 PM","01 - Clear","02 - Wet","10 - No control","01 - Non intersection","01 - Daylight","03 - P.D. only","03 - Rear end"
"1014","BANK ST btwn ARLINGTON AVE & CATHERINE ST","368026.66192","5030303.69240","-75.69225","45.40981","2017","5/18/2017","11:15:00 AM","01 - Clear","01 - Dry","10 - No control","01 - Non intersection","01 - Daylight","03 - P.D. only","04 - Sideswipe"
"1015","BANK ST btwn ARLINGTON AVE & CATHERINE ST","368022.89183","5030309.35117","-75.69230","45.40986","2017","4/21/2017","9:47:00 PM","01 - Clear","01 - Dry","10 - No control","01 - Non intersection","07 - Dark","03 - P.D. only","04 - Sideswipe"
"1016","BANK ST btwn BANK ST & TURN LANE","377800.98020","5015859.71302","-75.56952","45.27890","2017","11/11/2017","9:27:00 AM","01 - Clear","01 - Dry","10 - No control","01 - Non intersection","01 - Daylight","03 - P.D. only","05 - Turning movement"
"1017","BANK ST btwn BANK ST EXTENSION NB & JOHNSTON RD","370588.18793","5025392.20587","-75.66018","45.36539","2017","11/1/2017","11:28:00 AM","02 - Rain","02 - Wet","10 - No control","01 - Non intersection","01 - Daylight","02 - Non-fatal injury","03 - Rear end"
"1018","BANK ST btwn BANK ST EXTENSION NB & JOHNSTON RD","370627.19440","5025304.23461","-75.65970","45.36459","2017","1/29/2017","9:00:00 PM","03 - Snow","03 - Loose snow","10 - No control","01 - Non intersection","07 - Dark","03 - P.D. only","07 - SMV other"
"1019","BANK ST btwn BANK ST EXTENSION NB & JOHNSTON RD","370807.95368","5024931.37339","-75.65744","45.36122","2017","1/9/2017","11:58:00 AM","01 - Clear","02 - Wet","10 - No control","01 - Non intersection","01 - Daylight","03 - P.D. only","04 - Sideswipe"
"1020","BANK ST btwn BANK ST EXTENSION NB & JOHNSTON RD","370555.85163","5025467.88008","-75.66058","45.36607","2017","4/10/2017","10:09:00 AM","01 - Clear","01 - Dry","10 - No control","04 - At/near private drive","01 - Daylight","02 - Non-fatal injury","07 - SMV other"
"1021","BANK ST btwn BELANGER AVE & ROCKINGHAM AVE","369681.34807","5027375.04055","-75.67150","45.38331","2017","5/23/2017","11:48:00 AM","01 - Clear","01 - Dry","10 - No control","01 - Non intersection","01 - Daylight","03 - P.D. only","04 - Sideswipe"
"1022","BANK ST btwn BELANGER AVE & ROCKINGHAM AVE","369666.09448","5027404.13643","-75.67169","45.38357","2017","5/10/2017","4:00:00 PM","01 - Clear","01 - Dry","10 - No control","04 - At/near private drive","01 - Daylight","03 - P.D. only","03 - Rear end"
"1023","BANK ST btwn BELANGER AVE & ROCKINGHAM AVE","369659.40552","5027418.85215","-75.67177","45.38371","2017","3/26/2017","1:55:00 PM","02 - Rain","03 - Loose snow","10 - No control","04 - At/near private drive","01 - Daylight","03 - P.D. only","02 - Angle"
"1024","BANK ST btwn BELMONT AVE & GROVE AVE","368841.31985","5028381.83845","-75.68209","45.39245","2017","5/20/2017","1:47:00 PM","01 - Clear","01 - Dry","10 - No control","01 - Non intersection","01 - Daylight","03 - P.D. only","04 - Sideswipe"
"1025","BANK ST btwn BELMONT AVE & GROVE AVE","368838.73634","5028383.44644","-75.68212","45.39246","2017","6/21/2017","9:05:00 AM","01 - Clear","01 - Dry","10 - No control","04 - At/near private drive","01 - Daylight","03 - P.D. only","05 - Turning movement"
"1026","BANK ST btwn BELMONT AVE & GROVE AVE","368830.45651","5028394.42122","-75.68223","45.39256","2017","11/2/2017","7:36:00 PM","02 - Rain","02 - Wet","10 - No control","04 - At/near private drive","07 - Dark","02 - Non-fatal injury","02 - Angle"
"1027","BANK ST btwn BELMONT AVE & GROVE AVE","368837.18099","5028387.08101","-75.68214","45.39249","2017","2/16/2017","10:20:00 AM","01 - Clear","02 - Wet","10 - No control","04 - At/near private drive","01 - Daylight","03 - P.D. only","02 - Angle"
"1028","BANK ST btwn BLAIS RD & RIDEAU RD","376910.27089","5017948.15153","-75.58057","45.29779","2017","6/14/2017","5:14:00 PM","01 - Clear","01 - Dry","10 - No control","04 - At/near private drive","01 - Daylight","03 - P.D. only","05 - Turning movement"
"1029","BANK ST btwn BLAIS RD & RIDEAU RD","376493.35646","5018870.99443","-75.58575","45.30613","2017","7/8/2017","12:45:00 PM","01 - Clear","01 - Dry","10 - No control","01 - Non intersection","01 - Daylight","02 - Non-fatal injury","03 - Rear end"
"1030","BANK ST btwn BLAIS RD & RIDEAU RD","376838.77617","5018117.37201","-75.58146","45.29932","2017","12/14/2017","10:03:00 AM","01 - Clear","02 - Wet","10 - No control","01 - Non intersection","01 - Daylight","02 - Non-fatal injury","03 - Rear end"
"1031","BANK ST btwn BOYD RD & KENNEDY RD","387307.23368","5001938.67109","-75.45068","45.15260","2017","3/15/2017","7:16:00 PM","03 - Snow","06 - Ice","10 - No control","01 - Non intersection","07 - Dark","03 - P.D. only","07 - SMV other"
"1032","BANK ST btwn CAHILL DR & TURN LANE (1)","371534.13114","5024118.73403","-75.64828","45.35384","2017","8/31/2017","5:12:00 PM","01 - Clear","01 - Dry","10 - No control","04 - At/near private drive","01 - Daylight","03 - P.D. only","05 - Turning movement"
"1033","BANK ST btwn CAHILL DR & TURN LANE (1)","371520.77663","5024125.93764","-75.64845","45.35390","2017","3/27/2017","5:41:00 PM","02 - Rain","02 - Wet","10 - No control","04 - At/near private drive","01 - Daylight","03 - P.D. only","02 - Angle"
"1034","BANK ST btwn CAHILL DR & TURN LANE (1)","371414.27067","5024208.44983","-75.64980","45.35466","2017","3/8/2017","3:01:00 PM","01 - Clear","01 - Dry","10 - No control","04 - At/near private drive","01 - Daylight","03 - P.D. only","02 - Angle"
"1035","BANK ST btwn CAHILL DR & TURN LANE (2)","371536.16258","5024134.91838","-75.64825","45.35398","2017","1/5/2017","3:18:00 PM","01 - Clear","02 - Wet","10 - No control","01 - Non intersection","01 - Daylight","03 - P.D. only","01 - Approaching"
"1036","BANK ST btwn CECIL AVE & HERON RD","369947.89391","5026977.96360","-75.66815","45.37971","2017","4/22/2017","6:04:00 PM","01 - Clear","01 - Dry","10 - No control","01 - Non intersection","01 - Daylight","02 - Non-fatal injury","03 - Rear end"
"1037","BANK ST btwn CENOTE RD & STONE SCHOOL RD","381563.82970","5011951.66169","-75.52217","45.24334","2017","4/6/2017","6:02:00 AM","01 - Clear","01 - Dry","10 - No control","01 - Non intersection","03 - Dawn","03 - P.D. only","07 - SMV other"
"1038","BANK ST btwn CENOTE RD & STONE SCHOOL RD","381402.64306","5012093.03230","-75.52420","45.24463","2017","3/21/2017","8:22:00 PM","01 - Clear","01 - Dry","10 - No control","01 - Non intersection","07 - Dark","03 - P.D. only","07 - SMV other"
"1039","BANK ST btwn CHAMBERLAIN AVE S & PRETORIA AVE","368098.98109","5030126.83802","-75.69135","45.40822","2017","6/28/2017","8:32:00 AM","01 - Clear","01 - Dry","10 - No control","01 - Non intersection","01 - Daylight","03 - P.D. only","04 - Sideswipe"
"1040","BANK ST btwn CHAMBERLAIN AVE S & PRETORIA AVE","368103.11344","5030121.07725","-75.69130","45.40816","2017","3/1/2017","11:55:00 AM","02 - Rain","02 - Wet","10 - No control","01 - Non intersection","01 - Daylight","03 - P.D. only","04 - Sideswipe"
"1041","BANK ST btwn CHESLEY ST & RIVERDALE AVE","369061.42180","5028134.92571","-75.67931","45.39021","2017","5/6/2017","1:13:00 AM","02 - Rain","02 - Wet","10 - No control","04 - At/near private drive","07 - Dark","02 - Non-fatal injury","05 - Turning movement"
"1042","BANK ST btwn CHESLEY ST & RIVERDALE AVE","369022.10418","5028176.61430","-75.67981","45.39058","2017","10/20/2017","6:09:00 AM","01 - Clear","01 - Dry","10 - No control","04 - At/near private drive","03 - Dawn","02 - Non-fatal injury","03 - Rear end"
"1043","BANK ST btwn CLAREY AVE & HOLMWOOD AVE","368464.66658","5029239.92556","-75.68679","45.40020","2017","4/27/2017","12:00:00 AM","01 - Clear","01 - Dry","10 - No control","01 - Non intersection","00 - Unknown","03 - P.D. only","06 - SMV unattended vehicle"
"1044","BANK ST btwn COOPER ST & SOMERSET ST W","367678.98384","5030944.32704","-75.69661","45.41561","2017","7/19/2017","12:00:00 AM","01 - Clear","01 - Dry","10 - No control","01 - Non intersection","00 - Unknown","03 - P.D. only","06 - SMV unattended vehicle"
"1045","BANK ST btwn COUNCILLOR'S WAY & ST. BERNARD ST","372964.31875","5023740.99487","-75.63008","45.35030","2017","12/12/2017","8:23:00 PM","03 - Snow","03 - Loose snow","10 - No control","04 - At/near private drive","07 - Dark","03 - P.D. only","03 - Rear end"
"1046","BANK ST btwn COUNCILLOR'S WAY & ST. BERNARD ST","372911.08095","5023788.89966","-75.63075","45.35074","2017","1/2/2017","8:11:00 AM","01 - Clear","01 - Dry","10 - No control","04 - At/near private drive","01 - Daylight","03 - P.D. only","02 - Angle"
"1047","BANK ST btwn EVANS BLVD & CECIL AVE","369936.24508","5027013.90824","-75.66829","45.38004","2017","1/20/2017","4:35:00 PM","01 - Clear","01 - Dry","10 - No control","04 - At/near private drive","01 - Daylight","02 - Non-fatal injury","02 - Angle"
"1048","BANK ST btwn EVANS BLVD & CECIL AVE","369938.03605","5027010.53700","-75.66827","45.38001","2017","3/21/2017","10:00:00 PM","01 - Clear","01 - Dry","10 - No control","04 - At/near private drive","07 - Dark","03 - P.D. only","03 - Rear end"
"1049","BANK ST btwn EVANS BLVD & CECIL AVE","369937.82535","5027010.53700","-75.66827","45.38001","2017","4/5/2017","4:14:00 PM","01 - Clear","01 - Dry","10 - No control","01 - Non intersection","01 - Daylight","03 - P.D. only","05 - Turning movement"
"1050","BANK ST btwn FIFTH AVE & REGENT ST","368403.06123","5029391.86265","-75.68756","45.40158","2017","4/13/2017","4:48:00 PM","01 - Clear","01 - Dry","10 - No control","01 - Non intersection","01 - Daylight","03 - P.D. only","04 - Sideswipe"
"1051","BANK ST btwn FINDLAY CREEK DR & BLAIS RD","376003.41460","5020091.51466","-75.59183","45.31716","2017","10/19/2017","8:01:00 AM","01 - Clear","01 - Dry","10 - No control","01 - Non intersection","01 - Daylight","02 - Non-fatal injury","07 - SMV other"
"1052","BANK ST btwn FIRST AVE & SECOND AVE","368302.02509","5029637.14095","-75.68882","45.40379","2017","6/26/2017","6:38:00 PM","01 - Clear","01 - Dry","10 - No control","01 - Non intersection","01 - Daylight","03 - P.D. only","99 - Other"
"1053","BANK ST btwn FOXBAR AVE & ST. PAUL AVE","370491.71222","5025587.59712","-75.66139","45.36715","2017","6/21/2017","9:43:00 PM","01 - Clear","01 - Dry","10 - No control","01 - Non intersection","07 - Dark","03 - P.D. only","03 - Rear end"
"1054","BANK ST btwn GILMOUR ST & LEWIS ST","367801.08597","5030751.82843","-75.69507","45.41387","2017","4/7/2017","11:32:00 AM","01 - Clear","01 - Dry","10 - No control","01 - Non intersection","01 - Daylight","03 - P.D. only","05 - Turning movement"
"1055","BANK ST btwn GLOUCESTER ST & NEPEAN ST","367536.04645","5031178.25855","-75.69840","45.41773","2017","12/11/2017","8:33:00 PM","01 - Clear","01 - Dry","10 - No control","01 - Non intersection","07 - Dark","03 - P.D. only","06 - SMV unattended vehicle"
"1056","BANK ST btwn HERON RD & ANOKA ST","370004.94563","5026828.36752","-75.66744","45.37836","2017","10/24/2017","9:00:00 AM","01 - Clear","01 - Dry","10 - No control","04 - At/near private drive","01 - Daylight","03 - P.D. only","02 - Angle"
"1057","BANK ST btwn HERON RD & ANOKA ST","370008.14533","5026816.65570","-75.66740","45.37826","2017","12/8/2017","11:46:00 AM","01 - Clear","01 - Dry","10 - No control","01 - Non intersection","01 - Daylight","03 - P.D. only","03 - Rear end"
"1058","BANK ST btwn HERON RD & ANOKA ST","370003.36253","5026831.16211","-75.66746","45.37839","2017","11/4/2017","2:22:00 AM","01 - Clear","01 - Dry","10 - No control","04 - At/near private drive","07 - Dark","03 - P.D. only","02 - Angle"
"1059","BANK ST btwn HERON RD & ANOKA ST","370003.01730","5026826.95126","-75.66746","45.37835","2017","2/12/2017","2:19:00 PM","03 - Snow","04 - Slush","10 - No control","04 - At/near private drive","01 - Daylight","03 - P.D. only","02 - Angle"
"1060","BANK ST btwn HOPEWELL AVE & GLEN AVE","368792.07828","5028460.74221","-75.68271","45.39316","2017","3/31/2017","12:00:00 AM","01 - Clear","01 - Dry","10 - No control","01 - Non intersection","00 - Unknown","03 - P.D. only","06 - SMV unattended vehicle"
"1061","BANK ST btwn KENNEDY RD & BELMEADE RD","387805.20420","5001309.22030","-75.44445","45.14688","2017","5/31/2017","1:52:00 PM","01 - Clear","01 - Dry","10 - No control","01 - Non intersection","01 - Daylight","03 - P.D. only","07 - SMV other"
"1062","BANK ST btwn LANSDOWNE PARK & WILTON CRES","368539.06130","5029066.19011","-75.68586","45.39863","2017","3/21/2017","1:16:00 PM","01 - Clear","01 - Dry","10 - No control","01 - Non intersection","01 - Daylight","03 - P.D. only","06 - SMV unattended vehicle"
"1063","BANK ST btwn LEITRIM RD & ARENA PL","375379.01357","5021570.99242","-75.59958","45.33054","2017","10/25/2017","4:12:00 PM","01 - Clear","01 - Dry","10 - No control","04 - At/near private drive","01 - Daylight","03 - P.D. only","02 - Angle"
"1064","BANK ST btwn LESTER RD & PARK LANE","373914.70871","5022738.69301","-75.61809","45.34119","2017","2/7/2017","7:29:00 AM","01 - Clear","04 - Slush","10 - No control","01 - Non intersection","01 - Daylight","02 - Non-fatal injury","01 - Approaching"
"1065","BANK ST btwn LYNCH ST & CONROY RD","374881.07172","5022346.28504","-75.60582","45.33756","2017","10/11/2017","11:43:00 PM","01 - Clear","01 - Dry","10 - No control","01 - Non intersection","07 - Dark","03 - P.D. only","03 - Rear end"
"1066","BANK ST btwn MACLAREN ST & GILMOUR ST","367779.68129","5030789.28662","-75.69534","45.41421","2017","5/5/2017","12:00:00 AM","01 - Clear","01 - Dry","10 - No control","01 - Non intersection","00 - Unknown","03 - P.D. only","06 - SMV unattended vehicle"
"1067","BANK ST btwn MACLAREN ST & GILMOUR ST","367749.40241","5030836.87215","-75.69572","45.41464","2017","3/26/2017","3:04:00 AM","01 - Clear","01 - Dry","10 - No control","01 - Non intersection","07 - Dark","03 - P.D. only","04 - Sideswipe"
"1068","BANK ST btwn MASON ST & MEADOW DR","377915.47917","5015611.01836","-75.56810","45.27665","2017","5/2/2017","7:46:00 AM","01 - Clear","01 - Dry","10 - No control","01 - Non intersection","01 - Daylight","03 - P.D. only","03 - Rear end"
"1069","BANK ST btwn MCLEOD ST & FLORA ST","367956.06915","5030468.33898","-75.69313","45.41130","2017","6/13/2017","10:45:00 AM","01 - Clear","01 - Dry","10 - No control","01 - Non intersection","01 - Daylight","03 - P.D. only","04 - Sideswipe"
"1070","BANK ST btwn MCLEOD ST & FLORA ST","367960.41559","5030456.80397","-75.69308","45.41120","2017","11/3/2017","1:01:00 PM","01 - Clear","01 - Dry","10 - No control","01 - Non intersection","01 - Daylight","03 - P.D. only","04 - Sideswipe"
"1071","BANK ST btwn NOTTING HILL AVE & VANCOUVER AVE","370436.21968","5025691.11726","-75.66208","45.36809","2017","12/13/2017","12:15:00 AM","03 - Snow","05 - Packed snow","10 - No control","01 - Non intersection","07 - Dark","02 - Non-fatal injury","07 - SMV other"
"1072","BANK ST btwn ORVILLE KEMP ST & LEITRIM RD","375295.88129","5021769.99877","-75.60061","45.33234","2017","5/22/2017","3:01:00 PM","02 - Rain","02 - Wet","10 - No control","01 - Non intersection","01 - Daylight","03 - P.D. only","03 - Rear end"
"1073","BANK ST btwn ORVILLE KEMP ST & LEITRIM RD","375280.12106","5021806.24266","-75.60081","45.33266","2017","9/14/2017","12:09:00 PM","01 - Clear","01 - Dry","10 - No control","01 - Non intersection","01 - Daylight","03 - P.D. only","05 - Turning movement"
"1074","BANK ST btwn ORVILLE KEMP ST & LEITRIM RD","375261.71545","5021853.55266","-75.60103","45.33309","2017","9/15/2017","12:09:00 AM","01 - Clear","01 - Dry","10 - No control","01 - Non intersection","07 - Dark","03 - P.D. only","07 - SMV other"
"1075","BANK ST btwn ORVILLE KEMP ST & LEITRIM RD","375352.28972","5021629.33317","-75.59991","45.33107","2017","10/1/2017","6:09:00 PM","01 - Clear","01 - Dry","10 - No control","01 - Non intersection","01 - Daylight","03 - P.D. only","07 - SMV other"