"Record","Location","X","Y","Longitude","Latitude","Year","Date","Time","Environment","Road_Surface","Traffic_Control","Collision_Location","Light","Collision_Classification","Impact_type"
"1076","BANK ST btwn PARKWAY RD & MEADOW DR","378892.91965","5014129.84953","-75.55587","45.26322","2017","12/14/2017","6:45:00 AM","01 - Clear","01 - Dry","10 - No control","01 - Non intersection","07 - Dark","03 - P.D. only","07 - SMV other"
"1077","BANK ST btwn PHILNOR ST & SALE BARN RD","379965.30107","5013553.09593","-75.54229","45.25792","2017","1/17/2017","5:45:00 PM","03 - Snow","03 - Loose snow","10 - No control","01 - Non intersection","07 - Dark","03 - P.D. only","07 - SMV other"
"1078","BANK ST btwn QUEENSDALE AVE & LESTER RD","373345.68516","5023435.76362","-75.62526","45.34752","2017","11/3/2017","1:32:00 PM","01 - Clear","01 - Dry","10 - No control","01 - Non intersection","01 - Daylight","02 - Non-fatal injury","03 - Rear end"
"1079","BANK ST btwn QUEENSDALE AVE & LESTER RD","373383.23119","5023402.70404","-75.62478","45.34722","2017","4/23/2017","2:04:00 PM","01 - Clear","01 - Dry","10 - No control","04 - At/near private drive","01 - Daylight","03 - P.D. only","02 - Angle"
"1080","BANK ST btwn RANDALL AVE & 73 N OF EVANS BLVD","369780.86232","5027230.36989","-75.67024","45.38200","2017","5/27/2017","4:45:00 PM","01 - Clear","01 - Dry","10 - No control","01 - Non intersection","01 - Daylight","03 - P.D. only","04 - Sideswipe"
"1081","BANK ST btwn RANDALL AVE & 73 N OF EVANS BLVD","369758.78875","5027258.46353","-75.67052","45.38226","2017","4/28/2017","1:20:00 PM","01 - Clear","01 - Dry","10 - No control","04 - At/near private drive","01 - Daylight","03 - P.D. only","02 - Angle"
"1082","BANK ST btwn RANDALL AVE & 73 N OF EVANS BLVD","369870.22939","5027130.92565","-75.66912","45.38110","2017","5/16/2017","4:23:00 PM","01 - Clear","01 - Dry","10 - No control","01 - Non intersection","01 - Daylight","03 - P.D. only","03 - Rear end"
"1083","BANK ST btwn RANDALL AVE & 73 N OF EVANS BLVD","369793.63838","5027220.43659","-75.67008","45.38191","2017","7/25/2017","8:54:00 AM","01 - Clear","01 - Dry","10 - No control","04 - At/near private drive","01 - Daylight","03 - P.D. only","05 - Turning movement"
"1084","BANK ST btwn RANDALL AVE & 73 N OF EVANS BLVD","369811.43906","5027201.13603","-75.66986","45.38173","2017","11/3/2017","3:45:00 PM","01 - Clear","01 - Dry","10 - No control","04 - At/near private drive","01 - Daylight","03 - P.D. only","02 - Angle"
"1085","BANK ST btwn RANDALL AVE & 73 N OF EVANS BLVD","369854.14026","5027150.83959","-75.66932","45.38128","2017","4/22/2017","10:31:00 AM","01 - Clear","01 - Dry","10 - No control","04 - At/near private drive","01 - Daylight","03 - P.D. only","02 - Angle"
"1086","BANK ST btwn RIDEAU RD & TURN LANE","377149.51281","5017382.48821","-75.57760","45.29267","2017","5/5/2017","11:27:00 AM","02 - Rain","02 - Wet","10 - No control","01 - Non intersection","01 - Daylight","03 - P.D. only","03 - Rear end"
"1087","BANK ST btwn RIDEAU RD & TURN LANE","377110.32781","5017474.05519","-75.57809","45.29350","2017","6/30/2017","1:18:00 PM","02 - Rain","02 - Wet","10 - No control","01 - Non intersection","01 - Daylight","03 - P.D. only","03 - Rear end"
"1088","BANK ST btwn RIDEAU RD & TURN LANE","377553.64018","5016403.63418","-75.57260","45.28382","2017","10/28/2017","11:01:00 AM","01 - Clear","01 - Dry","10 - No control","01 - Non intersection","01 - Daylight","02 - Non-fatal injury","03 - Rear end"
"1089","BANK ST btwn RIDEAU RD & TURN LANE","376988.88914","5017752.76222","-75.57960","45.29602","2017","3/15/2017","2:05:00 AM","03 - Snow","03 - Loose snow","10 - No control","01 - Non intersection","07 - Dark","02 - Non-fatal injury","01 - Approaching"
"1090","BANK ST btwn RIDEAU RD & TURN LANE","377626.65868","5016235.08492","-75.57169","45.28230","2017","3/8/2017","3:46:00 AM","01 - Clear","02 - Wet","10 - No control","01 - Non intersection","07 - Dark","03 - P.D. only","07 - SMV other"
"1091","BANK ST btwn RIVERDALE AVE & RIVERSIDE DR","369161.83630","5028039.73329","-75.67804","45.38934","2017","5/25/2017","9:50:00 AM","01 - Clear","01 - Dry","10 - No control","01 - Non intersection","01 - Daylight","03 - P.D. only","04 - Sideswipe"
"1092","BANK ST btwn RIVERSIDE DR & BILLINGS TRANSIT","369369.75874","5027823.17117","-75.67542","45.38737","2017","8/1/2017","5:22:00 PM","01 - Clear","01 - Dry","10 - No control","01 - Non intersection","01 - Daylight","02 - Non-fatal injury","05 - Turning movement"
"1093","BANK ST btwn RIVERSIDE DR & BILLINGS TRANSIT","369398.86286","5027789.65445","-75.67505","45.38707","2017","8/8/2017","7:44:00 PM","01 - Clear","01 - Dry","10 - No control","04 - At/near private drive","01 - Daylight","02 - Non-fatal injury","05 - Turning movement"
"1094","BANK ST btwn RIVERSIDE DR & BILLINGS TRANSIT","369406.39056","5027783.18871","-75.67495","45.38701","2017","8/12/2017","8:38:00 AM","01 - Clear","01 - Dry","10 - No control","04 - At/near private drive","01 - Daylight","03 - P.D. only","02 - Angle"
"1095","BANK ST btwn RIVERSIDE DR & BILLINGS TRANSIT","369372.71044","5027820.15802","-75.67538","45.38734","2017","10/2/2017","3:06:00 PM","01 - Clear","01 - Dry","10 - No control","01 - Non intersection","01 - Daylight","02 - Non-fatal injury","04 - Sideswipe"
"1096","BANK ST btwn RIVERSIDE DR & BILLINGS TRANSIT","369380.87579","5027813.99757","-75.67528","45.38729","2017","1/27/2017","1:18:00 PM","01 - Clear","01 - Dry","10 - No control","04 - At/near private drive","01 - Daylight","03 - P.D. only","02 - Angle"
"1097","BANK ST btwn RIVERSIDE DR & BILLINGS TRANSIT","369410.06827","5027780.17163","-75.67491","45.38698","2017","4/20/2017","6:00:00 AM","01 - Clear","02 - Wet","10 - No control","01 - Non intersection","07 - Dark","03 - P.D. only","99 - Other"
"1098","BANK ST btwn RIVERSIDE DR & RIVERSIDE DR","369291.02679","5027907.05127","-75.67641","45.38813","2017","11/7/2017","8:20:00 PM","01 - Clear","01 - Dry","10 - No control","04 - At/near private drive","07 - Dark","03 - P.D. only","05 - Turning movement"
"1099","BANK ST btwn SALE BARN RD & GREY'S CREEK RD","380146.24257","5013406.30269","-75.54001","45.25658","2017","9/2/2017","9:04:00 PM","01 - Clear","01 - Dry","10 - No control","01 - Non intersection","07 - Dark","03 - P.D. only","07 - SMV other"
"1100","BANK ST btwn SIEVERIGHT AVE & ATHANS AVE","372483.69547","5024016.33678","-75.63618","45.35283","2017","6/9/2017","6:30:00 PM","01 - Clear","01 - Dry","10 - No control","04 - At/near private drive","01 - Daylight","02 - Non-fatal injury","03 - Rear end"
"1101","BANK ST btwn SOUTHKEYS SC & CAHILL DR/DAZE ST","371226.24773","5024389.25787","-75.65217","45.35630","2017","7/26/2017","8:58:00 PM","01 - Clear","01 - Dry","10 - No control","01 - Non intersection","05 - Dusk","02 - Non-fatal injury","05 - Turning movement"
"1102","BANK ST btwn SOUTHKEYS SC & CAHILL DR/DAZE ST","371176.09034","5024435.34749","-75.65281","45.35672","2017","1/21/2017","8:23:00 AM","07 - Fog, mist, smoke, dust","02 - Wet","10 - No control","01 - Non intersection","01 - Daylight","03 - P.D. only","03 - Rear end"
"1103","BANK ST btwn SPRINGHILL RD & DALMENY RD","385687.30923","5004748.95361","-75.47083","45.17807","2017","5/21/2017","11:11:00 PM","02 - Rain","02 - Wet","10 - No control","01 - Non intersection","07 - Dark","02 - Non-fatal injury","07 - SMV other"
"1104","BANK ST btwn SPRINGHILL RD & DALMENY RD","385624.73985","5004936.66990","-75.47159","45.17977","2017","11/6/2017","5:39:00 PM","01 - Clear","01 - Dry","10 - No control","01 - Non intersection","07 - Dark","03 - P.D. only","07 - SMV other"
"1105","BANK ST btwn ST. PAUL AVE & KITCHENER AVE","370521.81255","5025533.41652","-75.66101","45.36666","2017","6/5/2017","5:30:00 PM","01 - Clear","01 - Dry","10 - No control","01 - Non intersection","01 - Daylight","03 - P.D. only","03 - Rear end"
"1106","BANK ST btwn ST. PAUL AVE & KITCHENER AVE","370524.78143","5025529.55750","-75.66097","45.36663","2017","10/15/2017","3:36:00 PM","01 - Clear","01 - Dry","10 - No control","04 - At/near private drive","01 - Daylight","03 - P.D. only","02 - Angle"
"1107","BANK ST btwn ST. PAUL AVE & KITCHENER AVE","370535.61923","5025509.29070","-75.66084","45.36644","2017","12/15/2017","2:05:00 PM","03 - Snow","04 - Slush","10 - No control","04 - At/near private drive","01 - Daylight","03 - P.D. only","02 - Angle"
"1108","BANK ST btwn SUNNYSIDE AVE & HOPEWELL AVE","368753.10335","5028544.09101","-75.68320","45.39392","2017","7/5/2017","5:15:00 PM","01 - Clear","01 - Dry","10 - No control","01 - Non intersection","01 - Daylight","02 - Non-fatal injury","04 - Sideswipe"
"1109","BANK ST btwn TURN LANE & MITCH OWENS RD","377694.22636","5016082.36058","-75.57085","45.28092","2017","11/21/2017","5:50:00 PM","01 - Clear","01 - Dry","10 - No control","01 - Non intersection","07 - Dark","03 - P.D. only","07 - SMV other"
"1110","BANK ST btwn TURN LANE & SPRINGHILL RD","384426.00097","5008086.19380","-75.48634","45.20824","2017","6/4/2017","2:54:00 AM","01 - Clear","01 - Dry","10 - No control","01 - Non intersection","07 - Dark","03 - P.D. only","03 - Rear end"
"1111","BANK ST btwn TURN LANE & SPRINGHILL RD","384444.56803","5008179.02905","-75.48609","45.20908","2017","5/28/2017","4:02:00 PM","01 - Clear","01 - Dry","10 - No control","04 - At/near private drive","01 - Daylight","02 - Non-fatal injury","05 - Turning movement"
"1112","BANK ST btwn TURN LANE & SPRINGHILL RD","384046.76316","5009181.07400","-75.49099","45.21814","2017","10/23/2017","7:22:00 PM","01 - Clear","01 - Dry","10 - No control","04 - At/near private drive","07 - Dark","02 - Non-fatal injury","05 - Turning movement"
"1113","BANK ST btwn TURN LANE & SPRINGHILL RD","385009.00652","5006644.83289","-75.47915","45.19521","2017","12/13/2017","6:58:00 AM","03 - Snow","03 - Loose snow","10 - No control","01 - Non intersection","03 - Dawn","02 - Non-fatal injury","07 - SMV other"
"1114","BANK ST btwn TURN LANE & SPRINGHILL RD","383761.33679","5009946.15616","-75.49450","45.22505","2017","4/7/2017","8:00:00 AM","02 - Rain","02 - Wet","10 - No control","01 - Non intersection","01 - Daylight","03 - P.D. only","07 - SMV other"
"1115","BANK ST btwn VANCOUVER AVE & FOXBAR AVE","370473.86061","5025624.22868","-75.66161","45.36748","2017","9/15/2017","1:49:00 PM","01 - Clear","01 - Dry","10 - No control","04 - At/near private drive","01 - Daylight","03 - P.D. only","02 - Angle"
"1116","BANK ST btwn VANCOUVER AVE & FOXBAR AVE","370467.41100","5025636.26802","-75.66169","45.36759","2017","11/3/2017","10:12:00 PM","01 - Clear","01 - Dry","10 - No control","04 - At/near private drive","07 - Dark","03 - P.D. only","02 - Angle"
"1117","BANK ST btwn VANCOUVER AVE & FOXBAR AVE","370459.38424","5025652.99042","-75.66179","45.36774","2017","12/4/2017","5:25:00 PM","01 - Clear","01 - Dry","10 - No control","04 - At/near private drive","07 - Dark","03 - P.D. only","05 - Turning movement"
"1118","BANK ST btwn VANCOUVER AVE & FOXBAR AVE","370469.83785","5025631.11924","-75.66166","45.36755","2017","1/25/2017","2:22:00 PM","01 - Clear","02 - Wet","10 - No control","01 - Non intersection","01 - Daylight","03 - P.D. only","04 - Sideswipe"
"1119","BANK ST btwn WALKLEY RD & SURREY AVE","370358.92223","5025888.20313","-75.66304","45.36987","2017","5/21/2017","10:29:00 PM","01 - Clear","01 - Dry","10 - No control","01 - Non intersection","07 - Dark","03 - P.D. only","07 - SMV other"
"1120","BANK ST btwn WALKLEY RD & SURREY AVE","370379.90696","5025820.37528","-75.66278","45.36926","2017","11/18/2017","10:27:00 PM","01 - Clear","02 - Wet","10 - No control","04 - At/near private drive","07 - Dark","03 - P.D. only","07 - SMV other"
"1121","BANK ST btwn WALKLEY RD & SURREY AVE","370369.18204","5025851.66461","-75.66292","45.36954","2017","2/15/2017","9:56:00 AM","03 - Snow","03 - Loose snow","10 - No control","01 - Non intersection","01 - Daylight","03 - P.D. only","03 - Rear end"
"1122","BANK ST btwn WALKLEY RD & SURREY AVE","370344.20652","5025925.66132","-75.66323","45.37021","2017","3/25/2017","11:02:00 AM","01 - Clear","01 - Dry","10 - No control","04 - At/near private drive","01 - Daylight","03 - P.D. only","02 - Angle"
"1123","BANK ST btwn WALKLEY RD & SURREY AVE","370341.63898","5025938.97750","-75.66326","45.37033","2017","12/21/2017","4:01:00 PM","01 - Clear","02 - Wet","10 - No control","01 - Non intersection","05 - Dusk","03 - P.D. only","04 - Sideswipe"
"1124","BANK ST btwn WALKLEY RD & SURREY AVE","370368.43742","5025851.91650","-75.66293","45.36954","2017","12/26/2017","5:44:00 PM","01 - Clear","02 - Wet","10 - No control","01 - Non intersection","07 - Dark","03 - P.D. only","04 - Sideswipe"
"1125","BANK ST btwn WHITE ALDER AVE & FINDLAY CREEK DR","375742.23151","5020703.12141","-75.59507","45.32269","2017","7/5/2017","4:10:00 PM","01 - Clear","01 - Dry","10 - No control","01 - Non intersection","01 - Daylight","03 - P.D. only","04 - Sideswipe"
"1126","BANK ST btwn WHITE ALDER AVE & FINDLAY CREEK DR","375843.60891","5020469.12680","-75.59381","45.32058","2017","4/20/2017","7:40:00 AM","01 - Clear","01 - Dry","10 - No control","01 - Non intersection","01 - Daylight","02 - Non-fatal injury","03 - Rear end"
"1127","BANK ST btwn WILDWOOD AVE & RIDGEMONT AVE","370052.71971","5026692.28800","-75.66684","45.37713","2017","9/14/2017","1:13:00 PM","01 - Clear","01 - Dry","10 - No control","04 - At/near private drive","01 - Daylight","02 - Non-fatal injury","02 - Angle"
"1128","BANK ST btwn WILTON CRES & ECHO DR","368634.58197","5028821.85119","-75.68467","45.39643","2017","2/15/2017","8:26:00 AM","03 - Snow","03 - Loose snow","10 - No control","01 - Non intersection","01 - Daylight","03 - P.D. only","04 - Sideswipe"
"1129","BANK ST/PRETORIA AVE @ CHAMBERLAIN AVE S","368108.74855","5030104.34498","-75.69123","45.40801","2017","2/9/2017","3:52:00 PM","01 - Clear","01 - Dry","02 - Stop sign","03 - At intersection","01 - Daylight","03 - P.D. only","02 - Angle"
"1130","BANKFIELD RD @ MANOTICK MAIN ST/RIDEAU VALLEY","368431.90717","5010157.54056","-75.68966","45.22851","2017","5/12/2017","3:02:00 PM","01 - Clear","01 - Dry","01 - Traffic signal","02 - Intersection related","01 - Daylight","03 - P.D. only","04 - Sideswipe"
"1131","BANKFIELD RD @ MANOTICK MAIN ST/RIDEAU VALLEY","368432.97442","5010155.80560","-75.68965","45.22849","2017","7/25/2017","5:47:00 PM","01 - Clear","01 - Dry","01 - Traffic signal","03 - At intersection","01 - Daylight","03 - P.D. only","05 - Turning movement"
"1132","BANKFIELD RD @ PRINCE OF WALES DR","366379.35545","5008974.71750","-75.71594","45.21804","2017","6/11/2017","8:15:00 AM","01 - Clear","01 - Dry","01 - Traffic signal","02 - Intersection related","01 - Daylight","03 - P.D. only","03 - Rear end"
"1133","BANKFIELD RD @ PRINCE OF WALES DR","366380.69324","5008974.71750","-75.71593","45.21804","2017","4/27/2017","4:04:00 PM","01 - Clear","01 - Dry","01 - Traffic signal","02 - Intersection related","01 - Daylight","03 - P.D. only","03 - Rear end"
"1134","BANKFIELD RD @ PRINCE OF WALES DR","366380.02435","5008975.38640","-75.71593","45.21805","2017","5/29/2017","8:55:00 AM","02 - Rain","02 - Wet","01 - Traffic signal","03 - At intersection","01 - Daylight","02 - Non-fatal injury","05 - Turning movement"
"1135","BANKFIELD RD @ PRINCE OF WALES DR","366379.68990","5008975.08199","-75.71594","45.21805","2017","8/8/2017","3:57:00 PM","01 - Clear","01 - Dry","01 - Traffic signal","03 - At intersection","01 - Daylight","03 - P.D. only","03 - Rear end"
"1136","BANKFIELD RD @ PRINCE OF WALES DR","366379.35545","5008976.05530","-75.71594","45.21806","2017","7/14/2017","12:59:00 PM","02 - Rain","02 - Wet","01 - Traffic signal","02 - Intersection related","01 - Daylight","03 - P.D. only","03 - Rear end"
"1137","BANKFIELD RD @ PRINCE OF WALES DR","366379.21653","5008974.20297","-75.71594","45.21804","2017","9/2/2017","2:30:00 PM","01 - Clear","01 - Dry","01 - Traffic signal","02 - Intersection related","01 - Daylight","03 - P.D. only","03 - Rear end"
"1138","BANKFIELD RD @ PRINCE OF WALES DR","366379.14345","5008975.38640","-75.71595","45.21805","2017","10/1/2017","1:27:00 PM","01 - Clear","01 - Dry","01 - Traffic signal","02 - Intersection related","01 - Daylight","02 - Non-fatal injury","03 - Rear end"
"1139","BANKFIELD RD @ PRINCE OF WALES DR","366379.35545","5008974.71750","-75.71594","45.21804","2017","11/27/2017","4:01:00 PM","01 - Clear","06 - Ice","01 - Traffic signal","02 - Intersection related","01 - Daylight","03 - P.D. only","03 - Rear end"
"1140","BANKFIELD RD @ PRINCE OF WALES DR","366378.58738","5008973.54416","-75.71595","45.21803","2017","1/11/2017","3:38:00 PM","01 - Clear","01 - Dry","01 - Traffic signal","03 - At intersection","01 - Daylight","03 - P.D. only","03 - Rear end"
"1141","BANKFIELD RD @ PRINCE OF WALES DR","366379.35545","5008976.05530","-75.71594","45.21806","2017","3/30/2017","2:20:00 PM","01 - Clear","01 - Dry","01 - Traffic signal","03 - At intersection","01 - Daylight","03 - P.D. only","02 - Angle"
"1142","BANKFIELD RD @ PRINCE OF WALES DR","366381.11002","5008974.67634","-75.71592","45.21804","2017","12/27/2017","3:24:00 PM","01 - Clear","06 - Ice","01 - Traffic signal","02 - Intersection related","01 - Daylight","03 - P.D. only","03 - Rear end"
"1143","BANKFIELD RD btwn FEE ST & RIDEAU VALLEY DR","368413.92160","5010144.77360","-75.68989","45.22839","2017","1/29/2017","1:38:00 PM","01 - Clear","02 - Wet","10 - No control","01 - Non intersection","01 - Daylight","03 - P.D. only","03 - Rear end"
"1144","BANKFIELD RD btwn FIRST LINE RD & LOCKMASTER CRES","366956.78411","5009315.65771","-75.70855","45.22106","2017","11/21/2017","5:33:00 PM","01 - Clear","01 - Dry","10 - No control","01 - Non intersection","07 - Dark","03 - P.D. only","07 - SMV other"
"1145","BANKFIELD RD btwn HWY416 IC57 RAMP24 & HWY416 IC57 RAMP62","365042.62265","5008215.11231","-75.73305","45.21133","2017","12/18/2017","6:30:00 PM","02 - Rain","03 - Loose snow","10 - No control","01 - Non intersection","07 - Dark","03 - P.D. only","07 - SMV other"
"1146","BANKFIELD RD btwn HWY416 IC57 RAMP62 & KILREEN LANE","365539.29516","5008500.41324","-75.72670","45.21385","2017","1/11/2017","12:10:00 AM","04 - Freezing Rain","05 - Packed snow","10 - No control","01 - Non intersection","07 - Dark","03 - P.D. only","07 - SMV other"
"1147","BANKFIELD RD btwn HWY416 IC57 RAMP62 & KILREEN LANE","365502.89972","5008481.20176","-75.72716","45.21368","2017","2/6/2017","9:25:00 PM","03 - Snow","03 - Loose snow","10 - No control","01 - Non intersection","07 - Dark","03 - P.D. only","01 - Approaching"
"1148","BANKFIELD RD btwn KILREEN LANE & PRINCE OF WALES DR","366268.31866","5008914.51683","-75.71736","45.21751","2017","6/8/2017","2:15:00 AM","01 - Clear","01 - Dry","10 - No control","01 - Non intersection","07 - Dark","03 - P.D. only","07 - SMV other"
"1149","BANKFIELD RD btwn KILREEN LANE & PRINCE OF WALES DR","365944.23839","5008731.90814","-75.72151","45.21590","2017","11/27/2017","12:23:00 AM","01 - Clear","03 - Loose snow","10 - No control","01 - Non intersection","07 - Dark","03 - P.D. only","03 - Rear end"
"1150","BANKFIELD RD btwn KILREEN LANE & PRINCE OF WALES DR","366200.76013","5008878.39643","-75.71823","45.21719","2017","3/14/2017","7:57:00 PM","03 - Snow","03 - Loose snow","10 - No control","01 - Non intersection","07 - Dark","02 - Non-fatal injury","01 - Approaching"
"1151","BANKFIELD RD btwn KILREEN LANE & PRINCE OF WALES DR","366254.27184","5008906.49008","-75.71754","45.21744","2017","3/24/2017","6:32:00 AM","03 - Snow","03 - Loose snow","10 - No control","01 - Non intersection","03 - Dawn","03 - P.D. only","01 - Approaching"
"1152","BANKFIELD RD btwn PRINCE OF WALES DR & FIRST LINE RD","366396.07786","5008984.75095","-75.71573","45.21813","2017","3/14/2017","4:35:00 PM","03 - Snow","03 - Loose snow","10 - No control","01 - Non intersection","01 - Daylight","03 - P.D. only","01 - Approaching"
"1153","BANNER RD @ GREENBANK RD","361022.00705","5021567.16080","-75.78272","45.33180","2017","5/24/2017","10:15:00 AM","01 - Clear","01 - Dry","01 - Traffic signal","03 - At intersection","01 - Daylight","03 - P.D. only","05 - Turning movement"
"1154","BANNER RD @ GREENBANK RD","361021.67260","5021565.20985","-75.78273","45.33178","2017","8/16/2017","12:10:00 PM","01 - Clear","01 - Dry","01 - Traffic signal","02 - Intersection related","01 - Daylight","02 - Non-fatal injury","01 - Approaching"
"1155","BANNER RD @ GREENBANK RD","361021.33815","5021566.49190","-75.78273","45.33179","2017","11/27/2017","12:03:00 PM","01 - Clear","01 - Dry","01 - Traffic signal","03 - At intersection","01 - Daylight","02 - Non-fatal injury","05 - Turning movement"
"1156","BANNER RD @ GREENBANK RD","361022.15050","5021565.77505","-75.78272","45.33179","2017","11/26/2017","8:55:00 PM","03 - Snow","05 - Packed snow","01 - Traffic signal","02 - Intersection related","07 - Dark","02 - Non-fatal injury","07 - SMV other"
"1157","BANNER RD @ GREENBANK RD","361021.67267","5021566.49183","-75.78273","45.33179","2017","11/16/2017","8:32:00 PM","02 - Rain","02 - Wet","01 - Traffic signal","03 - At intersection","07 - Dark","03 - P.D. only","05 - Turning movement"
"1158","BANNER RD @ GREENBANK RD","361020.66926","5021567.82969","-75.78274","45.33181","2017","2/14/2017","9:12:00 AM","01 - Clear","02 - Wet","01 - Traffic signal","03 - At intersection","01 - Daylight","03 - P.D. only","05 - Turning movement"
"1159","BANNER RD @ GREENBANK RD","361019.20346","5021570.19560","-75.78276","45.33183","2017","2/2/2017","12:00:00 AM","03 - Snow","05 - Packed snow","01 - Traffic signal","02 - Intersection related","00 - Unknown","03 - P.D. only","06 - SMV unattended vehicle"
"1160","BANNER RD @ GREENBANK RD","361021.12986","5021566.22053","-75.78273","45.33179","2017","1/28/2017","4:50:00 PM","01 - Clear","02 - Wet","01 - Traffic signal","03 - At intersection","05 - Dusk","03 - P.D. only","05 - Turning movement"
"1161","BANNER RD @ GREENBANK RD","361021.67260","5021567.20196","-75.78273","45.33180","2017","1/13/2017","2:49:00 PM","01 - Clear","01 - Dry","01 - Traffic signal","02 - Intersection related","01 - Daylight","03 - P.D. only","03 - Rear end"
"1162","BANNER RD @ GREENBANK RD","361021.67260","5021564.61573","-75.78273","45.33178","2017","2/14/2017","10:38:00 AM","01 - Clear","02 - Wet","01 - Traffic signal","02 - Intersection related","01 - Daylight","02 - Non-fatal injury","03 - Rear end"
"1163","BANNER RD @ GREENBANK RD","361022.67594","5021567.82969","-75.78271","45.33181","2017","4/15/2017","7:55:00 PM","01 - Clear","01 - Dry","01 - Traffic signal","03 - At intersection","07 - Dark","03 - P.D. only","05 - Turning movement"
"1164","BANNER RD @ GREENBANK RD","361022.18210","5021566.49190","-75.78272","45.33179","2017","3/22/2017","8:22:00 AM","01 - Clear","01 - Dry","01 - Traffic signal","02 - Intersection related","01 - Daylight","03 - P.D. only","03 - Rear end"
"1165","BANNER RD @ PARKMOUNT CRES E","360966.34665","5021560.82909","-75.78343","45.33175","2017","6/9/2017","9:15:00 AM","01 - Clear","01 - Dry","03 - Yield sign","03 - At intersection","01 - Daylight","02 - Non-fatal injury","02 - Angle"
"1166","BANNING RD btwn BALBAIR RD & ABBEYHILL DR","353377.35335","5017677.85275","-75.88063","45.29737","2017","8/22/2017","10:24:00 PM","01 - Clear","01 - Dry","10 - No control","01 - Non intersection","07 - Dark","03 - P.D. only","06 - SMV unattended vehicle"
"1167","BANNOCK CRES btwn HALTON TER & HALTON TER","349102.00968","5023398.89052","-75.93463","45.34914","2017","6/28/2017","6:34:00 PM","01 - Clear","01 - Dry","10 - No control","01 - Non intersection","01 - Daylight","03 - P.D. only","99 - Other"
"1168","BANNON WAY @ QUEENSDALE AVE","373051.61637","5023278.73935","-75.62903","45.34613","2017","2/5/2017","3:40:00 PM","01 - Clear","02 - Wet","10 - No control","02 - Intersection related","01 - Daylight","03 - P.D. only","99 - Other"
"1169","BANTON ST @ WALKLEY RD","374248.74004","5028248.19941","-75.61306","45.39073","2017","5/15/2017","4:27:00 PM","01 - Clear","01 - Dry","01 - Traffic signal","02 - Intersection related","01 - Daylight","03 - P.D. only","04 - Sideswipe"
"1170","BANTON ST @ WALKLEY RD","374249.65978","5028248.25515","-75.61305","45.39073","2017","7/27/2017","2:29:00 PM","01 - Clear","01 - Dry","01 - Traffic signal","02 - Intersection related","01 - Daylight","03 - P.D. only","03 - Rear end"
"1171","BANTON ST @ WALKLEY RD","374246.78091","5028248.82035","-75.61308","45.39074","2017","10/26/2017","12:56:00 PM","01 - Clear","01 - Dry","01 - Traffic signal","02 - Intersection related","01 - Daylight","02 - Non-fatal injury","03 - Rear end"
"1172","BANTON ST @ WALKLEY RD","374249.40894","5028250.87499","-75.61305","45.39075","2017","11/20/2017","9:54:00 AM","01 - Clear","01 - Dry","01 - Traffic signal","02 - Intersection related","01 - Daylight","03 - P.D. only","03 - Rear end"
"1173","BANTREE ST @ INNES RD","373704.05096","5030407.89319","-75.61971","45.41022","2017","6/2/2017","11:21:00 AM","01 - Clear","02 - Wet","01 - Traffic signal","03 - At intersection","01 - Daylight","03 - P.D. only","02 - Angle"
"1174","BANTREE ST @ INNES RD","373706.72654","5030407.89319","-75.61968","45.41022","2017","6/21/2017","12:03:00 PM","01 - Clear","01 - Dry","01 - Traffic signal","02 - Intersection related","01 - Daylight","03 - P.D. only","03 - Rear end"
"1175","BANTREE ST @ INNES RD","373706.72654","5030407.89319","-75.61968","45.41022","2017","5/10/2017","3:45:00 PM","01 - Clear","01 - Dry","01 - Traffic signal","03 - At intersection","01 - Daylight","03 - P.D. only","05 - Turning movement"
"1176","BANTREE ST @ INNES RD","373705.38875","5030407.89319","-75.61969","45.41022","2017","5/26/2017","12:30:00 PM","01 - Clear","01 - Dry","01 - Traffic signal","03 - At intersection","01 - Daylight","03 - P.D. only","05 - Turning movement"
"1177","BANTREE ST @ INNES RD","373705.08217","5030405.91437","-75.61970","45.41020","2017","7/25/2017","1:06:00 PM","01 - Clear","01 - Dry","01 - Traffic signal","03 - At intersection","01 - Daylight","03 - P.D. only","05 - Turning movement"
"1178","BANTREE ST @ INNES RD","373706.72654","5030407.89319","-75.61968","45.41022","2017","6/28/2017","8:11:00 AM","01 - Clear","01 - Dry","01 - Traffic signal","03 - At intersection","01 - Daylight","02 - Non-fatal injury","05 - Turning movement"
"1179","BANTREE ST @ INNES RD","373705.72320","5030406.31871","-75.61969","45.41020","2017","8/21/2017","3:57:00 PM","01 - Clear","01 - Dry","01 - Traffic signal","03 - At intersection","01 - Daylight","03 - P.D. only","05 - Turning movement"
"1180","BANTREE ST @ INNES RD","373706.92621","5030406.85615","-75.61967","45.41021","2017","7/20/2017","5:44:00 PM","01 - Clear","01 - Dry","01 - Traffic signal","02 - Intersection related","01 - Daylight","03 - P.D. only","03 - Rear end"