"Record","Location","X","Y","Longitude","Latitude","Year","Date","Time","Environment","Road_Surface","Traffic_Control","Collision_Location","Light","Collision_Classification","Impact_type"
"1181","BANTREE ST @ INNES RD","373706.67899","5030406.79435","-75.61968","45.41021","2017","9/27/2017","3:00:00 PM","02 - Rain","02 - Wet","01 - Traffic signal","03 - At intersection","01 - Daylight","03 - P.D. only","02 - Angle"
"1182","BANTREE ST @ INNES RD","373706.72654","5030407.22430","-75.61968","45.41021","2017","11/1/2017","7:47:00 AM","07 - Fog, mist, smoke, dust","01 - Dry","01 - Traffic signal","03 - At intersection","01 - Daylight","03 - P.D. only","05 - Turning movement"
"1183","BANTREE ST @ INNES RD","373706.08458","5030406.99140","-75.61968","45.41021","2017","10/24/2017","10:29:00 AM","01 - Clear","01 - Dry","01 - Traffic signal","03 - At intersection","01 - Daylight","03 - P.D. only","05 - Turning movement"
"1184","BANTREE ST @ INNES RD","373705.72320","5030407.26546","-75.61969","45.41021","2017","12/14/2017","6:26:00 AM","01 - Clear","01 - Dry","01 - Traffic signal","03 - At intersection","07 - Dark","03 - P.D. only","05 - Turning movement"
"1185","BANTREE ST @ INNES RD","373706.19657","5030406.31871","-75.61968","45.41020","2017","12/11/2017","6:39:00 AM","01 - Clear","01 - Dry","01 - Traffic signal","03 - At intersection","07 - Dark","03 - P.D. only","05 - Turning movement"
"1186","BANTREE ST @ INNES RD","373705.72320","5030405.19855","-75.61969","45.41019","2017","1/17/2017","10:34:00 AM","01 - Clear","01 - Dry","01 - Traffic signal","03 - At intersection","01 - Daylight","03 - P.D. only","05 - Turning movement"
"1187","BANTREE ST @ INNES RD","373706.47367","5030405.42970","-75.61968","45.41019","2017","1/18/2017","4:34:00 PM","02 - Rain","06 - Ice","01 - Traffic signal","02 - Intersection related","01 - Daylight","03 - P.D. only","03 - Rear end"
"1188","BANTREE ST @ INNES RD","373705.72320","5030404.91606","-75.61969","45.41019","2017","1/31/2017","8:08:00 AM","01 - Clear","01 - Dry","01 - Traffic signal","02 - Intersection related","01 - Daylight","03 - P.D. only","03 - Rear end"
"1189","BANTREE ST @ INNES RD","373706.72654","5030407.89319","-75.61968","45.41022","2017","3/9/2017","2:33:00 PM","01 - Clear","01 - Dry","01 - Traffic signal","03 - At intersection","01 - Daylight","03 - P.D. only","05 - Turning movement"
"1190","BANTREE ST @ INNES RD","373704.05096","5030407.89319","-75.61971","45.41022","2017","4/19/2017","6:52:00 AM","01 - Clear","02 - Wet","01 - Traffic signal","03 - At intersection","01 - Daylight","03 - P.D. only","05 - Turning movement"
"1191","BANTREE ST @ SHEFFIELD RD","374646.74090","5030043.68213","-75.60772","45.40684","2017","1/10/2017","9:31:00 PM","03 - Snow","03 - Loose snow","03 - Yield sign","02 - Intersection related","07 - Dark","03 - P.D. only","07 - SMV other"
"1192","BANTREE ST btwn EDINBURGH PL & BLACKWELL ST","374185.50043","5029847.97638","-75.61364","45.40513","2017","7/28/2017","2:50:00 AM","01 - Clear","01 - Dry","10 - No control","01 - Non intersection","07 - Dark","03 - P.D. only","07 - SMV other"
"1193","BANTREE ST btwn EDINBURGH PL & BLACKWELL ST","374431.63330","5029954.39762","-75.61048","45.40606","2017","9/12/2017","12:00:00 AM","01 - Clear","01 - Dry","10 - No control","01 - Non intersection","00 - Unknown","03 - P.D. only","06 - SMV unattended vehicle"
"1194","BANTREE ST btwn EDINBURGH PL & BLACKWELL ST","374312.60071","5029902.68952","-75.61201","45.40561","2017","3/4/2017","6:46:00 AM","01 - Clear","01 - Dry","10 - No control","01 - Non intersection","01 - Daylight","03 - P.D. only","03 - Rear end"
"1195","BARLYN AVE @ HILLIARD AVE","365920.36955","5025274.18870","-75.71978","45.36475","2017","6/14/2017","10:16:00 AM","01 - Clear","01 - Dry","03 - Yield sign","02 - Intersection related","01 - Daylight","03 - P.D. only","02 - Angle"
"1196","BARNSDALE RD @ EAGLESON RD","358338.17475","5006630.44280","-75.81857","45.19761","2017","1/30/2017","8:13:00 AM","01 - Clear","06 - Ice","02 - Stop sign","02 - Intersection related","01 - Daylight","03 - P.D. only","03 - Rear end"
"1197","BARNSDALE RD @ PRINCE OF WALES DR","366646.69620","5011532.14183","-75.71222","45.24103","2017","10/8/2017","4:40:00 PM","01 - Clear","01 - Dry","02 - Stop sign","03 - At intersection","01 - Daylight","02 - Non-fatal injury","02 - Angle"
"1198","BARNSDALE RD @ PRINCE OF WALES DR","366646.14975","5011530.77386","-75.71223","45.24102","2017","10/14/2017","10:01:00 AM","02 - Rain","02 - Wet","02 - Stop sign","03 - At intersection","01 - Daylight","02 - Non-fatal injury","02 - Angle"
"1199","BARNSDALE RD @ PRINCE OF WALES DR","366647.86677","5011531.74430","-75.71221","45.24103","2017","1/18/2017","10:35:00 PM","01 - Clear","01 - Dry","02 - Stop sign","03 - At intersection","07 - Dark","02 - Non-fatal injury","05 - Turning movement"
"1200","BARNSDALE RD @ PRINCE OF WALES DR","366645.19526","5011533.53890","-75.71224","45.24105","2017","2/3/2017","1:31:00 PM","01 - Clear","01 - Dry","02 - Stop sign","03 - At intersection","01 - Daylight","02 - Non-fatal injury","02 - Angle"
"1201","BARNSDALE RD @ RIDEAU VALLEY DR","367139.36385","5011810.06241","-75.70591","45.24349","2017","12/14/2017","6:35:00 PM","01 - Clear","06 - Ice","02 - Stop sign","03 - At intersection","07 - Dark","02 - Non-fatal injury","02 - Angle"
"1202","BARNSDALE RD @ TWIN ELM RD N","360185.17057","5007832.46823","-75.79493","45.20828","2017","9/3/2017","11:36:00 AM","02 - Rain","02 - Wet","02 - Stop sign","03 - At intersection","01 - Daylight","03 - P.D. only","07 - SMV other"
"1203","BARNSDALE RD btwn GREENBANK RD & PRINCE OF WALES DR","365842.22797","5011062.98092","-75.72252","45.23688","2017","5/3/2017","2:27:00 AM","01 - Clear","01 - Dry","10 - No control","01 - Non intersection","07 - Dark","03 - P.D. only","07 - SMV other"
"1204","BARNSDALE RD btwn MOODIE DR & TRAIL RD","362383.17554","5009075.17166","-75.76681","45.21929","2017","10/2/2017","11:15:00 PM","01 - Clear","01 - Dry","10 - No control","01 - Non intersection","07 - Dark","03 - P.D. only","03 - Rear end"
"1205","BARNSDALE RD btwn MOODIE DR & TRAIL RD","363288.75812","5009614.87920","-75.75521","45.22407","2017","1/30/2017","7:08:00 PM","01 - Clear","01 - Dry","10 - No control","01 - Non intersection","07 - Dark","03 - P.D. only","07 - SMV other"
"1206","BARNSDALE RD E @ CEDARVIEW RD E","364037.79249","5010037.42851","-75.74563","45.22781","2017","12/14/2017","9:30:00 AM","01 - Clear","02 - Wet","02 - Stop sign","02 - Intersection related","01 - Daylight","03 - P.D. only","02 - Angle"
"1207","BARNSDALE RD N @ MOODIE DR","361934.44546","5008863.48206","-75.77255","45.21742","2017","1/3/2017","1:36:00 PM","04 - Freezing Rain","06 - Ice","02 - Stop sign","02 - Intersection related","01 - Daylight","03 - P.D. only","07 - SMV other"
"1208","BARNSDALE RD S @ MOODIE DR","361949.55041","5008824.28059","-75.77236","45.21706","2017","12/14/2017","5:10:00 PM","03 - Snow","06 - Ice","02 - Stop sign","02 - Intersection related","07 - Dark","03 - P.D. only","07 - SMV other"
"1209","BARNSDALE RD S @ TWIN ELM RD S","360231.55666","5007720.41334","-75.79435","45.20727","2017","11/28/2017","12:00:00 AM","01 - Clear","01 - Dry","02 - Stop sign","02 - Intersection related","00 - Unknown","03 - P.D. only","07 - SMV other"
"1210","BARRETTE ST @ ST. CHARLES ST","369469.71116","5033731.94409","-75.67336","45.44053","2017","5/3/2017","7:02:00 PM","01 - Clear","01 - Dry","02 - Stop sign","03 - At intersection","01 - Daylight","03 - P.D. only","02 - Angle"
"1211","BARRETTE ST @ ST. CHARLES ST","369470.38005","5033731.94409","-75.67336","45.44053","2017","3/9/2017","1:49:00 PM","01 - Clear","01 - Dry","02 - Stop sign","03 - At intersection","01 - Daylight","02 - Non-fatal injury","02 - Angle"
"1212","BARRETTE ST btwn ST. CHARLES ST & MARIER AVE","369629.02713","5033882.67444","-75.67131","45.44187","2017","1/12/2017","1:00:00 PM","01 - Clear","03 - Loose snow","10 - No control","01 - Non intersection","01 - Daylight","03 - P.D. only","06 - SMV unattended vehicle"
"1213","BARRICK HILL RD btwn AKERSON RD & MOORPARK AVE","354187.19500","5016098.73600","-75.87046","45.28311","2017","12/9/2017","12:00:00 AM","03 - Snow","03 - Loose snow","10 - No control","01 - Non intersection","00 - Unknown","03 - P.D. only","06 - SMV unattended vehicle"
"1214","BARRICK HILL RD btwn MOORPARK AVE & OAKGLADE AVE","354326.93600","5016049.00900","-75.86868","45.28265","2017","1/14/2017","12:00:00 AM","01 - Clear","05 - Packed snow","10 - No control","01 - Non intersection","00 - Unknown","03 - P.D. only","06 - SMV unattended vehicle"
"1215","BARTON ST btwn AYLMER AVE & WOODBINE PL","368514.07610","5028621.35478","-75.68624","45.39463","2017","11/7/2017","12:00:00 AM","01 - Clear","01 - Dry","10 - No control","01 - Non intersection","00 - Unknown","03 - P.D. only","06 - SMV unattended vehicle"
"1216","BASELINE RD @ 207 E OF CLYDE AVE","364535.81515","5025001.64440","-75.73748","45.36241","2017","7/4/2017","5:29:00 PM","01 - Clear","01 - Dry","01 - Traffic signal","02 - Intersection related","01 - Daylight","03 - P.D. only","03 - Rear end"
"1217","BASELINE RD @ 207 E OF CLYDE AVE","364535.69948","5025000.43304","-75.73748","45.36240","2017","9/30/2017","11:10:00 AM","01 - Clear","01 - Dry","01 - Traffic signal","03 - At intersection","01 - Daylight","03 - P.D. only","05 - Turning movement"
"1218","BASELINE RD @ 207 E OF CLYDE AVE","364535.81515","5025000.97550","-75.73748","45.36241","2017","11/28/2017","5:13:00 PM","01 - Clear","01 - Dry","01 - Traffic signal","02 - Intersection related","05 - Dusk","03 - P.D. only","03 - Rear end"
"1219","BASELINE RD @ 207 E OF CLYDE AVE","364534.47736","5025001.64440","-75.73750","45.36241","2017","11/30/2017","5:58:00 PM","03 - Snow","02 - Wet","01 - Traffic signal","02 - Intersection related","07 - Dark","03 - P.D. only","03 - Rear end"
"1220","BASELINE RD @ 207 E OF CLYDE AVE","364535.40729","5025001.05132","-75.73749","45.36241","2017","12/23/2017","12:20:00 PM","03 - Snow","03 - Loose snow","01 - Traffic signal","03 - At intersection","01 - Daylight","03 - P.D. only","05 - Turning movement"
"1221","BASELINE RD @ BASSANO ST","363766.69374","5024518.86469","-75.74736","45.35813","2017","11/28/2017","9:20:00 AM","02 - Rain","06 - Ice","02 - Stop sign","02 - Intersection related","01 - Daylight","03 - P.D. only","03 - Rear end"
"1222","BASELINE RD @ CEDARVIEW RD","358967.99935","5021674.49010","-75.80891","45.33293","2017","5/19/2017","1:00:00 PM","01 - Clear","01 - Dry","01 - Traffic signal","03 - At intersection","01 - Daylight","03 - P.D. only","04 - Sideswipe"
"1223","BASELINE RD @ CEDARVIEW RD","358967.66490","5021672.89520","-75.80892","45.33291","2017","7/28/2017","11:51:00 AM","01 - Clear","01 - Dry","01 - Traffic signal","02 - Intersection related","01 - Daylight","03 - P.D. only","05 - Turning movement"
"1224","BASELINE RD @ CEDARVIEW RD","358966.13639","5021674.49010","-75.80894","45.33293","2017","3/20/2017","9:38:00 PM","01 - Clear","01 - Dry","01 - Traffic signal","03 - At intersection","07 - Dark","03 - P.D. only","04 - Sideswipe"
"1225","BASELINE RD @ CENTREPOINTE DR E/HIGHGATE RD","362060.68326","5023465.50530","-75.76925","45.34880","2017","6/20/2017","7:44:00 PM","01 - Clear","01 - Dry","01 - Traffic signal","02 - Intersection related","01 - Daylight","03 - P.D. only","03 - Rear end"
"1226","BASELINE RD @ CENTREPOINTE DR E/HIGHGATE RD","362061.14015","5023466.05175","-75.76925","45.34880","2017","9/20/2017","9:38:00 AM","01 - Clear","01 - Dry","01 - Traffic signal","02 - Intersection related","01 - Daylight","03 - P.D. only","05 - Turning movement"
"1227","BASELINE RD @ CENTREPOINTE DR E/HIGHGATE RD","362061.35215","5023466.84309","-75.76924","45.34881","2017","11/26/2017","6:15:00 PM","03 - Snow","03 - Loose snow","01 - Traffic signal","02 - Intersection related","07 - Dark","03 - P.D. only","03 - Rear end"
"1228","BASELINE RD @ CENTREPOINTE DR E/HIGHGATE RD","362061.74113","5023466.24557","-75.76924","45.34880","2017","12/14/2017","9:59:00 AM","01 - Clear","03 - Loose snow","01 - Traffic signal","03 - At intersection","01 - Daylight","03 - P.D. only","03 - Rear end"
"1229","BASELINE RD @ CENTREPOINTE DR E/HIGHGATE RD","362061.14015","5023464.95885","-75.76925","45.34879","2017","1/24/2017","10:21:00 PM","03 - Snow","03 - Loose snow","01 - Traffic signal","03 - At intersection","07 - Dark","03 - P.D. only","02 - Angle"
"1230","BASELINE RD @ CENTREPOINTE DR E/HIGHGATE RD","362062.02105","5023467.51199","-75.76924","45.34882","2017","3/8/2017","9:04:00 AM","01 - Clear","02 - Wet","01 - Traffic signal","02 - Intersection related","01 - Daylight","03 - P.D. only","03 - Rear end"
"1231","BASELINE RD @ CENTREPOINTE DR E/HIGHGATE RD","362062.02105","5023465.50530","-75.76924","45.34880","2017","3/8/2017","5:27:00 PM","01 - Clear","01 - Dry","01 - Traffic signal","03 - At intersection","05 - Dusk","02 - Non-fatal injury","05 - Turning movement"
"1232","BASELINE RD @ CENTREPOINTE DR E/HIGHGATE RD","362062.02105","5023465.50530","-75.76924","45.34880","2017","3/14/2017","4:20:00 PM","03 - Snow","05 - Packed snow","01 - Traffic signal","02 - Intersection related","01 - Daylight","03 - P.D. only","03 - Rear end"
"1233","BASELINE RD @ CENTREPOINTE DR E/HIGHGATE RD","362062.02105","5023464.83640","-75.76924","45.34879","2017","4/10/2017","2:30:00 PM","01 - Clear","02 - Wet","01 - Traffic signal","02 - Intersection related","01 - Daylight","03 - P.D. only","03 - Rear end"
"1234","BASELINE RD @ CENTREPOINTE DR E/HIGHGATE RD","362061.52256","5023466.77480","-75.76924","45.34881","2017","4/18/2017","8:49:00 AM","01 - Clear","01 - Dry","01 - Traffic signal","02 - Intersection related","01 - Daylight","03 - P.D. only","03 - Rear end"
"1235","BASELINE RD @ CENTREPOINTE DR W/COBDEN RD","361633.36962","5023208.28359","-75.77474","45.34652","2017","10/4/2017","12:04:00 PM","01 - Clear","01 - Dry","01 - Traffic signal","02 - Intersection related","01 - Daylight","03 - P.D. only","03 - Rear end"
"1236","BASELINE RD @ CENTREPOINTE DR W/COBDEN RD","361634.08970","5023207.16440","-75.77473","45.34651","2017","11/2/2017","10:24:00 PM","02 - Rain","02 - Wet","01 - Traffic signal","02 - Intersection related","07 - Dark","03 - P.D. only","03 - Rear end"
"1237","BASELINE RD @ CENTREPOINTE DR W/COBDEN RD","361633.68140","5023208.74497","-75.77473","45.34652","2017","2/16/2017","9:38:00 AM","01 - Clear","06 - Ice","01 - Traffic signal","02 - Intersection related","01 - Daylight","03 - P.D. only","03 - Rear end"
"1238","BASELINE RD @ CENTREPOINTE DR W/COBDEN RD","361634.41719","5023208.74817","-75.77472","45.34652","2017","2/7/2017","6:05:00 PM","03 - Snow","03 - Loose snow","01 - Traffic signal","02 - Intersection related","07 - Dark","02 - Non-fatal injury","03 - Rear end"
"1239","BASELINE RD @ CENTREPOINTE DR W/COBDEN RD","361635.10152","5023207.74709","-75.77471","45.34651","2017","4/18/2017","8:04:00 AM","01 - Clear","01 - Dry","01 - Traffic signal","02 - Intersection related","01 - Daylight","02 - Non-fatal injury","03 - Rear end"
"1240","BASELINE RD @ CENTREPOINTE DR W/COBDEN RD","361632.77948","5023206.38300","-75.77474","45.34650","2017","12/29/2017","7:09:00 PM","01 - Clear","06 - Ice","01 - Traffic signal","02 - Intersection related","07 - Dark","03 - P.D. only","03 - Rear end"
"1241","BASELINE RD @ CENTREPOINTE DR W/COBDEN RD","361633.75761","5023207.75382","-75.77473","45.34651","2017","12/21/2017","2:16:00 PM","01 - Clear","01 - Dry","01 - Traffic signal","03 - At intersection","01 - Daylight","02 - Non-fatal injury","02 - Angle"
"1242","BASELINE RD @ CLYDE AVE","364358.36885","5024890.51290","-75.73976","45.36143","2017","5/30/2017","12:01:00 PM","01 - Clear","01 - Dry","01 - Traffic signal","02 - Intersection related","01 - Daylight","03 - P.D. only","05 - Turning movement"
"1243","BASELINE RD @ CLYDE AVE","364359.70664","5024891.18180","-75.73974","45.36143","2017","5/22/2017","2:46:00 PM","02 - Rain","02 - Wet","01 - Traffic signal","02 - Intersection related","01 - Daylight","03 - P.D. only","03 - Rear end"
"1244","BASELINE RD @ CLYDE AVE","364359.03775","5024888.50621","-75.73975","45.36141","2017","5/30/2017","11:52:00 PM","01 - Clear","01 - Dry","01 - Traffic signal","02 - Intersection related","07 - Dark","03 - P.D. only","07 - SMV other"
"1245","BASELINE RD @ CLYDE AVE","364359.70664","5024891.85069","-75.73974","45.36144","2017","5/5/2017","9:22:00 AM","02 - Rain","02 - Wet","01 - Traffic signal","02 - Intersection related","01 - Daylight","03 - P.D. only","02 - Angle"
"1246","BASELINE RD @ CLYDE AVE","364358.48825","5024890.56941","-75.73976","45.36143","2017","8/24/2017","2:02:00 PM","01 - Clear","01 - Dry","01 - Traffic signal","02 - Intersection related","01 - Daylight","03 - P.D. only","03 - Rear end"
"1247","BASELINE RD @ CLYDE AVE","364359.10716","5024890.65389","-75.73975","45.36143","2017","7/20/2017","12:40:00 PM","01 - Clear","01 - Dry","01 - Traffic signal","02 - Intersection related","01 - Daylight","03 - P.D. only","03 - Rear end"
"1248","BASELINE RD @ CLYDE AVE","364358.06227","5024888.58982","-75.73977","45.36141","2017","8/14/2017","8:00:00 PM","01 - Clear","01 - Dry","01 - Traffic signal","02 - Intersection related","05 - Dusk","03 - P.D. only","02 - Angle"
"1249","BASELINE RD @ CLYDE AVE","364359.02085","5024890.79210","-75.73975","45.36143","2017","7/11/2017","3:20:00 PM","02 - Rain","02 - Wet","01 - Traffic signal","02 - Intersection related","01 - Daylight","03 - P.D. only","04 - Sideswipe"
"1250","BASELINE RD @ CLYDE AVE","364359.03775","5024890.51290","-75.73975","45.36143","2017","9/24/2017","2:04:00 PM","01 - Clear","01 - Dry","01 - Traffic signal","02 - Intersection related","01 - Daylight","03 - P.D. only","03 - Rear end"
"1251","BASELINE RD @ CLYDE AVE","364358.70335","5024890.51291","-75.73976","45.36143","2017","9/18/2017","8:55:00 AM","01 - Clear","01 - Dry","01 - Traffic signal","02 - Intersection related","01 - Daylight","03 - P.D. only","03 - Rear end"
"1252","BASELINE RD @ CLYDE AVE","364357.28318","5024889.80284","-75.73978","45.36142","2017","9/21/2017","1:45:00 PM","01 - Clear","01 - Dry","01 - Traffic signal","02 - Intersection related","01 - Daylight","03 - P.D. only","04 - Sideswipe"
"1253","BASELINE RD @ CLYDE AVE","364359.72732","5024890.00967","-75.73974","45.36142","2017","9/14/2017","2:22:00 PM","01 - Clear","01 - Dry","01 - Traffic signal","03 - At intersection","01 - Daylight","02 - Non-fatal injury","02 - Angle"
"1254","BASELINE RD @ CLYDE AVE","364358.36885","5024891.18180","-75.73976","45.36143","2017","12/10/2017","1:28:00 AM","03 - Snow","04 - Slush","01 - Traffic signal","02 - Intersection related","07 - Dark","03 - P.D. only","04 - Sideswipe"
"1255","BASELINE RD @ CLYDE AVE","364359.03775","5024891.18180","-75.73975","45.36143","2017","11/8/2017","11:06:00 PM","01 - Clear","01 - Dry","01 - Traffic signal","03 - At intersection","07 - Dark","03 - P.D. only","05 - Turning movement"
"1256","BASELINE RD @ CLYDE AVE","364357.69996","5024890.51290","-75.73977","45.36143","2017","12/11/2017","3:06:00 PM","01 - Clear","01 - Dry","01 - Traffic signal","02 - Intersection related","01 - Daylight","03 - P.D. only","03 - Rear end"
"1257","BASELINE RD @ CLYDE AVE","364357.69996","5024889.84400","-75.73977","45.36142","2017","12/11/2017","5:19:00 PM","01 - Clear","01 - Dry","01 - Traffic signal","02 - Intersection related","07 - Dark","03 - P.D. only","03 - Rear end"
"1258","BASELINE RD @ CLYDE AVE","364357.69996","5024889.84400","-75.73977","45.36142","2017","11/17/2017","1:00:00 PM","01 - Clear","01 - Dry","01 - Traffic signal","03 - At intersection","01 - Daylight","03 - P.D. only","02 - Angle"
"1259","BASELINE RD @ CLYDE AVE","364358.54623","5024890.62537","-75.73976","45.36143","2017","12/6/2017","4:29:00 PM","01 - Clear","01 - Dry","01 - Traffic signal","02 - Intersection related","05 - Dusk","03 - P.D. only","03 - Rear end"
"1260","BASELINE RD @ CLYDE AVE","364357.69996","5024890.51290","-75.73977","45.36143","2017","2/16/2017","7:00:00 AM","03 - Snow","05 - Packed snow","01 - Traffic signal","02 - Intersection related","03 - Dawn","03 - P.D. only","04 - Sideswipe"
"1261","BASELINE RD @ CLYDE AVE","364358.70330","5024889.38720","-75.73976","45.36142","2017","2/10/2017","8:51:00 AM","01 - Clear","06 - Ice","01 - Traffic signal","02 - Intersection related","01 - Daylight","03 - P.D. only","03 - Rear end"
"1262","BASELINE RD @ CLYDE AVE","364356.23416","5024890.51290","-75.73979","45.36143","2017","2/16/2017","4:49:00 PM","01 - Clear","05 - Packed snow","01 - Traffic signal","02 - Intersection related","01 - Daylight","02 - Non-fatal injury","03 - Rear end"
"1263","BASELINE RD @ CLYDE AVE","364359.45377","5024889.38720","-75.73975","45.36142","2017","2/13/2017","8:44:00 PM","01 - Clear","02 - Wet","01 - Traffic signal","02 - Intersection related","07 - Dark","02 - Non-fatal injury","03 - Rear end"
"1264","BASELINE RD @ CLYDE AVE","364359.93787","5024888.04376","-75.73974","45.36141","2017","2/16/2017","8:30:00 AM","03 - Snow","06 - Ice","01 - Traffic signal","02 - Intersection related","01 - Daylight","03 - P.D. only","03 - Rear end"
"1265","BASELINE RD @ CLYDE AVE","364358.70330","5024890.88813","-75.73976","45.36143","2017","2/16/2017","8:45:00 AM","01 - Clear","04 - Slush","01 - Traffic signal","02 - Intersection related","01 - Daylight","03 - P.D. only","03 - Rear end"
"1266","BASELINE RD @ CLYDE AVE","364359.32496","5024890.18589","-75.73975","45.36143","2017","2/11/2017","2:30:00 PM","01 - Clear","05 - Packed snow","01 - Traffic signal","02 - Intersection related","01 - Daylight","03 - P.D. only","03 - Rear end"
"1267","BASELINE RD @ CLYDE AVE","364358.70330","5024891.63860","-75.73976","45.36144","2017","2/24/2017","12:07:00 PM","01 - Clear","01 - Dry","01 - Traffic signal","02 - Intersection related","01 - Daylight","03 - P.D. only","03 - Rear end"
"1268","BASELINE RD @ CLYDE AVE","364359.17667","5024890.27621","-75.73975","45.36143","2017","12/23/2017","10:24:00 PM","03 - Snow","05 - Packed snow","01 - Traffic signal","03 - At intersection","07 - Dark","02 - Non-fatal injury","05 - Turning movement"
"1269","BASELINE RD @ CLYDE AVE","364357.74751","5024890.27395","-75.73977","45.36143","2017","12/27/2017","1:20:00 PM","01 - Clear","01 - Dry","01 - Traffic signal","03 - At intersection","01 - Daylight","02 - Non-fatal injury","02 - Angle"
"1270","BASELINE RD @ COLLEGE SQUARE SC","362759.83044","5023897.58129","-75.76028","45.35263","2017","8/19/2017","2:31:00 PM","01 - Clear","01 - Dry","01 - Traffic signal","02 - Intersection related","01 - Daylight","03 - P.D. only","02 - Angle"
"1271","BASELINE RD @ COLLEGE SQUARE SC","362759.38580","5023898.35137","-75.76029","45.35264","2017","12/28/2017","10:30:00 AM","01 - Clear","02 - Wet","01 - Traffic signal","02 - Intersection related","01 - Daylight","03 - P.D. only","03 - Rear end"
"1272","BASELINE RD @ CORDOVA ST","363592.01596","5024409.52640","-75.74960","45.35717","2017","6/1/2017","11:21:00 AM","01 - Clear","01 - Dry","01 - Traffic signal","02 - Intersection related","01 - Daylight","03 - P.D. only","03 - Rear end"
"1273","BASELINE RD @ CORDOVA ST","363592.68486","5024408.18861","-75.74959","45.35715","2017","5/25/2017","4:28:00 PM","02 - Rain","02 - Wet","01 - Traffic signal","02 - Intersection related","01 - Daylight","03 - P.D. only","03 - Rear end"
"1274","BASELINE RD @ CORDOVA ST","363594.59012","5024410.65380","-75.74957","45.35718","2017","5/30/2017","10:21:00 AM","01 - Clear","01 - Dry","01 - Traffic signal","02 - Intersection related","01 - Daylight","03 - P.D. only","03 - Rear end"
"1275","BASELINE RD @ CORDOVA ST","363593.35375","5024408.85750","-75.74958","45.35716","2017","7/15/2017","4:19:00 PM","01 - Clear","01 - Dry","01 - Traffic signal","02 - Intersection related","01 - Daylight","03 - P.D. only","03 - Rear end"
"1276","BASELINE RD @ CORDOVA ST","363593.46622","5024409.74838","-75.74958","45.35717","2017","9/2/2017","11:45:00 AM","01 - Clear","01 - Dry","01 - Traffic signal","02 - Intersection related","01 - Daylight","03 - P.D. only","03 - Rear end"
"1277","BASELINE RD @ CORDOVA ST","363593.82477","5024409.39535","-75.74958","45.35716","2017","8/24/2017","3:30:00 PM","01 - Clear","01 - Dry","01 - Traffic signal","03 - At intersection","01 - Daylight","03 - P.D. only","03 - Rear end"
"1278","BASELINE RD @ CORDOVA ST","363594.58205","5024408.40908","-75.74957","45.35716","2017","9/13/2017","3:35:00 PM","01 - Clear","01 - Dry","01 - Traffic signal","02 - Intersection related","01 - Daylight","03 - P.D. only","03 - Rear end"
"1279","BASELINE RD @ CORDOVA ST","363595.10832","5024409.76309","-75.74956","45.35717","2017","12/12/2017","1:17:00 PM","03 - Snow","03 - Loose snow","01 - Traffic signal","02 - Intersection related","01 - Daylight","03 - P.D. only","03 - Rear end"
"1280","BASELINE RD @ CORDOVA ST","363594.59012","5024409.30092","-75.74957","45.35716","2017","12/8/2017","1:58:00 PM","01 - Clear","01 - Dry","01 - Traffic signal","02 - Intersection related","01 - Daylight","03 - P.D. only","03 - Rear end"
"1281","BASELINE RD @ CORDOVA ST","363594.16610","5024409.28745","-75.74957","45.35716","2017","12/7/2017","4:21:00 PM","01 - Clear","01 - Dry","01 - Traffic signal","02 - Intersection related","05 - Dusk","02 - Non-fatal injury","03 - Rear end"
"1282","BASELINE RD @ CORDOVA ST","363594.02265","5024407.51971","-75.74957","45.35715","2017","11/19/2017","3:15:00 PM","03 - Snow","04 - Slush","01 - Traffic signal","02 - Intersection related","01 - Daylight","03 - P.D. only","03 - Rear end"
"1283","BASELINE RD @ CORDOVA ST","363592.93773","5024409.90163","-75.74959","45.35717","2017","3/2/2017","1:58:00 PM","01 - Clear","01 - Dry","01 - Traffic signal","02 - Intersection related","01 - Daylight","03 - P.D. only","03 - Rear end"
"1284","BASELINE RD @ FARLANE BLVD","365357.69544","5025518.20230","-75.72693","45.36699","2017","5/10/2017","11:30:00 PM","01 - Clear","01 - Dry","01 - Traffic signal","02 - Intersection related","07 - Dark","02 - Non-fatal injury","02 - Angle"
"1285","BASELINE RD @ FARLANE BLVD","365356.88747","5025517.29342","-75.72694","45.36698","2017","9/1/2017","7:46:00 AM","01 - Clear","01 - Dry","01 - Traffic signal","02 - Intersection related","01 - Daylight","03 - P.D. only","03 - Rear end"
"1286","BASELINE RD @ FARLANE BLVD","365356.69210","5025519.40957","-75.72694","45.36700","2017","1/11/2017","3:32:00 PM","01 - Clear","02 - Wet","01 - Traffic signal","03 - At intersection","01 - Daylight","03 - P.D. only","05 - Turning movement"