"Record","Location","X","Y","Longitude","Latitude","Year","Date","Time","Environment","Road_Surface","Traffic_Control","Collision_Location","Light","Collision_Classification","Impact_type"
"1287","BASELINE RD @ FERGUSON ST","363440.83051","5024315.17903","-75.75154","45.35633","2017","10/4/2017","2:24:00 PM","01 - Clear","01 - Dry","01 - Traffic signal","03 - At intersection","01 - Daylight","02 - Non-fatal injury","07 - SMV other"
"1288","BASELINE RD @ FERGUSON ST","363441.44057","5024315.88253","-75.75153","45.35634","2017","3/31/2017","7:10:00 AM","01 - Clear","01 - Dry","01 - Traffic signal","02 - Intersection related","01 - Daylight","03 - P.D. only","03 - Rear end"
"1289","BASELINE RD @ FISHER AVE","366167.22908","5026028.80044","-75.71653","45.37151","2017","7/21/2017","9:19:00 AM","01 - Clear","01 - Dry","01 - Traffic signal","02 - Intersection related","01 - Daylight","02 - Non-fatal injury","04 - Sideswipe"
"1290","BASELINE RD @ FISHER AVE","366167.14053","5026027.41538","-75.71653","45.37150","2017","9/11/2017","4:16:00 PM","01 - Clear","01 - Dry","01 - Traffic signal","02 - Intersection related","01 - Daylight","03 - P.D. only","03 - Rear end"
"1291","BASELINE RD @ FISHER AVE","366167.14053","5026027.41538","-75.71653","45.37150","2017","9/7/2017","7:30:00 AM","01 - Clear","01 - Dry","01 - Traffic signal","02 - Intersection related","01 - Daylight","02 - Non-fatal injury","03 - Rear end"
"1292","BASELINE RD @ FISHER AVE","366166.69360","5026029.07915","-75.71654","45.37152","2017","10/6/2017","9:29:00 AM","01 - Clear","01 - Dry","01 - Traffic signal","02 - Intersection related","01 - Daylight","02 - Non-fatal injury","03 - Rear end"
"1293","BASELINE RD @ FISHER AVE","366166.69360","5026026.89336","-75.71654","45.37150","2017","10/3/2017","1:32:00 PM","01 - Clear","01 - Dry","01 - Traffic signal","02 - Intersection related","01 - Daylight","03 - P.D. only","03 - Rear end"
"1294","BASELINE RD @ FISHER AVE","366166.69360","5026028.76939","-75.71654","45.37151","2017","12/11/2017","5:30:00 PM","01 - Clear","01 - Dry","01 - Traffic signal","02 - Intersection related","07 - Dark","03 - P.D. only","03 - Rear end"
"1295","BASELINE RD @ FISHER AVE","366167.02805","5026027.86380","-75.71654","45.37151","2017","12/6/2017","4:43:00 PM","01 - Clear","01 - Dry","01 - Traffic signal","02 - Intersection related","05 - Dusk","03 - P.D. only","03 - Rear end"
"1296","BASELINE RD @ FISHER AVE","366164.11849","5026030.24944","-75.71657","45.37153","2017","1/5/2017","10:47:00 AM","01 - Clear","05 - Packed snow","01 - Traffic signal","02 - Intersection related","01 - Daylight","02 - Non-fatal injury","03 - Rear end"
"1297","BASELINE RD @ FISHER AVE","366166.35915","5026028.53270","-75.71654","45.37151","2017","2/15/2017","10:48:00 AM","03 - Snow","03 - Loose snow","01 - Traffic signal","02 - Intersection related","01 - Daylight","02 - Non-fatal injury","07 - SMV other"
"1298","BASELINE RD @ FISHER AVE","366167.55197","5026029.39107","-75.71653","45.37152","2017","1/12/2017","5:55:00 PM","01 - Clear","02 - Wet","01 - Traffic signal","02 - Intersection related","07 - Dark","03 - P.D. only","03 - Rear end"
"1299","BASELINE RD @ FISHER AVE","366166.35915","5026029.87049","-75.71654","45.37152","2017","3/5/2017","9:38:00 AM","01 - Clear","01 - Dry","01 - Traffic signal","02 - Intersection related","01 - Daylight","03 - P.D. only","03 - Rear end"
"1300","BASELINE RD @ FISHER AVE","366167.69694","5026027.86380","-75.71653","45.37151","2017","3/9/2017","11:52:00 AM","01 - Clear","01 - Dry","01 - Traffic signal","02 - Intersection related","01 - Daylight","03 - P.D. only","04 - Sideswipe"
"1301","BASELINE RD @ FISHER AVE","366167.17150","5026027.81585","-75.71653","45.37151","2017","12/23/2017","12:15:00 PM","03 - Snow","04 - Slush","01 - Traffic signal","02 - Intersection related","01 - Daylight","03 - P.D. only","05 - Turning movement"
"1302","BASELINE RD @ GREENBANK RD","360597.34985","5022584.50020","-75.78803","45.34099","2017","5/28/2017","5:58:00 PM","01 - Clear","01 - Dry","01 - Traffic signal","02 - Intersection related","01 - Daylight","03 - P.D. only","03 - Rear end"
"1303","BASELINE RD @ GREENBANK RD","360598.01875","5022585.16910","-75.78802","45.34099","2017","6/25/2017","12:58:00 PM","02 - Rain","02 - Wet","01 - Traffic signal","02 - Intersection related","01 - Daylight","02 - Non-fatal injury","03 - Rear end"
"1304","BASELINE RD @ GREENBANK RD","360597.34985","5022583.83130","-75.78803","45.34098","2017","4/28/2017","6:04:00 PM","01 - Clear","01 - Dry","01 - Traffic signal","02 - Intersection related","01 - Daylight","03 - P.D. only","04 - Sideswipe"
"1305","BASELINE RD @ GREENBANK RD","360596.33437","5022584.73809","-75.78804","45.34099","2017","7/4/2017","5:43:00 PM","01 - Clear","01 - Dry","01 - Traffic signal","02 - Intersection related","01 - Daylight","03 - P.D. only","04 - Sideswipe"
"1306","BASELINE RD @ GREENBANK RD","360597.01837","5022585.61008","-75.78803","45.34100","2017","8/26/2017","1:30:00 PM","01 - Clear","01 - Dry","01 - Traffic signal","02 - Intersection related","01 - Daylight","03 - P.D. only","03 - Rear end"
"1307","BASELINE RD @ GREENBANK RD","360598.35023","5022583.39032","-75.78801","45.34098","2017","8/21/2017","9:58:00 AM","01 - Clear","01 - Dry","01 - Traffic signal","02 - Intersection related","01 - Daylight","02 - Non-fatal injury","03 - Rear end"
"1308","BASELINE RD @ GREENBANK RD","360597.21093","5022584.73689","-75.78803","45.34099","2017","10/3/2017","7:41:00 AM","01 - Clear","01 - Dry","01 - Traffic signal","02 - Intersection related","01 - Daylight","03 - P.D. only","03 - Rear end"
"1309","BASELINE RD @ GREENBANK RD","360597.68430","5022584.26351","-75.78802","45.34099","2017","9/25/2017","8:49:00 AM","01 - Clear","01 - Dry","01 - Traffic signal","02 - Intersection related","01 - Daylight","02 - Non-fatal injury","03 - Rear end"
"1310","BASELINE RD @ GREENBANK RD","360597.68430","5022585.59310","-75.78802","45.34100","2017","10/5/2017","11:29:00 AM","01 - Clear","01 - Dry","01 - Traffic signal","02 - Intersection related","01 - Daylight","03 - P.D. only","03 - Rear end"
"1311","BASELINE RD @ GREENBANK RD","360598.16220","5022583.78335","-75.78802","45.34098","2017","10/26/2017","6:00:00 PM","01 - Clear","01 - Dry","01 - Traffic signal","02 - Intersection related","01 - Daylight","03 - P.D. only","03 - Rear end"
"1312","BASELINE RD @ GREENBANK RD","360597.68430","5022584.50020","-75.78802","45.34099","2017","9/26/2017","4:59:00 PM","01 - Clear","01 - Dry","01 - Traffic signal","02 - Intersection related","01 - Daylight","03 - P.D. only","03 - Rear end"
"1313","BASELINE RD @ GREENBANK RD","360596.72851","5022583.30546","-75.78803","45.34098","2017","11/2/2017","5:34:00 PM","02 - Rain","02 - Wet","01 - Traffic signal","03 - At intersection","07 - Dark","03 - P.D. only","03 - Rear end"
"1314","BASELINE RD @ GREENBANK RD","360597.68430","5022585.62590","-75.78802","45.34100","2017","2/13/2017","4:00:00 PM","01 - Clear","02 - Wet","01 - Traffic signal","02 - Intersection related","01 - Daylight","03 - P.D. only","99 - Other"
"1315","BASELINE RD @ GREENBANK RD","360598.43477","5022583.37450","-75.78801","45.34098","2017","2/15/2017","10:51:00 AM","03 - Snow","03 - Loose snow","01 - Traffic signal","02 - Intersection related","01 - Daylight","03 - P.D. only","03 - Rear end"
"1316","BASELINE RD @ GREENBANK RD","360596.04496","5022585.04665","-75.78804","45.34099","2017","1/30/2017","9:41:00 AM","01 - Clear","01 - Dry","01 - Traffic signal","02 - Intersection related","01 - Daylight","03 - P.D. only","03 - Rear end"
"1317","BASELINE RD @ GREENBANK RD","360597.68430","5022583.40730","-75.78802","45.34098","2017","1/30/2017","8:15:00 AM","01 - Clear","06 - Ice","01 - Traffic signal","02 - Intersection related","01 - Daylight","03 - P.D. only","03 - Rear end"
"1318","BASELINE RD @ GREENBANK RD","360598.68764","5022583.83130","-75.78801","45.34098","2017","3/20/2017","9:58:00 AM","01 - Clear","01 - Dry","01 - Traffic signal","02 - Intersection related","01 - Daylight","03 - P.D. only","03 - Rear end"
"1319","BASELINE RD @ GREENBANK RD","360598.68764","5022584.50020","-75.78801","45.34099","2017","3/17/2017","6:08:00 PM","01 - Clear","01 - Dry","01 - Traffic signal","02 - Intersection related","05 - Dusk","03 - P.D. only","03 - Rear end"
"1320","BASELINE RD @ GREENBANK RD","360599.35654","5022583.83130","-75.78800","45.34098","2017","4/23/2017","12:05:00 PM","01 - Clear","01 - Dry","01 - Traffic signal","02 - Intersection related","01 - Daylight","03 - P.D. only","03 - Rear end"
"1321","BASELINE RD @ GREENBANK RD","360596.78238","5022585.17664","-75.78803","45.34099","2017","4/21/2017","12:39:00 PM","02 - Rain","02 - Wet","01 - Traffic signal","02 - Intersection related","01 - Daylight","03 - P.D. only","03 - Rear end"
"1322","BASELINE RD @ GUTHRIE ST","360243.14997","5022371.73639","-75.79257","45.33910","2017","12/16/2017","7:43:00 AM","02 - Rain","03 - Loose snow","01 - Traffic signal","02 - Intersection related","03 - Dawn","02 - Non-fatal injury","07 - SMV other"
"1323","BASELINE RD @ JOHN SUTHERLAND DR/VALLEY STREAM","359310.72220","5021789.70113","-75.80453","45.33394","2017","2/9/2017","1:41:00 PM","01 - Clear","01 - Dry","01 - Traffic signal","03 - At intersection","01 - Daylight","03 - P.D. only","05 - Turning movement"
"1324","BASELINE RD @ LOBLAWS SC","364742.65109","5025129.49658","-75.73483","45.36355","2017","3/26/2017","2:50:00 PM","01 - Clear","02 - Wet","01 - Traffic signal","02 - Intersection related","01 - Daylight","02 - Non-fatal injury","03 - Rear end"
"1325","BASELINE RD @ LOBLAWS SC","364743.65444","5025127.48991","-75.73482","45.36353","2017","4/15/2017","3:14:00 PM","02 - Rain","02 - Wet","01 - Traffic signal","02 - Intersection related","01 - Daylight","03 - P.D. only","03 - Rear end"
"1326","BASELINE RD @ LOBLAWS SC","364742.65110","5025129.49660","-75.73483","45.36355","2017","3/9/2017","2:51:00 PM","01 - Clear","01 - Dry","01 - Traffic signal","03 - At intersection","01 - Daylight","02 - Non-fatal injury","05 - Turning movement"
"1327","BASELINE RD @ MERIVALE RD","365055.03085","5025325.51490","-75.73082","45.36528","2017","5/25/2017","6:30:00 PM","02 - Rain","02 - Wet","01 - Traffic signal","02 - Intersection related","01 - Daylight","02 - Non-fatal injury","03 - Rear end"
"1328","BASELINE RD @ MERIVALE RD","365055.69974","5025326.85269","-75.73081","45.36530","2017","6/19/2017","4:30:00 PM","01 - Clear","01 - Dry","01 - Traffic signal","02 - Intersection related","01 - Daylight","03 - P.D. only","04 - Sideswipe"
"1329","BASELINE RD @ MERIVALE RD","365055.03085","5025325.51490","-75.73082","45.36528","2017","6/7/2017","9:11:00 AM","01 - Clear","01 - Dry","01 - Traffic signal","02 - Intersection related","01 - Daylight","03 - P.D. only","03 - Rear end"
"1330","BASELINE RD @ MERIVALE RD","365054.18690","5025326.53390","-75.73083","45.36529","2017","5/2/2017","5:38:00 PM","01 - Clear","01 - Dry","01 - Traffic signal","02 - Intersection related","01 - Daylight","03 - P.D. only","03 - Rear end"
"1331","BASELINE RD @ MERIVALE RD","365055.14736","5025324.38750","-75.73082","45.36527","2017","5/13/2017","1:54:00 PM","02 - Rain","02 - Wet","01 - Traffic signal","02 - Intersection related","01 - Daylight","03 - P.D. only","03 - Rear end"
"1332","BASELINE RD @ MERIVALE RD","365056.36864","5025326.18380","-75.73080","45.36529","2017","6/11/2017","3:00:00 PM","01 - Clear","01 - Dry","01 - Traffic signal","03 - At intersection","01 - Daylight","03 - P.D. only","04 - Sideswipe"
"1333","BASELINE RD @ MERIVALE RD","365055.03085","5025325.51490","-75.73082","45.36528","2017","6/29/2017","6:09:00 PM","02 - Rain","02 - Wet","01 - Traffic signal","02 - Intersection related","01 - Daylight","03 - P.D. only","03 - Rear end"
"1334","BASELINE RD @ MERIVALE RD","365054.69640","5025324.17621","-75.73082","45.36527","2017","7/29/2017","12:00:00 PM","01 - Clear","01 - Dry","01 - Traffic signal","02 - Intersection related","01 - Daylight","03 - P.D. only","04 - Sideswipe"
"1335","BASELINE RD @ MERIVALE RD","365054.09490","5025325.81565","-75.73083","45.36529","2017","7/23/2017","1:07:00 PM","01 - Clear","01 - Dry","01 - Traffic signal","02 - Intersection related","01 - Daylight","03 - P.D. only","03 - Rear end"
"1336","BASELINE RD @ MERIVALE RD","365053.26271","5025325.75385","-75.73084","45.36529","2017","9/22/2017","12:34:00 PM","01 - Clear","01 - Dry","01 - Traffic signal","03 - At intersection","01 - Daylight","03 - P.D. only","05 - Turning movement"
"1337","BASELINE RD @ MERIVALE RD","365055.59025","5025324.84451","-75.73081","45.36528","2017","9/18/2017","4:30:00 PM","01 - Clear","01 - Dry","01 - Traffic signal","02 - Intersection related","01 - Daylight","03 - P.D. only","03 - Rear end"
"1338","BASELINE RD @ MERIVALE RD","365054.69635","5025325.51489","-75.73082","45.36528","2017","9/25/2017","10:00:00 AM","01 - Clear","01 - Dry","01 - Traffic signal","02 - Intersection related","01 - Daylight","03 - P.D. only","03 - Rear end"
"1339","BASELINE RD @ MERIVALE RD","365054.15366","5025325.24353","-75.73083","45.36528","2017","10/25/2017","9:33:00 PM","01 - Clear","01 - Dry","01 - Traffic signal","02 - Intersection related","07 - Dark","02 - Non-fatal injury","03 - Rear end"
"1340","BASELINE RD @ MERIVALE RD","365054.36195","5025324.84600","-75.73083","45.36528","2017","10/11/2017","12:17:00 PM","01 - Clear","01 - Dry","01 - Traffic signal","02 - Intersection related","01 - Daylight","02 - Non-fatal injury","07 - SMV other"
"1341","BASELINE RD @ MERIVALE RD","365053.74965","5025325.27821","-75.73083","45.36528","2017","9/9/2017","5:57:00 PM","01 - Clear","01 - Dry","01 - Traffic signal","02 - Intersection related","01 - Daylight","03 - P.D. only","03 - Rear end"
"1342","BASELINE RD @ MERIVALE RD","365054.14995","5025324.96845","-75.73083","45.36528","2017","9/29/2017","2:21:00 PM","01 - Clear","01 - Dry","01 - Traffic signal","02 - Intersection related","01 - Daylight","03 - P.D. only","04 - Sideswipe"
"1343","BASELINE RD @ MERIVALE RD","365053.69306","5025325.51490","-75.73083","45.36528","2017","10/24/2017","8:43:00 AM","02 - Rain","02 - Wet","01 - Traffic signal","02 - Intersection related","01 - Daylight","03 - P.D. only","03 - Rear end"
"1344","BASELINE RD @ MERIVALE RD","365054.69640","5025324.96845","-75.73082","45.36528","2017","10/6/2017","7:49:00 PM","01 - Clear","01 - Dry","01 - Traffic signal","03 - At intersection","07 - Dark","02 - Non-fatal injury","03 - Rear end"
"1345","BASELINE RD @ MERIVALE RD","365055.16977","5025325.75159","-75.73081","45.36529","2017","10/28/2017","3:47:00 PM","01 - Clear","01 - Dry","01 - Traffic signal","02 - Intersection related","01 - Daylight","03 - P.D. only","03 - Rear end"
"1346","BASELINE RD @ MERIVALE RD","365054.22303","5025325.27821","-75.73083","45.36528","2017","11/22/2017","5:37:00 PM","01 - Clear","01 - Dry","01 - Traffic signal","03 - At intersection","07 - Dark","02 - Non-fatal injury","03 - Rear end"
"1347","BASELINE RD @ MERIVALE RD","365055.16977","5025326.22496","-75.73081","45.36529","2017","12/12/2017","1:00:00 PM","03 - Snow","04 - Slush","01 - Traffic signal","02 - Intersection related","01 - Daylight","02 - Non-fatal injury","03 - Rear end"
"1348","BASELINE RD @ MERIVALE RD","365057.24391","5025323.47689","-75.73079","45.36526","2017","11/24/2017","7:27:00 AM","01 - Clear","01 - Dry","01 - Traffic signal","03 - At intersection","03 - Dawn","02 - Non-fatal injury","05 - Turning movement"
"1349","BASELINE RD @ MERIVALE RD","365053.02416","5025325.51490","-75.73084","45.36528","2017","12/1/2017","4:57:00 PM","01 - Clear","01 - Dry","01 - Traffic signal","02 - Intersection related","05 - Dusk","03 - P.D. only","03 - Rear end"
"1350","BASELINE RD @ MERIVALE RD","365054.24544","5025325.28942","-75.73083","45.36528","2017","12/13/2017","6:26:00 PM","03 - Snow","04 - Slush","01 - Traffic signal","02 - Intersection related","07 - Dark","03 - P.D. only","04 - Sideswipe"
"1351","BASELINE RD @ MERIVALE RD","365055.03085","5025326.18380","-75.73082","45.36529","2017","2/12/2017","12:49:00 PM","03 - Snow","03 - Loose snow","01 - Traffic signal","02 - Intersection related","01 - Daylight","03 - P.D. only","03 - Rear end"
"1352","BASELINE RD @ MERIVALE RD","365053.94593","5025325.89013","-75.73083","45.36529","2017","2/9/2017","12:12:00 PM","01 - Clear","01 - Dry","01 - Traffic signal","02 - Intersection related","01 - Daylight","03 - P.D. only","03 - Rear end"
"1353","BASELINE RD @ MERIVALE RD","365054.14995","5025326.60780","-75.73083","45.36529","2017","2/6/2017","11:19:00 AM","01 - Clear","01 - Dry","01 - Traffic signal","02 - Intersection related","01 - Daylight","03 - P.D. only","03 - Rear end"
"1354","BASELINE RD @ MERIVALE RD","365052.97966","5025324.65653","-75.73084","45.36528","2017","1/4/2017","5:00:00 PM","04 - Freezing Rain","06 - Ice","01 - Traffic signal","02 - Intersection related","05 - Dusk","03 - P.D. only","03 - Rear end"
"1355","BASELINE RD @ MERIVALE RD","365055.03085","5025325.51490","-75.73082","45.36528","2017","4/19/2017","11:13:00 AM","01 - Clear","01 - Dry","01 - Traffic signal","02 - Intersection related","01 - Daylight","03 - P.D. only","04 - Sideswipe"
"1356","BASELINE RD @ MERIVALE RD","365055.03085","5025325.51490","-75.73082","45.36528","2017","3/9/2017","5:30:00 PM","01 - Clear","01 - Dry","01 - Traffic signal","02 - Intersection related","05 - Dusk","03 - P.D. only","04 - Sideswipe"
"1357","BASELINE RD @ MERIVALE RD","365054.69640","5025326.23175","-75.73082","45.36529","2017","12/30/2017","11:43:00 PM","05 - Drifting Snow","06 - Ice","01 - Traffic signal","02 - Intersection related","07 - Dark","02 - Non-fatal injury","03 - Rear end"
"1358","BASELINE RD @ MONTEREY DR","359792.66776","5022155.49880","-75.79834","45.33719","2017","3/25/2017","12:27:00 AM","03 - Snow","04 - Slush","01 - Traffic signal","02 - Intersection related","07 - Dark","03 - P.D. only","07 - SMV other"
"1359","BASELINE RD @ NAVAHO DR","363086.69404","5024097.50630","-75.75609","45.35440","2017","5/28/2017","10:38:00 AM","01 - Clear","01 - Dry","01 - Traffic signal","02 - Intersection related","01 - Daylight","03 - P.D. only","03 - Rear end"
"1360","BASELINE RD @ NAVAHO DR","363085.35625","5024099.51299","-75.75610","45.35442","2017","5/25/2017","9:40:00 AM","01 - Clear","01 - Dry","01 - Traffic signal","03 - At intersection","01 - Daylight","02 - Non-fatal injury","07 - SMV other"
"1361","BASELINE RD @ NAVAHO DR","363087.36294","5024097.50630","-75.75608","45.35440","2017","6/6/2017","4:37:00 PM","02 - Rain","02 - Wet","01 - Traffic signal","02 - Intersection related","01 - Daylight","03 - P.D. only","03 - Rear end"
"1362","BASELINE RD @ NAVAHO DR","363086.69404","5024098.17520","-75.75609","45.35441","2017","6/14/2017","10:25:00 AM","01 - Clear","01 - Dry","01 - Traffic signal","03 - At intersection","01 - Daylight","03 - P.D. only","03 - Rear end"
"1363","BASELINE RD @ NAVAHO DR","363084.77222","5024097.27668","-75.75611","45.35440","2017","7/19/2017","10:56:00 AM","01 - Clear","01 - Dry","01 - Traffic signal","02 - Intersection related","01 - Daylight","03 - P.D. only","03 - Rear end"
"1364","BASELINE RD @ NAVAHO DR","363087.33004","5024098.05275","-75.75608","45.35440","2017","10/5/2017","4:24:00 PM","01 - Clear","01 - Dry","01 - Traffic signal","02 - Intersection related","01 - Daylight","03 - P.D. only","04 - Sideswipe"
"1365","BASELINE RD @ NAVAHO DR","363086.23715","5024097.50630","-75.75609","45.35440","2017","10/4/2017","11:39:00 AM","01 - Clear","01 - Dry","01 - Traffic signal","02 - Intersection related","01 - Daylight","03 - P.D. only","03 - Rear end"
"1366","BASELINE RD @ NAVAHO DR","363086.16407","5024096.32287","-75.75609","45.35439","2017","12/4/2017","12:07:00 PM","01 - Clear","01 - Dry","01 - Traffic signal","02 - Intersection related","01 - Daylight","02 - Non-fatal injury","03 - Rear end"
"1367","BASELINE RD @ NAVAHO DR","363086.23344","5024096.14945","-75.75609","45.35439","2017","1/31/2017","9:45:00 PM","01 - Clear","01 - Dry","01 - Traffic signal","02 - Intersection related","07 - Dark","03 - P.D. only","99 - Other"
"1368","BASELINE RD @ NAVAHO DR","363085.35625","5024097.50630","-75.75610","45.35440","2017","2/15/2017","6:44:00 PM","03 - Snow","03 - Loose snow","01 - Traffic signal","03 - At intersection","07 - Dark","03 - P.D. only","05 - Turning movement"
"1369","BASELINE RD @ NAVAHO DR","363085.35625","5024097.50630","-75.75610","45.35440","2017","3/11/2017","1:59:00 PM","01 - Clear","01 - Dry","01 - Traffic signal","02 - Intersection related","01 - Daylight","03 - P.D. only","04 - Sideswipe"
"1370","BASELINE RD @ NAVAHO DR","363085.21733","5024097.26961","-75.75610","45.35440","2017","4/15/2017","7:45:00 PM","02 - Rain","02 - Wet","01 - Traffic signal","02 - Intersection related","07 - Dark","03 - P.D. only","03 - Rear end"
"1371","BASELINE RD @ ROCKWAY CRES","361184.59429","5022932.37371","-75.78049","45.34407","2017","5/5/2017","10:23:00 AM","02 - Rain","02 - Wet","02 - Stop sign","03 - At intersection","01 - Daylight","03 - P.D. only","02 - Angle"
"1372","BASELINE RD @ ROCKWAY CRES","361184.93005","5022932.72870","-75.78049","45.34407","2017","9/8/2017","6:18:00 PM","01 - Clear","01 - Dry","02 - Stop sign","02 - Intersection related","01 - Daylight","02 - Non-fatal injury","03 - Rear end"
"1373","BASELINE RD @ ROCKWAY CRES","361185.00170","5022932.29387","-75.78049","45.34407","2017","1/27/2017","4:05:00 PM","03 - Snow","02 - Wet","02 - Stop sign","02 - Intersection related","01 - Daylight","02 - Non-fatal injury","02 - Angle"
"1374","BASELINE RD @ ROCKWAY CRES","361184.63316","5022932.65899","-75.78049","45.34407","2017","1/9/2017","9:15:00 AM","01 - Clear","04 - Slush","02 - Stop sign","03 - At intersection","01 - Daylight","03 - P.D. only","02 - Angle"
"1375","BASELINE RD @ ROCKWAY CRES","361185.01035","5022930.49711","-75.78049","45.34405","2017","2/10/2017","10:40:00 AM","01 - Clear","01 - Dry","02 - Stop sign","03 - At intersection","01 - Daylight","03 - P.D. only","02 - Angle"
"1376","BASELINE RD @ SANDCASTLE DR","359629.37375","5021987.49290","-75.80044","45.33569","2017","10/4/2017","2:25:00 PM","01 - Clear","01 - Dry","01 - Traffic signal","02 - Intersection related","01 - Daylight","03 - P.D. only","03 - Rear end"
"1377","BASELINE RD @ SANDCASTLE DR","359630.52737","5021988.35127","-75.80043","45.33570","2017","1/12/2017","4:51:00 PM","01 - Clear","02 - Wet","01 - Traffic signal","02 - Intersection related","05 - Dusk","03 - P.D. only","04 - Sideswipe"
"1378","BASELINE RD @ WOODROFFE AVE","362550.69354","5023770.50470","-75.76296","45.35150","2017","5/26/2017","5:30:00 PM","02 - Rain","02 - Wet","01 - Traffic signal","02 - Intersection related","01 - Daylight","03 - P.D. only","03 - Rear end"
"1379","BASELINE RD @ WOODROFFE AVE","362550.02465","5023771.17360","-75.76297","45.35151","2017","4/29/2017","12:05:00 PM","01 - Clear","01 - Dry","01 - Traffic signal","02 - Intersection related","01 - Daylight","03 - P.D. only","03 - Rear end"
"1380","BASELINE RD @ WOODROFFE AVE","362549.35575","5023770.50470","-75.76298","45.35150","2017","5/17/2017","12:43:00 PM","01 - Clear","01 - Dry","01 - Traffic signal","02 - Intersection related","01 - Daylight","03 - P.D. only","03 - Rear end"
"1381","BASELINE RD @ WOODROFFE AVE","362550.02465","5023770.50470","-75.76297","45.35150","2017","5/29/2017","2:00:00 PM","02 - Rain","02 - Wet","01 - Traffic signal","02 - Intersection related","01 - Daylight","03 - P.D. only","04 - Sideswipe"
"1382","BASELINE RD @ WOODROFFE AVE","362548.47254","5023770.80911","-75.76299","45.35151","2017","7/18/2017","10:57:00 AM","01 - Clear","01 - Dry","01 - Traffic signal","02 - Intersection related","01 - Daylight","03 - P.D. only","03 - Rear end"
"1383","BASELINE RD @ WOODROFFE AVE","362549.69020","5023769.54776","-75.76298","45.35149","2017","7/21/2017","10:10:00 PM","01 - Clear","01 - Dry","01 - Traffic signal","03 - At intersection","07 - Dark","02 - Non-fatal injury","05 - Turning movement"
"1384","BASELINE RD @ WOODROFFE AVE","362550.02465","5023770.50470","-75.76297","45.35150","2017","7/8/2017","9:52:00 AM","01 - Clear","01 - Dry","01 - Traffic signal","02 - Intersection related","01 - Daylight","03 - P.D. only","03 - Rear end"
"1385","BASELINE RD @ WOODROFFE AVE","362549.08870","5023772.00846","-75.76298","45.35152","2017","7/25/2017","6:03:00 PM","01 - Clear","01 - Dry","01 - Traffic signal","02 - Intersection related","01 - Daylight","03 - P.D. only","03 - Rear end"
"1386","BASELINE RD @ WOODROFFE AVE","362549.69020","5023769.79464","-75.76298","45.35150","2017","8/26/2017","1:27:00 PM","01 - Clear","01 - Dry","01 - Traffic signal","02 - Intersection related","01 - Daylight","03 - P.D. only","03 - Rear end"
"1387","BASELINE RD @ WOODROFFE AVE","362550.29170","5023770.80545","-75.76297","45.35150","2017","7/27/2017","4:27:00 PM","01 - Clear","01 - Dry","01 - Traffic signal","02 - Intersection related","01 - Daylight","03 - P.D. only","03 - Rear end"
"1388","BASELINE RD @ WOODROFFE AVE","362551.04645","5023771.59199","-75.76296","45.35151","2017","8/31/2017","2:57:00 PM","01 - Clear","01 - Dry","01 - Traffic signal","02 - Intersection related","01 - Daylight","03 - P.D. only","03 - Rear end"
"1389","BASELINE RD @ WOODROFFE AVE","362549.69020","5023771.30791","-75.76298","45.35151","2017","8/10/2017","9:45:00 AM","01 - Clear","01 - Dry","01 - Traffic signal","02 - Intersection related","01 - Daylight","03 - P.D. only","04 - Sideswipe"
"1390","BASELINE RD @ WOODROFFE AVE","362550.58405","5023771.62202","-75.76297","45.35151","2017","9/13/2017","6:43:00 PM","01 - Clear","01 - Dry","01 - Traffic signal","03 - At intersection","01 - Daylight","02 - Non-fatal injury","03 - Rear end"
"1391","BASELINE RD @ WOODROFFE AVE","362551.32954","5023771.05115","-75.76296","45.35151","2017","10/16/2017","9:57:00 AM","01 - Clear","01 - Dry","01 - Traffic signal","02 - Intersection related","01 - Daylight","03 - P.D. only","04 - Sideswipe"
"1392","BASELINE RD @ WOODROFFE AVE","362549.21683","5023770.26801","-75.76298","45.35150","2017","10/31/2017","12:59:00 PM","01 - Clear","01 - Dry","01 - Traffic signal","02 - Intersection related","01 - Daylight","03 - P.D. only","03 - Rear end"
"1393","BASELINE RD @ WOODROFFE AVE","362549.69020","5023770.72816","-75.76298","45.35150","2017","9/9/2017","4:13:00 PM","01 - Clear","01 - Dry","01 - Traffic signal","02 - Intersection related","01 - Daylight","03 - P.D. only","04 - Sideswipe"
"1394","BASELINE RD @ WOODROFFE AVE","362549.69017","5023770.50484","-75.76298","45.35150","2017","9/9/2017","4:30:00 PM","01 - Clear","01 - Dry","01 - Traffic signal","02 - Intersection related","01 - Daylight","03 - P.D. only","03 - Rear end"