"Record","Location","X","Y","Longitude","Latitude","Year","Date","Time","Environment","Road_Surface","Traffic_Control","Collision_Location","Light","Collision_Classification","Impact_type"
"1395","BASELINE RD @ WOODROFFE AVE","362550.16357","5023770.74139","-75.76297","45.35150","2017","9/26/2017","5:56:00 PM","01 - Clear","01 - Dry","01 - Traffic signal","02 - Intersection related","01 - Daylight","03 - P.D. only","03 - Rear end"
"1396","BASELINE RD @ WOODROFFE AVE","362548.60472","5023771.86155","-75.76299","45.35151","2017","10/19/2017","6:55:00 PM","01 - Clear","01 - Dry","01 - Traffic signal","02 - Intersection related","07 - Dark","03 - P.D. only","03 - Rear end"
"1397","BASELINE RD @ WOODROFFE AVE","362550.16357","5023769.32127","-75.76297","45.35149","2017","9/11/2017","3:55:00 PM","01 - Clear","01 - Dry","01 - Traffic signal","02 - Intersection related","01 - Daylight","02 - Non-fatal injury","99 - Other"
"1398","BASELINE RD @ WOODROFFE AVE","362551.36244","5023770.50470","-75.76296","45.35150","2017","11/19/2017","8:20:00 AM","04 - Freezing Rain","05 - Packed snow","01 - Traffic signal","03 - At intersection","01 - Daylight","02 - Non-fatal injury","02 - Angle"
"1399","BASELINE RD @ WOODROFFE AVE","362548.73441","5023770.74365","-75.76299","45.35150","2017","11/7/2017","12:11:00 PM","01 - Clear","01 - Dry","01 - Traffic signal","02 - Intersection related","01 - Daylight","03 - P.D. only","04 - Sideswipe"
"1400","BASELINE RD @ WOODROFFE AVE","362548.68686","5023769.16691","-75.76299","45.35149","2017","11/30/2017","7:21:00 PM","01 - Clear","01 - Dry","01 - Traffic signal","02 - Intersection related","07 - Dark","03 - P.D. only","04 - Sideswipe"
"1401","BASELINE RD @ WOODROFFE AVE","362548.68686","5023771.84249","-75.76299","45.35151","2017","11/20/2017","11:05:00 AM","01 - Clear","02 - Wet","01 - Traffic signal","02 - Intersection related","01 - Daylight","03 - P.D. only","03 - Rear end"
"1402","BASELINE RD @ WOODROFFE AVE","362549.35575","5023771.84249","-75.76298","45.35151","2017","11/28/2017","4:45:00 PM","01 - Clear","01 - Dry","01 - Traffic signal","03 - At intersection","05 - Dusk","03 - P.D. only","05 - Turning movement"
"1403","BASELINE RD @ WOODROFFE AVE","362550.16810","5023770.74365","-75.76297","45.35150","2017","12/12/2017","1:53:00 PM","03 - Snow","03 - Loose snow","01 - Traffic signal","02 - Intersection related","01 - Daylight","03 - P.D. only","02 - Angle"
"1404","BASELINE RD @ WOODROFFE AVE","362548.68686","5023771.17360","-75.76299","45.35151","2017","11/27/2017","12:00:00 PM","01 - Clear","01 - Dry","01 - Traffic signal","03 - At intersection","01 - Daylight","02 - Non-fatal injury","03 - Rear end"
"1405","BASELINE RD @ WOODROFFE AVE","362548.01796","5023770.50470","-75.76300","45.35150","2017","12/11/2017","9:30:00 AM","01 - Clear","01 - Dry","01 - Traffic signal","02 - Intersection related","01 - Daylight","03 - P.D. only","02 - Angle"
"1406","BASELINE RD @ WOODROFFE AVE","362550.02465","5023771.17360","-75.76297","45.35151","2017","2/15/2017","11:03:00 PM","01 - Clear","05 - Packed snow","01 - Traffic signal","03 - At intersection","07 - Dark","02 - Non-fatal injury","02 - Angle"
"1407","BASELINE RD @ WOODROFFE AVE","362550.16357","5023770.74139","-75.76297","45.35150","2017","1/17/2017","7:10:00 AM","01 - Clear","01 - Dry","01 - Traffic signal","02 - Intersection related","07 - Dark","03 - P.D. only","03 - Rear end"
"1408","BASELINE RD @ WOODROFFE AVE","362548.18926","5023770.12947","-75.76300","45.35150","2017","1/26/2017","11:00:00 AM","03 - Snow","02 - Wet","01 - Traffic signal","02 - Intersection related","01 - Daylight","02 - Non-fatal injury","04 - Sideswipe"
"1409","BASELINE RD @ WOODROFFE AVE","362548.83183","5023769.64633","-75.76299","45.35149","2017","1/11/2017","1:36:00 PM","01 - Clear","02 - Wet","01 - Traffic signal","02 - Intersection related","01 - Daylight","02 - Non-fatal injury","03 - Rear end"
"1410","BASELINE RD @ WOODROFFE AVE","362549.69020","5023770.12947","-75.76298","45.35150","2017","2/8/2017","7:00:00 PM","01 - Clear","02 - Wet","01 - Traffic signal","02 - Intersection related","07 - Dark","02 - Non-fatal injury","03 - Rear end"
"1411","BASELINE RD @ WOODROFFE AVE","362550.02465","5023769.83580","-75.76297","45.35150","2017","4/14/2017","11:12:00 PM","01 - Clear","01 - Dry","01 - Traffic signal","03 - At intersection","07 - Dark","03 - P.D. only","03 - Rear end"
"1412","BASELINE RD @ WOODROFFE AVE","362550.69354","5023771.17360","-75.76296","45.35151","2017","3/13/2017","3:02:00 PM","01 - Clear","01 - Dry","01 - Traffic signal","02 - Intersection related","01 - Daylight","03 - P.D. only","03 - Rear end"
"1413","BASELINE RD @ WOODROFFE AVE","362549.35575","5023769.16691","-75.76298","45.35149","2017","3/9/2017","8:08:00 PM","01 - Clear","01 - Dry","01 - Traffic signal","02 - Intersection related","07 - Dark","03 - P.D. only","03 - Rear end"
"1414","BASELINE RD @ WOODROFFE AVE","362550.44067","5023771.63040","-75.76297","45.35151","2017","3/31/2017","3:28:00 PM","03 - Snow","02 - Wet","01 - Traffic signal","02 - Intersection related","01 - Daylight","02 - Non-fatal injury","03 - Rear end"
"1415","BASELINE RD @ WOODROFFE AVE","362550.69354","5023772.51139","-75.76296","45.35152","2017","3/29/2017","9:06:00 AM","01 - Clear","01 - Dry","01 - Traffic signal","02 - Intersection related","01 - Daylight","03 - P.D. only","04 - Sideswipe"
"1416","BASELINE RD @ WOODROFFE AVE","362550.16810","5023771.22155","-75.76297","45.35151","2017","12/18/2017","12:05:00 PM","03 - Snow","03 - Loose snow","01 - Traffic signal","02 - Intersection related","01 - Daylight","03 - P.D. only","03 - Rear end"
"1417","BASELINE RD @ WOODROFFE AVE","362549.69020","5023770.27922","-75.76298","45.35150","2017","12/19/2017","5:35:00 PM","03 - Snow","03 - Loose snow","01 - Traffic signal","02 - Intersection related","07 - Dark","03 - P.D. only","03 - Rear end"
"1418","BASELINE RD @ ZENA ST","365628.69700","5025688.76659","-75.72345","45.36850","2017","9/21/2017","4:26:00 PM","01 - Clear","01 - Dry","02 - Stop sign","03 - At intersection","01 - Daylight","03 - P.D. only","03 - Rear end"
"1419","BASELINE RD @ ZENA ST","365628.78588","5025688.70270","-75.72345","45.36850","2017","10/3/2017","9:10:00 AM","01 - Clear","01 - Dry","02 - Stop sign","02 - Intersection related","01 - Daylight","03 - P.D. only","03 - Rear end"
"1420","BASELINE RD @ ZENA ST","365628.69700","5025688.52990","-75.72345","45.36850","2017","2/3/2017","1:30:00 AM","01 - Clear","01 - Dry","02 - Stop sign","02 - Intersection related","07 - Dark","03 - P.D. only","03 - Rear end"
"1421","BASELINE RD @ ZENA ST","365630.29319","5025687.88341","-75.72343","45.36849","2017","4/15/2017","2:30:00 PM","01 - Clear","01 - Dry","02 - Stop sign","02 - Intersection related","01 - Daylight","01 - Fatal injury","07 - SMV other"
"1422","BASELINE RD btwn 180 E OF CEDARVIEW RD & JOHN SUTHERLAND DR/VALLEY STR","359235.53628","5021747.98732","-75.80549","45.33357","2017","5/3/2017","12:50:00 PM","01 - Clear","01 - Dry","10 - No control","01 - Non intersection","01 - Daylight","03 - P.D. only","03 - Rear end"
"1423","BASELINE RD btwn 207 E OF CLYDE AVE & LOBLAWS SC","364654.56129","5025074.89160","-75.73596","45.36306","2017","12/6/2017","4:38:00 PM","01 - Clear","01 - Dry","10 - No control","04 - At/near private drive","05 - Dusk","02 - Non-fatal injury","05 - Turning movement"
"1424","BASELINE RD btwn CLYDE AVE & 207 E OF CLYDE AVE","364428.60297","5024935.32895","-75.73886","45.36183","2017","5/23/2017","10:05:00 AM","01 - Clear","01 - Dry","10 - No control","01 - Non intersection","01 - Daylight","03 - P.D. only","03 - Rear end"
"1425","BASELINE RD btwn CLYDE AVE & 207 E OF CLYDE AVE","364371.91893","5024898.96063","-75.73959","45.36150","2017","9/21/2017","8:50:00 PM","01 - Clear","01 - Dry","10 - No control","01 - Non intersection","07 - Dark","02 - Non-fatal injury","04 - Sideswipe"
"1426","BASELINE RD btwn CLYDE AVE & 207 E OF CLYDE AVE","364527.61172","5024997.42314","-75.73759","45.36238","2017","10/2/2017","10:35:00 AM","01 - Clear","01 - Dry","10 - No control","04 - At/near private drive","01 - Daylight","02 - Non-fatal injury","07 - SMV other"
"1427","BASELINE RD btwn CLYDE AVE & 207 E OF CLYDE AVE","364485.78934","5024971.58151","-75.73813","45.36215","2017","12/14/2017","3:14:00 PM","01 - Clear","04 - Slush","10 - No control","01 - Non intersection","01 - Daylight","03 - P.D. only","03 - Rear end"
"1428","BASELINE RD btwn CLYDE AVE & 207 E OF CLYDE AVE","364377.09795","5024900.54634","-75.73952","45.36152","2017","4/11/2017","1:07:00 PM","01 - Clear","01 - Dry","10 - No control","01 - Non intersection","01 - Daylight","03 - P.D. only","03 - Rear end"
"1429","BASELINE RD btwn COBDEN RD & BARBARA ANN PRIV","361642.12280","5023212.60036","-75.77462","45.34656","2017","2/16/2017","5:05:00 PM","01 - Clear","02 - Wet","10 - No control","01 - Non intersection","01 - Daylight","02 - Non-fatal injury","03 - Rear end"
"1430","BASELINE RD btwn COLLEGE SQUARE SC & WOODROFFE AVE","362721.50531","5023873.54867","-75.76077","45.35242","2017","5/16/2017","4:18:00 PM","01 - Clear","01 - Dry","10 - No control","01 - Non intersection","01 - Daylight","02 - Non-fatal injury","03 - Rear end"
"1431","BASELINE RD btwn COLLEGE SQUARE SC & WOODROFFE AVE","362615.53519","5023808.21735","-75.76213","45.35184","2017","10/5/2017","6:11:00 PM","01 - Clear","01 - Dry","10 - No control","01 - Non intersection","01 - Daylight","02 - Non-fatal injury","03 - Rear end"
"1432","BASELINE RD btwn CONSTELLATION CRES & WOODROFFE AVE","362526.38826","5023755.73826","-75.76328","45.35137","2017","5/21/2017","10:55:00 PM","02 - Rain","02 - Wet","10 - No control","01 - Non intersection","07 - Dark","03 - P.D. only","04 - Sideswipe"
"1433","BASELINE RD btwn CONSTELLATION CRES & WOODROFFE AVE","362295.16315","5023609.80902","-75.76624","45.35008","2017","9/28/2017","8:32:00 AM","01 - Clear","01 - Dry","10 - No control","01 - Non intersection","01 - Daylight","03 - P.D. only","04 - Sideswipe"
"1434","BASELINE RD btwn CORDOVA ST & BASSANO ST","363638.16981","5024438.28894","-75.74901","45.35742","2017","5/23/2017","7:35:00 AM","01 - Clear","01 - Dry","10 - No control","01 - Non intersection","01 - Daylight","02 - Non-fatal injury","04 - Sideswipe"
"1435","BASELINE RD btwn CORDOVA ST & BASSANO ST","363616.76512","5024422.90433","-75.74928","45.35728","2017","2/16/2017","8:48:00 AM","03 - Snow","06 - Ice","10 - No control","01 - Non intersection","01 - Daylight","03 - P.D. only","99 - Other"
"1436","BASELINE RD btwn DEERFIELD DR & FERGUSON ST","363416.56469","5024300.35925","-75.75185","45.35620","2017","8/16/2017","4:36:00 PM","01 - Clear","01 - Dry","10 - No control","01 - Non intersection","01 - Daylight","03 - P.D. only","03 - Rear end"
"1437","BASELINE RD btwn FERGUSON ST & CORDOVA ST","363573.95576","5024398.15516","-75.74983","45.35706","2017","2/15/2017","6:05:00 PM","03 - Snow","03 - Loose snow","10 - No control","01 - Non intersection","07 - Dark","03 - P.D. only","04 - Sideswipe"
"1438","BASELINE RD btwn FERGUSON ST & CORDOVA ST","363509.38194","5024355.96551","-75.75066","45.35669","2017","4/6/2017","9:54:00 PM","02 - Rain","02 - Wet","10 - No control","04 - At/near private drive","07 - Dark","03 - P.D. only","03 - Rear end"
"1439","BASELINE RD btwn FISHER AVE & LEXINGTON ST","366289.43607","5026104.11798","-75.71496","45.37218","2017","6/5/2017","8:40:00 AM","01 - Clear","01 - Dry","10 - No control","01 - Non intersection","01 - Daylight","03 - P.D. only","03 - Rear end"
"1440","BASELINE RD btwn LOBLAWS SC & MERIVALE RD","364769.07250","5025147.55680","-75.73449","45.36371","2017","6/26/2017","6:27:00 PM","01 - Clear","01 - Dry","10 - No control","01 - Non intersection","01 - Daylight","03 - P.D. only","03 - Rear end"
"1441","BASELINE RD btwn LOBLAWS SC & MERIVALE RD","364968.07758","5025274.02483","-75.73193","45.36483","2017","11/29/2017","4:18:00 PM","01 - Clear","01 - Dry","10 - No control","01 - Non intersection","01 - Daylight","03 - P.D. only","03 - Rear end"
"1442","BASELINE RD btwn MARSON ST & FISHER AVE","366083.37999","5025973.38477","-75.71761","45.37102","2017","8/8/2017","5:09:00 PM","01 - Clear","01 - Dry","10 - No control","01 - Non intersection","01 - Daylight","02 - Non-fatal injury","03 - Rear end"
"1443","BASELINE RD btwn MARSON ST & FISHER AVE","366066.13494","5025963.95169","-75.71783","45.37094","2017","9/12/2017","10:35:00 AM","01 - Clear","01 - Dry","10 - No control","01 - Non intersection","01 - Daylight","02 - Non-fatal injury","03 - Rear end"
"1444","BASELINE RD btwn MARSON ST & FISHER AVE","365998.45326","5025922.09493","-75.71870","45.37057","2017","1/4/2017","3:21:00 PM","03 - Snow","05 - Packed snow","10 - No control","01 - Non intersection","01 - Daylight","03 - P.D. only","03 - Rear end"
"1445","BASELINE RD btwn MERIVALE RD & FARLANE BLVD","365178.37618","5025402.47440","-75.72923","45.36597","2017","9/5/2017","5:02:00 PM","01 - Clear","01 - Dry","10 - No control","01 - Non intersection","01 - Daylight","03 - P.D. only","04 - Sideswipe"
"1446","BASELINE RD btwn MERIVALE RD & FARLANE BLVD","365143.99406","5025380.36440","-75.72967","45.36577","2017","11/24/2017","5:42:00 PM","01 - Clear","01 - Dry","10 - No control","04 - At/near private drive","07 - Dark","03 - P.D. only","03 - Rear end"
"1447","BASELINE RD btwn MERIVALE RD & FARLANE BLVD","365207.06155","5025420.55720","-75.72886","45.36613","2017","2/28/2017","11:37:00 AM","01 - Clear","01 - Dry","10 - No control","04 - At/near private drive","01 - Daylight","03 - P.D. only","02 - Angle"
"1448","BASELINE RD btwn MERIVALE RD & FARLANE BLVD","365128.77781","5025371.39838","-75.72987","45.36569","2017","4/20/2017","6:07:00 AM","01 - Clear","01 - Dry","10 - No control","01 - Non intersection","03 - Dawn","03 - P.D. only","07 - SMV other"
"1449","BASELINE RD btwn MERIVALE RD & FARLANE BLVD","365159.51379","5025390.73090","-75.72948","45.36586","2017","12/24/2017","5:55:00 PM","01 - Clear","02 - Wet","10 - No control","01 - Non intersection","07 - Dark","02 - Non-fatal injury","99 - Other"
"1450","BASELINE RD btwn MORLEY BLVD & PRINCE OF WALES DR","366694.56606","5026355.68162","-75.70976","45.37441","2017","2/10/2017","9:36:00 PM","03 - Snow","03 - Loose snow","10 - No control","01 - Non intersection","07 - Dark","02 - Non-fatal injury","07 - SMV other"
"1451","BASELINE RD btwn NAVAHO DR & COLLEGE SQUARE SC","362799.46636","5023921.31656","-75.75977","45.35284","2017","8/26/2017","2:48:00 PM","01 - Clear","01 - Dry","10 - No control","04 - At/near private drive","01 - Daylight","03 - P.D. only","02 - Angle"
"1452","BASELINE RD btwn NAVAHO DR & COLLEGE SQUARE SC","362916.51507","5023993.56365","-75.75827","45.35348","2017","12/15/2017","4:57:00 PM","01 - Clear","02 - Wet","10 - No control","01 - Non intersection","05 - Dusk","03 - P.D. only","03 - Rear end"
"1453","BASELINE RD btwn PINECREST RD & ROCKWAY CRES","360800.69433","5022706.90823","-75.78542","45.34207","2017","2/16/2017","7:23:00 AM","03 - Snow","06 - Ice","10 - No control","01 - Non intersection","01 - Daylight","03 - P.D. only","03 - Rear end"
"1454","BASELINE RD btwn ROCKWAY CRES & SOUTHWOOD DR","361206.06748","5022945.46458","-75.78022","45.34419","2017","5/25/2017","8:28:00 AM","01 - Clear","01 - Dry","10 - No control","01 - Non intersection","01 - Daylight","03 - P.D. only","04 - Sideswipe"
"1455","BASELINE RD btwn SOUTHWOOD DR & COBDEN RD","361427.22979","5023080.15078","-75.77738","45.34538","2017","12/5/2017","9:34:00 AM","02 - Rain","02 - Wet","10 - No control","04 - At/near private drive","01 - Daylight","02 - Non-fatal injury","02 - Angle"
"1456","BASELINE RD btwn TURN LANE & MERIVALE RD","365033.62617","5025310.79918","-75.73109","45.36515","2017","6/16/2017","3:25:00 PM","01 - Clear","01 - Dry","10 - No control","01 - Non intersection","01 - Daylight","03 - P.D. only","03 - Rear end"
"1457","BASELINE RD btwn TURN LANE & MERIVALE RD","365035.10261","5025314.28431","-75.73107","45.36518","2017","12/28/2017","4:53:00 PM","01 - Clear","06 - Ice","10 - No control","01 - Non intersection","05 - Dusk","02 - Non-fatal injury","07 - SMV other"
"1458","BASELINE RD btwn ZENA ST & MARSON ST","365792.32945","5025791.30871","-75.72135","45.36941","2017","1/28/2017","11:46:00 AM","03 - Snow","02 - Wet","10 - No control","04 - At/near private drive","01 - Daylight","03 - P.D. only","99 - Other"
"1459","BASELINE RD/HERON RD @ PRINCE OF WALES DR","366873.89810","5026437.85358","-75.70746","45.37513","2017","5/10/2017","9:02:00 AM","01 - Clear","01 - Dry","01 - Traffic signal","02 - Intersection related","01 - Daylight","03 - P.D. only","03 - Rear end"
"1460","BASELINE RD/HERON RD @ PRINCE OF WALES DR","366873.21410","5026437.40563","-75.70747","45.37513","2017","6/7/2017","3:50:00 PM","01 - Clear","01 - Dry","01 - Traffic signal","02 - Intersection related","01 - Daylight","03 - P.D. only","04 - Sideswipe"
"1461","BASELINE RD/HERON RD @ PRINCE OF WALES DR","366873.22820","5026438.80411","-75.70747","45.37514","2017","6/15/2017","4:11:00 PM","01 - Clear","01 - Dry","01 - Traffic signal","02 - Intersection related","01 - Daylight","03 - P.D. only","04 - Sideswipe"
"1462","BASELINE RD/HERON RD @ PRINCE OF WALES DR","366873.74207","5026438.38350","-75.70746","45.37514","2017","5/3/2017","10:36:00 AM","01 - Clear","01 - Dry","01 - Traffic signal","02 - Intersection related","01 - Daylight","02 - Non-fatal injury","03 - Rear end"
"1463","BASELINE RD/HERON RD @ PRINCE OF WALES DR","366872.85901","5026439.66052","-75.70747","45.37515","2017","7/14/2017","10:56:00 PM","02 - Rain","02 - Wet","01 - Traffic signal","02 - Intersection related","07 - Dark","02 - Non-fatal injury","03 - Rear end"
"1464","BASELINE RD/HERON RD @ PRINCE OF WALES DR","366874.15343","5026438.30884","-75.70746","45.37514","2017","9/11/2017","2:00:00 PM","01 - Clear","01 - Dry","01 - Traffic signal","02 - Intersection related","01 - Daylight","03 - P.D. only","03 - Rear end"
"1465","BASELINE RD/HERON RD @ PRINCE OF WALES DR","366872.83905","5026437.93199","-75.70747","45.37513","2017","10/30/2017","12:07:00 PM","02 - Rain","02 - Wet","01 - Traffic signal","02 - Intersection related","01 - Daylight","03 - P.D. only","04 - Sideswipe"
"1466","BASELINE RD/HERON RD @ PRINCE OF WALES DR","366873.37205","5026439.87009","-75.70747","45.37515","2017","11/11/2017","12:30:00 PM","01 - Clear","01 - Dry","01 - Traffic signal","02 - Intersection related","01 - Daylight","03 - P.D. only","03 - Rear end"
"1467","BASELINE RD/HERON RD @ PRINCE OF WALES DR","366873.73237","5026438.25256","-75.70746","45.37514","2017","11/10/2017","12:55:00 AM","01 - Clear","01 - Dry","01 - Traffic signal","02 - Intersection related","07 - Dark","03 - P.D. only","07 - SMV other"
"1468","BASELINE RD/HERON RD @ PRINCE OF WALES DR","366874.40411","5026438.80244","-75.70745","45.37514","2017","12/12/2017","7:36:00 PM","03 - Snow","03 - Loose snow","01 - Traffic signal","02 - Intersection related","07 - Dark","03 - P.D. only","05 - Turning movement"
"1469","BASELINE RD/HERON RD @ PRINCE OF WALES DR","366873.82115","5026439.48688","-75.70746","45.37515","2017","1/21/2017","12:59:00 PM","01 - Clear","01 - Dry","01 - Traffic signal","02 - Intersection related","01 - Daylight","03 - P.D. only","03 - Rear end"
"1470","BASELINE RD/HERON RD @ PRINCE OF WALES DR","366873.28395","5026439.02798","-75.70747","45.37514","2017","2/12/2017","12:11:00 PM","03 - Snow","03 - Loose snow","01 - Traffic signal","02 - Intersection related","01 - Daylight","03 - P.D. only","03 - Rear end"
"1471","BASELINE RD/HERON RD @ PRINCE OF WALES DR","366875.37874","5026439.20120","-75.70744","45.37515","2017","3/28/2017","7:52:00 AM","02 - Rain","02 - Wet","01 - Traffic signal","02 - Intersection related","01 - Daylight","03 - P.D. only","03 - Rear end"
"1472","BASELINE RD/HERON RD @ PRINCE OF WALES DR","366872.18366","5026443.00772","-75.70748","45.37518","2017","3/27/2017","3:32:00 PM","01 - Clear","01 - Dry","01 - Traffic signal","02 - Intersection related","01 - Daylight","03 - P.D. only","03 - Rear end"
"1473","BASELINE RD/HERON RD @ PRINCE OF WALES DR","366873.27475","5026438.58570","-75.70747","45.37514","2017","4/13/2017","5:27:00 PM","01 - Clear","01 - Dry","01 - Traffic signal","02 - Intersection related","01 - Daylight","03 - P.D. only","03 - Rear end"
"1474","BASELINE RD/HERON RD @ PRINCE OF WALES DR","366873.28395","5026439.02798","-75.70747","45.37514","2017","3/20/2017","4:03:00 PM","01 - Clear","01 - Dry","01 - Traffic signal","02 - Intersection related","01 - Daylight","03 - P.D. only","03 - Rear end"
"1475","BASELINE RD/HERON RD @ PRINCE OF WALES DR","366873.37205","5026438.53230","-75.70747","45.37514","2017","3/13/2017","7:54:00 AM","01 - Clear","01 - Dry","01 - Traffic signal","02 - Intersection related","01 - Daylight","03 - P.D. only","03 - Rear end"
"1476","BASELINE RD/HERON RD @ PRINCE OF WALES DR","366874.81631","5026440.23203","-75.70745","45.37515","2017","3/1/2017","4:30:00 PM","02 - Rain","02 - Wet","01 - Traffic signal","02 - Intersection related","01 - Daylight","02 - Non-fatal injury","04 - Sideswipe"
"1477","BASELINE RD/HERON RD @ PRINCE OF WALES DR","366872.83905","5026438.38350","-75.70747","45.37514","2017","3/24/2017","7:13:00 PM","03 - Snow","04 - Slush","01 - Traffic signal","02 - Intersection related","07 - Dark","03 - P.D. only","03 - Rear end"
"1478","BASELINE RD/HERON RD @ PRINCE OF WALES DR","366873.02032","5026437.53804","-75.70747","45.37513","2017","4/18/2017","9:30:00 AM","01 - Clear","01 - Dry","01 - Traffic signal","02 - Intersection related","01 - Daylight","03 - P.D. only","03 - Rear end"
"1479","BASELINE RD/HERON RD @ PRINCE OF WALES DR","366874.41960","5026438.33982","-75.70745","45.37514","2017","12/21/2017","2:50:00 PM","01 - Clear","01 - Dry","01 - Traffic signal","02 - Intersection related","01 - Daylight","03 - P.D. only","04 - Sideswipe"
"1480","BASELINE RD/HWY 416 RICHMOND IC75R53 @ RICHMON","358637.19401","5021820.62223","-75.81312","45.33427","2017","8/4/2017","12:44:00 AM","01 - Clear","01 - Dry","01 - Traffic signal","03 - At intersection","07 - Dark","03 - P.D. only","03 - Rear end"
"1481","BASELINE RD/HWY 416 RICHMOND IC75R53 @ RICHMON","358636.08342","5021819.95138","-75.81313","45.33426","2017","12/14/2017","10:19:00 AM","01 - Clear","01 - Dry","01 - Traffic signal","02 - Intersection related","01 - Daylight","03 - P.D. only","04 - Sideswipe"
"1482","BASELINE RD/HWY 416 RICHMOND IC75R53 @ RICHMON","358636.02493","5021821.94941","-75.81313","45.33428","2017","1/9/2017","10:47:00 AM","01 - Clear","03 - Loose snow","01 - Traffic signal","03 - At intersection","01 - Daylight","03 - P.D. only","03 - Rear end"
"1483","BASELINE RD/HWY 416 RICHMOND IC75R53 @ RICHMON","358635.60094","5021821.89060","-75.81314","45.33428","2017","3/16/2017","8:49:00 AM","01 - Clear","01 - Dry","01 - Traffic signal","02 - Intersection related","01 - Daylight","03 - P.D. only","03 - Rear end"
"1484","BASELINE RD/HWY 416 RICHMOND IC75R53 @ RICHMON","358637.59456","5021822.19674","-75.81311","45.33428","2017","12/18/2017","12:20:00 PM","03 - Snow","06 - Ice","01 - Traffic signal","02 - Intersection related","01 - Daylight","03 - P.D. only","03 - Rear end"
"1485","BASELINE RD/HWY 416 RICHMOND IC75R53 @ RICHMON","358635.72761","5021821.39796","-75.81314","45.33428","2017","12/20/2017","1:47:00 PM","01 - Clear","02 - Wet","01 - Traffic signal","02 - Intersection related","01 - Daylight","03 - P.D. only","03 - Rear end"
"1486","BASELINE RD/HWY 416 RICHMOND IC75R53 @ RICHMON","358637.87901","5021817.15984","-75.81311","45.33424","2017","12/29/2017","2:00:00 PM","01 - Clear","01 - Dry","01 - Traffic signal","03 - At intersection","01 - Daylight","03 - P.D. only","03 - Rear end"
"1487","BASIL MACDONALD WAY @ GRANT CARMAN DR","365354.31466","5023326.40186","-75.72724","45.34727","2017","2/21/2017","10:51:00 AM","01 - Clear","01 - Dry","02 - Stop sign","03 - At intersection","01 - Daylight","03 - P.D. only","07 - SMV other"
"1488","BASIL MACDONALD WAY btwn MERIVALE RD & GRANT CARMAN DR","365215.88235","5023246.02704","-75.72902","45.34656","2017","1/29/2017","1:52:00 PM","01 - Clear","01 - Dry","10 - No control","04 - At/near private drive","01 - Daylight","03 - P.D. only","02 - Angle"
"1489","BASSANO ST @ CHIPPEWA AVE","363850.59322","5024378.74888","-75.74630","45.35687","2017","12/31/2017","2:52:00 PM","01 - Clear","01 - Dry","02 - Stop sign","03 - At intersection","01 - Daylight","03 - P.D. only","02 - Angle"
"1490","BASSANO ST @ LOTTA AVE","363971.68686","5024179.18300","-75.74478","45.35506","2017","3/24/2017","12:48:00 PM","03 - Snow","03 - Loose snow","02 - Stop sign","03 - At intersection","01 - Daylight","03 - P.D. only","02 - Angle"
"1491","BASSANO ST @ WITHROW AVE","364134.00735","5023912.62614","-75.74274","45.35265","2017","1/24/2017","2:44:00 PM","03 - Snow","05 - Packed snow","02 - Stop sign","03 - At intersection","01 - Daylight","03 - P.D. only","07 - SMV other"
"1492","BATHGATE DR @ DEN HAAG DR","373408.72294","5033926.24400","-75.62299","45.44190","2017","5/25/2017","8:40:00 PM","02 - Rain","02 - Wet","02 - Stop sign","03 - At intersection","07 - Dark","03 - P.D. only","02 - Angle"
"1493","BATHGATE DR @ DES PIONNIERS PRIV","373477.72310","5033759.86914","-75.62213","45.44040","2017","10/5/2017","3:21:00 PM","01 - Clear","01 - Dry","02 - Stop sign","02 - Intersection related","01 - Daylight","03 - P.D. only","02 - Angle"
"1494","BATHGATE DR @ MATHESON RD","373640.43415","5033373.22283","-75.62011","45.43690","2017","8/13/2017","12:48:00 PM","01 - Clear","01 - Dry","02 - Stop sign","03 - At intersection","01 - Daylight","03 - P.D. only","05 - Turning movement"
"1495","BATHGATE DR @ MATHESON RD","373641.71620","5033372.20657","-75.62009","45.43689","2017","2/15/2017","6:28:00 PM","03 - Snow","04 - Slush","02 - Stop sign","02 - Intersection related","07 - Dark","03 - P.D. only","03 - Rear end"
"1496","BATHGATE DR @ RAINBOW CRES N","373701.68850","5033233.77186","-75.61935","45.43564","2017","12/11/2017","9:09:00 AM","01 - Clear","01 - Dry","02 - Stop sign","02 - Intersection related","01 - Daylight","03 - P.D. only","03 - Rear end"
"1497","BATHGATE DR btwn GULF PL & THE ROCKERY PRIV","373235.51603","5034418.10769","-75.62514","45.44634","2017","2/13/2017","5:02:00 PM","01 - Clear","05 - Packed snow","10 - No control","01 - Non intersection","01 - Daylight","02 - Non-fatal injury","07 - SMV other"
"1498","BATHGATE DR btwn LEIGH CRES & OGILVIE RD","373815.55312","5032825.74544","-75.61795","45.43196","2017","4/21/2017","10:23:00 AM","02 - Rain","02 - Wet","10 - No control","04 - At/near private drive","01 - Daylight","03 - P.D. only","02 - Angle"