"Record","Location","X","Y","Longitude","Latitude","Year","Date","Time","Environment","Road_Surface","Traffic_Control","Collision_Location","Light","Collision_Classification","Impact_type"
"1499","BAXTER RD @ IRIS ST","361058.68814","5023611.17820","-75.78202","45.35019","2017","3/9/2017","5:19:00 PM","01 - Clear","01 - Dry","02 - Stop sign","02 - Intersection related","01 - Daylight","03 - P.D. only","03 - Rear end"
"1500","BAY HILL RDG @ SPRINGBROOK DR","350386.58700","5014821.19185","-75.91902","45.27187","2017","10/25/2017","3:15:00 PM","01 - Clear","01 - Dry","10 - No control","02 - Intersection related","01 - Daylight","03 - P.D. only","04 - Sideswipe"
"1501","BAY ST @ COOPER ST","367202.79380","5030721.11215","-75.70272","45.41364","2017","10/13/2017","4:25:00 PM","01 - Clear","01 - Dry","02 - Stop sign","03 - At intersection","01 - Daylight","02 - Non-fatal injury","02 - Angle"
"1502","BAY ST @ FLORA ST","367546.04795","5030151.90200","-75.69841","45.40849","2017","4/13/2017","7:41:00 AM","01 - Clear","01 - Dry","02 - Stop sign","02 - Intersection related","01 - Daylight","03 - P.D. only","99 - Other"
"1503","BAY ST @ GLOUCESTER ST","367074.70151","5030933.57635","-75.70433","45.41557","2017","6/12/2017","3:45:00 PM","01 - Clear","01 - Dry","02 - Stop sign","03 - At intersection","01 - Daylight","03 - P.D. only","02 - Angle"
"1504","BAY ST @ LAURIER AVE","367035.03985","5030998.91029","-75.70483","45.41616","2017","3/28/2017","3:24:00 PM","01 - Clear","01 - Dry","01 - Traffic signal","02 - Intersection related","01 - Daylight","02 - Non-fatal injury","07 - SMV other"
"1505","BAY ST @ QUEEN ST","366899.69690","5031212.34425","-75.70653","45.41809","2017","11/11/2017","10:45:00 PM","01 - Clear","01 - Dry","01 - Traffic signal","02 - Intersection related","07 - Dark","03 - P.D. only","04 - Sideswipe"
"1506","BAY ST @ SLATER ST","366981.78392","5031078.88928","-75.70550","45.41688","2017","7/11/2017","11:24:00 PM","01 - Clear","01 - Dry","01 - Traffic signal","03 - At intersection","07 - Dark","03 - P.D. only","05 - Turning movement"
"1507","BAY ST @ SLATER ST","366984.05462","5031078.30876","-75.70547","45.41688","2017","9/7/2017","4:28:00 PM","02 - Rain","02 - Wet","01 - Traffic signal","03 - At intersection","01 - Daylight","03 - P.D. only","02 - Angle"
"1508","BAY ST @ SLATER ST","366983.69780","5031079.28036","-75.70547","45.41689","2017","11/10/2017","11:13:00 AM","01 - Clear","01 - Dry","01 - Traffic signal","03 - At intersection","01 - Daylight","03 - P.D. only","05 - Turning movement"
"1509","BAY ST @ SLATER ST","366985.37004","5031077.90140","-75.70545","45.41687","2017","12/5/2017","2:43:00 PM","01 - Clear","02 - Wet","01 - Traffic signal","03 - At intersection","01 - Daylight","03 - P.D. only","02 - Angle"
"1510","BAY ST @ SOMERSET ST","367244.69940","5030644.80735","-75.70219","45.41295","2017","12/20/2017","8:59:00 AM","01 - Clear","04 - Slush","02 - Stop sign","03 - At intersection","01 - Daylight","03 - P.D. only","99 - Other"
"1511","BAY ST @ SPARKS ST","366857.70184","5031280.92749","-75.70706","45.41871","2017","6/22/2017","1:22:00 PM","01 - Clear","01 - Dry","01 - Traffic signal","03 - At intersection","01 - Daylight","02 - Non-fatal injury","05 - Turning movement"
"1512","BAY ST @ SPARKS ST","366857.03295","5031278.25191","-75.70707","45.41869","2017","6/14/2017","11:16:00 AM","01 - Clear","01 - Dry","01 - Traffic signal","03 - At intersection","01 - Daylight","02 - Non-fatal injury","02 - Angle"
"1513","BAY ST @ SPARKS ST","366854.87202","5031278.67646","-75.70709","45.41869","2017","7/12/2017","11:30:00 PM","01 - Clear","01 - Dry","01 - Traffic signal","03 - At intersection","07 - Dark","03 - P.D. only","02 - Angle"
"1514","BAY ST @ WELLINGTON ST","366815.17590","5031350.37186","-75.70759","45.41934","2017","12/7/2017","9:55:00 AM","01 - Clear","01 - Dry","01 - Traffic signal","02 - Intersection related","01 - Daylight","03 - P.D. only","03 - Rear end"
"1515","BAY ST @ WELLINGTON ST","366815.79305","5031351.32180","-75.70758","45.41935","2017","2/15/2017","9:54:00 AM","03 - Snow","03 - Loose snow","01 - Traffic signal","03 - At intersection","01 - Daylight","03 - P.D. only","02 - Angle"
"1516","BAY ST btwn FLORA ST & ARLINGTON AVE","367577.82846","5030097.22024","-75.69801","45.40800","2017","8/18/2017","12:00:00 AM","01 - Clear","01 - Dry","10 - No control","01 - Non intersection","00 - Unknown","03 - P.D. only","06 - SMV unattended vehicle"
"1517","BAY ST btwn SLATER ST & LAURIER AVE W","367022.87108","5031016.74410","-75.70498","45.41632","2017","10/4/2017","8:58:00 PM","02 - Rain","02 - Wet","10 - No control","01 - Non intersection","07 - Dark","03 - P.D. only","06 - SMV unattended vehicle"
"1518","BAYCREST DR @ CEDARWOOD DR","371226.90031","5026791.92939","-75.65184","45.37792","2017","9/17/2017","9:06:00 AM","01 - Clear","01 - Dry","02 - Stop sign","02 - Intersection related","01 - Daylight","03 - P.D. only","06 - SMV unattended vehicle"
"1519","BAYCREST DR @ SANDALWOOD DR","371354.17843","5026704.41078","-75.65023","45.37712","2017","9/21/2017","12:00:00 AM","01 - Clear","01 - Dry","03 - Yield sign","02 - Intersection related","00 - Unknown","03 - P.D. only","06 - SMV unattended vehicle"
"1520","BAYCREST DR @ WALKLEY RD","371421.39615","5026589.85810","-75.64939","45.37608","2017","7/1/2017","11:17:00 PM","02 - Rain","02 - Wet","01 - Traffic signal","02 - Intersection related","07 - Dark","02 - Non-fatal injury","03 - Rear end"
"1521","BAYCREST DR @ WALKLEY RD","371421.22110","5026590.52700","-75.64939","45.37609","2017","7/5/2017","7:39:00 AM","01 - Clear","01 - Dry","01 - Traffic signal","02 - Intersection related","01 - Daylight","02 - Non-fatal injury","03 - Rear end"
"1522","BAYCREST DR @ WALKLEY RD","371421.25723","5026589.10688","-75.64939","45.37608","2017","12/13/2017","7:30:00 AM","03 - Snow","06 - Ice","01 - Traffic signal","02 - Intersection related","03 - Dawn","03 - P.D. only","03 - Rear end"
"1523","BAYCREST DR @ WALKLEY RD","371421.26782","5026590.69307","-75.64939","45.37609","2017","3/19/2017","5:41:00 PM","01 - Clear","01 - Dry","01 - Traffic signal","02 - Intersection related","05 - Dusk","03 - P.D. only","03 - Rear end"
"1524","BAYCREST DR @ WALKLEY RD","371421.73060","5026591.24385","-75.64938","45.37610","2017","12/28/2017","6:57:00 PM","01 - Clear","05 - Packed snow","01 - Traffic signal","02 - Intersection related","07 - Dark","03 - P.D. only","03 - Rear end"
"1525","BAYCREST DR @ WALKLEY RD","371421.73060","5026591.72174","-75.64938","45.37610","2017","12/27/2017","2:25:00 PM","01 - Clear","01 - Dry","01 - Traffic signal","02 - Intersection related","01 - Daylight","02 - Non-fatal injury","03 - Rear end"
"1526","BAYCREST DR btwn CEDARWOOD DR & SANDALWOOD DR","371282.90356","5026751.40911","-75.65113","45.37755","2017","11/10/2017","12:00:00 AM","01 - Clear","01 - Dry","10 - No control","01 - Non intersection","07 - Dark","03 - P.D. only","06 - SMV unattended vehicle"
"1527","BAYCREST DR btwn CEDARWOOD DR & SANDALWOOD DR","371311.54338","5026737.41794","-75.65077","45.37742","2017","2/6/2017","9:11:00 AM","01 - Clear","02 - Wet","10 - No control","01 - Non intersection","01 - Daylight","03 - P.D. only","05 - Turning movement"
"1528","BAYCREST DR btwn CEDARWOOD DR & SANDALWOOD DR","371296.36420","5026744.07830","-75.65096","45.37748","2017","12/29/2017","10:29:00 PM","01 - Clear","06 - Ice","10 - No control","01 - Non intersection","07 - Dark","02 - Non-fatal injury","07 - SMV other"
"1529","BAYCREST DR btwn SANDALWOOD DR & WALKLEY RD","371411.35326","5026611.99118","-75.64951","45.37628","2017","12/12/2017","2:59:00 PM","01 - Clear","01 - Dry","10 - No control","04 - At/near private drive","01 - Daylight","03 - P.D. only","02 - Angle"
"1530","BAYSHORE DR @ BAYSHORE CS","359142.05337","5023738.14736","-75.80647","45.35148","2017","5/8/2017","11:57:00 AM","01 - Clear","01 - Dry","01 - Traffic signal","02 - Intersection related","01 - Daylight","03 - P.D. only","04 - Sideswipe"
"1531","BAYSHORE DR @ RICHMOND RD","359372.35075","5023369.86369","-75.80357","45.34815","2017","5/20/2017","7:13:00 PM","01 - Clear","01 - Dry","01 - Traffic signal","02 - Intersection related","01 - Daylight","02 - Non-fatal injury","03 - Rear end"
"1532","BAYSHORE DR @ RICHMOND RD","359373.01965","5023367.85700","-75.80356","45.34813","2017","5/11/2017","8:11:00 AM","01 - Clear","01 - Dry","01 - Traffic signal","02 - Intersection related","01 - Daylight","03 - P.D. only","03 - Rear end"
"1533","BAYSHORE DR @ RICHMOND RD","359373.01965","5023367.85700","-75.80356","45.34813","2017","5/29/2017","1:40:00 PM","02 - Rain","02 - Wet","01 - Traffic signal","02 - Intersection related","01 - Daylight","03 - P.D. only","03 - Rear end"
"1534","BAYSHORE DR @ RICHMOND RD","359372.46322","5023369.63578","-75.80357","45.34815","2017","8/29/2017","4:30:00 PM","01 - Clear","01 - Dry","01 - Traffic signal","02 - Intersection related","01 - Daylight","03 - P.D. only","04 - Sideswipe"
"1535","BAYSHORE DR @ RICHMOND RD","359372.89736","5023365.90982","-75.80356","45.34812","2017","8/2/2017","2:01:00 PM","01 - Clear","01 - Dry","01 - Traffic signal","02 - Intersection related","01 - Daylight","03 - P.D. only","03 - Rear end"
"1536","BAYSHORE DR @ RICHMOND RD","359372.68520","5023368.76259","-75.80356","45.34814","2017","10/16/2017","9:07:00 AM","01 - Clear","01 - Dry","01 - Traffic signal","02 - Intersection related","01 - Daylight","03 - P.D. only","04 - Sideswipe"
"1537","BAYSHORE DR @ RICHMOND RD","359370.43379","5023367.40020","-75.80359","45.34813","2017","2/11/2017","1:37:00 PM","03 - Snow","03 - Loose snow","01 - Traffic signal","02 - Intersection related","01 - Daylight","03 - P.D. only","03 - Rear end"
"1538","BAYSHORE DR @ WOODRIDGE CRES N","359072.39763","5023874.36804","-75.80734","45.35271","2017","9/23/2017","12:49:00 AM","01 - Clear","01 - Dry","01 - Traffic signal","02 - Intersection related","07 - Dark","03 - P.D. only","04 - Sideswipe"
"1539","BAYSHORE DR @ WOODRIDGE CRES N","359074.54324","5023875.07810","-75.80731","45.35272","2017","11/26/2017","12:35:00 AM","03 - Snow","02 - Wet","01 - Traffic signal","02 - Intersection related","07 - Dark","03 - P.D. only","03 - Rear end"
"1540","BAYSHORE DR @ WOODRIDGE CRES N","359073.20545","5023875.74700","-75.80733","45.35273","2017","11/20/2017","6:17:00 PM","01 - Clear","01 - Dry","01 - Traffic signal","02 - Intersection related","07 - Dark","03 - P.D. only","02 - Angle"
"1541","BAYSHORE DR @ WOODRIDGE CRES N","359072.87100","5023874.36125","-75.80734","45.35271","2017","12/18/2017","7:27:00 PM","03 - Snow","04 - Slush","01 - Traffic signal","02 - Intersection related","07 - Dark","03 - P.D. only","03 - Rear end"
"1542","BAYSHORE DR @ WOODRIDGE CRES S","359234.10050","5023508.85875","-75.80532","45.34941","2017","8/20/2017","8:53:00 PM","01 - Clear","01 - Dry","01 - Traffic signal","02 - Intersection related","07 - Dark","02 - Non-fatal injury","03 - Rear end"
"1543","BAYSHORE DR @ WOODRIDGE CRES S","359234.21545","5023510.05245","-75.80532","45.34942","2017","9/28/2017","3:58:00 PM","01 - Clear","01 - Dry","01 - Traffic signal","02 - Intersection related","01 - Daylight","02 - Non-fatal injury","07 - SMV other"
"1544","BAYSHORE DR @ WOODRIDGE CRES S","359234.87493","5023509.29399","-75.80531","45.34942","2017","3/14/2017","2:09:00 PM","01 - Clear","01 - Dry","01 - Traffic signal","02 - Intersection related","01 - Daylight","03 - P.D. only","03 - Rear end"
"1545","BAYSHORE DR @ WOODRIDGE CRES S","359234.11996","5023508.37860","-75.80532","45.34941","2017","12/21/2017","9:25:00 AM","01 - Clear","06 - Ice","01 - Traffic signal","03 - At intersection","01 - Daylight","02 - Non-fatal injury","02 - Angle"
"1546","BAYSHORE DR btwn CARLING AVE & WOODRIDGE CRES N","359010.23413","5023975.64003","-75.80812","45.35363","2017","8/25/2017","11:40:00 PM","01 - Clear","01 - Dry","10 - No control","01 - Non intersection","07 - Dark","02 - Non-fatal injury","07 - SMV other"
"1547","BAYSHORE DR btwn CARLING AVE & WOODRIDGE CRES N","359061.22051","5023892.55383","-75.80748","45.35288","2017","1/6/2017","7:20:00 PM","01 - Clear","02 - Wet","10 - No control","01 - Non intersection","07 - Dark","03 - P.D. only","04 - Sideswipe"
"1548","BAYSHORE DR btwn WOODRIDGE CRES N & BAYSHORE CS","359098.55406","5023831.36225","-75.80701","45.35233","2017","10/6/2017","6:44:00 PM","01 - Clear","01 - Dry","10 - No control","04 - At/near private drive","07 - Dark","03 - P.D. only","03 - Rear end"
"1549","BAYSHORE DR btwn WOODRIDGE CRES N & BAYSHORE CS","359098.38151","5023832.61761","-75.80701","45.35234","2017","12/22/2017","3:14:00 PM","01 - Clear","02 - Wet","10 - No control","04 - At/near private drive","01 - Daylight","03 - P.D. only","05 - Turning movement"
"1550","BAYSHORE DR btwn WOODRIDGE CRES S & BAYSHORE CS","359163.60983","5023665.00896","-75.80620","45.35082","2017","11/2/2017","10:04:00 AM","02 - Rain","02 - Wet","10 - No control","04 - At/near private drive","01 - Daylight","02 - Non-fatal injury","03 - Rear end"
"1551","BAYSHORE DR btwn WOODRIDGE CRES S & BAYSHORE CS","359209.85006","5023546.57258","-75.80562","45.34975","2017","2/14/2017","7:59:00 PM","03 - Snow","03 - Loose snow","10 - No control","01 - Non intersection","07 - Dark","03 - P.D. only","04 - Sideswipe"
"1552","BAYSHORE DR btwn WOODRIDGE CRES S & BAYSHORE CS","359178.48505","5023615.86052","-75.80602","45.35038","2017","3/3/2017","11:42:00 AM","01 - Clear","01 - Dry","10 - No control","01 - Non intersection","01 - Daylight","03 - P.D. only","05 - Turning movement"
"1553","BAYSHORE DR btwn WOODRIDGE CRES S & BAYSHORE CS","359197.21930","5023567.02079","-75.80578","45.34994","2017","12/27/2017","3:56:00 PM","01 - Clear","01 - Dry","10 - No control","04 - At/near private drive","05 - Dusk","03 - P.D. only","02 - Angle"
"1554","BAYSHORE DR SB btwn WOODRIDGE CRES & BAYSHORE DR SB RAMPS TO RICHMOND","359259.42007","5023485.47167","-75.80500","45.34920","2017","1/2/2017","2:51:00 PM","01 - Clear","02 - Wet","10 - No control","04 - At/near private drive","01 - Daylight","03 - P.D. only","02 - Angle"
"1555","BAYSWATER AVE @ GLADSTONE AVE","366000.28688","5029479.56000","-75.71824","45.40258","2017","8/21/2017","1:29:00 PM","01 - Clear","01 - Dry","01 - Traffic signal","03 - At intersection","01 - Daylight","03 - P.D. only","05 - Turning movement"
"1556","BAYSWATER AVE @ GLADSTONE AVE","366001.65115","5029478.38247","-75.71822","45.40257","2017","10/14/2017","12:20:00 PM","01 - Clear","02 - Wet","01 - Traffic signal","03 - At intersection","01 - Daylight","03 - P.D. only","05 - Turning movement"
"1557","BAYSWATER AVE @ GLADSTONE AVE","366001.70774","5029480.23480","-75.71822","45.40258","2017","11/28/2017","7:06:00 PM","01 - Clear","01 - Dry","01 - Traffic signal","02 - Intersection related","07 - Dark","02 - Non-fatal injury","03 - Rear end"
"1558","BAYSWATER AVE @ GLADSTONE AVE","366002.20534","5029479.19067","-75.71821","45.40257","2017","2/12/2017","1:39:00 PM","03 - Snow","03 - Loose snow","01 - Traffic signal","03 - At intersection","01 - Daylight","03 - P.D. only","02 - Angle"
"1559","BAYSWATER AVE @ SOMERSET ST","365811.69716","5029910.89870","-75.72059","45.40648","2017","10/30/2017","7:36:00 AM","02 - Rain","02 - Wet","01 - Traffic signal","03 - At intersection","01 - Daylight","02 - Non-fatal injury","07 - SMV other"
"1560","BAYSWATER AVE @ SOMERSET ST","365812.70050","5029911.19237","-75.72058","45.40648","2017","2/15/2017","10:15:00 AM","03 - Snow","03 - Loose snow","01 - Traffic signal","02 - Intersection related","01 - Daylight","03 - P.D. only","03 - Rear end"
"1561","BAYSWATER AVE @ SOMERSET ST","365813.17387","5029912.27766","-75.72057","45.40649","2017","12/27/2017","11:04:00 AM","01 - Clear","06 - Ice","01 - Traffic signal","03 - At intersection","01 - Daylight","03 - P.D. only","05 - Turning movement"
"1562","BAYSWATER AVE btwn BEECH ST & HICKORY ST","366262.89906","5028874.24133","-75.71496","45.39711","2017","9/4/2017","8:15:00 AM","02 - Rain","02 - Wet","10 - No control","04 - At/near private drive","01 - Daylight","03 - P.D. only","06 - SMV unattended vehicle"
"1563","BAYSWATER AVE btwn WELLINGTON ST W & SOMERSET ST W","365799.11288","5029942.30347","-75.72075","45.40676","2017","10/30/2017","5:06:00 PM","01 - Clear","01 - Dry","10 - No control","01 - Non intersection","01 - Daylight","03 - P.D. only","06 - SMV unattended vehicle"
"1564","BAYVIEW DR btwn HUNTER CRES & DUNSTER ST","337974.99575","5039036.49618","-76.07557","45.49046","2017","3/20/2017","8:15:00 AM","01 - Clear","01 - Dry","10 - No control","01 - Non intersection","01 - Daylight","03 - P.D. only","07 - SMV other"
"1565","BAYVIEW DR btwn LANE ST & BISHOP DAVIS DR","337831.26106","5039935.04544","-76.07735","45.49856","2017","4/23/2017","10:00:00 PM","01 - Clear","01 - Dry","10 - No control","01 - Non intersection","07 - Dark","03 - P.D. only","07 - SMV other"
"1566","BAYVIEW DR btwn RITCHIE AVE & DORIS CURRIE RD","336454.10881","5041228.33897","-76.09488","45.51026","2017","5/24/2017","9:50:00 AM","01 - Clear","01 - Dry","10 - No control","01 - Non intersection","01 - Daylight","03 - P.D. only","01 - Approaching"
"1567","BAYVIEW RD @ SCOTT ST/ALBERT ST","365520.24001","5030070.66184","-75.72429","45.40794","2017","7/13/2017","6:10:00 PM","01 - Clear","01 - Dry","01 - Traffic signal","02 - Intersection related","01 - Daylight","03 - P.D. only","03 - Rear end"
"1568","BAYVIEW RD @ SCOTT ST/ALBERT ST","365519.95548","5030071.33448","-75.72430","45.40794","2017","7/13/2017","9:54:00 PM","01 - Clear","01 - Dry","01 - Traffic signal","03 - At intersection","07 - Dark","03 - P.D. only","02 - Angle"
"1569","BAYVIEW RD @ SCOTT ST/ALBERT ST","365520.45712","5030071.80079","-75.72429","45.40795","2017","9/26/2017","2:16:00 PM","01 - Clear","01 - Dry","01 - Traffic signal","03 - At intersection","01 - Daylight","02 - Non-fatal injury","05 - Turning movement"
"1570","BAYVIEW RD @ SCOTT ST/ALBERT ST","365520.07463","5030071.48364","-75.72430","45.40795","2017","3/21/2017","8:01:00 PM","01 - Clear","01 - Dry","01 - Traffic signal","03 - At intersection","07 - Dark","02 - Non-fatal injury","05 - Turning movement"
"1571","BAYVIEW RD @ SCOTT ST/ALBERT ST","365518.56363","5030071.32741","-75.72432","45.40794","2017","12/22/2017","2:42:00 PM","01 - Clear","03 - Loose snow","01 - Traffic signal","03 - At intersection","01 - Daylight","03 - P.D. only","05 - Turning movement"
"1572","BAYVIEW RD/BURNSIDE AVE @ SLIDELL ST","365163.60834","5030242.60033","-75.72883","45.40952","2017","6/22/2017","7:52:00 AM","01 - Clear","01 - Dry","11 - Roundabout","02 - Intersection related","01 - Daylight","02 - Non-fatal injury","04 - Sideswipe"
"1573","BAYVIEW RD/BURNSIDE AVE @ SLIDELL ST","365162.16949","5030245.62661","-75.72885","45.40954","2017","6/3/2017","12:03:00 AM","01 - Clear","01 - Dry","11 - Roundabout","02 - Intersection related","07 - Dark","03 - P.D. only","07 - SMV other"
"1574","BEARBROOK RD @ CENTREPARK DR N","377787.49447","5033366.69523","-75.56711","45.43642","2017","2/13/2017","5:05:00 PM","01 - Clear","04 - Slush","02 - Stop sign","02 - Intersection related","01 - Daylight","03 - P.D. only","03 - Rear end"
"1575","BEARBROOK RD @ NORTHPARK DR S","377841.94133","5033230.57954","-75.56644","45.43519","2017","1/27/2017","8:40:00 AM","01 - Clear","01 - Dry","02 - Stop sign","02 - Intersection related","01 - Daylight","03 - P.D. only","02 - Angle"
"1576","BEARBROOK RD @ WESTPARK DR N","377564.07685","5033795.23491","-75.56990","45.44030","2017","11/27/2017","5:55:00 PM","01 - Clear","02 - Wet","01 - Traffic signal","03 - At intersection","07 - Dark","02 - Non-fatal injury","07 - SMV other"
"1577","BEARBROOK RD @ WESTPARK DR N","377564.07685","5033798.57939","-75.56990","45.44033","2017","3/29/2017","7:36:00 AM","01 - Clear","01 - Dry","01 - Traffic signal","03 - At intersection","01 - Daylight","03 - P.D. only","02 - Angle"
"1578","BEARBROOK RD btwn ROCKCLIFFE PKWY & Continuation of BEARBROOK RD","376961.54953","5034518.35748","-75.57750","45.44687","2017","3/24/2017","6:50:00 AM","03 - Snow","03 - Loose snow","10 - No control","01 - Non intersection","01 - Daylight","03 - P.D. only","01 - Approaching"
"1579","BEARBROOK RD/ROCKCLIFFE PKWY @ ST. JOSEPH BLVD","377128.39985","5035239.59200","-75.57526","45.45334","2017","6/21/2017","12:20:00 PM","01 - Clear","01 - Dry","01 - Traffic signal","02 - Intersection related","01 - Daylight","03 - P.D. only","03 - Rear end"
"1580","BEARBROOK RD/ROCKCLIFFE PKWY @ ST. JOSEPH BLVD","377129.73764","5035238.25421","-75.57524","45.45333","2017","7/5/2017","10:35:00 AM","01 - Clear","01 - Dry","01 - Traffic signal","03 - At intersection","01 - Daylight","03 - P.D. only","05 - Turning movement"
"1581","BEARBROOK RD/ROCKCLIFFE PKWY @ ST. JOSEPH BLVD","377127.72671","5035240.89050","-75.57527","45.45335","2017","10/31/2017","10:22:00 PM","01 - Clear","01 - Dry","01 - Traffic signal","02 - Intersection related","07 - Dark","03 - P.D. only","03 - Rear end"
"1582","BEARBROOK RD/ROCKCLIFFE PKWY @ ST. JOSEPH BLVD","377132.39054","5035243.15344","-75.57521","45.45337","2017","12/13/2017","4:00:00 PM","01 - Clear","02 - Wet","01 - Traffic signal","02 - Intersection related","05 - Dusk","03 - P.D. only","06 - SMV unattended vehicle"
"1583","BEARBROOK RD/ROCKCLIFFE PKWY @ ST. JOSEPH BLVD","377128.73430","5035238.49910","-75.57525","45.45333","2017","1/21/2017","7:08:00 PM","01 - Clear","02 - Wet","01 - Traffic signal","02 - Intersection related","07 - Dark","03 - P.D. only","03 - Rear end"
"1584","BEARBROOK RD/ROCKCLIFFE PKWY @ ST. JOSEPH BLVD","377129.15412","5035240.83125","-75.57525","45.45335","2017","2/15/2017","6:06:00 PM","03 - Snow","04 - Slush","01 - Traffic signal","02 - Intersection related","07 - Dark","03 - P.D. only","99 - Other"
"1585","BEARBROOK RD/ROCKCLIFFE PKWY @ ST. JOSEPH BLVD","377129.48477","5035239.21677","-75.57524","45.45334","2017","3/24/2017","11:30:00 AM","03 - Snow","03 - Loose snow","01 - Traffic signal","02 - Intersection related","01 - Daylight","03 - P.D. only","03 - Rear end"
"1586","BEARHILL RD @ MARCH RD","338158.71718","5017979.81977","-76.07464","45.30098","2017","9/1/2017","2:59:00 PM","01 - Clear","01 - Dry","02 - Stop sign","03 - At intersection","01 - Daylight","03 - P.D. only","03 - Rear end"
"1587","BEATRICE DR @ BERRIGAN DR","365177.80718","5016073.87972","-75.73038","45.28203","2017","8/24/2017","4:33:00 PM","01 - Clear","01 - Dry","02 - Stop sign","02 - Intersection related","01 - Daylight","03 - P.D. only","04 - Sideswipe"
"1588","BEATRICE DR @ CLARIDGE DR","365145.20570","5016521.63815","-75.73074","45.28606","2017","9/9/2017","4:06:00 PM","01 - Clear","01 - Dry","02 - Stop sign","03 - At intersection","01 - Daylight","02 - Non-fatal injury","02 - Angle"
"1589","BEATRICE DR @ CLARIDGE DR","365146.19310","5016522.35500","-75.73073","45.28607","2017","11/23/2017","8:10:00 AM","01 - Clear","02 - Wet","02 - Stop sign","02 - Intersection related","01 - Daylight","03 - P.D. only","06 - SMV unattended vehicle"
"1590","BEATRICE DR @ GREENPOINTE DR/HERITAGE GLEN DR","365529.35124","5015401.13560","-75.72598","45.27594","2017","11/18/2017","6:30:00 PM","02 - Rain","02 - Wet","02 - Stop sign","03 - At intersection","07 - Dark","03 - P.D. only","02 - Angle"
"1591","BEATRICE DR @ STRANDHERD DR","365527.71145","5015322.15080","-75.72601","45.27523","2017","6/18/2017","1:30:00 PM","01 - Clear","02 - Wet","01 - Traffic signal","02 - Intersection related","01 - Daylight","03 - P.D. only","03 - Rear end"
"1592","BEATRICE DR @ STRANDHERD DR","365528.48688","5015322.59178","-75.72600","45.27524","2017","8/29/2017","7:00:00 PM","01 - Clear","01 - Dry","01 - Traffic signal","03 - At intersection","01 - Daylight","03 - P.D. only","03 - Rear end"
"1593","BEATRICE DR @ STRANDHERD DR","365527.37700","5015320.84087","-75.72601","45.27522","2017","8/16/2017","10:31:00 AM","01 - Clear","01 - Dry","01 - Traffic signal","03 - At intersection","01 - Daylight","03 - P.D. only","02 - Angle"
"1594","BEATRICE DR @ STRANDHERD DR","365527.37700","5015321.21416","-75.72601","45.27522","2017","8/1/2017","5:48:00 PM","01 - Clear","01 - Dry","01 - Traffic signal","03 - At intersection","01 - Daylight","02 - Non-fatal injury","05 - Turning movement"
"1595","BEATRICE DR @ STRANDHERD DR","365526.37366","5015322.15080","-75.72603","45.27523","2017","11/22/2017","5:38:00 PM","01 - Clear","01 - Dry","01 - Traffic signal","02 - Intersection related","07 - Dark","03 - P.D. only","03 - Rear end"
"1596","BEATRICE DR @ STRANDHERD DR","365527.37700","5015321.75327","-75.72601","45.27523","2017","2/5/2017","11:45:00 AM","01 - Clear","02 - Wet","01 - Traffic signal","03 - At intersection","01 - Daylight","02 - Non-fatal injury","05 - Turning movement"
"1597","BEATRICE DR @ STRANDHERD DR","365527.37700","5015322.02835","-75.72601","45.27523","2017","1/26/2017","11:00:00 AM","01 - Clear","02 - Wet","01 - Traffic signal","02 - Intersection related","01 - Daylight","03 - P.D. only","03 - Rear end"
"1598","BEATRICE DR @ STRANDHERD DR","365525.70476","5015322.15080","-75.72604","45.27523","2017","3/20/2017","11:16:00 AM","01 - Clear","01 - Dry","01 - Traffic signal","03 - At intersection","01 - Daylight","02 - Non-fatal injury","02 - Angle"
"1599","BEATRICE DR @ STRANDHERD DR","365528.38034","5015320.81300","-75.72600","45.27522","2017","4/7/2017","10:12:00 PM","01 - Clear","01 - Dry","01 - Traffic signal","03 - At intersection","07 - Dark","03 - P.D. only","05 - Turning movement"
"1600","BEATRICE DR @ STRANDHERD DR","365526.66694","5015322.66533","-75.72602","45.27524","2017","12/25/2017","10:30:00 AM","01 - Clear","03 - Loose snow","01 - Traffic signal","02 - Intersection related","01 - Daylight","03 - P.D. only","05 - Turning movement"
"1601","BEATRICE DR btwn BLACKPOOL LANE & BURNTWOOD AVE","365113.30805","5016410.34028","-75.73116","45.28506","2017","4/25/2017","5:48:00 PM","01 - Clear","01 - Dry","10 - No control","01 - Non intersection","01 - Daylight","03 - P.D. only","05 - Turning movement"
"1602","BEAUSEJOUR DR @ HUNTER'S RUN DR","380676.74346","5035905.90750","-75.52980","45.45896","2017","3/23/2017","9:30:00 AM","01 - Clear","01 - Dry","02 - Stop sign","03 - At intersection","01 - Daylight","03 - P.D. only","02 - Angle"
"1603","BEAUSEJOUR DR @ JEANNE D'ARC BLVD","381420.41265","5036059.90240","-75.52026","45.46027","2017","6/6/2017","2:45:00 PM","02 - Rain","02 - Wet","01 - Traffic signal","02 - Intersection related","01 - Daylight","03 - P.D. only","03 - Rear end"
"1604","BEAUSEJOUR DR @ JEANNE D'ARC BLVD","381420.74710","5036059.71293","-75.52026","45.46026","2017","1/7/2017","9:40:00 PM","01 - Clear","02 - Wet","01 - Traffic signal","03 - At intersection","07 - Dark","03 - P.D. only","05 - Turning movement"