"Record","Location","X","Y","Longitude","Latitude","Year","Date","Time","Environment","Road_Surface","Traffic_Control","Collision_Location","Light","Collision_Classification","Impact_type"
"1605","BEAUSEJOUR DR @ JEANNE D'ARC BLVD","381419.66162","5036060.84267","-75.52027","45.46027","2017","1/19/2017","3:30:00 PM","01 - Clear","01 - Dry","01 - Traffic signal","03 - At intersection","01 - Daylight","03 - P.D. only","07 - SMV other"
"1606","BEAUSEJOUR DR @ JEANNE D'ARC BLVD","381420.41265","5036059.90240","-75.52026","45.46027","2017","2/25/2017","2:03:00 PM","02 - Rain","02 - Wet","01 - Traffic signal","03 - At intersection","01 - Daylight","03 - P.D. only","05 - Turning movement"
"1607","BEAUSEJOUR DR btwn CHAMPNEUF DR & KINDERSLEY AVE","381596.41750","5036153.07400","-75.51800","45.46108","2017","5/4/2017","12:00:00 AM","02 - Rain","02 - Wet","10 - No control","01 - Non intersection","00 - Unknown","03 - P.D. only","06 - SMV unattended vehicle"
"1608","BEAUSEJOUR DR btwn DES FAISANS GT & ORLEANS BLVD","380548.34517","5035361.94589","-75.53152","45.45408","2017","12/6/2017","12:30:00 PM","01 - Clear","01 - Dry","10 - No control","01 - Non intersection","01 - Daylight","03 - P.D. only","04 - Sideswipe"
"1609","BEAUSEJOUR DR N @ ORLEANS BLVD","381056.75414","5035896.25420","-75.52494","45.45883","2017","3/8/2017","10:29:00 AM","01 - Clear","06 - Ice","01 - Traffic signal","02 - Intersection related","01 - Daylight","03 - P.D. only","01 - Approaching"
"1610","BEAUSEJOUR DR N @ ORLEANS BLVD","381055.27743","5035895.82199","-75.52496","45.45883","2017","12/19/2017","12:34:00 PM","03 - Snow","04 - Slush","01 - Traffic signal","02 - Intersection related","01 - Daylight","03 - P.D. only","03 - Rear end"
"1611","BEAUSOLEIL DR @ CLARENCE ST","368601.24864","5032846.12077","-75.68458","45.43264","2017","2/9/2017","4:12:00 PM","01 - Clear","05 - Packed snow","02 - Stop sign","02 - Intersection related","01 - Daylight","03 - P.D. only","99 - Other"
"1612","BEAUSOLEIL DR @ OLD ST. PATRICK ST","368517.03724","5032987.68804","-75.68564","45.43392","2017","12/17/2017","9:33:00 PM","01 - Clear","01 - Dry","02 - Stop sign","03 - At intersection","07 - Dark","02 - Non-fatal injury","07 - SMV other"
"1613","BEAUSOLEIL DR btwn YORK ST & COBOURG ST","368823.54780","5032743.93165","-75.68175","45.43170","2017","5/21/2017","4:44:00 PM","02 - Rain","02 - Wet","10 - No control","01 - Non intersection","01 - Daylight","02 - Non-fatal injury","02 - Angle"
"1614","BEAUSOLEIL DR btwn YORK ST & COBOURG ST","368898.79124","5032821.95125","-75.68078","45.43239","2017","11/24/2017","2:21:00 AM","01 - Clear","01 - Dry","10 - No control","01 - Non intersection","07 - Dark","03 - P.D. only","06 - SMV unattended vehicle"
"1615","BEAVERHILL DR @ JASMINE CRES","375590.88670","5033964.56266","-75.59510","45.44203","2017","7/29/2017","10:18:00 AM","01 - Clear","01 - Dry","02 - Stop sign","03 - At intersection","01 - Daylight","02 - Non-fatal injury","02 - Angle"
"1616","BEAVERPOND DR @ BLAIR RD","375400.06435","5031875.90489","-75.59784","45.42325","2017","6/28/2017","6:14:00 PM","02 - Rain","02 - Wet","01 - Traffic signal","02 - Intersection related","01 - Daylight","03 - P.D. only","03 - Rear end"
"1617","BEAVERPOND DR @ BLAIR RD","375398.97943","5031877.19374","-75.59785","45.42327","2017","2/28/2017","1:28:00 PM","01 - Clear","01 - Dry","01 - Traffic signal","03 - At intersection","01 - Daylight","03 - P.D. only","03 - Rear end"
"1618","BEAVERPOND DR @ BLAIR RD","375399.72990","5031874.80605","-75.59784","45.42324","2017","12/20/2017","1:35:00 PM","01 - Clear","02 - Wet","01 - Traffic signal","02 - Intersection related","01 - Daylight","03 - P.D. only","03 - Rear end"
"1619","BEAVERPOND DR btwn APPLETON DR & BLAIR RD","375318.46174","5031844.90838","-75.59888","45.42298","2017","2/21/2017","11:52:00 AM","01 - Clear","01 - Dry","10 - No control","04 - At/near private drive","01 - Daylight","03 - P.D. only","02 - Angle"
"1620","BECKETT CRES btwn PARADE DR & PARADE DR","351657.53140","5011941.61270","-75.90310","45.24588","2017","11/6/2017","12:00:00 AM","01 - Clear","01 - Dry","10 - No control","04 - At/near private drive","00 - Unknown","03 - P.D. only","06 - SMV unattended vehicle"
"1621","BECKSTEAD RD @ MERIVALE RD","367261.58060","5017942.24635","-75.70358","45.29866","2017","8/17/2017","1:32:00 PM","01 - Clear","02 - Wet","02 - Stop sign","02 - Intersection related","01 - Daylight","02 - Non-fatal injury","03 - Rear end"
"1622","BEECH ST @ CHAMPAGNE AVE","366466.70140","5029178.75154","-75.71232","45.39983","2017","10/20/2017","7:58:00 PM","01 - Clear","01 - Dry","02 - Stop sign","03 - At intersection","07 - Dark","02 - Non-fatal injury","07 - SMV other"
"1623","BEECH ST @ PRESTON ST","366684.69630","5029269.00915","-75.70952","45.40062","2017","10/1/2017","3:15:00 PM","01 - Clear","01 - Dry","01 - Traffic signal","02 - Intersection related","01 - Daylight","03 - P.D. only","04 - Sideswipe"
"1624","BEECH ST @ PRESTON ST","366685.69964","5029270.22450","-75.70951","45.40063","2017","10/24/2017","2:26:00 PM","01 - Clear","01 - Dry","01 - Traffic signal","03 - At intersection","01 - Daylight","02 - Non-fatal injury","02 - Angle"
"1625","BEECH ST @ PRESTON ST","366684.36185","5029270.89339","-75.70952","45.40064","2017","4/13/2017","11:25:00 AM","01 - Clear","01 - Dry","01 - Traffic signal","03 - At intersection","01 - Daylight","03 - P.D. only","05 - Turning movement"
"1626","BEECH ST @ ROCHESTER ST","366856.69850","5029341.75949","-75.70731","45.40126","2017","8/1/2017","1:02:00 PM","01 - Clear","01 - Dry","02 - Stop sign","02 - Intersection related","01 - Daylight","02 - Non-fatal injury","04 - Sideswipe"
"1627","BEECH ST @ ROCHESTER ST","366857.03295","5029343.90049","-75.70731","45.40128","2017","2/23/2017","10:16:00 PM","01 - Clear","02 - Wet","02 - Stop sign","03 - At intersection","07 - Dark","03 - P.D. only","02 - Angle"
"1628","BEECH ST @ ROCHESTER ST","366857.03295","5029342.56270","-75.70731","45.40127","2017","12/16/2017","1:00:00 PM","01 - Clear","05 - Packed snow","02 - Stop sign","03 - At intersection","01 - Daylight","03 - P.D. only","02 - Angle"
"1629","BEECH ST btwn BAYSWATER AVE & BREEZEHILL AVE S","366256.28540","5029088.21242","-75.71502","45.39903","2017","3/17/2017","3:00:00 PM","01 - Clear","01 - Dry","10 - No control","01 - Non intersection","01 - Daylight","03 - P.D. only","06 - SMV unattended vehicle"
"1630","BEECH ST btwn BAYSWATER PL & BAYSWATER AVE","366136.56030","5029036.65305","-75.71655","45.39858","2017","11/24/2017","12:00:00 AM","01 - Clear","01 - Dry","10 - No control","01 - Non intersection","00 - Unknown","03 - P.D. only","06 - SMV unattended vehicle"
"1631","BEECH ST btwn CHAMPAGNE AVE S & RAILWAY ST","366499.81177","5029189.59693","-75.71189","45.39993","2017","10/20/2017","10:45:00 AM","01 - Clear","01 - Dry","10 - No control","01 - Non intersection","01 - Daylight","03 - P.D. only","06 - SMV unattended vehicle"
"1632","BEECH ST btwn CHAMPAGNE AVE S & RAILWAY ST","366470.11849","5029179.12417","-75.71227","45.39983","2017","12/10/2017","3:37:00 AM","03 - Snow","03 - Loose snow","10 - No control","01 - Non intersection","07 - Dark","03 - P.D. only","06 - SMV unattended vehicle"
"1633","BEECH ST btwn LORETTA AVE S & CHAMPAGNE AVE S","366392.95691","5029145.40945","-75.71326","45.39954","2017","8/12/2017","3:30:00 PM","02 - Rain","02 - Wet","10 - No control","01 - Non intersection","01 - Daylight","03 - P.D. only","06 - SMV unattended vehicle"
"1634","BEECH ST btwn PRESTON ST & ROCHESTER ST","366705.05133","5029278.31300","-75.70926","45.40071","2017","9/27/2017","4:40:00 PM","01 - Clear","01 - Dry","10 - No control","04 - At/near private drive","01 - Daylight","03 - P.D. only","02 - Angle"
"1635","BEECHFERN DR btwn OAKFERN CRES & CARBERY DR","350466.04107","5013882.30820","-75.91810","45.26342","2017","12/25/2017","10:40:00 PM","03 - Snow","05 - Packed snow","10 - No control","01 - Non intersection","07 - Dark","03 - P.D. only","06 - SMV unattended vehicle"
"1636","BEECHWOOD AVE @ CHARLEVOIX ST/MACKAY ST","369186.43858","5033592.60200","-75.67700","45.43930","2017","9/29/2017","3:44:00 PM","01 - Clear","01 - Dry","01 - Traffic signal","03 - At intersection","01 - Daylight","03 - P.D. only","05 - Turning movement"
"1637","BEECHWOOD AVE @ CHARLEVOIX ST/MACKAY ST","369185.99073","5033592.20379","-75.67701","45.43930","2017","10/2/2017","5:04:00 PM","01 - Clear","01 - Dry","01 - Traffic signal","02 - Intersection related","01 - Daylight","03 - P.D. only","04 - Sideswipe"
"1638","BEECHWOOD AVE @ CHARLEVOIX ST/MACKAY ST","369186.87434","5033591.68210","-75.67700","45.43929","2017","12/11/2017","9:17:00 AM","01 - Clear","01 - Dry","01 - Traffic signal","03 - At intersection","01 - Daylight","03 - P.D. only","02 - Angle"
"1639","BEECHWOOD AVE @ CORONA AVE","369698.61869","5034149.56264","-75.67038","45.44426","2017","12/24/2017","3:00:00 PM","01 - Clear","03 - Loose snow","02 - Stop sign","03 - At intersection","01 - Daylight","03 - P.D. only","02 - Angle"
"1640","BEECHWOOD AVE @ MARIER AVE/PUTMAN AVE","369606.15343","5033906.92301","-75.67160","45.44209","2017","7/25/2017","6:40:00 AM","01 - Clear","02 - Wet","01 - Traffic signal","02 - Intersection related","01 - Daylight","03 - P.D. only","06 - SMV unattended vehicle"
"1641","BEECHWOOD AVE @ MARIER AVE/PUTMAN AVE","369604.75071","5033906.87655","-75.67162","45.44209","2017","7/27/2017","6:05:00 PM","01 - Clear","01 - Dry","01 - Traffic signal","03 - At intersection","01 - Daylight","02 - Non-fatal injury","05 - Turning movement"
"1642","BEECHWOOD AVE @ MARIER AVE/PUTMAN AVE","369605.70650","5033907.36994","-75.67160","45.44209","2017","9/7/2017","10:36:00 PM","02 - Rain","02 - Wet","01 - Traffic signal","02 - Intersection related","07 - Dark","02 - Non-fatal injury","03 - Rear end"
"1643","BEECHWOOD AVE @ MARQUETTE AVE","369681.82839","5034040.36425","-75.67061","45.44328","2017","6/29/2017","6:14:00 PM","02 - Rain","02 - Wet","02 - Stop sign","02 - Intersection related","01 - Daylight","03 - P.D. only","03 - Rear end"
"1644","BEECHWOOD AVE @ MARQUETTE AVE","369680.89256","5034039.63614","-75.67062","45.44328","2017","9/12/2017","4:03:00 PM","01 - Clear","01 - Dry","02 - Stop sign","02 - Intersection related","01 - Daylight","03 - P.D. only","01 - Approaching"
"1645","BEECHWOOD AVE btwn CHAPLEAU AVE & PUTMAN AVE","369561.49680","5033877.45461","-75.67217","45.44183","2017","12/15/2017","8:00:00 PM","03 - Snow","06 - Ice","10 - No control","04 - At/near private drive","07 - Dark","03 - P.D. only","03 - Rear end"
"1646","BEECHWOOD AVE btwn MARQUETTE AVE & BLACK MAPLE PRIV","369688.77818","5034073.39807","-75.67052","45.44358","2017","3/16/2017","3:41:00 PM","01 - Clear","01 - Dry","10 - No control","01 - Non intersection","01 - Daylight","03 - P.D. only","06 - SMV unattended vehicle"
"1647","BEECHWOOD AVE btwn OAKHILL RD & HEMLOCK RD","369766.45835","5034308.59261","-75.66950","45.44569","2017","1/5/2017","7:13:00 PM","01 - Clear","04 - Slush","10 - No control","01 - Non intersection","07 - Dark","03 - P.D. only","01 - Approaching"
"1648","BEECHWOOD AVE btwn PUTMAN AVE & ACACIA AVE","369612.06102","5033915.62016","-75.67152","45.44217","2017","4/10/2017","4:40:00 PM","01 - Clear","01 - Dry","10 - No control","01 - Non intersection","01 - Daylight","02 - Non-fatal injury","04 - Sideswipe"
"1649","BEECHWOOD AVE btwn SPRINGFIELD RD & LOYER ST","369283.02270","5033679.75480","-75.67576","45.44008","2017","8/29/2017","6:44:00 PM","01 - Clear","01 - Dry","10 - No control","01 - Non intersection","01 - Daylight","02 - Non-fatal injury","07 - SMV other"
"1650","BEECHWOOD AVE btwn ST. PATRICK ST & MACKAY ST","369147.06888","5033519.15657","-75.67752","45.43864","2017","6/4/2017","12:00:00 AM","01 - Clear","01 - Dry","10 - No control","01 - Non intersection","00 - Unknown","03 - P.D. only","06 - SMV unattended vehicle"
"1651","BEGIN ST @ MONTREAL RD","370466.70730","5033287.81898","-75.66068","45.43644","2017","2/8/2017","7:08:00 PM","01 - Clear","01 - Dry","02 - Stop sign","03 - At intersection","07 - Dark","02 - Non-fatal injury","05 - Turning movement"
"1652","BELANGER AVE btwn CLEMENTINE BLVD & BANK ST","369613.88911","5027419.37482","-75.67235","45.38372","2017","2/25/2017","4:30:00 PM","02 - Rain","02 - Wet","10 - No control","01 - Non intersection","01 - Daylight","03 - P.D. only","06 - SMV unattended vehicle"
"1653","BELCOURT BLVD @ INNES RD","382121.57777","5035267.93510","-75.51142","45.45306","2017","7/27/2017","5:55:00 AM","01 - Clear","01 - Dry","01 - Traffic signal","02 - Intersection related","01 - Daylight","03 - P.D. only","03 - Rear end"
"1654","BELCOURT BLVD @ INNES RD","382123.20972","5035266.63431","-75.51140","45.45305","2017","10/6/2017","3:00:00 PM","01 - Clear","01 - Dry","01 - Traffic signal","02 - Intersection related","01 - Daylight","02 - Non-fatal injury","03 - Rear end"
"1655","BELCOURT BLVD @ INNES RD","382121.44689","5035267.19362","-75.51143","45.45306","2017","10/18/2017","4:29:00 PM","01 - Clear","01 - Dry","01 - Traffic signal","02 - Intersection related","01 - Daylight","02 - Non-fatal injury","03 - Rear end"
"1656","BELCOURT BLVD @ INNES RD","382123.40957","5035266.96925","-75.51140","45.45305","2017","12/5/2017","8:49:00 PM","02 - Rain","02 - Wet","01 - Traffic signal","03 - At intersection","07 - Dark","02 - Non-fatal injury","05 - Turning movement"
"1657","BELCOURT BLVD @ INNES RD","382123.29564","5035264.89336","-75.51140","45.45304","2017","1/3/2017","6:35:00 PM","02 - Rain","02 - Wet","01 - Traffic signal","02 - Intersection related","07 - Dark","03 - P.D. only","03 - Rear end"
"1658","BELCOURT BLVD @ INNES RD","382122.11165","5035267.95290","-75.51142","45.45306","2017","12/31/2017","11:06:00 AM","01 - Clear","01 - Dry","01 - Traffic signal","02 - Intersection related","01 - Daylight","03 - P.D. only","02 - Angle"
"1659","BELCOURT BLVD @ NOTRE DAME ST","381315.20326","5037215.31143","-75.52143","45.47067","2017","2/3/2017","8:10:00 PM","01 - Clear","01 - Dry","02 - Stop sign","03 - At intersection","07 - Dark","02 - Non-fatal injury","02 - Angle"
"1660","BELCOURT BLVD @ ST. JOSEPH BLVD","381205.07465","5037359.93439","-75.52281","45.47199","2017","5/2/2017","6:01:00 PM","01 - Clear","02 - Wet","01 - Traffic signal","03 - At intersection","01 - Daylight","03 - P.D. only","05 - Turning movement"
"1661","BELCOURT BLVD @ ST. JOSEPH BLVD","381205.74354","5037358.59660","-75.52281","45.47197","2017","11/14/2017","10:53:00 AM","01 - Clear","01 - Dry","01 - Traffic signal","03 - At intersection","01 - Daylight","03 - P.D. only","02 - Angle"
"1662","BELCOURT BLVD @ ST. JOSEPH BLVD","381204.40575","5037357.92770","-75.52282","45.47197","2017","2/22/2017","12:06:00 PM","01 - Clear","01 - Dry","01 - Traffic signal","03 - At intersection","01 - Daylight","03 - P.D. only","05 - Turning movement"
"1663","BELCOURT BLVD @ ST. JOSEPH BLVD","381205.50454","5037357.66292","-75.52281","45.47197","2017","12/17/2017","1:21:00 AM","01 - Clear","01 - Dry","01 - Traffic signal","02 - Intersection related","07 - Dark","03 - P.D. only","01 - Approaching"
"1664","BELCOURT BLVD btwn BELVAL CRES & BEAUSEJOUR DR","381731.17064","5036227.74720","-75.51626","45.46174","2017","8/26/2017","11:53:00 AM","01 - Clear","01 - Dry","10 - No control","01 - Non intersection","01 - Daylight","03 - P.D. only","06 - SMV unattended vehicle"
"1665","BELFAST RD @ COVENTRY RD","371524.05555","5031643.57129","-75.64739","45.42154","2017","5/30/2017","7:28:00 AM","01 - Clear","01 - Dry","01 - Traffic signal","02 - Intersection related","01 - Daylight","03 - P.D. only","03 - Rear end"
"1666","BELFAST RD @ COVENTRY RD","371523.72110","5031641.83597","-75.64740","45.42153","2017","10/13/2017","3:55:00 PM","01 - Clear","01 - Dry","01 - Traffic signal","02 - Intersection related","01 - Daylight","03 - P.D. only","03 - Rear end"
"1667","BELFAST RD @ COVENTRY RD","371523.67711","5031641.17209","-75.64740","45.42152","2017","10/23/2017","4:13:00 PM","01 - Clear","01 - Dry","01 - Traffic signal","02 - Intersection related","01 - Daylight","03 - P.D. only","04 - Sideswipe"
"1668","BELFAST RD @ COVENTRY RD","371523.38665","5031643.57129","-75.64740","45.42154","2017","11/15/2017","5:07:00 PM","01 - Clear","01 - Dry","01 - Traffic signal","02 - Intersection related","07 - Dark","03 - P.D. only","03 - Rear end"
"1669","BELFAST RD @ COVENTRY RD","371524.19447","5031640.38117","-75.64739","45.42152","2017","1/17/2017","5:42:00 PM","01 - Clear","01 - Dry","01 - Traffic signal","02 - Intersection related","07 - Dark","02 - Non-fatal injury","03 - Rear end"
"1670","BELFAST RD @ COVENTRY RD","371524.72444","5031641.56460","-75.64738","45.42153","2017","3/29/2017","8:36:00 AM","01 - Clear","01 - Dry","01 - Traffic signal","02 - Intersection related","01 - Daylight","03 - P.D. only","04 - Sideswipe"
"1671","BELFAST RD @ COVENTRY RD","371524.19900","5031641.32565","-75.64739","45.42152","2017","12/23/2017","12:15:00 PM","03 - Snow","03 - Loose snow","01 - Traffic signal","02 - Intersection related","01 - Daylight","03 - P.D. only","03 - Rear end"
"1672","BELFAST RD @ OC TRANSPO GARAGE ENT N/530 E OF TRAINYARDS DR","372349.83830","5030664.10590","-75.63697","45.41265","2017","3/9/2017","5:08:00 PM","01 - Clear","01 - Dry","01 - Traffic signal","02 - Intersection related","01 - Daylight","03 - P.D. only","04 - Sideswipe"
"1673","BELFAST RD @ ST. LAURENT BLVD","372861.05855","5030577.89310","-75.63046","45.41183","2017","5/23/2017","9:16:00 AM","01 - Clear","01 - Dry","01 - Traffic signal","02 - Intersection related","01 - Daylight","03 - P.D. only","03 - Rear end"
"1674","BELFAST RD @ ST. LAURENT BLVD","372861.05855","5030577.89310","-75.63046","45.41183","2017","4/24/2017","1:45:00 PM","01 - Clear","01 - Dry","01 - Traffic signal","02 - Intersection related","01 - Daylight","03 - P.D. only","03 - Rear end"
"1675","BELFAST RD @ ST. LAURENT BLVD","372861.05855","5030578.56200","-75.63046","45.41183","2017","5/5/2017","6:31:00 PM","02 - Rain","02 - Wet","01 - Traffic signal","02 - Intersection related","01 - Daylight","02 - Non-fatal injury","03 - Rear end"
"1676","BELFAST RD @ ST. LAURENT BLVD","372860.38965","5030577.89310","-75.63046","45.41183","2017","5/19/2017","10:20:00 AM","01 - Clear","01 - Dry","01 - Traffic signal","03 - At intersection","01 - Daylight","02 - Non-fatal injury","07 - SMV other"
"1677","BELFAST RD @ ST. LAURENT BLVD","372860.38965","5030578.56200","-75.63046","45.41183","2017","5/26/2017","10:00:00 AM","01 - Clear","02 - Wet","01 - Traffic signal","03 - At intersection","01 - Daylight","03 - P.D. only","05 - Turning movement"
"1678","BELFAST RD @ ST. LAURENT BLVD","372859.05186","5030578.56200","-75.63048","45.41183","2017","5/2/2017","3:08:00 PM","02 - Rain","02 - Wet","01 - Traffic signal","02 - Intersection related","01 - Daylight","03 - P.D. only","04 - Sideswipe"
"1679","BELFAST RD @ ST. LAURENT BLVD","372863.27161","5030578.56200","-75.63043","45.41183","2017","4/26/2017","8:08:00 AM","01 - Clear","01 - Dry","01 - Traffic signal","03 - At intersection","01 - Daylight","03 - P.D. only","05 - Turning movement"
"1680","BELFAST RD @ ST. LAURENT BLVD","372861.05855","5030579.23090","-75.63046","45.41184","2017","6/20/2017","5:59:00 AM","02 - Rain","02 - Wet","01 - Traffic signal","03 - At intersection","01 - Daylight","02 - Non-fatal injury","05 - Turning movement"
"1681","BELFAST RD @ ST. LAURENT BLVD","372860.72356","5030578.56217","-75.63046","45.41183","2017","5/3/2017","3:26:00 PM","01 - Clear","01 - Dry","01 - Traffic signal","02 - Intersection related","01 - Daylight","03 - P.D. only","03 - Rear end"
"1682","BELFAST RD @ ST. LAURENT BLVD","372860.72410","5030579.25086","-75.63046","45.41184","2017","7/15/2017","3:40:00 AM","02 - Rain","02 - Wet","01 - Traffic signal","03 - At intersection","07 - Dark","03 - P.D. only","02 - Angle"
"1683","BELFAST RD @ ST. LAURENT BLVD","372861.72744","5030577.22421","-75.63045","45.41182","2017","7/5/2017","3:50:00 PM","01 - Clear","01 - Dry","01 - Traffic signal","03 - At intersection","01 - Daylight","02 - Non-fatal injury","05 - Turning movement"
"1684","BELFAST RD @ ST. LAURENT BLVD","372861.58710","5030578.34625","-75.63045","45.41183","2017","8/15/2017","5:10:00 PM","01 - Clear","01 - Dry","01 - Traffic signal","02 - Intersection related","01 - Daylight","02 - Non-fatal injury","04 - Sideswipe"
"1685","BELFAST RD @ ST. LAURENT BLVD","372860.25073","5030578.32531","-75.63047","45.41183","2017","9/24/2017","5:47:00 PM","01 - Clear","01 - Dry","01 - Traffic signal","03 - At intersection","01 - Daylight","02 - Non-fatal injury","05 - Turning movement"
"1686","BELFAST RD @ ST. LAURENT BLVD","372860.24620","5030578.32305","-75.63047","45.41183","2017","9/18/2017","1:36:00 PM","01 - Clear","01 - Dry","01 - Traffic signal","03 - At intersection","01 - Daylight","02 - Non-fatal injury","02 - Angle"
"1687","BELFAST RD @ ST. LAURENT BLVD","372860.72410","5030578.33854","-75.63046","45.41183","2017","9/11/2017","4:40:00 PM","01 - Clear","01 - Dry","01 - Traffic signal","03 - At intersection","01 - Daylight","03 - P.D. only","02 - Angle"
"1688","BELFAST RD @ ST. LAURENT BLVD","372861.67989","5030578.80095","-75.63045","45.41184","2017","9/14/2017","3:19:00 PM","01 - Clear","01 - Dry","01 - Traffic signal","02 - Intersection related","01 - Daylight","03 - P.D. only","04 - Sideswipe"
"1689","BELFAST RD @ ST. LAURENT BLVD","372861.19747","5030578.32531","-75.63045","45.41183","2017","9/23/2017","6:00:00 PM","01 - Clear","01 - Dry","01 - Traffic signal","02 - Intersection related","01 - Daylight","03 - P.D. only","03 - Rear end"
"1690","BELFAST RD @ ST. LAURENT BLVD","372860.25073","5030578.79869","-75.63047","45.41184","2017","12/9/2017","3:58:00 PM","01 - Clear","01 - Dry","01 - Traffic signal","02 - Intersection related","01 - Daylight","03 - P.D. only","03 - Rear end"
"1691","BELFAST RD @ ST. LAURENT BLVD","372861.05855","5030578.56200","-75.63046","45.41183","2017","11/30/2017","9:37:00 AM","01 - Clear","01 - Dry","01 - Traffic signal","02 - Intersection related","01 - Daylight","03 - P.D. only","03 - Rear end"
"1692","BELFAST RD @ ST. LAURENT BLVD","372860.72410","5030577.88556","-75.63046","45.41183","2017","11/21/2017","7:00:00 AM","01 - Clear","01 - Dry","01 - Traffic signal","02 - Intersection related","03 - Dawn","02 - Non-fatal injury","07 - SMV other"
"1693","BELFAST RD @ ST. LAURENT BLVD","372860.25073","5030578.32531","-75.63047","45.41183","2017","1/11/2017","6:47:00 AM","01 - Clear","02 - Wet","01 - Traffic signal","02 - Intersection related","07 - Dark","03 - P.D. only","03 - Rear end"
"1694","BELFAST RD @ ST. LAURENT BLVD","372861.72744","5030579.23090","-75.63045","45.41184","2017","2/16/2017","5:22:00 PM","01 - Clear","03 - Loose snow","01 - Traffic signal","03 - At intersection","05 - Dusk","03 - P.D. only","05 - Turning movement"
"1695","BELFAST RD @ ST. LAURENT BLVD","372861.80958","5030577.74789","-75.63045","45.41183","2017","1/16/2017","6:56:00 PM","01 - Clear","02 - Wet","01 - Traffic signal","03 - At intersection","07 - Dark","03 - P.D. only","05 - Turning movement"
"1696","BELFAST RD @ ST. LAURENT BLVD","372861.72744","5030578.56200","-75.63045","45.41183","2017","4/9/2017","6:27:00 PM","01 - Clear","01 - Dry","01 - Traffic signal","02 - Intersection related","01 - Daylight","03 - P.D. only","04 - Sideswipe"
"1697","BELFAST RD @ ST. LAURENT BLVD","372860.38965","5030579.23090","-75.63046","45.41184","2017","3/15/2017","2:38:00 PM","03 - Snow","02 - Wet","01 - Traffic signal","03 - At intersection","01 - Daylight","03 - P.D. only","05 - Turning movement"
"1698","BELFAST RD @ ST. LAURENT BLVD","372861.47457","5030577.43630","-75.63045","45.41182","2017","3/28/2017","3:22:00 PM","01 - Clear","01 - Dry","01 - Traffic signal","02 - Intersection related","01 - Daylight","03 - P.D. only","03 - Rear end"
"1699","BELFAST RD @ ST. LAURENT BLVD","372860.24620","5030578.80095","-75.63047","45.41184","2017","12/29/2017","12:58:00 PM","01 - Clear","03 - Loose snow","01 - Traffic signal","03 - At intersection","01 - Daylight","03 - P.D. only","02 - Angle"
"1700","BELFAST RD @ TRAINYARDS","371882.11207","5030915.09647","-75.64292","45.41496","2017","7/24/2017","1:19:00 PM","02 - Rain","02 - Wet","01 - Traffic signal","02 - Intersection related","01 - Daylight","03 - P.D. only","03 - Rear end"
"1701","BELFAST RD @ TREMBLAY RD","371558.18322","5031319.76039","-75.64700","45.41863","2017","7/21/2017","5:00:00 PM","01 - Clear","01 - Dry","01 - Traffic signal","02 - Intersection related","01 - Daylight","03 - P.D. only","04 - Sideswipe"
"1702","BELFAST RD @ TREMBLAY RD","371559.19207","5031319.85354","-75.64699","45.41863","2017","8/24/2017","5:56:00 PM","01 - Clear","01 - Dry","01 - Traffic signal","03 - At intersection","01 - Daylight","02 - Non-fatal injury","05 - Turning movement"
"1703","BELFAST RD @ TREMBLAY RD","371557.63322","5031320.83497","-75.64701","45.41864","2017","10/18/2017","4:51:00 PM","01 - Clear","01 - Dry","01 - Traffic signal","02 - Intersection related","05 - Dusk","03 - P.D. only","03 - Rear end"
"1704","BELFAST RD @ TREMBLAY RD","371558.24533","5031321.27366","-75.64700","45.41864","2017","12/31/2017","10:33:00 AM","01 - Clear","02 - Wet","01 - Traffic signal","02 - Intersection related","01 - Daylight","03 - P.D. only","05 - Turning movement"
"1705","BELFAST RD @ TRIOLE ST","372981.20227","5030623.79309","-75.62891","45.41223","2017","8/30/2017","11:06:00 PM","01 - Clear","01 - Dry","02 - Stop sign","03 - At intersection","07 - Dark","02 - Non-fatal injury","02 - Angle"
"1706","BELFAST RD @ TRIOLE ST","372981.19394","5030622.85288","-75.62891","45.41222","2017","8/24/2017","9:45:00 AM","01 - Clear","01 - Dry","02 - Stop sign","02 - Intersection related","01 - Daylight","03 - P.D. only","02 - Angle"
"1707","BELFAST RD @ TRIOLE ST","372979.05666","5030624.89419","-75.62894","45.41224","2017","3/8/2017","7:26:00 AM","04 - Freezing Rain","06 - Ice","02 - Stop sign","03 - At intersection","01 - Daylight","03 - P.D. only","07 - SMV other"
"1708","BELFAST RD btwn COVENTRY RD & TREMBLAY RD","371555.46586","5031344.95185","-75.64703","45.41885","2017","12/28/2017","3:08:00 PM","01 - Clear","04 - Slush","10 - No control","01 - Non intersection","01 - Daylight","02 - Non-fatal injury","03 - Rear end"
"1709","BELFAST RD btwn ST. LAURENT BLVD & TRIOLE ST","372879.57568","5030588.75204","-75.63022","45.41192","2017","6/22/2017","12:28:00 PM","01 - Clear","01 - Dry","10 - No control","04 - At/near private drive","01 - Daylight","03 - P.D. only","02 - Angle"
"1710","BELFAST RD btwn ST. LAURENT BLVD & TRIOLE ST","372872.21369","5030583.96462","-75.63031","45.41188","2017","9/20/2017","11:15:00 AM","01 - Clear","01 - Dry","10 - No control","04 - At/near private drive","01 - Daylight","03 - P.D. only","02 - Angle"