"Record","Location","X","Y","Longitude","Latitude","Year","Date","Time","Environment","Road_Surface","Traffic_Control","Collision_Location","Light","Collision_Classification","Impact_type"
"1817","BINSCARTH CRES btwn SHELDRAKE DR & SHELDRAKE DR","353297.63262","5016802.30890","-75.88173","45.28950","2017","11/22/2017","12:00:00 AM","01 - Clear","01 - Dry","10 - No control","01 - Non intersection","00 - Unknown","03 - P.D. only","06 - SMV unattended vehicle"
"1818","BINSCARTH CRES btwn SHELDRAKE DR & SHELDRAKE DR","353355.55354","5016905.94291","-75.88098","45.29043","2017","3/5/2017","12:00:00 AM","01 - Clear","01 - Dry","10 - No control","01 - Non intersection","00 - Unknown","03 - P.D. only","06 - SMV unattended vehicle"
"1819","BIRCH AVE EXT./ROCKCLIFFE PKWY @ ROCKCLIFFE PK","370128.70178","5035705.61509","-75.66468","45.45822","2017","10/30/2017","9:25:00 AM","02 - Rain","02 - Wet","02 - Stop sign","02 - Intersection related","01 - Daylight","03 - P.D. only","03 - Rear end"
"1820","BIRCH AVE EXT./ROCKCLIFFE PKWY @ ROCKCLIFFE PK","370128.42387","5035704.21397","-75.66468","45.45821","2017","1/3/2017","6:47:00 PM","03 - Snow","03 - Loose snow","02 - Stop sign","02 - Intersection related","07 - Dark","03 - P.D. only","07 - SMV other"
"1821","BIRCH AVE EXT./ROCKCLIFFE PKWY @ ROCKCLIFFE PK","370128.98994","5035711.93942","-75.66468","45.45828","2017","1/5/2017","8:22:00 AM","01 - Clear","06 - Ice","02 - Stop sign","02 - Intersection related","01 - Daylight","03 - P.D. only","03 - Rear end"
"1822","BIRCH AVE EXT./ROCKCLIFFE PKWY @ ROCKCLIFFE PK","370128.70190","5035705.61509","-75.66468","45.45822","2017","8/8/2017","12:16:00 AM","02 - Rain","02 - Wet","02 - Stop sign","03 - At intersection","07 - Dark","03 - P.D. only","07 - SMV other"
"1823","BIRCH AVE EXT./ROCKCLIFFE PKWY @ ROCKCLIFFE PK","370128.70190","5035705.61509","-75.66468","45.45822","2017","8/4/2017","1:56:00 PM","01 - Clear","01 - Dry","02 - Stop sign","02 - Intersection related","01 - Daylight","02 - Non-fatal injury","02 - Angle"
"1824","BIRCHBANK CRES btwn STONEMEADOW DR & STONEMEADOW DR","355952.28147","5016771.58236","-75.84789","45.28904","2017","4/17/2017","11:03:00 AM","01 - Clear","01 - Dry","10 - No control","01 - Non intersection","01 - Daylight","03 - P.D. only","06 - SMV unattended vehicle"
"1825","BIRCHGROVE RD @ RUSSELL RD","400270.54583","5029607.55532","-75.28053","45.39990","2017","8/1/2017","10:16:00 PM","01 - Clear","01 - Dry","02 - Stop sign","02 - Intersection related","07 - Dark","03 - P.D. only","07 - SMV other"
"1826","BIRCHGROVE RD btwn LARMOURS RD & WATSON RD","398469.52906","5033548.55422","-75.30278","45.43559","2017","4/23/2017","8:44:00 PM","01 - Clear","01 - Dry","10 - No control","01 - Non intersection","07 - Dark","02 - Non-fatal injury","07 - SMV other"
"1827","BIRCHMOUNT DR btwn CEDARCROFT CRES & LILY LANE","374136.10994","5032158.67839","-75.61395","45.42593","2017","3/24/2017","12:00:00 AM","01 - Clear","02 - Wet","10 - No control","01 - Non intersection","00 - Unknown","03 - P.D. only","06 - SMV unattended vehicle"
"1828","BIRCHVIEW RD btwn ANDOVER PL & ANDOVER PL","363060.83215","5023042.67899","-75.75654","45.34491","2017","12/26/2017","10:56:00 AM","01 - Clear","05 - Packed snow","10 - No control","04 - At/near private drive","01 - Daylight","03 - P.D. only","06 - SMV unattended vehicle"
"1829","BIRKENFELS RD btwn BUENA VISTA RD & MACKINNON RD","368489.35601","5034924.13790","-75.68574","45.45134","2017","8/28/2017","12:45:00 PM","01 - Clear","01 - Dry","10 - No control","04 - At/near private drive","01 - Daylight","03 - P.D. only","99 - Other"
"1830","BISCAYNE CRES @ VIEWMOUNT DR","365911.13850","5023120.86485","-75.72016","45.34537","2017","4/16/2017","8:34:00 PM","02 - Rain","02 - Wet","02 - Stop sign","02 - Intersection related","07 - Dark","02 - Non-fatal injury","07 - SMV other"
"1831","BISHOP DAVIS DR btwn ARCHIE ST & ALLBIRCH RD","336935.21132","5039107.20827","-76.08887","45.49115","2017","5/27/2017","6:05:00 AM","07 - Fog, mist, smoke, dust","01 - Dry","10 - No control","01 - Non intersection","01 - Daylight","02 - Non-fatal injury","07 - SMV other"
"1832","BISHOPS MILLS WAY btwn CAMBRAY LANE & END","352375.00224","5019938.27549","-75.89319","45.31778","2017","1/27/2017","7:04:00 PM","01 - Clear","01 - Dry","10 - No control","04 - At/near private drive","07 - Dark","03 - P.D. only","06 - SMV unattended vehicle"
"1833","BITTERN CRT btwn WHITEMARL DR & END","370015.83028","5034717.84737","-75.66625","45.44935","2017","6/1/2017","12:00:00 AM","01 - Clear","01 - Dry","10 - No control","01 - Non intersection","00 - Unknown","03 - P.D. only","06 - SMV unattended vehicle"
"1834","BLACKBURN AVE @ LAURIER AVE","369187.71460","5032307.81559","-75.67716","45.42774","2017","10/18/2017","5:00:00 PM","01 - Clear","01 - Dry","02 - Stop sign","03 - At intersection","01 - Daylight","03 - P.D. only","02 - Angle"
"1835","BLACKBURN AVE @ OSGOODE ST","369296.83516","5032126.92711","-75.67578","45.42610","2017","7/26/2017","4:59:00 PM","01 - Clear","01 - Dry","02 - Stop sign","03 - At intersection","01 - Daylight","03 - P.D. only","02 - Angle"
"1836","BLACKBURN AVE @ TEMPLETON ST","369513.38084","5031779.90920","-75.67306","45.42296","2017","11/9/2017","9:12:00 PM","03 - Snow","02 - Wet","02 - Stop sign","03 - At intersection","07 - Dark","02 - Non-fatal injury","02 - Angle"
"1837","BLACKBURN AVE btwn OSGOODE ST & SOMERSET ST E","369339.37285","5032056.40716","-75.67525","45.42546","2017","8/2/2017","10:38:00 AM","01 - Clear","01 - Dry","10 - No control","01 - Non intersection","01 - Daylight","03 - P.D. only","06 - SMV unattended vehicle"
"1838","BLACKBURN AVE btwn OSGOODE ST & SOMERSET ST E","369395.64281","5031966.34481","-75.67454","45.42465","2017","1/24/2017","7:00:00 PM","03 - Snow","03 - Loose snow","10 - No control","01 - Non intersection","07 - Dark","03 - P.D. only","06 - SMV unattended vehicle"
"1839","BLACKBURN BYPASS @ INNES RD E","379791.74790","5033780.43750","-75.54143","45.43993","2017","7/12/2017","6:16:00 PM","01 - Clear","01 - Dry","01 - Traffic signal","02 - Intersection related","01 - Daylight","03 - P.D. only","02 - Angle"
"1840","BLACKBURN BYPASS @ INNES RD E","379790.45906","5033782.08182","-75.54145","45.43995","2017","8/18/2017","4:27:00 PM","02 - Rain","02 - Wet","01 - Traffic signal","03 - At intersection","01 - Daylight","03 - P.D. only","03 - Rear end"
"1841","BLACKBURN BYPASS @ INNES RD E","379790.46585","5033782.20593","-75.54145","45.43995","2017","7/13/2017","4:20:00 PM","01 - Clear","01 - Dry","01 - Traffic signal","02 - Intersection related","01 - Daylight","03 - P.D. only","03 - Rear end"
"1842","BLACKBURN BYPASS @ INNES RD E","379791.62142","5033781.32903","-75.54144","45.43994","2017","8/14/2017","4:30:00 PM","01 - Clear","01 - Dry","01 - Traffic signal","02 - Intersection related","01 - Daylight","03 - P.D. only","04 - Sideswipe"
"1843","BLACKBURN BYPASS @ INNES RD E","379792.22127","5033782.27496","-75.54143","45.43995","2017","8/10/2017","1:05:00 PM","01 - Clear","01 - Dry","01 - Traffic signal","02 - Intersection related","01 - Daylight","03 - P.D. only","03 - Rear end"
"1844","BLACKBURN BYPASS @ INNES RD E","379791.74790","5033781.32821","-75.54143","45.43994","2017","8/24/2017","2:10:00 PM","01 - Clear","01 - Dry","01 - Traffic signal","03 - At intersection","01 - Daylight","03 - P.D. only","03 - Rear end"
"1845","BLACKBURN BYPASS @ INNES RD E","379791.74790","5033781.01845","-75.54143","45.43994","2017","9/27/2017","8:02:00 AM","01 - Clear","01 - Dry","01 - Traffic signal","02 - Intersection related","01 - Daylight","02 - Non-fatal injury","03 - Rear end"
"1846","BLACKBURN BYPASS @ INNES RD E","379792.75124","5033780.89600","-75.54142","45.43994","2017","12/5/2017","7:48:00 AM","02 - Rain","02 - Wet","01 - Traffic signal","02 - Intersection related","03 - Dawn","03 - P.D. only","03 - Rear end"
"1847","BLACKBURN BYPASS @ INNES RD E","379791.41345","5033781.56490","-75.54144","45.43994","2017","11/22/2017","10:05:00 AM","01 - Clear","01 - Dry","01 - Traffic signal","03 - At intersection","01 - Daylight","02 - Non-fatal injury","02 - Angle"
"1848","BLACKBURN BYPASS @ INNES RD E","379792.75124","5033781.56490","-75.54142","45.43994","2017","11/29/2017","8:27:00 AM","02 - Rain","02 - Wet","01 - Traffic signal","02 - Intersection related","01 - Daylight","02 - Non-fatal injury","03 - Rear end"
"1849","BLACKBURN BYPASS @ INNES RD E","379792.29064","5033782.92175","-75.54143","45.43996","2017","2/3/2017","9:31:00 PM","01 - Clear","02 - Wet","01 - Traffic signal","03 - At intersection","07 - Dark","02 - Non-fatal injury","05 - Turning movement"
"1850","BLACKBURN BYPASS @ INNES RD E","379792.87558","5033779.38892","-75.54142","45.43992","2017","1/3/2017","1:00:00 PM","04 - Freezing Rain","04 - Slush","01 - Traffic signal","02 - Intersection related","01 - Daylight","03 - P.D. only","03 - Rear end"
"1851","BLACKBURN BYPASS @ INNES RD E","379792.75124","5033781.56490","-75.54142","45.43994","2017","3/18/2017","2:10:00 PM","01 - Clear","01 - Dry","01 - Traffic signal","02 - Intersection related","01 - Daylight","03 - P.D. only","07 - SMV other"
"1852","BLACKBURN BYPASS @ INNES RD E","379790.74456","5033781.56490","-75.54145","45.43994","2017","3/14/2017","5:15:00 PM","03 - Snow","02 - Wet","01 - Traffic signal","02 - Intersection related","01 - Daylight","02 - Non-fatal injury","05 - Turning movement"
"1853","BLACKBURN BYPASS @ INNES RD E","379791.41345","5033780.89600","-75.54144","45.43994","2017","4/12/2017","7:43:00 AM","01 - Clear","01 - Dry","01 - Traffic signal","02 - Intersection related","01 - Daylight","03 - P.D. only","03 - Rear end"
"1854","BLACKBURN BYPASS @ INNES RD E","379792.69465","5033781.80159","-75.54142","45.43995","2017","12/27/2017","5:48:00 PM","01 - Clear","03 - Loose snow","01 - Traffic signal","02 - Intersection related","07 - Dark","03 - P.D. only","04 - Sideswipe"
"1855","BLACKBURN BYPASS @ INNES RD W","377186.69050","5032174.67100","-75.57496","45.42576","2017","6/6/2017","1:42:00 PM","02 - Rain","02 - Wet","01 - Traffic signal","02 - Intersection related","01 - Daylight","02 - Non-fatal injury","03 - Rear end"
"1856","BLACKBURN BYPASS @ INNES RD W","377186.86555","5032175.02110","-75.57496","45.42576","2017","5/2/2017","6:19:00 PM","02 - Rain","02 - Wet","01 - Traffic signal","02 - Intersection related","01 - Daylight","03 - P.D. only","03 - Rear end"
"1857","BLACKBURN BYPASS @ INNES RD W","377186.25325","5032175.92669","-75.57497","45.42577","2017","7/15/2017","12:00:00 PM","01 - Clear","01 - Dry","01 - Traffic signal","02 - Intersection related","01 - Daylight","03 - P.D. only","03 - Rear end"
"1858","BLACKBURN BYPASS @ INNES RD W","377193.06984","5032175.29851","-75.57488","45.42577","2017","7/28/2017","10:19:00 AM","01 - Clear","01 - Dry","01 - Traffic signal","02 - Intersection related","01 - Daylight","03 - P.D. only","03 - Rear end"
"1859","BLACKBURN BYPASS @ NAVAN RD","379617.41265","5033274.56230","-75.54374","45.43540","2017","6/21/2017","5:13:00 PM","01 - Clear","01 - Dry","01 - Traffic signal","02 - Intersection related","01 - Daylight","03 - P.D. only","03 - Rear end"
"1860","BLACKBURN BYPASS @ NAVAN RD","379617.68519","5033274.57411","-75.54374","45.43540","2017","9/1/2017","2:14:00 PM","01 - Clear","01 - Dry","01 - Traffic signal","02 - Intersection related","01 - Daylight","03 - P.D. only","03 - Rear end"
"1861","BLACKBURN BYPASS @ NAVAN RD","379618.25660","5033275.58130","-75.54373","45.43541","2017","6/28/2017","3:45:00 PM","01 - Clear","01 - Dry","01 - Traffic signal","02 - Intersection related","01 - Daylight","03 - P.D. only","03 - Rear end"
"1862","BLACKBURN BYPASS @ NAVAN RD","379617.74710","5033275.90099","-75.54373","45.43541","2017","7/20/2017","9:40:00 AM","01 - Clear","01 - Dry","01 - Traffic signal","02 - Intersection related","01 - Daylight","03 - P.D. only","04 - Sideswipe"
"1863","BLACKBURN BYPASS @ NAVAN RD","379617.76485","5033274.51681","-75.54373","45.43540","2017","10/5/2017","8:01:00 AM","01 - Clear","01 - Dry","01 - Traffic signal","02 - Intersection related","01 - Daylight","03 - P.D. only","03 - Rear end"
"1864","BLACKBURN BYPASS @ NAVAN RD","379617.20065","5033275.10875","-75.54374","45.43541","2017","9/29/2017","10:07:00 PM","02 - Rain","02 - Wet","01 - Traffic signal","02 - Intersection related","07 - Dark","03 - P.D. only","03 - Rear end"
"1865","BLACKBURN BYPASS @ NAVAN RD","379617.41265","5033275.90009","-75.54374","45.43541","2017","11/14/2017","4:31:00 PM","01 - Clear","01 - Dry","01 - Traffic signal","02 - Intersection related","05 - Dusk","02 - Non-fatal injury","99 - Other"
"1866","BLACKBURN BYPASS @ NAVAN RD","379617.66066","5033274.52511","-75.54374","45.43540","2017","2/16/2017","11:57:00 AM","03 - Snow","05 - Packed snow","01 - Traffic signal","02 - Intersection related","01 - Daylight","02 - Non-fatal injury","03 - Rear end"
"1867","BLACKBURN BYPASS @ NAVAN RD","379619.16080","5033275.42013","-75.54372","45.43541","2017","2/7/2017","7:27:00 PM","04 - Freezing Rain","04 - Slush","01 - Traffic signal","02 - Intersection related","07 - Dark","03 - P.D. only","03 - Rear end"
"1868","BLACKBURN BYPASS @ NAVAN RD","379617.78929","5033274.47077","-75.54373","45.43540","2017","12/19/2017","5:07:00 PM","03 - Snow","06 - Ice","01 - Traffic signal","03 - At intersection","07 - Dark","03 - P.D. only","04 - Sideswipe"
"1869","BLACKBURN BYPASS @ NAVAN RD","379617.82834","5033274.47077","-75.54373","45.43540","2017","12/23/2017","12:52:00 PM","03 - Snow","03 - Loose snow","01 - Traffic signal","02 - Intersection related","01 - Daylight","03 - P.D. only","04 - Sideswipe"
"1870","BLACKBURN BYPASS EB btwn 1700 W OF NAVAN RD & NAVAN RD","379526.44275","5033173.55896","-75.54492","45.43450","2017","5/24/2017","4:00:00 PM","01 - Clear","01 - Dry","10 - No control","01 - Non intersection","01 - Daylight","03 - P.D. only","03 - Rear end"
"1871","BLACKBURN BYPASS EB btwn 1700 W OF NAVAN RD & NAVAN RD","378412.21720","5032512.96941","-75.55925","45.42868","2017","1/8/2017","1:15:00 PM","01 - Clear","03 - Loose snow","10 - No control","01 - Non intersection","01 - Daylight","03 - P.D. only","07 - SMV other"
"1872","BLACKBURN BYPASS EB btwn 1700 W OF NAVAN RD & NAVAN RD","378878.57103","5032783.69879","-75.55325","45.43106","2017","3/7/2017","9:14:00 PM","02 - Rain","02 - Wet","10 - No control","01 - Non intersection","07 - Dark","03 - P.D. only","07 - SMV other"
"1873","BLACKBURN BYPASS EB btwn NAVAN RD & INNES RD E","379783.00473","5033683.20424","-75.54156","45.43906","2017","10/3/2017","3:54:00 PM","01 - Clear","01 - Dry","10 - No control","01 - Non intersection","01 - Daylight","03 - P.D. only","02 - Angle"
"1874","BLACKBURN BYPASS EB btwn NAVAN RD & INNES RD E","379778.55267","5033631.83783","-75.54163","45.43860","2017","10/31/2017","3:23:00 PM","01 - Clear","01 - Dry","10 - No control","01 - Non intersection","01 - Daylight","03 - P.D. only","03 - Rear end"
"1875","BLACKBURN BYPASS WB btwn NAVAN RD & 1700 W OF NAVAN RD","379511.05814","5033184.93019","-75.54511","45.43461","2017","5/29/2017","3:10:00 AM","01 - Clear","01 - Dry","10 - No control","01 - Non intersection","07 - Dark","03 - P.D. only","07 - SMV other"
"1876","BLACKBURN BYPASS WB btwn NAVAN RD & 1700 W OF NAVAN RD","379238.23846","5033021.68005","-75.54862","45.43317","2017","7/7/2017","11:00:00 AM","01 - Clear","01 - Dry","10 - No control","01 - Non intersection","01 - Daylight","02 - Non-fatal injury","07 - SMV other"
"1877","BLACKBURN BYPASS WB btwn NAVAN RD & 1700 W OF NAVAN RD","379490.32235","5033174.89675","-75.54538","45.43452","2017","10/15/2017","7:35:00 PM","02 - Rain","02 - Wet","10 - No control","01 - Non intersection","07 - Dark","03 - P.D. only","03 - Rear end"
"1878","BLACKBURN BYPASS WB btwn NAVAN RD & 1700 W OF NAVAN RD","378569.98627","5032633.18343","-75.55722","45.42974","2017","2/9/2017","10:40:00 PM","01 - Clear","01 - Dry","10 - No control","01 - Non intersection","07 - Dark","03 - P.D. only","07 - SMV other"
"1879","BLACKBURN BYPASS WB btwn NAVAN RD & 1700 W OF NAVAN RD","379542.86705","5033207.10140","-75.54470","45.43480","2017","1/31/2017","3:55:00 AM","01 - Clear","01 - Dry","10 - No control","01 - Non intersection","07 - Dark","03 - P.D. only","07 - SMV other"
"1880","BLACKBURN BYPASS WB btwn NAVAN RD & 1700 W OF NAVAN RD","379601.35914","5033257.83989","-75.54395","45.43525","2017","4/14/2017","8:57:00 PM","01 - Clear","01 - Dry","10 - No control","01 - Non intersection","07 - Dark","03 - P.D. only","04 - Sideswipe"
"1881","BLACKBURN BYPASS WB btwn NAVAN RD & INNES RD E","379734.43278","5033537.53325","-75.54220","45.43775","2017","9/5/2017","5:30:00 AM","01 - Clear","02 - Wet","10 - No control","01 - Non intersection","07 - Dark","03 - P.D. only","07 - SMV other"
"1882","BLACKBURN BYPASS WB btwn NAVAN RD & INNES RD E","379644.39450","5033304.34409","-75.54339","45.43567","2017","11/19/2017","2:57:00 AM","03 - Snow","06 - Ice","10 - No control","01 - Non intersection","07 - Dark","03 - P.D. only","07 - SMV other"
"1883","BLACKBURN BYPASS WB btwn NAVAN RD & INNES RD E","379734.96445","5033542.40073","-75.54220","45.43780","2017","12/13/2017","7:20:00 AM","03 - Snow","03 - Loose snow","10 - No control","01 - Non intersection","03 - Dawn","02 - Non-fatal injury","03 - Rear end"
"1884","BLACKLEAF DR @ RANNOCH PRIV/SUNITA CRES S","365076.59100","5012462.18900","-75.73211","45.24954","2017","9/17/2017","3:45:00 AM","01 - Clear","01 - Dry","10 - No control","02 - Intersection related","07 - Dark","03 - P.D. only","06 - SMV unattended vehicle"
"1885","BLACK'S SIDE RD @ FERNBANK RD","349803.26329","5011157.09388","-75.92679","45.23894","2017","11/21/2017","2:37:00 PM","01 - Clear","02 - Wet","10 - No control","03 - At intersection","01 - Daylight","03 - P.D. only","02 - Angle"
"1886","BLACKWELL ST @ LEEDS AVE","374658.45930","5029476.10008","-75.60765","45.40174","2017","2/21/2017","11:24:00 PM","01 - Clear","01 - Dry","02 - Stop sign","03 - At intersection","07 - Dark","03 - P.D. only","03 - Rear end"
"1887","BLACKWELL ST btwn BANTREE ST & LEEDS AVE","374525.70941","5029782.75133","-75.60930","45.40451","2017","7/20/2017","7:10:00 AM","01 - Clear","01 - Dry","10 - No control","04 - At/near private drive","01 - Daylight","03 - P.D. only","02 - Angle"
"1888","BLAIR PL @ OGILVIE RD","374799.27154","5033372.25814","-75.60530","45.43678","2017","5/15/2017","7:11:00 AM","01 - Clear","01 - Dry","01 - Traffic signal","02 - Intersection related","01 - Daylight","03 - P.D. only","03 - Rear end"
"1889","BLAIR PL @ OGILVIE RD","374799.38805","5033372.25060","-75.60530","45.43678","2017","5/17/2017","5:33:00 PM","01 - Clear","01 - Dry","01 - Traffic signal","03 - At intersection","01 - Daylight","02 - Non-fatal injury","02 - Angle"
"1890","BLAIR PL @ OGILVIE RD","374799.72250","5033371.80718","-75.60529","45.43677","2017","6/2/2017","3:39:00 PM","01 - Clear","01 - Dry","01 - Traffic signal","02 - Intersection related","01 - Daylight","03 - P.D. only","04 - Sideswipe"
"1891","BLAIR PL @ OGILVIE RD","374800.72584","5033371.58170","-75.60528","45.43677","2017","6/1/2017","9:34:00 PM","01 - Clear","01 - Dry","01 - Traffic signal","02 - Intersection related","07 - Dark","02 - Non-fatal injury","03 - Rear end"
"1892","BLAIR PL @ OGILVIE RD","374798.16617","5033370.74735","-75.60531","45.43676","2017","11/3/2017","6:15:00 PM","01 - Clear","01 - Dry","01 - Traffic signal","02 - Intersection related","07 - Dark","03 - P.D. only","04 - Sideswipe"
"1893","BLAIR PL @ OGILVIE RD","374799.72250","5033369.86496","-75.60529","45.43676","2017","1/5/2017","9:03:00 AM","01 - Clear","02 - Wet","01 - Traffic signal","02 - Intersection related","01 - Daylight","03 - P.D. only","04 - Sideswipe"
"1894","BLAIR PL btwn OGILVIE RD & END","374848.57572","5033254.90484","-75.60469","45.43572","2017","10/4/2017","4:23:00 PM","01 - Clear","01 - Dry","10 - No control","04 - At/near private drive","01 - Daylight","03 - P.D. only","05 - Turning movement"
"1895","BLAIR PL btwn OGILVIE RD & END","374846.64556","5033252.08628","-75.60471","45.43569","2017","1/31/2017","4:03:00 PM","01 - Clear","01 - Dry","10 - No control","04 - At/near private drive","01 - Daylight","03 - P.D. only","02 - Angle"
"1896","BLAIR RD @ CLAVER ST","374416.39385","5033433.23991","-75.61018","45.43737","2017","4/25/2017","5:25:00 PM","02 - Rain","02 - Wet","02 - Stop sign","03 - At intersection","01 - Daylight","02 - Non-fatal injury","02 - Angle"
"1897","BLAIR RD @ CROWNHILL ST","374462.36580","5033310.96345","-75.60961","45.43626","2017","9/29/2017","11:02:00 AM","01 - Clear","01 - Dry","02 - Stop sign","03 - At intersection","01 - Daylight","03 - P.D. only","02 - Angle"
"1898","BLAIR RD @ INNES RD","375578.69781","5031439.67035","-75.59562","45.41931","2017","6/20/2017","8:35:00 AM","01 - Clear","01 - Dry","01 - Traffic signal","03 - At intersection","01 - Daylight","03 - P.D. only","04 - Sideswipe"
"1899","BLAIR RD @ INNES RD","375578.22540","5031441.59311","-75.59562","45.41933","2017","5/27/2017","10:36:00 PM","01 - Clear","01 - Dry","01 - Traffic signal","03 - At intersection","07 - Dark","03 - P.D. only","07 - SMV other"
"1900","BLAIR RD @ INNES RD","375579.73824","5031441.56179","-75.59560","45.41933","2017","6/13/2017","8:55:00 AM","01 - Clear","01 - Dry","01 - Traffic signal","02 - Intersection related","01 - Daylight","02 - Non-fatal injury","03 - Rear end"
"1901","BLAIR RD @ INNES RD","375578.09387","5031437.63202","-75.59562","45.41929","2017","8/17/2017","6:30:00 AM","01 - Clear","01 - Dry","01 - Traffic signal","02 - Intersection related","01 - Daylight","02 - Non-fatal injury","01 - Approaching"
"1902","BLAIR RD @ INNES RD","375578.26153","5031439.79179","-75.59562","45.41931","2017","8/25/2017","6:29:00 AM","01 - Clear","01 - Dry","01 - Traffic signal","03 - At intersection","01 - Daylight","02 - Non-fatal injury","05 - Turning movement"
"1903","BLAIR RD @ INNES RD","375578.13340","5031439.85585","-75.59562","45.41931","2017","7/20/2017","6:27:00 PM","01 - Clear","01 - Dry","01 - Traffic signal","03 - At intersection","01 - Daylight","03 - P.D. only","03 - Rear end"
"1904","BLAIR RD @ INNES RD","375578.12607","5031438.03303","-75.59562","45.41930","2017","7/17/2017","3:42:00 PM","01 - Clear","01 - Dry","01 - Traffic signal","02 - Intersection related","01 - Daylight","03 - P.D. only","03 - Rear end"
"1905","BLAIR RD @ INNES RD","375578.51292","5031440.22103","-75.59562","45.41932","2017","8/28/2017","4:23:00 PM","01 - Clear","01 - Dry","01 - Traffic signal","02 - Intersection related","01 - Daylight","03 - P.D. only","03 - Rear end"
"1906","BLAIR RD @ INNES RD","375579.20827","5031439.31841","-75.59561","45.41931","2017","9/24/2017","6:05:00 PM","01 - Clear","01 - Dry","01 - Traffic signal","02 - Intersection related","01 - Daylight","03 - P.D. only","04 - Sideswipe"
"1907","BLAIR RD @ INNES RD","375578.73490","5031439.77856","-75.59562","45.41931","2017","9/11/2017","8:08:00 AM","01 - Clear","01 - Dry","01 - Traffic signal","02 - Intersection related","01 - Daylight","03 - P.D. only","04 - Sideswipe"
"1908","BLAIR RD @ INNES RD","375580.16859","5031439.79405","-75.59560","45.41931","2017","10/29/2017","12:59:00 PM","02 - Rain","02 - Wet","01 - Traffic signal","02 - Intersection related","01 - Daylight","03 - P.D. only","03 - Rear end"
"1909","BLAIR RD @ INNES RD","375578.18845","5031439.00865","-75.59562","45.41931","2017","9/26/2017","6:45:00 AM","01 - Clear","01 - Dry","01 - Traffic signal","02 - Intersection related","03 - Dawn","02 - Non-fatal injury","03 - Rear end"
"1910","BLAIR RD @ INNES RD","375580.40714","5031438.88620","-75.59559","45.41930","2017","10/6/2017","2:06:00 PM","01 - Clear","01 - Dry","01 - Traffic signal","02 - Intersection related","01 - Daylight","02 - Non-fatal injury","03 - Rear end"
"1911","BLAIR RD @ INNES RD","375579.28135","5031437.91576","-75.59561","45.41930","2017","10/3/2017","2:34:00 PM","01 - Clear","01 - Dry","01 - Traffic signal","02 - Intersection related","01 - Daylight","03 - P.D. only","03 - Rear end"
"1912","BLAIR RD @ INNES RD","375578.73490","5031439.79179","-75.59562","45.41931","2017","10/22/2017","9:00:00 AM","01 - Clear","01 - Dry","01 - Traffic signal","02 - Intersection related","01 - Daylight","03 - P.D. only","04 - Sideswipe"
"1913","BLAIR RD @ INNES RD","375578.26153","5031439.31841","-75.59562","45.41931","2017","12/14/2017","2:58:00 PM","01 - Clear","01 - Dry","01 - Traffic signal","03 - At intersection","01 - Daylight","02 - Non-fatal injury","05 - Turning movement"
"1914","BLAIR RD @ INNES RD","375578.25700","5031439.79405","-75.59562","45.41931","2017","11/2/2017","9:38:00 AM","02 - Rain","02 - Wet","01 - Traffic signal","03 - At intersection","01 - Daylight","03 - P.D. only","03 - Rear end"
"1915","BLAIR RD @ INNES RD","375577.77911","5031439.31615","-75.59563","45.41931","2017","11/3/2017","10:01:00 AM","01 - Clear","01 - Dry","01 - Traffic signal","02 - Intersection related","01 - Daylight","02 - Non-fatal injury","03 - Rear end"
"1916","BLAIR RD @ INNES RD","375579.06935","5031438.88620","-75.59561","45.41930","2017","11/12/2017","2:59:00 PM","01 - Clear","01 - Dry","01 - Traffic signal","02 - Intersection related","01 - Daylight","03 - P.D. only","03 - Rear end"
"1917","BLAIR RD @ INNES RD","375577.98443","5031439.93033","-75.59562","45.41931","2017","2/14/2017","2:44:00 PM","03 - Snow","06 - Ice","01 - Traffic signal","02 - Intersection related","01 - Daylight","03 - P.D. only","03 - Rear end"
"1918","BLAIR RD @ INNES RD","375578.73490","5031441.27184","-75.59562","45.41933","2017","1/2/2017","3:00:00 PM","01 - Clear","01 - Dry","01 - Traffic signal","03 - At intersection","01 - Daylight","03 - P.D. only","04 - Sideswipe"
"1919","BLAIR RD @ INNES RD","375579.28135","5031439.55510","-75.59561","45.41931","2017","1/18/2017","8:50:00 AM","03 - Snow","02 - Wet","01 - Traffic signal","03 - At intersection","01 - Daylight","03 - P.D. only","04 - Sideswipe"
"1920","BLAIR RD @ INNES RD","375579.28135","5031439.00865","-75.59561","45.41931","2017","1/30/2017","7:45:00 AM","01 - Clear","01 - Dry","01 - Traffic signal","02 - Intersection related","03 - Dawn","03 - P.D. only","03 - Rear end"
"1921","BLAIR RD @ INNES RD","375577.73156","5031438.88620","-75.59563","45.41930","2017","3/24/2017","2:09:00 PM","03 - Snow","05 - Packed snow","01 - Traffic signal","02 - Intersection related","01 - Daylight","03 - P.D. only","03 - Rear end"
"1922","BLAIR RD @ INNES RD","375578.40045","5031439.55510","-75.59562","45.41931","2017","3/27/2017","3:30:00 PM","02 - Rain","02 - Wet","01 - Traffic signal","02 - Intersection related","01 - Daylight","03 - P.D. only","04 - Sideswipe"