"Record","Location","X","Y","Longitude","Latitude","Year","Date","Time","Environment","Road_Surface","Traffic_Control","Collision_Location","Light","Collision_Classification","Impact_type"
"1923","BLAIR RD @ INNES RD","375578.73490","5031439.79405","-75.59562","45.41931","2017","12/26/2017","6:57:00 PM","01 - Clear","01 - Dry","01 - Traffic signal","02 - Intersection related","07 - Dark","03 - P.D. only","04 - Sideswipe"
"1924","BLAIR RD @ MEADOWBROOK RD","375196.40674","5032310.23151","-75.60038","45.42718","2017","6/4/2017","1:37:00 PM","02 - Rain","02 - Wet","01 - Traffic signal","02 - Intersection related","01 - Daylight","03 - P.D. only","03 - Rear end"
"1925","BLAIR RD @ MEADOWBROOK RD","375193.51684","5032310.04723","-75.60041","45.42718","2017","8/10/2017","4:30:00 PM","01 - Clear","01 - Dry","01 - Traffic signal","02 - Intersection related","01 - Daylight","03 - P.D. only","03 - Rear end"
"1926","BLAIR RD @ MEADOWBROOK RD","375194.73450","5032311.56930","-75.60040","45.42720","2017","8/11/2017","12:55:00 PM","01 - Clear","01 - Dry","01 - Traffic signal","02 - Intersection related","01 - Daylight","02 - Non-fatal injury","04 - Sideswipe"
"1927","BLAIR RD @ MEADOWBROOK RD","375194.73450","5032311.34584","-75.60040","45.42719","2017","9/5/2017","6:16:00 PM","01 - Clear","01 - Dry","01 - Traffic signal","02 - Intersection related","05 - Dusk","02 - Non-fatal injury","04 - Sideswipe"
"1928","BLAIR RD @ MEADOWBROOK RD","375194.25660","5032311.33035","-75.60040","45.42719","2017","9/20/2017","4:52:00 PM","01 - Clear","01 - Dry","01 - Traffic signal","02 - Intersection related","01 - Daylight","03 - P.D. only","04 - Sideswipe"
"1929","BLAIR RD @ MEADOWBROOK RD","375194.40005","5032312.23820","-75.60040","45.42720","2017","4/14/2017","7:30:00 PM","01 - Clear","01 - Dry","01 - Traffic signal","02 - Intersection related","05 - Dusk","03 - P.D. only","04 - Sideswipe"
"1930","BLAIR RD @ MONTREAL RD","374019.72020","5034439.26582","-75.61511","45.44646","2017","7/30/2017","4:28:00 PM","01 - Clear","01 - Dry","01 - Traffic signal","03 - At intersection","01 - Daylight","03 - P.D. only","02 - Angle"
"1931","BLAIR RD @ MONTREAL RD","374021.01470","5034439.36905","-75.61510","45.44646","2017","8/27/2017","4:00:00 PM","01 - Clear","01 - Dry","01 - Traffic signal","02 - Intersection related","01 - Daylight","03 - P.D. only","03 - Rear end"
"1932","BLAIR RD @ MONTREAL RD","374019.24683","5034440.29486","-75.61512","45.44647","2017","9/28/2017","4:21:00 PM","01 - Clear","01 - Dry","01 - Traffic signal","02 - Intersection related","01 - Daylight","03 - P.D. only","03 - Rear end"
"1933","BLAIR RD @ MONTREAL RD","374019.38575","5034439.58480","-75.61512","45.44646","2017","10/14/2017","8:50:00 AM","02 - Rain","02 - Wet","01 - Traffic signal","02 - Intersection related","01 - Daylight","03 - P.D. only","07 - SMV other"
"1934","BLAIR RD @ MONTREAL RD","374020.05465","5034438.91590","-75.61511","45.44645","2017","10/23/2017","3:30:00 PM","01 - Clear","01 - Dry","01 - Traffic signal","02 - Intersection related","01 - Daylight","03 - P.D. only","99 - Other"
"1935","BLAIR RD @ MONTREAL RD","374020.72354","5034438.91590","-75.61510","45.44645","2017","12/5/2017","4:40:00 PM","01 - Clear","02 - Wet","01 - Traffic signal","02 - Intersection related","05 - Dusk","03 - P.D. only","03 - Rear end"
"1936","BLAIR RD @ MONTREAL RD","374020.17116","5034438.45740","-75.61511","45.44645","2017","11/21/2017","4:57:00 PM","01 - Clear","01 - Dry","01 - Traffic signal","03 - At intersection","07 - Dark","02 - Non-fatal injury","05 - Turning movement"
"1937","BLAIR RD @ MONTREAL RD","374020.05465","5034439.58480","-75.61511","45.44646","2017","12/5/2017","4:54:00 PM","01 - Clear","02 - Wet","01 - Traffic signal","02 - Intersection related","05 - Dusk","03 - P.D. only","03 - Rear end"
"1938","BLAIR RD @ MONTREAL RD","374019.72020","5034439.85617","-75.61511","45.44646","2017","2/1/2017","11:30:00 AM","01 - Clear","01 - Dry","01 - Traffic signal","03 - At intersection","01 - Daylight","03 - P.D. only","04 - Sideswipe"
"1939","BLAIR RD @ MONTREAL RD","374020.05465","5034440.25370","-75.61511","45.44647","2017","3/8/2017","1:30:00 PM","01 - Clear","01 - Dry","01 - Traffic signal","02 - Intersection related","01 - Daylight","03 - P.D. only","02 - Angle"
"1940","BLAIR RD @ MONTREAL RD","374020.05465","5034441.59149","-75.61511","45.44648","2017","3/31/2017","2:56:00 PM","03 - Snow","03 - Loose snow","01 - Traffic signal","03 - At intersection","01 - Daylight","03 - P.D. only","05 - Turning movement"
"1941","BLAIR RD @ MOWAT ST","374199.16855","5033984.49800","-75.61288","45.44235","2017","9/28/2017","2:51:00 PM","01 - Clear","01 - Dry","02 - Stop sign","02 - Intersection related","01 - Daylight","03 - P.D. only","03 - Rear end"
"1942","BLAIR RD @ OGILVIE RD","374507.21420","5033197.55600","-75.60906","45.43524","2017","5/23/2017","9:02:00 AM","01 - Clear","01 - Dry","01 - Traffic signal","02 - Intersection related","01 - Daylight","02 - Non-fatal injury","03 - Rear end"
"1943","BLAIR RD @ OGILVIE RD","374509.01820","5033197.92775","-75.60903","45.43524","2017","8/17/2017","9:39:00 PM","02 - Rain","02 - Wet","01 - Traffic signal","02 - Intersection related","07 - Dark","03 - P.D. only","03 - Rear end"
"1944","BLAIR RD @ OGILVIE RD","374508.67949","5033198.33605","-75.60904","45.43524","2017","10/30/2017","9:29:00 AM","02 - Rain","02 - Wet","01 - Traffic signal","02 - Intersection related","01 - Daylight","03 - P.D. only","03 - Rear end"
"1945","BLAIR RD @ OGILVIE RD","374508.20160","5033197.38026","-75.60904","45.43523","2017","9/17/2017","11:30:00 AM","01 - Clear","01 - Dry","01 - Traffic signal","02 - Intersection related","01 - Daylight","03 - P.D. only","03 - Rear end"
"1946","BLAIR RD @ OGILVIE RD","374507.72370","5033198.33831","-75.60905","45.43524","2017","9/6/2017","11:09:00 AM","01 - Clear","01 - Dry","01 - Traffic signal","03 - At intersection","01 - Daylight","03 - P.D. only","03 - Rear end"
"1947","BLAIR RD @ OGILVIE RD","374508.19707","5033197.39157","-75.60904","45.43523","2017","9/4/2017","3:05:00 PM","01 - Clear","01 - Dry","01 - Traffic signal","03 - At intersection","01 - Daylight","03 - P.D. only","03 - Rear end"
"1948","BLAIR RD @ OGILVIE RD","374507.72370","5033198.33831","-75.60905","45.43524","2017","10/27/2017","11:57:00 AM","01 - Clear","01 - Dry","01 - Traffic signal","02 - Intersection related","01 - Daylight","03 - P.D. only","03 - Rear end"
"1949","BLAIR RD @ OGILVIE RD","374506.72036","5033198.57500","-75.60906","45.43524","2017","10/4/2017","1:16:00 PM","01 - Clear","01 - Dry","01 - Traffic signal","02 - Intersection related","01 - Daylight","03 - P.D. only","99 - Other"
"1950","BLAIR RD @ OGILVIE RD","374508.67949","5033198.81395","-75.60904","45.43525","2017","11/21/2017","3:59:00 PM","01 - Clear","01 - Dry","01 - Traffic signal","03 - At intersection","01 - Daylight","03 - P.D. only","04 - Sideswipe"
"1951","BLAIR RD @ OGILVIE RD","374507.24938","5033197.86605","-75.60906","45.43524","2017","12/14/2017","2:40:00 AM","01 - Clear","01 - Dry","01 - Traffic signal","02 - Intersection related","07 - Dark","03 - P.D. only","04 - Sideswipe"
"1952","BLAIR RD @ OGILVIE RD","374506.29001","5033199.29185","-75.60907","45.43525","2017","12/5/2017","8:15:00 PM","02 - Rain","02 - Wet","01 - Traffic signal","02 - Intersection related","07 - Dark","03 - P.D. only","03 - Rear end"
"1953","BLAIR RD @ OGILVIE RD","374506.72036","5033199.24390","-75.60906","45.43525","2017","11/29/2017","8:56:00 AM","01 - Clear","02 - Wet","01 - Traffic signal","02 - Intersection related","01 - Daylight","03 - P.D. only","03 - Rear end"
"1954","BLAIR RD @ OGILVIE RD","374507.25033","5033198.81169","-75.60906","45.43525","2017","1/19/2017","5:36:00 PM","01 - Clear","02 - Wet","01 - Traffic signal","03 - At intersection","05 - Dusk","03 - P.D. only","03 - Rear end"
"1955","BLAIR RD @ OGILVIE RD","374507.26070","5033197.69048","-75.60906","45.43524","2017","1/6/2017","3:05:00 PM","01 - Clear","03 - Loose snow","01 - Traffic signal","02 - Intersection related","01 - Daylight","03 - P.D. only","04 - Sideswipe"
"1956","BLAIR RD @ OGILVIE RD","374507.98352","5033198.66782","-75.60905","45.43525","2017","2/2/2017","5:08:00 PM","01 - Clear","01 - Dry","01 - Traffic signal","02 - Intersection related","05 - Dusk","03 - P.D. only","03 - Rear end"
"1957","BLAIR RD @ OGILVIE RD","374509.25221","5033199.59400","-75.60903","45.43525","2017","4/4/2017","11:34:00 AM","02 - Rain","02 - Wet","01 - Traffic signal","02 - Intersection related","01 - Daylight","03 - P.D. only","04 - Sideswipe"
"1958","BLAIR RD @ OGILVIE RD","374508.67045","5033199.75843","-75.60904","45.43526","2017","12/23/2017","2:16:00 PM","03 - Snow","03 - Loose snow","01 - Traffic signal","02 - Intersection related","01 - Daylight","03 - P.D. only","03 - Rear end"
"1959","BLAIR RD @ OGILVIE RD","374507.25033","5033198.33831","-75.60906","45.43524","2017","12/31/2017","12:59:00 PM","01 - Clear","01 - Dry","01 - Traffic signal","03 - At intersection","01 - Daylight","03 - P.D. only","03 - Rear end"
"1960","BLAIR RD @ OR174 IC112 RAMP26","374753.56554","5032847.04261","-75.60596","45.43206","2017","8/3/2017","8:15:00 AM","01 - Clear","01 - Dry","10 - No control","02 - Intersection related","01 - Daylight","03 - P.D. only","03 - Rear end"
"1961","BLAIR RD @ REGIONAL RD 174 N/OR174 IC112 RAMP61","374634.39685","5032990.90610","-75.60746","45.43336","2017","5/24/2017","10:30:00 AM","01 - Clear","01 - Dry","01 - Traffic signal","03 - At intersection","01 - Daylight","02 - Non-fatal injury","05 - Turning movement"
"1962","BLAIR RD @ REGIONAL RD 174 N/OR174 IC112 RAMP61","374634.75993","5032990.87956","-75.60746","45.43336","2017","5/14/2017","11:00:00 AM","02 - Rain","02 - Wet","01 - Traffic signal","03 - At intersection","01 - Daylight","02 - Non-fatal injury","03 - Rear end"
"1963","BLAIR RD @ REGIONAL RD 174 N/OR174 IC112 RAMP61","374633.03471","5032991.24481","-75.60748","45.43337","2017","6/7/2017","8:01:00 PM","01 - Clear","01 - Dry","01 - Traffic signal","02 - Intersection related","01 - Daylight","03 - P.D. only","04 - Sideswipe"
"1964","BLAIR RD @ REGIONAL RD 174 N/OR174 IC112 RAMP61","374635.55564","5032989.69741","-75.60745","45.43335","2017","5/18/2017","7:40:00 AM","01 - Clear","01 - Dry","01 - Traffic signal","02 - Intersection related","01 - Daylight","03 - P.D. only","03 - Rear end"
"1965","BLAIR RD @ REGIONAL RD 174 N/OR174 IC112 RAMP61","374634.27090","5032990.81271","-75.60746","45.43336","2017","5/4/2017","9:21:00 PM","02 - Rain","02 - Wet","01 - Traffic signal","03 - At intersection","07 - Dark","03 - P.D. only","05 - Turning movement"
"1966","BLAIR RD @ REGIONAL RD 174 N/OR174 IC112 RAMP61","374635.06575","5032991.57500","-75.60745","45.43337","2017","6/14/2017","1:58:00 PM","01 - Clear","01 - Dry","01 - Traffic signal","02 - Intersection related","01 - Daylight","03 - P.D. only","03 - Rear end"
"1967","BLAIR RD @ REGIONAL RD 174 N/OR174 IC112 RAMP61","374635.73464","5032992.24390","-75.60744","45.43338","2017","5/24/2017","9:22:00 PM","01 - Clear","01 - Dry","01 - Traffic signal","03 - At intersection","07 - Dark","03 - P.D. only","02 - Angle"
"1968","BLAIR RD @ REGIONAL RD 174 N/OR174 IC112 RAMP61","374634.64298","5032990.54980","-75.60746","45.43336","2017","8/11/2017","12:40:00 AM","01 - Clear","01 - Dry","01 - Traffic signal","02 - Intersection related","07 - Dark","03 - P.D. only","05 - Turning movement"
"1969","BLAIR RD @ REGIONAL RD 174 N/OR174 IC112 RAMP61","374633.30075","5032992.86466","-75.60747","45.43338","2017","7/18/2017","8:08:00 AM","01 - Clear","01 - Dry","01 - Traffic signal","02 - Intersection related","01 - Daylight","03 - P.D. only","03 - Rear end"
"1970","BLAIR RD @ REGIONAL RD 174 N/OR174 IC112 RAMP61","374635.19459","5032991.08351","-75.60745","45.43337","2017","8/4/2017","3:48:00 PM","01 - Clear","01 - Dry","01 - Traffic signal","03 - At intersection","01 - Daylight","03 - P.D. only","03 - Rear end"
"1971","BLAIR RD @ REGIONAL RD 174 N/OR174 IC112 RAMP61","374634.13976","5032991.64043","-75.60746","45.43337","2017","10/16/2017","8:26:00 AM","01 - Clear","01 - Dry","01 - Traffic signal","02 - Intersection related","01 - Daylight","03 - P.D. only","03 - Rear end"
"1972","BLAIR RD @ REGIONAL RD 174 N/OR174 IC112 RAMP61","374636.31072","5032991.09769","-75.60744","45.43337","2017","10/4/2017","12:26:00 PM","01 - Clear","01 - Dry","01 - Traffic signal","02 - Intersection related","01 - Daylight","03 - P.D. only","03 - Rear end"
"1973","BLAIR RD @ REGIONAL RD 174 N/OR174 IC112 RAMP61","374634.65680","5032991.61538","-75.60746","45.43337","2017","11/7/2017","7:45:00 AM","01 - Clear","01 - Dry","01 - Traffic signal","02 - Intersection related","03 - Dawn","03 - P.D. only","03 - Rear end"
"1974","BLAIR RD @ REGIONAL RD 174 N/OR174 IC112 RAMP61","374634.98978","5032990.73083","-75.60745","45.43336","2017","1/19/2017","2:56:00 PM","01 - Clear","01 - Dry","01 - Traffic signal","02 - Intersection related","01 - Daylight","03 - P.D. only","03 - Rear end"
"1975","BLAIR RD @ REGIONAL RD 174 N/OR174 IC112 RAMP61","374633.85599","5032992.76958","-75.60747","45.43338","2017","2/4/2017","6:10:00 PM","01 - Clear","01 - Dry","01 - Traffic signal","02 - Intersection related","07 - Dark","03 - P.D. only","04 - Sideswipe"
"1976","BLAIR RD @ REGIONAL RD 174 N/OR174 IC112 RAMP61","374635.32678","5032992.84754","-75.60745","45.43338","2017","1/6/2017","2:40:00 PM","01 - Clear","02 - Wet","01 - Traffic signal","03 - At intersection","01 - Daylight","03 - P.D. only","05 - Turning movement"
"1977","BLAIR RD @ REGIONAL RD 174 N/OR174 IC112 RAMP61","374633.85599","5032992.76958","-75.60747","45.43338","2017","1/21/2017","6:24:00 PM","01 - Clear","02 - Wet","01 - Traffic signal","02 - Intersection related","07 - Dark","03 - P.D. only","03 - Rear end"
"1978","BLAIR RD @ REGIONAL RD 174 N/OR174 IC112 RAMP61","374636.46110","5032993.15610","-75.60743","45.43338","2017","4/3/2017","7:46:00 AM","01 - Clear","01 - Dry","01 - Traffic signal","02 - Intersection related","01 - Daylight","03 - P.D. only","03 - Rear end"
"1979","BLAIR RD @ REGIONAL RD 174 N/OR174 IC112 RAMP61","374635.24080","5032993.61301","-75.60745","45.43339","2017","3/18/2017","9:47:00 PM","01 - Clear","01 - Dry","01 - Traffic signal","02 - Intersection related","07 - Dark","03 - P.D. only","05 - Turning movement"
"1980","BLAIR RD @ REGIONAL RD 174 N/OR174 IC112 RAMP61","374636.13139","5032992.26931","-75.60744","45.43338","2017","3/18/2017","10:00:00 AM","01 - Clear","01 - Dry","01 - Traffic signal","02 - Intersection related","01 - Daylight","02 - Non-fatal injury","03 - Rear end"
"1981","BLAIR RD @ REGIONAL RD 174 N/OR174 IC112 RAMP61","374634.88675","5032991.70410","-75.60745","45.43337","2017","4/15/2017","5:08:00 PM","02 - Rain","02 - Wet","01 - Traffic signal","03 - At intersection","01 - Daylight","03 - P.D. only","05 - Turning movement"
"1982","BLAIR RD @ REGIONAL RD 174 S/OR174 IC112 RAMP15","374906.88666","5032660.87110","-75.60403","45.43037","2017","6/7/2017","9:00:00 AM","01 - Clear","01 - Dry","01 - Traffic signal","03 - At intersection","01 - Daylight","03 - P.D. only","05 - Turning movement"
"1983","BLAIR RD @ REGIONAL RD 174 S/OR174 IC112 RAMP15","374907.82695","5032660.99697","-75.60401","45.43037","2017","8/10/2017","9:01:00 AM","01 - Clear","01 - Dry","01 - Traffic signal","02 - Intersection related","01 - Daylight","03 - P.D. only","04 - Sideswipe"
"1984","BLAIR RD @ REGIONAL RD 174 S/OR174 IC112 RAMP15","374908.59558","5032661.66979","-75.60400","45.43037","2017","8/18/2017","5:56:00 PM","02 - Rain","02 - Wet","01 - Traffic signal","02 - Intersection related","01 - Daylight","03 - P.D. only","03 - Rear end"
"1985","BLAIR RD @ REGIONAL RD 174 S/OR174 IC112 RAMP15","374906.88666","5032662.20890","-75.60402","45.43038","2017","6/29/2017","12:08:00 PM","02 - Rain","02 - Wet","01 - Traffic signal","02 - Intersection related","01 - Daylight","03 - P.D. only","03 - Rear end"
"1986","BLAIR RD @ REGIONAL RD 174 S/OR174 IC112 RAMP15","374908.22388","5032661.65400","-75.60401","45.43037","2017","10/12/2017","7:35:00 AM","01 - Clear","01 - Dry","01 - Traffic signal","02 - Intersection related","01 - Daylight","03 - P.D. only","03 - Rear end"
"1987","BLAIR RD @ REGIONAL RD 174 S/OR174 IC112 RAMP15","374907.65752","5032661.69124","-75.60402","45.43037","2017","9/29/2017","10:20:00 PM","02 - Rain","02 - Wet","01 - Traffic signal","02 - Intersection related","07 - Dark","03 - P.D. only","03 - Rear end"
"1988","BLAIR RD @ REGIONAL RD 174 S/OR174 IC112 RAMP15","374907.89024","5032661.24167","-75.60401","45.43037","2017","9/12/2017","5:08:00 PM","01 - Clear","01 - Dry","01 - Traffic signal","02 - Intersection related","01 - Daylight","03 - P.D. only","04 - Sideswipe"
"1989","BLAIR RD @ REGIONAL RD 174 S/OR174 IC112 RAMP15","374906.88292","5032660.85902","-75.60403","45.43037","2017","11/1/2017","5:09:00 PM","02 - Rain","02 - Wet","01 - Traffic signal","03 - At intersection","07 - Dark","03 - P.D. only","05 - Turning movement"
"1990","BLAIR RD @ REGIONAL RD 174 S/OR174 IC112 RAMP15","374908.73964","5032661.67456","-75.60400","45.43037","2017","11/2/2017","1:43:00 PM","02 - Rain","02 - Wet","01 - Traffic signal","02 - Intersection related","01 - Daylight","03 - P.D. only","03 - Rear end"
"1991","BLAIR RD @ REGIONAL RD 174 S/OR174 IC112 RAMP15","374909.04432","5032660.63115","-75.60400","45.43036","2017","12/5/2017","11:37:00 AM","02 - Rain","02 - Wet","01 - Traffic signal","02 - Intersection related","01 - Daylight","03 - P.D. only","03 - Rear end"
"1992","BLAIR RD @ REGIONAL RD 174 S/OR174 IC112 RAMP15","374907.31953","5032660.25444","-75.60402","45.43036","2017","12/11/2017","12:23:00 PM","01 - Clear","01 - Dry","01 - Traffic signal","03 - At intersection","01 - Daylight","03 - P.D. only","03 - Rear end"
"1993","BLAIR RD @ REGIONAL RD 174 S/OR174 IC112 RAMP15","374908.13089","5032662.94972","-75.60401","45.43039","2017","2/12/2017","2:45:00 AM","03 - Snow","03 - Loose snow","01 - Traffic signal","02 - Intersection related","07 - Dark","03 - P.D. only","03 - Rear end"
"1994","BLAIR RD @ REGIONAL RD 174 S/OR174 IC112 RAMP15","374908.88136","5032661.44878","-75.60400","45.43037","2017","1/9/2017","1:30:00 PM","01 - Clear","01 - Dry","01 - Traffic signal","03 - At intersection","01 - Daylight","03 - P.D. only","02 - Angle"
"1995","BLAIR RD @ REGIONAL RD 174 S/OR174 IC112 RAMP15","374906.40109","5032661.74386","-75.60403","45.43037","2017","2/11/2017","11:51:00 AM","01 - Clear","02 - Wet","01 - Traffic signal","02 - Intersection related","01 - Daylight","03 - P.D. only","99 - Other"
"1996","BLAIR RD @ REGIONAL RD 174 S/OR174 IC112 RAMP15","374906.81032","5032659.48081","-75.60403","45.43035","2017","1/10/2017","8:30:00 AM","03 - Snow","04 - Slush","01 - Traffic signal","02 - Intersection related","01 - Daylight","03 - P.D. only","07 - SMV other"
"1997","BLAIR RD @ REGIONAL RD 174 S/OR174 IC112 RAMP15","374906.51171","5032661.04682","-75.60403","45.43037","2017","3/8/2017","3:18:00 PM","01 - Clear","01 - Dry","01 - Traffic signal","02 - Intersection related","01 - Daylight","03 - P.D. only","03 - Rear end"
"1998","BLAIR RD @ REGIONAL RD 174 S/OR174 IC112 RAMP15","374908.26627","5032662.14793","-75.60401","45.43038","2017","3/2/2017","4:09:00 PM","01 - Clear","01 - Dry","01 - Traffic signal","02 - Intersection related","01 - Daylight","03 - P.D. only","03 - Rear end"
"1999","BLAIR RD @ REGIONAL RD 174 S/OR174 IC112 RAMP15","374908.19338","5032662.12270","-75.60401","45.43038","2017","12/23/2017","11:59:00 AM","03 - Snow","03 - Loose snow","01 - Traffic signal","03 - At intersection","01 - Daylight","02 - Non-fatal injury","05 - Turning movement"
"2000","BLAIR RD @ REGIONAL RD 174 S/OR174 IC112 RAMP15","374908.53527","5032662.05489","-75.60400","45.43038","2017","12/28/2017","5:45:00 PM","01 - Clear","01 - Dry","01 - Traffic signal","02 - Intersection related","07 - Dark","03 - P.D. only","03 - Rear end"
"2001","BLAIR RD @ REGIONAL RD 174 S/OR174 IC112 RAMP15","374907.18415","5032662.16461","-75.60402","45.43038","2017","12/28/2017","7:00:00 AM","01 - Clear","06 - Ice","01 - Traffic signal","02 - Intersection related","03 - Dawn","03 - P.D. only","07 - SMV other"
"2002","BLAIR RD @ REGIONAL RD 174 S/OR174 IC112 RAMP15","374906.84615","5032661.20118","-75.60403","45.43037","2017","12/29/2017","4:16:00 PM","01 - Clear","02 - Wet","01 - Traffic signal","03 - At intersection","05 - Dusk","03 - P.D. only","05 - Turning movement"
"2003","BLAIR RD @ REGIONAL RD 174 S/OR174 IC112 RAMP15","374907.65752","5032661.21786","-75.60402","45.43037","2017","12/27/2017","1:15:00 PM","01 - Clear","01 - Dry","01 - Traffic signal","02 - Intersection related","01 - Daylight","03 - P.D. only","03 - Rear end"
"2004","BLAIR RD @ REGIONAL RD 174 S/OR174 IC112 RAMP15","374907.31953","5032661.20118","-75.60402","45.43037","2017","12/29/2017","6:14:00 PM","01 - Clear","99 - Other","01 - Traffic signal","03 - At intersection","07 - Dark","02 - Non-fatal injury","01 - Approaching"
"2005","BLAIR RD btwn BEAVERPOND DR & INNES RD","375566.36032","5031463.63537","-75.59577","45.41953","2017","5/23/2017","11:20:00 AM","01 - Clear","01 - Dry","10 - No control","01 - Non intersection","01 - Daylight","03 - P.D. only","03 - Rear end"
"2006","BLAIR RD btwn BEAVERPOND DR & INNES RD","375541.61115","5031526.51162","-75.59608","45.42010","2017","5/31/2017","5:30:00 PM","01 - Clear","01 - Dry","10 - No control","01 - Non intersection","01 - Daylight","03 - P.D. only","04 - Sideswipe"
"2007","BLAIR RD btwn BEAVERPOND DR & INNES RD","375564.35363","5031470.99323","-75.59579","45.41959","2017","6/27/2017","8:50:00 AM","01 - Clear","01 - Dry","10 - No control","01 - Non intersection","01 - Daylight","03 - P.D. only","03 - Rear end"
"2008","BLAIR RD btwn BEAVERPOND DR & INNES RD","375551.09353","5031509.83115","-75.59596","45.41995","2017","7/17/2017","3:46:00 PM","01 - Clear","01 - Dry","10 - No control","01 - Non intersection","01 - Daylight","03 - P.D. only","04 - Sideswipe"
"2009","BLAIR RD btwn BRIARCLIFFE DR & SWANS WAY","373676.56957","5035307.01462","-75.61938","45.45430","2017","1/21/2017","8:28:00 AM","04 - Freezing Rain","06 - Ice","10 - No control","01 - Non intersection","01 - Daylight","03 - P.D. only","06 - SMV unattended vehicle"
"2010","BLAIR RD btwn MEADOWBROOK RD & LAURA PRIV","375238.94565","5032253.22932","-75.59984","45.42667","2017","12/5/2017","7:54:00 AM","02 - Rain","02 - Wet","10 - No control","01 - Non intersection","01 - Daylight","03 - P.D. only","04 - Sideswipe"
"2011","BLAIR RD btwn MONTREAL RD & SEGUIN ST","374024.02128","5034426.44263","-75.61506","45.44634","2017","10/21/2017","1:50:00 PM","01 - Clear","01 - Dry","10 - No control","04 - At/near private drive","01 - Daylight","03 - P.D. only","02 - Angle"
"2012","BLAIR RD btwn OGILVIE RD & OR174 IC112 RAMP36","374606.94158","5033028.51913","-75.60781","45.43370","2017","8/10/2017","8:00:00 PM","01 - Clear","01 - Dry","10 - No control","01 - Non intersection","05 - Dusk","02 - Non-fatal injury","03 - Rear end"
"2013","BLAIR RD btwn SEGUIN ST & MOWAT ST","374162.81422","5034078.34452","-75.61333","45.44319","2017","7/6/2017","3:50:00 PM","01 - Clear","01 - Dry","10 - No control","01 - Non intersection","01 - Daylight","03 - P.D. only","03 - Rear end"
"2014","BLAIR ST btwn DORION AVE & DRAKE AVE","370897.43280","5030177.86723","-75.65559","45.40842","2017","8/9/2017","10:51:00 PM","01 - Clear","01 - Dry","10 - No control","04 - At/near private drive","07 - Dark","03 - P.D. only","06 - SMV unattended vehicle"
"2015","BLAIR ST btwn DORION AVE & DRAKE AVE","370820.13092","5030156.06781","-75.65658","45.40823","2017","3/24/2017","10:30:00 PM","03 - Snow","05 - Packed snow","10 - No control","01 - Non intersection","07 - Dark","03 - P.D. only","07 - SMV other"
"2016","BLAIS RD @ BANK ST","376153.08406","5019727.47440","-75.58997","45.31387","2017","5/14/2017","9:45:00 PM","01 - Clear","02 - Wet","02 - Stop sign","02 - Intersection related","07 - Dark","03 - P.D. only","03 - Rear end"
"2017","BLAKE BLVD @ LAFONTAINE AVE","370941.18310","5033036.87255","-75.65465","45.43414","2017","12/9/2017","9:20:00 PM","03 - Snow","03 - Loose snow","02 - Stop sign","02 - Intersection related","07 - Dark","03 - P.D. only","03 - Rear end"
"2018","BLAZER AVE @ PRINCE OF WALES DR","367353.04555","5021106.48750","-75.70202","45.32712","2017","7/7/2017","4:00:00 PM","01 - Clear","01 - Dry","02 - Stop sign","02 - Intersection related","01 - Daylight","03 - P.D. only","07 - SMV other"
"2019","BLAZER AVE @ PRINCE OF WALES DR","367354.38334","5021106.48750","-75.70200","45.32712","2017","11/24/2017","11:39:00 AM","03 - Snow","02 - Wet","02 - Stop sign","02 - Intersection related","01 - Daylight","03 - P.D. only","03 - Rear end"
"2020","BLEEKS RD @ CONLEY RD","351256.65358","5004809.35832","-75.90887","45.18172","2017","12/18/2017","3:00:00 PM","03 - Snow","03 - Loose snow","02 - Stop sign","02 - Intersection related","01 - Daylight","03 - P.D. only","07 - SMV other"
"2021","BLEEKS RD @ DWYER HILL RD","346545.04840","5000872.60305","-75.96915","45.14659","2017","9/17/2017","9:40:00 PM","01 - Clear","01 - Dry","02 - Stop sign","02 - Intersection related","07 - Dark","02 - Non-fatal injury","07 - SMV other"
"2022","BLEEKS RD btwn DWYER HILL RD & BAYBERRY LANE","348668.12156","5002741.92573","-75.94199","45.16328","2017","9/13/2017","8:00:00 PM","01 - Clear","01 - Dry","10 - No control","04 - At/near private drive","07 - Dark","03 - P.D. only","07 - SMV other"
"2023","BLOHM DR @ FORESTGLADE CRES S/PICASSO DR","375067.31330","5026322.90061","-75.60288","45.37333","2017","1/6/2017","10:00:00 AM","01 - Clear","06 - Ice","02 - Stop sign","02 - Intersection related","01 - Daylight","03 - P.D. only","03 - Rear end"
"2024","BLOHM DR @ FORESTGLADE CRES S/PICASSO DR","375067.74292","5026322.52140","-75.60287","45.37332","2017","1/5/2017","1:09:00 PM","01 - Clear","06 - Ice","02 - Stop sign","02 - Intersection related","01 - Daylight","03 - P.D. only","03 - Rear end"
"2025","BLOHM DR @ HUNT CLUB RD","375130.74934","5026190.18720","-75.60209","45.37212","2017","6/16/2017","3:31:00 PM","01 - Clear","01 - Dry","01 - Traffic signal","02 - Intersection related","01 - Daylight","03 - P.D. only","03 - Rear end"
"2026","BLOHM DR @ HUNT CLUB RD","375129.74600","5026189.81905","-75.60210","45.37212","2017","7/31/2017","5:17:00 PM","01 - Clear","01 - Dry","01 - Traffic signal","02 - Intersection related","01 - Daylight","03 - P.D. only","03 - Rear end"
"2027","BLOHM DR @ HUNT CLUB RD","375129.27263","5026188.80824","-75.60211","45.37211","2017","10/26/2017","5:04:00 PM","01 - Clear","01 - Dry","01 - Traffic signal","02 - Intersection related","05 - Dusk","03 - P.D. only","03 - Rear end"