"Record","Location","X","Y","Longitude","Latitude","Year","Date","Time","Environment","Road_Surface","Traffic_Control","Collision_Location","Light","Collision_Classification","Impact_type"
"2028","BLOHM DR @ HUNT CLUB RD","375130.08045","5026189.51830","-75.60210","45.37212","2017","10/26/2017","3:45:00 PM","01 - Clear","01 - Dry","01 - Traffic signal","02 - Intersection related","01 - Daylight","03 - P.D. only","03 - Rear end"
"2029","BLOHM DR @ HUNT CLUB RD","375129.74490","5026189.52600","-75.60210","45.37212","2017","2/10/2017","7:55:00 PM","03 - Snow","03 - Loose snow","01 - Traffic signal","03 - At intersection","07 - Dark","03 - P.D. only","05 - Turning movement"
"2030","BLOHM DR @ HUNT CLUB RD","375130.74934","5026188.84940","-75.60209","45.37211","2017","3/4/2017","3:00:00 PM","01 - Clear","01 - Dry","01 - Traffic signal","02 - Intersection related","01 - Daylight","02 - Non-fatal injury","03 - Rear end"
"2031","BLOHM DR @ HUNT CLUB RD","375129.41155","5026188.84940","-75.60210","45.37211","2017","4/6/2017","10:56:00 PM","02 - Rain","02 - Wet","01 - Traffic signal","03 - At intersection","07 - Dark","02 - Non-fatal injury","05 - Turning movement"
"2032","BLOHM DR btwn 68 N OF BRISTON PRIV & BRISTON PRIV","373866.02424","5025743.19665","-75.61829","45.36823","2017","7/26/2017","7:05:00 AM","01 - Clear","01 - Dry","10 - No control","01 - Non intersection","01 - Daylight","03 - P.D. only","06 - SMV unattended vehicle"
"2033","BLOHM DR btwn NOTMAN WAY & PITTAWAY AVE","374236.52738","5025936.27267","-75.61354","45.36993","2017","9/4/2017","1:44:00 PM","01 - Clear","01 - Dry","10 - No control","01 - Non intersection","01 - Daylight","03 - P.D. only","06 - SMV unattended vehicle"
"2034","BLOOMFIELD AVE btwn CHURCHILL AVE N & END","363026.24896","5028760.36693","-75.75631","45.39636","2017","8/6/2017","5:09:00 PM","01 - Clear","01 - Dry","10 - No control","01 - Non intersection","01 - Daylight","03 - P.D. only","06 - SMV unattended vehicle"
"2035","BOBOLINK RDG @ LIVERY ST","352715.47620","5014807.57100","-75.88934","45.27159","2017","9/11/2017","7:55:00 AM","01 - Clear","01 - Dry","02 - Stop sign","03 - At intersection","01 - Daylight","03 - P.D. only","02 - Angle"
"2036","BOBOLINK RDG @ ROBERT GRANT AVE","352491.94930","5014662.71800","-75.89221","45.27030","2017","10/5/2017","12:40:00 PM","01 - Clear","01 - Dry","11 - Roundabout","03 - At intersection","01 - Daylight","03 - P.D. only","02 - Angle"
"2037","BOBOLINK RDG btwn ASTURCON ST & YELLOWTAIL WALK","352788.41460","5014872.98220","-75.88841","45.27218","2017","5/14/2017","4:36:00 PM","01 - Clear","01 - Dry","10 - No control","01 - Non intersection","01 - Daylight","03 - P.D. only","06 - SMV unattended vehicle"
"2038","BOISBRIAND CRES btwn CHAMPNEUF DR & CHAMPNEUF DR","381578.03759","5036068.31237","-75.51825","45.46032","2017","10/4/2017","10:48:00 PM","01 - Clear","01 - Dry","10 - No control","01 - Non intersection","07 - Dark","02 - Non-fatal injury","06 - SMV unattended vehicle"
"2039","BOISFRANC CIRC btwn CAPREOL ST & CANDLEWOOD ST","385371.85065","5035548.21701","-75.46983","45.45522","2017","6/15/2017","11:15:00 AM","01 - Clear","01 - Dry","10 - No control","04 - At/near private drive","01 - Daylight","03 - P.D. only","02 - Angle"
"2040","BONGARD AVE btwn MERIVALE RD & GIFFORD ST","365934.23926","5021352.27181","-75.72009","45.32946","2017","1/30/2017","4:35:00 PM","01 - Clear","01 - Dry","10 - No control","04 - At/near private drive","01 - Daylight","03 - P.D. only","06 - SMV unattended vehicle"
"2041","BOOTH ST @ CARLING AVE","367095.46237","5029108.43607","-75.70429","45.39914","2017","1/10/2017","5:30:00 PM","03 - Snow","03 - Loose snow","01 - Traffic signal","03 - At intersection","05 - Dusk","03 - P.D. only","05 - Turning movement"
"2042","BOOTH ST @ ECCLES ST","366623.22653","5030186.32751","-75.71019","45.40888","2017","8/21/2017","10:26:00 AM","01 - Clear","01 - Dry","01 - Traffic signal","02 - Intersection related","01 - Daylight","02 - Non-fatal injury","07 - SMV other"
"2043","BOOTH ST @ ECCLES ST","366624.03435","5030185.89530","-75.71018","45.40888","2017","2/25/2017","7:16:00 PM","02 - Rain","02 - Wet","01 - Traffic signal","03 - At intersection","07 - Dark","03 - P.D. only","02 - Angle"
"2044","BOOTH ST @ GLADSTONE AVE","366769.03985","5029850.56170","-75.70837","45.40585","2017","5/21/2017","9:33:00 AM","01 - Clear","01 - Dry","01 - Traffic signal","03 - At intersection","01 - Daylight","02 - Non-fatal injury","02 - Angle"
"2045","BOOTH ST @ GLADSTONE AVE","366768.15895","5029849.46880","-75.70838","45.40584","2017","9/3/2017","11:55:00 AM","01 - Clear","01 - Dry","01 - Traffic signal","02 - Intersection related","01 - Daylight","03 - P.D. only","02 - Angle"
"2046","BOOTH ST @ GLADSTONE AVE","366769.99990","5029849.91445","-75.70836","45.40584","2017","8/4/2017","11:50:00 PM","01 - Clear","02 - Wet","01 - Traffic signal","03 - At intersection","07 - Dark","03 - P.D. only","02 - Angle"
"2047","BOOTH ST @ GLADSTONE AVE","366770.37764","5029850.56170","-75.70835","45.40585","2017","3/10/2017","8:30:00 AM","01 - Clear","01 - Dry","01 - Traffic signal","02 - Intersection related","01 - Daylight","03 - P.D. only","03 - Rear end"
"2048","BOOTH ST @ GLADSTONE AVE","366767.03316","5029849.89280","-75.70840","45.40584","2017","4/15/2017","6:20:00 PM","02 - Rain","02 - Wet","01 - Traffic signal","03 - At intersection","01 - Daylight","03 - P.D. only","02 - Angle"
"2049","BOOTH ST @ GLADSTONE AVE","366769.03985","5029850.56170","-75.70837","45.40585","2017","2/28/2017","11:24:00 PM","02 - Rain","02 - Wet","01 - Traffic signal","02 - Intersection related","07 - Dark","03 - P.D. only","99 - Other"
"2050","BOOTH ST @ LOUISA ST","366802.70300","5029770.41802","-75.70795","45.40512","2017","11/1/2017","3:26:00 PM","01 - Clear","02 - Wet","02 - Stop sign","03 - At intersection","01 - Daylight","02 - Non-fatal injury","03 - Rear end"
"2051","BOOTH ST @ LOUISA ST","366802.70500","5029769.43830","-75.70795","45.40512","2017","2/28/2017","9:32:00 AM","01 - Clear","01 - Dry","02 - Stop sign","02 - Intersection related","01 - Daylight","02 - Non-fatal injury","03 - Rear end"
"2052","BOOTH ST @ MIDDLE ST","366114.36175","5031293.91869","-75.71655","45.41889","2017","7/4/2017","11:05:00 AM","01 - Clear","01 - Dry","02 - Stop sign","02 - Intersection related","01 - Daylight","03 - P.D. only","03 - Rear end"
"2053","BOOTH ST @ MIDDLE ST","366115.30294","5031291.62937","-75.71654","45.41887","2017","12/14/2017","6:15:00 PM","03 - Snow","04 - Slush","02 - Stop sign","03 - At intersection","07 - Dark","03 - P.D. only","05 - Turning movement"
"2054","BOOTH ST @ MIDDLE ST","366115.53255","5031291.42897","-75.71654","45.41887","2017","11/6/2017","4:04:00 PM","01 - Clear","01 - Dry","02 - Stop sign","02 - Intersection related","01 - Daylight","03 - P.D. only","04 - Sideswipe"
"2055","BOOTH ST @ NORMAN ST","366999.97939","5029319.65903","-75.70549","45.40105","2017","8/30/2017","7:25:00 AM","01 - Clear","01 - Dry","01 - Traffic signal","02 - Intersection related","01 - Daylight","03 - P.D. only","03 - Rear end"
"2056","BOOTH ST @ NORMAN ST","367000.66285","5029318.85044","-75.70548","45.40104","2017","1/15/2017","12:13:00 PM","01 - Clear","01 - Dry","01 - Traffic signal","02 - Intersection related","01 - Daylight","03 - P.D. only","03 - Rear end"
"2057","BOOTH ST @ ORANGEVILLE ST","366891.92994","5029572.00551","-75.70684","45.40333","2017","8/15/2017","9:32:00 AM","01 - Clear","01 - Dry","02 - Stop sign","02 - Intersection related","01 - Daylight","03 - P.D. only","03 - Rear end"
"2058","BOOTH ST @ ORANGEVILLE ST","366891.69610","5029571.56480","-75.70684","45.40333","2017","12/25/2017","10:40:00 PM","01 - Clear","01 - Dry","02 - Stop sign","03 - At intersection","07 - Dark","03 - P.D. only","02 - Angle"
"2059","BOOTH ST @ OTTAWA RIVER PKWY/WELLINGTON ST","366264.59145","5031007.35680","-75.71467","45.41630","2017","6/18/2017","1:23:00 PM","01 - Clear","01 - Dry","01 - Traffic signal","02 - Intersection related","01 - Daylight","03 - P.D. only","03 - Rear end"
"2060","BOOTH ST @ OTTAWA RIVER PKWY/WELLINGTON ST","366264.57561","5031005.33729","-75.71467","45.41628","2017","5/2/2017","2:53:00 PM","02 - Rain","02 - Wet","01 - Traffic signal","03 - At intersection","01 - Daylight","02 - Non-fatal injury","05 - Turning movement"
"2061","BOOTH ST @ OTTAWA RIVER PKWY/WELLINGTON ST","366265.52085","5031005.62948","-75.71466","45.41629","2017","7/4/2017","3:22:00 PM","01 - Clear","01 - Dry","01 - Traffic signal","02 - Intersection related","01 - Daylight","03 - P.D. only","04 - Sideswipe"
"2062","BOOTH ST @ OTTAWA RIVER PKWY/WELLINGTON ST","366263.78363","5031006.45121","-75.71468","45.41629","2017","7/13/2017","7:30:00 PM","01 - Clear","01 - Dry","01 - Traffic signal","02 - Intersection related","01 - Daylight","03 - P.D. only","03 - Rear end"
"2063","BOOTH ST @ OTTAWA RIVER PKWY/WELLINGTON ST","366263.77910","5031005.97105","-75.71468","45.41629","2017","10/6/2017","1:09:00 PM","01 - Clear","01 - Dry","01 - Traffic signal","03 - At intersection","01 - Daylight","03 - P.D. only","05 - Turning movement"
"2064","BOOTH ST @ OTTAWA RIVER PKWY/WELLINGTON ST","366265.26034","5031005.35011","-75.71466","45.41628","2017","10/16/2017","5:54:00 PM","01 - Clear","01 - Dry","01 - Traffic signal","02 - Intersection related","01 - Daylight","03 - P.D. only","03 - Rear end"
"2065","BOOTH ST @ OTTAWA RIVER PKWY/WELLINGTON ST","366263.92255","5031005.35011","-75.71468","45.41628","2017","10/22/2017","7:13:00 AM","01 - Clear","01 - Dry","01 - Traffic signal","03 - At intersection","01 - Daylight","03 - P.D. only","07 - SMV other"
"2066","BOOTH ST @ OTTAWA RIVER PKWY/WELLINGTON ST","366264.59145","5031007.35680","-75.71467","45.41630","2017","12/2/2017","4:08:00 PM","01 - Clear","01 - Dry","01 - Traffic signal","02 - Intersection related","05 - Dusk","03 - P.D. only","03 - Rear end"
"2067","BOOTH ST @ OTTAWA RIVER PKWY/WELLINGTON ST","366263.25366","5031008.02569","-75.71469","45.41631","2017","11/19/2017","11:03:00 AM","03 - Snow","02 - Wet","01 - Traffic signal","03 - At intersection","01 - Daylight","02 - Non-fatal injury","02 - Angle"
"2068","BOOTH ST @ OTTAWA RIVER PKWY/WELLINGTON ST","366264.59145","5031007.35680","-75.71467","45.41630","2017","11/10/2017","10:26:00 AM","01 - Clear","01 - Dry","01 - Traffic signal","03 - At intersection","01 - Daylight","03 - P.D. only","02 - Angle"
"2069","BOOTH ST @ OTTAWA RIVER PKWY/WELLINGTON ST","366262.58476","5031008.02569","-75.71470","45.41631","2017","11/23/2017","6:28:00 PM","01 - Clear","01 - Dry","01 - Traffic signal","03 - At intersection","07 - Dark","03 - P.D. only","05 - Turning movement"
"2070","BOOTH ST @ OTTAWA RIVER PKWY/WELLINGTON ST","366264.73037","5031006.45121","-75.71467","45.41629","2017","11/8/2017","11:23:00 AM","01 - Clear","01 - Dry","01 - Traffic signal","02 - Intersection related","01 - Daylight","03 - P.D. only","03 - Rear end"
"2071","BOOTH ST @ OTTAWA RIVER PKWY/WELLINGTON ST","366264.33089","5031007.63764","-75.71467","45.41630","2017","1/14/2017","6:44:00 PM","01 - Clear","01 - Dry","01 - Traffic signal","03 - At intersection","07 - Dark","03 - P.D. only","02 - Angle"
"2072","BOOTH ST @ OTTAWA RIVER PKWY/WELLINGTON ST","366264.03526","5031006.09246","-75.71468","45.41629","2017","3/21/2017","6:19:00 PM","01 - Clear","01 - Dry","01 - Traffic signal","03 - At intersection","05 - Dusk","03 - P.D. only","04 - Sideswipe"
"2073","BOOTH ST @ OTTAWA RIVER PKWY/WELLINGTON ST","366262.56892","5031006.67508","-75.71470","45.41630","2017","2/20/2017","8:05:00 AM","01 - Clear","02 - Wet","01 - Traffic signal","02 - Intersection related","01 - Daylight","03 - P.D. only","04 - Sideswipe"
"2074","BOOTH ST @ OTTAWA RIVER PKWY/WELLINGTON ST","366264.65903","5031008.49316","-75.71467","45.41631","2017","3/24/2017","10:45:00 AM","03 - Snow","05 - Packed snow","01 - Traffic signal","02 - Intersection related","01 - Daylight","03 - P.D. only","04 - Sideswipe"
"2075","BOOTH ST @ OTTAWA RIVER PKWY/WELLINGTON ST","366264.25696","5031006.68775","-75.71467","45.41630","2017","10/20/2017","4:00:00 PM","01 - Clear","01 - Dry","01 - Traffic signal","02 - Intersection related","01 - Daylight","03 - P.D. only","03 - Rear end"
"2076","BOOTH ST @ POPLAR ST","366679.90125","5030058.35022","-75.70948","45.40773","2017","11/6/2017","6:15:00 PM","01 - Clear","01 - Dry","02 - Stop sign","02 - Intersection related","07 - Dark","03 - P.D. only","04 - Sideswipe"
"2077","BOOTH ST @ POPLAR ST","366679.70300","5030058.09220","-75.70949","45.40772","2017","2/11/2017","6:34:00 PM","03 - Snow","03 - Loose snow","02 - Stop sign","03 - At intersection","07 - Dark","03 - P.D. only","03 - Rear end"
"2078","BOOTH ST @ POPLAR ST","366680.48463","5030058.68619","-75.70948","45.40773","2017","1/21/2017","6:55:00 PM","01 - Clear","01 - Dry","02 - Stop sign","02 - Intersection related","07 - Dark","03 - P.D. only","05 - Turning movement"
"2079","BOOTH ST @ PRIMROSE AVE","366497.70110","5030471.63024","-75.71176","45.41146","2017","12/11/2017","3:20:00 PM","01 - Clear","01 - Dry","01 - Traffic signal","02 - Intersection related","01 - Daylight","03 - P.D. only","03 - Rear end"
"2080","BOOTH ST @ PRIMROSE AVE","366496.69526","5030472.24060","-75.71177","45.41147","2017","11/24/2017","7:21:00 PM","01 - Clear","01 - Dry","01 - Traffic signal","03 - At intersection","07 - Dark","02 - Non-fatal injury","07 - SMV other"
"2081","BOOTH ST @ RAYMOND ST","366859.69556","5029641.56150","-75.70724","45.40396","2017","6/27/2017","7:59:00 AM","01 - Clear","01 - Dry","01 - Traffic signal","02 - Intersection related","01 - Daylight","03 - P.D. only","03 - Rear end"
"2082","BOOTH ST @ RAYMOND ST","366860.69898","5029641.56147","-75.70723","45.40396","2017","7/19/2017","2:29:00 AM","01 - Clear","01 - Dry","01 - Traffic signal","03 - At intersection","07 - Dark","02 - Non-fatal injury","02 - Angle"
"2083","BOOTH ST @ RAYMOND ST","366860.69890","5029641.79819","-75.70723","45.40396","2017","8/29/2017","10:00:00 AM","01 - Clear","01 - Dry","01 - Traffic signal","02 - Intersection related","01 - Daylight","03 - P.D. only","06 - SMV unattended vehicle"
"2084","BOOTH ST @ RAYMOND ST","366861.79180","5029641.56150","-75.70721","45.40396","2017","9/30/2017","11:34:00 PM","01 - Clear","01 - Dry","01 - Traffic signal","03 - At intersection","07 - Dark","03 - P.D. only","02 - Angle"
"2085","BOOTH ST @ RAYMOND ST","366861.24535","5029640.46860","-75.70722","45.40395","2017","1/28/2017","1:39:00 PM","01 - Clear","02 - Wet","01 - Traffic signal","03 - At intersection","01 - Daylight","03 - P.D. only","02 - Angle"
"2086","BOOTH ST @ SOMERSET ST","366593.14973","5030254.34724","-75.71057","45.40950","2017","8/19/2017","4:06:00 PM","01 - Clear","01 - Dry","01 - Traffic signal","03 - At intersection","01 - Daylight","03 - P.D. only","02 - Angle"
"2087","BOOTH ST @ SOMERSET ST","366592.15635","5030253.47780","-75.71058","45.40949","2017","10/4/2017","2:57:00 PM","01 - Clear","01 - Dry","01 - Traffic signal","03 - At intersection","01 - Daylight","03 - P.D. only","07 - SMV other"
"2088","BOOTH ST @ SOMERSET ST","366591.03056","5030255.23960","-75.71059","45.40951","2017","11/29/2017","10:08:00 AM","01 - Clear","01 - Dry","01 - Traffic signal","02 - Intersection related","01 - Daylight","03 - P.D. only","03 - Rear end"
"2089","BOOTH ST @ SOMERSET ST","366592.36835","5030253.90180","-75.71058","45.40949","2017","2/25/2017","7:20:00 PM","02 - Rain","02 - Wet","01 - Traffic signal","02 - Intersection related","07 - Dark","03 - P.D. only","04 - Sideswipe"
"2090","BOOTH ST @ WELLINGTON ST S","366402.48072","5030674.90547","-75.71295","45.41330","2017","9/1/2017","8:24:00 AM","01 - Clear","01 - Dry","02 - Stop sign","03 - At intersection","01 - Daylight","03 - P.D. only","03 - Rear end"
"2091","BOOTH ST @ WELLINGTON ST S","366403.59655","5030674.90101","-75.71294","45.41330","2017","8/24/2017","5:33:00 PM","01 - Clear","01 - Dry","02 - Stop sign","02 - Intersection related","01 - Daylight","03 - P.D. only","03 - Rear end"
"2092","BOOTH ST @ WELLINGTON ST S","366402.70270","5030676.11785","-75.71295","45.41331","2017","1/19/2017","1:19:00 PM","01 - Clear","01 - Dry","02 - Stop sign","02 - Intersection related","01 - Daylight","03 - P.D. only","03 - Rear end"
"2093","BOOTH ST @ WELLINGTON ST S","366402.45217","5030675.36070","-75.71295","45.41330","2017","1/6/2017","1:04:00 PM","01 - Clear","02 - Wet","01 - Traffic signal","02 - Intersection related","01 - Daylight","03 - P.D. only","03 - Rear end"
"2094","BOOTH ST @ WELLINGTON ST S","366402.66683","5030676.47157","-75.71295","45.41331","2017","2/8/2017","6:15:00 PM","01 - Clear","01 - Dry","02 - Stop sign","02 - Intersection related","05 - Dusk","03 - P.D. only","04 - Sideswipe"
"2095","BOOTH ST @ WELLINGTON ST S","366402.70271","5030675.57137","-75.71295","45.41330","2017","3/8/2017","7:05:00 PM","01 - Clear","02 - Wet","02 - Stop sign","02 - Intersection related","07 - Dark","03 - P.D. only","03 - Rear end"
"2096","BOOTH ST @ WILLOW ST","366710.42826","5029982.71118","-75.70910","45.40704","2017","12/5/2017","4:13:00 PM","02 - Rain","02 - Wet","01 - Traffic signal","03 - At intersection","05 - Dusk","03 - P.D. only","03 - Rear end"
"2097","BOOTH ST btwn 148 N OF MIDDLE ST/E.B. EDDY S & MIDDLE ST","366054.26779","5031376.23366","-75.71731","45.41964","2017","12/27/2017","5:34:00 PM","01 - Clear","01 - Dry","10 - No control","01 - Non intersection","07 - Dark","03 - P.D. only","07 - SMV other"
"2098","BOOTH ST btwn ARLINGTON AVE & RAYMOND ST","366856.27333","5029650.77262","-75.70728","45.40404","2017","7/16/2017","10:02:00 PM","01 - Clear","01 - Dry","10 - No control","01 - Non intersection","07 - Dark","02 - Non-fatal injury","06 - SMV unattended vehicle"
"2099","BOOTH ST btwn BALSAM ST & GLADSTONE AVE","366752.54241","5029885.68070","-75.70858","45.40617","2017","1/3/2017","8:25:00 AM","01 - Clear","06 - Ice","10 - No control","01 - Non intersection","01 - Daylight","03 - P.D. only","04 - Sideswipe"
"2100","BOOTH ST btwn ECCLES ST & ANDERSON ST","366635.14366","5030160.08015","-75.71004","45.40865","2017","2/12/2017","11:06:00 PM","03 - Snow","05 - Packed snow","10 - No control","01 - Non intersection","07 - Dark","03 - P.D. only","06 - SMV unattended vehicle"
"2101","BOOTH ST btwn FLEET ST & END","366345.74883","5030822.53753","-75.71366","45.41463","2017","2/22/2017","6:49:00 PM","01 - Clear","01 - Dry","10 - No control","01 - Non intersection","07 - Dark","03 - P.D. only","04 - Sideswipe"
"2102","BOOTH ST btwn LOUISA ST & ARLINGTON AVE","366808.46009","5029756.22163","-75.70788","45.40500","2017","12/6/2017","11:46:00 AM","01 - Clear","01 - Dry","10 - No control","01 - Non intersection","01 - Daylight","03 - P.D. only","04 - Sideswipe"
"2103","BOOTH ST btwn LOUISA ST & ARLINGTON AVE","366820.56062","5029732.69281","-75.70773","45.40478","2017","3/15/2017","11:11:00 AM","03 - Snow","03 - Loose snow","10 - No control","01 - Non intersection","01 - Daylight","03 - P.D. only","06 - SMV unattended vehicle"
"2104","BOOTH ST btwn MIDDLE ST & VIMY PLACE PRIV","366223.78877","5031111.03573","-75.71518","45.41724","2017","6/21/2017","7:04:00 PM","01 - Clear","01 - Dry","10 - No control","01 - Non intersection","01 - Daylight","03 - P.D. only","03 - Rear end"
"2105","BOOTH ST btwn MIDDLE ST & VIMY PLACE PRIV","366141.78650","5031251.77822","-75.71621","45.41851","2017","12/10/2017","12:29:00 AM","03 - Snow","05 - Packed snow","10 - No control","01 - Non intersection","07 - Dark","02 - Non-fatal injury","01 - Approaching"
"2106","BOOTH ST btwn MIDDLE ST & VIMY PLACE PRIV","366193.31586","5031175.81204","-75.71556","45.41782","2017","4/6/2017","8:45:00 AM","02 - Rain","02 - Wet","10 - No control","04 - At/near private drive","01 - Daylight","03 - P.D. only","02 - Angle"
"2107","BOOTH ST btwn PROVINCIAL BOUNDARY & 208 N OF MIDDLE ST/E.B. EDDY N","365999.67474","5031495.15601","-75.71799","45.42071","2017","1/6/2017","12:56:00 PM","03 - Snow","06 - Ice","10 - No control","01 - Non intersection","01 - Daylight","03 - P.D. only","03 - Rear end"
"2108","BOOTH ST btwn PROVINCIAL BOUNDARY & 208 N OF MIDDLE ST/E.B. EDDY N","365991.81251","5031514.81365","-75.71809","45.42089","2017","8/31/2017","12:47:00 AM","02 - Rain","02 - Wet","10 - No control","07 - Overpass or bridge","07 - Dark","03 - P.D. only","07 - SMV other"
"2109","BOREALIS CRES btwn SOLACE CRT & DEN HAAG DR","372474.95046","5033671.71024","-75.63496","45.43970","2017","10/3/2017","3:32:00 PM","01 - Clear","01 - Dry","10 - No control","01 - Non intersection","01 - Daylight","03 - P.D. only","06 - SMV unattended vehicle"
"2110","BORGA CRES btwn BRANDO CRES & BRANDO CRES","372310.10810","5025428.41419","-75.63820","45.36555","2017","12/31/2017","3:22:00 PM","01 - Clear","02 - Wet","10 - No control","04 - At/near private drive","01 - Daylight","03 - P.D. only","06 - SMV unattended vehicle"
"2111","BORRISOKANE RD btwn CAMBRIAN RD & STRANDHERD DR","362605.01596","5012450.64743","-75.76359","45.24964","2017","5/23/2017","2:40:00 PM","01 - Clear","01 - Dry","10 - No control","01 - Non intersection","01 - Daylight","03 - P.D. only","99 - Other"
"2112","BORRISOKANE RD btwn CAMBRIAN RD & STRANDHERD DR","362556.53419","5012615.60065","-75.76419","45.25113","2017","10/7/2017","10:28:00 AM","02 - Rain","02 - Wet","10 - No control","01 - Non intersection","01 - Daylight","03 - P.D. only","07 - SMV other"
"2113","BORRISOKANE RD btwn CAMBRIAN RD & STRANDHERD DR","362718.30194","5012234.88582","-75.76217","45.24769","2017","9/23/2017","9:27:00 PM","01 - Clear","01 - Dry","10 - No control","01 - Non intersection","07 - Dark","03 - P.D. only","07 - SMV other"
"2114","BORRISOKANE RD btwn CAMBRIAN RD & STRANDHERD DR","362746.66865","5012158.54310","-75.76182","45.24700","2017","12/6/2017","8:10:00 AM","01 - Clear","01 - Dry","10 - No control","01 - Non intersection","01 - Daylight","02 - Non-fatal injury","07 - SMV other"
"2115","BORRISOKANE RD btwn CAMBRIAN RD & STRANDHERD DR","362297.85892","5013339.30775","-75.76740","45.25766","2017","2/10/2017","10:39:00 PM","04 - Freezing Rain","06 - Ice","10 - No control","01 - Non intersection","07 - Dark","03 - P.D. only","07 - SMV other"
"2116","BORRISOKANE RD btwn CAMBRIAN RD & STRANDHERD DR","362746.72600","5012142.75110","-75.76182","45.24686","2017","2/6/2017","8:11:00 PM","03 - Snow","03 - Loose snow","10 - No control","01 - Non intersection","07 - Dark","03 - P.D. only","07 - SMV other"
"2117","BORTHWICK AVE btwn WILSON ST & CLARKE AVE","372057.82544","5033717.71691","-75.64029","45.44016","2017","4/28/2017","12:00:00 AM","01 - Clear","01 - Dry","10 - No control","01 - Non intersection","00 - Unknown","03 - P.D. only","06 - SMV unattended vehicle"
"2118","BOTELER ST @ PARENT AVE","367556.31887","5032990.90680","-75.69791","45.43403","2017","10/10/2017","3:40:00 PM","01 - Clear","01 - Dry","02 - Stop sign","03 - At intersection","01 - Daylight","02 - Non-fatal injury","02 - Angle"
"2119","BOTELER ST @ SUSSEX DR","367451.97743","5032951.30517","-75.69925","45.43369","2017","8/23/2017","4:45:00 PM","01 - Clear","01 - Dry","01 - Traffic signal","02 - Intersection related","01 - Daylight","03 - P.D. only","04 - Sideswipe"
"2120","BOTELER ST @ SUSSEX DR","367452.31484","5032951.30220","-75.69925","45.43369","2017","2/27/2017","4:45:00 PM","01 - Clear","01 - Dry","01 - Traffic signal","02 - Intersection related","01 - Daylight","03 - P.D. only","03 - Rear end"
"2121","BOTELER ST @ SUSSEX DR","367450.30816","5032953.30889","-75.69927","45.43371","2017","3/23/2017","5:35:00 PM","01 - Clear","01 - Dry","01 - Traffic signal","02 - Intersection related","01 - Daylight","02 - Non-fatal injury","03 - Rear end"
"2122","BOTELER ST @ SUSSEX DR","367450.97705","5032952.64000","-75.69927","45.43370","2017","4/13/2017","3:45:00 PM","01 - Clear","01 - Dry","01 - Traffic signal","02 - Intersection related","01 - Daylight","02 - Non-fatal injury","03 - Rear end"
"2123","BOTELER ST @ SUSSEX DR","367452.41173","5032952.53603","-75.69925","45.43370","2017","1/3/2017","9:20:00 AM","04 - Freezing Rain","04 - Slush","01 - Traffic signal","03 - At intersection","01 - Daylight","03 - P.D. only","03 - Rear end"
"2124","BOTELER ST btwn SUSSEX DR & PARENT AVE","367489.77304","5032957.99117","-75.69877","45.43374","2017","2/27/2017","7:45:00 AM","01 - Clear","01 - Dry","10 - No control","01 - Non intersection","01 - Daylight","03 - P.D. only","06 - SMV unattended vehicle"
"2125","BOTTRIELL WAY @ CANOTIA PL","383701.26760","5037883.81625","-75.49081","45.47642","2017","9/20/2017","6:45:00 PM","01 - Clear","01 - Dry","10 - No control","02 - Intersection related","05 - Dusk","03 - P.D. only","06 - SMV unattended vehicle"
"2126","BOTTRIELL WAY @ MERKLEY DR","383752.42393","5037377.89587","-75.49024","45.47186","2017","1/27/2017","8:45:00 PM","04 - Freezing Rain","03 - Loose snow","02 - Stop sign","02 - Intersection related","07 - Dark","03 - P.D. only","03 - Rear end"
"2127","BOTTRIELL WAY @ MERKLEY DR","383752.90383","5037378.63719","-75.49023","45.47187","2017","12/31/2017","9:00:00 AM","01 - Clear","06 - Ice","02 - Stop sign","02 - Intersection related","01 - Daylight","03 - P.D. only","06 - SMV unattended vehicle"
"2128","BOTTRIELL WAY btwn HOSKINS CRES & MERKLEY DR","383719.51330","5037428.62535","-75.49065","45.47232","2017","12/19/2017","12:00:00 AM","01 - Clear","02 - Wet","10 - No control","04 - At/near private drive","00 - Unknown","03 - P.D. only","06 - SMV unattended vehicle"
"2129","BOTTRIELL WAY btwn MARSALA CRES & CANTEVAL TER","383887.17572","5037246.15663","-75.48854","45.47066","2017","11/7/2017","6:30:00 PM","01 - Clear","01 - Dry","10 - No control","01 - Non intersection","07 - Dark","03 - P.D. only","06 - SMV unattended vehicle"
"2130","BOTTRIELL WAY btwn MARSALA CRES & CANTEVAL TER","383893.13619","5037242.90284","-75.48846","45.47063","2017","2/21/2017","8:05:00 PM","04 - Freezing Rain","06 - Ice","10 - No control","01 - Non intersection","07 - Dark","03 - P.D. only","06 - SMV unattended vehicle"
"2131","BOTTRIELL WAY N @ CHARLEMAGNE BLVD","383695.29073","5037953.91384","-75.49088","45.47705","2017","12/10/2017","2:31:00 PM","01 - Clear","01 - Dry","01 - Traffic signal","03 - At intersection","01 - Daylight","03 - P.D. only","05 - Turning movement"
"2132","BOUDREAU ST btwn DUFORD ST & GRANVILLE ST","370706.91208","5033889.37007","-75.65753","45.44183","2017","3/25/2017","12:30:00 AM","03 - Snow","04 - Slush","10 - No control","01 - Non intersection","07 - Dark","03 - P.D. only","06 - SMV unattended vehicle"