"Record","Location","X","Y","Longitude","Latitude","Year","Date","Time","Environment","Road_Surface","Traffic_Control","Collision_Location","Light","Collision_Classification","Impact_type"
"2133","BOUNDARY RD @ CARTWRIGHT RD","390900.09255","5014587.15694","-75.40281","45.26597","2017","9/15/2017","5:00:00 PM","01 - Clear","01 - Dry","02 - Stop sign","03 - At intersection","01 - Daylight","03 - P.D. only","02 - Angle"
"2134","BOUNDARY RD @ DEVINE RD","388360.49885","5021455.47120","-75.43401","45.32807","2017","5/20/2017","1:40:00 PM","01 - Clear","01 - Dry","02 - Stop sign","03 - At intersection","01 - Daylight","03 - P.D. only","02 - Angle"
"2135","BOUNDARY RD @ HIGHWAY 417 WB","387416.47933","5023829.40647","-75.44565","45.34954","2017","9/10/2017","10:30:00 PM","01 - Clear","01 - Dry","10 - No control","02 - Intersection related","07 - Dark","03 - P.D. only","03 - Rear end"
"2136","BOUNDARY RD @ HWY 417 BOUNDARY IC96R51","387512.30937","5023595.22263","-75.44447","45.34743","2017","11/8/2017","10:30:00 AM","01 - Clear","01 - Dry","02 - Stop sign","02 - Intersection related","01 - Daylight","03 - P.D. only","04 - Sideswipe"
"2137","BOUNDARY RD @ HWY 417 BOUNDARY IC96R51","387508.82347","5023593.47706","-75.44452","45.34741","2017","10/4/2017","12:19:00 AM","02 - Rain","02 - Wet","02 - Stop sign","02 - Intersection related","07 - Dark","01 - Fatal injury","02 - Angle"
"2138","BOUNDARY RD @ INDCUM RD","387909.43395","5022577.16281","-75.43957","45.33822","2017","9/5/2017","7:50:00 AM","01 - Clear","01 - Dry","02 - Stop sign","02 - Intersection related","01 - Daylight","02 - Non-fatal injury","03 - Rear end"
"2139","BOUNDARY RD @ MITCH OWENS RD","388066.83544","5022164.47619","-75.43764","45.33449","2017","6/9/2017","9:25:00 AM","01 - Clear","01 - Dry","02 - Stop sign","03 - At intersection","01 - Daylight","03 - P.D. only","07 - SMV other"
"2140","BOUNDARY RD @ MITCH OWENS RD","388066.16655","5022163.13840","-75.43765","45.33448","2017","6/1/2017","5:20:00 PM","01 - Clear","01 - Dry","02 - Stop sign","03 - At intersection","01 - Daylight","03 - P.D. only","02 - Angle"
"2141","BOUNDARY RD @ NINTH LINE RD","387602.42879","5023359.32927","-75.44336","45.34529","2017","9/6/2017","3:07:00 PM","01 - Clear","01 - Dry","02 - Stop sign","03 - At intersection","01 - Daylight","03 - P.D. only","05 - Turning movement"
"2142","BOUNDARY RD @ NINTH LINE RD","387598.82000","5023364.99359","-75.44341","45.34534","2017","2/13/2017","3:44:00 PM","03 - Snow","03 - Loose snow","02 - Stop sign","02 - Intersection related","01 - Daylight","03 - P.D. only","05 - Turning movement"
"2143","BOUNDARY RD @ RUSSELL RD","386546.81390","5026021.50206","-75.45639","45.36937","2017","11/30/2017","2:45:00 PM","01 - Clear","01 - Dry","02 - Stop sign","02 - Intersection related","01 - Daylight","03 - P.D. only","07 - SMV other"
"2144","BOUNDARY RD btwn DEVINE RD & PARKWAY RD","388367.18782","5021436.74210","-75.43393","45.32790","2017","3/15/2017","6:44:00 AM","03 - Snow","03 - Loose snow","10 - No control","01 - Non intersection","01 - Daylight","02 - Non-fatal injury","01 - Approaching"
"2145","BOUNDARY RD btwn EIGHTH LINE RD & HWY417 IC96 RAMP61","386822.71979","5025363.47438","-75.45298","45.36342","2017","10/20/2017","10:01:00 PM","01 - Clear","01 - Dry","10 - No control","01 - Non intersection","07 - Dark","02 - Non-fatal injury","07 - SMV other"
"2146","BOUNDARY RD btwn HWY417 IC96 RAMP16 & HWY417 IC96 RAMP15","387407.57647","5023858.26431","-75.44576","45.34980","2017","2/15/2017","6:51:00 AM","03 - Snow","06 - Ice","10 - No control","07 - Overpass or bridge","07 - Dark","03 - P.D. only","03 - Rear end"
"2147","BOUNDARY RD btwn HWY417 IC96 RAMP16 & HWY417 IC96 RAMP15","387322.68556","5024074.12766","-75.44681","45.35176","2017","2/18/2017","2:46:00 AM","01 - Clear","01 - Dry","10 - No control","01 - Non intersection","07 - Dark","02 - Non-fatal injury","03 - Rear end"
"2148","BOUNDARY RD btwn INDCUM RD & ENTREPRENEUR CRES","387944.80739","5022482.05900","-75.43914","45.33736","2017","8/13/2017","11:41:00 PM","01 - Clear","01 - Dry","10 - No control","01 - Non intersection","07 - Dark","03 - P.D. only","07 - SMV other"
"2149","BOUNDARY RD btwn MITCH OWENS RD & DEVINE RD","388205.25799","5021817.42192","-75.43593","45.33135","2017","11/14/2017","6:31:00 PM","01 - Clear","01 - Dry","10 - No control","01 - Non intersection","07 - Dark","03 - P.D. only","07 - SMV other"
"2150","BOUNDARY RD btwn MITCH OWENS RD & DEVINE RD","388342.43865","5021501.62505","-75.43423","45.32849","2017","3/15/2017","3:00:00 PM","03 - Snow","03 - Loose snow","10 - No control","01 - Non intersection","01 - Daylight","03 - P.D. only","07 - SMV other"
"2151","BOUNDARY RD btwn MITCH OWENS RD & DEVINE RD","388080.21337","5022133.70696","-75.43747","45.33421","2017","3/24/2017","6:56:00 AM","03 - Snow","05 - Packed snow","10 - No control","01 - Non intersection","01 - Daylight","02 - Non-fatal injury","01 - Approaching"
"2152","BOUNDARY RD btwn PANA RD & CARTWRIGHT RD","390227.98800","5016379.01190","-75.41107","45.28217","2017","11/26/2017","6:30:00 PM","03 - Snow","06 - Ice","10 - No control","01 - Non intersection","07 - Dark","03 - P.D. only","07 - SMV other"
"2153","BOUNDARY RD btwn PANA RD & CARTWRIGHT RD","390724.89690","5015052.57301","-75.40496","45.27018","2017","12/13/2017","6:53:00 AM","03 - Snow","03 - Loose snow","10 - No control","01 - Non intersection","03 - Dawn","03 - P.D. only","07 - SMV other"
"2154","BOUNDARY RD btwn PANA RD & CARTWRIGHT RD","390234.00807","5016359.61390","-75.41099","45.28200","2017","4/23/2017","11:19:00 PM","01 - Clear","01 - Dry","10 - No control","01 - Non intersection","07 - Dark","03 - P.D. only","07 - SMV other"
"2155","BOURASSA ST @ ST. LAURENT BLVD","373235.72866","5029693.55660","-75.62579","45.40383","2017","7/4/2017","10:52:00 AM","01 - Clear","01 - Dry","01 - Traffic signal","03 - At intersection","01 - Daylight","03 - P.D. only","05 - Turning movement"
"2156","BOURASSA ST @ ST. LAURENT BLVD","373235.72866","5029694.89439","-75.62579","45.40385","2017","7/1/2017","10:29:00 PM","02 - Rain","02 - Wet","01 - Traffic signal","03 - At intersection","07 - Dark","02 - Non-fatal injury","07 - SMV other"
"2157","BOURASSA ST @ ST. LAURENT BLVD","373235.77621","5029692.83975","-75.62579","45.40383","2017","11/1/2017","4:02:00 PM","02 - Rain","02 - Wet","01 - Traffic signal","02 - Intersection related","01 - Daylight","03 - P.D. only","04 - Sideswipe"
"2158","BOURASSA ST @ ST. LAURENT BLVD","373236.39755","5029694.89439","-75.62578","45.40385","2017","11/12/2017","8:02:00 AM","01 - Clear","01 - Dry","01 - Traffic signal","02 - Intersection related","01 - Daylight","03 - P.D. only","03 - Rear end"
"2159","BOURASSA ST @ ST. LAURENT BLVD","373238.15212","5029692.84654","-75.62576","45.40383","2017","11/10/2017","9:37:00 AM","01 - Clear","01 - Dry","01 - Traffic signal","03 - At intersection","01 - Daylight","03 - P.D. only","05 - Turning movement"
"2160","BOURASSA ST @ ST. LAURENT BLVD","373235.98153","5029695.43277","-75.62579","45.40385","2017","2/10/2017","12:23:00 PM","01 - Clear","01 - Dry","01 - Traffic signal","03 - At intersection","01 - Daylight","03 - P.D. only","05 - Turning movement"
"2161","BOURASSA ST @ ST. LAURENT BLVD","373239.43468","5029692.65307","-75.62574","45.40383","2017","4/10/2017","3:35:00 PM","01 - Clear","01 - Dry","01 - Traffic signal","02 - Intersection related","01 - Daylight","03 - P.D. only","04 - Sideswipe"
"2162","BOURASSA ST @ ST. LAURENT BLVD","373235.72866","5029694.22550","-75.62579","45.40384","2017","4/9/2017","12:42:00 PM","01 - Clear","01 - Dry","01 - Traffic signal","02 - Intersection related","01 - Daylight","03 - P.D. only","03 - Rear end"
"2163","BOWESVILLE RD @ RIDEAU RD","373362.73864","5015566.45270","-75.62613","45.27671","2017","3/2/2017","7:57:00 AM","03 - Snow","06 - Ice","02 - Stop sign","03 - At intersection","01 - Daylight","03 - P.D. only","02 - Angle"
"2164","BOWESVILLE RD btwn HIGH RD & EARL ARMSTRONG RD","371883.91575","5019062.25490","-75.64450","45.30831","2017","11/6/2017","10:22:00 PM","01 - Clear","01 - Dry","10 - No control","01 - Non intersection","07 - Dark","03 - P.D. only","07 - SMV other"
"2165","BOWESVILLE RD btwn HIGH RD & EARL ARMSTRONG RD","371850.68758","5019110.96917","-75.64492","45.30875","2017","1/30/2017","4:22:00 PM","01 - Clear","01 - Dry","10 - No control","01 - Non intersection","01 - Daylight","02 - Non-fatal injury","01 - Approaching"
"2166","BOWESVILLE RD btwn HIGH RD & EARL ARMSTRONG RD","372430.72800","5017717.47190","-75.63771","45.29616","2017","3/7/2017","7:09:00 AM","04 - Freezing Rain","06 - Ice","10 - No control","01 - Non intersection","01 - Daylight","03 - P.D. only","07 - SMV other"
"2167","BOWESVILLE RD btwn RIDEAU RD & MITCH OWENS RD","373378.46170","5015527.98197","-75.62593","45.27636","2017","10/15/2017","7:33:00 PM","02 - Rain","02 - Wet","10 - No control","04 - At/near private drive","07 - Dark","03 - P.D. only","07 - SMV other"
"2168","BOWESVILLE RD btwn RIDEAU RD & MITCH OWENS RD","373951.67345","5014203.38956","-75.61881","45.26439","2017","10/30/2017","5:30:00 AM","02 - Rain","02 - Wet","10 - No control","01 - Non intersection","07 - Dark","03 - P.D. only","07 - SMV other"
"2169","BOWESVILLE RD/EMERALD LINKS DR W @ MITCH OWENS","374182.40545","5013707.10551","-75.61594","45.25990","2017","6/7/2017","7:19:00 AM","01 - Clear","01 - Dry","02 - Stop sign","03 - At intersection","01 - Daylight","03 - P.D. only","02 - Angle"
"2170","BOWESVILLE RD/HIGH RD @ LEITRIM RD","371674.73130","5019287.47190","-75.64714","45.31035","2017","6/6/2017","9:58:00 PM","01 - Clear","01 - Dry","02 - Stop sign","02 - Intersection related","07 - Dark","03 - P.D. only","07 - SMV other"
"2171","BOWESVILLE RD/HIGH RD @ LEITRIM RD","371674.73130","5019287.70859","-75.64714","45.31036","2017","10/11/2017","5:53:00 PM","01 - Clear","01 - Dry","02 - Stop sign","02 - Intersection related","07 - Dark","03 - P.D. only","04 - Sideswipe"
"2172","BOWESVILLE RD/HIGH RD @ LEITRIM RD","371675.73464","5019289.47859","-75.64713","45.31037","2017","11/17/2017","2:43:00 PM","01 - Clear","01 - Dry","02 - Stop sign","02 - Intersection related","01 - Daylight","03 - P.D. only","03 - Rear end"
"2173","BOWESVILLE RD/HIGH RD @ LEITRIM RD","371674.39685","5019287.47190","-75.64714","45.31035","2017","11/11/2017","12:00:00 AM","01 - Clear","01 - Dry","02 - Stop sign","02 - Intersection related","00 - Unknown","03 - P.D. only","07 - SMV other"
"2174","BOWESVILLE RD/HIGH RD @ LEITRIM RD","371673.77551","5019286.75505","-75.64715","45.31035","2017","11/8/2017","11:43:00 AM","01 - Clear","01 - Dry","02 - Stop sign","03 - At intersection","01 - Daylight","03 - P.D. only","05 - Turning movement"
"2175","BOWESVILLE RD/HIGH RD @ LEITRIM RD","371675.67805","5019286.76184","-75.64713","45.31035","2017","12/19/2017","9:48:00 AM","03 - Snow","03 - Loose snow","02 - Stop sign","02 - Intersection related","01 - Daylight","03 - P.D. only","03 - Rear end"
"2176","BOWHILL AVE @ HILLHURST PL","365515.70320","5023744.50220","-75.72513","45.35102","2017","1/7/2017","10:09:00 AM","01 - Clear","06 - Ice","03 - Yield sign","03 - At intersection","01 - Daylight","03 - P.D. only","02 - Angle"
"2177","BOWHILL AVE @ OVERLAKE DR","365252.36285","5023584.83800","-75.72851","45.34960","2017","11/26/2017","9:49:00 PM","03 - Snow","05 - Packed snow","10 - No control","02 - Intersection related","07 - Dark","03 - P.D. only","02 - Angle"
"2178","BOWHILL AVE btwn HILLHURST PL & CHESTERTON DR","365546.94580","5023764.14717","-75.72473","45.35119","2017","1/27/2017","8:00:00 PM","03 - Snow","02 - Wet","10 - No control","01 - Non intersection","07 - Dark","03 - P.D. only","06 - SMV unattended vehicle"
"2179","BOWHILL AVE btwn OVERLAKE DR & HILLHURST PL","365308.88789","5023615.94821","-75.72779","45.34988","2017","11/16/2017","12:00:00 AM","02 - Rain","02 - Wet","10 - No control","01 - Non intersection","07 - Dark","03 - P.D. only","06 - SMV unattended vehicle"
"2180","BOYCE AVE @ CARLING AVE","359350.00675","5024209.16941","-75.80376","45.35571","2017","5/23/2017","3:37:00 PM","01 - Clear","01 - Dry","02 - Stop sign","03 - At intersection","01 - Daylight","03 - P.D. only","05 - Turning movement"
"2181","BOYD AVE @ CARLING AVE","363383.68600","5026747.84651","-75.75198","45.37822","2017","7/26/2017","4:40:00 PM","01 - Clear","01 - Dry","02 - Stop sign","02 - Intersection related","01 - Daylight","03 - P.D. only","03 - Rear end"
"2182","BOYD AVE @ CARLING AVE","363385.60908","5026748.18313","-75.75196","45.37823","2017","7/24/2017","7:12:00 AM","02 - Rain","02 - Wet","02 - Stop sign","03 - At intersection","01 - Daylight","03 - P.D. only","02 - Angle"
"2183","BOYER RD @ ORLEANS BLVD","380978.49687","5035508.19277","-75.52600","45.45535","2017","2/8/2017","7:06:00 AM","04 - Freezing Rain","06 - Ice","02 - Stop sign","02 - Intersection related","03 - Dawn","03 - P.D. only","05 - Turning movement"
"2184","BOYER RD @ ORLEANS BLVD","380978.49687","5035508.94323","-75.52600","45.45536","2017","2/5/2017","5:29:00 PM","01 - Clear","01 - Dry","02 - Stop sign","03 - At intersection","05 - Dusk","03 - P.D. only","02 - Angle"
"2185","BOYER RD @ ST. JOSEPH BLVD","380405.40755","5036832.91700","-75.53312","45.46733","2017","3/16/2017","5:35:00 PM","01 - Clear","01 - Dry","02 - Stop sign","03 - At intersection","01 - Daylight","03 - P.D. only","05 - Turning movement"
"2186","BRACEWOOD WAY btwn SILVERTHORN CRT & GOLFLINKS DR","365718.39477","5013571.31425","-75.72379","45.25946","2017","10/20/2017","12:00:00 AM","01 - Clear","01 - Dry","10 - No control","01 - Non intersection","00 - Unknown","03 - P.D. only","06 - SMV unattended vehicle"
"2187","BRACEWOOD WAY btwn SILVERTHORN CRT & GOLFLINKS DR","365723.08634","5013548.78128","-75.72374","45.25926","2017","12/22/2017","12:00:00 AM","01 - Clear","02 - Wet","10 - No control","01 - Non intersection","00 - Unknown","03 - P.D. only","06 - SMV unattended vehicle"
"2188","BRADFORD ST @ SALINA ST","359751.67594","5025427.84590","-75.79850","45.36664","2017","5/10/2017","3:58:00 PM","01 - Clear","01 - Dry","02 - Stop sign","03 - At intersection","01 - Daylight","03 - P.D. only","02 - Angle"
"2189","BRAEBURN PL btwn AUTUMN HILL CRES & ORIENT PARK DR","378966.72729","5033326.02632","-75.55205","45.43593","2017","2/1/2017","6:45:00 PM","01 - Clear","04 - Slush","10 - No control","01 - Non intersection","07 - Dark","03 - P.D. only","06 - SMV unattended vehicle"
"2190","BRAEMAR ST @ HEMLOCK RD","370891.71010","5034758.52398","-75.65505","45.44963","2017","7/25/2017","6:57:00 PM","01 - Clear","01 - Dry","02 - Stop sign","03 - At intersection","01 - Daylight","03 - P.D. only","02 - Angle"
"2191","BRANT ST @ MCARTHUR AVE","371262.71950","5032806.43537","-75.65057","45.43203","2017","1/6/2017","5:30:00 PM","01 - Clear","03 - Loose snow","01 - Traffic signal","03 - At intersection","05 - Dusk","03 - P.D. only","03 - Rear end"
"2192","BRANTHAVEN ST btwn MONACO PL & ST. ALEXI WALK","384628.26247","5034915.86184","-75.47944","45.44961","2017","5/4/2017","2:04:00 PM","01 - Clear","02 - Wet","10 - No control","01 - Non intersection","01 - Daylight","03 - P.D. only","06 - SMV unattended vehicle"
"2193","BRANTHAVEN ST D @ LAKERIDGE DR","384957.80476","5034776.22300","-75.47525","45.44832","2017","11/23/2017","6:55:00 PM","01 - Clear","01 - Dry","02 - Stop sign","02 - Intersection related","07 - Dark","03 - P.D. only","02 - Angle"
"2194","BRANTHAVEN ST N @ LAKERIDGE DR","384851.11563","5035011.92079","-75.47657","45.45045","2017","1/8/2017","6:00:00 PM","01 - Clear","02 - Wet","02 - Stop sign","02 - Intersection related","07 - Dark","03 - P.D. only","06 - SMV unattended vehicle"
"2195","BRASSEUR CRES @ WINSOME TER","385973.22993","5037567.80551","-75.46181","45.47332","2017","8/28/2017","9:53:00 PM","01 - Clear","01 - Dry","","02 - Intersection related","07 - Dark","03 - P.D. only","06 - SMV unattended vehicle"
"2196","BRASSEUR CRES btwn WINSOME TER & DESTINY PRIV","386081.54179","5037532.95811","-75.46043","45.47299","2017","12/2/2017","2:20:00 AM","01 - Clear","01 - Dry","10 - No control","01 - Non intersection","07 - Dark","03 - P.D. only","06 - SMV unattended vehicle"
"2197","BRAVAR DR @ LENA AVE","367596.61722","5011728.59809","-75.70010","45.24272","2017","1/31/2017","12:18:00 AM","01 - Clear","03 - Loose snow","02 - Stop sign","02 - Intersection related","07 - Dark","03 - P.D. only","07 - SMV other"
"2198","BREADNER BLVD @ UPLANDS DR","370656.73200","5021963.26361","-75.65976","45.33453","2017","10/20/2017","10:43:00 PM","01 - Clear","01 - Dry","02 - Stop sign","03 - At intersection","07 - Dark","03 - P.D. only","02 - Angle"
"2199","BREADNER BLVD btwn TO BE DETERMINED & UPLANDS DR","370497.99468","5021888.41575","-75.66180","45.33387","2017","5/13/2017","11:35:00 AM","02 - Rain","02 - Wet","10 - No control","01 - Non intersection","01 - Daylight","03 - P.D. only","03 - Rear end"
"2200","BREANNA CARDILL ST btwn Continuation of BREANNA CARDILL ST & CURLY LAN","378325.99654","5012329.58416","-75.56336","45.24709","2017","2/8/2017","8:55:00 AM","01 - Clear","03 - Loose snow","10 - No control","04 - At/near private drive","01 - Daylight","03 - P.D. only","99 - Other"
"2201","BREEZEHILL AVE   S btwn YOUNG ST & NOLAN AVE","366243.72866","5029188.24459","-75.71516","45.39994","2017","1/19/2017","5:38:00 PM","01 - Clear","01 - Dry","10 - No control","01 - Non intersection","05 - Dusk","03 - P.D. only","06 - SMV unattended vehicle"
"2202","BREEZEWOOD ST/RUSTIC HILLS CRES @ VALIN ST","386508.39814","5037632.06300","-75.45495","45.47383","2017","3/5/2017","6:53:00 PM","01 - Clear","01 - Dry","02 - Stop sign","03 - At intersection","07 - Dark","03 - P.D. only","05 - Turning movement"
"2203","BREWER RD @ BRONSON AVE","368109.38155","5027766.43590","-75.69152","45.38698","2017","6/14/2017","2:20:00 PM","01 - Clear","01 - Dry","01 - Traffic signal","03 - At intersection","01 - Daylight","02 - Non-fatal injury","05 - Turning movement"
"2204","BREWER RD @ BRONSON AVE","368110.05044","5027766.43590","-75.69151","45.38698","2017","5/5/2017","10:50:00 AM","02 - Rain","02 - Wet","01 - Traffic signal","02 - Intersection related","01 - Daylight","03 - P.D. only","03 - Rear end"
"2205","BREWER RD @ BRONSON AVE","368109.52047","5027767.14596","-75.69152","45.38698","2017","9/3/2017","10:59:00 AM","02 - Rain","02 - Wet","01 - Traffic signal","02 - Intersection related","01 - Daylight","03 - P.D. only","03 - Rear end"
"2206","BREWER RD @ BRONSON AVE","368107.75260","5027767.51465","-75.69154","45.38699","2017","8/12/2017","5:20:00 PM","02 - Rain","02 - Wet","01 - Traffic signal","02 - Intersection related","01 - Daylight","03 - P.D. only","07 - SMV other"
"2207","BREWER RD @ BRONSON AVE","368108.57373","5027765.25247","-75.69153","45.38697","2017","9/3/2017","12:50:00 PM","02 - Rain","02 - Wet","01 - Traffic signal","02 - Intersection related","01 - Daylight","03 - P.D. only","03 - Rear end"
"2208","BREWER RD @ BRONSON AVE","368109.38155","5027765.76700","-75.69152","45.38697","2017","7/10/2017","8:23:00 AM","01 - Clear","01 - Dry","01 - Traffic signal","03 - At intersection","01 - Daylight","02 - Non-fatal injury","05 - Turning movement"
"2209","BREWER RD @ BRONSON AVE","368110.26476","5027765.52266","-75.69151","45.38697","2017","8/5/2017","5:01:00 PM","02 - Rain","02 - Wet","01 - Traffic signal","02 - Intersection related","01 - Daylight","03 - P.D. only","03 - Rear end"
"2210","BREWER RD @ BRONSON AVE","368109.04710","5027767.08315","-75.69152","45.38698","2017","8/22/2017","5:52:00 PM","02 - Rain","02 - Wet","01 - Traffic signal","02 - Intersection related","01 - Daylight","03 - P.D. only","04 - Sideswipe"
"2211","BREWER RD @ BRONSON AVE","368109.47860","5027765.35715","-75.69152","45.38697","2017","8/12/2017","4:02:00 PM","02 - Rain","02 - Wet","01 - Traffic signal","03 - At intersection","01 - Daylight","02 - Non-fatal injury","03 - Rear end"
"2212","BREWER RD @ BRONSON AVE","368109.65593","5027767.34914","-75.69151","45.38698","2017","6/29/2017","11:50:00 AM","02 - Rain","02 - Wet","01 - Traffic signal","02 - Intersection related","01 - Daylight","02 - Non-fatal injury","04 - Sideswipe"
"2213","BREWER RD @ BRONSON AVE","368108.04376","5027766.43590","-75.69153","45.38698","2017","10/28/2017","6:25:00 PM","02 - Rain","02 - Wet","01 - Traffic signal","03 - At intersection","07 - Dark","02 - Non-fatal injury","05 - Turning movement"
"2214","BREWER RD @ BRONSON AVE","368108.04376","5027766.43590","-75.69153","45.38698","2017","11/30/2017","6:12:00 PM","04 - Freezing Rain","06 - Ice","01 - Traffic signal","02 - Intersection related","07 - Dark","02 - Non-fatal injury","03 - Rear end"
"2215","BREWER RD @ BRONSON AVE","368109.38155","5027767.77369","-75.69152","45.38699","2017","12/9/2017","10:15:00 PM","03 - Snow","03 - Loose snow","01 - Traffic signal","02 - Intersection related","07 - Dark","03 - P.D. only","03 - Rear end"
"2216","BREWER RD @ BRONSON AVE","368109.52047","5027766.19921","-75.69152","45.38697","2017","11/9/2017","1:54:00 PM","01 - Clear","01 - Dry","01 - Traffic signal","03 - At intersection","01 - Daylight","02 - Non-fatal injury","05 - Turning movement"
"2217","BREWER RD @ BRONSON AVE","368107.54616","5027766.06067","-75.69154","45.38697","2017","2/22/2017","3:21:00 PM","01 - Clear","02 - Wet","01 - Traffic signal","03 - At intersection","01 - Daylight","03 - P.D. only","03 - Rear end"
"2218","BREWER RD @ BRONSON AVE","368108.26085","5027765.46738","-75.69153","45.38697","2017","4/16/2017","10:00:00 AM","02 - Rain","02 - Wet","01 - Traffic signal","02 - Intersection related","01 - Daylight","03 - P.D. only","03 - Rear end"
"2219","BREWER RD @ BRONSON AVE","368108.14518","5027765.30850","-75.69153","45.38697","2017","12/30/2017","5:27:00 PM","01 - Clear","03 - Loose snow","01 - Traffic signal","03 - At intersection","07 - Dark","02 - Non-fatal injury","05 - Turning movement"
"2220","BRIAN COBURN BLVD @ ESPRIT DR","385141.10847","5035343.95989","-75.47281","45.45341","2017","11/8/2017","2:55:00 PM","01 - Clear","01 - Dry","02 - Stop sign","03 - At intersection","01 - Daylight","03 - P.D. only","02 - Angle"
"2221","BRIAN COBURN BLVD @ ESPRIT DR","385141.91475","5035343.55200","-75.47280","45.45340","2017","3/7/2017","6:15:00 PM","02 - Rain","02 - Wet","02 - Stop sign","02 - Intersection related","05 - Dusk","03 - P.D. only","03 - Rear end"
"2222","BRIAN COBURN BLVD @ GERRY LALONDE DR","383523.53500","5034614.31200","-75.49361","45.44703","2017","5/8/2017","11:21:00 PM","01 - Clear","01 - Dry","02 - Stop sign","02 - Intersection related","07 - Dark","03 - P.D. only","07 - SMV other"
"2223","BRIAN COBURN BLVD @ MER BLEUE RD","383150.81890","5034441.16410","-75.49840","45.44551","2017","9/27/2017","6:30:00 PM","01 - Clear","01 - Dry","11 - Roundabout","03 - At intersection","05 - Dusk","03 - P.D. only","03 - Rear end"
"2224","BRIAN COBURN BLVD @ MER BLEUE RD","383150.81890","5034441.16410","-75.49840","45.44551","2017","2/7/2017","10:38:00 PM","03 - Snow","03 - Loose snow","11 - Roundabout","02 - Intersection related","07 - Dark","03 - P.D. only","07 - SMV other"
"2225","BRIAN COBURN BLVD @ MER BLEUE RD","383150.81890","5034441.16410","-75.49840","45.44551","2017","3/8/2017","7:20:00 AM","04 - Freezing Rain","06 - Ice","11 - Roundabout","02 - Intersection related","01 - Daylight","03 - P.D. only","07 - SMV other"
"2226","BRIAN COBURN BLVD @ MER BLEUE RD","383150.81890","5034441.16410","-75.49840","45.44551","2017","3/30/2017","8:52:00 PM","01 - Clear","01 - Dry","11 - Roundabout","03 - At intersection","07 - Dark","03 - P.D. only","02 - Angle"
"2227","BRIAN COBURN BLVD @ NANTES ST","386131.27010","5035613.09210","-75.46011","45.45571","2017","5/18/2017","7:58:00 AM","01 - Clear","01 - Dry","02 - Stop sign","02 - Intersection related","01 - Daylight","03 - P.D. only","03 - Rear end"
"2228","BRIAN COBURN BLVD @ PAGE RD","381470.80680","5033199.08500","-75.52007","45.43452","2017","10/29/2017","11:43:00 PM","02 - Rain","02 - Wet","01 - Traffic signal","02 - Intersection related","07 - Dark","03 - P.D. only","07 - SMV other"
"2229","BRIAN COBURN BLVD @ STRASBOURG ST","384046.55210","5034849.65267","-75.48688","45.44908","2017","2/9/2017","4:58:00 PM","01 - Clear","06 - Ice","02 - Stop sign","02 - Intersection related","05 - Dusk","03 - P.D. only","03 - Rear end"
"2230","BRIAN COBURN BLVD @ STRASBOURG ST","384046.21765","5034849.35900","-75.48689","45.44908","2017","4/3/2017","7:23:00 AM","01 - Clear","01 - Dry","02 - Stop sign","03 - At intersection","01 - Daylight","03 - P.D. only","02 - Angle"
"2231","BRIAN COBURN BLVD @ STRASBOURG ST","384046.88655","5034849.35900","-75.48688","45.44908","2017","2/24/2017","2:22:00 PM","01 - Clear","02 - Wet","02 - Stop sign","03 - At intersection","01 - Daylight","02 - Non-fatal injury","02 - Angle"
"2232","BRIAN COBURN BLVD @ TENTH LINE RD","384428.33890","5035022.30790","-75.48198","45.45059","2017","4/30/2017","8:45:00 PM","02 - Rain","02 - Wet","01 - Traffic signal","03 - At intersection","07 - Dark","03 - P.D. only","05 - Turning movement"
"2233","BRIAN COBURN BLVD @ TENTH LINE RD","384428.33890","5035022.30790","-75.48198","45.45059","2017","4/29/2017","2:30:00 PM","01 - Clear","01 - Dry","01 - Traffic signal","03 - At intersection","01 - Daylight","03 - P.D. only","05 - Turning movement"
"2234","BRIAN COBURN BLVD @ TENTH LINE RD","384428.33890","5035022.30790","-75.48198","45.45059","2017","6/25/2017","11:28:00 PM","01 - Clear","02 - Wet","01 - Traffic signal","03 - At intersection","07 - Dark","03 - P.D. only","07 - SMV other"
"2235","BRIAN COBURN BLVD @ TENTH LINE RD","384428.33890","5035022.30790","-75.48198","45.45059","2017","7/26/2017","1:22:00 PM","01 - Clear","01 - Dry","01 - Traffic signal","02 - Intersection related","01 - Daylight","03 - P.D. only","03 - Rear end"
"2236","BRIAN COBURN BLVD @ TENTH LINE RD","384428.33890","5035022.30790","-75.48198","45.45059","2017","7/30/2017","3:08:00 PM","01 - Clear","01 - Dry","01 - Traffic signal","02 - Intersection related","01 - Daylight","03 - P.D. only","03 - Rear end"
"2237","BRIAN COBURN BLVD @ TENTH LINE RD","384428.33890","5035022.30790","-75.48198","45.45059","2017","9/1/2017","8:22:00 AM","01 - Clear","01 - Dry","01 - Traffic signal","02 - Intersection related","01 - Daylight","02 - Non-fatal injury","03 - Rear end"
"2238","BRIAN COBURN BLVD @ TENTH LINE RD","384428.33890","5035022.30790","-75.48198","45.45059","2017","10/18/2017","7:15:00 AM","01 - Clear","01 - Dry","01 - Traffic signal","03 - At intersection","01 - Daylight","02 - Non-fatal injury","07 - SMV other"
"2239","BRIAN COBURN BLVD @ TENTH LINE RD","384428.33890","5035022.30790","-75.48198","45.45059","2017","2/9/2017","7:08:00 PM","01 - Clear","01 - Dry","01 - Traffic signal","02 - Intersection related","07 - Dark","03 - P.D. only","03 - Rear end"