"Record","Location","X","Y","Longitude","Latitude","Year","Date","Time","Environment","Road_Surface","Traffic_Control","Collision_Location","Light","Collision_Classification","Impact_type"
"2240","BRIAN COBURN BLVD @ TENTH LINE RD","384428.33890","5035022.30790","-75.48198","45.45059","2017","4/22/2017","6:55:00 PM","01 - Clear","01 - Dry","01 - Traffic signal","02 - Intersection related","01 - Daylight","02 - Non-fatal injury","03 - Rear end"
"2241","BRIAN COBURN BLVD @ TENTH LINE RD","384428.33890","5035022.30790","-75.48198","45.45059","2017","4/13/2017","10:19:00 AM","01 - Clear","01 - Dry","01 - Traffic signal","02 - Intersection related","01 - Daylight","03 - P.D. only","03 - Rear end"
"2242","BRIAN COBURN BLVD @ TENTH LINE RD","384428.33890","5035022.30790","-75.48198","45.45059","2017","3/4/2017","3:40:00 AM","04 - Freezing Rain","02 - Wet","01 - Traffic signal","02 - Intersection related","07 - Dark","03 - P.D. only","07 - SMV other"
"2243","BRIAN COBURN BLVD @ TENTH LINE RD","384428.33890","5035022.30790","-75.48198","45.45059","2017","12/28/2017","8:30:00 AM","01 - Clear","06 - Ice","01 - Traffic signal","03 - At intersection","01 - Daylight","03 - P.D. only","07 - SMV other"
"2244","BRIAN COBURN BLVD @ TRIM RD","387159.87380","5035824.92020","-75.44693","45.45750","2017","8/8/2017","5:00:00 PM","01 - Clear","01 - Dry","11 - Roundabout","03 - At intersection","01 - Daylight","02 - Non-fatal injury","07 - SMV other"
"2245","BRIAN COBURN BLVD @ TRIM RD","387159.87380","5035824.92020","-75.44693","45.45750","2017","10/8/2017","8:00:00 PM","01 - Clear","01 - Dry","11 - Roundabout","02 - Intersection related","07 - Dark","03 - P.D. only","07 - SMV other"
"2246","BRIAN COBURN BLVD btwn AQUAVIEW DR & TENTH LINE RD","384512.28539","5035062.44168","-75.48090","45.45095","2017","6/6/2017","1:05:00 PM","02 - Rain","02 - Wet","10 - No control","04 - At/near private drive","01 - Daylight","03 - P.D. only","02 - Angle"
"2247","BRIAN COBURN BLVD btwn AQUAVIEW DR & TENTH LINE RD","384484.87445","5035046.84333","-75.48125","45.45081","2017","2/25/2017","2:45:00 PM","01 - Clear","02 - Wet","10 - No control","04 - At/near private drive","01 - Daylight","03 - P.D. only","03 - Rear end"
"2248","BRIAN COBURN BLVD btwn CHAPERAL PRIV & MER BLEUE RD","383305.05000","5034512.78900","-75.49642","45.44614","2017","10/18/2017","7:55:00 AM","01 - Clear","01 - Dry","10 - No control","01 - Non intersection","01 - Daylight","02 - Non-fatal injury","03 - Rear end"
"2249","BRIAN COBURN BLVD btwn GERRY LALONDE DR & STRASBOURG ST","383956.67310","5034807.88078","-75.48804","45.44872","2017","6/5/2017","2:09:00 PM","02 - Rain","02 - Wet","10 - No control","01 - Non intersection","01 - Daylight","02 - Non-fatal injury","01 - Approaching"
"2250","BRIAN COBURN BLVD btwn MONTMERE AVE & TRIM RD","387078.08400","5035792.32600","-75.44798","45.45721","2017","10/13/2017","2:59:00 PM","01 - Clear","01 - Dry","10 - No control","01 - Non intersection","01 - Daylight","03 - P.D. only","01 - Approaching"
"2251","BRIAN COBURN BLVD btwn STRASBOURG ST & TENTH LINE RD","384307.22322","5034967.59931","-75.48353","45.45012","2017","6/26/2017","11:06:00 AM","01 - Clear","01 - Dry","10 - No control","04 - At/near private drive","01 - Daylight","02 - Non-fatal injury","03 - Rear end"
"2252","BRIAN CRES btwn HOBBS AVE & NANAIMO DR","359551.91572","5022798.92835","-75.80134","45.34300","2017","12/26/2017","5:01:00 PM","01 - Clear","05 - Packed snow","10 - No control","01 - Non intersection","07 - Dark","03 - P.D. only","06 - SMV unattended vehicle"
"2253","BRIAN GOOD AVE @ EARL ARMSTRONG RD","368110.03520","5014834.15270","-75.69316","45.27061","2017","3/21/2017","5:25:00 PM","01 - Clear","01 - Dry","02 - Stop sign","03 - At intersection","01 - Daylight","03 - P.D. only","02 - Angle"
"2254","BRIAN GOOD AVE @ EARL ARMSTRONG RD","368110.03520","5014834.15270","-75.69316","45.27061","2017","3/24/2017","4:40:00 PM","03 - Snow","02 - Wet","02 - Stop sign","03 - At intersection","01 - Daylight","02 - Non-fatal injury","05 - Turning movement"
"2255","BRIAN GOOD AVE @ SUMMERHILL ST","368156.68410","5014392.54600","-75.69262","45.26664","2017","2/14/2017","3:42:00 PM","03 - Snow","05 - Packed snow","02 - Stop sign","03 - At intersection","01 - Daylight","03 - P.D. only","02 - Angle"
"2256","BRIAN GOOD AVE btwn EARL ARMSTRONG RD & POPLIN ST","368133.77600","5014790.18400","-75.69287","45.27022","2017","9/21/2017","2:58:00 AM","01 - Clear","01 - Dry","10 - No control","01 - Non intersection","07 - Dark","03 - P.D. only","06 - SMV unattended vehicle"
"2257","BRIDGE ST @ ARTHUR CRES N","369023.14269","5010281.16345","-75.68212","45.22956","2017","12/18/2017","2:45:00 PM","03 - Snow","05 - Packed snow","02 - Stop sign","02 - Intersection related","01 - Daylight","03 - P.D. only","03 - Rear end"
"2258","BRIDGE ST @ LONG ISLAND RD","369061.23751","5010344.37960","-75.68162","45.23013","2017","5/24/2017","3:00:00 PM","01 - Clear","01 - Dry","01 - Traffic signal","02 - Intersection related","01 - Daylight","03 - P.D. only","05 - Turning movement"
"2259","BRIDGE ST @ LONG ISLAND RD","369059.70900","5010346.30086","-75.68164","45.23015","2017","7/21/2017","9:08:00 AM","01 - Clear","01 - Dry","01 - Traffic signal","02 - Intersection related","01 - Daylight","02 - Non-fatal injury","03 - Rear end"
"2260","BRIDGE ST @ LONG ISLAND RD","369058.06966","5010347.03794","-75.68166","45.23015","2017","1/21/2017","1:44:00 PM","01 - Clear","02 - Wet","01 - Traffic signal","02 - Intersection related","01 - Daylight","02 - Non-fatal injury","03 - Rear end"
"2261","BRIDGE ST btwn MANOTICK MAIN ST & DICKINSON CIRC","368727.59252","5009963.09937","-75.68592","45.22673","2017","10/5/2017","4:08:00 PM","01 - Clear","01 - Dry","10 - No control","04 - At/near private drive","01 - Daylight","03 - P.D. only","02 - Angle"
"2262","BRIDGE ST/MAPLE AVE @ MANOTICK MAIN ST","368700.64199","5009932.39510","-75.68627","45.22646","2017","6/16/2017","12:35:00 PM","01 - Clear","01 - Dry","01 - Traffic signal","02 - Intersection related","01 - Daylight","03 - P.D. only","03 - Rear end"
"2263","BRIDGE ST/MAPLE AVE @ MANOTICK MAIN ST","368698.99443","5009933.53224","-75.68629","45.22647","2017","5/9/2017","2:38:00 PM","01 - Clear","01 - Dry","01 - Traffic signal","02 - Intersection related","01 - Daylight","03 - P.D. only","02 - Angle"
"2264","BRIDGE ST/MAPLE AVE @ MANOTICK MAIN ST","368700.14983","5009932.16524","-75.68627","45.22645","2017","9/16/2017","4:17:00 PM","01 - Clear","01 - Dry","01 - Traffic signal","02 - Intersection related","01 - Daylight","03 - P.D. only","03 - Rear end"
"2265","BRIDGE ST/MAPLE AVE @ MANOTICK MAIN ST","368701.37514","5009932.38870","-75.68626","45.22646","2017","3/4/2017","10:42:00 AM","01 - Clear","01 - Dry","01 - Traffic signal","02 - Intersection related","01 - Daylight","03 - P.D. only","03 - Rear end"
"2266","BRIDGESTONE DR @ EAGLESON RD","354872.37023","5015402.87414","-75.86180","45.27680","2017","5/19/2017","11:00:00 AM","01 - Clear","01 - Dry","02 - Stop sign","02 - Intersection related","01 - Daylight","03 - P.D. only","03 - Rear end"
"2267","BRIDGESTONE DR @ EAGLESON RD","354873.32896","5015402.95006","-75.86179","45.27680","2017","8/6/2017","2:02:00 PM","01 - Clear","01 - Dry","02 - Stop sign","02 - Intersection related","01 - Daylight","03 - P.D. only","02 - Angle"
"2268","BRIDGESTONE DR @ EAGLESON RD","354873.02545","5015402.56921","-75.86179","45.27680","2017","3/24/2017","8:04:00 AM","03 - Snow","03 - Loose snow","02 - Stop sign","02 - Intersection related","01 - Daylight","03 - P.D. only","03 - Rear end"
"2269","BRIDGESTONE DR @ GRASSY PLAINS DR","355319.63144","5015647.08281","-75.85607","45.27896","2017","12/16/2017","11:05:00 AM","01 - Clear","01 - Dry","02 - Stop sign","03 - At intersection","01 - Daylight","03 - P.D. only","02 - Angle"
"2270","BRIDLE PARK DR @ STONEHAVEN DR","356107.43315","5016318.97536","-75.84596","45.28495","2017","12/7/2017","5:59:00 PM","01 - Clear","01 - Dry","01 - Traffic signal","03 - At intersection","07 - Dark","02 - Non-fatal injury","07 - SMV other"
"2271","BRIDLE PARK DR btwn BLACK RIVERS PL & STONEMEADOW DR","355556.55537","5016350.17819","-75.85298","45.28527","2017","3/30/2017","11:39:00 AM","01 - Clear","01 - Dry","10 - No control","04 - At/near private drive","01 - Daylight","03 - P.D. only","02 - Angle"
"2272","BRIDLE PATH DR @ EQUUS WAY E/HUNTER'S POINT CR","371621.31823","5023533.30760","-75.64725","45.34856","2017","5/4/2017","5:04:00 PM","01 - Clear","01 - Dry","02 - Stop sign","03 - At intersection","01 - Daylight","03 - P.D. only","03 - Rear end"
"2273","BRIDLE PATH DR @ EQUUS WAY E/HUNTER'S POINT CR","371620.64933","5023531.30091","-75.64725","45.34854","2017","6/10/2017","8:33:00 AM","01 - Clear","01 - Dry","02 - Stop sign","02 - Intersection related","01 - Daylight","03 - P.D. only","99 - Other"
"2274","BRIDLE PATH DR @ PIMLICO CRES N","371329.72990","5023792.51210","-75.65093","45.35092","2017","2/11/2017","2:37:00 AM","03 - Snow","06 - Ice","02 - Stop sign","02 - Intersection related","07 - Dark","03 - P.D. only","07 - SMV other"
"2275","BRIDLE PATH DR @ TRAPPER'S RD","371770.72816","5023569.18410","-75.64533","45.34887","2017","4/28/2017","6:04:00 PM","01 - Clear","01 - Dry","02 - Stop sign","03 - At intersection","01 - Daylight","03 - P.D. only","02 - Angle"
"2276","BRIDLE PATH DR @ TRAPPER'S RD","371771.44689","5023568.06256","-75.64533","45.34886","2017","9/22/2017","11:46:00 AM","01 - Clear","01 - Dry","02 - Stop sign","03 - At intersection","01 - Daylight","02 - Non-fatal injury","02 - Angle"
"2277","BRIDLE PATH DR @ TRAPPER'S RD","371771.39705","5023568.51520","-75.64533","45.34886","2017","3/22/2017","2:54:00 PM","01 - Clear","01 - Dry","02 - Stop sign","03 - At intersection","01 - Daylight","03 - P.D. only","02 - Angle"
"2278","BRIDLE PATH DR btwn CAROUSEL CRES & ALBION RD","371904.78054","5023646.71579","-75.64361","45.34956","2017","7/18/2017","4:41:00 PM","01 - Clear","01 - Dry","10 - No control","01 - Non intersection","01 - Daylight","02 - Non-fatal injury","06 - SMV unattended vehicle"
"2279","BRIDLE PATH DR btwn PIMLICO CRES & PIMLICO CRES","371337.37755","5023774.77875","-75.65084","45.35076","2017","1/5/2017","12:42:00 PM","01 - Clear","06 - Ice","10 - No control","01 - Non intersection","01 - Daylight","03 - P.D. only","03 - Rear end"
"2280","BRIDLE PATH DR btwn TRAPPER'S RD & CAROUSEL CRES","371823.57096","5023586.57540","-75.64466","45.34902","2017","9/29/2017","3:40:00 PM","01 - Clear","01 - Dry","10 - No control","01 - Non intersection","01 - Daylight","03 - P.D. only","99 - Other"
"2281","BRIDLEWOOD CRES @ AINTREE PL W/FILION CRES N","354658.45969","5017395.29999","-75.86432","45.29474","2017","2/21/2017","2:41:00 PM","01 - Clear","01 - Dry","02 - Stop sign","03 - At intersection","01 - Daylight","02 - Non-fatal injury","02 - Angle"
"2282","BRIDLEWOOD DR @ STONEHAVEN DR","354796.05234","5016897.37906","-75.86262","45.29025","2017","10/22/2017","1:17:00 PM","01 - Clear","01 - Dry","02 - Stop sign","02 - Intersection related","01 - Daylight","03 - P.D. only","03 - Rear end"
"2283","BRIDLEWOOD DR btwn SPEERS CRES & SPEERS CRES","354751.05531","5017422.76404","-75.86314","45.29498","2017","4/15/2017","3:32:00 PM","01 - Clear","02 - Wet","10 - No control","01 - Non intersection","01 - Daylight","03 - P.D. only","07 - SMV other"
"2284","BRIGADE AVE @ STITTSVILLE MAIN ST","350950.59050","5012494.53013","-75.91205","45.25090","2017","2/10/2017","4:00:00 PM","01 - Clear","02 - Wet","02 - Stop sign","02 - Intersection related","01 - Daylight","03 - P.D. only","03 - Rear end"
"2285","BRIGHAM WAY btwn HANK RIVERS DR & APPLE HILL DR","372527.38260","5024131.63118","-75.63560","45.35386","2017","4/30/2017","7:00:00 PM","02 - Rain","02 - Wet","10 - No control","01 - Non intersection","05 - Dusk","03 - P.D. only","06 - SMV unattended vehicle"
"2286","BRITANNIA RD @ CARLING AVE","360176.20601","5024740.56621","-75.79316","45.36042","2017","6/19/2017","3:30:00 PM","01 - Clear","01 - Dry","02 - Stop sign","02 - Intersection related","01 - Daylight","03 - P.D. only","03 - Rear end"
"2287","BRITANNIA RD @ CARLING AVE","360175.01195","5024738.52820","-75.79317","45.36040","2017","5/19/2017","10:30:00 AM","01 - Clear","01 - Dry","02 - Stop sign","03 - At intersection","01 - Daylight","02 - Non-fatal injury","07 - SMV other"
"2288","BRITANNIA RD @ CARLING AVE","360173.72171","5024738.28925","-75.79319","45.36040","2017","9/20/2017","3:32:00 PM","01 - Clear","01 - Dry","02 - Stop sign","02 - Intersection related","01 - Daylight","03 - P.D. only","99 - Other"
"2289","BRITANNIA RD @ CARLING AVE","360173.67416","5024740.53489","-75.79319","45.36042","2017","2/24/2017","9:30:00 PM","01 - Clear","02 - Wet","02 - Stop sign","03 - At intersection","07 - Dark","02 - Non-fatal injury","07 - SMV other"
"2290","BRITANNIA RD btwn PRISCILLA ST & MARIE ST","360094.33067","5024925.09459","-75.79418","45.36209","2017","6/16/2017","10:29:00 PM","01 - Clear","01 - Dry","10 - No control","01 - Non intersection","07 - Dark","03 - P.D. only","06 - SMV unattended vehicle"
"2291","BRITANNIA RD btwn PRISCILLA ST & MARIE ST","360089.72268","5024936.74458","-75.79424","45.36219","2017","11/30/2017","12:00:00 AM","01 - Clear","01 - Dry","10 - No control","01 - Non intersection","00 - Unknown","03 - P.D. only","06 - SMV unattended vehicle"
"2292","BRITTANY DR @ MONTREAL RD","371912.84572","5033994.78225","-75.64210","45.44266","2017","6/4/2017","8:21:00 AM","01 - Clear","01 - Dry","01 - Traffic signal","03 - At intersection","01 - Daylight","03 - P.D. only","02 - Angle"
"2293","BRITTANY DR @ MONTREAL RD","371911.82830","5033994.82918","-75.64212","45.44266","2017","6/8/2017","5:15:00 PM","01 - Clear","01 - Dry","01 - Traffic signal","03 - At intersection","01 - Daylight","03 - P.D. only","04 - Sideswipe"
"2294","BRITTANY DR @ MONTREAL RD","371913.17104","5033993.89294","-75.64210","45.44265","2017","7/26/2017","5:20:00 PM","01 - Clear","01 - Dry","01 - Traffic signal","02 - Intersection related","01 - Daylight","03 - P.D. only","03 - Rear end"
"2295","BRITTANY DR @ MONTREAL RD","371912.27622","5033994.19868","-75.64211","45.44266","2017","10/26/2017","5:46:00 PM","01 - Clear","01 - Dry","01 - Traffic signal","02 - Intersection related","01 - Daylight","03 - P.D. only","03 - Rear end"
"2296","BRITTANY DR @ MONTREAL RD","371912.20230","5033995.60080","-75.64211","45.44267","2017","11/30/2017","6:58:00 PM","02 - Rain","02 - Wet","01 - Traffic signal","03 - At intersection","07 - Dark","02 - Non-fatal injury","02 - Angle"
"2297","BRITTANY DR @ MONTREAL RD","371912.78385","5033994.62782","-75.64210","45.44266","2017","11/30/2017","12:17:00 PM","01 - Clear","01 - Dry","01 - Traffic signal","02 - Intersection related","01 - Daylight","03 - P.D. only","03 - Rear end"
"2298","BRITTANY DR @ MONTREAL RD","371913.46227","5033995.70750","-75.64209","45.44267","2017","2/14/2017","1:43:00 PM","01 - Clear","01 - Dry","01 - Traffic signal","02 - Intersection related","01 - Daylight","03 - P.D. only","04 - Sideswipe"
"2299","BRITTANY DR @ MONTREAL RD","371912.16535","5033994.03535","-75.64211","45.44266","2017","1/24/2017","2:21:00 PM","03 - Snow","02 - Wet","01 - Traffic signal","03 - At intersection","01 - Daylight","03 - P.D. only","02 - Angle"
"2300","BRITTANY DR btwn KRISTIN WAY & MONTREAL RD","371891.94677","5034041.57634","-75.64236","45.44309","2017","1/25/2017","8:10:00 AM","01 - Clear","02 - Wet","10 - No control","01 - Non intersection","01 - Daylight","03 - P.D. only","04 - Sideswipe"
"2301","BRITTANY DR btwn KRISTIN WAY & MONTREAL RD","371893.19960","5034040.73565","-75.64235","45.44308","2017","2/10/2017","7:40:00 AM","01 - Clear","01 - Dry","10 - No control","01 - Non intersection","01 - Daylight","03 - P.D. only","04 - Sideswipe"
"2302","BROAD ST @ OTTAWA RIVER PKWY","366125.39977","5030906.60817","-75.71646","45.41541","2017","7/27/2017","12:05:00 PM","00 - Unknown","01 - Dry","01 - Traffic signal","02 - Intersection related","01 - Daylight","03 - P.D. only","04 - Sideswipe"
"2303","BROADHEAD AVE @ CLARE ST","363875.69524","5027894.21170","-75.74556","45.38850","2017","7/17/2017","3:18:00 PM","01 - Clear","01 - Dry","02 - Stop sign","02 - Intersection related","01 - Daylight","03 - P.D. only","03 - Rear end"
"2304","BROADVIEW AVE @ DOVERCOURT AVE","362984.34511","5027116.14451","-75.75704","45.38157","2017","6/23/2017","4:52:00 PM","01 - Clear","02 - Wet","02 - Stop sign","02 - Intersection related","01 - Daylight","03 - P.D. only","04 - Sideswipe"
"2305","BROADVIEW AVE @ NADOLNY SACHS PRIV","363284.16704","5026431.13160","-75.75329","45.37538","2017","5/12/2017","4:42:00 PM","01 - Clear","01 - Dry","10 - No control","02 - Intersection related","01 - Daylight","02 - Non-fatal injury","01 - Approaching"
"2306","BROADVIEW AVE @ PRINCETON AVE","362853.35814","5027445.87719","-75.75867","45.38455","2017","5/25/2017","1:00:00 PM","01 - Clear","01 - Dry","02 - Stop sign","02 - Intersection related","01 - Daylight","03 - P.D. only","07 - SMV other"
"2307","BROADVIEW AVE @ TILLBURY AVE","363070.35255","5026905.86860","-75.75596","45.37967","2017","12/14/2017","9:00:00 AM","01 - Clear","01 - Dry","02 - Stop sign","02 - Intersection related","01 - Daylight","03 - P.D. only","06 - SMV unattended vehicle"
"2308","BROADVIEW AVE btwn AVONDALE AVE & DOVERCOURT AVE","362921.31306","5027274.31620","-75.75782","45.38300","2017","4/18/2017","12:00:00 AM","01 - Clear","01 - Dry","10 - No control","01 - Non intersection","00 - Unknown","03 - P.D. only","06 - SMV unattended vehicle"
"2309","BROADVIEW AVE btwn WELLESLEY AVE & CARLING AVE","363174.39396","5026657.58968","-75.75466","45.37743","2017","7/31/2017","9:26:00 AM","01 - Clear","01 - Dry","10 - No control","04 - At/near private drive","01 - Daylight","03 - P.D. only","05 - Turning movement"
"2310","BROADVIEW AVE btwn WELLESLEY AVE & CARLING AVE","363174.33208","5026650.58173","-75.75467","45.37737","2017","6/29/2017","11:37:00 AM","02 - Rain","02 - Wet","10 - No control","04 - At/near private drive","01 - Daylight","02 - Non-fatal injury","07 - SMV other"
"2311","BROADWAY AVE @ RALPH ST","368312.04211","5028890.43180","-75.68878","45.39707","2017","12/13/2017","8:52:00 AM","01 - Clear","05 - Packed snow","02 - Stop sign","03 - At intersection","01 - Daylight","03 - P.D. only","99 - Other"
"2312","BROADWAY AVE btwn TORRINGTON PL & CRAIG ST","367995.64781","5028713.19179","-75.69285","45.39551","2017","2/5/2017","9:22:00 AM","01 - Clear","03 - Loose snow","10 - No control","01 - Non intersection","01 - Daylight","03 - P.D. only","06 - SMV unattended vehicle"
"2313","BROMLEY RD @ SHERBOURNE RD","362923.54686","5026580.94011","-75.75788","45.37676","2017","1/8/2017","2:28:00 PM","01 - Clear","06 - Ice","02 - Stop sign","02 - Intersection related","01 - Daylight","03 - P.D. only","05 - Turning movement"
"2314","BROMONT WAY btwn RADWAY TER & NATHAN CRT","381681.66569","5035664.93026","-75.51699","45.45668","2017","4/1/2017","11:29:00 AM","01 - Clear","02 - Wet","10 - No control","01 - Non intersection","01 - Daylight","03 - P.D. only","07 - SMV other"
"2315","BRONSON AVE @ BRONSON AVE NB ON RAMP 42","367753.04603","5028446.00384","-75.69598","45.39312","2017","5/25/2017","9:28:00 AM","01 - Clear","01 - Dry","03 - Yield sign","02 - Intersection related","01 - Daylight","03 - P.D. only","03 - Rear end"
"2316","BRONSON AVE @ BRONSON AVE NB ON RAMP 42","367753.71493","5028446.00384","-75.69597","45.39312","2017","5/21/2017","3:50:00 PM","01 - Clear","01 - Dry","03 - Yield sign","02 - Intersection related","01 - Daylight","02 - Non-fatal injury","03 - Rear end"
"2317","BRONSON AVE @ BRONSON AVE NB ON RAMP 42","367753.58729","5028446.21239","-75.69597","45.39313","2017","5/13/2017","9:30:00 AM","02 - Rain","02 - Wet","03 - Yield sign","02 - Intersection related","01 - Daylight","03 - P.D. only","03 - Rear end"
"2318","BRONSON AVE @ BRONSON AVE NB ON RAMP 42","367753.31685","5028446.09559","-75.69598","45.39312","2017","12/4/2017","12:13:00 PM","01 - Clear","01 - Dry","03 - Yield sign","02 - Intersection related","01 - Daylight","03 - P.D. only","03 - Rear end"
"2319","BRONSON AVE @ BRONSON AVE NB ON RAMP 42","367752.89551","5028447.29813","-75.69598","45.39314","2017","12/28/2017","3:00:00 PM","01 - Clear","06 - Ice","03 - Yield sign","02 - Intersection related","01 - Daylight","03 - P.D. only","03 - Rear end"
"2320","BRONSON AVE @ CARLING AVE/GLEBE AVE","367447.70700","5029335.78748","-75.69977","45.40116","2017","5/30/2017","12:13:00 PM","01 - Clear","01 - Dry","01 - Traffic signal","02 - Intersection related","01 - Daylight","03 - P.D. only","03 - Rear end"
"2321","BRONSON AVE @ CARLING AVE/GLEBE AVE","367449.37924","5029334.89310","-75.69975","45.40115","2017","6/22/2017","7:10:00 PM","01 - Clear","01 - Dry","01 - Traffic signal","02 - Intersection related","01 - Daylight","03 - P.D. only","03 - Rear end"
"2322","BRONSON AVE @ CARLING AVE/GLEBE AVE","367448.04145","5029335.56200","-75.69976","45.40115","2017","5/14/2017","9:47:00 AM","02 - Rain","02 - Wet","01 - Traffic signal","03 - At intersection","01 - Daylight","03 - P.D. only","02 - Angle"
"2323","BRONSON AVE @ CARLING AVE/GLEBE AVE","367447.70700","5029334.91475","-75.69977","45.40115","2017","7/6/2017","1:20:00 PM","01 - Clear","01 - Dry","01 - Traffic signal","02 - Intersection related","01 - Daylight","03 - P.D. only","04 - Sideswipe"
"2324","BRONSON AVE @ CARLING AVE/GLEBE AVE","367446.27331","5029335.80095","-75.69979","45.40116","2017","9/14/2017","6:43:00 PM","01 - Clear","01 - Dry","01 - Traffic signal","03 - At intersection","01 - Daylight","03 - P.D. only","05 - Turning movement"
"2325","BRONSON AVE @ CARLING AVE/GLEBE AVE","367448.25345","5029335.01555","-75.69976","45.40115","2017","8/12/2017","11:00:00 AM","01 - Clear","01 - Dry","01 - Traffic signal","02 - Intersection related","01 - Daylight","03 - P.D. only","03 - Rear end"
"2326","BRONSON AVE @ CARLING AVE/GLEBE AVE","367447.37255","5029336.89979","-75.69977","45.40117","2017","10/10/2017","10:53:00 AM","01 - Clear","01 - Dry","01 - Traffic signal","03 - At intersection","01 - Daylight","03 - P.D. only","04 - Sideswipe"
"2327","BRONSON AVE @ CARLING AVE/GLEBE AVE","367446.61410","5029336.65490","-75.69978","45.40116","2017","10/2/2017","7:43:00 PM","01 - Clear","01 - Dry","01 - Traffic signal","02 - Intersection related","07 - Dark","03 - P.D. only","04 - Sideswipe"
"2328","BRONSON AVE @ CARLING AVE/GLEBE AVE","367446.75121","5029335.80095","-75.69978","45.40116","2017","11/9/2017","10:57:00 AM","01 - Clear","01 - Dry","01 - Traffic signal","02 - Intersection related","01 - Daylight","03 - P.D. only","04 - Sideswipe"
"2329","BRONSON AVE @ CARLING AVE/GLEBE AVE","367448.04145","5029336.23090","-75.69976","45.40116","2017","11/14/2017","6:16:00 PM","01 - Clear","01 - Dry","01 - Traffic signal","03 - At intersection","07 - Dark","03 - P.D. only","04 - Sideswipe"
"2330","BRONSON AVE @ CARLING AVE/GLEBE AVE","367448.18037","5029336.27206","-75.69976","45.40116","2017","12/11/2017","4:40:00 PM","01 - Clear","01 - Dry","01 - Traffic signal","02 - Intersection related","05 - Dusk","03 - P.D. only","03 - Rear end"
"2331","BRONSON AVE @ CARLING AVE/GLEBE AVE","367448.71034","5029336.23090","-75.69975","45.40116","2017","1/5/2017","2:06:00 PM","01 - Clear","02 - Wet","01 - Traffic signal","02 - Intersection related","01 - Daylight","03 - P.D. only","04 - Sideswipe"
"2332","BRONSON AVE @ CARLING AVE/GLEBE AVE","367447.70700","5029335.18677","-75.69977","45.40115","2017","1/13/2017","9:55:00 AM","01 - Clear","02 - Wet","01 - Traffic signal","02 - Intersection related","01 - Daylight","03 - P.D. only","04 - Sideswipe"
"2333","BRONSON AVE @ CARLING AVE/GLEBE AVE","367447.70700","5029336.27206","-75.69977","45.40116","2017","12/23/2017","1:28:00 PM","03 - Snow","05 - Packed snow","01 - Traffic signal","02 - Intersection related","01 - Daylight","03 - P.D. only","03 - Rear end"
"2334","BRONSON AVE @ CATHERINE ST/RAYMOND ST","367251.17999","5029796.56650","-75.70222","45.40532","2017","6/11/2017","2:00:00 AM","01 - Clear","01 - Dry","01 - Traffic signal","02 - Intersection related","07 - Dark","03 - P.D. only","04 - Sideswipe"
"2335","BRONSON AVE @ CATHERINE ST/RAYMOND ST","367251.63755","5029795.22781","-75.70221","45.40531","2017","7/18/2017","6:53:00 PM","01 - Clear","01 - Dry","01 - Traffic signal","02 - Intersection related","01 - Daylight","03 - P.D. only","04 - Sideswipe"
"2336","BRONSON AVE @ CATHERINE ST/RAYMOND ST","367253.03727","5029796.52936","-75.70220","45.40532","2017","8/10/2017","5:42:00 PM","01 - Clear","01 - Dry","01 - Traffic signal","02 - Intersection related","01 - Daylight","03 - P.D. only","03 - Rear end"
"2337","BRONSON AVE @ CATHERINE ST/RAYMOND ST","367252.61405","5029796.28468","-75.70220","45.40532","2017","8/23/2017","2:15:00 PM","01 - Clear","01 - Dry","01 - Traffic signal","02 - Intersection related","01 - Daylight","02 - Non-fatal injury","03 - Rear end"
"2338","BRONSON AVE @ CATHERINE ST/RAYMOND ST","367252.70850","5029795.84965","-75.70220","45.40531","2017","9/2/2017","6:53:00 PM","01 - Clear","01 - Dry","01 - Traffic signal","02 - Intersection related","01 - Daylight","03 - P.D. only","03 - Rear end"
"2339","BRONSON AVE @ CATHERINE ST/RAYMOND ST","367253.80140","5029795.47360","-75.70219","45.40531","2017","9/30/2017","8:20:00 PM","01 - Clear","01 - Dry","01 - Traffic signal","02 - Intersection related","07 - Dark","03 - P.D. only","04 - Sideswipe"
"2340","BRONSON AVE @ CATHERINE ST/RAYMOND ST","367253.71184","5029795.22871","-75.70219","45.40531","2017","12/13/2017","10:36:00 AM","01 - Clear","02 - Wet","01 - Traffic signal","02 - Intersection related","01 - Daylight","02 - Non-fatal injury","02 - Angle"
"2341","BRONSON AVE @ CATHERINE ST/RAYMOND ST","367252.72926","5029796.91546","-75.70220","45.40532","2017","1/30/2017","9:43:00 AM","01 - Clear","06 - Ice","01 - Traffic signal","02 - Intersection related","01 - Daylight","03 - P.D. only","03 - Rear end"
"2342","BRONSON AVE @ CATHERINE ST/RAYMOND ST","367252.56474","5029797.00578","-75.70220","45.40532","2017","2/13/2017","5:50:00 AM","03 - Snow","06 - Ice","01 - Traffic signal","02 - Intersection related","07 - Dark","03 - P.D. only","03 - Rear end"
"2343","BRONSON AVE @ CATHERINE ST/RAYMOND ST","367253.04295","5029797.90429","-75.70219","45.40533","2017","4/7/2017","12:01:00 AM","02 - Rain","02 - Wet","01 - Traffic signal","03 - At intersection","07 - Dark","02 - Non-fatal injury","07 - SMV other"