"Record","Location","X","Y","Longitude","Latitude","Year","Date","Time","Environment","Road_Surface","Traffic_Control","Collision_Location","Light","Collision_Classification","Impact_type"
"2344","BRONSON AVE @ CATHERINE ST/RAYMOND ST","367253.04295","5029796.56650","-75.70220","45.40532","2017","2/20/2017","1:41:00 PM","01 - Clear","01 - Dry","01 - Traffic signal","03 - At intersection","01 - Daylight","03 - P.D. only","05 - Turning movement"
"2345","BRONSON AVE @ CATHERINE ST/RAYMOND ST","367251.03626","5029796.56650","-75.70222","45.40532","2017","2/25/2017","5:09:00 PM","02 - Rain","02 - Wet","01 - Traffic signal","02 - Intersection related","01 - Daylight","03 - P.D. only","04 - Sideswipe"
"2346","BRONSON AVE @ CATHERINE ST/RAYMOND ST","367252.37405","5029795.89760","-75.70220","45.40531","2017","4/7/2017","12:11:00 AM","02 - Rain","02 - Wet","01 - Traffic signal","03 - At intersection","07 - Dark","02 - Non-fatal injury","05 - Turning movement"
"2347","BRONSON AVE @ CATHERINE ST/RAYMOND ST","367252.47332","5029796.58350","-75.70220","45.40532","2017","12/17/2017","12:28:00 PM","01 - Clear","02 - Wet","01 - Traffic signal","02 - Intersection related","01 - Daylight","03 - P.D. only","04 - Sideswipe"
"2348","BRONSON AVE @ CHRISTIE ST","367051.70224","5030280.56320","-75.70471","45.40969","2017","5/21/2017","11:50:00 AM","02 - Rain","02 - Wet","01 - Traffic signal","02 - Intersection related","01 - Daylight","03 - P.D. only","05 - Turning movement"
"2349","BRONSON AVE @ COMMISSIONER ST/SLATER ST","366769.25875","5030948.49743","-75.70823","45.41573","2017","8/28/2017","8:30:00 AM","01 - Clear","01 - Dry","01 - Traffic signal","03 - At intersection","01 - Daylight","03 - P.D. only","01 - Approaching"
"2350","BRONSON AVE @ COMMISSIONER ST/SLATER ST","366767.70206","5030949.90549","-75.70825","45.41574","2017","10/28/2017","8:17:00 PM","01 - Clear","02 - Wet","01 - Traffic signal","02 - Intersection related","07 - Dark","03 - P.D. only","05 - Turning movement"
"2351","BRONSON AVE @ COMMISSIONER ST/SLATER ST","366768.92771","5030948.26107","-75.70823","45.41573","2017","9/24/2017","4:45:00 PM","01 - Clear","01 - Dry","01 - Traffic signal","02 - Intersection related","01 - Daylight","03 - P.D. only","04 - Sideswipe"
"2352","BRONSON AVE @ COMMISSIONER ST/SLATER ST","366768.70540","5030948.80439","-75.70824","45.41573","2017","10/1/2017","12:36:00 PM","01 - Clear","01 - Dry","01 - Traffic signal","02 - Intersection related","01 - Daylight","03 - P.D. only","06 - SMV unattended vehicle"
"2353","BRONSON AVE @ COMMISSIONER ST/SLATER ST","366769.25132","5030948.85159","-75.70823","45.41573","2017","9/26/2017","1:36:00 PM","01 - Clear","01 - Dry","01 - Traffic signal","03 - At intersection","01 - Daylight","03 - P.D. only","05 - Turning movement"
"2354","BRONSON AVE @ COMMISSIONER ST/SLATER ST","366768.82579","5030948.57290","-75.70824","45.41573","2017","12/12/2017","7:52:00 PM","03 - Snow","03 - Loose snow","01 - Traffic signal","02 - Intersection related","07 - Dark","03 - P.D. only","07 - SMV other"
"2355","BRONSON AVE @ COMMISSIONER ST/SLATER ST","366770.37764","5030947.89880","-75.70822","45.41572","2017","11/27/2017","10:00:00 AM","01 - Clear","02 - Wet","01 - Traffic signal","03 - At intersection","01 - Daylight","02 - Non-fatal injury","02 - Angle"
"2356","BRONSON AVE @ COMMISSIONER ST/SLATER ST","366769.78315","5030947.91544","-75.70822","45.41572","2017","1/14/2017","2:01:00 PM","01 - Clear","01 - Dry","01 - Traffic signal","03 - At intersection","01 - Daylight","03 - P.D. only","05 - Turning movement"
"2357","BRONSON AVE @ COMMISSIONER ST/SLATER ST","366769.70874","5030948.56770","-75.70822","45.41573","2017","2/15/2017","8:40:00 AM","03 - Snow","03 - Loose snow","01 - Traffic signal","03 - At intersection","01 - Daylight","03 - P.D. only","02 - Angle"
"2358","BRONSON AVE @ COMMISSIONER ST/SLATER ST","366768.28670","5030948.10072","-75.70824","45.41572","2017","2/4/2017","5:29:00 PM","01 - Clear","01 - Dry","01 - Traffic signal","03 - At intersection","07 - Dark","03 - P.D. only","05 - Turning movement"
"2359","BRONSON AVE @ COMMISSIONER ST/SLATER ST","366769.70874","5030947.89880","-75.70822","45.41572","2017","3/3/2017","4:33:00 PM","01 - Clear","01 - Dry","01 - Traffic signal","03 - At intersection","01 - Daylight","03 - P.D. only","04 - Sideswipe"
"2360","BRONSON AVE @ COMMISSIONER ST/SLATER ST","366769.70874","5030949.23660","-75.70822","45.41573","2017","3/14/2017","11:43:00 PM","03 - Snow","05 - Packed snow","01 - Traffic signal","02 - Intersection related","07 - Dark","03 - P.D. only","03 - Rear end"
"2361","BRONSON AVE @ COMMISSIONER ST/SLATER ST","366769.07338","5030948.89935","-75.70823","45.41573","2017","4/4/2017","3:17:00 PM","02 - Rain","02 - Wet","01 - Traffic signal","02 - Intersection related","01 - Daylight","03 - P.D. only","03 - Rear end"
"2362","BRONSON AVE @ COOPER ST","366932.70374","5030559.90140","-75.70619","45.41222","2017","6/3/2017","7:49:00 PM","01 - Clear","01 - Dry","10 - No control","03 - At intersection","01 - Daylight","03 - P.D. only","02 - Angle"
"2363","BRONSON AVE @ FIFTH AVE/MADAWASKA DR","367614.71604","5028939.89149","-75.69768","45.39758","2017","5/7/2017","6:29:00 PM","07 - Fog, mist, smoke, dust","02 - Wet","01 - Traffic signal","02 - Intersection related","01 - Daylight","03 - P.D. only","03 - Rear end"
"2364","BRONSON AVE @ FIFTH AVE/MADAWASKA DR","367614.75800","5028939.30913","-75.69768","45.39757","2017","7/18/2017","8:22:00 AM","01 - Clear","01 - Dry","01 - Traffic signal","02 - Intersection related","01 - Daylight","03 - P.D. only","03 - Rear end"
"2365","BRONSON AVE @ FIFTH AVE/MADAWASKA DR","367615.05015","5028940.05038","-75.69768","45.39758","2017","7/23/2017","5:51:00 PM","01 - Clear","01 - Dry","01 - Traffic signal","02 - Intersection related","01 - Daylight","03 - P.D. only","04 - Sideswipe"
"2366","BRONSON AVE @ FIFTH AVE/MADAWASKA DR","367614.25915","5028939.10015","-75.69769","45.39757","2017","9/28/2017","3:58:00 PM","01 - Clear","01 - Dry","01 - Traffic signal","02 - Intersection related","01 - Daylight","02 - Non-fatal injury","04 - Sideswipe"
"2367","BRONSON AVE @ FIFTH AVE/MADAWASKA DR","367612.81885","5028938.33024","-75.69771","45.39757","2017","9/11/2017","8:41:00 AM","01 - Clear","01 - Dry","01 - Traffic signal","02 - Intersection related","01 - Daylight","03 - P.D. only","03 - Rear end"
"2368","BRONSON AVE @ FIFTH AVE/MADAWASKA DR","367613.99252","5028938.60125","-75.69769","45.39757","2017","9/6/2017","9:57:00 AM","01 - Clear","01 - Dry","01 - Traffic signal","02 - Intersection related","01 - Daylight","02 - Non-fatal injury","03 - Rear end"
"2369","BRONSON AVE @ FIFTH AVE/MADAWASKA DR","367615.24121","5028939.57270","-75.69768","45.39758","2017","11/23/2017","8:05:00 AM","01 - Clear","01 - Dry","01 - Traffic signal","03 - At intersection","01 - Daylight","02 - Non-fatal injury","07 - SMV other"
"2370","BRONSON AVE @ FIFTH AVE/MADAWASKA DR","367614.04715","5028937.88480","-75.69769","45.39756","2017","11/19/2017","8:06:00 AM","03 - Snow","06 - Ice","01 - Traffic signal","02 - Intersection related","01 - Daylight","03 - P.D. only","03 - Rear end"
"2371","BRONSON AVE @ FIFTH AVE/MADAWASKA DR","367613.37825","5028939.89149","-75.69770","45.39758","2017","11/11/2017","2:59:00 PM","01 - Clear","01 - Dry","01 - Traffic signal","03 - At intersection","01 - Daylight","02 - Non-fatal injury","07 - SMV other"
"2372","BRONSON AVE @ FIFTH AVE/MADAWASKA DR","367612.61980","5028938.55370","-75.69771","45.39757","2017","1/27/2017","3:50:00 PM","01 - Clear","02 - Wet","01 - Traffic signal","02 - Intersection related","01 - Daylight","03 - P.D. only","04 - Sideswipe"
"2373","BRONSON AVE @ FIFTH AVE/MADAWASKA DR","367613.97460","5028936.51348","-75.69769","45.39755","2017","1/5/2017","11:09:00 AM","01 - Clear","03 - Loose snow","01 - Traffic signal","02 - Intersection related","01 - Daylight","03 - P.D. only","04 - Sideswipe"
"2374","BRONSON AVE @ FIFTH AVE/MADAWASKA DR","367613.71270","5028937.35896","-75.69770","45.39756","2017","12/21/2017","5:30:00 PM","01 - Clear","01 - Dry","01 - Traffic signal","03 - At intersection","07 - Dark","03 - P.D. only","05 - Turning movement"
"2375","BRONSON AVE @ FINDLAY AVE","367728.77467","5028661.47642","-75.69626","45.39506","2017","8/18/2017","5:58:00 PM","01 - Clear","01 - Dry","02 - Stop sign","02 - Intersection related","01 - Daylight","03 - P.D. only","03 - Rear end"
"2376","BRONSON AVE @ FINDLAY AVE","367728.71070","5028661.18167","-75.69626","45.39506","2017","1/20/2017","3:56:00 PM","03 - Snow","02 - Wet","02 - Stop sign","02 - Intersection related","01 - Daylight","03 - P.D. only","03 - Rear end"
"2377","BRONSON AVE @ FIRST AVE","367488.70406","5029235.22461","-75.69926","45.40025","2017","6/5/2017","5:10:00 PM","01 - Clear","01 - Dry","02 - Stop sign","03 - At intersection","01 - Daylight","02 - Non-fatal injury","03 - Rear end"
"2378","BRONSON AVE @ FIRST AVE","367490.04185","5029237.23130","-75.69924","45.40027","2017","5/13/2017","10:56:00 AM","02 - Rain","02 - Wet","02 - Stop sign","03 - At intersection","01 - Daylight","03 - P.D. only","05 - Turning movement"
"2379","BRONSON AVE @ FIRST AVE","367488.70406","5029235.89350","-75.69926","45.40025","2017","11/30/2017","3:47:00 PM","04 - Freezing Rain","06 - Ice","02 - Stop sign","02 - Intersection related","01 - Daylight","03 - P.D. only","04 - Sideswipe"
"2380","BRONSON AVE @ FIRST AVE","367489.22950","5029236.80135","-75.69925","45.40026","2017","12/12/2017","1:45:00 PM","03 - Snow","03 - Loose snow","02 - Stop sign","02 - Intersection related","01 - Daylight","03 - P.D. only","02 - Angle"
"2381","BRONSON AVE @ FLORA ST","367192.13771","5029939.84513","-75.70295","45.40661","2017","10/5/2017","3:01:00 PM","01 - Clear","01 - Dry","02 - Stop sign","02 - Intersection related","01 - Daylight","03 - P.D. only","04 - Sideswipe"
"2382","BRONSON AVE @ FOURTH AVE","367582.71016","5029009.56050","-75.69808","45.39821","2017","7/13/2017","4:59:00 PM","01 - Clear","01 - Dry","02 - Stop sign","03 - At intersection","01 - Daylight","03 - P.D. only","02 - Angle"
"2383","BRONSON AVE @ FOURTH AVE","367584.94807","5029010.79507","-75.69806","45.39822","2017","2/4/2017","3:50:00 PM","01 - Clear","01 - Dry","02 - Stop sign","03 - At intersection","01 - Daylight","03 - P.D. only","05 - Turning movement"
"2384","BRONSON AVE @ GLADSTONE AVE","367133.70170","5030080.84715","-75.70368","45.40789","2017","8/14/2017","1:08:00 PM","01 - Clear","01 - Dry","01 - Traffic signal","03 - At intersection","01 - Daylight","03 - P.D. only","02 - Angle"
"2385","BRONSON AVE @ GLADSTONE AVE","367134.03615","5030081.56400","-75.70368","45.40790","2017","6/28/2017","3:22:00 PM","01 - Clear","01 - Dry","01 - Traffic signal","03 - At intersection","01 - Daylight","02 - Non-fatal injury","07 - SMV other"
"2386","BRONSON AVE @ GLADSTONE AVE","367132.74591","5030080.84715","-75.70370","45.40789","2017","9/10/2017","1:00:00 AM","01 - Clear","01 - Dry","01 - Traffic signal","02 - Intersection related","07 - Dark","03 - P.D. only","04 - Sideswipe"
"2387","BRONSON AVE @ GLADSTONE AVE","367133.22380","5030081.80295","-75.70369","45.40790","2017","9/21/2017","8:38:00 AM","01 - Clear","01 - Dry","01 - Traffic signal","03 - At intersection","01 - Daylight","03 - P.D. only","05 - Turning movement"
"2388","BRONSON AVE @ GLADSTONE AVE","367133.22380","5030080.36926","-75.70369","45.40788","2017","12/8/2017","12:21:00 PM","01 - Clear","01 - Dry","01 - Traffic signal","02 - Intersection related","01 - Daylight","03 - P.D. only","03 - Rear end"
"2389","BRONSON AVE @ GLADSTONE AVE","367134.03615","5030082.23290","-75.70368","45.40790","2017","11/27/2017","1:50:00 PM","01 - Clear","03 - Loose snow","01 - Traffic signal","02 - Intersection related","01 - Daylight","02 - Non-fatal injury","03 - Rear end"
"2390","BRONSON AVE @ GLADSTONE AVE","367134.03615","5030081.56400","-75.70368","45.40790","2017","11/17/2017","7:57:00 PM","01 - Clear","01 - Dry","01 - Traffic signal","03 - At intersection","07 - Dark","03 - P.D. only","02 - Angle"
"2391","BRONSON AVE @ GLADSTONE AVE","367134.79460","5030081.56400","-75.70367","45.40790","2017","2/3/2017","11:30:00 PM","01 - Clear","01 - Dry","01 - Traffic signal","03 - At intersection","07 - Dark","03 - P.D. only","02 - Angle"
"2392","BRONSON AVE @ GLADSTONE AVE","367133.70410","5030081.56490","-75.70368","45.40790","2017","2/13/2017","3:13:00 PM","03 - Snow","03 - Loose snow","01 - Traffic signal","02 - Intersection related","01 - Daylight","03 - P.D. only","05 - Turning movement"
"2393","BRONSON AVE @ GLADSTONE AVE","367133.36725","5030082.23290","-75.70369","45.40790","2017","4/22/2017","10:31:00 AM","01 - Clear","01 - Dry","01 - Traffic signal","02 - Intersection related","01 - Daylight","03 - P.D. only","99 - Other"
"2394","BRONSON AVE @ GLOUCESTER ST","366833.22873","5030792.80939","-75.70743","45.41432","2017","10/19/2017","7:24:00 PM","01 - Clear","01 - Dry","01 - Traffic signal","02 - Intersection related","07 - Dark","03 - P.D. only","04 - Sideswipe"
"2395","BRONSON AVE @ HOLMWOOD AVE","367701.71104","5028728.20571","-75.69660","45.39567","2017","5/7/2017","5:56:00 PM","01 - Clear","01 - Dry","01 - Traffic signal","02 - Intersection related","01 - Daylight","03 - P.D. only","04 - Sideswipe"
"2396","BRONSON AVE @ HOLMWOOD AVE","367700.96289","5028729.44402","-75.69661","45.39568","2017","9/2/2017","10:47:00 AM","01 - Clear","01 - Dry","01 - Traffic signal","02 - Intersection related","01 - Daylight","03 - P.D. only","03 - Rear end"
"2397","BRONSON AVE @ HOLMWOOD AVE","367699.70436","5028729.54350","-75.69663","45.39568","2017","2/12/2017","1:35:00 PM","03 - Snow","04 - Slush","01 - Traffic signal","02 - Intersection related","01 - Daylight","03 - P.D. only","03 - Rear end"
"2398","BRONSON AVE @ HOLMWOOD AVE","367699.95723","5028728.41780","-75.69662","45.39567","2017","3/21/2017","5:34:00 PM","02 - Rain","02 - Wet","01 - Traffic signal","03 - At intersection","01 - Daylight","03 - P.D. only","03 - Rear end"
"2399","BRONSON AVE @ HOLMWOOD AVE","367702.20864","5028728.41780","-75.69659","45.39567","2017","3/28/2017","8:13:00 AM","01 - Clear","02 - Wet","01 - Traffic signal","02 - Intersection related","01 - Daylight","02 - Non-fatal injury","03 - Rear end"
"2400","BRONSON AVE @ HOLMWOOD AVE","367700.37325","5028728.87460","-75.69662","45.39567","2017","3/13/2017","3:37:00 PM","01 - Clear","01 - Dry","01 - Traffic signal","02 - Intersection related","01 - Daylight","03 - P.D. only","03 - Rear end"
"2401","BRONSON AVE @ HWY 417 BRONSON IC121AR51","367287.53706","5029710.84110","-75.70177","45.40455","2017","10/25/2017","5:00:00 PM","01 - Clear","01 - Dry","01 - Traffic signal","02 - Intersection related","01 - Daylight","03 - P.D. only","03 - Rear end"
"2402","BRONSON AVE @ HWY 417 BRONSON IC121AR51","367287.96193","5029710.18297","-75.70176","45.40454","2017","1/6/2017","12:10:00 PM","01 - Clear","02 - Wet","01 - Traffic signal","02 - Intersection related","01 - Daylight","03 - P.D. only","02 - Angle"
"2403","BRONSON AVE @ HWY 417 BRONSON IC121AR51","367289.71574","5029711.22710","-75.70174","45.40455","2017","2/17/2017","11:12:00 PM","01 - Clear","01 - Dry","01 - Traffic signal","03 - At intersection","07 - Dark","03 - P.D. only","04 - Sideswipe"
"2404","BRONSON AVE @ HWY 417 BRONSON IC121AR51","367288.32822","5029710.56190","-75.70176","45.40454","2017","1/26/2017","6:13:00 PM","01 - Clear","02 - Wet","01 - Traffic signal","02 - Intersection related","07 - Dark","03 - P.D. only","03 - Rear end"
"2405","BRONSON AVE @ IMPERIAL AVE/PLYMOUTH ST","367318.70271","5029643.55165","-75.70138","45.40394","2017","5/2/2017","7:42:00 PM","02 - Rain","02 - Wet","10 - No control","03 - At intersection","01 - Daylight","02 - Non-fatal injury","07 - SMV other"
"2406","BRONSON AVE @ IMPERIAL AVE/PLYMOUTH ST","367317.69996","5029644.88949","-75.70139","45.40395","2017","5/4/2017","9:43:00 PM","02 - Rain","02 - Wet","10 - No control","03 - At intersection","07 - Dark","03 - P.D. only","05 - Turning movement"
"2407","BRONSON AVE @ IMPERIAL AVE/PLYMOUTH ST","367318.70600","5029643.69819","-75.70138","45.40394","2017","8/31/2017","10:15:00 AM","01 - Clear","01 - Dry","10 - No control","03 - At intersection","01 - Daylight","03 - P.D. only","05 - Turning movement"
"2408","BRONSON AVE @ IMPERIAL AVE/PLYMOUTH ST","367318.64663","5029643.41466","-75.70138","45.40394","2017","9/3/2017","5:14:00 PM","02 - Rain","02 - Wet","10 - No control","02 - Intersection related","01 - Daylight","03 - P.D. only","03 - Rear end"
"2409","BRONSON AVE @ IMPERIAL AVE/PLYMOUTH ST","367318.84941","5029642.99157","-75.70137","45.40393","2017","7/8/2017","12:00:00 PM","01 - Clear","01 - Dry","10 - No control","02 - Intersection related","01 - Daylight","03 - P.D. only","03 - Rear end"
"2410","BRONSON AVE @ IMPERIAL AVE/PLYMOUTH ST","367318.70330","5029643.31275","-75.70138","45.40394","2017","9/8/2017","4:24:00 PM","01 - Clear","01 - Dry","10 - No control","02 - Intersection related","01 - Daylight","03 - P.D. only","05 - Turning movement"
"2411","BRONSON AVE @ IMPERIAL AVE/PLYMOUTH ST","367318.25056","5029643.23284","-75.70138","45.40393","2017","10/19/2017","6:55:00 PM","01 - Clear","01 - Dry","10 - No control","03 - At intersection","07 - Dark","03 - P.D. only","05 - Turning movement"
"2412","BRONSON AVE @ IMPERIAL AVE/PLYMOUTH ST","367318.36885","5029643.55170","-75.70138","45.40394","2017","11/9/2017","6:41:00 AM","01 - Clear","01 - Dry","10 - No control","02 - Intersection related","03 - Dawn","03 - P.D. only","04 - Sideswipe"
"2413","BRONSON AVE @ IMPERIAL AVE/PLYMOUTH ST","367319.26485","5029642.97629","-75.70137","45.40393","2017","11/10/2017","1:06:00 PM","01 - Clear","01 - Dry","10 - No control","02 - Intersection related","01 - Daylight","03 - P.D. only","04 - Sideswipe"
"2414","BRONSON AVE @ IMPERIAL AVE/PLYMOUTH ST","367319.70664","5029642.88280","-75.70136","45.40393","2017","2/18/2017","8:00:00 PM","01 - Clear","02 - Wet","10 - No control","03 - At intersection","07 - Dark","03 - P.D. only","05 - Turning movement"
"2415","BRONSON AVE @ IMPERIAL AVE/PLYMOUTH ST","367318.18022","5029643.80104","-75.70138","45.40394","2017","1/12/2017","10:10:00 AM","02 - Rain","02 - Wet","10 - No control","02 - Intersection related","01 - Daylight","03 - P.D. only","04 - Sideswipe"
"2416","BRONSON AVE @ IMPERIAL AVE/PLYMOUTH ST","367319.21280","5029644.57070","-75.70137","45.40395","2017","4/16/2017","12:13:00 PM","02 - Rain","02 - Wet","10 - No control","02 - Intersection related","01 - Daylight","03 - P.D. only","05 - Turning movement"
"2417","BRONSON AVE @ IMPERIAL AVE/PLYMOUTH ST","367319.03775","5029645.55839","-75.70137","45.40396","2017","3/5/2017","5:04:00 PM","01 - Clear","01 - Dry","10 - No control","03 - At intersection","01 - Daylight","02 - Non-fatal injury","05 - Turning movement"
"2418","BRONSON AVE @ JAMES ST","367068.37294","5030240.23171","-75.70450","45.40933","2017","11/15/2017","12:27:00 PM","01 - Clear","01 - Dry","02 - Stop sign","03 - At intersection","01 - Daylight","03 - P.D. only","02 - Angle"
"2419","BRONSON AVE @ KIPPEWA DR","367557.72014","5029074.88800","-75.69840","45.39880","2017","6/13/2017","12:00:00 PM","01 - Clear","01 - Dry","02 - Stop sign","03 - At intersection","01 - Daylight","02 - Non-fatal injury","02 - Angle"
"2420","BRONSON AVE @ KIPPEWA DR","367557.05125","5029076.22580","-75.69840","45.39881","2017","11/14/2017","5:42:00 PM","01 - Clear","01 - Dry","02 - Stop sign","02 - Intersection related","07 - Dark","03 - P.D. only","03 - Rear end"
"2421","BRONSON AVE @ LAKESIDE AVE","367654.41860","5028837.89675","-75.69719","45.39666","2017","8/21/2017","7:49:00 PM","01 - Clear","01 - Dry","02 - Stop sign","03 - At intersection","05 - Dusk","03 - P.D. only","03 - Rear end"
"2422","BRONSON AVE @ LAURIER AVE","366804.22310","5030862.28615","-75.70779","45.41495","2017","8/19/2017","2:11:00 PM","01 - Clear","01 - Dry","01 - Traffic signal","03 - At intersection","01 - Daylight","02 - Non-fatal injury","02 - Angle"
"2423","BRONSON AVE @ LAURIER AVE","366805.03545","5030860.23151","-75.70778","45.41493","2017","3/6/2017","6:41:00 PM","04 - Freezing Rain","04 - Slush","01 - Traffic signal","03 - At intersection","07 - Dark","02 - Non-fatal injury","07 - SMV other"
"2424","BRONSON AVE @ MACLAREN ST","366999.86571","5030399.56790","-75.70535","45.41077","2017","12/14/2017","12:41:00 PM","01 - Clear","01 - Dry","02 - Stop sign","03 - At intersection","01 - Daylight","03 - P.D. only","02 - Angle"
"2425","BRONSON AVE @ MACLAREN ST","366999.94228","5030399.00576","-75.70535","45.41076","2017","11/11/2017","1:00:00 PM","01 - Clear","01 - Dry","02 - Stop sign","03 - At intersection","01 - Daylight","03 - P.D. only","02 - Angle"
"2426","BRONSON AVE @ MACLAREN ST","367000.24234","5030399.29333","-75.70535","45.41077","2017","1/19/2017","6:28:00 PM","01 - Clear","01 - Dry","02 - Stop sign","03 - At intersection","07 - Dark","03 - P.D. only","02 - Angle"
"2427","BRONSON AVE @ MACLAREN ST","366999.36515","5030400.23360","-75.70536","45.41077","2017","4/18/2017","5:30:00 PM","01 - Clear","01 - Dry","02 - Stop sign","03 - At intersection","01 - Daylight","03 - P.D. only","02 - Angle"
"2428","BRONSON AVE @ MCLEOD ST","367160.11241","5030015.42616","-75.70335","45.40730","2017","8/27/2017","1:40:00 PM","01 - Clear","01 - Dry","02 - Stop sign","02 - Intersection related","01 - Daylight","03 - P.D. only","04 - Sideswipe"
"2429","BRONSON AVE @ NEPEAN ST","366859.93222","5030728.79753","-75.70710","45.41374","2017","10/13/2017","2:05:00 PM","01 - Clear","01 - Dry","10 - No control","03 - At intersection","01 - Daylight","02 - Non-fatal injury","05 - Turning movement"
"2430","BRONSON AVE @ POWELL AVE","367387.44740","5029476.99825","-75.70052","45.40243","2017","8/10/2017","12:00:00 AM","01 - Clear","01 - Dry","01 - Traffic signal","02 - Intersection related","00 - Unknown","03 - P.D. only","06 - SMV unattended vehicle"
"2431","BRONSON AVE @ POWELL AVE","367386.92311","5029476.49715","-75.70053","45.40243","2017","9/15/2017","2:06:00 PM","01 - Clear","01 - Dry","01 - Traffic signal","02 - Intersection related","01 - Daylight","03 - P.D. only","04 - Sideswipe"
"2432","BRONSON AVE @ POWELL AVE","367388.01316","5029476.84703","-75.70051","45.40243","2017","1/9/2017","6:42:00 PM","01 - Clear","05 - Packed snow","01 - Traffic signal","02 - Intersection related","07 - Dark","03 - P.D. only","04 - Sideswipe"
"2433","BRONSON AVE @ POWELL AVE","367387.87890","5029476.12110","-75.70051","45.40242","2017","1/27/2017","1:45:00 PM","01 - Clear","01 - Dry","01 - Traffic signal","02 - Intersection related","01 - Daylight","03 - P.D. only","04 - Sideswipe"
"2434","BRONSON AVE @ POWELL AVE","367387.87890","5029478.57085","-75.70051","45.40245","2017","1/19/2017","10:25:00 PM","01 - Clear","02 - Wet","01 - Traffic signal","03 - At intersection","07 - Dark","02 - Non-fatal injury","07 - SMV other"
"2435","BRONSON AVE @ POWELL AVE","367388.21335","5029479.22069","-75.70051","45.40245","2017","3/17/2017","9:33:00 AM","01 - Clear","01 - Dry","01 - Traffic signal","02 - Intersection related","01 - Daylight","03 - P.D. only","03 - Rear end"
"2436","BRONSON AVE @ POWELL AVE","367388.21335","5029476.54510","-75.70051","45.40243","2017","2/24/2017","6:11:00 PM","01 - Clear","02 - Wet","01 - Traffic signal","03 - At intersection","05 - Dusk","02 - Non-fatal injury","05 - Turning movement"
"2437","BRONSON AVE @ PRIMROSE AVE","366886.70284","5030670.23970","-75.70676","45.41321","2017","5/29/2017","1:38:00 PM","02 - Rain","02 - Wet","01 - Traffic signal","02 - Intersection related","01 - Daylight","02 - Non-fatal injury","03 - Rear end"
"2438","BRONSON AVE @ RAMP 34/42A","368416.08623","5027187.05475","-75.68768","45.38174","2017","1/17/2017","12:33:00 PM","01 - Clear","01 - Dry","10 - No control","02 - Intersection related","01 - Daylight","03 - P.D. only","03 - Rear end"
"2439","BRONSON AVE @ RAMP 34/42A","368415.41733","5027186.38585","-75.68768","45.38173","2017","2/25/2017","12:42:00 PM","02 - Rain","02 - Wet","10 - No control","02 - Intersection related","01 - Daylight","03 - P.D. only","03 - Rear end"
"2440","BRONSON AVE @ RENFREW AVE","367355.70826","5029550.89400","-75.70091","45.40310","2017","5/24/2017","5:30:00 PM","01 - Clear","01 - Dry","02 - Stop sign","03 - At intersection","01 - Daylight","03 - P.D. only","03 - Rear end"
"2441","BRONSON AVE @ RENFREW AVE","367356.71160","5029550.84605","-75.70090","45.40310","2017","9/12/2017","9:50:00 AM","01 - Clear","01 - Dry","02 - Stop sign","02 - Intersection related","01 - Daylight","03 - P.D. only","04 - Sideswipe"
"2442","BRONSON AVE @ SOMERSET ST","366968.64285","5030476.33551","-75.70574","45.41146","2017","9/2/2017","8:11:00 PM","01 - Clear","01 - Dry","01 - Traffic signal","02 - Intersection related","07 - Dark","02 - Non-fatal injury","03 - Rear end"
"2443","BRONSON AVE @ SOMERSET ST","366968.16947","5030476.33551","-75.70575","45.41146","2017","9/2/2017","1:46:00 PM","01 - Clear","01 - Dry","01 - Traffic signal","02 - Intersection related","01 - Daylight","03 - P.D. only","03 - Rear end"
"2444","BRONSON AVE @ SOMERSET ST","366968.93067","5030475.33763","-75.70574","45.41145","2017","2/13/2017","7:45:00 AM","01 - Clear","05 - Packed snow","01 - Traffic signal","02 - Intersection related","01 - Daylight","03 - P.D. only","04 - Sideswipe"
"2445","BRONSON AVE @ SOMERSET ST","366967.69610","5030476.02575","-75.70575","45.41146","2017","1/19/2017","4:33:00 PM","01 - Clear","02 - Wet","01 - Traffic signal","02 - Intersection related","01 - Daylight","03 - P.D. only","04 - Sideswipe"
"2446","BRONSON AVE @ SOMERSET ST","366967.69650","5030476.57224","-75.70575","45.41146","2017","3/12/2017","6:28:00 AM","01 - Clear","01 - Dry","01 - Traffic signal","02 - Intersection related","03 - Dawn","03 - P.D. only","07 - SMV other"
"2447","BRONSON AVE @ SOMERSET ST","366968.03055","5030477.24110","-75.70575","45.41147","2017","3/30/2017","5:26:00 PM","01 - Clear","01 - Dry","01 - Traffic signal","02 - Intersection related","01 - Daylight","03 - P.D. only","04 - Sideswipe"
"2448","BRONSON AVE @ SOMERSET ST","366967.69610","5030477.76694","-75.70575","45.41147","2017","12/30/2017","7:48:00 PM","06 - Strong wind","06 - Ice","01 - Traffic signal","03 - At intersection","07 - Dark","03 - P.D. only","05 - Turning movement"
"2449","BRONSON AVE @ SOMERSET ST","366966.74031","5030476.81115","-75.70577","45.41147","2017","12/27/2017","3:30:00 PM","01 - Clear","03 - Loose snow","01 - Traffic signal","02 - Intersection related","01 - Daylight","03 - P.D. only","03 - Rear end"
"2450","BRONSON AVE @ SUNNYSIDE AVE/UNIVERSITY RD - CA","367922.83579","5028091.11345","-75.69386","45.38991","2017","6/14/2017","5:45:00 PM","01 - Clear","01 - Dry","01 - Traffic signal","02 - Intersection related","01 - Daylight","02 - Non-fatal injury","04 - Sideswipe"