"Record","Location","X","Y","Longitude","Latitude","Year","Date","Time","Environment","Road_Surface","Traffic_Control","Collision_Location","Light","Collision_Classification","Impact_type"
"2451","BRONSON AVE @ SUNNYSIDE AVE/UNIVERSITY RD - CA","367921.70676","5028090.87820","-75.69387","45.38991","2017","5/30/2017","9:30:00 PM","01 - Clear","01 - Dry","01 - Traffic signal","02 - Intersection related","07 - Dark","03 - P.D. only","04 - Sideswipe"
"2452","BRONSON AVE @ SUNNYSIDE AVE/UNIVERSITY RD - CA","367923.04455","5028092.88489","-75.69385","45.38993","2017","4/27/2017","9:30:00 AM","01 - Clear","01 - Dry","01 - Traffic signal","02 - Intersection related","01 - Daylight","03 - P.D. only","04 - Sideswipe"
"2453","BRONSON AVE @ SUNNYSIDE AVE/UNIVERSITY RD - CA","367923.71344","5028092.21600","-75.69385","45.38992","2017","5/24/2017","12:55:00 PM","01 - Clear","01 - Dry","01 - Traffic signal","02 - Intersection related","01 - Daylight","02 - Non-fatal injury","03 - Rear end"
"2454","BRONSON AVE @ SUNNYSIDE AVE/UNIVERSITY RD - CA","367922.37565","5028091.54710","-75.69386","45.38992","2017","6/6/2017","9:48:00 AM","02 - Rain","02 - Wet","01 - Traffic signal","02 - Intersection related","01 - Daylight","03 - P.D. only","03 - Rear end"
"2455","BRONSON AVE @ SUNNYSIDE AVE/UNIVERSITY RD - CA","367923.02297","5028091.52612","-75.69386","45.38992","2017","7/29/2017","2:21:00 PM","01 - Clear","01 - Dry","01 - Traffic signal","03 - At intersection","01 - Daylight","03 - P.D. only","05 - Turning movement"
"2456","BRONSON AVE @ SUNNYSIDE AVE/UNIVERSITY RD - CA","367923.57310","5028091.33135","-75.69385","45.38992","2017","8/21/2017","11:49:00 AM","01 - Clear","01 - Dry","01 - Traffic signal","02 - Intersection related","01 - Daylight","03 - P.D. only","04 - Sideswipe"
"2457","BRONSON AVE @ SUNNYSIDE AVE/UNIVERSITY RD - CA","367922.71010","5028091.24269","-75.69386","45.38992","2017","7/18/2017","7:45:00 AM","01 - Clear","01 - Dry","01 - Traffic signal","02 - Intersection related","01 - Daylight","03 - P.D. only","04 - Sideswipe"
"2458","BRONSON AVE @ SUNNYSIDE AVE/UNIVERSITY RD - CA","367923.66589","5028090.83025","-75.69385","45.38991","2017","9/2/2017","5:03:00 PM","01 - Clear","01 - Dry","01 - Traffic signal","02 - Intersection related","01 - Daylight","03 - P.D. only","99 - Other"
"2459","BRONSON AVE @ SUNNYSIDE AVE/UNIVERSITY RD - CA","367922.93208","5028091.32512","-75.69386","45.38992","2017","7/18/2017","4:58:00 PM","01 - Clear","01 - Dry","01 - Traffic signal","02 - Intersection related","01 - Daylight","03 - P.D. only","04 - Sideswipe"
"2460","BRONSON AVE @ SUNNYSIDE AVE/UNIVERSITY RD - CA","367921.61720","5028091.00065","-75.69387","45.38991","2017","10/5/2017","2:25:00 PM","01 - Clear","01 - Dry","01 - Traffic signal","02 - Intersection related","01 - Daylight","03 - P.D. only","03 - Rear end"
"2461","BRONSON AVE @ SUNNYSIDE AVE/UNIVERSITY RD - CA","367922.23220","5028090.35236","-75.69387","45.38991","2017","9/19/2017","9:40:00 AM","01 - Clear","01 - Dry","01 - Traffic signal","02 - Intersection related","01 - Daylight","03 - P.D. only","04 - Sideswipe"
"2462","BRONSON AVE @ SUNNYSIDE AVE/UNIVERSITY RD - CA","367923.71344","5028092.88489","-75.69385","45.38993","2017","10/30/2017","9:12:00 PM","01 - Clear","01 - Dry","01 - Traffic signal","03 - At intersection","07 - Dark","02 - Non-fatal injury","07 - SMV other"
"2463","BRONSON AVE @ SUNNYSIDE AVE/UNIVERSITY RD - CA","367922.71010","5028091.30815","-75.69386","45.38992","2017","12/8/2017","3:28:00 PM","01 - Clear","02 - Wet","01 - Traffic signal","02 - Intersection related","01 - Daylight","03 - P.D. only","03 - Rear end"
"2464","BRONSON AVE @ SUNNYSIDE AVE/UNIVERSITY RD - CA","367922.23673","5028090.83704","-75.69387","45.38991","2017","11/5/2017","7:34:00 AM","02 - Rain","02 - Wet","01 - Traffic signal","02 - Intersection related","03 - Dawn","03 - P.D. only","03 - Rear end"
"2465","BRONSON AVE @ SUNNYSIDE AVE/UNIVERSITY RD - CA","367922.71010","5028094.01624","-75.69386","45.38994","2017","2/12/2017","9:44:00 PM","01 - Clear","03 - Loose snow","01 - Traffic signal","02 - Intersection related","07 - Dark","03 - P.D. only","99 - Other"
"2466","BRONSON AVE @ SUNNYSIDE AVE/UNIVERSITY RD - CA","367921.20916","5028090.42140","-75.69388","45.38991","2017","1/17/2017","4:35:00 PM","01 - Clear","02 - Wet","01 - Traffic signal","02 - Intersection related","01 - Daylight","03 - P.D. only","03 - Rear end"
"2467","BRONSON AVE @ SUNNYSIDE AVE/UNIVERSITY RD - CA","367922.16736","5028091.81847","-75.69387","45.38992","2017","1/14/2017","6:19:00 PM","01 - Clear","01 - Dry","01 - Traffic signal","03 - At intersection","07 - Dark","03 - P.D. only","05 - Turning movement"
"2468","BRONSON AVE @ SUNNYSIDE AVE/UNIVERSITY RD - CA","367923.04455","5028092.88489","-75.69385","45.38993","2017","3/15/2017","9:30:00 AM","03 - Snow","03 - Loose snow","01 - Traffic signal","02 - Intersection related","01 - Daylight","03 - P.D. only","03 - Rear end"
"2469","BRONSON AVE @ SUNNYSIDE AVE/UNIVERSITY RD - CA","367922.37565","5028090.87820","-75.69386","45.38991","2017","3/19/2017","5:27:00 PM","01 - Clear","01 - Dry","01 - Traffic signal","03 - At intersection","01 - Daylight","03 - P.D. only","05 - Turning movement"
"2470","BRONSON AVE @ SUNNYSIDE AVE/UNIVERSITY RD - CA","367923.46057","5028091.92233","-75.69385","45.38992","2017","3/24/2017","7:28:00 AM","03 - Snow","05 - Packed snow","01 - Traffic signal","02 - Intersection related","01 - Daylight","03 - P.D. only","03 - Rear end"
"2471","BRONSON AVE @ SUNNYSIDE AVE/UNIVERSITY RD - CA","367922.37565","5028092.88489","-75.69386","45.38993","2017","3/31/2017","3:29:00 PM","03 - Snow","02 - Wet","01 - Traffic signal","02 - Intersection related","01 - Daylight","02 - Non-fatal injury","99 - Other"
"2472","BRONSON AVE @ SUNNYSIDE AVE/UNIVERSITY RD - CA","367922.37565","5028091.54710","-75.69386","45.38992","2017","3/15/2017","10:00:00 AM","03 - Snow","03 - Loose snow","01 - Traffic signal","02 - Intersection related","01 - Daylight","03 - P.D. only","03 - Rear end"
"2473","BRONSON AVE @ SUNNYSIDE AVE/UNIVERSITY RD - CA","367923.04455","5028092.88489","-75.69385","45.38993","2017","4/2/2017","12:55:00 AM","01 - Clear","01 - Dry","01 - Traffic signal","03 - At intersection","07 - Dark","02 - Non-fatal injury","05 - Turning movement"
"2474","BRONSON AVE btwn BREWER WAY & RIVERSIDE DR RAMPS 34B & 42A-3","368348.11996","5027325.36797","-75.68853","45.38299","2017","7/13/2017","4:55:00 PM","01 - Clear","01 - Dry","10 - No control","01 - Non intersection","01 - Daylight","03 - P.D. only","03 - Rear end"
"2475","BRONSON AVE btwn BREWER WAY & RIVERSIDE DR RAMPS 34B & 42A-3","368157.33112","5027675.78501","-75.69092","45.38616","2017","9/7/2017","3:30:00 PM","02 - Rain","02 - Wet","10 - No control","01 - Non intersection","01 - Daylight","03 - P.D. only","03 - Rear end"
"2476","BRONSON AVE btwn BREWER WAY & RIVERSIDE DR RAMPS 34B & 42A-3","368206.37151","5027585.16500","-75.69030","45.38534","2017","11/26/2017","7:53:00 PM","03 - Snow","03 - Loose snow","10 - No control","01 - Non intersection","07 - Dark","03 - P.D. only","04 - Sideswipe"
"2477","BRONSON AVE btwn BRONSON AVE NB ON RAMP 42 & BRONSON AVE SB OFF RAMP 3","367751.80709","5028458.77118","-75.69599","45.39324","2017","10/23/2017","3:10:00 PM","01 - Clear","01 - Dry","10 - No control","01 - Non intersection","01 - Daylight","03 - P.D. only","04 - Sideswipe"
"2478","BRONSON AVE btwn BRONSON AVE NB ON RAMP 42 & BRONSON AVE SB ON RAMP 43","367770.43733","5028380.45200","-75.69577","45.39253","2017","6/4/2017","12:09:00 PM","01 - Clear","01 - Dry","10 - No control","01 - Non intersection","01 - Daylight","03 - P.D. only","04 - Sideswipe"
"2479","BRONSON AVE btwn BRONSON AVE SB ON RAMP 43 & SUNNYSIDE AVE/UNIVERSITY","367847.45926","5028228.00195","-75.69480","45.39115","2017","7/2/2017","3:20:00 PM","02 - Rain","02 - Wet","10 - No control","01 - Non intersection","01 - Daylight","03 - P.D. only","07 - SMV other"
"2480","BRONSON AVE btwn BRONSON AVE SB ON RAMP 43 & SUNNYSIDE AVE/UNIVERSITY","367912.29590","5028109.29858","-75.69399","45.39008","2017","8/25/2017","12:00:00 AM","01 - Clear","01 - Dry","10 - No control","01 - Non intersection","00 - Unknown","03 - P.D. only","06 - SMV unattended vehicle"
"2481","BRONSON AVE btwn BRONSON AVE SB ON RAMP 43 & SUNNYSIDE AVE/UNIVERSITY","367897.77373","5028136.53626","-75.69417","45.39033","2017","11/27/2017","6:01:00 PM","01 - Clear","01 - Dry","10 - No control","01 - Non intersection","07 - Dark","03 - P.D. only","07 - SMV other"
"2482","BRONSON AVE btwn BRONSON AVE SB ON RAMP 43 & SUNNYSIDE AVE/UNIVERSITY","367810.96052","5028293.54316","-75.69526","45.39175","2017","4/1/2017","1:04:00 AM","03 - Snow","04 - Slush","10 - No control","01 - Non intersection","07 - Dark","03 - P.D. only","04 - Sideswipe"
"2483","BRONSON AVE btwn CARLING AVE & FIRST AVE","367482.68399","5029251.27812","-75.69933","45.40039","2017","5/24/2017","9:14:00 AM","01 - Clear","01 - Dry","10 - No control","01 - Non intersection","01 - Daylight","02 - Non-fatal injury","04 - Sideswipe"
"2484","BRONSON AVE btwn CARLING AVE & FIRST AVE","367488.17523","5029243.92320","-75.69926","45.40033","2017","3/22/2017","9:32:00 PM","01 - Clear","01 - Dry","10 - No control","01 - Non intersection","07 - Dark","03 - P.D. only","06 - SMV unattended vehicle"
"2485","BRONSON AVE btwn CHRISTIE ST & JAMES ST","367057.05342","5030260.49631","-75.70464","45.40951","2017","5/21/2017","11:56:00 AM","01 - Clear","01 - Dry","10 - No control","01 - Non intersection","01 - Daylight","03 - P.D. only","04 - Sideswipe"
"2486","BRONSON AVE btwn CLEMOW AVE & CARLING AVE","367432.65683","5029369.00682","-75.69996","45.40146","2017","6/19/2017","12:45:00 PM","01 - Clear","01 - Dry","10 - No control","04 - At/near private drive","01 - Daylight","03 - P.D. only","02 - Angle"
"2487","BRONSON AVE btwn COOPER ST & SOMERSET ST W","366947.49497","5030525.92416","-75.70601","45.41191","2017","4/4/2017","5:32:00 PM","02 - Rain","02 - Wet","10 - No control","01 - Non intersection","01 - Daylight","03 - P.D. only","04 - Sideswipe"
"2488","BRONSON AVE btwn FIRST AVE & SECOND AVE","367498.73750","5029211.14434","-75.69913","45.40003","2017","11/16/2017","9:09:00 AM","02 - Rain","02 - Wet","10 - No control","01 - Non intersection","01 - Daylight","03 - P.D. only","03 - Rear end"
"2489","BRONSON AVE btwn FLORENCE ST & GLADSTONE AVE","367127.01114","5030097.09566","-75.70377","45.40804","2017","9/8/2017","11:45:00 AM","01 - Clear","01 - Dry","10 - No control","04 - At/near private drive","01 - Daylight","02 - Non-fatal injury","05 - Turning movement"
"2490","BRONSON AVE btwn FOURTH AVE & MADAWASKA DR","367600.00033","5028973.33631","-75.69787","45.39788","2017","3/13/2017","3:47:00 PM","01 - Clear","01 - Dry","10 - No control","01 - Non intersection","01 - Daylight","03 - P.D. only","04 - Sideswipe"
"2491","BRONSON AVE btwn GILMOUR ST & CHRISTIE ST","367045.35014","5030289.84447","-75.70479","45.40978","2017","2/13/2017","3:32:00 PM","01 - Clear","02 - Wet","10 - No control","04 - At/near private drive","01 - Daylight","02 - Non-fatal injury","02 - Angle"
"2492","BRONSON AVE btwn GLADSTONE AVE & MCLEOD ST","367140.72511","5030061.49711","-75.70360","45.40771","2017","10/30/2017","2:30:00 PM","01 - Clear","01 - Dry","10 - No control","01 - Non intersection","01 - Daylight","03 - P.D. only","04 - Sideswipe"
"2493","BRONSON AVE btwn GLOUCESTER ST & NEPEAN ST","366846.07668","5030765.14795","-75.70727","45.41407","2017","5/20/2017","2:30:00 PM","01 - Clear","01 - Dry","10 - No control","01 - Non intersection","01 - Daylight","03 - P.D. only","04 - Sideswipe"
"2494","BRONSON AVE btwn HOLMWOOD AVE & FINDLAY AVE","367704.26907","5028721.79021","-75.69657","45.39561","2017","6/9/2017","1:12:00 PM","01 - Clear","01 - Dry","10 - No control","01 - Non intersection","01 - Daylight","03 - P.D. only","04 - Sideswipe"
"2495","BRONSON AVE btwn JAMES ST & FLORENCE ST","367072.84012","5030220.56386","-75.70444","45.40915","2017","4/2/2017","1:56:00 PM","01 - Clear","01 - Dry","10 - No control","01 - Non intersection","01 - Daylight","03 - P.D. only","06 - SMV unattended vehicle"
"2496","BRONSON AVE btwn KIPPEWA DR & FOURTH AVE","367560.72123","5029067.94404","-75.69836","45.39874","2017","8/24/2017","6:45:00 PM","01 - Clear","01 - Dry","10 - No control","01 - Non intersection","01 - Daylight","02 - Non-fatal injury","04 - Sideswipe"
"2497","BRONSON AVE btwn LAURIER AVE W & GLOUCESTER ST","366831.14299","5030798.95031","-75.70746","45.41438","2017","11/6/2017","5:12:00 PM","01 - Clear","01 - Dry","10 - No control","01 - Non intersection","07 - Dark","03 - P.D. only","07 - SMV other"
"2498","BRONSON AVE btwn LISGAR ST & COOPER ST","366922.41078","5030578.05664","-75.70632","45.41238","2017","10/8/2017","2:10:00 PM","01 - Clear","01 - Dry","10 - No control","04 - At/near private drive","01 - Daylight","02 - Non-fatal injury","03 - Rear end"
"2499","BRONSON AVE btwn LISGAR ST & COOPER ST","366901.04233","5030628.85907","-75.70659","45.41284","2017","11/23/2017","12:00:00 AM","01 - Clear","01 - Dry","10 - No control","01 - Non intersection","00 - Unknown","03 - P.D. only","06 - SMV unattended vehicle"
"2500","BRONSON AVE btwn MCLEOD ST & FLORA ST","367171.48532","5029993.56586","-75.70321","45.40710","2017","9/27/2017","2:11:00 PM","01 - Clear","01 - Dry","10 - No control","04 - At/near private drive","01 - Daylight","02 - Non-fatal injury","05 - Turning movement"
"2501","BRONSON AVE btwn OLD SUNSET BLVD & LAKESIDE AVE","367642.00073","5028867.30654","-75.69735","45.39692","2017","6/7/2017","10:34:00 AM","01 - Clear","01 - Dry","10 - No control","01 - Non intersection","01 - Daylight","03 - P.D. only","04 - Sideswipe"
"2502","BRONSON AVE btwn OLD SUNSET BLVD & LAKESIDE AVE","367652.70307","5028844.56407","-75.69721","45.39672","2017","3/22/2017","3:51:00 PM","01 - Clear","01 - Dry","10 - No control","01 - Non intersection","01 - Daylight","02 - Non-fatal injury","03 - Rear end"
"2503","BRONSON AVE btwn PLYMOUTH ST & RENFREW AVE","367354.09328","5029557.96030","-75.70093","45.40316","2017","8/11/2017","5:02:00 PM","01 - Clear","01 - Dry","10 - No control","04 - At/near private drive","01 - Daylight","03 - P.D. only","02 - Angle"
"2504","BRONSON AVE btwn PLYMOUTH ST & RENFREW AVE","367330.40899","5029615.45805","-75.70123","45.40368","2017","6/28/2017","6:40:00 PM","02 - Rain","02 - Wet","10 - No control","04 - At/near private drive","01 - Daylight","03 - P.D. only","02 - Angle"
"2505","BRONSON AVE btwn PLYMOUTH ST & RENFREW AVE","367328.40230","5029619.47143","-75.70125","45.40372","2017","2/15/2017","11:50:00 PM","01 - Clear","04 - Slush","10 - No control","04 - At/near private drive","07 - Dark","03 - P.D. only","05 - Turning movement"
"2506","BRONSON AVE btwn PLYMOUTH ST & RENFREW AVE","367352.36377","5029566.27862","-75.70096","45.40324","2017","2/27/2017","4:22:00 PM","01 - Clear","01 - Dry","10 - No control","01 - Non intersection","01 - Daylight","03 - P.D. only","04 - Sideswipe"
"2507","BRONSON AVE btwn POWELL AVE & CLEMOW AVE","367415.21034","5029411.38818","-75.70017","45.40184","2017","6/13/2017","7:55:00 AM","01 - Clear","01 - Dry","10 - No control","01 - Non intersection","01 - Daylight","03 - P.D. only","04 - Sideswipe"
"2508","BRONSON AVE btwn POWELL AVE & CLEMOW AVE","367400.86122","5029443.94419","-75.70035","45.40213","2017","8/19/2017","6:12:00 PM","01 - Clear","01 - Dry","10 - No control","01 - Non intersection","01 - Daylight","03 - P.D. only","03 - Rear end"
"2509","BRONSON AVE btwn POWELL AVE & CLEMOW AVE","367394.71019","5029457.52812","-75.70043","45.40226","2017","12/10/2017","6:17:00 PM","01 - Clear","01 - Dry","10 - No control","01 - Non intersection","07 - Dark","03 - P.D. only","02 - Angle"
"2510","BRONSON AVE btwn POWELL AVE & CLEMOW AVE","367402.92907","5029443.76918","-75.70033","45.40213","2017","3/17/2017","12:13:00 PM","01 - Clear","01 - Dry","10 - No control","01 - Non intersection","01 - Daylight","03 - P.D. only","04 - Sideswipe"
"2511","BRONSON AVE btwn RENFREW AVE & POWELL AVE","367359.05274","5029540.86056","-75.70087","45.40301","2017","6/8/2017","1:01:00 PM","01 - Clear","01 - Dry","10 - No control","01 - Non intersection","01 - Daylight","02 - Non-fatal injury","03 - Rear end"
"2512","BRONSON AVE btwn RENFREW AVE & POWELL AVE","367358.35094","5029547.73776","-75.70088","45.40307","2017","10/1/2017","1:01:00 PM","01 - Clear","01 - Dry","10 - No control","04 - At/near private drive","01 - Daylight","03 - P.D. only","02 - Angle"
"2513","BRONSON AVE btwn RENFREW AVE & POWELL AVE","367361.91870","5029540.43864","-75.70084","45.40301","2017","10/26/2017","6:45:00 AM","01 - Clear","01 - Dry","10 - No control","04 - At/near private drive","03 - Dawn","03 - P.D. only","02 - Angle"
"2514","BRONSON AVE btwn RENFREW AVE & POWELL AVE","367368.41729","5029528.82043","-75.70076","45.40290","2017","4/4/2017","9:47:00 AM","02 - Rain","02 - Wet","10 - No control","01 - Non intersection","01 - Daylight","03 - P.D. only","04 - Sideswipe"
"2515","BRONSON AVE btwn RENFREW AVE & POWELL AVE","367368.00326","5029525.94917","-75.70076","45.40287","2017","3/9/2017","2:19:00 PM","01 - Clear","01 - Dry","10 - No control","04 - At/near private drive","01 - Daylight","03 - P.D. only","02 - Angle"
"2516","BRONSON AVE btwn RENFREW AVE & POWELL AVE","367370.98704","5029516.62484","-75.70072","45.40279","2017","4/19/2017","11:31:00 AM","02 - Rain","02 - Wet","10 - No control","04 - At/near private drive","01 - Daylight","03 - P.D. only","03 - Rear end"
"2517","BRONSON AVE btwn SLATER ST & LAURIER AVE W","366772.38433","5030938.53426","-75.70819","45.41564","2017","4/11/2017","7:19:00 AM","01 - Clear","02 - Wet","10 - No control","01 - Non intersection","01 - Daylight","03 - P.D. only","04 - Sideswipe"
"2518","BRONSON AVE btwn UNIVERSITY RD & BREWER WAY","367976.55625","5027999.90830","-75.69318","45.38909","2017","5/23/2017","6:38:00 PM","01 - Clear","01 - Dry","10 - No control","01 - Non intersection","01 - Daylight","03 - P.D. only","03 - Rear end"
"2519","BRONSON AVE btwn UNIVERSITY RD & BREWER WAY","367940.50480","5028061.96077","-75.69364","45.38965","2017","9/3/2017","11:43:00 AM","02 - Rain","02 - Wet","10 - No control","01 - Non intersection","01 - Daylight","03 - P.D. only","04 - Sideswipe"
"2520","BRONSON AVE btwn UNIVERSITY RD & BREWER WAY","367980.77333","5027995.07033","-75.69313","45.38905","2017","6/29/2017","9:38:00 AM","01 - Clear","01 - Dry","10 - No control","01 - Non intersection","01 - Daylight","03 - P.D. only","04 - Sideswipe"
"2521","BRONSON AVE btwn UNIVERSITY RD & BREWER WAY","367972.14936","5028004.96632","-75.69324","45.38914","2017","1/5/2017","9:44:00 AM","01 - Clear","02 - Wet","10 - No control","01 - Non intersection","01 - Daylight","03 - P.D. only","03 - Rear end"
"2522","BRONSON AVE btwn UNIVERSITY RD & BREWER WAY","368060.55212","5027854.06132","-75.69213","45.38777","2017","3/27/2017","3:13:00 PM","02 - Rain","02 - Wet","10 - No control","01 - Non intersection","01 - Daylight","02 - Non-fatal injury","04 - Sideswipe"
"2523","BRONSON AVE btwn UNIVERSITY RD & BREWER WAY","368023.06513","5027917.58260","-75.69260","45.38834","2017","12/23/2017","9:06:00 PM","01 - Clear","03 - Loose snow","10 - No control","01 - Non intersection","07 - Dark","03 - P.D. only","07 - SMV other"
"2524","BRONSON AVE RAMP 26 btwn BRONSON AVE RAMP 24B/24C & HERON RD WB","368739.16927","5026862.70636","-75.68359","45.37879","2017","2/11/2017","2:51:00 AM","05 - Drifting Snow","06 - Ice","10 - No control","01 - Non intersection","07 - Dark","03 - P.D. only","04 - Sideswipe"
"2525","BRONSON AVE RAMP 42 btwn BRONSON AVE RAMP 24A/42B & BRONSON AVE RAMP 2","368572.34103","5026991.25649","-75.68571","45.37996","2017","12/29/2017","7:59:00 AM","01 - Clear","06 - Ice","10 - No control","01 - Non intersection","01 - Daylight","03 - P.D. only","07 - SMV other"
"2526","BRONSON AVE RAMP 42B btwn BRONSON AVE RAMP 42A-2/42A-3 & BRONSON AVE R","368494.65947","5027071.29906","-75.68669","45.38069","2017","3/14/2017","7:30:00 PM","03 - Snow","03 - Loose snow","10 - No control","01 - Non intersection","07 - Dark","03 - P.D. only","01 - Approaching"
"2527","BRONSON AVE/BRONSON/HERON RAMP 35 @ HERON RD","368642.21871","5026699.36479","-75.68485","45.37733","2017","4/26/2017","1:55:00 PM","01 - Clear","01 - Dry","01 - Traffic signal","02 - Intersection related","01 - Daylight","02 - Non-fatal injury","03 - Rear end"
"2528","BRONSON AVE/BRONSON/HERON RAMP 35 @ HERON RD","368642.89703","5026698.89266","-75.68484","45.37732","2017","10/10/2017","7:41:00 AM","01 - Clear","01 - Dry","01 - Traffic signal","02 - Intersection related","01 - Daylight","03 - P.D. only","03 - Rear end"
"2529","BRONSON AVE/BRONSON/HERON RAMP 35 @ HERON RD","368640.43938","5026698.83974","-75.68487","45.37732","2017","11/21/2017","4:51:00 PM","01 - Clear","03 - Loose snow","01 - Traffic signal","02 - Intersection related","05 - Dusk","03 - P.D. only","03 - Rear end"
"2530","BRONSON AVE/BRONSON/HERON RAMP 35 @ HERON RD","368642.21871","5026698.69589","-75.68485","45.37732","2017","2/9/2017","10:23:00 AM","01 - Clear","03 - Loose snow","01 - Traffic signal","02 - Intersection related","01 - Daylight","03 - P.D. only","03 - Rear end"
"2531","BRONSON AVE/BRONSON/HERON RAMP 35 @ HERON RD","368642.21871","5026696.02030","-75.68485","45.37730","2017","4/7/2017","12:00:00 PM","01 - Clear","01 - Dry","01 - Traffic signal","02 - Intersection related","01 - Daylight","03 - P.D. only","04 - Sideswipe"
"2532","BRONSON PL @ BRONSON AVE NB ON RAMP 42","367827.13300","5028432.24315","-75.69504","45.39299","2017","11/17/2017","10:32:00 AM","01 - Clear","01 - Dry","02 - Stop sign","02 - Intersection related","01 - Daylight","03 - P.D. only","03 - Rear end"
"2533","BRONSON PL @ COLONEL BY DR","367807.76886","5028519.37143","-75.69527","45.39378","2017","1/4/2017","7:00:00 AM","01 - Clear","06 - Ice","02 - Stop sign","02 - Intersection related","03 - Dawn","03 - P.D. only","03 - Rear end"
"2534","BRONSON PL @ COLONEL BY DR","367809.33066","5028522.37902","-75.69525","45.39381","2017","12/22/2017","9:00:00 AM","03 - Snow","01 - Dry","02 - Stop sign","02 - Intersection related","01 - Daylight","03 - P.D. only","03 - Rear end"
"2535","BRONSON PL @ COLONEL BY DR","367809.64914","5028522.19187","-75.69525","45.39380","2017","1/24/2017","8:12:00 PM","03 - Snow","03 - Loose snow","02 - Stop sign","03 - At intersection","07 - Dark","03 - P.D. only","07 - SMV other"
"2536","BRONSON/HERON RAMP 34/BRONSON/HERON RAMP 36 @","368626.69235","5026791.59905","-75.68504","45.37816","2017","1/9/2017","12:31:00 AM","01 - Clear","01 - Dry","10 - No control","03 - At intersection","07 - Dark","03 - P.D. only","04 - Sideswipe"
"2537","BROOK LANE @ NORICE ST","363802.20380","5022796.46289","-75.74711","45.34263","2017","6/30/2017","11:24:00 AM","02 - Rain","02 - Wet","02 - Stop sign","03 - At intersection","01 - Daylight","03 - P.D. only","02 - Angle"
"2538","BROOKFIELD RAMP 52A btwn AIRPORT PKWY & TO BE DETERMINED","368768.32814","5026363.52455","-75.68329","45.37429","2017","12/18/2017","6:55:00 AM","01 - Clear","06 - Ice","10 - No control","01 - Non intersection","07 - Dark","02 - Non-fatal injury","07 - SMV other"
"2539","BROOKFIELD RD btwn 200 W OF FLANNERY DR & BROOKFIELD RAMP 36","368547.32904","5026262.58450","-75.68612","45.37341","2017","3/30/2017","8:54:00 AM","01 - Clear","01 - Dry","10 - No control","01 - Non intersection","01 - Daylight","03 - P.D. only","04 - Sideswipe"
"2540","BROOKFIELD RD btwn HUNTLEY AVE & CLEMENTINE BLVD","369494.08976","5026368.70893","-75.67402","45.37427","2017","9/17/2017","6:24:00 AM","01 - Clear","01 - Dry","10 - No control","01 - Non intersection","07 - Dark","03 - P.D. only","07 - SMV other"
"2541","BROOKFIELD RD btwn RIVERSIDE DR/HOG'S BACK RD & 200 W OF FLANNERY DR","368343.14704","5026239.13440","-75.68873","45.37321","2017","1/4/2017","3:21:00 PM","03 - Snow","03 - Loose snow","10 - No control","04 - At/near private drive","01 - Daylight","02 - Non-fatal injury","03 - Rear end"
"2542","BROOKFIELD RD btwn RIVERSIDE DR/HOG'S BACK RD & 200 W OF FLANNERY DR","368367.71100","5026243.98073","-75.68841","45.37325","2017","1/11/2017","5:48:00 AM","01 - Clear","02 - Wet","10 - No control","01 - Non intersection","07 - Dark","03 - P.D. only","07 - SMV other"
"2543","BROOKFIELD RD RAMP 52 @ AIRPORT PKWY","368817.76698","5026367.19135","-75.68265","45.37432","2017","7/11/2017","8:40:00 AM","01 - Clear","01 - Dry","10 - No control","02 - Intersection related","01 - Daylight","03 - P.D. only","04 - Sideswipe"
"2544","BROPHY DR @ FOURTH LINE RD","360737.63646","5005671.33740","-75.78814","45.18879","2017","4/8/2017","2:20:00 PM","01 - Clear","01 - Dry","02 - Stop sign","02 - Intersection related","01 - Daylight","03 - P.D. only","07 - SMV other"
"2545","BROPHY DR @ HWY 416 BANKFIEL IC57R34","364560.84268","5007930.66995","-75.73922","45.20881","2017","10/28/2017","12:25:00 PM","01 - Clear","01 - Dry","02 - Stop sign","03 - At intersection","01 - Daylight","03 - P.D. only","02 - Angle"
"2546","BROPHY DR @ MOODIE DR","362745.65676","5006862.00461","-75.76245","45.19934","2017","3/1/2017","6:35:00 PM","07 - Fog, mist, smoke, dust","02 - Wet","02 - Stop sign","02 - Intersection related","07 - Dark","03 - P.D. only","07 - SMV other"
"2547","BROWNLEE RD @ EAGLESON RD","356967.54462","5009989.56019","-75.83566","45.22794","2017","1/25/2017","6:08:00 PM","03 - Snow","06 - Ice","02 - Stop sign","02 - Intersection related","07 - Dark","03 - P.D. only","07 - SMV other"
"2548","BROWNLEE RD btwn SHEA RD & EAGLESON RD","355860.87633","5009017.93892","-75.84985","45.21927","2017","12/4/2017","10:41:00 AM","01 - Clear","02 - Wet","10 - No control","01 - Non intersection","01 - Daylight","03 - P.D. only","07 - SMV other"
"2549","BRUIN RD @ CEDARVIEW RD","359229.62348","5020936.35476","-75.80566","45.32627","2017","5/13/2017","10:21:00 AM","02 - Rain","02 - Wet","02 - Stop sign","03 - At intersection","01 - Daylight","02 - Non-fatal injury","03 - Rear end"
"2550","BRUNEL ST btwn FOXVIEW PL & MONTREAL RD","372759.00724","5034555.47621","-75.63121","45.44763","2017","5/18/2017","12:00:00 AM","02 - Rain","02 - Wet","10 - No control","01 - Non intersection","00 - Unknown","03 - P.D. only","06 - SMV unattended vehicle"
"2551","BRUNSWICK ST btwn EVELYN AVE & SPRINGHURST AVE","369500.01657","5030684.75823","-75.67338","45.41311","2017","4/15/2017","12:00:00 AM","01 - Clear","01 - Dry","10 - No control","01 - Non intersection","00 - Unknown","03 - P.D. only","06 - SMV unattended vehicle"