"Record","Location","X","Y","Longitude","Latitude","Year","Date","Time","Environment","Road_Surface","Traffic_Control","Collision_Location","Light","Collision_Classification","Impact_type"
"2552","BRUYERE ST @ KING EDWARD AVE","368140.20300","5033039.25877","-75.69045","45.43442","2017","10/21/2017","6:23:00 PM","01 - Clear","01 - Dry","02 - Stop sign","02 - Intersection related","05 - Dusk","03 - P.D. only","04 - Sideswipe"
"2553","BRUYERE ST @ PARENT AVE","367688.17347","5032763.34631","-75.69626","45.43198","2017","8/25/2017","10:41:00 AM","01 - Clear","01 - Dry","02 - Stop sign","03 - At intersection","01 - Daylight","03 - P.D. only","05 - Turning movement"
"2554","BRUYERE ST @ SUSSEX DR","367538.53598","5032668.00069","-75.69818","45.43113","2017","9/13/2017","3:05:00 PM","01 - Clear","01 - Dry","01 - Traffic signal","02 - Intersection related","01 - Daylight","03 - P.D. only","03 - Rear end"
"2555","BRUYERE ST @ SUSSEX DR","367538.32065","5032669.09490","-75.69819","45.43114","2017","11/14/2017","4:12:00 PM","01 - Clear","01 - Dry","01 - Traffic signal","02 - Intersection related","01 - Daylight","03 - P.D. only","04 - Sideswipe"
"2556","BRUYERE ST @ SUSSEX DR","367539.65844","5032669.76379","-75.69817","45.43115","2017","12/7/2017","2:43:00 PM","01 - Clear","01 - Dry","01 - Traffic signal","02 - Intersection related","01 - Daylight","03 - P.D. only","04 - Sideswipe"
"2557","BRUYERE ST @ SUSSEX DR","367538.98955","5032666.41931","-75.69818","45.43112","2017","11/29/2017","2:35:00 PM","01 - Clear","01 - Dry","01 - Traffic signal","03 - At intersection","01 - Daylight","02 - Non-fatal injury","07 - SMV other"
"2558","BRUYERE ST @ SUSSEX DR","367539.04868","5032668.83443","-75.69818","45.43114","2017","1/13/2017","12:00:00 AM","01 - Clear","01 - Dry","01 - Traffic signal","02 - Intersection related","00 - Unknown","03 - P.D. only","06 - SMV unattended vehicle"
"2559","BRUYERE ST btwn KING EDWARD AVE & ROSE ST","368175.25417","5033061.89808","-75.69000","45.43462","2017","7/21/2017","11:30:00 PM","01 - Clear","01 - Dry","10 - No control","01 - Non intersection","07 - Dark","03 - P.D. only","06 - SMV unattended vehicle"
"2560","BRUYERE ST btwn SUSSEX DR & PARENT AVE","367667.36571","5032749.32582","-75.69653","45.43185","2017","5/28/2017","5:42:00 PM","01 - Clear","01 - Dry","10 - No control","04 - At/near private drive","01 - Daylight","03 - P.D. only","99 - Other"
"2561","BRUYERE ST btwn SUSSEX DR & PARENT AVE","367612.04832","5032713.90032","-75.69724","45.43154","2017","1/20/2017","1:35:00 PM","01 - Clear","06 - Ice","10 - No control","01 - Non intersection","01 - Daylight","03 - P.D. only","06 - SMV unattended vehicle"
"2562","BRYARTON ST btwn FORESTCREST ST & FORESTCREST ST","380363.79769","5036268.31476","-75.53374","45.46226","2017","11/27/2017","3:40:00 PM","01 - Clear","05 - Packed snow","10 - No control","04 - At/near private drive","01 - Daylight","03 - P.D. only","06 - SMV unattended vehicle"
"2563","BUCHANAN CRES btwn HOLLYBROOK CRES & QUINCY AVE (2)","374616.54477","5036133.95203","-75.60724","45.46164","2017","12/19/2017","1:46:00 PM","02 - Rain","04 - Slush","10 - No control","01 - Non intersection","01 - Daylight","03 - P.D. only","06 - SMV unattended vehicle"
"2564","BUCKINGHAM PRIV @ UPLANDS DR","368348.26504","5022808.23053","-75.68910","45.34234","2017","1/4/2017","7:31:00 AM","03 - Snow","04 - Slush","02 - Stop sign","02 - Intersection related","03 - Dawn","03 - P.D. only","05 - Turning movement"
"2565","BUENA VISTA RD @ ROCKCLIFFE PKWY","368466.84430","5034799.36921","-75.68604","45.45022","2017","10/26/2017","5:26:00 PM","01 - Clear","01 - Dry","02 - Stop sign","02 - Intersection related","01 - Daylight","03 - P.D. only","03 - Rear end"
"2566","BUFFLEHEAD WAY btwn GOLDEN SEDGE WAY & SPARTINA ST","374682.21478","5020012.39843","-75.60869","45.31658","2017","4/13/2017","7:05:00 PM","01 - Clear","01 - Dry","10 - No control","04 - At/near private drive","01 - Daylight","03 - P.D. only","06 - SMV unattended vehicle"
"2567","BUFFLEHEAD WAY btwn SPARTINA ST & FINDLAY CREEK DR","374729.25007","5019842.94348","-75.60811","45.31505","2017","2/11/2017","8:57:00 AM","03 - Snow","04 - Slush","10 - No control","04 - At/near private drive","01 - Daylight","03 - P.D. only","02 - Angle"
"2568","BULLMAN ST @ PARKDALE AVE","364995.03265","5029621.89080","-75.73106","45.40395","2017","5/6/2017","1:36:00 PM","02 - Rain","02 - Wet","02 - Stop sign","03 - At intersection","01 - Daylight","02 - Non-fatal injury","02 - Angle"
"2569","BUNCHBERRY WAY btwn CREEKVIEW WAY & ROCKROSE WAY","374145.72570","5019799.08320","-75.61556","45.31472","2017","2/28/2017","8:30:00 AM","01 - Clear","01 - Dry","10 - No control","04 - At/near private drive","01 - Daylight","03 - P.D. only","02 - Angle"
"2570","BURGUNDY LANE btwn VINEYARD DR & VINEYARD DR","378915.05200","5036845.34901","-75.55218","45.46760","2017","7/7/2017","12:00:00 AM","01 - Clear","01 - Dry","10 - No control","01 - Non intersection","00 - Unknown","03 - P.D. only","06 - SMV unattended vehicle"
"2571","BURKE RD @ CARLING AVE","352832.58369","5022662.21455","-75.88709","45.34226","2017","9/14/2017","5:41:00 PM","01 - Clear","01 - Dry","02 - Stop sign","02 - Intersection related","01 - Daylight","03 - P.D. only","03 - Rear end"
"2572","BURLAND ST btwn WALTER ST & CARLING AVE","359238.86760","5024257.95568","-75.80517","45.35615","2017","4/12/2017","3:20:00 PM","02 - Rain","02 - Wet","10 - No control","01 - Non intersection","01 - Daylight","03 - P.D. only","06 - SMV unattended vehicle"
"2573","BURLINGTON CRES btwn HUNTERSFIELD DR & HUNTERSFIELD DR","373393.71868","5025218.76036","-75.62440","45.36356","2017","1/18/2017","12:00:00 AM","02 - Rain","03 - Loose snow","10 - No control","01 - Non intersection","00 - Unknown","03 - P.D. only","06 - SMV unattended vehicle"
"2574","BURNABY DR btwn ROSEHILL AVE & ETESIAN ST","350250.23617","5016323.44713","-75.92062","45.28540","2017","3/18/2017","3:54:00 PM","01 - Clear","01 - Dry","10 - No control","04 - At/near private drive","01 - Daylight","03 - P.D. only","02 - Angle"
"2575","BURNSIDE AVE btwn HINCHEY AVE & CARRUTHERS AVE","365008.43564","5030191.14459","-75.73082","45.40907","2017","1/6/2017","11:02:00 AM","03 - Snow","02 - Wet","10 - No control","01 - Non intersection","01 - Daylight","03 - P.D. only","99 - Other"
"2576","BURNSIDE AVE btwn PARKDALE AVE & FORWARD AVE","364798.63723","5030101.58927","-75.73351","45.40828","2017","12/7/2017","12:00:00 AM","01 - Clear","01 - Dry","10 - No control","01 - Non intersection","00 - Unknown","03 - P.D. only","06 - SMV unattended vehicle"
"2577","BURNSIDE AVE btwn PARKDALE AVE & FORWARD AVE","364822.17260","5030112.76908","-75.73321","45.40838","2017","4/12/2017","4:00:00 AM","01 - Clear","01 - Dry","10 - No control","01 - Non intersection","07 - Dark","03 - P.D. only","06 - SMV unattended vehicle"
"2578","BUTTERNUT CRT @ NORTHPARK DR","378001.40195","5033571.23980","-75.56435","45.43824","2017","5/16/2017","7:07:00 AM","01 - Clear","01 - Dry","02 - Stop sign","02 - Intersection related","01 - Daylight","02 - Non-fatal injury","07 - SMV other"
"2579","BY WARD MARKET SQ btwn CLARENCE ST & YORK ST","367907.92701","5032375.71503","-75.69350","45.42847","2017","12/30/2017","4:59:00 PM","01 - Clear","02 - Wet","10 - No control","01 - Non intersection","07 - Dark","03 - P.D. only","06 - SMV unattended vehicle"
"2580","BY WARD MARKET SQ btwn YORK ST & GEORGE ST","367973.12929","5032285.11274","-75.69268","45.42765","2017","5/12/2017","12:00:00 AM","01 - Clear","01 - Dry","10 - No control","01 - Non intersection","00 - Unknown","03 - P.D. only","06 - SMV unattended vehicle"
"2581","BY WARD MARKET SQ btwn YORK ST & GEORGE ST","367971.67400","5032286.96970","-75.69270","45.42766","2017","2/18/2017","4:37:00 PM","01 - Clear","05 - Packed snow","10 - No control","01 - Non intersection","01 - Daylight","03 - P.D. only","06 - SMV unattended vehicle"
"2582","BY WARD MARKET SQ btwn YORK ST & GEORGE ST","367968.21620","5032294.12125","-75.69274","45.42773","2017","2/16/2017","12:00:00 AM","01 - Clear","03 - Loose snow","10 - No control","01 - Non intersection","00 - Unknown","03 - P.D. only","06 - SMV unattended vehicle"
"2583","BY WARD MARKET SQ btwn YORK ST & GEORGE ST","367978.88886","5032274.78018","-75.69261","45.42755","2017","4/7/2017","12:00:00 AM","03 - Snow","02 - Wet","10 - No control","01 - Non intersection","00 - Unknown","03 - P.D. only","06 - SMV unattended vehicle"
"2584","BYRON AVE @ CHURCHILL AVE","363274.35825","5028179.21271","-75.75321","45.39111","2017","9/12/2017","2:43:00 PM","01 - Clear","01 - Dry","01 - Traffic signal","03 - At intersection","01 - Daylight","03 - P.D. only","05 - Turning movement"
"2585","BYRON AVE @ EVERED AVE","363427.68546","5028231.55540","-75.75124","45.39157","2017","4/25/2017","4:45:00 PM","01 - Clear","01 - Dry","02 - Stop sign","03 - At intersection","01 - Daylight","03 - P.D. only","02 - Angle"
"2586","BYRON AVE @ GOLDEN AVE","362884.04637","5027977.26895","-75.75822","45.38933","2017","8/13/2017","2:39:00 PM","01 - Clear","01 - Dry","02 - Stop sign","03 - At intersection","01 - Daylight","03 - P.D. only","02 - Angle"
"2587","BYRON AVE @ GOLDEN AVE","362886.40414","5027978.55100","-75.75819","45.38934","2017","1/5/2017","9:01:00 AM","03 - Snow","05 - Packed snow","02 - Stop sign","02 - Intersection related","01 - Daylight","03 - P.D. only","03 - Rear end"
"2588","BYRON AVE @ HILLCREST AVE","362632.18368","5027773.81625","-75.76146","45.38752","2017","8/10/2017","12:30:00 PM","01 - Clear","01 - Dry","02 - Stop sign","02 - Intersection related","01 - Daylight","03 - P.D. only","06 - SMV unattended vehicle"
"2589","BYRON AVE @ HOLLAND AVE","365015.03475","5028959.89339","-75.73088","45.39799","2017","6/8/2017","12:55:00 PM","01 - Clear","01 - Dry","02 - Stop sign","03 - At intersection","01 - Daylight","03 - P.D. only","07 - SMV other"
"2590","BYRON AVE @ HOLLAND AVE","365015.20980","5028959.57460","-75.73088","45.39799","2017","6/27/2017","4:50:00 PM","02 - Rain","02 - Wet","02 - Stop sign","03 - At intersection","01 - Daylight","02 - Non-fatal injury","05 - Turning movement"
"2591","BYRON AVE @ HOLLAND AVE","365015.70364","5028960.56229","-75.73088","45.39799","2017","3/3/2017","12:06:00 AM","01 - Clear","01 - Dry","02 - Stop sign","02 - Intersection related","07 - Dark","03 - P.D. only","07 - SMV other"
"2592","BYRON AVE @ ISLAND PARK DR","364255.69000","5028603.31235","-75.74063","45.39484","2017","10/30/2017","9:17:00 AM","02 - Rain","02 - Wet","01 - Traffic signal","02 - Intersection related","01 - Daylight","03 - P.D. only","03 - Rear end"
"2593","BYRON AVE @ ISLAND PARK DR","364255.69000","5028602.83445","-75.74063","45.39484","2017","12/10/2017","11:19:00 AM","03 - Snow","02 - Wet","01 - Traffic signal","02 - Intersection related","01 - Daylight","03 - P.D. only","03 - Rear end"
"2594","BYRON AVE @ ISLAND PARK DR","364255.18050","5028601.51329","-75.74063","45.39483","2017","3/8/2017","8:01:00 AM","01 - Clear","02 - Wet","01 - Traffic signal","03 - At intersection","01 - Daylight","03 - P.D. only","05 - Turning movement"
"2595","BYRON AVE @ ISLAND PARK DR","364255.40878","5028603.65827","-75.74063","45.39485","2017","2/12/2017","6:02:00 PM","03 - Snow","03 - Loose snow","01 - Traffic signal","02 - Intersection related","07 - Dark","03 - P.D. only","05 - Turning movement"
"2596","BYRON AVE @ ISLAND PARK DR","364255.68996","5028603.55132","-75.74062","45.39485","2017","9/1/2017","9:40:00 AM","01 - Clear","01 - Dry","01 - Traffic signal","02 - Intersection related","01 - Daylight","03 - P.D. only","03 - Rear end"
"2597","BYRON AVE @ ISLAND PARK DR","364255.69005","5028603.55138","-75.74062","45.39485","2017","12/11/2017","10:10:00 AM","01 - Clear","01 - Dry","01 - Traffic signal","02 - Intersection related","01 - Daylight","03 - P.D. only","03 - Rear end"
"2598","BYRON AVE @ ISLAND PARK DR","364255.69000","5028603.55130","-75.74062","45.39485","2017","8/14/2017","3:09:00 PM","01 - Clear","01 - Dry","01 - Traffic signal","02 - Intersection related","01 - Daylight","02 - Non-fatal injury","03 - Rear end"
"2599","BYRON AVE @ LOCKHART AVE W","361710.63892","5026777.74410","-75.77334","45.37863","2017","12/27/2017","3:34:00 PM","01 - Clear","01 - Dry","02 - Stop sign","03 - At intersection","01 - Daylight","03 - P.D. only","05 - Turning movement"
"2600","BYRON AVE @ ROOSEVELT AVE","363035.74764","5028061.54790","-75.75627","45.39007","2017","10/12/2017","3:26:00 PM","01 - Clear","01 - Dry","01 - Traffic signal","03 - At intersection","01 - Daylight","03 - P.D. only","05 - Turning movement"
"2601","BYRON AVE @ ROOSEVELT AVE","363035.68940","5028061.92423","-75.75627","45.39008","2017","2/11/2017","8:55:00 AM","01 - Clear","05 - Packed snow","01 - Traffic signal","02 - Intersection related","01 - Daylight","03 - P.D. only","99 - Other"
"2602","BYRON AVE @ ROOSEVELT AVE","363034.68606","5028060.88010","-75.75628","45.39007","2017","3/24/2017","10:41:00 AM","03 - Snow","05 - Packed snow","01 - Traffic signal","02 - Intersection related","01 - Daylight","03 - P.D. only","99 - Other"
"2603","BYRON AVE @ SHERBOURNE RD","361905.01435","5027045.86210","-75.77083","45.38103","2017","2/15/2017","5:56:00 PM","03 - Snow","04 - Slush","02 - Stop sign","03 - At intersection","05 - Dusk","03 - P.D. only","02 - Angle"
"2604","BYRON AVE @ TWEEDSMUIR AVE","363593.16348","5028304.07913","-75.74912","45.39221","2017","8/20/2017","9:29:00 PM","01 - Clear","01 - Dry","02 - Stop sign","03 - At intersection","07 - Dark","02 - Non-fatal injury","02 - Angle"
"2605","BYRON AVE @ TWEEDSMUIR AVE","363593.16800","5028304.79145","-75.74912","45.39221","2017","10/20/2017","5:10:00 PM","01 - Clear","01 - Dry","02 - Stop sign","02 - Intersection related","01 - Daylight","03 - P.D. only","02 - Angle"
"2606","BYRON AVE @ TWEEDSMUIR AVE","363592.35565","5028303.88360","-75.74913","45.39221","2017","12/15/2017","11:46:00 AM","01 - Clear","02 - Wet","02 - Stop sign","03 - At intersection","01 - Daylight","03 - P.D. only","02 - Angle"
"2607","BYRON AVE @ TWEEDSMUIR AVE","363594.36234","5028304.55250","-75.74911","45.39221","2017","2/19/2017","12:44:00 AM","01 - Clear","02 - Wet","02 - Stop sign","03 - At intersection","07 - Dark","03 - P.D. only","02 - Angle"
"2608","BYRON AVE @ WAVELL AVE","362190.42744","5027365.16890","-75.76714","45.38388","2017","6/21/2017","1:42:00 PM","01 - Clear","01 - Dry","02 - Stop sign","03 - At intersection","01 - Daylight","03 - P.D. only","02 - Angle"
"2609","BYRON AVE @ WINDERMERE AVE","362316.61045","5027480.57000","-75.76552","45.38490","2017","10/31/2017","12:46:00 PM","01 - Clear","01 - Dry","02 - Stop sign","03 - At intersection","01 - Daylight","03 - P.D. only","02 - Angle"
"2610","BYRON AVE @ WINDERMERE AVE","362317.72283","5027481.15039","-75.76551","45.38491","2017","12/18/2017","12:48:00 PM","03 - Snow","05 - Packed snow","02 - Stop sign","02 - Intersection related","01 - Daylight","03 - P.D. only","02 - Angle"
"2611","BYRON AVE btwn ALLISON AVE & ANCASTER AVE","361461.37686","5026421.04679","-75.77656","45.37544","2017","2/5/2017","9:14:00 PM","01 - Clear","03 - Loose snow","10 - No control","04 - At/near private drive","07 - Dark","03 - P.D. only","06 - SMV unattended vehicle"
"2612","BYRON AVE btwn EVERED AVE & ATHLONE AVE","363461.95527","5028246.69575","-75.75080","45.39170","2017","9/13/2017","3:33:00 PM","01 - Clear","01 - Dry","10 - No control","01 - Non intersection","01 - Daylight","03 - P.D. only","03 - Rear end"
"2613","BYRON AVE btwn GOLDEN AVE & ROOSEVELT AVE","362918.02073","5027995.83495","-75.75778","45.38949","2017","2/16/2017","1:36:00 PM","03 - Snow","03 - Loose snow","10 - No control","01 - Non intersection","01 - Daylight","03 - P.D. only","06 - SMV unattended vehicle"
"2614","BYRON AVE btwn HARMER AVE N & HOLLAND AVE","364944.89851","5028925.94746","-75.73178","45.39769","2017","5/29/2017","8:50:00 AM","02 - Rain","02 - Wet","10 - No control","04 - At/near private drive","01 - Daylight","03 - P.D. only","02 - Angle"
"2615","BYWARD MARKET @ YORK ST","367944.25427","5032328.81446","-75.69304","45.42804","2017","9/13/2017","12:00:00 AM","01 - Clear","01 - Dry","02 - Stop sign","02 - Intersection related","00 - Unknown","03 - P.D. only","06 - SMV unattended vehicle"
"2616","BYWARD MARKET @ YORK ST","367944.66150","5032328.46064","-75.69304","45.42804","2017","9/23/2017","7:19:00 AM","01 - Clear","01 - Dry","02 - Stop sign","02 - Intersection related","01 - Daylight","03 - P.D. only","99 - Other"
"2617","CABIN RD @ MCGUIRE RD","376396.19645","5003121.95841","-75.58926","45.16444","2017","8/8/2017","2:53:00 AM","07 - Fog, mist, smoke, dust","01 - Dry","10 - No control","03 - At intersection","07 - Dark","02 - Non-fatal injury","07 - SMV other"
"2618","CABIN RD @ STAGECOACH RD","378186.12917","5004219.67161","-75.56633","45.17413","2017","7/26/2017","12:39:00 AM","01 - Clear","01 - Dry","02 - Stop sign","02 - Intersection related","07 - Dark","03 - P.D. only","04 - Sideswipe"
"2619","CAESAR AVE btwn CLEOPATRA DR & CLEOPATRA DR","365654.94635","5021076.61572","-75.72368","45.32700","2017","12/14/2017","3:00:00 PM","03 - Snow","04 - Slush","10 - No control","04 - At/near private drive","01 - Daylight","03 - P.D. only","99 - Other"
"2620","CAESAR AVE btwn CLEOPATRA DR & CLEOPATRA DR","365777.93645","5021062.74880","-75.72211","45.32686","2017","2/13/2017","5:28:00 PM","01 - Clear","04 - Slush","10 - No control","04 - At/near private drive","07 - Dark","03 - P.D. only","02 - Angle"
"2621","CAHILL DR    W btwn MCCARTHY RD & OWL DR","370277.09663","5023757.18738","-75.66437","45.35070","2017","9/3/2017","2:35:00 AM","01 - Clear","01 - Dry","10 - No control","01 - Non intersection","07 - Dark","03 - P.D. only","06 - SMV unattended vehicle"
"2622","CAHILL DR    W btwn YORKBERRY GT & TWYFORD ST","370283.24285","5023462.62061","-75.66433","45.34805","2017","8/13/2017","2:10:00 PM","01 - Clear","01 - Dry","10 - No control","01 - Non intersection","01 - Daylight","03 - P.D. only","06 - SMV unattended vehicle"
"2623","CAHILL DR @ CUTTS PRIV","372001.06405","5024836.86539","-75.64222","45.36025","2017","11/25/2017","8:13:00 AM","02 - Rain","02 - Wet","10 - No control","03 - At intersection","01 - Daylight","03 - P.D. only","02 - Angle"
"2624","CAHILL DR @ HUNT CLUB RD","372408.69049","5024542.03141","-75.63706","45.35756","2017","9/17/2017","11:59:00 AM","01 - Clear","01 - Dry","01 - Traffic signal","02 - Intersection related","01 - Daylight","03 - P.D. only","03 - Rear end"
"2625","CAHILL DR @ HUNT CLUB RD","372409.36292","5024543.32341","-75.63705","45.35757","2017","10/25/2017","7:22:00 AM","01 - Clear","01 - Dry","01 - Traffic signal","02 - Intersection related","01 - Daylight","03 - P.D. only","03 - Rear end"
"2626","CAHILL DR @ HUNT CLUB RD","372407.25680","5024541.79245","-75.63708","45.35756","2017","11/1/2017","5:29:00 PM","02 - Rain","02 - Wet","01 - Traffic signal","03 - At intersection","07 - Dark","02 - Non-fatal injury","05 - Turning movement"
"2627","CAHILL DR @ HUNT CLUB RD","372408.20807","5024542.74599","-75.63707","45.35757","2017","12/11/2017","8:16:00 AM","01 - Clear","01 - Dry","01 - Traffic signal","02 - Intersection related","01 - Daylight","03 - P.D. only","03 - Rear end"
"2628","CAHILL DR @ HUNT CLUB RD","372408.48517","5024541.38360","-75.63706","45.35756","2017","2/13/2017","1:05:00 PM","01 - Clear","02 - Wet","01 - Traffic signal","03 - At intersection","01 - Daylight","03 - P.D. only","02 - Angle"
"2629","CAHILL DR @ HUNT CLUB RD","372408.20807","5024541.79924","-75.63707","45.35756","2017","12/23/2017","2:59:00 PM","03 - Snow","05 - Packed snow","01 - Traffic signal","02 - Intersection related","01 - Daylight","03 - P.D. only","03 - Rear end"
"2630","CAHILL DR @ MCCARTHY RD","370272.06795","5023734.84250","-75.66444","45.35050","2017","2/20/2017","8:11:00 AM","01 - Clear","01 - Dry","02 - Stop sign","03 - At intersection","01 - Daylight","03 - P.D. only","02 - Angle"
"2631","CAHILL DR @ SOUTHGATE RD","371432.19904","5024423.51700","-75.64954","45.35659","2017","1/4/2017","8:50:00 PM","03 - Snow","05 - Packed snow","02 - Stop sign","03 - At intersection","07 - Dark","03 - P.D. only","02 - Angle"
"2632","CAHILL DR W @ KILLDEER BAY/YORKBERRY GT","370264.72679","5023597.02567","-75.66455","45.34926","2017","2/1/2017","8:50:00 AM","01 - Clear","01 - Dry","02 - Stop sign","03 - At intersection","01 - Daylight","03 - P.D. only","02 - Angle"
"2633","CALDWELL AVE @ MERIVALE RD","364907.73245","5026231.74999","-75.73259","45.37345","2017","4/29/2017","6:37:00 PM","01 - Clear","01 - Dry","01 - Traffic signal","03 - At intersection","01 - Daylight","02 - Non-fatal injury","05 - Turning movement"
"2634","CALDWELL AVE @ MERIVALE RD","364907.73245","5026230.41220","-75.73259","45.37344","2017","4/27/2017","6:28:00 PM","01 - Clear","01 - Dry","01 - Traffic signal","03 - At intersection","01 - Daylight","03 - P.D. only","05 - Turning movement"
"2635","CALDWELL AVE btwn MORISSET AVE & MEDFORD ST","364514.25663","5026086.35210","-75.73763","45.37218","2017","7/29/2017","4:58:00 PM","01 - Clear","01 - Dry","10 - No control","04 - At/near private drive","01 - Daylight","02 - Non-fatal injury","05 - Turning movement"
"2636","CALDWELL AVE btwn MORISSET AVE & MEDFORD ST","364584.01774","5026104.68961","-75.73673","45.37233","2017","1/18/2017","12:00:00 AM","01 - Clear","02 - Wet","10 - No control","01 - Non intersection","00 - Unknown","03 - P.D. only","06 - SMV unattended vehicle"
"2637","CALDWELL AVE btwn MORISSET AVE & MEDFORD ST","364576.24553","5026102.11436","-75.73683","45.37231","2017","1/22/2017","2:09:00 PM","01 - Clear","06 - Ice","10 - No control","04 - At/near private drive","01 - Daylight","03 - P.D. only","07 - SMV other"
"2638","CALVINGTON AVE @ COUNTRY GLEN WAY","349133.40720","5018437.29360","-75.93467","45.30449","2017","1/8/2017","12:00:00 AM","01 - Clear","06 - Ice","02 - Stop sign","02 - Intersection related","00 - Unknown","03 - P.D. only","06 - SMV unattended vehicle"
"2639","CALVINGTON AVE btwn BRETTONWOOD RIDGE & BRETTONWOOD RIDGE","349057.71530","5018370.39860","-75.93564","45.30389","2017","1/14/2017","12:00:00 AM","01 - Clear","01 - Dry","10 - No control","01 - Non intersection","00 - Unknown","03 - P.D. only","06 - SMV unattended vehicle"
"2640","CAMBIE RD btwn SERENADE CRES & TAURUS PL","368676.43250","5014772.97870","-75.68595","45.27001","2017","4/20/2017","4:19:00 PM","01 - Clear","01 - Dry","10 - No control","01 - Non intersection","01 - Daylight","03 - P.D. only","06 - SMV unattended vehicle"
"2641","CAMBRIAN RD @ CEDARVIEW RD","363001.66806","5011836.40909","-75.75861","45.24408","2017","8/29/2017","1:57:00 PM","01 - Clear","01 - Dry","02 - Stop sign","02 - Intersection related","01 - Daylight","03 - P.D. only","03 - Rear end"
"2642","CAMBRIAN RD @ CEDARVIEW RD","363000.99916","5011832.39571","-75.75862","45.24405","2017","12/17/2017","8:33:00 AM","01 - Clear","01 - Dry","02 - Stop sign","02 - Intersection related","01 - Daylight","03 - P.D. only","07 - SMV other"
"2643","CAMBRIAN RD @ GREENBANK RD","364763.92058","5012873.98397","-75.73604","45.25327","2017","5/17/2017","7:15:00 AM","01 - Clear","01 - Dry","11 - Roundabout","03 - At intersection","01 - Daylight","03 - P.D. only","07 - SMV other"
"2644","CAMBRIAN RD @ GREENBANK RD","364765.01995","5012873.76039","-75.73603","45.25327","2017","12/12/2017","1:17:00 PM","03 - Snow","04 - Slush","11 - Roundabout","03 - At intersection","01 - Daylight","03 - P.D. only","02 - Angle"
"2645","CAMBRIAN RD @ MOODIE DR","361121.96490","5010805.09732","-75.78267","45.23495","2017","11/23/2017","7:52:00 AM","01 - Clear","01 - Dry","02 - Stop sign","03 - At intersection","01 - Daylight","02 - Non-fatal injury","03 - Rear end"
"2646","CAMBRIAN RD @ RICHMOND RD","359090.41141","5009468.38145","-75.80869","45.22309","2017","5/23/2017","1:00:00 PM","01 - Clear","01 - Dry","02 - Stop sign","02 - Intersection related","01 - Daylight","03 - P.D. only","99 - Other"
"2647","CAMBRIAN RD @ RIVER MIST RD","364357.18590","5012611.70820","-75.74125","45.25094","2017","1/5/2017","7:34:00 AM","01 - Clear","06 - Ice","02 - Stop sign","03 - At intersection","03 - Dawn","03 - P.D. only","02 - Angle"
"2648","CAMBRIAN RD @ TWIN ELM RD N","359361.63536","5009763.38240","-75.80520","45.22572","2017","6/1/2017","8:56:00 AM","01 - Clear","01 - Dry","02 - Stop sign","02 - Intersection related","01 - Daylight","03 - P.D. only","02 - Angle"
"2649","CAMBRIAN RD btwn TWIN ELM RD & MOODIE DR","360949.75530","5010705.04855","-75.78487","45.23407","2017","3/8/2017","7:39:00 AM","01 - Clear","06 - Ice","10 - No control","01 - Non intersection","01 - Daylight","02 - Non-fatal injury","01 - Approaching"
"2650","CAMBRIAN RD/GOLFLINKS DR W @ LONGFIELDS DR","365381.41700","5013218.43177","-75.72813","45.25632","2017","5/27/2017","1:00:00 PM","01 - Clear","01 - Dry","11 - Roundabout","03 - At intersection","01 - Daylight","03 - P.D. only","04 - Sideswipe"
"2651","CAMBRIAN RD/GOLFLINKS DR W @ LONGFIELDS DR","365383.02525","5013224.08540","-75.72811","45.25637","2017","6/8/2017","5:42:00 PM","01 - Clear","01 - Dry","11 - Roundabout","03 - At intersection","01 - Daylight","03 - P.D. only","02 - Angle"
"2652","CAMBRIAN RD/GOLFLINKS DR W @ LONGFIELDS DR","365383.14844","5013223.00509","-75.72811","45.25636","2017","5/3/2017","7:32:00 AM","01 - Clear","01 - Dry","11 - Roundabout","03 - At intersection","01 - Daylight","03 - P.D. only","03 - Rear end"
"2653","CAMBRIAN RD/GOLFLINKS DR W @ LONGFIELDS DR","365382.35652","5013223.89811","-75.72812","45.25637","2017","6/13/2017","8:20:00 PM","01 - Clear","01 - Dry","11 - Roundabout","03 - At intersection","01 - Daylight","03 - P.D. only","04 - Sideswipe"
"2654","CAMBRIAN RD/GOLFLINKS DR W @ LONGFIELDS DR","365382.43973","5013222.20082","-75.72812","45.25635","2017","8/4/2017","8:21:00 PM","02 - Rain","02 - Wet","11 - Roundabout","02 - Intersection related","05 - Dusk","03 - P.D. only","07 - SMV other"
"2655","CAMBRIAN RD/GOLFLINKS DR W @ LONGFIELDS DR","365383.08497","5013222.55378","-75.72811","45.25635","2017","10/8/2017","12:41:00 PM","01 - Clear","01 - Dry","11 - Roundabout","03 - At intersection","01 - Daylight","03 - P.D. only","02 - Angle"
"2656","CAMBRIAN RD/GOLFLINKS DR W @ LONGFIELDS DR","365381.74236","5013222.25538","-75.72813","45.25635","2017","9/17/2017","2:20:00 PM","01 - Clear","01 - Dry","11 - Roundabout","03 - At intersection","01 - Daylight","03 - P.D. only","04 - Sideswipe"
"2657","CAMBRIAN RD/GOLFLINKS DR W @ LONGFIELDS DR","365383.20443","5013222.89670","-75.72811","45.25636","2017","9/8/2017","1:37:00 PM","01 - Clear","01 - Dry","11 - Roundabout","03 - At intersection","01 - Daylight","03 - P.D. only","02 - Angle"