"Record","Location","X","Y","Longitude","Latitude","Year","Date","Time","Environment","Road_Surface","Traffic_Control","Collision_Location","Light","Collision_Classification","Impact_type"
"2658","CAMBRIAN RD/GOLFLINKS DR W @ LONGFIELDS DR","365381.51052","5013223.09363","-75.72813","45.25636","2017","12/13/2017","2:39:00 PM","03 - Snow","02 - Wet","11 - Roundabout","03 - At intersection","01 - Daylight","03 - P.D. only","04 - Sideswipe"
"2659","CAMBRIAN RD/GOLFLINKS DR W @ LONGFIELDS DR","365383.02525","5013222.74760","-75.72811","45.25636","2017","2/10/2017","11:55:00 PM","03 - Snow","03 - Loose snow","11 - Roundabout","03 - At intersection","07 - Dark","03 - P.D. only","07 - SMV other"
"2660","CAMBRIAN RD/GOLFLINKS DR W @ LONGFIELDS DR","365382.69100","5013223.41890","-75.72811","45.25636","2017","4/13/2017","6:38:00 PM","01 - Clear","01 - Dry","11 - Roundabout","03 - At intersection","01 - Daylight","03 - P.D. only","02 - Angle"
"2661","CAMBRIDGE ST    N btwn LAURIER AVE W & PRIMROSE AVE","366771.98904","5030736.85183","-75.70822","45.41382","2017","6/14/2017","10:46:00 PM","01 - Clear","01 - Dry","10 - No control","01 - Non intersection","07 - Dark","03 - P.D. only","06 - SMV unattended vehicle"
"2662","CAMBRIDGE ST    N btwn SOMERSET ST W & CHRISTIE ST","366956.62240","5030293.67729","-75.70592","45.40982","2017","10/5/2017","1:05:00 PM","01 - Clear","01 - Dry","10 - No control","04 - At/near private drive","01 - Daylight","03 - P.D. only","05 - Turning movement"
"2663","CAMBRIDGE ST    S btwn PLYMOUTH ST & POWELL AVE","367272.66652","5029457.97297","-75.70199","45.40227","2017","11/18/2017","10:37:00 PM","04 - Freezing Rain","06 - Ice","10 - No control","01 - Non intersection","07 - Dark","03 - P.D. only","06 - SMV unattended vehicle"
"2664","CAMBRIDGE ST @ SOMERSET ST","366898.69890","5030433.24902","-75.70664","45.41108","2017","8/5/2017","6:39:00 PM","01 - Clear","01 - Dry","02 - Stop sign","03 - At intersection","01 - Daylight","02 - Non-fatal injury","05 - Turning movement"
"2665","CAMEO DR @ MAITLAND AVE","364153.54338","5025146.81080","-75.74235","45.36375","2017","2/15/2017","7:57:00 PM","03 - Snow","03 - Loose snow","02 - Stop sign","02 - Intersection related","07 - Dark","03 - P.D. only","02 - Angle"
"2666","CAMEO DR btwn CASTLE HILL CRES & MAITLAND AVE","364140.45187","5025184.23507","-75.74251","45.36409","2017","1/24/2017","11:46:00 AM","03 - Snow","03 - Loose snow","10 - No control","04 - At/near private drive","01 - Daylight","03 - P.D. only","99 - Other"
"2667","CAMERON AVE btwn SENECA ST & LEONARD AVE","368486.87282","5027995.37925","-75.68667","45.38900","2017","2/6/2017","5:36:00 PM","01 - Clear","01 - Dry","10 - No control","01 - Non intersection","07 - Dark","03 - P.D. only","06 - SMV unattended vehicle"
"2668","CAMERON ST @ REGIONAL RD 174","389861.77694","5042617.56430","-75.41121","45.51829","2017","5/2/2017","12:21:00 PM","01 - Clear","01 - Dry","01 - Traffic signal","02 - Intersection related","01 - Daylight","03 - P.D. only","03 - Rear end"
"2669","CAMERON ST @ REGIONAL RD 174","389860.26410","5042615.52629","-75.41123","45.51827","2017","5/8/2017","9:53:00 AM","01 - Clear","01 - Dry","01 - Traffic signal","02 - Intersection related","01 - Daylight","02 - Non-fatal injury","03 - Rear end"
"2670","CAMERON ST @ REGIONAL RD 174","389861.10805","5042618.90209","-75.41122","45.51830","2017","5/27/2017","12:44:00 PM","01 - Clear","01 - Dry","01 - Traffic signal","02 - Intersection related","01 - Daylight","03 - P.D. only","03 - Rear end"
"2671","CAMERON ST @ REGIONAL RD 174","389859.52862","5042619.18773","-75.41124","45.51830","2017","8/21/2017","4:31:00 PM","01 - Clear","01 - Dry","01 - Traffic signal","02 - Intersection related","01 - Daylight","03 - P.D. only","03 - Rear end"
"2672","CAMERON ST @ REGIONAL RD 174","389861.22060","5042618.23690","-75.41121","45.51829","2017","7/15/2017","8:41:00 AM","01 - Clear","01 - Dry","01 - Traffic signal","02 - Intersection related","01 - Daylight","03 - P.D. only","01 - Approaching"
"2673","CAMERON ST @ REGIONAL RD 174","389861.45118","5042618.40407","-75.41121","45.51829","2017","12/8/2017","6:02:00 AM","01 - Clear","01 - Dry","01 - Traffic signal","02 - Intersection related","07 - Dark","03 - P.D. only","07 - SMV other"
"2674","CAMERON ST @ REGIONAL RD 174","389860.75926","5042617.57295","-75.41122","45.51829","2017","2/28/2017","3:52:00 PM","01 - Clear","01 - Dry","01 - Traffic signal","02 - Intersection related","01 - Daylight","02 - Non-fatal injury","03 - Rear end"
"2675","CAMERON ST @ REGIONAL RD 174","389861.10805","5042618.23320","-75.41122","45.51829","2017","4/6/2017","5:06:00 PM","02 - Rain","02 - Wet","01 - Traffic signal","02 - Intersection related","01 - Daylight","03 - P.D. only","03 - Rear end"
"2676","CAMPBELLCROFT RD btwn SPRINGHILL RD & DALMENY RD","383482.91680","5005121.31874","-75.49881","45.18167","2017","3/27/2017","8:27:00 AM","02 - Rain","06 - Ice","10 - No control","01 - Non intersection","01 - Daylight","03 - P.D. only","07 - SMV other"
"2677","CAMPEAU DR @ BELLROCK DR","352151.94096","5020142.20551","-75.89602","45.31963","2017","11/23/2017","8:40:00 AM","01 - Clear","01 - Dry","02 - Stop sign","03 - At intersection","01 - Daylight","03 - P.D. only","01 - Approaching"
"2678","CAMPEAU DR @ HAWKSTONE GT","352308.80739","5020329.89610","-75.89400","45.32131","2017","1/27/2017","5:50:00 PM","01 - Clear","01 - Dry","01 - Traffic signal","02 - Intersection related","07 - Dark","03 - P.D. only","03 - Rear end"
"2679","CAMPEAU DR @ HERLIHEY WAY","350508.91935","5019176.81520","-75.91706","45.31106","2017","4/25/2017","5:20:00 PM","02 - Rain","02 - Wet","01 - Traffic signal","03 - At intersection","01 - Daylight","03 - P.D. only","02 - Angle"
"2680","CAMPEAU DR @ HUNTMAR DR","349064.66555","5018040.31919","-75.93558","45.30092","2017","6/14/2017","9:50:00 AM","01 - Clear","01 - Dry","11 - Roundabout","03 - At intersection","01 - Daylight","03 - P.D. only","04 - Sideswipe"
"2681","CAMPEAU DR @ HUNTMAR DR","349065.22623","5018038.48446","-75.93557","45.30090","2017","7/10/2017","5:47:00 PM","01 - Clear","01 - Dry","11 - Roundabout","02 - Intersection related","01 - Daylight","03 - P.D. only","04 - Sideswipe"
"2682","CAMPEAU DR @ HUNTMAR DR","349064.45355","5018038.98140","-75.93558","45.30091","2017","10/2/2017","7:36:00 AM","01 - Clear","01 - Dry","11 - Roundabout","03 - At intersection","01 - Daylight","03 - P.D. only","02 - Angle"
"2683","CAMPEAU DR @ KANATA AVE","350595.20064","5019402.06449","-75.91594","45.31308","2017","8/10/2017","3:13:00 PM","01 - Clear","01 - Dry","01 - Traffic signal","03 - At intersection","01 - Daylight","03 - P.D. only","05 - Turning movement"
"2684","CAMPEAU DR @ KANATA AVE","350595.87044","5019401.27520","-75.91593","45.31307","2017","11/26/2017","6:51:00 PM","03 - Snow","03 - Loose snow","01 - Traffic signal","02 - Intersection related","07 - Dark","03 - P.D. only","03 - Rear end"
"2685","CAMPEAU DR @ KANATA AVE","350596.53934","5019401.94410","-75.91592","45.31308","2017","2/12/2017","12:57:00 PM","03 - Snow","03 - Loose snow","01 - Traffic signal","02 - Intersection related","01 - Daylight","03 - P.D. only","01 - Approaching"
"2686","CAMPEAU DR @ KANATA AVE","350595.07483","5019402.28931","-75.91594","45.31308","2017","12/15/2017","2:04:00 PM","03 - Snow","04 - Slush","01 - Traffic signal","02 - Intersection related","01 - Daylight","03 - P.D. only","03 - Rear end"
"2687","CAMPEAU DR @ KNUDSON DR","351808.61894","5019847.13480","-75.90042","45.31700","2017","4/27/2017","8:36:00 AM","01 - Clear","01 - Dry","01 - Traffic signal","03 - At intersection","01 - Daylight","02 - Non-fatal injury","02 - Angle"
"2688","CAMPEAU DR @ KNUDSON DR","351809.22203","5019846.73364","-75.90042","45.31700","2017","7/21/2017","2:23:00 PM","01 - Clear","01 - Dry","01 - Traffic signal","03 - At intersection","01 - Daylight","03 - P.D. only","05 - Turning movement"
"2689","CAMPEAU DR @ TERON RD/COLCHESTER SQ","352563.08454","5020466.56886","-75.89074","45.32252","2017","7/31/2017","9:24:00 AM","01 - Clear","01 - Dry","01 - Traffic signal","03 - At intersection","01 - Daylight","02 - Non-fatal injury","05 - Turning movement"
"2690","CAMPEAU DR @ TERON RD/COLCHESTER SQ","352563.75522","5020467.18998","-75.89073","45.32253","2017","9/29/2017","4:36:00 PM","01 - Clear","01 - Dry","01 - Traffic signal","02 - Intersection related","01 - Daylight","03 - P.D. only","03 - Rear end"
"2691","CAMPEAU DR @ TERON RD/COLCHESTER SQ","352563.24460","5020468.24265","-75.89074","45.32254","2017","9/8/2017","4:05:00 PM","02 - Rain","02 - Wet","01 - Traffic signal","03 - At intersection","01 - Daylight","02 - Non-fatal injury","05 - Turning movement"
"2692","CAMPEAU DR @ TERON RD/COLCHESTER SQ","352562.97988","5020467.33706","-75.89074","45.32253","2017","9/28/2017","8:19:00 AM","01 - Clear","01 - Dry","01 - Traffic signal","03 - At intersection","01 - Daylight","03 - P.D. only","04 - Sideswipe"
"2693","CAMPEAU DR @ TERON RD/COLCHESTER SQ","352564.43256","5020467.76249","-75.89072","45.32253","2017","12/11/2017","6:18:00 PM","01 - Clear","01 - Dry","01 - Traffic signal","02 - Intersection related","07 - Dark","03 - P.D. only","02 - Angle"
"2694","CAMPEAU DR @ TERON RD/COLCHESTER SQ","352563.78766","5020466.62476","-75.89073","45.32252","2017","12/12/2017","3:30:00 PM","03 - Snow","03 - Loose snow","01 - Traffic signal","02 - Intersection related","01 - Daylight","03 - P.D. only","02 - Angle"
"2695","CAMPEAU DR @ TERON RD/COLCHESTER SQ","352562.97203","5020468.65150","-75.89074","45.32254","2017","1/20/2017","7:59:00 PM","01 - Clear","02 - Wet","01 - Traffic signal","03 - At intersection","07 - Dark","02 - Non-fatal injury","05 - Turning movement"
"2696","CAMPEAU DR @ TERRY FOX DR","350456.60404","5019009.11741","-75.91774","45.30955","2017","5/18/2017","10:15:00 AM","01 - Clear","01 - Dry","01 - Traffic signal","02 - Intersection related","01 - Daylight","03 - P.D. only","03 - Rear end"
"2697","CAMPEAU DR @ TERRY FOX DR","350455.93515","5019011.12410","-75.91775","45.30957","2017","5/29/2017","5:48:00 PM","01 - Clear","01 - Dry","01 - Traffic signal","03 - At intersection","01 - Daylight","03 - P.D. only","05 - Turning movement"
"2698","CAMPEAU DR @ TERRY FOX DR","350455.60070","5019010.75961","-75.91776","45.30956","2017","8/10/2017","6:37:00 PM","01 - Clear","02 - Wet","01 - Traffic signal","02 - Intersection related","01 - Daylight","03 - P.D. only","03 - Rear end"
"2699","CAMPEAU DR @ TERRY FOX DR","350456.55649","5019011.17205","-75.91774","45.30957","2017","9/11/2017","9:06:00 AM","01 - Clear","01 - Dry","01 - Traffic signal","03 - At intersection","01 - Daylight","03 - P.D. only","05 - Turning movement"
"2700","CAMPEAU DR @ TERRY FOX DR","350454.64491","5019009.73835","-75.91777","45.30956","2017","9/20/2017","9:00:00 AM","01 - Clear","01 - Dry","01 - Traffic signal","02 - Intersection related","01 - Daylight","03 - P.D. only","03 - Rear end"
"2701","CAMPEAU DR @ TERRY FOX DR","350457.03439","5019011.64994","-75.91774","45.30957","2017","9/17/2017","11:33:00 AM","01 - Clear","01 - Dry","01 - Traffic signal","03 - At intersection","01 - Daylight","03 - P.D. only","05 - Turning movement"
"2702","CAMPEAU DR @ TERRY FOX DR","350454.25992","5019010.67866","-75.91777","45.30956","2017","9/8/2017","6:23:00 PM","02 - Rain","02 - Wet","01 - Traffic signal","02 - Intersection related","01 - Daylight","03 - P.D. only","02 - Angle"
"2703","CAMPEAU DR @ TERRY FOX DR","350454.59736","5019011.12410","-75.91777","45.30957","2017","11/24/2017","2:35:00 PM","02 - Rain","02 - Wet","01 - Traffic signal","02 - Intersection related","01 - Daylight","03 - P.D. only","03 - Rear end"
"2704","CAMPEAU DR @ TERRY FOX DR","350455.26625","5019011.12410","-75.91776","45.30957","2017","11/29/2017","2:56:00 PM","01 - Clear","01 - Dry","01 - Traffic signal","03 - At intersection","01 - Daylight","03 - P.D. only","05 - Turning movement"
"2705","CAMPEAU DR @ TERRY FOX DR","350457.10164","5019010.83043","-75.91774","45.30957","2017","2/11/2017","7:30:00 AM","01 - Clear","02 - Wet","01 - Traffic signal","03 - At intersection","01 - Daylight","03 - P.D. only","05 - Turning movement"
"2706","CAMPEAU DR @ TERRY FOX DR","350457.27294","5019009.78630","-75.91774","45.30956","2017","3/12/2017","11:37:00 AM","01 - Clear","01 - Dry","01 - Traffic signal","02 - Intersection related","01 - Daylight","03 - P.D. only","03 - Rear end"
"2707","CAMPEAU DR @ TERRY FOX DR","350455.60070","5019010.07997","-75.91776","45.30956","2017","2/24/2017","10:20:00 AM","01 - Clear","01 - Dry","01 - Traffic signal","02 - Intersection related","01 - Daylight","03 - P.D. only","03 - Rear end"
"2708","CAMPEAU DR btwn DIDSBURY RD & TERRY FOX DR","350328.02654","5018797.37380","-75.91940","45.30765","2017","1/5/2017","2:22:00 PM","03 - Snow","06 - Ice","10 - No control","04 - At/near private drive","01 - Daylight","03 - P.D. only","02 - Angle"
"2709","CAMPEAU DR btwn HERLIHEY WAY & KANATA AVE","350541.02095","5019266.15815","-75.91664","45.31186","2017","5/29/2017","8:53:00 AM","02 - Rain","02 - Wet","10 - No control","01 - Non intersection","01 - Daylight","03 - P.D. only","03 - Rear end"
"2710","CAMPEAU DR btwn TERRY FOX DR & HERLIHEY WAY","350463.96190","5019041.89333","-75.91765","45.30984","2017","7/7/2017","6:30:00 PM","01 - Clear","01 - Dry","10 - No control","01 - Non intersection","01 - Daylight","03 - P.D. only","05 - Turning movement"
"2711","CAMPEAU DR btwn TERRY FOX DR & HERLIHEY WAY","350463.55836","5019047.49035","-75.91765","45.30989","2017","10/24/2017","3:59:00 PM","01 - Clear","01 - Dry","10 - No control","04 - At/near private drive","01 - Daylight","03 - P.D. only","05 - Turning movement"
"2712","CAMPEAU DR/HWY 417 MARCH IC138R63 @ MARCH RD","352841.22946","5020476.90392","-75.88719","45.32260","2017","6/13/2017","12:21:00 PM","01 - Clear","01 - Dry","01 - Traffic signal","02 - Intersection related","01 - Daylight","03 - P.D. only","03 - Rear end"
"2713","CAMPEAU DR/HWY 417 MARCH IC138R63 @ MARCH RD","352840.62156","5020477.80449","-75.88720","45.32261","2017","5/18/2017","1:30:00 PM","01 - Clear","01 - Dry","01 - Traffic signal","02 - Intersection related","01 - Daylight","03 - P.D. only","03 - Rear end"
"2714","CAMPEAU DR/HWY 417 MARCH IC138R63 @ MARCH RD","352840.69295","5020477.20493","-75.88720","45.32260","2017","4/26/2017","7:10:00 PM","01 - Clear","01 - Dry","01 - Traffic signal","02 - Intersection related","01 - Daylight","03 - P.D. only","04 - Sideswipe"
"2715","CAMPEAU DR/HWY 417 MARCH IC138R63 @ MARCH RD","352842.51881","5020477.02619","-75.88718","45.32260","2017","5/2/2017","1:54:00 PM","02 - Rain","02 - Wet","01 - Traffic signal","02 - Intersection related","01 - Daylight","03 - P.D. only","03 - Rear end"
"2716","CAMPEAU DR/HWY 417 MARCH IC138R63 @ MARCH RD","352842.37184","5020476.36548","-75.88718","45.32259","2017","5/29/2017","8:59:00 AM","02 - Rain","02 - Wet","01 - Traffic signal","02 - Intersection related","01 - Daylight","03 - P.D. only","03 - Rear end"
"2717","CAMPEAU DR/HWY 417 MARCH IC138R63 @ MARCH RD","352840.50771","5020477.36774","-75.88720","45.32260","2017","5/16/2017","5:37:00 PM","01 - Clear","01 - Dry","01 - Traffic signal","02 - Intersection related","01 - Daylight","03 - P.D. only","04 - Sideswipe"
"2718","CAMPEAU DR/HWY 417 MARCH IC138R63 @ MARCH RD","352841.62218","5020476.40815","-75.88719","45.32259","2017","7/6/2017","7:35:00 AM","01 - Clear","01 - Dry","01 - Traffic signal","02 - Intersection related","01 - Daylight","02 - Non-fatal injury","04 - Sideswipe"
"2719","CAMPEAU DR/HWY 417 MARCH IC138R63 @ MARCH RD","352841.84688","5020475.80077","-75.88718","45.32259","2017","8/27/2017","11:16:00 AM","01 - Clear","02 - Wet","01 - Traffic signal","02 - Intersection related","01 - Daylight","03 - P.D. only","04 - Sideswipe"
"2720","CAMPEAU DR/HWY 417 MARCH IC138R63 @ MARCH RD","352841.55021","5020477.44942","-75.88719","45.32260","2017","7/27/2017","9:29:00 AM","01 - Clear","01 - Dry","01 - Traffic signal","03 - At intersection","01 - Daylight","03 - P.D. only","07 - SMV other"
"2721","CAMPEAU DR/HWY 417 MARCH IC138R63 @ MARCH RD","352841.38646","5020475.91340","-75.88719","45.32259","2017","9/23/2017","10:49:00 AM","01 - Clear","01 - Dry","01 - Traffic signal","03 - At intersection","01 - Daylight","03 - P.D. only","05 - Turning movement"
"2722","CAMPEAU DR/HWY 417 MARCH IC138R63 @ MARCH RD","352841.79817","5020476.47810","-75.88719","45.32259","2017","9/21/2017","8:46:00 AM","01 - Clear","01 - Dry","01 - Traffic signal","03 - At intersection","01 - Daylight","03 - P.D. only","02 - Angle"
"2723","CAMPEAU DR/HWY 417 MARCH IC138R63 @ MARCH RD","352841.62490","5020477.01315","-75.88719","45.32260","2017","10/6/2017","5:16:00 PM","01 - Clear","01 - Dry","01 - Traffic signal","02 - Intersection related","01 - Daylight","03 - P.D. only","03 - Rear end"
"2724","CAMPEAU DR/HWY 417 MARCH IC138R63 @ MARCH RD","352842.63649","5020476.38734","-75.88717","45.32259","2017","9/13/2017","5:54:00 AM","01 - Clear","01 - Dry","01 - Traffic signal","02 - Intersection related","07 - Dark","03 - P.D. only","04 - Sideswipe"
"2725","CAMPEAU DR/HWY 417 MARCH IC138R63 @ MARCH RD","352842.64658","5020475.28926","-75.88717","45.32258","2017","9/20/2017","6:16:00 PM","01 - Clear","01 - Dry","01 - Traffic signal","02 - Intersection related","01 - Daylight","03 - P.D. only","03 - Rear end"
"2726","CAMPEAU DR/HWY 417 MARCH IC138R63 @ MARCH RD","352841.07845","5020475.37380","-75.88719","45.32258","2017","10/6/2017","2:27:00 PM","01 - Clear","01 - Dry","01 - Traffic signal","02 - Intersection related","01 - Daylight","03 - P.D. only","03 - Rear end"
"2727","CAMPEAU DR/HWY 417 MARCH IC138R63 @ MARCH RD","352841.74262","5020476.54295","-75.88719","45.32259","2017","10/24/2017","11:48:00 AM","02 - Rain","02 - Wet","01 - Traffic signal","02 - Intersection related","01 - Daylight","03 - P.D. only","03 - Rear end"
"2728","CAMPEAU DR/HWY 417 MARCH IC138R63 @ MARCH RD","352842.50941","5020478.68168","-75.88718","45.32261","2017","11/6/2017","4:15:00 PM","01 - Clear","01 - Dry","01 - Traffic signal","03 - At intersection","05 - Dusk","03 - P.D. only","03 - Rear end"
"2729","CAMPEAU DR/HWY 417 MARCH IC138R63 @ MARCH RD","352840.50771","5020480.03667","-75.88720","45.32263","2017","11/29/2017","6:10:00 PM","01 - Clear","01 - Dry","01 - Traffic signal","02 - Intersection related","07 - Dark","03 - P.D. only","03 - Rear end"
"2730","CAMPEAU DR/HWY 417 MARCH IC138R63 @ MARCH RD","352841.77213","5020476.08991","-75.88719","45.32259","2017","11/16/2017","4:00:00 PM","02 - Rain","02 - Wet","01 - Traffic signal","02 - Intersection related","05 - Dusk","02 - Non-fatal injury","03 - Rear end"
"2731","CAMPEAU DR/HWY 417 MARCH IC138R63 @ MARCH RD","352844.39819","5020478.68168","-75.88715","45.32261","2017","12/5/2017","12:57:00 PM","02 - Rain","02 - Wet","01 - Traffic signal","02 - Intersection related","01 - Daylight","03 - P.D. only","03 - Rear end"
"2732","CAMPEAU DR/HWY 417 MARCH IC138R63 @ MARCH RD","352842.80747","5020475.13689","-75.88717","45.32258","2017","1/19/2017","6:24:00 AM","01 - Clear","02 - Wet","01 - Traffic signal","02 - Intersection related","07 - Dark","03 - P.D. only","03 - Rear end"
"2733","CAMPEAU DR/HWY 417 MARCH IC138R63 @ MARCH RD","352841.08379","5020474.29775","-75.88719","45.32257","2017","2/2/2017","9:10:00 AM","01 - Clear","02 - Wet","01 - Traffic signal","03 - At intersection","01 - Daylight","03 - P.D. only","03 - Rear end"
"2734","CAMPEAU DR/HWY 417 MARCH IC138R63 @ MARCH RD","352841.22946","5020475.81858","-75.88719","45.32259","2017","4/19/2017","7:30:00 PM","02 - Rain","02 - Wet","01 - Traffic signal","03 - At intersection","01 - Daylight","03 - P.D. only","07 - SMV other"
"2735","CAMPEAU DR/HWY 417 MARCH IC138R63 @ MARCH RD","352844.02680","5020477.90045","-75.88716","45.32261","2017","4/1/2017","5:55:00 PM","01 - Clear","01 - Dry","01 - Traffic signal","02 - Intersection related","01 - Daylight","03 - P.D. only","03 - Rear end"
"2736","CAMPEAU DR/HWY 417 MARCH IC138R63 @ MARCH RD","352841.64892","5020477.55924","-75.88719","45.32260","2017","4/18/2017","6:15:00 AM","01 - Clear","01 - Dry","01 - Traffic signal","02 - Intersection related","03 - Dawn","03 - P.D. only","07 - SMV other"
"2737","CAMPEAU DR/HWY 417 MARCH IC138R63 @ MARCH RD","352841.15153","5020477.65013","-75.88719","45.32260","2017","12/23/2017","3:52:00 PM","03 - Snow","06 - Ice","01 - Traffic signal","02 - Intersection related","01 - Daylight","03 - P.D. only","03 - Rear end"
"2738","CAMPOBELLO DR btwn CAYMAN RD & GRENADINE ST","349661.37910","5016452.90660","-75.92812","45.28660","2017","7/13/2017","12:00:00 AM","01 - Clear","01 - Dry","10 - No control","01 - Non intersection","00 - Unknown","03 - P.D. only","06 - SMV unattended vehicle"
"2739","CANAAN RD @ REGIONAL RD 174","395771.48155","5043414.22000","-75.33543","45.52471","2017","5/4/2017","4:45:00 PM","01 - Clear","01 - Dry","01 - Traffic signal","02 - Intersection related","01 - Daylight","03 - P.D. only","03 - Rear end"
"2740","CANAAN RD @ REGIONAL RD 174","395771.81600","5043412.36767","-75.33543","45.52469","2017","9/21/2017","5:08:00 PM","01 - Clear","01 - Dry","01 - Traffic signal","03 - At intersection","01 - Daylight","03 - P.D. only","05 - Turning movement"
"2741","CANAAN RD @ REGIONAL RD 174","395772.15045","5043411.54441","-75.33542","45.52468","2017","4/8/2017","5:39:00 PM","01 - Clear","01 - Dry","01 - Traffic signal","02 - Intersection related","01 - Daylight","03 - P.D. only","03 - Rear end"
"2742","CANAAN RD btwn ETIENNE RD & COLONIAL RD","398263.96125","5037669.21030","-75.30462","45.47269","2017","9/22/2017","2:15:00 AM","01 - Clear","01 - Dry","10 - No control","01 - Non intersection","07 - Dark","03 - P.D. only","07 - SMV other"
"2743","CANAAN RD btwn REGIONAL ROAD 174 & WILHAVEN DR","395780.17720","5043394.15311","-75.33532","45.52453","2017","10/29/2017","8:25:00 PM","02 - Rain","02 - Wet","10 - No control","01 - Non intersection","07 - Dark","03 - P.D. only","07 - SMV other"
"2744","CANADAIR PRIV btwn DE NIVERVILLE PRIV & TAXIWAY PRIV","369077.15076","5021853.58456","-75.67993","45.33369","2017","5/25/2017","7:30:00 PM","02 - Rain","02 - Wet","10 - No control","04 - At/near private drive","01 - Daylight","03 - P.D. only","02 - Angle"
"2745","CANDLEWOOD ST btwn BOISFRANC CIRC & CHERINGTON CRES","385420.71408","5035492.16298","-75.46921","45.45471","2017","1/17/2017","9:52:00 AM","01 - Clear","05 - Packed snow","10 - No control","04 - At/near private drive","01 - Daylight","03 - P.D. only","06 - SMV unattended vehicle"
"2746","CANDLEWOOD ST/CHERINGTON CRES E @ CAPREOL ST E","385632.16105","5035617.26730","-75.46649","45.45581","2017","3/20/2017","5:06:00 PM","01 - Clear","01 - Dry","02 - Stop sign","03 - At intersection","01 - Daylight","03 - P.D. only","02 - Angle"
"2747","CANEMORE CRES btwn PROULX DR & APOLLO WAY (2)","384035.36045","5037689.01274","-75.48657","45.47463","2017","11/26/2017","11:57:00 PM","03 - Snow","02 - Wet","10 - No control","01 - Non intersection","07 - Dark","03 - P.D. only","06 - SMV unattended vehicle"
"2748","CANFIELD RD btwn KEPPLER CRES & VALLEYVIEW RD","360723.13289","5021275.66271","-75.78657","45.32920","2017","3/7/2017","10:05:00 AM","04 - Freezing Rain","06 - Ice","10 - No control","01 - Non intersection","01 - Daylight","03 - P.D. only","01 - Approaching"
"2749","CANON SMITH DR @ GALETTA SIDE RD","329165.58390","5036250.85559","-76.18841","45.46576","2017","1/6/2017","9:31:00 AM","01 - Clear","01 - Dry","02 - Stop sign","02 - Intersection related","01 - Daylight","03 - P.D. only","07 - SMV other"
"2750","CANON SMITH DR btwn FITZROY ST & GALETTA SIDE RD","328840.67492","5036639.02047","-76.19255","45.46926","2017","2/18/2017","6:18:00 PM","01 - Clear","01 - Dry","10 - No control","01 - Non intersection","07 - Dark","02 - Non-fatal injury","07 - SMV other"
"2751","CANOTEK RD @ CANOTEK RD","376519.02000","5035508.21006","-75.58301","45.45582","2017","12/12/2017","6:00:00 PM","03 - Snow","05 - Packed snow","02 - Stop sign","03 - At intersection","07 - Dark","03 - P.D. only","02 - Angle"
"2752","CANOTEK RD @ RAINBOW ST","376228.33656","5035171.56900","-75.58677","45.45282","2017","7/21/2017","3:54:00 PM","01 - Clear","01 - Dry","02 - Stop sign","03 - At intersection","01 - Daylight","02 - Non-fatal injury","07 - SMV other"
"2753","CANOTEK RD @ SHEFFORD RD","376029.49743","5035093.58990","-75.58933","45.45214","2017","8/14/2017","10:09:00 AM","01 - Clear","01 - Dry","01 - Traffic signal","03 - At intersection","01 - Daylight","03 - P.D. only","02 - Angle"
"2754","CANOTEK RD @ SHEFFORD RD","376031.49761","5035092.60629","-75.58930","45.45213","2017","9/7/2017","3:15:00 PM","02 - Rain","02 - Wet","01 - Traffic signal","03 - At intersection","01 - Daylight","03 - P.D. only","04 - Sideswipe"
"2755","CANOTEK RD @ SHEFFORD RD","376028.69483","5035093.58990","-75.58934","45.45214","2017","9/20/2017","10:52:00 AM","01 - Clear","01 - Dry","01 - Traffic signal","02 - Intersection related","01 - Daylight","03 - P.D. only","04 - Sideswipe"
"2756","CANOTEK RD @ SHEFFORD RD","376030.20620","5035094.31475","-75.58932","45.45215","2017","11/7/2017","2:05:00 PM","01 - Clear","01 - Dry","01 - Traffic signal","02 - Intersection related","01 - Daylight","03 - P.D. only","04 - Sideswipe"
"2757","CANOTEK RD btwn TO BE DETERMINED & GREEN CREEK DR","376620.70338","5035667.01072","-75.58169","45.45724","2017","10/13/2017","12:07:00 PM","01 - Clear","01 - Dry","10 - No control","04 - At/near private drive","01 - Daylight","03 - P.D. only","05 - Turning movement"
"2758","CANTERBURY AVE btwn KILBORN AVE & URBANDALE DR","372546.07643","5028099.17895","-75.63482","45.38956","2017","7/1/2017","12:40:00 AM","01 - Clear","02 - Wet","10 - No control","01 - Non intersection","07 - Dark","03 - P.D. only","06 - SMV unattended vehicle"
"2759","CANTERBURY AVE btwn KILBORN AVE & URBANDALE DR","372572.98497","5028065.25362","-75.63448","45.38925","2017","12/9/2017","12:00:00 AM","01 - Clear","01 - Dry","10 - No control","01 - Non intersection","00 - Unknown","03 - P.D. only","06 - SMV unattended vehicle"
"2760","CANTERBURY AVE/SAUNDERSON DR @ HALIFAX DR","373236.16304","5028123.21204","-75.62600","45.38970","2017","12/12/2017","6:30:00 PM","03 - Snow","05 - Packed snow","02 - Stop sign","02 - Intersection related","07 - Dark","03 - P.D. only","01 - Approaching"
"2761","CARBROOKE ST @ DESMOND AVE","353512.17867","5018110.78801","-75.87887","45.30126","2017","8/11/2017","3:30:00 PM","01 - Clear","01 - Dry","02 - Stop sign","03 - At intersection","01 - Daylight","02 - Non-fatal injury","02 - Angle"