"Record","Location","X","Y","Longitude","Latitude","Year","Date","Time","Environment","Road_Surface","Traffic_Control","Collision_Location","Light","Collision_Classification","Impact_type"
"2762","CARDEVCO RD @ CARP RD","345929.65310","5017478.00365","-75.97560","45.29605","2017","10/5/2017","1:45:00 PM","01 - Clear","01 - Dry","02 - Stop sign","02 - Intersection related","01 - Daylight","03 - P.D. only","03 - Rear end"
"2763","CARDEVCO RD @ CARP RD","345930.19954","5017475.81786","-75.97559","45.29603","2017","9/28/2017","12:30:00 PM","01 - Clear","01 - Dry","02 - Stop sign","03 - At intersection","01 - Daylight","02 - Non-fatal injury","03 - Rear end"
"2764","CARIBOU AVE btwn ORVILLE ST & EVELYN ST","350759.27094","5013582.11095","-75.91439","45.26070","2017","9/12/2017","12:00:00 AM","01 - Clear","01 - Dry","10 - No control","01 - Non intersection","00 - Unknown","03 - P.D. only","06 - SMV unattended vehicle"
"2765","CARILLON ST @ HANNAH ST","370156.70774","5033390.59350","-75.66463","45.43739","2017","5/7/2017","6:03:00 PM","01 - Clear","01 - Dry","02 - Stop sign","03 - At intersection","01 - Daylight","03 - P.D. only","02 - Angle"
"2766","CARILLON ST @ HANNAH ST","370156.03885","5033391.26240","-75.66464","45.43740","2017","5/17/2017","7:32:00 PM","01 - Clear","01 - Dry","02 - Stop sign","03 - At intersection","01 - Daylight","03 - P.D. only","02 - Angle"
"2767","CARINA CRES btwn LOCHNAW PRIV & SHANLY PRIV","364808.85100","5013012.97700","-75.73545","45.25452","2017","9/8/2017","4:05:00 PM","01 - Clear","02 - Wet","10 - No control","04 - At/near private drive","01 - Daylight","03 - P.D. only","05 - Turning movement"
"2768","CARLETON AVE @ SCOTT ST","364115.02775","5029213.89140","-75.74235","45.40035","2017","5/15/2017","4:51:00 PM","01 - Clear","01 - Dry","01 - Traffic signal","02 - Intersection related","01 - Daylight","03 - P.D. only","99 - Other"
"2769","CARLING AVE @ BAYSHORE DR/BIRCHDALE AVE","359004.53655","5023989.27431","-75.80819","45.35375","2017","6/24/2017","12:30:00 PM","01 - Clear","01 - Dry","01 - Traffic signal","02 - Intersection related","01 - Daylight","03 - P.D. only","03 - Rear end"
"2770","CARLING AVE @ BAYSHORE DR/BIRCHDALE AVE","359003.58895","5023991.25313","-75.80821","45.35377","2017","8/12/2017","1:45:00 PM","01 - Clear","01 - Dry","01 - Traffic signal","03 - At intersection","01 - Daylight","02 - Non-fatal injury","05 - Turning movement"
"2771","CARLING AVE @ BAYSHORE DR/BIRCHDALE AVE","359005.20545","5023990.61210","-75.80819","45.35377","2017","7/4/2017","6:37:00 PM","01 - Clear","01 - Dry","01 - Traffic signal","03 - At intersection","01 - Daylight","03 - P.D. only","05 - Turning movement"
"2772","CARLING AVE @ BAYSHORE DR/BIRCHDALE AVE","359004.42407","5023991.28249","-75.80820","45.35377","2017","9/8/2017","12:22:00 PM","01 - Clear","02 - Wet","01 - Traffic signal","03 - At intersection","01 - Daylight","02 - Non-fatal injury","03 - Rear end"
"2773","CARLING AVE @ BAYSHORE DR/BIRCHDALE AVE","359004.39310","5023991.80684","-75.80820","45.35378","2017","9/25/2017","3:50:00 PM","01 - Clear","01 - Dry","01 - Traffic signal","02 - Intersection related","01 - Daylight","03 - P.D. only","04 - Sideswipe"
"2774","CARLING AVE @ BAYSHORE DR/BIRCHDALE AVE","359004.44262","5023990.32888","-75.80820","45.35376","2017","9/27/2017","12:08:00 PM","01 - Clear","01 - Dry","01 - Traffic signal","02 - Intersection related","01 - Daylight","03 - P.D. only","03 - Rear end"
"2775","CARLING AVE @ BAYSHORE DR/BIRCHDALE AVE","359004.81162","5023990.32888","-75.80819","45.35376","2017","10/21/2017","2:39:00 PM","01 - Clear","01 - Dry","01 - Traffic signal","03 - At intersection","01 - Daylight","03 - P.D. only","05 - Turning movement"
"2776","CARLING AVE @ BAYSHORE DR/BIRCHDALE AVE","359005.24968","5023990.93984","-75.80819","45.35377","2017","10/4/2017","7:10:00 AM","01 - Clear","01 - Dry","01 - Traffic signal","02 - Intersection related","01 - Daylight","03 - P.D. only","03 - Rear end"
"2777","CARLING AVE @ BAYSHORE DR/BIRCHDALE AVE","359005.58709","5023990.93374","-75.80818","45.35377","2017","10/15/2017","6:04:00 PM","02 - Rain","02 - Wet","01 - Traffic signal","02 - Intersection related","01 - Daylight","03 - P.D. only","03 - Rear end"
"2778","CARLING AVE @ BAYSHORE DR/BIRCHDALE AVE","359005.87434","5023990.61210","-75.80818","45.35377","2017","2/15/2017","2:47:00 PM","01 - Clear","02 - Wet","01 - Traffic signal","03 - At intersection","01 - Daylight","03 - P.D. only","05 - Turning movement"
"2779","CARLING AVE @ BAYSHORE DR/BIRCHDALE AVE","359003.31290","5023989.74710","-75.80821","45.35376","2017","1/7/2017","4:20:00 PM","01 - Clear","01 - Dry","01 - Traffic signal","02 - Intersection related","01 - Daylight","03 - P.D. only","03 - Rear end"
"2780","CARLING AVE @ BAYSHORE DR/BIRCHDALE AVE","359005.87434","5023989.94320","-75.80818","45.35376","2017","3/20/2017","2:02:00 PM","01 - Clear","01 - Dry","01 - Traffic signal","02 - Intersection related","01 - Daylight","02 - Non-fatal injury","03 - Rear end"
"2781","CARLING AVE @ BAYSHORE DR/BIRCHDALE AVE","359004.39763","5023989.90204","-75.80820","45.35376","2017","12/30/2017","5:47:00 PM","01 - Clear","02 - Wet","01 - Traffic signal","03 - At intersection","07 - Dark","03 - P.D. only","05 - Turning movement"
"2782","CARLING AVE @ BAYSHORE DR/BIRCHDALE AVE","359005.58709","5023989.81616","-75.80818","45.35376","2017","12/23/2017","2:16:00 PM","03 - Snow","03 - Loose snow","01 - Traffic signal","02 - Intersection related","01 - Daylight","03 - P.D. only","04 - Sideswipe"
"2783","CARLING AVE @ BEDALE DR","357223.65990","5023712.38350","-75.83095","45.35140","2017","2/16/2017","8:54:00 AM","01 - Clear","01 - Dry","01 - Traffic signal","02 - Intersection related","01 - Daylight","03 - P.D. only","03 - Rear end"
"2784","CARLING AVE @ BROADVIEW AVE","363180.35215","5026640.54829","-75.75459","45.37727","2017","5/24/2017","10:40:00 AM","01 - Clear","01 - Dry","01 - Traffic signal","02 - Intersection related","01 - Daylight","02 - Non-fatal injury","07 - SMV other"
"2785","CARLING AVE @ BROADVIEW AVE","363180.68660","5026638.54160","-75.75459","45.37726","2017","6/16/2017","1:27:00 PM","01 - Clear","01 - Dry","01 - Traffic signal","03 - At intersection","01 - Daylight","03 - P.D. only","05 - Turning movement"
"2786","CARLING AVE @ BROADVIEW AVE","363181.68994","5026637.20381","-75.75457","45.37724","2017","7/7/2017","6:24:00 PM","02 - Rain","02 - Wet","01 - Traffic signal","03 - At intersection","01 - Daylight","02 - Non-fatal injury","05 - Turning movement"
"2787","CARLING AVE @ BROADVIEW AVE","363181.54960","5026637.46285","-75.75458","45.37725","2017","11/21/2017","11:37:00 AM","01 - Clear","01 - Dry","01 - Traffic signal","02 - Intersection related","01 - Daylight","02 - Non-fatal injury","03 - Rear end"
"2788","CARLING AVE @ BROADVIEW AVE","363181.16450","5026639.01950","-75.75458","45.37726","2017","11/1/2017","6:09:00 PM","02 - Rain","02 - Wet","01 - Traffic signal","02 - Intersection related","07 - Dark","02 - Non-fatal injury","03 - Rear end"
"2789","CARLING AVE @ BROADVIEW AVE","363183.26171","5026639.39997","-75.75455","45.37726","2017","1/3/2017","7:27:00 AM","03 - Snow","04 - Slush","01 - Traffic signal","02 - Intersection related","03 - Dawn","03 - P.D. only","05 - Turning movement"
"2790","CARLING AVE @ BROADVIEW AVE","363182.18754","5026637.41590","-75.75457","45.37725","2017","2/21/2017","8:11:00 AM","01 - Clear","01 - Dry","01 - Traffic signal","02 - Intersection related","01 - Daylight","03 - P.D. only","04 - Sideswipe"
"2791","CARLING AVE @ BROADVIEW AVE","363180.52560","5026638.56587","-75.75459","45.37726","2017","12/19/2017","8:35:00 AM","03 - Snow","03 - Loose snow","01 - Traffic signal","03 - At intersection","01 - Daylight","03 - P.D. only","05 - Turning movement"
"2792","CARLING AVE @ BROADVIEW AVE","363181.64239","5026638.30265","-75.75457","45.37725","2017","12/31/2017","5:48:00 PM","01 - Clear","06 - Ice","01 - Traffic signal","02 - Intersection related","07 - Dark","03 - P.D. only","03 - Rear end"
"2793","CARLING AVE @ CARLING RMP 35","360927.91896","5025195.93796","-75.78351","45.36446","2017","11/23/2017","5:10:00 PM","01 - Clear","01 - Dry","10 - No control","02 - Intersection related","05 - Dusk","03 - P.D. only","03 - Rear end"
"2794","CARLING AVE @ CARLING RMP 56","360874.72661","5025162.39960","-75.78419","45.36416","2017","7/28/2017","4:18:00 PM","01 - Clear","01 - Dry","10 - No control","03 - At intersection","01 - Daylight","03 - P.D. only","03 - Rear end"
"2795","CARLING AVE @ CARLING RMP 56","360874.81662","5025163.05438","-75.78419","45.36417","2017","3/17/2017","6:00:00 PM","01 - Clear","01 - Dry","10 - No control","02 - Intersection related","01 - Daylight","03 - P.D. only","03 - Rear end"
"2796","CARLING AVE @ CARLINGWOOD SC","362074.57481","5025920.14539","-75.76879","45.37088","2017","9/26/2017","10:13:00 AM","01 - Clear","01 - Dry","01 - Traffic signal","02 - Intersection related","01 - Daylight","02 - Non-fatal injury","02 - Angle"
"2797","CARLING AVE @ CARLINGWOOD SC","362074.05341","5025919.20517","-75.76880","45.37088","2017","1/27/2017","2:20:00 PM","03 - Snow","02 - Wet","01 - Traffic signal","03 - At intersection","01 - Daylight","03 - P.D. only","05 - Turning movement"
"2798","CARLING AVE @ CARLINGWOOD SC","362072.67765","5025920.36629","-75.76882","45.37089","2017","4/13/2017","9:35:00 AM","01 - Clear","01 - Dry","01 - Traffic signal","03 - At intersection","01 - Daylight","03 - P.D. only","05 - Turning movement"
"2799","CARLING AVE @ CARLINGWOOD SC","362074.01544","5025919.69740","-75.76880","45.37088","2017","4/12/2017","3:50:00 PM","01 - Clear","01 - Dry","01 - Traffic signal","02 - Intersection related","01 - Daylight","02 - Non-fatal injury","04 - Sideswipe"
"2800","CARLING AVE @ CHAMPAGNE AVE","366627.72802","5028811.29920","-75.71031","45.39651","2017","8/15/2017","4:57:00 PM","01 - Clear","01 - Dry","01 - Traffic signal","02 - Intersection related","01 - Daylight","03 - P.D. only","03 - Rear end"
"2801","CARLING AVE @ CHURCHILL AVE","363776.23108","5027013.27006","-75.74694","45.38058","2017","7/19/2017","4:45:00 PM","01 - Clear","01 - Dry","01 - Traffic signal","02 - Intersection related","01 - Daylight","03 - P.D. only","02 - Angle"
"2802","CARLING AVE @ CHURCHILL AVE","363776.97765","5027014.81985","-75.74693","45.38059","2017","8/16/2017","3:00:00 PM","01 - Clear","01 - Dry","01 - Traffic signal","03 - At intersection","01 - Daylight","03 - P.D. only","05 - Turning movement"
"2803","CARLING AVE @ CHURCHILL AVE","363776.17350","5027012.82095","-75.74694","45.38057","2017","9/20/2017","7:20:00 PM","01 - Clear","01 - Dry","01 - Traffic signal","02 - Intersection related","05 - Dusk","03 - P.D. only","04 - Sideswipe"
"2804","CARLING AVE @ CHURCHILL AVE","363774.69226","5027013.53780","-75.74696","45.38058","2017","2/10/2017","9:52:00 AM","01 - Clear","01 - Dry","01 - Traffic signal","02 - Intersection related","01 - Daylight","03 - P.D. only","03 - Rear end"
"2805","CARLING AVE @ CIVIC HOSPITAL","365790.60616","5028279.39379","-75.72106","45.39180","2017","6/30/2017","4:16:00 PM","01 - Clear","02 - Wet","01 - Traffic signal","02 - Intersection related","01 - Daylight","03 - P.D. only","03 - Rear end"
"2806","CARLING AVE @ CIVIC HOSPITAL","365791.79006","5028278.56832","-75.72105","45.39179","2017","9/13/2017","4:30:00 PM","01 - Clear","01 - Dry","01 - Traffic signal","03 - At intersection","01 - Daylight","03 - P.D. only","05 - Turning movement"
"2807","CARLING AVE @ CLYDE AVE/COLE AVE","363522.36284","5026850.54210","-75.75020","45.37914","2017","5/18/2017","8:36:00 AM","01 - Clear","01 - Dry","01 - Traffic signal","03 - At intersection","01 - Daylight","02 - Non-fatal injury","05 - Turning movement"
"2808","CARLING AVE @ CLYDE AVE/COLE AVE","363520.18110","5026850.54210","-75.75023","45.37914","2017","6/27/2017","2:30:00 PM","01 - Clear","01 - Dry","01 - Traffic signal","02 - Intersection related","01 - Daylight","03 - P.D. only","05 - Turning movement"
"2809","CARLING AVE @ CLYDE AVE/COLE AVE","363520.69060","5026848.94720","-75.75022","45.37912","2017","7/26/2017","8:34:00 AM","01 - Clear","01 - Dry","01 - Traffic signal","03 - At intersection","01 - Daylight","02 - Non-fatal injury","05 - Turning movement"
"2810","CARLING AVE @ CLYDE AVE/COLE AVE","363520.35615","5026849.20431","-75.75022","45.37912","2017","7/7/2017","3:43:00 PM","01 - Clear","01 - Dry","01 - Traffic signal","02 - Intersection related","01 - Daylight","03 - P.D. only","03 - Rear end"
"2811","CARLING AVE @ CLYDE AVE/COLE AVE","363521.32856","5026852.13700","-75.75021","45.37915","2017","7/20/2017","3:48:00 PM","01 - Clear","01 - Dry","01 - Traffic signal","03 - At intersection","01 - Daylight","02 - Non-fatal injury","02 - Angle"
"2812","CARLING AVE @ CLYDE AVE/COLE AVE","363520.92883","5026850.93656","-75.75022","45.37914","2017","6/28/2017","5:55:00 PM","01 - Clear","01 - Dry","01 - Traffic signal","02 - Intersection related","01 - Daylight","03 - P.D. only","04 - Sideswipe"
"2813","CARLING AVE @ CLYDE AVE/COLE AVE","363520.35615","5026851.87989","-75.75022","45.37915","2017","10/14/2017","1:15:00 PM","01 - Clear","01 - Dry","01 - Traffic signal","02 - Intersection related","01 - Daylight","03 - P.D. only","05 - Turning movement"
"2814","CARLING AVE @ CLYDE AVE/COLE AVE","363519.27048","5026850.77879","-75.75024","45.37914","2017","9/22/2017","3:43:00 PM","01 - Clear","01 - Dry","01 - Traffic signal","02 - Intersection related","01 - Daylight","03 - P.D. only","04 - Sideswipe"
"2815","CARLING AVE @ CLYDE AVE/COLE AVE","363519.59770","5026849.99565","-75.75023","45.37913","2017","9/21/2017","4:00:00 PM","01 - Clear","01 - Dry","01 - Traffic signal","02 - Intersection related","01 - Daylight","02 - Non-fatal injury","03 - Rear end"
"2816","CARLING AVE @ CLYDE AVE/COLE AVE","363522.36284","5026848.53541","-75.75020","45.37912","2017","10/26/2017","4:59:00 PM","01 - Clear","01 - Dry","01 - Traffic signal","03 - At intersection","01 - Daylight","03 - P.D. only","05 - Turning movement"
"2817","CARLING AVE @ CLYDE AVE/COLE AVE","363520.35615","5026850.54210","-75.75022","45.37914","2017","11/30/2017","2:31:00 PM","01 - Clear","02 - Wet","01 - Traffic signal","02 - Intersection related","01 - Daylight","03 - P.D. only","03 - Rear end"
"2818","CARLING AVE @ CONNAUGHT AVE","360771.67954","5025117.51480","-75.78551","45.36377","2017","5/31/2017","4:30:00 PM","01 - Clear","01 - Dry","01 - Traffic signal","03 - At intersection","01 - Daylight","03 - P.D. only","05 - Turning movement"
"2819","CARLING AVE @ CONNAUGHT AVE","360770.67620","5025116.23275","-75.78553","45.36376","2017","8/15/2017","4:00:00 PM","01 - Clear","01 - Dry","01 - Traffic signal","03 - At intersection","01 - Daylight","03 - P.D. only","05 - Turning movement"
"2820","CARLING AVE @ CONNAUGHT AVE","360769.67286","5025118.18370","-75.78554","45.36377","2017","7/7/2017","11:51:00 AM","01 - Clear","01 - Dry","01 - Traffic signal","03 - At intersection","01 - Daylight","02 - Non-fatal injury","05 - Turning movement"
"2821","CARLING AVE @ CONNAUGHT AVE","360773.22371","5025119.55281","-75.78549","45.36378","2017","12/11/2017","6:07:00 AM","01 - Clear","02 - Wet","01 - Traffic signal","02 - Intersection related","07 - Dark","03 - P.D. only","04 - Sideswipe"
"2822","CARLING AVE @ CONNAUGHT AVE","360771.01065","5025118.85259","-75.78552","45.36378","2017","11/14/2017","5:50:00 PM","01 - Clear","01 - Dry","01 - Traffic signal","02 - Intersection related","07 - Dark","03 - P.D. only","03 - Rear end"
"2823","CARLING AVE @ CONNAUGHT AVE","360770.73441","5025117.35014","-75.78553","45.36377","2017","2/1/2017","6:12:00 PM","01 - Clear","02 - Wet","01 - Traffic signal","03 - At intersection","07 - Dark","02 - Non-fatal injury","05 - Turning movement"
"2824","CARLING AVE @ CONNAUGHT AVE","360770.34175","5025118.85259","-75.78553","45.36378","2017","4/19/2017","3:35:00 PM","02 - Rain","02 - Wet","01 - Traffic signal","02 - Intersection related","01 - Daylight","03 - P.D. only","03 - Rear end"
"2825","CARLING AVE @ CONNAUGHT AVE","360770.34175","5025116.84590","-75.78553","45.36376","2017","4/21/2017","4:24:00 PM","01 - Clear","01 - Dry","01 - Traffic signal","03 - At intersection","01 - Daylight","03 - P.D. only","05 - Turning movement"
"2826","CARLING AVE @ CROYDON AVE","360659.01505","5025041.17971","-75.78696","45.36309","2017","6/16/2017","4:17:00 PM","01 - Clear","01 - Dry","01 - Traffic signal","03 - At intersection","01 - Daylight","03 - P.D. only","05 - Turning movement"
"2827","CARLING AVE @ CROYDON AVE","360657.67726","5025043.18640","-75.78698","45.36311","2017","7/9/2017","3:40:00 PM","01 - Clear","01 - Dry","01 - Traffic signal","03 - At intersection","01 - Daylight","03 - P.D. only","05 - Turning movement"
"2828","CARLING AVE @ CROYDON AVE","360658.76272","5025042.41231","-75.78696","45.36310","2017","9/15/2017","1:25:00 PM","01 - Clear","01 - Dry","01 - Traffic signal","02 - Intersection related","01 - Daylight","03 - P.D. only","03 - Rear end"
"2829","CARLING AVE @ CROYDON AVE","360657.26048","5025042.75419","-75.78698","45.36310","2017","10/22/2017","5:01:00 PM","01 - Clear","01 - Dry","01 - Traffic signal","03 - At intersection","01 - Daylight","03 - P.D. only","02 - Angle"
"2830","CARLING AVE @ CROYDON AVE","360658.20270","5025042.27855","-75.78697","45.36310","2017","10/19/2017","9:58:00 AM","01 - Clear","01 - Dry","01 - Traffic signal","02 - Intersection related","01 - Daylight","03 - P.D. only","05 - Turning movement"
"2831","CARLING AVE @ CROYDON AVE","360658.61154","5025042.84190","-75.78697","45.36310","2017","9/15/2017","1:59:00 PM","01 - Clear","01 - Dry","01 - Traffic signal","03 - At intersection","01 - Daylight","03 - P.D. only","04 - Sideswipe"
"2832","CARLING AVE @ CROYDON AVE","360659.15850","5025041.80065","-75.78696","45.36309","2017","9/15/2017","7:42:00 PM","01 - Clear","01 - Dry","01 - Traffic signal","03 - At intersection","07 - Dark","03 - P.D. only","05 - Turning movement"
"2833","CARLING AVE @ CROYDON AVE","360658.68348","5025042.56659","-75.78697","45.36310","2017","12/5/2017","11:15:00 AM","01 - Clear","01 - Dry","01 - Traffic signal","02 - Intersection related","01 - Daylight","03 - P.D. only","04 - Sideswipe"
"2834","CARLING AVE @ CROYDON AVE","360659.68394","5025043.18640","-75.78695","45.36311","2017","3/8/2017","3:28:00 PM","01 - Clear","01 - Dry","01 - Traffic signal","03 - At intersection","01 - Daylight","03 - P.D. only","02 - Angle"
"2835","CARLING AVE @ CROYDON AVE","360659.19010","5025043.53650","-75.78696","45.36311","2017","3/15/2017","5:42:00 PM","03 - Snow","03 - Loose snow","01 - Traffic signal","03 - At intersection","01 - Daylight","02 - Non-fatal injury","05 - Turning movement"
"2836","CARLING AVE @ DUNDEE AVE","360363.17782","5024840.37219","-75.79076","45.36131","2017","1/9/2017","9:17:00 AM","01 - Clear","04 - Slush","02 - Stop sign","02 - Intersection related","01 - Daylight","03 - P.D. only","03 - Rear end"
"2837","CARLING AVE @ EDGEWORTH AVE","361263.18970","5025423.50540","-75.77921","45.36648","2017","6/15/2017","7:09:00 AM","01 - Clear","01 - Dry","01 - Traffic signal","02 - Intersection related","01 - Daylight","03 - P.D. only","07 - SMV other"
"2838","CARLING AVE @ EDGEWORTH AVE","361263.68354","5025424.52440","-75.77920","45.36649","2017","5/9/2017","4:08:00 PM","01 - Clear","01 - Dry","01 - Traffic signal","03 - At intersection","01 - Daylight","02 - Non-fatal injury","07 - SMV other"
"2839","CARLING AVE @ EDGEWORTH AVE","361262.61860","5025424.52410","-75.77921","45.36649","2017","8/16/2017","7:17:00 AM","01 - Clear","01 - Dry","01 - Traffic signal","02 - Intersection related","01 - Daylight","03 - P.D. only","04 - Sideswipe"
"2840","CARLING AVE @ EDGEWORTH AVE","361261.77828","5025424.29892","-75.77922","45.36649","2017","11/1/2017","11:23:00 PM","01 - Clear","02 - Wet","01 - Traffic signal","03 - At intersection","07 - Dark","02 - Non-fatal injury","05 - Turning movement"
"2841","CARLING AVE @ EDGEWORTH AVE","361262.78110","5025424.50872","-75.77921","45.36649","2017","12/8/2017","7:38:00 AM","01 - Clear","01 - Dry","01 - Traffic signal","03 - At intersection","03 - Dawn","02 - Non-fatal injury","07 - SMV other"
"2842","CARLING AVE @ EDGEWORTH AVE","361262.66497","5025424.52410","-75.77921","45.36649","2017","12/11/2017","4:59:00 PM","01 - Clear","01 - Dry","01 - Traffic signal","03 - At intersection","07 - Dark","03 - P.D. only","02 - Angle"
"2843","CARLING AVE @ EDGEWORTH AVE","361263.28766","5025424.59152","-75.77920","45.36649","2017","1/18/2017","9:04:00 AM","03 - Snow","04 - Slush","01 - Traffic signal","02 - Intersection related","01 - Daylight","03 - P.D. only","03 - Rear end"
"2844","CARLING AVE @ EDGEWORTH AVE","361262.68020","5025422.64823","-75.77921","45.36647","2017","2/23/2017","8:48:00 PM","01 - Clear","01 - Dry","01 - Traffic signal","02 - Intersection related","07 - Dark","03 - P.D. only","05 - Turning movement"
"2845","CARLING AVE @ FAIRLAWN AVE/WOODROFFE AVE E","361934.68410","5025830.52790","-75.77059","45.37009","2017","5/24/2017","6:01:00 PM","01 - Clear","01 - Dry","01 - Traffic signal","02 - Intersection related","01 - Daylight","03 - P.D. only","03 - Rear end"
"2846","CARLING AVE @ FAIRLAWN AVE/WOODROFFE AVE E","361934.68410","5025830.52790","-75.77059","45.37009","2017","7/16/2017","6:51:00 PM","01 - Clear","01 - Dry","01 - Traffic signal","03 - At intersection","01 - Daylight","02 - Non-fatal injury","02 - Angle"
"2847","CARLING AVE @ FAIRLAWN AVE/WOODROFFE AVE E","361934.68410","5025830.52790","-75.77059","45.37009","2017","10/3/2017","7:44:00 AM","01 - Clear","01 - Dry","01 - Traffic signal","02 - Intersection related","01 - Daylight","02 - Non-fatal injury","03 - Rear end"
"2848","CARLING AVE @ FAIRLAWN AVE/WOODROFFE AVE E","361934.68410","5025830.52790","-75.77059","45.37009","2017","10/28/2017","9:56:00 AM","01 - Clear","01 - Dry","01 - Traffic signal","02 - Intersection related","01 - Daylight","03 - P.D. only","04 - Sideswipe"
"2849","CARLING AVE @ FAIRLAWN AVE/WOODROFFE AVE E","361934.68410","5025830.52790","-75.77059","45.37009","2017","9/21/2017","12:14:00 PM","01 - Clear","01 - Dry","01 - Traffic signal","03 - At intersection","01 - Daylight","03 - P.D. only","02 - Angle"
"2850","CARLING AVE @ FAIRLAWN AVE/WOODROFFE AVE E","361934.68410","5025830.52790","-75.77059","45.37009","2017","9/27/2017","4:21:00 PM","01 - Clear","01 - Dry","01 - Traffic signal","03 - At intersection","01 - Daylight","02 - Non-fatal injury","02 - Angle"
"2851","CARLING AVE @ FAIRLAWN AVE/WOODROFFE AVE E","361934.68410","5025830.52790","-75.77059","45.37009","2017","9/22/2017","5:07:00 PM","01 - Clear","01 - Dry","01 - Traffic signal","02 - Intersection related","01 - Daylight","03 - P.D. only","03 - Rear end"
"2852","CARLING AVE @ FAIRLAWN AVE/WOODROFFE AVE E","361934.68410","5025830.52790","-75.77059","45.37009","2017","11/17/2017","1:38:00 PM","01 - Clear","01 - Dry","01 - Traffic signal","02 - Intersection related","01 - Daylight","02 - Non-fatal injury","03 - Rear end"
"2853","CARLING AVE @ FAIRLAWN AVE/WOODROFFE AVE E","361934.68410","5025830.52790","-75.77059","45.37009","2017","1/13/2017","11:19:00 AM","01 - Clear","06 - Ice","01 - Traffic signal","02 - Intersection related","01 - Daylight","03 - P.D. only","03 - Rear end"
"2854","CARLING AVE @ FAIRLAWN AVE/WOODROFFE AVE E","361934.68410","5025830.52790","-75.77059","45.37009","2017","2/10/2017","5:30:00 PM","01 - Clear","01 - Dry","01 - Traffic signal","02 - Intersection related","05 - Dusk","02 - Non-fatal injury","03 - Rear end"
"2855","CARLING AVE @ FAIRLAWN AVE/WOODROFFE AVE E","361934.68410","5025830.52790","-75.77059","45.37009","2017","2/3/2017","7:30:00 AM","01 - Clear","01 - Dry","01 - Traffic signal","02 - Intersection related","01 - Daylight","03 - P.D. only","03 - Rear end"
"2856","CARLING AVE @ FAIRLAWN AVE/WOODROFFE AVE E","361934.68410","5025830.52790","-75.77059","45.37009","2017","4/22/2017","10:08:00 AM","01 - Clear","01 - Dry","01 - Traffic signal","03 - At intersection","01 - Daylight","02 - Non-fatal injury","02 - Angle"
"2857","CARLING AVE @ FAIRLAWN AVE/WOODROFFE AVE E","361934.68410","5025830.52790","-75.77059","45.37009","2017","3/6/2017","10:30:00 AM","01 - Clear","01 - Dry","01 - Traffic signal","02 - Intersection related","01 - Daylight","03 - P.D. only","04 - Sideswipe"
"2858","CARLING AVE @ FAIRLAWN AVE/WOODROFFE AVE E","361934.68410","5025830.52790","-75.77059","45.37009","2017","3/27/2017","12:28:00 PM","02 - Rain","02 - Wet","01 - Traffic signal","03 - At intersection","01 - Daylight","02 - Non-fatal injury","05 - Turning movement"
"2859","CARLING AVE @ FAIRLAWN AVE/WOODROFFE AVE E","361934.68410","5025830.52790","-75.77059","45.37009","2017","3/11/2017","11:47:00 AM","01 - Clear","01 - Dry","01 - Traffic signal","02 - Intersection related","01 - Daylight","03 - P.D. only","03 - Rear end"
"2860","CARLING AVE @ FAIRLAWN AVE/WOODROFFE AVE E","361934.68410","5025830.52790","-75.77059","45.37009","2017","2/24/2017","4:56:00 PM","02 - Rain","02 - Wet","01 - Traffic signal","02 - Intersection related","01 - Daylight","03 - P.D. only","04 - Sideswipe"
"2861","CARLING AVE @ FAIRMONT AVE","366115.70190","5028486.55210","-75.71689","45.39363","2017","2/10/2017","12:00:00 AM","03 - Snow","04 - Slush","02 - Stop sign","02 - Intersection related","00 - Unknown","03 - P.D. only","06 - SMV unattended vehicle"
"2862","CARLING AVE @ FOREST ST","360543.93013","5024972.14557","-75.78844","45.36248","2017","3/31/2017","5:00:00 PM","03 - Snow","06 - Ice","02 - Stop sign","02 - Intersection related","01 - Daylight","03 - P.D. only","03 - Rear end"
"2863","CARLING AVE @ FOX CRES","361526.67590","5025576.23906","-75.77583","45.36783","2017","4/21/2017","1:41:00 PM","02 - Rain","02 - Wet","02 - Stop sign","02 - Intersection related","01 - Daylight","03 - P.D. only","03 - Rear end"
"2864","CARLING AVE @ GRENON AVE","359594.19455","5024349.62815","-75.80063","45.35695","2017","8/1/2017","7:24:00 PM","01 - Clear","01 - Dry","01 - Traffic signal","03 - At intersection","01 - Daylight","03 - P.D. only","03 - Rear end"
"2865","CARLING AVE @ GRENON AVE","359595.38372","5024349.43741","-75.80061","45.35695","2017","8/18/2017","5:40:00 PM","01 - Clear","01 - Dry","01 - Traffic signal","02 - Intersection related","01 - Daylight","02 - Non-fatal injury","03 - Rear end"
"2866","CARLING AVE @ GWYNNE AVE","366060.33743","5028447.91537","-75.71760","45.39329","2017","3/10/2017","9:56:00 PM","01 - Clear","01 - Dry","10 - No control","02 - Intersection related","07 - Dark","02 - Non-fatal injury","03 - Rear end"
"2867","CARLING AVE @ HAMILTON AVE","365558.70170","5028130.30901","-75.72404","45.39048","2017","9/7/2017","3:05:00 PM","02 - Rain","02 - Wet","02 - Stop sign","03 - At intersection","01 - Daylight","02 - Non-fatal injury","02 - Angle"