"Record","Location","X","Y","Longitude","Latitude","Year","Date","Time","Environment","Road_Surface","Traffic_Control","Collision_Location","Light","Collision_Classification","Impact_type"
"2868","CARLING AVE @ HARTLEIGH AVE","361400.26082","5025512.62525","-75.77745","45.36727","2017","12/20/2017","4:43:00 PM","01 - Clear","02 - Wet","02 - Stop sign","02 - Intersection related","05 - Dusk","03 - P.D. only","03 - Rear end"
"2869","CARLING AVE @ HIGH ST","359925.19134","5024561.63068","-75.79638","45.35883","2017","8/10/2017","10:52:00 AM","01 - Clear","01 - Dry","02 - Stop sign","03 - At intersection","01 - Daylight","02 - Non-fatal injury","07 - SMV other"
"2870","CARLING AVE @ HINTON AVE","365488.69296","5028089.55819","-75.72494","45.39012","2017","11/20/2017","6:32:00 PM","01 - Clear","01 - Dry","02 - Stop sign","02 - Intersection related","07 - Dark","03 - P.D. only","03 - Rear end"
"2871","CARLING AVE @ HOLLAND AVE","365418.37094","5028038.54680","-75.72585","45.38966","2017","5/15/2017","6:30:00 PM","01 - Clear","01 - Dry","01 - Traffic signal","03 - At intersection","01 - Daylight","02 - Non-fatal injury","02 - Angle"
"2872","CARLING AVE @ HOLLAND AVE","365418.37094","5028037.87790","-75.72585","45.38966","2017","6/7/2017","5:06:00 PM","01 - Clear","01 - Dry","01 - Traffic signal","02 - Intersection related","01 - Daylight","02 - Non-fatal injury","04 - Sideswipe"
"2873","CARLING AVE @ HOLLAND AVE","365417.03315","5028040.55349","-75.72586","45.38968","2017","6/20/2017","4:18:00 PM","01 - Clear","01 - Dry","01 - Traffic signal","03 - At intersection","01 - Daylight","03 - P.D. only","02 - Angle"
"2874","CARLING AVE @ HOLLAND AVE","365416.26132","5028038.17127","-75.72587","45.38966","2017","7/8/2017","6:50:00 PM","01 - Clear","01 - Dry","01 - Traffic signal","03 - At intersection","01 - Daylight","03 - P.D. only","04 - Sideswipe"
"2875","CARLING AVE @ HOLLAND AVE","365416.69870","5028037.45390","-75.72587","45.38965","2017","10/11/2017","9:53:00 AM","01 - Clear","01 - Dry","01 - Traffic signal","03 - At intersection","01 - Daylight","02 - Non-fatal injury","05 - Turning movement"
"2876","CARLING AVE @ HOLLAND AVE","365417.24515","5028039.63970","-75.72586","45.38967","2017","10/5/2017","8:51:00 AM","01 - Clear","01 - Dry","01 - Traffic signal","02 - Intersection related","01 - Daylight","03 - P.D. only","04 - Sideswipe"
"2877","CARLING AVE @ HOLLAND AVE","365417.03315","5028039.88459","-75.72586","45.38968","2017","12/12/2017","8:02:00 PM","03 - Snow","03 - Loose snow","01 - Traffic signal","02 - Intersection related","07 - Dark","03 - P.D. only","07 - SMV other"
"2878","CARLING AVE @ HOLLAND AVE","365417.70204","5028037.87790","-75.72585","45.38966","2017","2/7/2017","5:22:00 PM","01 - Clear","02 - Wet","01 - Traffic signal","02 - Intersection related","07 - Dark","03 - P.D. only","03 - Rear end"
"2879","CARLING AVE @ HWY 417 CARLING IC124R67","364332.78082","5027521.24005","-75.73977","45.38510","2017","6/21/2017","2:30:00 PM","01 - Clear","01 - Dry","03 - Yield sign","02 - Intersection related","01 - Daylight","03 - P.D. only","04 - Sideswipe"
"2880","CARLING AVE @ IROQUOIS RD","362213.11992","5026026.06278","-75.76701","45.37183","2017","6/6/2017","3:05:00 PM","02 - Rain","02 - Wet","01 - Traffic signal","02 - Intersection related","01 - Daylight","03 - P.D. only","04 - Sideswipe"
"2881","CARLING AVE @ IROQUOIS RD","362212.68266","5026024.86120","-75.76702","45.37181","2017","5/2/2017","8:31:00 AM","01 - Clear","01 - Dry","01 - Traffic signal","02 - Intersection related","01 - Daylight","03 - P.D. only","04 - Sideswipe"
"2882","CARLING AVE @ IROQUOIS RD","362214.02045","5026024.86120","-75.76700","45.37181","2017","5/15/2017","8:15:00 PM","01 - Clear","01 - Dry","01 - Traffic signal","03 - At intersection","05 - Dusk","03 - P.D. only","02 - Angle"
"2883","CARLING AVE @ IROQUOIS RD","362212.68266","5026025.53010","-75.76702","45.37182","2017","6/11/2017","11:40:00 AM","01 - Clear","01 - Dry","01 - Traffic signal","03 - At intersection","01 - Daylight","02 - Non-fatal injury","02 - Angle"
"2884","CARLING AVE @ IROQUOIS RD","362214.68934","5026025.53010","-75.76699","45.37182","2017","6/3/2017","5:14:00 PM","01 - Clear","01 - Dry","01 - Traffic signal","03 - At intersection","01 - Daylight","02 - Non-fatal injury","02 - Angle"
"2885","CARLING AVE @ IROQUOIS RD","362214.18349","5026026.09990","-75.76700","45.37183","2017","8/16/2017","4:56:00 PM","01 - Clear","01 - Dry","01 - Traffic signal","03 - At intersection","01 - Daylight","03 - P.D. only","05 - Turning movement"
"2886","CARLING AVE @ IROQUOIS RD","362214.15937","5026025.76679","-75.76700","45.37182","2017","10/20/2017","4:15:00 PM","01 - Clear","01 - Dry","01 - Traffic signal","02 - Intersection related","01 - Daylight","03 - P.D. only","03 - Rear end"
"2887","CARLING AVE @ IROQUOIS RD","362214.64179","5026026.24695","-75.76699","45.37183","2017","10/18/2017","6:42:00 PM","01 - Clear","01 - Dry","01 - Traffic signal","03 - At intersection","07 - Dark","02 - Non-fatal injury","07 - SMV other"
"2888","CARLING AVE @ IROQUOIS RD","362212.01376","5026026.19900","-75.76702","45.37183","2017","12/2/2017","9:11:00 PM","01 - Clear","01 - Dry","01 - Traffic signal","03 - At intersection","07 - Dark","03 - P.D. only","02 - Angle"
"2889","CARLING AVE @ IROQUOIS RD","362212.68266","5026026.86789","-75.76702","45.37183","2017","11/29/2017","2:55:00 PM","01 - Clear","01 - Dry","01 - Traffic signal","03 - At intersection","01 - Daylight","03 - P.D. only","02 - Angle"
"2890","CARLING AVE @ IROQUOIS RD","362213.35155","5026024.19231","-75.76701","45.37181","2017","2/12/2017","12:19:00 PM","03 - Snow","04 - Slush","01 - Traffic signal","03 - At intersection","01 - Daylight","03 - P.D. only","02 - Angle"
"2891","CARLING AVE @ IROQUOIS RD","362214.00282","5026027.08662","-75.76700","45.37183","2017","2/10/2017","7:44:00 AM","01 - Clear","01 - Dry","01 - Traffic signal","03 - At intersection","01 - Daylight","03 - P.D. only","05 - Turning movement"
"2892","CARLING AVE @ IRVING PL/MAPLE DR","366186.36955","5028527.55400","-75.71598","45.39400","2017","5/30/2017","4:01:00 PM","01 - Clear","01 - Dry","01 - Traffic signal","03 - At intersection","01 - Daylight","03 - P.D. only","05 - Turning movement"
"2893","CARLING AVE @ IRVING PL/MAPLE DR","366186.36955","5028527.55400","-75.71598","45.39400","2017","6/2/2017","8:45:00 AM","01 - Clear","01 - Dry","01 - Traffic signal","03 - At intersection","01 - Daylight","02 - Non-fatal injury","02 - Angle"
"2894","CARLING AVE @ IRVING PL/MAPLE DR","366186.67763","5028527.55210","-75.71597","45.39400","2017","2/6/2017","3:18:00 PM","03 - Snow","03 - Loose snow","01 - Traffic signal","02 - Intersection related","01 - Daylight","03 - P.D. only","03 - Rear end"
"2895","CARLING AVE @ IRVING PL/MAPLE DR","366187.03845","5028527.55400","-75.71597","45.39400","2017","1/31/2017","4:13:00 PM","01 - Clear","01 - Dry","01 - Traffic signal","02 - Intersection related","01 - Daylight","03 - P.D. only","03 - Rear end"
"2896","CARLING AVE @ ISLAND PARK DR","365348.22160","5027998.25965","-75.72675","45.38931","2017","10/23/2017","4:53:00 PM","01 - Clear","01 - Dry","01 - Traffic signal","03 - At intersection","01 - Daylight","03 - P.D. only","02 - Angle"
"2897","CARLING AVE @ ISLAND PARK DR","365348.68247","5027997.50489","-75.72674","45.38930","2017","12/6/2017","9:42:00 AM","01 - Clear","01 - Dry","01 - Traffic signal","03 - At intersection","01 - Daylight","02 - Non-fatal injury","02 - Angle"
"2898","CARLING AVE @ ISLAND PARK DR","365348.69950","5027998.08925","-75.72674","45.38931","2017","1/16/2017","5:36:00 PM","01 - Clear","02 - Wet","01 - Traffic signal","03 - At intersection","05 - Dusk","02 - Non-fatal injury","02 - Angle"
"2899","CARLING AVE @ ISLAND PARK DR","365349.03395","5027996.87390","-75.72674","45.38929","2017","3/9/2017","11:46:00 AM","01 - Clear","01 - Dry","01 - Traffic signal","03 - At intersection","01 - Daylight","03 - P.D. only","02 - Angle"
"2900","CARLING AVE @ KIRKWOOD AVE S","364352.03495","5027338.21800","-75.73955","45.38345","2017","4/30/2017","8:18:00 PM","02 - Rain","02 - Wet","01 - Traffic signal","02 - Intersection related","07 - Dark","02 - Non-fatal injury","04 - Sideswipe"
"2901","CARLING AVE @ KIRKWOOD AVE S","364349.77742","5027335.62602","-75.73958","45.38343","2017","7/12/2017","8:04:00 PM","01 - Clear","01 - Dry","01 - Traffic signal","02 - Intersection related","01 - Daylight","03 - P.D. only","07 - SMV other"
"2902","CARLING AVE @ KIRKWOOD AVE S","364352.03495","5027338.88689","-75.73955","45.38346","2017","7/5/2017","10:48:00 AM","01 - Clear","01 - Dry","01 - Traffic signal","02 - Intersection related","01 - Daylight","03 - P.D. only","03 - Rear end"
"2903","CARLING AVE @ KIRKWOOD AVE S","364352.56350","5027336.90185","-75.73954","45.38344","2017","8/17/2017","9:49:00 PM","01 - Clear","01 - Dry","01 - Traffic signal","03 - At intersection","07 - Dark","02 - Non-fatal injury","07 - SMV other"
"2904","CARLING AVE @ KIRKWOOD AVE S","364351.09900","5027337.84985","-75.73956","45.38345","2017","7/25/2017","1:08:00 PM","01 - Clear","01 - Dry","01 - Traffic signal","02 - Intersection related","01 - Daylight","03 - P.D. only","03 - Rear end"
"2905","CARLING AVE @ KIRKWOOD AVE S","364351.63001","5027338.63767","-75.73955","45.38346","2017","8/16/2017","2:40:00 PM","01 - Clear","01 - Dry","01 - Traffic signal","02 - Intersection related","01 - Daylight","02 - Non-fatal injury","03 - Rear end"
"2906","CARLING AVE @ KIRKWOOD AVE S","364352.17840","5027338.26595","-75.73955","45.38345","2017","9/20/2017","2:45:00 PM","01 - Clear","01 - Dry","01 - Traffic signal","02 - Intersection related","01 - Daylight","03 - P.D. only","04 - Sideswipe"
"2907","CARLING AVE @ KIRKWOOD AVE S","364351.70050","5027337.31241","-75.73955","45.38345","2017","12/4/2017","9:30:00 PM","02 - Rain","02 - Wet","01 - Traffic signal","02 - Intersection related","07 - Dark","03 - P.D. only","04 - Sideswipe"
"2908","CARLING AVE @ KIRKWOOD AVE S","364351.36605","5027337.54910","-75.73956","45.38345","2017","11/2/2017","8:12:00 PM","02 - Rain","02 - Wet","01 - Traffic signal","03 - At intersection","07 - Dark","03 - P.D. only","05 - Turning movement"
"2909","CARLING AVE @ KIRKWOOD AVE S","364352.03495","5027338.21800","-75.73955","45.38345","2017","2/15/2017","7:40:00 PM","03 - Snow","03 - Loose snow","01 - Traffic signal","02 - Intersection related","07 - Dark","03 - P.D. only","04 - Sideswipe"
"2910","CARLING AVE @ KIRKWOOD AVE S","364352.03495","5027337.54910","-75.73955","45.38345","2017","2/16/2017","7:30:00 PM","01 - Clear","02 - Wet","01 - Traffic signal","03 - At intersection","07 - Dark","03 - P.D. only","04 - Sideswipe"
"2911","CARLING AVE @ KIRKWOOD AVE S","364352.55887","5027334.97399","-75.73954","45.38342","2017","1/4/2017","1:20:00 PM","01 - Clear","02 - Wet","01 - Traffic signal","03 - At intersection","01 - Daylight","03 - P.D. only","05 - Turning movement"
"2912","CARLING AVE @ KIRKWOOD AVE S","364353.41724","5027337.54910","-75.73953","45.38345","2017","1/2/2017","5:33:00 PM","03 - Snow","04 - Slush","01 - Traffic signal","02 - Intersection related","05 - Dusk","02 - Non-fatal injury","03 - Rear end"
"2913","CARLING AVE @ KIRKWOOD AVE S","364351.70050","5027338.09555","-75.73955","45.38345","2017","2/3/2017","5:12:00 PM","01 - Clear","01 - Dry","01 - Traffic signal","02 - Intersection related","01 - Daylight","03 - P.D. only","03 - Rear end"
"2914","CARLING AVE @ KIRKWOOD AVE S","364353.20144","5027336.42340","-75.73953","45.38344","2017","2/9/2017","8:54:00 AM","01 - Clear","02 - Wet","01 - Traffic signal","02 - Intersection related","01 - Daylight","03 - P.D. only","03 - Rear end"
"2915","CARLING AVE @ KIRKWOOD AVE S","364353.20144","5027336.42340","-75.73953","45.38344","2017","2/13/2017","1:49:00 PM","01 - Clear","01 - Dry","01 - Traffic signal","02 - Intersection related","01 - Daylight","03 - P.D. only","04 - Sideswipe"
"2916","CARLING AVE @ KIRKWOOD AVE S","364350.69716","5027337.54910","-75.73956","45.38345","2017","4/20/2017","9:42:00 AM","01 - Clear","01 - Dry","01 - Traffic signal","02 - Intersection related","01 - Daylight","03 - P.D. only","04 - Sideswipe"
"2917","CARLING AVE @ KIRKWOOD AVE S","364351.22713","5027337.31241","-75.73956","45.38345","2017","12/15/2017","6:50:00 PM","03 - Snow","03 - Loose snow","01 - Traffic signal","02 - Intersection related","07 - Dark","02 - Non-fatal injury","03 - Rear end"
"2918","CARLING AVE @ KIRKWOOD AVE S","364351.70050","5027336.87266","-75.73955","45.38344","2017","12/23/2017","1:56:00 PM","03 - Snow","02 - Wet","01 - Traffic signal","03 - At intersection","01 - Daylight","03 - P.D. only","05 - Turning movement"
"2919","CARLING AVE @ KIRKWOOD AVE S","364351.70050","5027336.42170","-75.73955","45.38344","2017","12/21/2017","1:00:00 PM","01 - Clear","01 - Dry","01 - Traffic signal","02 - Intersection related","01 - Daylight","03 - P.D. only","04 - Sideswipe"
"2920","CARLING AVE @ KIRKWOOD AVE S","364351.90693","5027334.98209","-75.73955","45.38342","2017","4/4/2017","8:05:00 AM","02 - Rain","02 - Wet","01 - Traffic signal","02 - Intersection related","01 - Daylight","02 - Non-fatal injury","03 - Rear end"
"2921","CARLING AVE @ KIRKWOOD AVE S","364352.64725","5027337.78579","-75.73954","45.38345","2017","12/28/2017","7:44:00 AM","01 - Clear","01 - Dry","01 - Traffic signal","02 - Intersection related","03 - Dawn","03 - P.D. only","07 - SMV other"
"2922","CARLING AVE @ MAITLAND AVE/SHERBOURNE RD","362942.78667","5026488.63500","-75.75764","45.37593","2017","8/29/2017","4:45:00 PM","01 - Clear","01 - Dry","01 - Traffic signal","02 - Intersection related","01 - Daylight","03 - P.D. only","03 - Rear end"
"2923","CARLING AVE @ MAITLAND AVE/SHERBOURNE RD","362942.74878","5026488.54853","-75.75764","45.37593","2017","8/31/2017","12:54:00 PM","01 - Clear","01 - Dry","01 - Traffic signal","02 - Intersection related","01 - Daylight","03 - P.D. only","04 - Sideswipe"
"2924","CARLING AVE @ MAITLAND AVE/SHERBOURNE RD","362943.03235","5026487.85820","-75.75764","45.37592","2017","10/17/2017","3:52:00 PM","01 - Clear","01 - Dry","01 - Traffic signal","02 - Intersection related","01 - Daylight","03 - P.D. only","04 - Sideswipe"
"2925","CARLING AVE @ MAITLAND AVE/SHERBOURNE RD","362943.03235","5026488.52710","-75.75764","45.37593","2017","10/26/2017","9:33:00 AM","01 - Clear","01 - Dry","01 - Traffic signal","02 - Intersection related","01 - Daylight","03 - P.D. only","03 - Rear end"
"2926","CARLING AVE @ MAITLAND AVE/SHERBOURNE RD","362943.17580","5026488.76605","-75.75764","45.37593","2017","9/7/2017","5:00:00 PM","02 - Rain","02 - Wet","01 - Traffic signal","02 - Intersection related","01 - Daylight","03 - P.D. only","04 - Sideswipe"
"2927","CARLING AVE @ MAITLAND AVE/SHERBOURNE RD","362942.53688","5026487.60608","-75.75764","45.37592","2017","11/11/2017","4:15:00 PM","01 - Clear","01 - Dry","01 - Traffic signal","02 - Intersection related","01 - Daylight","03 - P.D. only","04 - Sideswipe"
"2928","CARLING AVE @ MAITLAND AVE/SHERBOURNE RD","362943.03235","5026488.52710","-75.75764","45.37593","2017","11/14/2017","5:21:00 PM","01 - Clear","01 - Dry","01 - Traffic signal","02 - Intersection related","07 - Dark","03 - P.D. only","03 - Rear end"
"2929","CARLING AVE @ MAITLAND AVE/SHERBOURNE RD","362943.17580","5026489.72184","-75.75764","45.37594","2017","12/12/2017","3:01:00 PM","03 - Snow","03 - Loose snow","01 - Traffic signal","02 - Intersection related","01 - Daylight","03 - P.D. only","03 - Rear end"
"2930","CARLING AVE @ MAITLAND AVE/SHERBOURNE RD","362942.69790","5026489.23716","-75.75764","45.37593","2017","12/13/2017","9:37:00 AM","01 - Clear","04 - Slush","01 - Traffic signal","03 - At intersection","01 - Daylight","03 - P.D. only","02 - Angle"
"2931","CARLING AVE @ MAITLAND AVE/SHERBOURNE RD","362942.69790","5026488.52710","-75.75764","45.37593","2017","2/5/2017","1:46:00 PM","03 - Snow","03 - Loose snow","01 - Traffic signal","02 - Intersection related","01 - Daylight","03 - P.D. only","03 - Rear end"
"2932","CARLING AVE @ MAITLAND AVE/SHERBOURNE RD","362942.66915","5026489.73691","-75.75764","45.37594","2017","2/10/2017","6:45:00 AM","01 - Clear","06 - Ice","01 - Traffic signal","03 - At intersection","03 - Dawn","03 - P.D. only","03 - Rear end"
"2933","CARLING AVE @ MAITLAND AVE/SHERBOURNE RD","362942.36345","5026490.53379","-75.75765","45.37594","2017","2/23/2017","3:53:00 PM","01 - Clear","01 - Dry","01 - Traffic signal","02 - Intersection related","01 - Daylight","03 - P.D. only","04 - Sideswipe"
"2934","CARLING AVE @ MAITLAND AVE/SHERBOURNE RD","362942.22000","5026488.76605","-75.75765","45.37593","2017","12/19/2017","8:55:00 AM","01 - Clear","01 - Dry","01 - Traffic signal","03 - At intersection","01 - Daylight","03 - P.D. only","03 - Rear end"
"2935","CARLING AVE @ MCKELLAR AVE","362766.27832","5026376.86896","-75.75991","45.37494","2017","10/8/2017","2:15:00 PM","01 - Clear","01 - Dry","02 - Stop sign","02 - Intersection related","01 - Daylight","02 - Non-fatal injury","03 - Rear end"
"2936","CARLING AVE @ MCKELLAR AVE","362765.23794","5026376.84996","-75.75992","45.37494","2017","12/27/2017","3:22:00 PM","01 - Clear","05 - Packed snow","02 - Stop sign","03 - At intersection","01 - Daylight","03 - P.D. only","07 - SMV other"
"2937","CARLING AVE @ MELROSE AVE","365969.70196","5028390.88200","-75.71876","45.39279","2017","11/30/2017","5:44:00 PM","03 - Snow","02 - Wet","02 - Stop sign","02 - Intersection related","07 - Dark","03 - P.D. only","02 - Angle"
"2938","CARLING AVE @ MELROSE AVE","365970.37085","5028393.55759","-75.71875","45.39281","2017","3/23/2017","10:48:00 AM","01 - Clear","01 - Dry","02 - Stop sign","03 - At intersection","01 - Daylight","03 - P.D. only","02 - Angle"
"2939","CARLING AVE @ MERIVALE RD","364894.36935","5027700.54420","-75.73258","45.38667","2017","6/29/2017","7:18:00 PM","02 - Rain","02 - Wet","01 - Traffic signal","03 - At intersection","01 - Daylight","02 - Non-fatal injury","05 - Turning movement"
"2940","CARLING AVE @ MERIVALE RD","364894.23043","5027699.83414","-75.73258","45.38666","2017","8/26/2017","12:00:00 AM","01 - Clear","01 - Dry","01 - Traffic signal","03 - At intersection","00 - Unknown","02 - Non-fatal injury","02 - Angle"
"2941","CARLING AVE @ MERIVALE RD","364894.70380","5027700.23979","-75.73257","45.38666","2017","8/3/2017","2:00:00 PM","01 - Clear","01 - Dry","01 - Traffic signal","02 - Intersection related","01 - Daylight","03 - P.D. only","03 - Rear end"
"2942","CARLING AVE @ MERIVALE RD","364895.16304","5027700.31458","-75.73257","45.38666","2017","8/7/2017","11:01:00 AM","01 - Clear","01 - Dry","01 - Traffic signal","03 - At intersection","01 - Daylight","03 - P.D. only","02 - Angle"
"2943","CARLING AVE @ MERIVALE RD","364895.17717","5027700.78089","-75.73257","45.38667","2017","11/8/2017","4:20:00 PM","01 - Clear","01 - Dry","01 - Traffic signal","03 - At intersection","01 - Daylight","03 - P.D. only","03 - Rear end"
"2944","CARLING AVE @ MERIVALE RD","364895.18170","5027699.82735","-75.73257","45.38666","2017","11/3/2017","1:34:00 PM","01 - Clear","01 - Dry","01 - Traffic signal","03 - At intersection","01 - Daylight","03 - P.D. only","02 - Angle"
"2945","CARLING AVE @ MERIVALE RD","364894.70380","5027699.73009","-75.73257","45.38666","2017","1/20/2017","1:52:00 PM","01 - Clear","01 - Dry","01 - Traffic signal","03 - At intersection","01 - Daylight","03 - P.D. only","02 - Angle"
"2946","CARLING AVE @ MERIVALE RD","364894.15735","5027699.99775","-75.73258","45.38666","2017","1/24/2017","3:00:00 PM","01 - Clear","02 - Wet","01 - Traffic signal","02 - Intersection related","01 - Daylight","03 - P.D. only","03 - Rear end"
"2947","CARLING AVE @ MERIVALE RD","364894.36935","5027699.20641","-75.73258","45.38666","2017","3/14/2017","12:39:00 PM","03 - Snow","03 - Loose snow","01 - Traffic signal","02 - Intersection related","01 - Daylight","03 - P.D. only","03 - Rear end"
"2948","CARLING AVE @ MERIVALE RD","364894.70380","5027700.78089","-75.73257","45.38667","2017","12/19/2017","10:01:00 AM","03 - Snow","04 - Slush","01 - Traffic signal","03 - At intersection","01 - Daylight","02 - Non-fatal injury","02 - Angle"
"2949","CARLING AVE @ MERIVALE RD EXTENSION","364950.55664","5027732.65122","-75.73186","45.38695","2017","7/11/2017","5:28:00 PM","01 - Clear","01 - Dry","02 - Stop sign","02 - Intersection related","01 - Daylight","03 - P.D. only","03 - Rear end"
"2950","CARLING AVE @ MOODIE DR/JAMES CUMMINGS AVE W","356002.65824","5023938.17980","-75.84651","45.35352","2017","5/2/2017","12:47:00 PM","01 - Clear","01 - Dry","01 - Traffic signal","02 - Intersection related","01 - Daylight","02 - Non-fatal injury","05 - Turning movement"
"2951","CARLING AVE @ MOODIE DR/JAMES CUMMINGS AVE W","356002.22398","5023935.89484","-75.84652","45.35350","2017","8/24/2017","8:30:00 PM","01 - Clear","01 - Dry","01 - Traffic signal","02 - Intersection related","05 - Dusk","03 - P.D. only","07 - SMV other"
"2952","CARLING AVE @ MOODIE DR/JAMES CUMMINGS AVE W","356001.65490","5023938.22775","-75.84652","45.35352","2017","9/9/2017","2:15:00 PM","01 - Clear","01 - Dry","01 - Traffic signal","03 - At intersection","01 - Daylight","02 - Non-fatal injury","05 - Turning movement"
"2953","CARLING AVE @ MOODIE DR/JAMES CUMMINGS AVE W","356001.32045","5023937.51090","-75.84653","45.35351","2017","11/27/2017","9:02:00 AM","01 - Clear","01 - Dry","01 - Traffic signal","02 - Intersection related","01 - Daylight","03 - P.D. only","03 - Rear end"
"2954","CARLING AVE @ MOODIE DR/JAMES CUMMINGS AVE W","356001.77100","5023937.19622","-75.84652","45.35351","2017","11/24/2017","4:57:00 PM","01 - Clear","01 - Dry","01 - Traffic signal","03 - At intersection","07 - Dark","02 - Non-fatal injury","05 - Turning movement"
"2955","CARLING AVE @ MOODIE DR/JAMES CUMMINGS AVE W","356002.12827","5023937.74759","-75.84652","45.35352","2017","12/12/2017","9:15:00 AM","03 - Snow","04 - Slush","01 - Traffic signal","02 - Intersection related","01 - Daylight","03 - P.D. only","03 - Rear end"
"2956","CARLING AVE @ MOODIE DR/JAMES CUMMINGS AVE W","356001.32045","5023936.84200","-75.84653","45.35351","2017","2/17/2017","4:43:00 PM","01 - Clear","01 - Dry","01 - Traffic signal","03 - At intersection","01 - Daylight","03 - P.D. only","02 - Angle"
"2957","CARLING AVE @ MOODIE DR/JAMES CUMMINGS AVE W","355999.94398","5023936.30195","-75.84654","45.35350","2017","1/13/2017","5:03:00 PM","01 - Clear","01 - Dry","01 - Traffic signal","03 - At intersection","05 - Dusk","03 - P.D. only","05 - Turning movement"
"2958","CARLING AVE @ MOODIE DR/JAMES CUMMINGS AVE W","356003.32714","5023938.84869","-75.84650","45.35353","2017","2/22/2017","5:15:00 AM","01 - Clear","02 - Wet","01 - Traffic signal","02 - Intersection related","07 - Dark","03 - P.D. only","07 - SMV other"
"2959","CARLING AVE @ NORTON AVE","360636.94538","5025011.84781","-75.78725","45.36283","2017","9/3/2017","4:32:00 PM","01 - Clear","02 - Wet","02 - Stop sign","03 - At intersection","01 - Daylight","03 - P.D. only","05 - Turning movement"
"2960","CARLING AVE @ OTTAWA RIVER PKWY WB","360857.62825","5025170.75659","-75.78441","45.36424","2017","12/24/2017","2:47:00 PM","01 - Clear","02 - Wet","03 - Yield sign","03 - At intersection","01 - Daylight","03 - P.D. only","03 - Rear end"
"2961","CARLING AVE @ OTTAWA RIVER PKWY WB","360856.68151","5025170.51985","-75.78442","45.36424","2017","7/7/2017","11:41:00 AM","01 - Clear","01 - Dry","03 - Yield sign","02 - Intersection related","01 - Daylight","03 - P.D. only","03 - Rear end"
"2962","CARLING AVE @ PARKDALE AVE","365627.26205","5028172.87000","-75.72316","45.39085","2017","7/16/2017","1:45:00 PM","01 - Clear","01 - Dry","01 - Traffic signal","02 - Intersection related","01 - Daylight","03 - P.D. only","02 - Angle"
"2963","CARLING AVE @ PARKDALE AVE","365627.21457","5028172.87000","-75.72316","45.39085","2017","2/16/2017","5:43:00 PM","03 - Snow","04 - Slush","01 - Traffic signal","02 - Intersection related","05 - Dusk","03 - P.D. only","06 - SMV unattended vehicle"
"2964","CARLING AVE @ PINECREST  RD/GREENVIEW AVE","360007.27720","5024632.22725","-75.79533","45.35946","2017","7/19/2017","12:53:00 PM","01 - Clear","01 - Dry","01 - Traffic signal","02 - Intersection related","01 - Daylight","03 - P.D. only","03 - Rear end"
"2965","CARLING AVE @ PINECREST  RD/GREENVIEW AVE","360006.34125","5024634.53469","-75.79534","45.35948","2017","6/30/2017","11:59:00 AM","02 - Rain","02 - Wet","01 - Traffic signal","02 - Intersection related","01 - Daylight","03 - P.D. only","03 - Rear end"
"2966","CARLING AVE @ PINECREST  RD/GREENVIEW AVE","360007.67904","5024633.19690","-75.79532","45.35947","2017","6/28/2017","4:35:00 PM","01 - Clear","01 - Dry","01 - Traffic signal","02 - Intersection related","01 - Daylight","02 - Non-fatal injury","03 - Rear end"
"2967","CARLING AVE @ PINECREST  RD/GREENVIEW AVE","360006.20233","5024632.76469","-75.79534","45.35947","2017","9/2/2017","7:05:00 PM","01 - Clear","01 - Dry","01 - Traffic signal","02 - Intersection related","01 - Daylight","03 - P.D. only","03 - Rear end"
"2968","CARLING AVE @ PINECREST  RD/GREENVIEW AVE","360007.28453","5024632.83241","-75.79533","45.35947","2017","8/1/2017","4:13:00 PM","01 - Clear","01 - Dry","01 - Traffic signal","02 - Intersection related","01 - Daylight","03 - P.D. only","04 - Sideswipe"
"2969","CARLING AVE @ PINECREST  RD/GREENVIEW AVE","360006.59027","5024632.51590","-75.79533","45.35946","2017","8/1/2017","6:54:00 PM","01 - Clear","01 - Dry","01 - Traffic signal","03 - At intersection","01 - Daylight","03 - P.D. only","05 - Turning movement"
"2970","CARLING AVE @ PINECREST  RD/GREENVIEW AVE","360006.20730","5024635.54872","-75.79534","45.35949","2017","9/27/2017","3:10:00 PM","02 - Rain","02 - Wet","01 - Traffic signal","02 - Intersection related","01 - Daylight","02 - Non-fatal injury","07 - SMV other"
"2971","CARLING AVE @ PINECREST  RD/GREENVIEW AVE","360005.00346","5024633.19690","-75.79535","45.35947","2017","10/29/2017","7:42:00 PM","02 - Rain","02 - Wet","01 - Traffic signal","03 - At intersection","07 - Dark","03 - P.D. only","02 - Angle"
"2972","CARLING AVE @ PINECREST  RD/GREENVIEW AVE","360007.01015","5024631.19021","-75.79533","45.35945","2017","11/7/2017","9:41:00 PM","01 - Clear","01 - Dry","01 - Traffic signal","03 - At intersection","07 - Dark","03 - P.D. only","05 - Turning movement"
"2973","CARLING AVE @ PINECREST  RD/GREENVIEW AVE","360007.01015","5024634.53469","-75.79533","45.35948","2017","2/16/2017","10:25:00 AM","01 - Clear","01 - Dry","01 - Traffic signal","03 - At intersection","01 - Daylight","03 - P.D. only","04 - Sideswipe"