"Record","Location","X","Y","Longitude","Latitude","Year","Date","Time","Environment","Road_Surface","Traffic_Control","Collision_Location","Light","Collision_Classification","Impact_type"
"2974","CARLING AVE @ PINECREST  RD/GREENVIEW AVE","360006.67570","5024631.98155","-75.79533","45.35946","2017","2/2/2017","3:30:00 PM","01 - Clear","02 - Wet","01 - Traffic signal","02 - Intersection related","01 - Daylight","03 - P.D. only","03 - Rear end"
"2975","CARLING AVE @ PINECREST  RD/GREENVIEW AVE","360007.01015","5024631.19021","-75.79533","45.35945","2017","2/28/2017","3:56:00 PM","01 - Clear","01 - Dry","01 - Traffic signal","02 - Intersection related","01 - Daylight","03 - P.D. only","03 - Rear end"
"2976","CARLING AVE @ PINECREST  RD/GREENVIEW AVE","360006.67554","5024632.52801","-75.79533","45.35946","2017","3/24/2017","2:19:00 PM","03 - Snow","02 - Wet","01 - Traffic signal","03 - At intersection","01 - Daylight","02 - Non-fatal injury","02 - Angle"
"2977","CARLING AVE @ PINECREST  RD/GREENVIEW AVE","360007.78920","5024631.97750","-75.79532","45.35946","2017","12/22/2017","12:53:00 PM","03 - Snow","04 - Slush","01 - Traffic signal","02 - Intersection related","01 - Daylight","03 - P.D. only","03 - Rear end"
"2978","CARLING AVE @ PRESTON ST","366829.37555","5028934.88450","-75.70772","45.39760","2017","6/26/2017","8:54:00 AM","01 - Clear","01 - Dry","01 - Traffic signal","03 - At intersection","01 - Daylight","02 - Non-fatal injury","05 - Turning movement"
"2979","CARLING AVE @ PRESTON ST","366831.11142","5028935.02879","-75.70769","45.39761","2017","4/26/2017","4:44:00 PM","01 - Clear","01 - Dry","01 - Traffic signal","02 - Intersection related","01 - Daylight","03 - P.D. only","03 - Rear end"
"2980","CARLING AVE @ PRESTON ST","366830.71334","5028936.89119","-75.70770","45.39762","2017","4/27/2017","4:07:00 PM","01 - Clear","01 - Dry","01 - Traffic signal","02 - Intersection related","01 - Daylight","03 - P.D. only","03 - Rear end"
"2981","CARLING AVE @ PRESTON ST","366829.71000","5028935.24899","-75.70771","45.39761","2017","7/29/2017","12:57:00 AM","01 - Clear","01 - Dry","01 - Traffic signal","02 - Intersection related","07 - Dark","02 - Non-fatal injury","02 - Angle"
"2982","CARLING AVE @ PRESTON ST","366829.16355","5028936.09985","-75.70772","45.39762","2017","10/14/2017","3:47:00 PM","01 - Clear","01 - Dry","01 - Traffic signal","03 - At intersection","01 - Daylight","03 - P.D. only","07 - SMV other"
"2983","CARLING AVE @ PRESTON ST","366830.71334","5028936.22230","-75.70770","45.39762","2017","12/1/2017","2:10:00 PM","02 - Rain","02 - Wet","01 - Traffic signal","03 - At intersection","01 - Daylight","02 - Non-fatal injury","07 - SMV other"
"2984","CARLING AVE @ PRESTON ST","366828.80808","5028936.22984","-75.70772","45.39762","2017","11/29/2017","7:36:00 AM","01 - Clear","02 - Wet","01 - Traffic signal","02 - Intersection related","01 - Daylight","03 - P.D. only","04 - Sideswipe"
"2985","CARLING AVE @ PRESTON ST","366829.71000","5028935.77888","-75.70771","45.39761","2017","2/10/2017","1:45:00 PM","01 - Clear","01 - Dry","01 - Traffic signal","02 - Intersection related","01 - Daylight","03 - P.D. only","03 - Rear end"
"2986","CARLING AVE @ PRESTON ST","366830.04445","5028936.89119","-75.70771","45.39762","2017","3/21/2017","6:10:00 PM","01 - Clear","01 - Dry","01 - Traffic signal","03 - At intersection","05 - Dusk","03 - P.D. only","05 - Turning movement"
"2987","CARLING AVE @ PRESTON ST","366830.04445","5028934.88450","-75.70771","45.39760","2017","3/6/2017","4:53:00 PM","03 - Snow","06 - Ice","01 - Traffic signal","02 - Intersection related","01 - Daylight","03 - P.D. only","02 - Angle"
"2988","CARLING AVE @ REX AVE","363031.44760","5026526.61946","-75.75650","45.37626","2017","8/25/2017","2:46:00 PM","01 - Clear","01 - Dry","02 - Stop sign","02 - Intersection related","01 - Daylight","03 - P.D. only","04 - Sideswipe"
"2989","CARLING AVE @ RICHARDSON SIDE RD","351834.95555","5022268.48731","-75.89986","45.33879","2017","6/7/2017","5:13:00 PM","01 - Clear","01 - Dry","02 - Stop sign","03 - At intersection","01 - Daylight","02 - Non-fatal injury","05 - Turning movement"
"2990","CARLING AVE @ RICHARDSON SIDE RD","351835.10993","5022273.47173","-75.89985","45.33883","2017","11/15/2017","4:00:00 PM","01 - Clear","01 - Dry","02 - Stop sign","02 - Intersection related","01 - Daylight","03 - P.D. only","03 - Rear end"
"2991","CARLING AVE @ RICHMOND RD","360246.01345","5024782.18120","-75.79226","45.36079","2017","6/7/2017","11:02:00 PM","01 - Clear","01 - Dry","01 - Traffic signal","03 - At intersection","07 - Dark","02 - Non-fatal injury","07 - SMV other"
"2992","CARLING AVE @ RICHMOND RD","360246.68234","5024782.18120","-75.79225","45.36079","2017","6/9/2017","10:33:00 AM","01 - Clear","01 - Dry","01 - Traffic signal","03 - At intersection","01 - Daylight","03 - P.D. only","05 - Turning movement"
"2993","CARLING AVE @ RICHMOND RD","360246.32003","5024780.87127","-75.79226","45.36078","2017","8/10/2017","12:16:00 PM","01 - Clear","01 - Dry","01 - Traffic signal","02 - Intersection related","01 - Daylight","03 - P.D. only","03 - Rear end"
"2994","CARLING AVE @ RICHMOND RD","360245.34455","5024782.85009","-75.79227","45.36080","2017","10/11/2017","1:00:00 PM","01 - Clear","01 - Dry","01 - Traffic signal","02 - Intersection related","01 - Daylight","03 - P.D. only","03 - Rear end"
"2995","CARLING AVE @ RICHMOND RD","360246.62575","5024782.22236","-75.79225","45.36079","2017","9/24/2017","9:50:00 PM","01 - Clear","01 - Dry","01 - Traffic signal","03 - At intersection","07 - Dark","03 - P.D. only","02 - Angle"
"2996","CARLING AVE @ RICHMOND RD","360246.22545","5024781.51230","-75.79226","45.36079","2017","9/10/2017","2:31:00 PM","01 - Clear","01 - Dry","01 - Traffic signal","02 - Intersection related","01 - Daylight","03 - P.D. only","04 - Sideswipe"
"2997","CARLING AVE @ RICHMOND RD","360246.63479","5024782.22915","-75.79225","45.36079","2017","12/7/2017","11:20:00 AM","01 - Clear","01 - Dry","01 - Traffic signal","02 - Intersection related","01 - Daylight","03 - P.D. only","03 - Rear end"
"2998","CARLING AVE @ RICHMOND RD","360246.62575","5024781.74899","-75.79225","45.36079","2017","11/28/2017","2:25:00 PM","01 - Clear","01 - Dry","01 - Traffic signal","02 - Intersection related","01 - Daylight","03 - P.D. only","03 - Rear end"
"2999","CARLING AVE @ RICHMOND RD","360245.67900","5024781.27335","-75.79227","45.36078","2017","11/28/2017","1:30:00 PM","01 - Clear","03 - Loose snow","01 - Traffic signal","02 - Intersection related","01 - Daylight","03 - P.D. only","03 - Rear end"
"3000","CARLING AVE @ RICHMOND RD","360246.68234","5024782.18120","-75.79225","45.36079","2017","11/27/2017","3:19:00 PM","01 - Clear","01 - Dry","01 - Traffic signal","02 - Intersection related","01 - Daylight","03 - P.D. only","03 - Rear end"
"3001","CARLING AVE @ RICHMOND RD","360244.58610","5024781.51230","-75.79228","45.36079","2017","1/26/2017","5:34:00 PM","01 - Clear","01 - Dry","01 - Traffic signal","03 - At intersection","05 - Dusk","03 - P.D. only","02 - Angle"
"3002","CARLING AVE @ RICHMOND RD","360246.68234","5024782.18120","-75.79225","45.36079","2017","2/6/2017","1:53:00 PM","01 - Clear","02 - Wet","01 - Traffic signal","02 - Intersection related","01 - Daylight","03 - P.D. only","99 - Other"
"3003","CARLING AVE @ RICHMOND RD","360245.67900","5024780.38660","-75.79227","45.36078","2017","2/12/2017","2:25:00 PM","01 - Clear","06 - Ice","01 - Traffic signal","02 - Intersection related","01 - Daylight","03 - P.D. only","03 - Rear end"
"3004","CARLING AVE @ RICHMOND RD","360246.01345","5024781.51230","-75.79226","45.36079","2017","4/13/2017","3:38:00 PM","01 - Clear","01 - Dry","01 - Traffic signal","02 - Intersection related","01 - Daylight","03 - P.D. only","03 - Rear end"
"3005","CARLING AVE @ RICHMOND RD","360244.67566","5024782.18120","-75.79228","45.36079","2017","3/9/2017","5:46:00 PM","01 - Clear","06 - Ice","01 - Traffic signal","02 - Intersection related","01 - Daylight","03 - P.D. only","03 - Rear end"
"3006","CARLING AVE @ RICHMOND RD","360246.01345","5024782.85009","-75.79226","45.36080","2017","2/28/2017","10:13:00 AM","01 - Clear","01 - Dry","01 - Traffic signal","03 - At intersection","01 - Daylight","03 - P.D. only","02 - Angle"
"3007","CARLING AVE @ RICHMOND RD","360244.00249","5024782.57728","-75.79229","45.36079","2017","12/22/2017","1:45:00 PM","03 - Snow","03 - Loose snow","01 - Traffic signal","03 - At intersection","01 - Daylight","03 - P.D. only","05 - Turning movement"
"3008","CARLING AVE @ RITCHIE ST","359591.13654","5024366.51230","-75.80067","45.35710","2017","1/14/2017","1:40:00 AM","01 - Clear","06 - Ice","01 - Traffic signal","02 - Intersection related","07 - Dark","03 - P.D. only","05 - Turning movement"
"3009","CARLING AVE @ ROCHESTER ST","366991.76703","5029043.27497","-75.70563","45.39857","2017","5/19/2017","4:46:00 PM","01 - Clear","01 - Dry","02 - Stop sign","02 - Intersection related","01 - Daylight","03 - P.D. only","04 - Sideswipe"
"3010","CARLING AVE @ ROCKY POINT RD","357034.89437","5023786.74077","-75.83335","45.35208","2017","1/5/2017","7:56:00 AM","03 - Snow","04 - Slush","02 - Stop sign","03 - At intersection","01 - Daylight","03 - P.D. only","02 - Angle"
"3011","CARLING AVE @ SCHNEIDER RD","351622.05159","5022239.07171","-75.90258","45.33854","2017","1/6/2017","10:39:00 AM","01 - Clear","02 - Wet","02 - Stop sign","02 - Intersection related","01 - Daylight","03 - P.D. only","03 - Rear end"
"3012","CARLING AVE @ SCRIVENS ST","359423.33355","5024259.18070","-75.80282","45.35615","2017","6/15/2017","9:23:00 PM","02 - Rain","02 - Wet","01 - Traffic signal","03 - At intersection","07 - Dark","03 - P.D. only","99 - Other"
"3013","CARLING AVE @ SCRIVENS ST","359422.76315","5024257.35235","-75.80283","45.35613","2017","2/10/2017","1:22:00 PM","01 - Clear","01 - Dry","01 - Traffic signal","02 - Intersection related","01 - Daylight","03 - P.D. only","03 - Rear end"
"3014","CARLING AVE @ SCRIVENS ST","359423.72425","5024258.57207","-75.80282","45.35614","2017","12/25/2017","4:50:00 PM","01 - Clear","04 - Slush","01 - Traffic signal","03 - At intersection","05 - Dusk","03 - P.D. only","05 - Turning movement"
"3015","CARLING AVE @ SCRIVENS ST","359423.62441","5024258.51290","-75.80282","45.35614","2017","12/22/2017","3:03:00 PM","03 - Snow","03 - Loose snow","01 - Traffic signal","02 - Intersection related","01 - Daylight","03 - P.D. only","07 - SMV other"
"3016","CARLING AVE @ TAVISTOCK RD","360698.83384","5025069.65225","-75.78645","45.36334","2017","9/26/2017","9:21:00 AM","01 - Clear","01 - Dry","02 - Stop sign","03 - At intersection","01 - Daylight","03 - P.D. only","02 - Angle"
"3017","CARLING AVE @ TAVISTOCK RD","360701.22421","5025070.53910","-75.78642","45.36335","2017","12/5/2017","7:27:00 AM","02 - Rain","02 - Wet","02 - Stop sign","02 - Intersection related","03 - Dawn","03 - P.D. only","03 - Rear end"
"3018","CARLING AVE @ TRANSITWAY - LINCOLN FIE","361137.01445","5025350.85410","-75.78082","45.36584","2017","11/4/2017","5:33:00 PM","01 - Clear","01 - Dry","01 - Traffic signal","02 - Intersection related","07 - Dark","03 - P.D. only","03 - Rear end"
"3019","CARLING AVE @ VISCOUNT AVE","365131.03915","5027850.21740","-75.72954","45.38799","2017","2/17/2017","3:14:00 PM","01 - Clear","02 - Wet","01 - Traffic signal","02 - Intersection related","01 - Daylight","03 - P.D. only","04 - Sideswipe"
"3020","CARLING AVE @ WOODROFFE AVE W","361766.68026","5025724.84460","-75.77274","45.36915","2017","5/11/2017","12:20:00 PM","01 - Clear","01 - Dry","01 - Traffic signal","02 - Intersection related","01 - Daylight","03 - P.D. only","04 - Sideswipe"
"3021","CARLING AVE @ WOODROFFE AVE W","361767.68360","5025724.87247","-75.77273","45.36915","2017","8/16/2017","4:24:00 PM","01 - Clear","01 - Dry","01 - Traffic signal","03 - At intersection","01 - Daylight","02 - Non-fatal injury","05 - Turning movement"
"3022","CARLING AVE @ WOODROFFE AVE W","361767.08210","5025726.41576","-75.77274","45.36917","2017","8/1/2017","1:00:00 PM","01 - Clear","01 - Dry","01 - Traffic signal","02 - Intersection related","01 - Daylight","03 - P.D. only","03 - Rear end"
"3023","CARLING AVE @ WOODROFFE AVE W","361767.34915","5025725.51350","-75.77274","45.36916","2017","6/30/2017","7:47:00 AM","01 - Clear","01 - Dry","01 - Traffic signal","03 - At intersection","01 - Daylight","03 - P.D. only","05 - Turning movement"
"3024","CARLING AVE @ WOODROFFE AVE W","361767.07477","5025725.81791","-75.77274","45.36916","2017","7/26/2017","5:06:00 PM","01 - Clear","01 - Dry","01 - Traffic signal","02 - Intersection related","01 - Daylight","02 - Non-fatal injury","03 - Rear end"
"3025","CARLING AVE @ WOODROFFE AVE W","361768.32463","5025726.15453","-75.77272","45.36916","2017","8/20/2017","11:29:00 AM","01 - Clear","01 - Dry","01 - Traffic signal","02 - Intersection related","01 - Daylight","03 - P.D. only","03 - Rear end"
"3026","CARLING AVE @ WOODROFFE AVE W","361767.68360","5025724.84311","-75.77273","45.36915","2017","9/7/2017","4:33:00 PM","02 - Rain","02 - Wet","01 - Traffic signal","02 - Intersection related","01 - Daylight","03 - P.D. only","03 - Rear end"
"3027","CARLING AVE @ WOODROFFE AVE W","361767.34915","5025725.51350","-75.77274","45.36916","2017","11/22/2017","6:19:00 PM","01 - Clear","01 - Dry","01 - Traffic signal","02 - Intersection related","07 - Dark","03 - P.D. only","04 - Sideswipe"
"3028","CARLING AVE @ WOODROFFE AVE W","361768.63939","5025724.31876","-75.77272","45.36915","2017","12/8/2017","12:05:00 PM","01 - Clear","01 - Dry","01 - Traffic signal","02 - Intersection related","01 - Daylight","03 - P.D. only","03 - Rear end"
"3029","CARLING AVE @ WOODROFFE AVE W","361767.34915","5025724.84460","-75.77274","45.36915","2017","11/24/2017","4:13:00 PM","01 - Clear","01 - Dry","01 - Traffic signal","02 - Intersection related","05 - Dusk","03 - P.D. only","03 - Rear end"
"3030","CARLING AVE @ WOODROFFE AVE W","361767.88266","5025724.86166","-75.77273","45.36915","2017","11/23/2017","11:07:00 AM","04 - Freezing Rain","06 - Ice","01 - Traffic signal","02 - Intersection related","01 - Daylight","03 - P.D. only","03 - Rear end"
"3031","CARLING AVE @ WOODROFFE AVE W","361766.18266","5025725.13827","-75.77275","45.36915","2017","2/10/2017","9:15:00 AM","03 - Snow","04 - Slush","01 - Traffic signal","02 - Intersection related","01 - Daylight","03 - P.D. only","03 - Rear end"
"3032","CARLING AVE @ WOODROFFE AVE W","361766.93313","5025723.63733","-75.77274","45.36914","2017","2/14/2017","8:01:00 AM","01 - Clear","02 - Wet","01 - Traffic signal","02 - Intersection related","01 - Daylight","02 - Non-fatal injury","03 - Rear end"
"3033","CARLING AVE @ WOODROFFE AVE W","361767.76721","5025726.01517","-75.77273","45.36916","2017","2/15/2017","9:38:00 PM","01 - Clear","05 - Packed snow","01 - Traffic signal","02 - Intersection related","07 - Dark","03 - P.D. only","04 - Sideswipe"
"3034","CARLING AVE @ WOODROFFE AVE W","361768.63035","5025724.33007","-75.77272","45.36915","2017","1/15/2017","10:48:00 AM","01 - Clear","01 - Dry","01 - Traffic signal","02 - Intersection related","01 - Daylight","03 - P.D. only","03 - Rear end"
"3035","CARLING AVE @ WOODROFFE AVE W","361768.01805","5025725.51350","-75.77273","45.36916","2017","3/2/2017","6:21:00 PM","01 - Clear","01 - Dry","01 - Traffic signal","02 - Intersection related","05 - Dusk","02 - Non-fatal injury","07 - SMV other"
"3036","CARLING AVE @ WOODROFFE AVE W","361766.01136","5025724.84460","-75.77275","45.36915","2017","2/28/2017","7:12:00 PM","01 - Clear","02 - Wet","01 - Traffic signal","03 - At intersection","07 - Dark","03 - P.D. only","05 - Turning movement"
"3037","CARLING AVE @ WOODROFFE AVE W","361768.68694","5025726.18240","-75.77272","45.36916","2017","3/14/2017","3:20:00 PM","03 - Snow","03 - Loose snow","01 - Traffic signal","02 - Intersection related","01 - Daylight","03 - P.D. only","04 - Sideswipe"
"3038","CARLING AVE @ WOODROFFE AVE W","361767.21023","5025725.75019","-75.77274","45.36916","2017","12/18/2017","3:29:00 PM","01 - Clear","04 - Slush","01 - Traffic signal","03 - At intersection","01 - Daylight","03 - P.D. only","03 - Rear end"
"3039","CARLING AVE @ WOODROFFE AVE W","361767.21023","5025724.33007","-75.77274","45.36915","2017","12/20/2017","10:20:00 AM","01 - Clear","01 - Dry","01 - Traffic signal","02 - Intersection related","01 - Daylight","03 - P.D. only","05 - Turning movement"
"3040","CARLING AVE @ WOODROFFE AVE W","361768.63035","5025724.33007","-75.77272","45.36915","2017","12/21/2017","12:41:00 PM","01 - Clear","06 - Ice","01 - Traffic signal","02 - Intersection related","01 - Daylight","03 - P.D. only","03 - Rear end"
"3041","CARLING AVE @ WYLIE AVE","359142.45975","5024078.24577","-75.80642","45.35454","2017","10/22/2017","12:00:00 PM","01 - Clear","01 - Dry","02 - Stop sign","03 - At intersection","01 - Daylight","02 - Non-fatal injury","02 - Angle"
"3042","CARLING AVE @ WYLIE AVE","359140.66820","5024079.14374","-75.80645","45.35455","2017","1/28/2017","4:06:00 PM","01 - Clear","01 - Dry","02 - Stop sign","02 - Intersection related","05 - Dusk","03 - P.D. only","04 - Sideswipe"
"3043","CARLING AVE btwn BAYFIELD AVE & BURKE RD","352661.39379","5022553.80539","-75.88929","45.34130","2017","5/26/2017","1:27:00 AM","07 - Fog, mist, smoke, dust","02 - Wet","10 - No control","01 - Non intersection","07 - Dark","03 - P.D. only","03 - Rear end"
"3044","CARLING AVE btwn BEDALE DR & NAUTICA PRIV","357357.16026","5023659.71785","-75.82925","45.35091","2017","3/17/2017","3:30:00 PM","01 - Clear","02 - Wet","10 - No control","01 - Non intersection","01 - Daylight","03 - P.D. only","07 - SMV other"
"3045","CARLING AVE btwn BURKE RD & DEFENSE  RESEARCH COMPLEX","352902.80376","5022704.52217","-75.88619","45.34264","2017","8/29/2017","4:57:00 PM","01 - Clear","01 - Dry","10 - No control","04 - At/near private drive","01 - Daylight","02 - Non-fatal injury","05 - Turning movement"
"3046","CARLING AVE btwn CAMBRIDGE ST S & BRONSON AVE","367371.78727","5029272.68575","-75.70074","45.40060","2017","5/15/2017","5:09:00 PM","01 - Clear","01 - Dry","10 - No control","01 - Non intersection","01 - Daylight","02 - Non-fatal injury","04 - Sideswipe"
"3047","CARLING AVE btwn DAVIDSON'S SIDE RD & GRANDVIEW RD","355055.35241","5024028.33216","-75.85859","45.35440","2017","4/27/2017","4:48:00 PM","01 - Clear","01 - Dry","10 - No control","01 - Non intersection","01 - Daylight","02 - Non-fatal injury","03 - Rear end"
"3048","CARLING AVE btwn DAVIDSON'S SIDE RD & GRANDVIEW RD","354422.75656","5023639.34479","-75.86670","45.35094","2017","7/27/2017","6:56:00 AM","01 - Clear","01 - Dry","10 - No control","01 - Non intersection","01 - Daylight","03 - P.D. only","07 - SMV other"
"3049","CARLING AVE btwn DAVIDSON'S SIDE RD & GRANDVIEW RD","355536.95546","5024125.05088","-75.85243","45.35523","2017","9/13/2017","10:59:00 PM","01 - Clear","01 - Dry","10 - No control","01 - Non intersection","07 - Dark","03 - P.D. only","03 - Rear end"
"3050","CARLING AVE btwn DAVIDSON'S SIDE RD & GRANDVIEW RD","354506.68827","5023697.96286","-75.86563","45.35147","2017","11/16/2017","12:45:00 PM","02 - Rain","02 - Wet","10 - No control","01 - Non intersection","01 - Daylight","03 - P.D. only","07 - SMV other"
"3051","CARLING AVE btwn DEFENSE  RESEARCH COMPLEX & RIFLE RD","353483.17518","5023059.45297","-75.87875","45.34579","2017","8/16/2017","5:16:00 PM","01 - Clear","01 - Dry","10 - No control","01 - Non intersection","01 - Daylight","03 - P.D. only","03 - Rear end"
"3052","CARLING AVE btwn DEFENSE  RESEARCH COMPLEX & RIFLE RD","353718.39710","5023208.14618","-75.87573","45.34711","2017","10/27/2017","4:53:00 PM","01 - Clear","01 - Dry","10 - No control","07 - Overpass or bridge","01 - Daylight","03 - P.D. only","07 - SMV other"
"3053","CARLING AVE btwn DEFENSE  RESEARCH COMPLEX & RIFLE RD","353674.28864","5023184.51500","-75.87630","45.34690","2017","1/28/2017","11:55:00 AM","03 - Snow","02 - Wet","10 - No control","01 - Non intersection","01 - Daylight","03 - P.D. only","05 - Turning movement"
"3054","CARLING AVE btwn DEFENSE  RESEARCH COMPLEX & RIFLE RD","353399.21726","5023007.57506","-75.87983","45.34533","2017","1/31/2017","4:15:00 PM","01 - Clear","01 - Dry","10 - No control","04 - At/near private drive","01 - Daylight","03 - P.D. only","03 - Rear end"
"3055","CARLING AVE btwn DEFENSE  RESEARCH COMPLEX & RIFLE RD","353370.10584","5022986.81145","-75.88020","45.34515","2017","12/22/2017","11:18:00 AM","03 - Snow","06 - Ice","10 - No control","04 - At/near private drive","01 - Daylight","03 - P.D. only","03 - Rear end"
"3056","CARLING AVE btwn HERZBERG RD & BAYFIELD AVE","352193.13839","5022325.24196","-75.89528","45.33927","2017","11/9/2017","7:52:00 AM","01 - Clear","01 - Dry","10 - No control","01 - Non intersection","01 - Daylight","03 - P.D. only","07 - SMV other"
"3057","CARLING AVE btwn HERZBERG RD & BAYFIELD AVE","352236.61666","5022337.95099","-75.89473","45.33939","2017","12/14/2017","5:00:00 PM","01 - Clear","01 - Dry","10 - No control","01 - Non intersection","07 - Dark","03 - P.D. only","07 - SMV other"
"3058","CARLING AVE btwn MARCH RD & SCHNEIDER RD","351264.46340","5022184.85322","-75.90714","45.33807","2017","1/6/2017","7:45:00 AM","01 - Clear","01 - Dry","10 - No control","04 - At/near private drive","03 - Dawn","03 - P.D. only","04 - Sideswipe"
"3059","CARLING AVE btwn MARCH RD & SCHNEIDER RD","351059.79894","5022228.16038","-75.90975","45.33848","2017","4/8/2017","2:18:00 AM","01 - Clear","01 - Dry","10 - No control","01 - Non intersection","07 - Dark","03 - P.D. only","07 - SMV other"
"3060","CARLING AVE btwn MOODIE DR & JAMES CUMMINGS AVE","356134.43082","5023880.65471","-75.84483","45.35299","2017","2/28/2017","4:05:00 PM","01 - Clear","01 - Dry","10 - No control","01 - Non intersection","01 - Daylight","03 - P.D. only","07 - SMV other"
"3061","CARLING AVE btwn MOODIE DR & TURN LANE","356020.04955","5023928.81525","-75.84629","45.35343","2017","12/5/2017","5:24:00 PM","01 - Clear","01 - Dry","10 - No control","01 - Non intersection","07 - Dark","03 - P.D. only","07 - SMV other"
"3062","CARLING AVE btwn PRESTON ST & BOOTH ST","366914.43092","5028965.73982","-75.70662","45.39787","2017","5/20/2017","1:00:00 PM","01 - Clear","01 - Dry","10 - No control","04 - At/near private drive","01 - Daylight","03 - P.D. only","06 - SMV unattended vehicle"
"3063","CARLING AVE btwn RIFLE RD & DAVIDSON'S SIDE RD","354208.53521","5023513.77635","-75.86945","45.34983","2017","10/12/2017","9:44:00 PM","01 - Clear","01 - Dry","10 - No control","01 - Non intersection","07 - Dark","03 - P.D. only","03 - Rear end"
"3064","CARLING AVE btwn RIFLE RD & DAVIDSON'S SIDE RD","353976.43025","5023368.59906","-75.87243","45.34854","2017","10/3/2017","9:13:00 PM","01 - Clear","01 - Dry","10 - No control","01 - Non intersection","07 - Dark","03 - P.D. only","07 - SMV other"
"3065","CARLING AVE btwn ULLSWATER DR & SUNNY BRAE AVE","356859.61971","5023819.17830","-75.83559","45.35239","2017","6/14/2017","1:35:00 PM","01 - Clear","01 - Dry","10 - No control","04 - At/near private drive","01 - Daylight","03 - P.D. only","03 - Rear end"
"3066","CARLING AVE EB @ SAIGON CRT","364069.17445","5027111.53331","-75.74319","45.38144","2017","6/19/2017","4:21:00 PM","01 - Clear","01 - Dry","02 - Stop sign","03 - At intersection","01 - Daylight","02 - Non-fatal injury","03 - Rear end"
"3067","CARLING AVE EB @ SAIGON CRT","364067.03304","5027113.94005","-75.74321","45.38146","2017","3/21/2017","11:14:00 AM","01 - Clear","01 - Dry","02 - Stop sign","03 - At intersection","01 - Daylight","03 - P.D. only","05 - Turning movement"
"3068","CARLING AVE EB btwn AARON AVE & IROQUOIS RD","362191.27797","5025995.42977","-75.76729","45.37155","2017","10/30/2017","7:30:00 PM","01 - Clear","01 - Dry","10 - No control","04 - At/near private drive","07 - Dark","03 - P.D. only","04 - Sideswipe"
"3069","CARLING AVE EB btwn BAYSHORE DR & CARLING AVE","359132.30700","5024052.75524","-75.80656","45.35431","2017","2/27/2017","12:29:00 PM","01 - Clear","01 - Dry","10 - No control","01 - Non intersection","01 - Daylight","02 - Non-fatal injury","04 - Sideswipe"
"3070","CARLING AVE EB btwn BROADVIEW AVE & BOYD AVE","363273.46767","5026678.54160","-75.75340","45.37761","2017","9/30/2017","8:41:00 AM","01 - Clear","01 - Dry","10 - No control","01 - Non intersection","01 - Daylight","03 - P.D. only","04 - Sideswipe"
"3071","CARLING AVE EB btwn BROADVIEW AVE & BOYD AVE","363319.64777","5026706.20399","-75.75280","45.37785","2017","9/19/2017","7:46:00 AM","01 - Clear","01 - Dry","10 - No control","01 - Non intersection","01 - Daylight","02 - Non-fatal injury","03 - Rear end"
"3072","CARLING AVE EB btwn BROADVIEW AVE & BOYD AVE","363367.96694","5026736.17086","-75.75218","45.37812","2017","3/31/2017","9:00:00 AM","01 - Clear","01 - Dry","10 - No control","01 - Non intersection","01 - Daylight","03 - P.D. only","04 - Sideswipe"
"3073","CARLING AVE EB btwn CARLING AVE EB OFF RAMP/OTTAWA RIVER PKWY & TRANSI","361123.62335","5025318.37921","-75.78100","45.36555","2017","12/12/2017","6:38:00 AM","03 - Snow","03 - Loose snow","10 - No control","01 - Non intersection","07 - Dark","02 - Non-fatal injury","03 - Rear end"
"3074","CARLING AVE EB btwn CARLING AVE EB ON RAMP/OTTAWA RIVER PKWY & CARLING","360915.43509","5025191.44168","-75.78367","45.36442","2017","12/23/2017","12:27:00 PM","03 - Snow","02 - Wet","10 - No control","04 - At/near private drive","01 - Daylight","03 - P.D. only","03 - Rear end"
"3075","CARLING AVE EB btwn CLYDE AVE & CHURCHILL AVE N","363737.48294","5026972.77763","-75.74744","45.38022","2017","3/27/2017","3:30:00 PM","01 - Clear","02 - Wet","10 - No control","01 - Non intersection","01 - Daylight","03 - P.D. only","04 - Sideswipe"
"3076","CARLING AVE EB btwn EDGEWORTH AVE & FOX CRES","361440.33405","5025523.83689","-75.77693","45.36737","2017","2/13/2017","6:01:00 AM","03 - Snow","06 - Ice","10 - No control","04 - At/near private drive","07 - Dark","03 - P.D. only","03 - Rear end"
"3077","CARLING AVE EB btwn FOX CRES & WOODROFFE AVE","361734.87934","5025701.31932","-75.77315","45.36894","2017","5/28/2017","3:28:00 PM","01 - Clear","01 - Dry","10 - No control","04 - At/near private drive","01 - Daylight","02 - Non-fatal injury","02 - Angle"
"3078","CARLING AVE EB btwn FOX CRES & WOODROFFE AVE","361625.40845","5025638.16443","-75.77456","45.36838","2017","5/23/2017","2:11:00 PM","01 - Clear","01 - Dry","10 - No control","01 - Non intersection","01 - Daylight","03 - P.D. only","04 - Sideswipe"