"Record","Location","X","Y","Longitude","Latitude","Year","Date","Time","Environment","Road_Surface","Traffic_Control","Collision_Location","Light","Collision_Classification","Impact_type"
"3079","CARLING AVE EB btwn FOX CRES & WOODROFFE AVE","361744.60668","5025707.45330","-75.77303","45.36900","2017","11/18/2017","10:15:00 AM","01 - Clear","01 - Dry","10 - No control","01 - Non intersection","01 - Daylight","03 - P.D. only","04 - Sideswipe"
"3080","CARLING AVE EB btwn HOLLAND AVE & PARKDALE AVE","365444.45790","5028024.49998","-75.72551","45.38953","2017","10/24/2017","10:04:00 AM","02 - Rain","02 - Wet","10 - No control","01 - Non intersection","01 - Daylight","03 - P.D. only","04 - Sideswipe"
"3081","CARLING AVE EB btwn HOLLY ACRES RD & BAYSHORE DR","358345.43473","5023563.01678","-75.81665","45.34997","2017","11/27/2017","7:18:00 AM","03 - Snow","03 - Loose snow","10 - No control","04 - At/near private drive","01 - Daylight","02 - Non-fatal injury","07 - SMV other"
"3082","CARLING AVE EB btwn HOLLY ACRES RD & BAYSHORE DR","358497.50519","5023660.32410","-75.81470","45.35083","2017","3/24/2017","9:01:00 AM","03 - Snow","03 - Loose snow","10 - No control","01 - Non intersection","01 - Daylight","02 - Non-fatal injury","04 - Sideswipe"
"3083","CARLING AVE EB btwn HWY417 IC124 RAMP57 & KIRKWOOD AVE","364271.40035","5027227.43978","-75.74059","45.38246","2017","1/9/2017","10:11:00 AM","03 - Snow","06 - Ice","10 - No control","01 - Non intersection","01 - Daylight","03 - P.D. only","03 - Rear end"
"3084","CARLING AVE EB btwn IROQUOIS RD & KINGSMERE AVE","362233.41844","5026018.17224","-75.76675","45.37175","2017","4/24/2017","9:01:00 AM","01 - Clear","01 - Dry","10 - No control","01 - Non intersection","01 - Daylight","03 - P.D. only","03 - Rear end"
"3085","CARLING AVE EB btwn KIRKWOOD AVE & HWY417 IC124 RAMP55","364371.43294","5027363.63606","-75.73930","45.38368","2017","2/21/2017","1:18:00 PM","01 - Clear","02 - Wet","10 - No control","01 - Non intersection","01 - Daylight","03 - P.D. only","04 - Sideswipe"
"3086","CARLING AVE EB btwn KIRKWOOD AVE & HWY417 IC124 RAMP55","364363.17003","5027353.08076","-75.73940","45.38359","2017","12/31/2017","8:37:00 AM","01 - Clear","01 - Dry","10 - No control","01 - Non intersection","01 - Daylight","02 - Non-fatal injury","03 - Rear end"
"3087","CARLING AVE EB btwn PINECREST RD & RICHMOND RD","360124.58293","5024690.03147","-75.79382","45.35997","2017","6/25/2017","6:23:00 PM","01 - Clear","02 - Wet","10 - No control","01 - Non intersection","01 - Daylight","03 - P.D. only","04 - Sideswipe"
"3088","CARLING AVE EB btwn WESTGATE SC E & 73 E OF ARCHIBALD ST/WESTGATE SC W","364770.34483","5027622.33907","-75.73417","45.38597","2017","8/14/2017","3:26:00 PM","01 - Clear","01 - Dry","10 - No control","01 - Non intersection","01 - Daylight","02 - Non-fatal injury","02 - Angle"
"3089","CARLING AVE EB btwn WESTGATE SC E & 73 E OF ARCHIBALD ST/WESTGATE SC W","364793.87540","5027637.82231","-75.73387","45.38611","2017","10/25/2017","7:53:00 AM","01 - Clear","01 - Dry","10 - No control","04 - At/near private drive","01 - Daylight","03 - P.D. only","05 - Turning movement"
"3090","CARLING AVE EB btwn WESTGATE SC E & MERIVALE RD","364852.32161","5027673.66066","-75.73312","45.38643","2017","1/14/2017","5:57:00 PM","01 - Clear","01 - Dry","10 - No control","04 - At/near private drive","07 - Dark","02 - Non-fatal injury","05 - Turning movement"
"3091","CARLING AVE WB @ SAIGON CRT","364065.18011","5027195.72894","-75.74323","45.38220","2017","9/29/2017","11:34:00 AM","01 - Clear","01 - Dry","01 - Traffic signal","03 - At intersection","01 - Daylight","03 - P.D. only","04 - Sideswipe"
"3092","CARLING AVE WB btwn ANCASTER AVE & WOODROFFE AVE","361847.21023","5025792.96912","-75.77171","45.36976","2017","8/26/2017","1:36:00 PM","01 - Clear","01 - Dry","10 - No control","01 - Non intersection","01 - Daylight","03 - P.D. only","05 - Turning movement"
"3093","CARLING AVE WB btwn ANCASTER AVE & WOODROFFE AVE","361899.56194","5025827.18912","-75.77104","45.37006","2017","2/15/2017","6:49:00 PM","03 - Snow","04 - Slush","10 - No control","01 - Non intersection","07 - Dark","02 - Non-fatal injury","04 - Sideswipe"
"3094","CARLING AVE WB btwn BRITANNIA RD & RICHMOND RD","360219.25760","5024763.45210","-75.79261","45.36062","2017","3/18/2017","1:00:00 PM","01 - Clear","01 - Dry","10 - No control","01 - Non intersection","01 - Daylight","03 - P.D. only","04 - Sideswipe"
"3095","CARLING AVE WB btwn CARLING AVE WB RAMP/OTTAWA RIVER PKWY & OTTAWA RIV","360862.54396","5025174.80400","-75.78435","45.36427","2017","3/28/2017","3:00:00 PM","03 - Snow","02 - Wet","10 - No control","01 - Non intersection","01 - Daylight","03 - P.D. only","03 - Rear end"
"3096","CARLING AVE WB btwn CARLING AVE WB RAMP/OTTAWA RIVER PKWY & OTTAWA RIV","360867.19153","5025174.59460","-75.78429","45.36427","2017","3/28/2017","3:00:00 PM","03 - Snow","02 - Wet","10 - No control","01 - Non intersection","01 - Daylight","03 - P.D. only","04 - Sideswipe"
"3097","CARLING AVE WB btwn CHAMPAGNE AVE S & PRESTON ST","366714.85124","5028864.39605","-75.70919","45.39698","2017","9/12/2017","6:38:00 PM","01 - Clear","01 - Dry","10 - No control","01 - Non intersection","01 - Daylight","03 - P.D. only","04 - Sideswipe"
"3098","CARLING AVE WB btwn COLE AVE & CHURCHILL AVE N","363637.69576","5026926.99951","-75.74872","45.37981","2017","5/4/2017","4:47:00 PM","01 - Clear","01 - Dry","10 - No control","01 - Non intersection","01 - Daylight","03 - P.D. only","04 - Sideswipe"
"3099","CARLING AVE WB btwn CORKSTOWN RD & HOLLY ACRES RD","358097.25081","5023461.54058","-75.81983","45.34907","2017","3/24/2017","8:54:00 AM","03 - Snow","03 - Loose snow","10 - No control","01 - Non intersection","01 - Daylight","02 - Non-fatal injury","99 - Other"
"3100","CARLING AVE WB btwn CROYDON AVE & TAVISTOCK RD","360678.74412","5025056.32622","-75.78671","45.36322","2017","6/19/2017","6:33:00 PM","01 - Clear","01 - Dry","10 - No control","04 - At/near private drive","01 - Daylight","03 - P.D. only","05 - Turning movement"
"3101","CARLING AVE WB btwn CROYDON AVE & TAVISTOCK RD","360681.73871","5025058.97093","-75.78667","45.36325","2017","5/4/2017","10:53:00 AM","01 - Clear","01 - Dry","10 - No control","01 - Non intersection","01 - Daylight","03 - P.D. only","05 - Turning movement"
"3102","CARLING AVE WB btwn DOANE ST & RITCHIE ST","359503.50197","5024310.07354","-75.80179","45.35660","2017","10/12/2017","3:30:00 PM","01 - Clear","01 - Dry","10 - No control","01 - Non intersection","01 - Daylight","03 - P.D. only","04 - Sideswipe"
"3103","CARLING AVE WB btwn GREENVIEW AVE & BRITANNIA RD","360077.24426","5024680.01964","-75.79443","45.35989","2017","5/23/2017","4:46:00 PM","01 - Clear","01 - Dry","10 - No control","01 - Non intersection","01 - Daylight","03 - P.D. only","04 - Sideswipe"
"3104","CARLING AVE WB btwn HARE AVE & BROMLEY RD","362540.62365","5026235.49026","-75.76281","45.37368","2017","3/15/2017","8:37:00 AM","03 - Snow","05 - Packed snow","10 - No control","01 - Non intersection","01 - Daylight","03 - P.D. only","07 - SMV other"
"3105","CARLING AVE WB btwn HWY417 IC124 RAMP76 & KIRKWOOD AVE","364200.69458","5027437.19407","-75.74147","45.38436","2017","5/24/2017","6:54:00 PM","01 - Clear","01 - Dry","10 - No control","04 - At/near private drive","01 - Daylight","02 - Non-fatal injury","07 - SMV other"
"3106","CARLING AVE WB btwn HWY417 IC124 RAMP76 & KIRKWOOD AVE","364257.49932","5027484.53135","-75.74074","45.38478","2017","10/16/2017","12:38:00 AM","01 - Clear","02 - Wet","10 - No control","01 - Non intersection","07 - Dark","03 - P.D. only","04 - Sideswipe"
"3107","CARLING AVE WB btwn HWY417 IC124 RAMP76 & KIRKWOOD AVE","364232.37592","5027466.25454","-75.74106","45.38462","2017","1/8/2017","9:20:00 PM","01 - Clear","06 - Ice","10 - No control","01 - Non intersection","07 - Dark","03 - P.D. only","07 - SMV other"
"3108","CARLING AVE WB btwn KIRKWOOD AVE & HWY417 IC124 RAMP67","364321.59297","5027517.47742","-75.73991","45.38507","2017","10/25/2017","8:22:00 PM","01 - Clear","01 - Dry","10 - No control","01 - Non intersection","07 - Dark","03 - P.D. only","07 - SMV other"
"3109","CARLING AVE WB btwn KIRKWOOD AVE & HWY417 IC124 RAMP67","364304.12029","5027507.58102","-75.74014","45.38498","2017","3/22/2017","3:14:00 PM","01 - Clear","01 - Dry","10 - No control","01 - Non intersection","01 - Daylight","03 - P.D. only","04 - Sideswipe"
"3110","CARLING AVE WB btwn PARKDALE AVE & CIVIC HOSPITAL","365689.54033","5028213.25232","-75.72236","45.39121","2017","12/13/2017","6:08:00 PM","01 - Clear","02 - Wet","10 - No control","04 - At/near private drive","07 - Dark","03 - P.D. only","05 - Turning movement"
"3111","CARLING AVE WB btwn PARKDALE AVE & CIVIC HOSPITAL","365750.44449","5028252.91510","-75.72158","45.39156","2017","11/6/2017","11:21:00 PM","01 - Clear","01 - Dry","10 - No control","01 - Non intersection","07 - Dark","02 - Non-fatal injury","03 - Rear end"
"3112","CARLING AVE WB btwn POULIN AVE & ALPINE AVE","360485.64021","5024937.16773","-75.78919","45.36217","2017","7/2/2017","2:06:00 PM","02 - Rain","02 - Wet","10 - No control","01 - Non intersection","01 - Daylight","03 - P.D. only","03 - Rear end"
"3113","CARLING AVE WB btwn PRESTON ST & NORFOLK AVE","366843.42237","5028945.58684","-75.70753","45.39770","2017","1/19/2017","10:30:00 AM","01 - Clear","01 - Dry","10 - No control","01 - Non intersection","01 - Daylight","02 - Non-fatal injury","07 - SMV other"
"3114","CARLING AVE WB btwn RICHMOND RD & POULIN AVE","360323.63283","5024833.48152","-75.79127","45.36125","2017","5/31/2017","12:21:00 PM","01 - Clear","01 - Dry","10 - No control","01 - Non intersection","01 - Daylight","03 - P.D. only","03 - Rear end"
"3115","CARLING AVE WB btwn ROCHESTER ST & BOOTH ST","367087.01959","5029101.20873","-75.70440","45.39908","2017","11/29/2017","5:07:00 PM","01 - Clear","01 - Dry","10 - No control","01 - Non intersection","07 - Dark","03 - P.D. only","03 - Rear end"
"3116","CARLING AVE WB btwn SHERBOURNE RD & BROADVIEW AVE","362980.50083","5026512.63824","-75.75716","45.37614","2017","5/24/2017","12:41:00 PM","01 - Clear","01 - Dry","10 - No control","04 - At/near private drive","01 - Daylight","03 - P.D. only","02 - Angle"
"3117","CARLING AVE WB btwn SHERBOURNE RD & BROADVIEW AVE","362987.17951","5026517.28964","-75.75707","45.37618","2017","11/23/2017","4:38:00 PM","01 - Clear","01 - Dry","10 - No control","04 - At/near private drive","05 - Dusk","03 - P.D. only","02 - Angle"
"3118","CARLING AVE WB btwn SHERWOOD DR & LORETTA AVE S","366535.29685","5028749.59760","-75.71149","45.39596","2017","7/6/2017","12:29:00 PM","01 - Clear","01 - Dry","10 - No control","01 - Non intersection","01 - Daylight","03 - P.D. only","04 - Sideswipe"
"3119","CARLING AVE WB btwn TAVISTOCK RD & CONNAUGHT AVE","360741.95819","5025101.38038","-75.78590","45.36362","2017","5/11/2017","12:05:00 PM","01 - Clear","01 - Dry","10 - No control","01 - Non intersection","01 - Daylight","02 - Non-fatal injury","03 - Rear end"
"3120","CARLING AVE/STATION RD @ MARCH RD","350906.71668","5022246.21578","-75.91170","45.33865","2017","5/16/2017","7:55:00 AM","01 - Clear","01 - Dry","01 - Traffic signal","02 - Intersection related","01 - Daylight","03 - P.D. only","03 - Rear end"
"3121","CARLING AVE/STATION RD @ MARCH RD","350903.39623","5022249.20045","-75.91174","45.33868","2017","7/6/2017","6:42:00 PM","01 - Clear","01 - Dry","01 - Traffic signal","03 - At intersection","01 - Daylight","03 - P.D. only","02 - Angle"
"3122","CARLING AVE/STATION RD @ MARCH RD","350906.61715","5022247.37224","-75.91170","45.33866","2017","9/3/2017","11:25:00 AM","02 - Rain","02 - Wet","01 - Traffic signal","02 - Intersection related","01 - Daylight","03 - P.D. only","07 - SMV other"
"3123","CARLING AVE/STATION RD @ MARCH RD","350905.07007","5022245.61656","-75.91172","45.33864","2017","9/12/2017","9:02:00 AM","01 - Clear","01 - Dry","01 - Traffic signal","02 - Intersection related","01 - Daylight","02 - Non-fatal injury","03 - Rear end"
"3124","CARLING AVE/STATION RD @ MARCH RD","350909.81688","5022246.89360","-75.91166","45.33865","2017","11/7/2017","1:06:00 PM","01 - Clear","01 - Dry","01 - Traffic signal","03 - At intersection","01 - Daylight","03 - P.D. only","03 - Rear end"
"3125","CARLING AVE/STATION RD @ MARCH RD","350909.28904","5022246.50760","-75.91167","45.33865","2017","11/27/2017","6:10:00 PM","01 - Clear","06 - Ice","01 - Traffic signal","03 - At intersection","07 - Dark","03 - P.D. only","04 - Sideswipe"
"3126","CARLING AVE/STATION RD @ MARCH RD","350906.93275","5022246.89383","-75.91170","45.33865","2017","1/25/2017","5:25:00 PM","03 - Snow","02 - Wet","01 - Traffic signal","02 - Intersection related","05 - Dusk","03 - P.D. only","03 - Rear end"
"3127","CARLING AVE/STATION RD @ MARCH RD","350909.09493","5022247.96091","-75.91167","45.33866","2017","1/3/2017","7:02:00 AM","04 - Freezing Rain","04 - Slush","01 - Traffic signal","02 - Intersection related","03 - Dawn","03 - P.D. only","02 - Angle"
"3128","CARLING AVE/STATION RD @ MARCH RD","350909.28904","5022246.50760","-75.91167","45.33865","2017","3/17/2017","9:14:00 AM","01 - Clear","01 - Dry","01 - Traffic signal","02 - Intersection related","01 - Daylight","03 - P.D. only","03 - Rear end"
"3129","CARLING AVE/STATION RD @ MARCH RD","350906.87833","5022245.85523","-75.91170","45.33865","2017","4/21/2017","12:22:00 PM","01 - Clear","01 - Dry","01 - Traffic signal","02 - Intersection related","01 - Daylight","03 - P.D. only","03 - Rear end"
"3130","CARLING AVE/STATION RD @ MARCH RD","350908.25382","5022246.13867","-75.91168","45.33865","2017","12/28/2017","7:34:00 AM","01 - Clear","06 - Ice","01 - Traffic signal","03 - At intersection","03 - Dawn","03 - P.D. only","02 - Angle"
"3131","CARLSEN AVE btwn HERON RD & GREGG ST","369369.25814","5026747.15776","-75.67556","45.37769","2017","3/12/2017","12:00:00 AM","01 - Clear","01 - Dry","10 - No control","01 - Non intersection","00 - Unknown","03 - P.D. only","06 - SMV unattended vehicle"
"3132","CARMEN AVE btwn MCARTHUR AVE & STEVENS AVE","370921.42477","5032684.05564","-75.65495","45.43096","2017","5/10/2017","3:30:00 PM","01 - Clear","01 - Dry","10 - No control","01 - Non intersection","01 - Daylight","03 - P.D. only","06 - SMV unattended vehicle"
"3133","CARMEN AVE btwn MCARTHUR AVE & STEVENS AVE","370933.05494","5032616.07709","-75.65481","45.43035","2017","12/16/2017","12:00:00 AM","01 - Clear","05 - Packed snow","10 - No control","01 - Non intersection","00 - Unknown","03 - P.D. only","06 - SMV unattended vehicle"
"3134","CARNEGIE ST @ DAKOTA AVE","373654.74313","5028040.95094","-75.62067","45.38892","2017","1/25/2017","10:16:00 AM","01 - Clear","04 - Slush","02 - Stop sign","02 - Intersection related","01 - Daylight","03 - P.D. only","01 - Approaching"
"3135","CARNELIAN CRES btwn CAMBIE RD & CAMBIE RD","368929.43300","5015155.73800","-75.68268","45.27343","2017","11/23/2017","8:15:00 AM","01 - Clear","01 - Dry","10 - No control","01 - Non intersection","01 - Daylight","03 - P.D. only","06 - SMV unattended vehicle"
"3136","CARON ST @ CUMMINGS AVE","372530.92211","5032721.08246","-75.63438","45.43114","2017","7/21/2017","9:30:00 PM","01 - Clear","01 - Dry","02 - Stop sign","03 - At intersection","07 - Dark","02 - Non-fatal injury","03 - Rear end"
"3137","CARP RD @ ARBOURBROOK BLVD","344913.53943","5018634.44502","-75.98846","45.30652","2017","3/26/2017","4:30:00 PM","02 - Rain","02 - Wet","02 - Stop sign","03 - At intersection","01 - Daylight","03 - P.D. only","05 - Turning movement"
"3138","CARP RD @ DONALD B. MUNRO DR","341193.54374","5022821.52310","-76.03559","45.34440","2017","3/1/2017","11:50:00 AM","02 - Rain","02 - Wet","02 - Stop sign","03 - At intersection","01 - Daylight","02 - Non-fatal injury","02 - Angle"
"3139","CARP RD @ ECHOWOODS AVE/KITTIWAKE DR","348594.96937","5014562.99542","-75.94188","45.26966","2017","7/18/2017","3:44:00 PM","01 - Clear","01 - Dry","01 - Traffic signal","02 - Intersection related","01 - Daylight","03 - P.D. only","02 - Angle"
"3140","CARP RD @ GALETTA SIDE RD","328150.63835","5035348.41581","-76.20143","45.45767","2017","10/19/2017","10:25:00 AM","01 - Clear","01 - Dry","02 - Stop sign","03 - At intersection","01 - Daylight","03 - P.D. only","02 - Angle"
"3141","CARP RD @ HAZELDEAN RD","348805.57924","5014361.10510","-75.93921","45.26783","2017","5/19/2017","4:46:00 PM","01 - Clear","01 - Dry","01 - Traffic signal","03 - At intersection","01 - Daylight","03 - P.D. only","05 - Turning movement"
"3142","CARP RD @ HAZELDEAN RD","348806.24814","5014359.76730","-75.93920","45.26782","2017","5/27/2017","12:52:00 PM","01 - Clear","01 - Dry","01 - Traffic signal","02 - Intersection related","01 - Daylight","03 - P.D. only","03 - Rear end"
"3143","CARP RD @ HAZELDEAN RD","348806.24814","5014360.43620","-75.93920","45.26782","2017","5/5/2017","3:49:00 PM","02 - Rain","02 - Wet","01 - Traffic signal","02 - Intersection related","01 - Daylight","02 - Non-fatal injury","03 - Rear end"
"3144","CARP RD @ HAZELDEAN RD","348804.11666","5014360.66582","-75.93923","45.26783","2017","8/4/2017","1:00:00 PM","01 - Clear","01 - Dry","01 - Traffic signal","03 - At intersection","01 - Daylight","03 - P.D. only","02 - Angle"
"3145","CARP RD @ HAZELDEAN RD","348805.85795","5014359.79517","-75.93921","45.26782","2017","8/12/2017","10:23:00 AM","01 - Clear","01 - Dry","01 - Traffic signal","02 - Intersection related","01 - Daylight","03 - P.D. only","03 - Rear end"
"3146","CARP RD @ HAZELDEAN RD","348805.57924","5014360.43620","-75.93921","45.26782","2017","7/30/2017","2:17:00 PM","01 - Clear","01 - Dry","01 - Traffic signal","03 - At intersection","01 - Daylight","02 - Non-fatal injury","02 - Angle"
"3147","CARP RD @ HAZELDEAN RD","348804.91035","5014359.76730","-75.93922","45.26782","2017","6/30/2017","12:44:00 PM","02 - Rain","02 - Wet","01 - Traffic signal","03 - At intersection","01 - Daylight","03 - P.D. only","05 - Turning movement"
"3148","CARP RD @ HAZELDEAN RD","348805.04927","5014359.72614","-75.93922","45.26782","2017","8/30/2017","8:01:00 PM","01 - Clear","01 - Dry","01 - Traffic signal","02 - Intersection related","05 - Dusk","02 - Non-fatal injury","02 - Angle"
"3149","CARP RD @ HAZELDEAN RD","348804.91035","5014361.77399","-75.93922","45.26784","2017","9/25/2017","7:40:00 PM","01 - Clear","01 - Dry","01 - Traffic signal","03 - At intersection","07 - Dark","02 - Non-fatal injury","05 - Turning movement"
"3150","CARP RD @ HAZELDEAN RD","348804.91035","5014360.43620","-75.93922","45.26782","2017","9/6/2017","5:10:00 PM","01 - Clear","01 - Dry","01 - Traffic signal","03 - At intersection","01 - Daylight","03 - P.D. only","03 - Rear end"
"3151","CARP RD @ HAZELDEAN RD","348804.24145","5014359.76730","-75.93923","45.26782","2017","9/10/2017","2:00:00 PM","01 - Clear","01 - Dry","01 - Traffic signal","02 - Intersection related","01 - Daylight","03 - P.D. only","03 - Rear end"
"3152","CARP RD @ HAZELDEAN RD","348803.28140","5014359.78895","-75.93924","45.26782","2017","10/6/2017","12:27:00 PM","01 - Clear","01 - Dry","01 - Traffic signal","03 - At intersection","01 - Daylight","02 - Non-fatal injury","05 - Turning movement"
"3153","CARP RD @ HAZELDEAN RD","348804.91035","5014359.09841","-75.93922","45.26781","2017","9/14/2017","3:41:00 PM","01 - Clear","01 - Dry","01 - Traffic signal","03 - At intersection","01 - Daylight","03 - P.D. only","05 - Turning movement"
"3154","CARP RD @ HAZELDEAN RD","348805.57924","5014360.43620","-75.93921","45.26782","2017","11/26/2017","7:34:00 PM","03 - Snow","06 - Ice","01 - Traffic signal","02 - Intersection related","07 - Dark","03 - P.D. only","07 - SMV other"
"3155","CARP RD @ HAZELDEAN RD","348802.00079","5014362.15294","-75.93926","45.26784","2017","1/2/2017","10:53:00 AM","01 - Clear","01 - Dry","01 - Traffic signal","02 - Intersection related","01 - Daylight","03 - P.D. only","03 - Rear end"
"3156","CARP RD @ HAZELDEAN RD","348804.03316","5014359.62209","-75.93923","45.26782","2017","1/25/2017","7:16:00 PM","01 - Clear","02 - Wet","01 - Traffic signal","03 - At intersection","07 - Dark","03 - P.D. only","05 - Turning movement"
"3157","CARP RD @ HAZELDEAN RD","348804.03316","5014359.62209","-75.93923","45.26782","2017","1/28/2017","9:44:00 AM","03 - Snow","02 - Wet","01 - Traffic signal","02 - Intersection related","01 - Daylight","03 - P.D. only","07 - SMV other"
"3158","CARP RD @ HAZELDEAN RD","348804.57590","5014360.81143","-75.93922","45.26783","2017","1/4/2017","8:00:00 PM","04 - Freezing Rain","06 - Ice","01 - Traffic signal","03 - At intersection","07 - Dark","03 - P.D. only","02 - Angle"
"3159","CARP RD @ HAZELDEAN RD","348803.57256","5014359.76730","-75.93924","45.26782","2017","4/15/2017","2:21:00 PM","02 - Rain","02 - Wet","01 - Traffic signal","02 - Intersection related","01 - Daylight","03 - P.D. only","03 - Rear end"
"3160","CARP RD @ HAZELDEAN RD","348805.57924","5014360.43620","-75.93921","45.26782","2017","3/24/2017","8:18:00 AM","03 - Snow","03 - Loose snow","01 - Traffic signal","03 - At intersection","01 - Daylight","03 - P.D. only","05 - Turning movement"
"3161","CARP RD @ HAZELDEAN RD","348804.91035","5014361.10510","-75.93922","45.26783","2017","3/6/2017","12:08:00 PM","01 - Clear","01 - Dry","01 - Traffic signal","02 - Intersection related","01 - Daylight","03 - P.D. only","03 - Rear end"
"3162","CARP RD @ HAZELDEAN RD","348804.57590","5014360.19951","-75.93922","45.26782","2017","12/17/2017","1:39:00 PM","01 - Clear","02 - Wet","01 - Traffic signal","02 - Intersection related","01 - Daylight","03 - P.D. only","03 - Rear end"
"3163","CARP RD @ HAZELDEAN RD","348804.24145","5014360.43620","-75.93923","45.26782","2017","12/16/2017","9:13:00 AM","01 - Clear","06 - Ice","01 - Traffic signal","03 - At intersection","01 - Daylight","02 - Non-fatal injury","02 - Angle"
"3164","CARP RD @ HWY 417 CARP IC144R51","347517.70637","5015684.84889","-75.95551","45.27982","2017","11/3/2017","4:16:00 PM","01 - Clear","01 - Dry","02 - Stop sign","03 - At intersection","01 - Daylight","03 - P.D. only","02 - Angle"
"3165","CARP RD @ HWY 417 CARP IC144R51","347518.31637","5015683.95326","-75.95550","45.27981","2017","2/14/2017","2:48:00 PM","01 - Clear","02 - Wet","02 - Stop sign","03 - At intersection","01 - Daylight","03 - P.D. only","04 - Sideswipe"
"3166","CARP RD @ JUANITA AVE","340737.86385","5023332.69911","-76.04137","45.34902","2017","7/16/2017","1:20:00 AM","01 - Clear","01 - Dry","02 - Stop sign","03 - At intersection","07 - Dark","03 - P.D. only","02 - Angle"
"3167","CARP RD @ LLOYDALEX CRES","347914.98402","5015244.00907","-75.95048","45.27583","2017","10/3/2017","7:55:00 AM","01 - Clear","01 - Dry","02 - Stop sign","02 - Intersection related","01 - Daylight","03 - P.D. only","03 - Rear end"
"3168","CARP RD @ LLOYDALEX CRES","347917.23365","5015244.44160","-75.95045","45.27583","2017","4/20/2017","2:54:00 PM","01 - Clear","01 - Dry","02 - Stop sign","03 - At intersection","01 - Daylight","03 - P.D. only","05 - Turning movement"
"3169","CARP RD @ MARCH RD","342166.22754","5021733.17690","-76.02326","45.33455","2017","4/30/2017","3:52:00 PM","02 - Rain","02 - Wet","01 - Traffic signal","03 - At intersection","01 - Daylight","02 - Non-fatal injury","02 - Angle"
"3170","CARP RD @ MARCH RD","342164.07740","5021732.74695","-76.02329","45.33455","2017","9/13/2017","8:54:00 AM","01 - Clear","01 - Dry","01 - Traffic signal","03 - At intersection","01 - Daylight","02 - Non-fatal injury","02 - Angle"
"3171","CARP RD @ MARCH RD","342161.40054","5021728.80236","-76.02332","45.33451","2017","10/13/2017","4:11:00 PM","01 - Clear","01 - Dry","01 - Traffic signal","03 - At intersection","01 - Daylight","03 - P.D. only","05 - Turning movement"
"3172","CARP RD @ MARCH RD","342164.55530","5021732.88323","-76.02328","45.33455","2017","2/14/2017","7:30:00 PM","03 - Snow","03 - Loose snow","01 - Traffic signal","02 - Intersection related","07 - Dark","03 - P.D. only","07 - SMV other"
"3173","CARP RD @ MCGEE SIDE RD","344196.88795","5019442.15570","-75.99754","45.31383","2017","2/26/2017","12:50:00 PM","01 - Clear","01 - Dry","02 - Stop sign","02 - Intersection related","01 - Daylight","03 - P.D. only","03 - Rear end"
"3174","CARP RD @ RICHARDSON SIDE RD","346209.89015","5017159.78770","-75.97205","45.29317","2017","11/17/2017","1:45:00 PM","01 - Clear","01 - Dry","01 - Traffic signal","03 - At intersection","01 - Daylight","03 - P.D. only","02 - Angle"
"3175","CARP RD @ RICHARDSON SIDE RD","346209.22125","5017160.45660","-75.97206","45.29318","2017","3/19/2017","1:18:00 AM","01 - Clear","01 - Dry","01 - Traffic signal","02 - Intersection related","07 - Dark","03 - P.D. only","07 - SMV other"
"3176","CARP RD @ RIVINGTON ST","341348.88196","5022642.87590","-76.03362","45.34278","2017","3/15/2017","4:10:00 PM","03 - Snow","03 - Loose snow","02 - Stop sign","03 - At intersection","01 - Daylight","03 - P.D. only","02 - Angle"
"3177","CARP RD @ ROTHBOURNE RD","348253.90572","5014875.25918","-75.94620","45.27249","2017","12/15/2017","5:05:00 PM","03 - Snow","05 - Packed snow","02 - Stop sign","02 - Intersection related","07 - Dark","03 - P.D. only","02 - Angle"
"3178","CARP RD @ STITTSVILLE MAIN ST","349523.78276","5014331.54109","-75.93006","45.26752","2017","4/28/2017","6:45:00 PM","01 - Clear","01 - Dry","01 - Traffic signal","02 - Intersection related","01 - Daylight","03 - P.D. only","03 - Rear end"
"3179","CARP RD @ STITTSVILLE MAIN ST","349525.38760","5014331.10556","-75.93004","45.26752","2017","7/23/2017","9:51:00 AM","01 - Clear","01 - Dry","01 - Traffic signal","02 - Intersection related","01 - Daylight","03 - P.D. only","03 - Rear end"
"3180","CARP RD @ STITTSVILLE MAIN ST","349525.12055","5014328.86551","-75.93004","45.26750","2017","7/7/2017","11:37:00 AM","01 - Clear","01 - Dry","01 - Traffic signal","03 - At intersection","01 - Daylight","03 - P.D. only","05 - Turning movement"
"3181","CARP RD @ STITTSVILLE MAIN ST","349524.45165","5014330.87220","-75.93005","45.26751","2017","6/30/2017","6:49:00 PM","01 - Clear","01 - Dry","01 - Traffic signal","02 - Intersection related","01 - Daylight","03 - P.D. only","03 - Rear end"
"3182","CARP RD @ STITTSVILLE MAIN ST","349523.78276","5014330.20330","-75.93006","45.26751","2017","10/17/2017","1:00:00 PM","01 - Clear","01 - Dry","01 - Traffic signal","02 - Intersection related","01 - Daylight","03 - P.D. only","03 - Rear end"
"3183","CARP RD @ STITTSVILLE MAIN ST","349524.23965","5014330.74975","-75.93006","45.26751","2017","9/11/2017","7:17:00 PM","01 - Clear","01 - Dry","01 - Traffic signal","03 - At intersection","05 - Dusk","03 - P.D. only","05 - Turning movement"