"Record","Location","X","Y","Longitude","Latitude","Year","Date","Time","Environment","Road_Surface","Traffic_Control","Collision_Location","Light","Collision_Classification","Impact_type"
"3184","CARP RD @ STITTSVILLE MAIN ST","349524.30820","5014330.92015","-75.93005","45.26751","2017","9/14/2017","7:30:00 PM","01 - Clear","01 - Dry","01 - Traffic signal","02 - Intersection related","05 - Dusk","03 - P.D. only","03 - Rear end"
"3185","CARP RD @ STITTSVILLE MAIN ST","349525.73285","5014330.91336","-75.93004","45.26751","2017","12/12/2017","8:33:00 AM","03 - Snow","03 - Loose snow","01 - Traffic signal","03 - At intersection","01 - Daylight","03 - P.D. only","05 - Turning movement"
"3186","CARP RD @ STITTSVILLE MAIN ST","349525.78944","5014332.20999","-75.93004","45.26753","2017","11/18/2017","3:52:00 PM","02 - Rain","02 - Wet","01 - Traffic signal","02 - Intersection related","05 - Dusk","03 - P.D. only","03 - Rear end"
"3187","CARP RD @ STITTSVILLE MAIN ST","349523.78276","5014331.54109","-75.93006","45.26752","2017","11/16/2017","6:55:00 AM","02 - Rain","02 - Wet","01 - Traffic signal","03 - At intersection","03 - Dawn","02 - Non-fatal injury","07 - SMV other"
"3188","CARP RD @ STITTSVILLE MAIN ST","349525.12055","5014331.54109","-75.93004","45.26752","2017","3/8/2017","5:58:00 PM","01 - Clear","01 - Dry","01 - Traffic signal","02 - Intersection related","01 - Daylight","03 - P.D. only","03 - Rear end"
"3189","CARP RD @ STITTSVILLE MAIN ST","349525.12055","5014329.53440","-75.93004","45.26750","2017","2/27/2017","1:50:00 PM","01 - Clear","01 - Dry","01 - Traffic signal","03 - At intersection","01 - Daylight","03 - P.D. only","05 - Turning movement"
"3190","CARP RD @ STITTSVILLE MAIN ST","349525.12055","5014330.87220","-75.93004","45.26751","2017","4/7/2017","3:46:00 PM","01 - Clear","01 - Dry","01 - Traffic signal","02 - Intersection related","01 - Daylight","03 - P.D. only","03 - Rear end"
"3191","CARP RD @ STITTSVILLE MAIN ST","349524.58971","5014330.71077","-75.93005","45.26751","2017","12/21/2017","6:30:00 PM","01 - Clear","01 - Dry","01 - Traffic signal","03 - At intersection","07 - Dark","03 - P.D. only","03 - Rear end"
"3192","CARP RD @ THOMAS A. DOLAN PKWY","336459.87255","5025992.32710","-76.09579","45.37316","2017","12/4/2017","8:10:00 AM","01 - Clear","02 - Wet","02 - Stop sign","03 - At intersection","01 - Daylight","02 - Non-fatal injury","02 - Angle"
"3193","CARP RD @ THOMAS A. DOLAN PKWY","336458.99536","5025991.51299","-76.09580","45.37315","2017","1/27/2017","10:10:00 AM","01 - Clear","01 - Dry","02 - Stop sign","03 - At intersection","01 - Daylight","03 - P.D. only","02 - Angle"
"3194","CARP RD @ WESTBROOK RD","347738.56844","5015443.77849","-75.95271","45.27764","2017","5/8/2017","3:33:00 PM","01 - Clear","01 - Dry","01 - Traffic signal","02 - Intersection related","01 - Daylight","03 - P.D. only","03 - Rear end"
"3195","CARP RD @ WESTBROOK RD","347736.59590","5015442.44410","-75.95274","45.27763","2017","8/18/2017","6:27:00 PM","01 - Clear","01 - Dry","01 - Traffic signal","02 - Intersection related","01 - Daylight","03 - P.D. only","03 - Rear end"
"3196","CARP RD @ WESTBROOK RD","347738.56844","5015443.10960","-75.95271","45.27763","2017","7/5/2017","8:04:00 PM","01 - Clear","01 - Dry","01 - Traffic signal","02 - Intersection related","01 - Daylight","02 - Non-fatal injury","03 - Rear end"
"3197","CARP RD @ WESTBROOK RD","347736.86750","5015442.44410","-75.95274","45.27763","2017","11/23/2017","10:52:00 AM","01 - Clear","01 - Dry","01 - Traffic signal","02 - Intersection related","01 - Daylight","03 - P.D. only","03 - Rear end"
"3198","CARP RD @ WESTBROOK RD","347738.07460","5015441.42170","-75.95272","45.27762","2017","11/28/2017","7:45:00 AM","01 - Clear","01 - Dry","01 - Traffic signal","03 - At intersection","01 - Daylight","03 - P.D. only","05 - Turning movement"
"3199","CARP RD @ WESTBROOK RD","347737.23065","5015443.10960","-75.95273","45.27763","2017","3/1/2017","11:19:00 AM","01 - Clear","01 - Dry","01 - Traffic signal","02 - Intersection related","01 - Daylight","03 - P.D. only","03 - Rear end"
"3200","CARP RD @ WESTBROOK RD","347738.31557","5015442.06547","-75.95272","45.27762","2017","2/16/2017","4:20:00 PM","01 - Clear","03 - Loose snow","01 - Traffic signal","02 - Intersection related","01 - Daylight","03 - P.D. only","03 - Rear end"
"3201","CARP RD btwn ARBOURBROOK BLVD & REIS RD","345262.36288","5018238.26537","-75.98405","45.30293","2017","7/25/2017","6:25:00 AM","01 - Clear","01 - Dry","10 - No control","01 - Non intersection","01 - Daylight","03 - P.D. only","99 - Other"
"3202","CARP RD btwn BAIRD SIDE RD & THOMAS A. DOLAN PKWY","335176.83553","5027277.56967","-76.11209","45.38478","2017","12/8/2017","7:38:00 PM","03 - Snow","06 - Ice","10 - No control","01 - Non intersection","07 - Dark","02 - Non-fatal injury","07 - SMV other"
"3203","CARP RD btwn BAIRD SIDE RD & THOMAS A. DOLAN PKWY","336304.13995","5026021.87822","-76.09778","45.37343","2017","11/29/2017","8:22:00 PM","01 - Clear","01 - Dry","10 - No control","01 - Non intersection","07 - Dark","03 - P.D. only","07 - SMV other"
"3204","CARP RD btwn CARP RD & KITTIWAKE DR","348540.06295","5014615.77126","-75.94257","45.27014","2017","10/4/2017","10:00:00 AM","01 - Clear","01 - Dry","10 - No control","04 - At/near private drive","01 - Daylight","03 - P.D. only","03 - Rear end"
"3205","CARP RD btwn CHARLIE'S LANE & JUANITA AVE","340653.27999","5023431.88137","-76.04244","45.34992","2017","7/24/2017","12:00:00 AM","02 - Rain","02 - Wet","10 - No control","01 - Non intersection","00 - Unknown","03 - P.D. only","06 - SMV unattended vehicle"
"3206","CARP RD btwn GALETTA SIDE RD & STYLES SIDE RD","330039.28586","5033176.61582","-76.17739","45.43807","2017","9/9/2017","5:43:00 AM","01 - Clear","01 - Dry","10 - No control","01 - Non intersection","07 - Dark","03 - P.D. only","07 - SMV other"
"3207","CARP RD btwn GALETTA SIDE RD & STYLES SIDE RD","328218.14028","5035270.39163","-76.20057","45.45697","2017","4/7/2017","1:12:00 PM","01 - Clear","01 - Dry","10 - No control","01 - Non intersection","01 - Daylight","03 - P.D. only","07 - SMV other"
"3208","CARP RD btwn HWY417 IC144 RAMP16 & HWY417 IC144 RAMP35","347398.62976","5015816.45750","-75.95701","45.28101","2017","6/28/2017","6:36:00 PM","02 - Rain","02 - Wet","10 - No control","01 - Non intersection","01 - Daylight","03 - P.D. only","03 - Rear end"
"3209","CARP RD btwn HWY417 IC144 RAMP25 & WESTBROOK RD","347595.95417","5015601.07288","-75.95452","45.27906","2017","7/12/2017","5:45:00 PM","01 - Clear","01 - Dry","10 - No control","04 - At/near private drive","01 - Daylight","03 - P.D. only","02 - Angle"
"3210","CARP RD btwn HWY417 IC144 RAMP25 & WESTBROOK RD","347591.29449","5015604.92907","-75.95458","45.27910","2017","11/2/2017","6:30:00 PM","02 - Rain","02 - Wet","10 - No control","01 - Non intersection","07 - Dark","03 - P.D. only","03 - Rear end"
"3211","CARP RD btwn HWY417 IC144 RAMP51 & HWY417 IC144 RAMP25","347546.69969","5015654.62292","-75.95514","45.27955","2017","7/8/2017","12:36:00 PM","01 - Clear","01 - Dry","10 - No control","01 - Non intersection","01 - Daylight","03 - P.D. only","03 - Rear end"
"3212","CARP RD btwn JUANITA AVE & FALLDOWN LANE","340948.34158","5023096.08163","-76.03870","45.34688","2017","5/18/2017","11:40:00 AM","01 - Clear","01 - Dry","10 - No control","04 - At/near private drive","01 - Daylight","03 - P.D. only","02 - Angle"
"3213","CARP RD btwn KINBURN SIDE RD & BAIRD SIDE RD","332367.78043","5030628.55036","-76.14778","45.41505","2017","11/1/2017","7:18:00 PM","02 - Rain","02 - Wet","10 - No control","01 - Non intersection","07 - Dark","03 - P.D. only","07 - SMV other"
"3214","CARP RD btwn KITTIWAKE DR & HAZELDEAN RD","348702.87719","5014459.73373","-75.94051","45.26872","2017","4/12/2017","5:00:00 PM","01 - Clear","01 - Dry","10 - No control","04 - At/near private drive","01 - Daylight","02 - Non-fatal injury","05 - Turning movement"
"3215","CARP RD btwn KITTIWAKE DR & HAZELDEAN RD","348632.40277","5014526.58711","-75.94140","45.26933","2017","3/1/2017","5:14:00 PM","02 - Rain","02 - Wet","10 - No control","04 - At/near private drive","01 - Daylight","03 - P.D. only","02 - Angle"
"3216","CARP RD btwn LLOYDALEX CRES & ROTHBOURNE RD","348066.13556","5015084.00547","-75.94857","45.27438","2017","5/17/2017","3:10:00 AM","01 - Clear","01 - Dry","10 - No control","01 - Non intersection","07 - Dark","02 - Non-fatal injury","07 - SMV other"
"3217","CARP RD btwn LLOYDALEX CRES & ROTHBOURNE RD","348069.83794","5015072.89833","-75.94852","45.27428","2017","5/27/2017","6:59:00 AM","01 - Clear","01 - Dry","10 - No control","01 - Non intersection","01 - Daylight","03 - P.D. only","03 - Rear end"
"3218","CARP RD btwn LLOYDALEX CRES & ROTHBOURNE RD","348181.17551","5014955.50395","-75.94712","45.27322","2017","9/20/2017","3:30:00 PM","01 - Clear","01 - Dry","10 - No control","01 - Non intersection","01 - Daylight","03 - P.D. only","03 - Rear end"
"3219","CARP RD btwn MARCH RD & JOHN CAVANAUGH DR","342303.35129","5021583.34412","-76.02152","45.33320","2017","5/2/2017","6:30:00 AM","02 - Rain","02 - Wet","10 - No control","01 - Non intersection","01 - Daylight","03 - P.D. only","07 - SMV other"
"3220","CARP RD btwn MARCH RD & JOHN CAVANAUGH DR","342712.19630","5021129.26912","-76.01634","45.32909","2017","12/4/2017","4:28:00 PM","01 - Clear","01 - Dry","10 - No control","01 - Non intersection","05 - Dusk","03 - P.D. only","03 - Rear end"
"3221","CARP RD btwn MARCH RD & JOHN CAVANAUGH DR","343672.65661","5020006.15242","-76.00418","45.31893","2017","11/28/2017","7:31:00 AM","01 - Clear","01 - Dry","10 - No control","01 - Non intersection","01 - Daylight","03 - P.D. only","07 - SMV other"
"3222","CARP RD btwn MARCH RD & JOHN CAVANAUGH DR","342198.20523","5021697.77259","-76.02286","45.33423","2017","1/24/2017","11:53:00 AM","03 - Snow","03 - Loose snow","10 - No control","01 - Non intersection","01 - Daylight","03 - P.D. only","07 - SMV other"
"3223","CARP RD btwn MCGEE SIDE RD & ARBOURBROOK BLVD","344258.42641","5019373.25938","-75.99676","45.31320","2017","6/8/2017","7:50:00 AM","01 - Clear","01 - Dry","10 - No control","01 - Non intersection","01 - Daylight","03 - P.D. only","07 - SMV other"
"3224","CARP RD btwn REIS RD & CAVANMORE RD","345378.96865","5018108.60672","-75.98257","45.30176","2017","8/4/2017","10:00:00 PM","02 - Rain","02 - Wet","10 - No control","01 - Non intersection","07 - Dark","03 - P.D. only","07 - SMV other"
"3225","CARP RD btwn RICHARDSON SIDE RD & HWY417 IC144 RAMP62","347105.54952","5016140.85044","-75.96072","45.28395","2017","9/11/2017","11:17:00 AM","01 - Clear","01 - Dry","10 - No control","04 - At/near private drive","01 - Daylight","03 - P.D. only","03 - Rear end"
"3226","CARP RD btwn RICHARDSON SIDE RD & HWY417 IC144 RAMP62","347097.85732","5016153.02325","-75.96082","45.28406","2017","10/30/2017","11:33:00 AM","02 - Rain","02 - Wet","10 - No control","04 - At/near private drive","01 - Daylight","03 - P.D. only","07 - SMV other"
"3227","CARP RD btwn RICHARDSON SIDE RD & HWY417 IC144 RAMP62","346474.42577","5016854.03874","-75.96871","45.29041","2017","11/29/2017","6:30:00 AM","02 - Rain","02 - Wet","10 - No control","01 - Non intersection","03 - Dawn","03 - P.D. only","07 - SMV other"
"3228","CARP RD btwn RICHARDSON SIDE RD & HWY417 IC144 RAMP62","346608.24369","5016709.88959","-75.96701","45.28910","2017","12/14/2017","10:01:00 AM","01 - Clear","01 - Dry","10 - No control","01 - Non intersection","01 - Daylight","03 - P.D. only","03 - Rear end"
"3229","CARP RD btwn RICHARDSON SIDE RD & HWY417 IC144 RAMP62","346939.37521","5016326.44740","-75.96282","45.28563","2017","1/22/2017","1:45:00 PM","01 - Clear","02 - Wet","10 - No control","01 - Non intersection","01 - Daylight","03 - P.D. only","03 - Rear end"
"3230","CARP RD btwn RICHARDSON SIDE RD & HWY417 IC144 RAMP62","346260.05737","5017104.93821","-75.97142","45.29268","2017","4/18/2017","7:45:00 AM","01 - Clear","01 - Dry","10 - No control","01 - Non intersection","01 - Daylight","03 - P.D. only","03 - Rear end"
"3231","CARP RD btwn RIVINGTON ST & MARCH RD","341617.50912","5022338.64107","-76.03022","45.34003","2017","5/13/2017","1:10:00 PM","01 - Clear","01 - Dry","10 - No control","01 - Non intersection","01 - Daylight","02 - Non-fatal injury","03 - Rear end"
"3232","CARP RD btwn RIVINGTON ST & MARCH RD","342052.79694","5021852.68060","-76.02470","45.33563","2017","8/24/2017","1:46:00 AM","01 - Clear","01 - Dry","10 - No control","01 - Non intersection","07 - Dark","03 - P.D. only","04 - Sideswipe"
"3233","CARP RD btwn THOMAS A. DOLAN PKWY & NORMA LANE","338964.64060","5024349.33232","-76.06393","45.35826","2017","8/22/2017","5:46:00 PM","01 - Clear","02 - Wet","10 - No control","01 - Non intersection","01 - Daylight","02 - Non-fatal injury","01 - Approaching"
"3234","CARP RD btwn THOMAS A. DOLAN PKWY & NORMA LANE","336633.11670","5025962.22677","-76.09358","45.37288","2017","10/24/2017","9:37:00 AM","01 - Clear","01 - Dry","10 - No control","01 - Non intersection","01 - Daylight","03 - P.D. only","07 - SMV other"
"3235","CARP RD btwn THOMAS A. DOLAN PKWY & NORMA LANE","337679.16339","5025109.12255","-76.08028","45.36515","2017","11/9/2017","2:17:00 AM","01 - Clear","01 - Dry","10 - No control","01 - Non intersection","07 - Dark","02 - Non-fatal injury","07 - SMV other"
"3236","CARP RD btwn THOMAS A. DOLAN PKWY & NORMA LANE","339739.59485","5024277.12022","-76.05404","45.35757","2017","12/17/2017","1:34:00 PM","01 - Clear","05 - Packed snow","10 - No control","01 - Non intersection","01 - Daylight","03 - P.D. only","07 - SMV other"
"3237","CARP RD btwn WESTBROOK RD & LLOYDALEX CRES","347901.53473","5015262.28120","-75.95065","45.27600","2017","11/29/2017","12:51:00 PM","01 - Clear","01 - Dry","10 - No control","04 - At/near private drive","01 - Daylight","03 - P.D. only","03 - Rear end"
"3238","CARP RD btwn WESTBROOK RD & LLOYDALEX CRES","347771.87491","5015408.46754","-75.95229","45.27732","2017","1/5/2017","12:45:00 PM","01 - Clear","02 - Wet","10 - No control","01 - Non intersection","01 - Daylight","03 - P.D. only","03 - Rear end"
"3239","CARP RD/HWY 417 CARP IC144R63 @ HWY 417 CARP I","347298.96420","5015926.15650","-75.95828","45.28201","2017","6/20/2017","7:10:00 AM","02 - Rain","02 - Wet","01 - Traffic signal","02 - Intersection related","01 - Daylight","03 - P.D. only","03 - Rear end"
"3240","CARP RD/HWY 417 CARP IC144R63 @ HWY 417 CARP I","347301.07844","5015927.03126","-75.95825","45.28201","2017","12/12/2017","5:05:00 PM","03 - Snow","03 - Loose snow","01 - Traffic signal","02 - Intersection related","07 - Dark","03 - P.D. only","03 - Rear end"
"3241","CARP RD/HWY 417 CARP IC144R63 @ HWY 417 CARP I","347300.57740","5015925.90095","-75.95825","45.28200","2017","1/26/2017","5:23:00 PM","01 - Clear","06 - Ice","01 - Traffic signal","02 - Intersection related","05 - Dusk","03 - P.D. only","03 - Rear end"
"3242","CARP RD/HWY 417 CARP IC144R63 @ HWY 417 CARP I","347299.82693","5015926.82263","-75.95826","45.28201","2017","4/3/2017","5:41:00 PM","01 - Clear","01 - Dry","01 - Traffic signal","02 - Intersection related","01 - Daylight","03 - P.D. only","03 - Rear end"
"3243","CARP RD/HWY 417 CARP IC144R63 @ HWY 417 CARP I","347301.00969","5015925.56924","-75.95825","45.28200","2017","12/23/2017","2:10:00 PM","03 - Snow","03 - Loose snow","01 - Traffic signal","02 - Intersection related","01 - Daylight","03 - P.D. only","03 - Rear end"
"3244","CARRIERE ST @ ORLEANS BLVD","380794.96056","5036609.26989","-75.52818","45.46528","2017","7/17/2017","11:22:00 AM","01 - Clear","01 - Dry","01 - Traffic signal","02 - Intersection related","01 - Daylight","03 - P.D. only","03 - Rear end"
"3245","CARRIERE ST @ ORLEANS BLVD","380793.20016","5036609.30293","-75.52820","45.46528","2017","10/16/2017","4:14:00 PM","01 - Clear","01 - Dry","01 - Traffic signal","03 - At intersection","01 - Daylight","03 - P.D. only","03 - Rear end"
"3246","CARRUTHERS AVE @ SCOTT ST","365154.71112","5029847.59847","-75.72899","45.40596","2017","9/22/2017","1:51:00 PM","01 - Clear","01 - Dry","01 - Traffic signal","02 - Intersection related","01 - Daylight","03 - P.D. only","03 - Rear end"
"3247","CARRUTHERS AVE @ SCOTT ST","365152.95655","5029848.78190","-75.72901","45.40597","2017","11/17/2017","5:45:00 PM","01 - Clear","01 - Dry","01 - Traffic signal","03 - At intersection","07 - Dark","03 - P.D. only","05 - Turning movement"
"3248","CARRUTHERS AVE @ SCOTT ST","365152.78150","5029849.80090","-75.72902","45.40598","2017","2/3/2017","6:42:00 PM","01 - Clear","01 - Dry","01 - Traffic signal","02 - Intersection related","07 - Dark","03 - P.D. only","04 - Sideswipe"
"3249","CARRUTHERS AVE btwn BURNSIDE AVE & LYNDALE AVE","365073.69615","5030046.79698","-75.73000","45.40776","2017","4/20/2017","12:00:00 AM","01 - Clear","01 - Dry","10 - No control","01 - Non intersection","00 - Unknown","03 - P.D. only","06 - SMV unattended vehicle"
"3250","CARRUTHERS AVE btwn STONEHURST AVE & SCOTT ST","365140.32153","5029879.96943","-75.72917","45.40626","2017","10/18/2017","12:00:00 AM","01 - Clear","01 - Dry","10 - No control","01 - Non intersection","00 - Unknown","03 - P.D. only","06 - SMV unattended vehicle"
"3251","CARSON'S RD @ DEN HAAG DR","373029.49990","5033806.62828","-75.62786","45.44086","2017","9/21/2017","2:09:00 AM","01 - Clear","01 - Dry","02 - Stop sign","02 - Intersection related","07 - Dark","03 - P.D. only","07 - SMV other"
"3252","CARSON'S RD btwn CHARLESWOOD AVE & DEN HAAG DR","372981.97139","5033904.88275","-75.62845","45.44175","2017","9/19/2017","4:00:00 AM","01 - Clear","01 - Dry","10 - No control","01 - Non intersection","07 - Dark","03 - P.D. only","07 - SMV other"
"3253","CARSON'S RD btwn CHARLESWOOD AVE & DEN HAAG DR","372985.80539","5033897.08397","-75.62840","45.44168","2017","3/26/2017","11:30:00 AM","01 - Clear","01 - Dry","10 - No control","01 - Non intersection","01 - Daylight","03 - P.D. only","06 - SMV unattended vehicle"
"3254","CARTIER ST @ FRANK ST","368508.45769","5030979.94593","-75.68601","45.41585","2017","2/11/2017","1:43:00 AM","03 - Snow","05 - Packed snow","02 - Stop sign","03 - At intersection","07 - Dark","02 - Non-fatal injury","07 - SMV other"
"3255","CARTIER ST @ GLADSTONE AVE","368536.70780","5030936.81329","-75.68565","45.41546","2017","12/20/2017","12:28:00 PM","01 - Clear","03 - Loose snow","02 - Stop sign","02 - Intersection related","01 - Daylight","03 - P.D. only","03 - Rear end"
"3256","CARTIER ST @ MACLAREN ST","368362.40077","5031217.73911","-75.68784","45.41801","2017","2/12/2017","1:32:00 PM","03 - Snow","03 - Loose snow","02 - Stop sign","03 - At intersection","01 - Daylight","03 - P.D. only","02 - Angle"
"3257","CARTIER ST btwn COOPER ST & SOMERSET ST W","368293.39523","5031328.20427","-75.68871","45.41901","2017","5/24/2017","12:00:00 AM","01 - Clear","01 - Dry","10 - No control","01 - Non intersection","00 - Unknown","03 - P.D. only","06 - SMV unattended vehicle"
"3258","CARTIER ST btwn MACLAREN ST & GILMOUR ST","368364.55174","5031212.60329","-75.68781","45.41796","2017","9/23/2017","9:35:00 AM","01 - Clear","01 - Dry","10 - No control","04 - At/near private drive","01 - Daylight","03 - P.D. only","02 - Angle"
"3259","CARVER PL @ MATHESON RD","373002.52944","5032963.49473","-75.62832","45.43328","2017","9/21/2017","2:00:00 PM","01 - Clear","01 - Dry","10 - No control","02 - Intersection related","01 - Daylight","03 - P.D. only","06 - SMV unattended vehicle"
"3260","CARWOOD CIRC @ DEN HAAG DR","372505.59530","5033982.73345","-75.63453","45.44250","2017","8/14/2017","2:21:00 PM","01 - Clear","01 - Dry","02 - Stop sign","02 - Intersection related","01 - Daylight","03 - P.D. only","07 - SMV other"
"3261","CASA GRANDE CIR btwn CASA GRANDE CIR & CASA GRANDE CIR","384382.08630","5034279.79180","-75.48269","45.44392","2017","3/9/2017","9:20:00 AM","01 - Clear","01 - Dry","10 - No control","04 - At/near private drive","01 - Daylight","03 - P.D. only","06 - SMV unattended vehicle"
"3262","CASA GRANDE CIR/ASTERVALE ST @ SWEETVALLEY DR","384563.79410","5034180.98660","-75.48038","45.44301","2017","4/5/2017","12:47:00 PM","01 - Clear","01 - Dry","02 - Stop sign","02 - Intersection related","01 - Daylight","03 - P.D. only","99 - Other"
"3263","CASTLE HILL CRES @ GLENMOUNT AVE","363759.35945","5025275.85769","-75.74736","45.36495","2017","12/11/2017","12:33:00 PM","03 - Snow","05 - Packed snow","03 - Yield sign","03 - At intersection","01 - Daylight","02 - Non-fatal injury","05 - Turning movement"
"3264","CASTLE HILL CRES btwn BONNIE CRES & CLYDE AVE","363804.87658","5025661.97692","-75.74673","45.36842","2017","5/14/2017","1:31:00 AM","02 - Rain","02 - Wet","10 - No control","01 - Non intersection","07 - Dark","03 - P.D. only","06 - SMV unattended vehicle"
"3265","CASTLEFRANK RD @ HAZELDEAN RD","352678.88144","5017676.76900","-75.88953","45.29741","2017","5/27/2017","10:41:00 AM","01 - Clear","01 - Dry","01 - Traffic signal","02 - Intersection related","01 - Daylight","02 - Non-fatal injury","03 - Rear end"
"3266","CASTLEFRANK RD @ HAZELDEAN RD","352678.21255","5017677.43790","-75.88954","45.29742","2017","5/23/2017","1:59:00 PM","01 - Clear","01 - Dry","01 - Traffic signal","03 - At intersection","01 - Daylight","03 - P.D. only","05 - Turning movement"
"3267","CASTLEFRANK RD @ HAZELDEAN RD","352678.51913","5017676.76900","-75.88954","45.29741","2017","8/16/2017","12:45:00 PM","01 - Clear","01 - Dry","01 - Traffic signal","02 - Intersection related","01 - Daylight","03 - P.D. only","03 - Rear end"
"3268","CASTLEFRANK RD @ HAZELDEAN RD","352677.54365","5017676.76900","-75.88955","45.29741","2017","7/11/2017","9:48:00 AM","01 - Clear","01 - Dry","01 - Traffic signal","03 - At intersection","01 - Daylight","03 - P.D. only","05 - Turning movement"
"3269","CASTLEFRANK RD @ HAZELDEAN RD","352676.66044","5017675.85576","-75.88956","45.29740","2017","8/5/2017","2:00:00 PM","01 - Clear","01 - Dry","01 - Traffic signal","02 - Intersection related","01 - Daylight","03 - P.D. only","03 - Rear end"
"3270","CASTLEFRANK RD @ HAZELDEAN RD","352677.40473","5017676.05894","-75.88955","45.29741","2017","8/25/2017","1:10:00 PM","01 - Clear","01 - Dry","01 - Traffic signal","02 - Intersection related","01 - Daylight","03 - P.D. only","99 - Other"
"3271","CASTLEFRANK RD @ HAZELDEAN RD","352678.21255","5017676.10010","-75.88954","45.29741","2017","7/3/2017","2:56:00 PM","01 - Clear","01 - Dry","01 - Traffic signal","02 - Intersection related","01 - Daylight","03 - P.D. only","03 - Rear end"
"3272","CASTLEFRANK RD @ HAZELDEAN RD","352678.88144","5017678.10679","-75.88953","45.29742","2017","11/15/2017","8:37:00 AM","01 - Clear","01 - Dry","01 - Traffic signal","02 - Intersection related","01 - Daylight","02 - Non-fatal injury","03 - Rear end"
"3273","CASTLEFRANK RD @ HAZELDEAN RD","352679.55034","5017676.76900","-75.88953","45.29741","2017","12/5/2017","8:00:00 AM","02 - Rain","02 - Wet","01 - Traffic signal","02 - Intersection related","01 - Daylight","03 - P.D. only","03 - Rear end"
"3274","CASTLEFRANK RD @ HAZELDEAN RD","352677.54365","5017676.76900","-75.88955","45.29741","2017","11/27/2017","1:00:00 PM","01 - Clear","01 - Dry","01 - Traffic signal","02 - Intersection related","01 - Daylight","03 - P.D. only","03 - Rear end"
"3275","CASTLEFRANK RD @ HAZELDEAN RD","352678.42084","5017675.95489","-75.88954","45.29741","2017","2/1/2017","5:06:00 PM","01 - Clear","02 - Wet","01 - Traffic signal","03 - At intersection","01 - Daylight","02 - Non-fatal injury","07 - SMV other"
"3276","CASTLEFRANK RD @ HAZELDEAN RD","352677.87810","5017676.22255","-75.88955","45.29741","2017","1/30/2017","7:35:00 AM","01 - Clear","01 - Dry","01 - Traffic signal","02 - Intersection related","03 - Dawn","02 - Non-fatal injury","03 - Rear end"
"3277","CASTLEFRANK RD @ HAZELDEAN RD","352676.37716","5017677.14423","-75.88957","45.29742","2017","1/3/2017","7:34:00 AM","04 - Freezing Rain","04 - Slush","01 - Traffic signal","03 - At intersection","03 - Dawn","02 - Non-fatal injury","05 - Turning movement"
"3278","CASTLEFRANK RD @ HAZELDEAN RD","352678.88144","5017675.43121","-75.88953","45.29740","2017","3/6/2017","5:40:00 PM","02 - Rain","02 - Wet","01 - Traffic signal","02 - Intersection related","05 - Dusk","03 - P.D. only","04 - Sideswipe"
"3279","CASTLEFRANK RD @ HAZELDEAN RD","352676.87476","5017678.10679","-75.88956","45.29743","2017","2/27/2017","10:00:00 AM","01 - Clear","01 - Dry","01 - Traffic signal","02 - Intersection related","01 - Daylight","03 - P.D. only","03 - Rear end"
"3280","CASTLEFRANK RD @ HAZELDEAN RD","352677.26399","5017675.71561","-75.88955","45.29740","2017","12/21/2017","8:51:00 AM","01 - Clear","01 - Dry","01 - Traffic signal","02 - Intersection related","01 - Daylight","03 - P.D. only","05 - Turning movement"
"3281","CASTLEFRANK RD @ HAZELDEAN RD","352677.34245","5017676.86953","-75.88955","45.29741","2017","12/26/2017","4:46:00 PM","01 - Clear","01 - Dry","01 - Traffic signal","03 - At intersection","05 - Dusk","02 - Non-fatal injury","05 - Turning movement"
"3282","CASTLEFRANK RD @ KATIMAVIK RD","351949.44956","5018943.51590","-75.89871","45.30886","2017","6/20/2017","10:27:00 PM","01 - Clear","01 - Dry","01 - Traffic signal","03 - At intersection","07 - Dark","03 - P.D. only","02 - Angle"
"3283","CASTLEFRANK RD @ KATIMAVIK RD","351951.40533","5018943.00714","-75.89869","45.30886","2017","9/29/2017","4:11:00 PM","01 - Clear","01 - Dry","01 - Traffic signal","02 - Intersection related","01 - Daylight","03 - P.D. only","03 - Rear end"
"3284","CASTLEFRANK RD @ KATIMAVIK RD","351950.78735","5018942.84700","-75.89870","45.30885","2017","11/1/2017","7:18:00 AM","02 - Rain","02 - Wet","01 - Traffic signal","03 - At intersection","03 - Dawn","03 - P.D. only","05 - Turning movement"
"3285","CASTLEFRANK RD @ KATIMAVIK RD","351950.11845","5018943.51590","-75.89870","45.30886","2017","11/26/2017","3:11:00 PM","01 - Clear","01 - Dry","01 - Traffic signal","02 - Intersection related","01 - Daylight","03 - P.D. only","03 - Rear end"
"3286","CASTLEFRANK RD @ KATIMAVIK RD","351950.41596","5018945.27780","-75.89870","45.30888","2017","1/31/2017","10:02:00 PM","01 - Clear","01 - Dry","01 - Traffic signal","03 - At intersection","07 - Dark","02 - Non-fatal injury","02 - Angle"
"3287","CASTLEFRANK RD @ KATIMAVIK RD","351950.36228","5018943.51590","-75.89870","45.30886","2017","12/18/2017","9:34:00 AM","03 - Snow","03 - Loose snow","01 - Traffic signal","03 - At intersection","01 - Daylight","03 - P.D. only","03 - Rear end"
"3288","CASTLEFRANK RD @ MACNEIL CRT","352550.57745","5017823.04810","-75.89116","45.29874","2017","11/25/2017","3:10:00 PM","01 - Clear","01 - Dry","02 - Stop sign","03 - At intersection","01 - Daylight","03 - P.D. only","05 - Turning movement"