"Record","Location","X","Y","Longitude","Latitude","Year","Date","Time","Environment","Road_Surface","Traffic_Control","Collision_Location","Light","Collision_Classification","Impact_type"
"3289","CASTLEFRANK RD @ MCCURDY DR N","352077.64516","5018772.48889","-75.89709","45.30731","2017","1/20/2017","4:58:00 PM","01 - Clear","02 - Wet","02 - Stop sign","03 - At intersection","05 - Dusk","02 - Non-fatal injury","07 - SMV other"
"3290","CASTLEFRANK RD @ TERRY FOX DR","352994.34345","5016303.47011","-75.88565","45.28503","2017","6/3/2017","3:26:00 PM","01 - Clear","01 - Dry","01 - Traffic signal","02 - Intersection related","01 - Daylight","03 - P.D. only","03 - Rear end"
"3291","CASTLEFRANK RD @ TERRY FOX DR","352994.34345","5016304.13900","-75.88564","45.28504","2017","5/8/2017","3:39:00 PM","01 - Clear","01 - Dry","01 - Traffic signal","02 - Intersection related","01 - Daylight","03 - P.D. only","03 - Rear end"
"3292","CASTLEFRANK RD @ TERRY FOX DR","352993.78702","5016303.69802","-75.88565","45.28504","2017","8/20/2017","3:31:00 PM","01 - Clear","01 - Dry","01 - Traffic signal","02 - Intersection related","01 - Daylight","03 - P.D. only","03 - Rear end"
"3293","CASTLEFRANK RD @ TERRY FOX DR","352994.00867","5016304.80793","-75.88565","45.28505","2017","9/25/2017","3:47:00 PM","01 - Clear","01 - Dry","01 - Traffic signal","02 - Intersection related","01 - Daylight","03 - P.D. only","03 - Rear end"
"3294","CASTLEFRANK RD @ TERRY FOX DR","352993.00566","5016305.47680","-75.88566","45.28505","2017","12/3/2017","1:05:00 PM","01 - Clear","01 - Dry","01 - Traffic signal","02 - Intersection related","01 - Daylight","03 - P.D. only","03 - Rear end"
"3295","CASTLEFRANK RD @ TERRY FOX DR","352994.34345","5016304.13900","-75.88564","45.28504","2017","3/21/2017","5:04:00 PM","01 - Clear","01 - Dry","01 - Traffic signal","02 - Intersection related","01 - Daylight","03 - P.D. only","05 - Turning movement"
"3296","CASTLEFRANK RD @ TERRY FOX DR","352994.48237","5016305.04459","-75.88564","45.28505","2017","12/29/2017","11:12:00 AM","01 - Clear","06 - Ice","01 - Traffic signal","02 - Intersection related","01 - Daylight","03 - P.D. only","03 - Rear end"
"3297","CASTLEFRANK RD @ TERRY FOX DR","352994.48690","5016303.61316","-75.88564","45.28504","2017","12/25/2017","11:41:00 AM","01 - Clear","01 - Dry","01 - Traffic signal","02 - Intersection related","01 - Daylight","03 - P.D. only","07 - SMV other"
"3298","CASTLEFRANK RD @ WINCHESTER DR","352862.77235","5017418.89297","-75.88721","45.29508","2017","12/2/2017","6:40:00 PM","01 - Clear","01 - Dry","02 - Stop sign","02 - Intersection related","07 - Dark","03 - P.D. only","03 - Rear end"
"3299","CASTLEFRANK RD btwn ALDBURN PL & STOKES CRES","353351.49815","5017175.05438","-75.88101","45.29285","2017","6/11/2017","1:38:00 AM","01 - Clear","01 - Dry","10 - No control","01 - Non intersection","07 - Dark","03 - P.D. only","06 - SMV unattended vehicle"
"3300","CASTLEFRANK RD btwn CONNELLY PL & GLAMORGAN DR","353236.14497","5016352.75955","-75.88256","45.28546","2017","4/10/2017","3:16:00 PM","01 - Clear","01 - Dry","10 - No control","01 - Non intersection","01 - Daylight","03 - P.D. only","07 - SMV other"
"3301","CASTLEFRANK RD btwn GLAMORGAN DR & SHELDRAKE DR (2)","353426.00577","5016804.50958","-75.88009","45.28951","2017","4/29/2017","10:00:00 AM","01 - Clear","01 - Dry","10 - No control","01 - Non intersection","01 - Daylight","03 - P.D. only","04 - Sideswipe"
"3302","CASTLEFRANK RD btwn HAZELDEAN RD & TO BE DETERMINED","352763.12400","5017556.55042","-75.88847","45.29633","2017","10/3/2017","2:26:00 PM","01 - Clear","01 - Dry","10 - No control","01 - Non intersection","01 - Daylight","02 - Non-fatal injury","04 - Sideswipe"
"3303","CASTLEFRANK RD btwn KANATA AVE & KATIMAVIK RD","351929.38267","5018971.60955","-75.89897","45.30911","2017","7/11/2017","8:25:00 AM","01 - Clear","01 - Dry","10 - No control","01 - Non intersection","01 - Daylight","03 - P.D. only","03 - Rear end"
"3304","CASTLEFRANK RD btwn KATIMAVIK RD & MCCURDY DR","352005.63685","5018872.61289","-75.89800","45.30822","2017","5/17/2017","10:53:00 AM","01 - Clear","01 - Dry","10 - No control","01 - Non intersection","01 - Daylight","02 - Non-fatal injury","03 - Rear end"
"3305","CASTLEFRANK RD btwn KATIMAVIK RD & MCCURDY DR","352018.07861","5018856.90956","-75.89785","45.30808","2017","9/23/2017","12:26:00 AM","01 - Clear","01 - Dry","10 - No control","01 - Non intersection","07 - Dark","03 - P.D. only","04 - Sideswipe"
"3306","CASTLEFRANK RD btwn MACNEIL CRT & HAZELDEAN RD","352656.13897","5017702.85596","-75.88982","45.29765","2017","4/25/2017","11:30:00 AM","01 - Clear","01 - Dry","10 - No control","01 - Non intersection","01 - Daylight","03 - P.D. only","04 - Sideswipe"
"3307","CASTLEFRANK RD btwn SHELDRAKE DR & GLAMORGAN DR","353313.24276","5016470.79595","-75.88156","45.28652","2017","1/12/2017","4:30:00 PM","01 - Clear","05 - Packed snow","10 - No control","04 - At/near private drive","01 - Daylight","03 - P.D. only","06 - SMV unattended vehicle"
"3308","CASTLEFRANK RD btwn TO BE DETERMINED & WINCHESTER DR","352833.94547","5017443.59503","-75.88758","45.29530","2017","1/22/2017","1:31:00 PM","01 - Clear","01 - Dry","10 - No control","04 - At/near private drive","01 - Daylight","03 - P.D. only","02 - Angle"
"3309","CASTLEFRANK RD N @ GLAMORGAN DR N","353398.47753","5016665.54368","-75.88046","45.28826","2017","9/9/2017","12:01:00 AM","01 - Clear","01 - Dry","10 - No control","02 - Intersection related","07 - Dark","03 - P.D. only","06 - SMV unattended vehicle"
"3310","CATHCART ST @ DALHOUSIE ST","367779.16897","5032932.35261","-75.69507","45.43349","2017","10/16/2017","7:21:00 AM","01 - Clear","01 - Dry","02 - Stop sign","03 - At intersection","01 - Daylight","02 - Non-fatal injury","02 - Angle"
"3311","CATHCART ST @ KING EDWARD AVE NB","368093.70300","5033120.82879","-75.69103","45.43516","2017","8/31/2017","4:45:00 PM","01 - Clear","01 - Dry","02 - Stop sign","02 - Intersection related","01 - Daylight","03 - P.D. only","05 - Turning movement"
"3312","CATHCART ST @ KING EDWARD AVE NB","368094.00232","5033120.08205","-75.69103","45.43515","2017","12/31/2017","3:33:00 PM","03 - Snow","06 - Ice","02 - Stop sign","02 - Intersection related","01 - Daylight","03 - P.D. only","07 - SMV other"
"3313","CATHCART ST @ KING EDWARD AVE SB/MACDONALD-CAR","368087.70955","5033096.65010","-75.69111","45.43494","2017","11/17/2017","6:09:00 PM","01 - Clear","01 - Dry","02 - Stop sign","02 - Intersection related","07 - Dark","03 - P.D. only","04 - Sideswipe"
"3314","CATHCART ST btwn CATHCART SQ & RAMP","368033.98749","5033085.04103","-75.69180","45.43484","2017","2/15/2017","12:00:00 AM","03 - Snow","03 - Loose snow","10 - No control","01 - Non intersection","00 - Unknown","03 - P.D. only","06 - SMV unattended vehicle"
"3315","CATHERINE ST @ ELGIN ST","368552.37515","5030576.23411","-75.68550","45.41222","2017","6/6/2017","4:00:00 AM","02 - Rain","02 - Wet","01 - Traffic signal","02 - Intersection related","07 - Dark","03 - P.D. only","03 - Rear end"
"3316","CATHERINE ST @ ELGIN ST","368553.71294","5030576.23411","-75.68548","45.41222","2017","7/17/2017","3:31:00 PM","01 - Clear","01 - Dry","01 - Traffic signal","03 - At intersection","01 - Daylight","03 - P.D. only","05 - Turning movement"
"3317","CATHERINE ST @ ELGIN ST","368553.71294","5030578.24080","-75.68548","45.41224","2017","11/16/2017","12:41:00 PM","01 - Clear","01 - Dry","01 - Traffic signal","03 - At intersection","01 - Daylight","03 - P.D. only","07 - SMV other"
"3318","CATHERINE ST @ ELGIN ST","368552.37515","5030576.90300","-75.68550","45.41222","2017","11/23/2017","5:59:00 PM","01 - Clear","01 - Dry","01 - Traffic signal","03 - At intersection","07 - Dark","03 - P.D. only","02 - Angle"
"3319","CATHERINE ST @ ELGIN ST","368552.70960","5030577.19667","-75.68549","45.41223","2017","2/15/2017","8:20:00 AM","03 - Snow","03 - Loose snow","01 - Traffic signal","03 - At intersection","01 - Daylight","03 - P.D. only","04 - Sideswipe"
"3320","CATHERINE ST @ ELGIN ST","368554.38184","5030576.90300","-75.68547","45.41222","2017","2/15/2017","7:11:00 PM","03 - Snow","03 - Loose snow","01 - Traffic signal","02 - Intersection related","07 - Dark","03 - P.D. only","04 - Sideswipe"
"3321","CATHERINE ST @ ELGIN ST","368553.04405","5030578.90969","-75.68549","45.41224","2017","2/20/2017","1:15:00 PM","01 - Clear","01 - Dry","01 - Traffic signal","02 - Intersection related","01 - Daylight","03 - P.D. only","04 - Sideswipe"
"3322","CATHERINE ST @ ELGIN ST","368552.70960","5030577.33521","-75.68549","45.41223","2017","12/23/2017","2:21:00 PM","03 - Snow","03 - Loose snow","01 - Traffic signal","03 - At intersection","01 - Daylight","02 - Non-fatal injury","02 - Angle"
"3323","CATHERINE ST @ KENT ST","367907.70750","5030189.74783","-75.69378","45.40880","2017","8/28/2017","6:42:00 PM","01 - Clear","01 - Dry","01 - Traffic signal","03 - At intersection","01 - Daylight","03 - P.D. only","05 - Turning movement"
"3324","CATHERINE ST @ KENT ST","367908.98955","5030187.92337","-75.69377","45.40878","2017","7/25/2017","12:23:00 PM","01 - Clear","01 - Dry","01 - Traffic signal","03 - At intersection","01 - Daylight","03 - P.D. only","02 - Angle"
"3325","CATHERINE ST @ KENT ST","367907.06954","5030188.24542","-75.69379","45.40879","2017","8/4/2017","1:30:00 PM","01 - Clear","01 - Dry","01 - Traffic signal","03 - At intersection","01 - Daylight","03 - P.D. only","05 - Turning movement"
"3326","CATHERINE ST @ KENT ST","367907.22960","5030187.84755","-75.69379","45.40878","2017","8/31/2017","5:46:00 PM","01 - Clear","01 - Dry","01 - Traffic signal","03 - At intersection","01 - Daylight","02 - Non-fatal injury","05 - Turning movement"
"3327","CATHERINE ST @ KENT ST","367908.71084","5030189.23330","-75.69377","45.40879","2017","6/30/2017","1:33:00 PM","02 - Rain","02 - Wet","01 - Traffic signal","03 - At intersection","01 - Daylight","03 - P.D. only","05 - Turning movement"
"3328","CATHERINE ST @ KENT ST","367907.83993","5030188.64681","-75.69378","45.40879","2017","8/17/2017","9:16:00 AM","01 - Clear","01 - Dry","01 - Traffic signal","03 - At intersection","01 - Daylight","03 - P.D. only","05 - Turning movement"
"3329","CATHERINE ST @ KENT ST","367908.66329","5030187.36966","-75.69377","45.40878","2017","9/19/2017","3:15:00 PM","01 - Clear","01 - Dry","01 - Traffic signal","03 - At intersection","01 - Daylight","03 - P.D. only","02 - Angle"
"3330","CATHERINE ST @ KENT ST","367907.70750","5030187.85434","-75.69378","45.40878","2017","10/19/2017","11:48:00 AM","01 - Clear","01 - Dry","01 - Traffic signal","03 - At intersection","01 - Daylight","03 - P.D. only","05 - Turning movement"
"3331","CATHERINE ST @ KENT ST","367908.65425","5030187.38097","-75.69377","45.40878","2017","11/21/2017","7:37:00 PM","01 - Clear","02 - Wet","01 - Traffic signal","03 - At intersection","07 - Dark","03 - P.D. only","05 - Turning movement"
"3332","CATHERINE ST @ KENT ST","367908.71084","5030187.89550","-75.69377","45.40878","2017","12/8/2017","7:04:00 AM","01 - Clear","01 - Dry","01 - Traffic signal","03 - At intersection","03 - Dawn","03 - P.D. only","05 - Turning movement"
"3333","CATHERINE ST @ KENT ST","367907.70750","5030189.28125","-75.69378","45.40879","2017","12/14/2017","11:20:00 AM","01 - Clear","06 - Ice","01 - Traffic signal","02 - Intersection related","01 - Daylight","03 - P.D. only","03 - Rear end"
"3334","CATHERINE ST @ KENT ST","367908.71084","5030189.23330","-75.69377","45.40879","2017","11/30/2017","5:47:00 PM","01 - Clear","01 - Dry","01 - Traffic signal","02 - Intersection related","07 - Dark","03 - P.D. only","04 - Sideswipe"
"3335","CATHERINE ST @ KENT ST","367906.47293","5030189.79897","-75.69380","45.40880","2017","2/10/2017","4:01:00 PM","01 - Clear","01 - Dry","01 - Traffic signal","03 - At intersection","01 - Daylight","03 - P.D. only","05 - Turning movement"
"3336","CATHERINE ST @ KENT ST","367907.70710","5030188.56490","-75.69378","45.40879","2017","4/12/2017","3:21:00 PM","01 - Clear","01 - Dry","01 - Traffic signal","03 - At intersection","01 - Daylight","03 - P.D. only","02 - Angle"
"3337","CATHERINE ST @ KENT ST","367908.04195","5030188.56440","-75.69378","45.40879","2017","3/17/2017","11:45:00 AM","01 - Clear","01 - Dry","01 - Traffic signal","03 - At intersection","01 - Daylight","03 - P.D. only","04 - Sideswipe"
"3338","CATHERINE ST @ KENT ST","367908.18087","5030188.80109","-75.69378","45.40879","2017","12/30/2017","11:33:00 AM","03 - Snow","06 - Ice","01 - Traffic signal","03 - At intersection","01 - Daylight","03 - P.D. only","02 - Angle"
"3339","CATHERINE ST @ KENT ST","367908.18087","5030188.80109","-75.69378","45.40879","2017","12/29/2017","12:30:00 PM","01 - Clear","01 - Dry","01 - Traffic signal","03 - At intersection","01 - Daylight","03 - P.D. only","05 - Turning movement"
"3340","CATHERINE ST @ LYON ST/HWY 417 LYON IC120BR36","367746.03436","5030091.89620","-75.69586","45.40793","2017","5/8/2017","1:01:00 PM","01 - Clear","01 - Dry","01 - Traffic signal","03 - At intersection","01 - Daylight","02 - Non-fatal injury","02 - Angle"
"3341","CATHERINE ST @ LYON ST/HWY 417 LYON IC120BR36","367748.16584","5030091.87624","-75.69583","45.40793","2017","7/18/2017","10:27:00 AM","01 - Clear","01 - Dry","01 - Traffic signal","03 - At intersection","01 - Daylight","02 - Non-fatal injury","02 - Angle"
"3342","CATHERINE ST @ LYON ST/HWY 417 LYON IC120BR36","367748.60045","5030091.44778","-75.69583","45.40793","2017","9/5/2017","2:05:00 PM","01 - Clear","01 - Dry","01 - Traffic signal","03 - At intersection","01 - Daylight","03 - P.D. only","02 - Angle"
"3343","CATHERINE ST @ LYON ST/HWY 417 LYON IC120BR36","367749.42334","5030094.28184","-75.69582","45.40795","2017","1/13/2017","1:02:00 PM","01 - Clear","02 - Wet","01 - Traffic signal","02 - Intersection related","01 - Daylight","03 - P.D. only","04 - Sideswipe"
"3344","CATHERINE ST @ LYON ST/HWY 417 LYON IC120BR36","367749.20754","5030092.18987","-75.69582","45.40794","2017","2/24/2017","6:35:00 PM","02 - Rain","02 - Wet","01 - Traffic signal","02 - Intersection related","07 - Dark","02 - Non-fatal injury","03 - Rear end"
"3345","CATHERINE ST @ LYON ST/HWY 417 LYON IC120BR36","367747.70660","5030092.32615","-75.69584","45.40794","2017","12/20/2017","2:56:00 PM","01 - Clear","01 - Dry","01 - Traffic signal","03 - At intersection","01 - Daylight","03 - P.D. only","02 - Angle"
"3346","CATHERINE ST @ LYON ST/HWY 417 LYON IC120BR36","367748.17997","5030092.32841","-75.69583","45.40794","2017","12/26/2017","4:20:00 PM","01 - Clear","01 - Dry","01 - Traffic signal","03 - At intersection","05 - Dusk","03 - P.D. only","02 - Angle"
"3347","CATHERINE ST @ METCALFE ST","368394.83948","5030487.91985","-75.68752","45.41144","2017","10/9/2017","7:40:00 PM","01 - Clear","01 - Dry","01 - Traffic signal","02 - Intersection related","07 - Dark","03 - P.D. only","03 - Rear end"
"3348","CATHERINE ST @ METCALFE ST","368393.99992","5030485.36287","-75.68753","45.41141","2017","7/21/2017","5:10:00 PM","01 - Clear","01 - Dry","01 - Traffic signal","02 - Intersection related","01 - Daylight","03 - P.D. only","04 - Sideswipe"
"3349","CATHERINE ST @ METCALFE ST","368392.41250","5030488.30027","-75.68755","45.41144","2017","7/17/2017","4:00:00 PM","01 - Clear","01 - Dry","01 - Traffic signal","02 - Intersection related","01 - Daylight","03 - P.D. only","03 - Rear end"
"3350","CATHERINE ST @ METCALFE ST","368393.88812","5030486.73651","-75.68753","45.41143","2017","9/4/2017","1:00:00 PM","01 - Clear","02 - Wet","01 - Traffic signal","03 - At intersection","01 - Daylight","03 - P.D. only","02 - Angle"
"3351","CATHERINE ST @ METCALFE ST","368392.75091","5030486.80205","-75.68755","45.41143","2017","11/6/2017","1:23:00 PM","01 - Clear","01 - Dry","01 - Traffic signal","03 - At intersection","01 - Daylight","03 - P.D. only","02 - Angle"
"3352","CATHERINE ST @ METCALFE ST","368395.14039","5030487.27995","-75.68752","45.41143","2017","12/8/2017","9:12:00 AM","01 - Clear","01 - Dry","01 - Traffic signal","03 - At intersection","01 - Daylight","03 - P.D. only","04 - Sideswipe"
"3353","CATHERINE ST @ METCALFE ST","368393.37225","5030485.89420","-75.68754","45.41142","2017","11/30/2017","3:25:00 PM","02 - Rain","02 - Wet","01 - Traffic signal","02 - Intersection related","01 - Daylight","03 - P.D. only","04 - Sideswipe"
"3354","CATHERINE ST @ METCALFE ST","368393.70900","5030486.56790","-75.68754","45.41143","2017","2/1/2017","8:24:00 PM","03 - Snow","02 - Wet","01 - Traffic signal","03 - At intersection","07 - Dark","02 - Non-fatal injury","02 - Angle"
"3355","CATHERINE ST @ METCALFE ST","368393.03780","5030485.22531","-75.68754","45.41141","2017","1/6/2017","8:00:00 PM","01 - Clear","02 - Wet","01 - Traffic signal","02 - Intersection related","07 - Dark","03 - P.D. only","04 - Sideswipe"
"3356","CATHERINE ST @ METCALFE ST","368393.37225","5030486.56310","-75.68754","45.41143","2017","4/1/2017","6:51:00 PM","01 - Clear","01 - Dry","01 - Traffic signal","03 - At intersection","05 - Dusk","03 - P.D. only","04 - Sideswipe"
"3357","CATHERINE ST @ QUEEN ELIZABETH DRWY","368672.07306","5030634.56740","-75.68396","45.41273","2017","10/17/2017","6:04:00 PM","01 - Clear","01 - Dry","10 - No control","03 - At intersection","01 - Daylight","03 - P.D. only","05 - Turning movement"
"3358","CATHERINE ST btwn BANK ST & O'CONNOR ST","368117.29737","5030316.40143","-75.69109","45.40992","2017","1/18/2017","10:06:00 AM","02 - Rain","02 - Wet","10 - No control","01 - Non intersection","01 - Daylight","03 - P.D. only","04 - Sideswipe"
"3359","CATHERINE ST btwn BRONSON AVE & HWY417 IC121A RAMP61","367316.30163","5029830.76558","-75.70138","45.40562","2017","3/5/2017","5:52:00 PM","01 - Clear","01 - Dry","10 - No control","04 - At/near private drive","01 - Daylight","03 - P.D. only","03 - Rear end"
"3360","CATHERINE ST btwn KENT ST & BANK ST","367974.91414","5030230.76442","-75.69292","45.40916","2017","1/24/2017","2:36:00 PM","03 - Snow","03 - Loose snow","10 - No control","01 - Non intersection","01 - Daylight","03 - P.D. only","04 - Sideswipe"
"3361","CATHERINE ST btwn METCALFE ST & ELGIN ST","368402.73680","5030492.58317","-75.68742","45.41148","2017","5/2/2017","12:38:00 PM","02 - Rain","02 - Wet","10 - No control","01 - Non intersection","01 - Daylight","03 - P.D. only","06 - SMV unattended vehicle"
"3362","CATHERINE ST btwn METCALFE ST & ELGIN ST","368507.55910","5030550.81605","-75.68607","45.41199","2017","10/16/2017","12:00:00 AM","01 - Clear","01 - Dry","10 - No control","01 - Non intersection","00 - Unknown","03 - P.D. only","06 - SMV unattended vehicle"
"3363","CATHERINE ST btwn METCALFE ST & ELGIN ST","368434.84382","5030511.31226","-75.68701","45.41164","2017","11/9/2017","3:00:00 PM","01 - Clear","01 - Dry","10 - No control","01 - Non intersection","01 - Daylight","03 - P.D. only","06 - SMV unattended vehicle"
"3364","CATHERINE ST btwn O'CONNOR ST & TO BE DETERMINED","368286.87047","5030419.00102","-75.68891","45.41083","2017","11/3/2017","11:35:00 AM","01 - Clear","01 - Dry","10 - No control","01 - Non intersection","01 - Daylight","03 - P.D. only","03 - Rear end"
"3365","CATHERINE ST btwn PERCY ST & BAY ST","367596.90255","5030002.88687","-75.69778","45.40715","2017","5/12/2017","1:45:00 PM","01 - Clear","01 - Dry","10 - No control","04 - At/near private drive","01 - Daylight","03 - P.D. only","02 - Angle"
"3366","CATHERINE ST/HWY 417 O'CONN IC119BR76 @ O'CONN","368243.37655","5030391.22631","-75.68947","45.41058","2017","7/1/2017","4:30:00 PM","01 - Clear","01 - Dry","01 - Traffic signal","03 - At intersection","01 - Daylight","03 - P.D. only","02 - Angle"
"3367","CATHERINE ST/HWY 417 O'CONN IC119BR76 @ O'CONN","368244.71434","5030393.23300","-75.68945","45.41060","2017","7/7/2017","9:40:00 AM","01 - Clear","01 - Dry","01 - Traffic signal","02 - Intersection related","01 - Daylight","03 - P.D. only","02 - Angle"
"3368","CATHERINE ST/HWY 417 O'CONN IC119BR76 @ O'CONN","368244.37156","5030392.56710","-75.68946","45.41059","2017","8/17/2017","7:35:00 AM","01 - Clear","01 - Dry","01 - Traffic signal","03 - At intersection","01 - Daylight","03 - P.D. only","02 - Angle"
"3369","CATHERINE ST/HWY 417 O'CONN IC119BR76 @ O'CONN","368243.44328","5030392.65984","-75.68947","45.41059","2017","9/3/2017","10:09:00 AM","02 - Rain","02 - Wet","01 - Traffic signal","03 - At intersection","01 - Daylight","03 - P.D. only","02 - Angle"
"3370","CATHERINE ST/HWY 417 O'CONN IC119BR76 @ O'CONN","368243.47413","5030392.36905","-75.68947","45.41059","2017","8/4/2017","5:08:00 PM","01 - Clear","01 - Dry","01 - Traffic signal","03 - At intersection","01 - Daylight","03 - P.D. only","02 - Angle"
"3371","CATHERINE ST/HWY 417 O'CONN IC119BR76 @ O'CONN","368244.27793","5030392.93805","-75.68946","45.41060","2017","9/12/2017","3:43:00 PM","01 - Clear","01 - Dry","01 - Traffic signal","02 - Intersection related","01 - Daylight","03 - P.D. only","04 - Sideswipe"
"3372","CATHERINE ST/HWY 417 O'CONN IC119BR76 @ O'CONN","368242.03876","5030392.56410","-75.68949","45.41059","2017","11/15/2017","6:33:00 PM","01 - Clear","01 - Dry","01 - Traffic signal","03 - At intersection","07 - Dark","03 - P.D. only","04 - Sideswipe"
"3373","CATHERINE ST/HWY 417 O'CONN IC119BR76 @ O'CONN","368244.04545","5030393.23300","-75.68946","45.41060","2017","12/9/2017","4:56:00 PM","03 - Snow","04 - Slush","01 - Traffic signal","02 - Intersection related","07 - Dark","02 - Non-fatal injury","03 - Rear end"
"3374","CATHERINE ST/HWY 417 O'CONN IC119BR76 @ O'CONN","368244.04545","5030393.23300","-75.68946","45.41060","2017","11/2/2017","9:50:00 AM","02 - Rain","02 - Wet","01 - Traffic signal","03 - At intersection","01 - Daylight","03 - P.D. only","02 - Angle"
"3375","CATHERINE ST/HWY 417 O'CONN IC119BR76 @ O'CONN","368244.07958","5030391.94420","-75.68946","45.41059","2017","2/11/2017","3:35:00 PM","01 - Clear","02 - Wet","01 - Traffic signal","03 - At intersection","01 - Daylight","03 - P.D. only","02 - Angle"
"3376","CATHERINE ST/HWY 417 O'CONN IC119BR76 @ O'CONN","368242.07166","5030392.01765","-75.68949","45.41059","2017","1/31/2017","2:50:00 PM","01 - Clear","01 - Dry","01 - Traffic signal","02 - Intersection related","01 - Daylight","03 - P.D. only","03 - Rear end"
"3377","CATHERINE ST/HWY 417 O'CONN IC119BR76 @ O'CONN","368244.30131","5030392.63252","-75.68946","45.41059","2017","3/27/2017","6:22:00 AM","04 - Freezing Rain","02 - Wet","01 - Traffic signal","03 - At intersection","03 - Dawn","03 - P.D. only","02 - Angle"
"3378","CATHERINE ST/HWY 417 O'CONN IC119BR76 @ O'CONN","368243.83441","5030393.81126","-75.68946","45.41060","2017","4/19/2017","4:41:00 PM","02 - Rain","02 - Wet","01 - Traffic signal","02 - Intersection related","01 - Daylight","03 - P.D. only","04 - Sideswipe"
"3379","CATHERINE ST/HWY 417 O'CONN IC119BR76 @ O'CONN","368243.77523","5030392.35740","-75.68946","45.41059","2017","12/21/2017","2:14:00 AM","01 - Clear","01 - Dry","01 - Traffic signal","03 - At intersection","07 - Dark","03 - P.D. only","02 - Angle"
"3380","CATHERINE ST/HWY 417 O'CONN IC119BR76 @ O'CONN","368242.74185","5030390.69578","-75.68948","45.41058","2017","7/2/2017","10:15:00 AM","01 - Clear","01 - Dry","01 - Traffic signal","03 - At intersection","01 - Daylight","03 - P.D. only","04 - Sideswipe"
"3381","CATHERINE ST/HWY 417 O'CONN IC119BR76 @ O'CONN","368243.26377","5030393.00734","-75.68947","45.41060","2017","12/15/2017","7:30:00 PM","03 - Snow","03 - Loose snow","01 - Traffic signal","02 - Intersection related","07 - Dark","03 - P.D. only","04 - Sideswipe"
"3382","CAVAN ST btwn CHATELAIN AVE & LEPAGE AVE","364593.96766","5026558.31662","-75.73655","45.37642","2017","10/4/2017","1:14:00 AM","01 - Clear","01 - Dry","10 - No control","01 - Non intersection","07 - Dark","03 - P.D. only","06 - SMV unattended vehicle"
"3383","CEDAR CREEK DR @ HILLMAN MARSH WAY/OLD CROW WA","375548.24907","5020080.27410","-75.59763","45.31711","2017","2/9/2017","6:00:00 PM","01 - Clear","01 - Dry","","02 - Intersection related","07 - Dark","03 - P.D. only","06 - SMV unattended vehicle"
"3384","CEDAR CREEK DR/DEVONWOOD CIRC @ FINDLAY CREEK","375593.18657","5020306.48203","-75.59703","45.31914","2017","1/5/2017","8:30:00 AM","01 - Clear","06 - Ice","02 - Stop sign","02 - Intersection related","01 - Daylight","03 - P.D. only","03 - Rear end"
"3385","CEDAR CREEK DR/DEVONWOOD CIRC @ FINDLAY CREEK","375592.26774","5020307.54662","-75.59704","45.31915","2017","1/4/2017","8:44:00 PM","04 - Freezing Rain","06 - Ice","02 - Stop sign","02 - Intersection related","07 - Dark","03 - P.D. only","03 - Rear end"
"3386","CEDARCROFT CRES btwn BIRCHMOUNT DR & EASTCLIFFE WAY","374132.97659","5031952.26945","-75.61401","45.42407","2017","12/8/2017","3:00:00 PM","01 - Clear","01 - Dry","10 - No control","01 - Non intersection","01 - Daylight","03 - P.D. only","01 - Approaching"
"3387","CEDARCROFT CRES W @ MEADOWBROOK RD W","374336.18972","5031930.72215","-75.61142","45.42385","2017","5/8/2017","12:32:00 PM","01 - Clear","02 - Wet","02 - Stop sign","03 - At intersection","01 - Daylight","03 - P.D. only","02 - Angle"
"3388","CEDARHILL DR N @ CEDARVIEW RD","360635.17306","5017192.82493","-75.78815","45.29247","2017","2/11/2017","10:10:00 PM","03 - Snow","03 - Loose snow","02 - Stop sign","03 - At intersection","07 - Dark","02 - Non-fatal injury","05 - Turning movement"
"3389","CEDAROCK DR @ STONEHAVEN DR","354726.78855","5016855.08600","-75.86351","45.28988","2017","5/9/2017","5:00:00 PM","01 - Clear","01 - Dry","02 - Stop sign","02 - Intersection related","01 - Daylight","03 - P.D. only","04 - Sideswipe"
"3390","CEDAROCK DR @ STONEHAVEN DR","354727.12300","5016853.96030","-75.86350","45.28987","2017","2/13/2017","5:10:00 PM","01 - Clear","01 - Dry","02 - Stop sign","03 - At intersection","01 - Daylight","03 - P.D. only","02 - Angle"
"3391","CEDAROCK DR btwn HANOVER CRT & SPRINGTREE PL","354996.48045","5016880.02572","-75.86007","45.29008","2017","7/15/2017","12:00:00 AM","01 - Clear","01 - Dry","10 - No control","01 - Non intersection","00 - Unknown","03 - P.D. only","06 - SMV unattended vehicle"
"3392","CEDAROW CRT @ HAZELDEAN RD","350593.60330","5015763.06647","-75.91630","45.28033","2017","2/9/2017","6:41:00 PM","01 - Clear","01 - Dry","02 - Stop sign","03 - At intersection","07 - Dark","03 - P.D. only","02 - Angle"
"3393","CEDARVIEW RD @ FALLOWFIELD RD","361294.18930","5015663.72525","-75.77992","45.27866","2017","11/2/2017","4:27:00 PM","02 - Rain","02 - Wet","01 - Traffic signal","03 - At intersection","05 - Dusk","03 - P.D. only","03 - Rear end"