"Record","Location","X","Y","Longitude","Latitude","Year","Date","Time","Environment","Road_Surface","Traffic_Control","Collision_Location","Light","Collision_Classification","Impact_type"
"3394","CEDARVIEW RD @ FALLOWFIELD RD","361294.18930","5015663.72525","-75.77992","45.27866","2017","11/4/2017","11:29:00 AM","01 - Clear","01 - Dry","01 - Traffic signal","02 - Intersection related","01 - Daylight","03 - P.D. only","05 - Turning movement"
"3395","CEDARVIEW RD @ FALLOWFIELD RD","361296.33944","5015665.11100","-75.77990","45.27867","2017","2/15/2017","6:11:00 PM","03 - Snow","03 - Loose snow","01 - Traffic signal","03 - At intersection","07 - Dark","03 - P.D. only","02 - Angle"
"3396","CEDARVIEW RD @ FALLOWFIELD RD","361293.91673","5015663.31640","-75.77993","45.27866","2017","1/27/2017","4:46:00 PM","03 - Snow","02 - Wet","01 - Traffic signal","03 - At intersection","05 - Dusk","02 - Non-fatal injury","05 - Turning movement"
"3397","CEDARVIEW RD @ FALLOWFIELD RD","361295.00165","5015664.44210","-75.77991","45.27867","2017","3/21/2017","5:18:00 PM","01 - Clear","02 - Wet","01 - Traffic signal","02 - Intersection related","01 - Daylight","03 - P.D. only","03 - Rear end"
"3398","CEDARVIEW RD @ FALLOWFIELD RD","361294.18930","5015664.68105","-75.77992","45.27867","2017","12/18/2017","10:05:00 PM","03 - Snow","03 - Loose snow","01 - Traffic signal","02 - Intersection related","07 - Dark","02 - Non-fatal injury","04 - Sideswipe"
"3399","CEDARVIEW RD @ HWY 416 WESTHUNT IC72R24","359608.19803","5019744.02619","-75.80096","45.31551","2017","7/23/2017","7:48:00 PM","01 - Clear","01 - Dry","02 - Stop sign","03 - At intersection","01 - Daylight","03 - P.D. only","02 - Angle"
"3400","CEDARVIEW RD @ HWY 416 WESTHUNT IC72R24","359608.63647","5019744.15123","-75.80096","45.31551","2017","2/12/2017","4:57:00 PM","03 - Snow","05 - Packed snow","02 - Stop sign","02 - Intersection related","01 - Daylight","03 - P.D. only","03 - Rear end"
"3401","CEDARVIEW RD @ HWY 416 WESTHUNT IC72R24","359607.77523","5019743.87383","-75.80097","45.31551","2017","12/15/2017","8:48:00 PM","03 - Snow","04 - Slush","02 - Stop sign","03 - At intersection","07 - Dark","03 - P.D. only","05 - Turning movement"
"3402","CEDARVIEW RD @ HWY 416 WESTHUNT IC72R42","359597.51811","5019762.50510","-75.80110","45.31568","2017","6/25/2017","11:46:00 AM","02 - Rain","02 - Wet","10 - No control","03 - At intersection","01 - Daylight","02 - Non-fatal injury","03 - Rear end"
"3403","CEDARVIEW RD @ HWY 416 WESTHUNT IC72R42","359598.18700","5019763.17399","-75.80109","45.31568","2017","2/16/2017","8:15:00 AM","03 - Snow","05 - Packed snow","10 - No control","02 - Intersection related","01 - Daylight","03 - P.D. only","04 - Sideswipe"
"3404","CEDARVIEW RD @ HWY 416 WESTHUNT IC72R42","359598.85590","5019763.17399","-75.80108","45.31568","2017","2/22/2017","4:27:00 PM","02 - Rain","02 - Wet","10 - No control","02 - Intersection related","01 - Daylight","03 - P.D. only","03 - Rear end"
"3405","CEDARVIEW RD @ WEST HUNT CLUB RD","359719.68074","5019554.47770","-75.79956","45.31379","2017","6/7/2017","9:46:00 PM","01 - Clear","01 - Dry","01 - Traffic signal","03 - At intersection","07 - Dark","02 - Non-fatal injury","05 - Turning movement"
"3406","CEDARVIEW RD @ WEST HUNT CLUB RD","359719.68074","5019555.81549","-75.79956","45.31381","2017","4/25/2017","4:20:00 PM","02 - Rain","02 - Wet","01 - Traffic signal","02 - Intersection related","01 - Daylight","03 - P.D. only","03 - Rear end"
"3407","CEDARVIEW RD @ WEST HUNT CLUB RD","359719.18690","5019554.47770","-75.79957","45.31379","2017","5/6/2017","12:23:00 AM","02 - Rain","02 - Wet","01 - Traffic signal","03 - At intersection","07 - Dark","03 - P.D. only","07 - SMV other"
"3408","CEDARVIEW RD @ WEST HUNT CLUB RD","359719.12860","5019555.61032","-75.79957","45.31380","2017","8/23/2017","10:46:00 AM","01 - Clear","01 - Dry","01 - Traffic signal","03 - At intersection","01 - Daylight","03 - P.D. only","02 - Angle"
"3409","CEDARVIEW RD @ WEST HUNT CLUB RD","359719.15077","5019553.76764","-75.79957","45.31379","2017","7/20/2017","4:21:00 PM","01 - Clear","01 - Dry","01 - Traffic signal","03 - At intersection","01 - Daylight","03 - P.D. only","05 - Turning movement"
"3410","CEDARVIEW RD @ WEST HUNT CLUB RD","359719.01185","5019555.14660","-75.79957","45.31380","2017","7/20/2017","5:00:00 PM","01 - Clear","01 - Dry","01 - Traffic signal","02 - Intersection related","01 - Daylight","03 - P.D. only","04 - Sideswipe"
"3411","CEDARVIEW RD @ WEST HUNT CLUB RD","359720.48191","5019553.57544","-75.79955","45.31379","2017","7/28/2017","7:30:00 PM","01 - Clear","01 - Dry","01 - Traffic signal","02 - Intersection related","01 - Daylight","03 - P.D. only","03 - Rear end"
"3412","CEDARVIEW RD @ WEST HUNT CLUB RD","359719.31843","5019553.83667","-75.79956","45.31379","2017","8/15/2017","9:04:00 AM","01 - Clear","01 - Dry","01 - Traffic signal","03 - At intersection","01 - Daylight","03 - P.D. only","05 - Turning movement"
"3413","CEDARVIEW RD @ WEST HUNT CLUB RD","359719.27890","5019555.98146","-75.79957","45.31381","2017","8/2/2017","4:18:00 PM","01 - Clear","01 - Dry","01 - Traffic signal","02 - Intersection related","01 - Daylight","03 - P.D. only","03 - Rear end"
"3414","CEDARVIEW RD @ WEST HUNT CLUB RD","359719.89506","5019553.56446","-75.79956","45.31379","2017","7/21/2017","5:28:00 PM","01 - Clear","01 - Dry","01 - Traffic signal","02 - Intersection related","01 - Daylight","03 - P.D. only","03 - Rear end"
"3415","CEDARVIEW RD @ WEST HUNT CLUB RD","359718.34295","5019553.80880","-75.79958","45.31379","2017","7/7/2017","11:19:00 PM","01 - Clear","01 - Dry","01 - Traffic signal","03 - At intersection","07 - Dark","03 - P.D. only","05 - Turning movement"
"3416","CEDARVIEW RD @ WEST HUNT CLUB RD","359718.34295","5019554.47770","-75.79958","45.31379","2017","6/28/2017","4:45:00 PM","01 - Clear","01 - Dry","01 - Traffic signal","02 - Intersection related","01 - Daylight","03 - P.D. only","03 - Rear end"
"3417","CEDARVIEW RD @ WEST HUNT CLUB RD","359719.22385","5019553.38480","-75.79957","45.31378","2017","10/4/2017","8:38:00 PM","01 - Clear","01 - Dry","01 - Traffic signal","02 - Intersection related","07 - Dark","03 - P.D. only","03 - Rear end"
"3418","CEDARVIEW RD @ WEST HUNT CLUB RD","359719.22385","5019553.38480","-75.79957","45.31378","2017","9/26/2017","4:51:00 PM","01 - Clear","01 - Dry","01 - Traffic signal","03 - At intersection","01 - Daylight","03 - P.D. only","03 - Rear end"
"3419","CEDARVIEW RD @ WEST HUNT CLUB RD","359718.67740","5019554.24101","-75.79957","45.31379","2017","12/12/2017","3:14:00 PM","03 - Snow","03 - Loose snow","01 - Traffic signal","03 - At intersection","01 - Daylight","03 - P.D. only","03 - Rear end"
"3420","CEDARVIEW RD @ WEST HUNT CLUB RD","359717.72161","5019554.23875","-75.79959","45.31379","2017","12/10/2017","1:23:00 PM","01 - Clear","01 - Dry","01 - Traffic signal","02 - Intersection related","01 - Daylight","02 - Non-fatal injury","03 - Rear end"
"3421","CEDARVIEW RD @ WEST HUNT CLUB RD","359718.34295","5019554.47770","-75.79958","45.31379","2017","11/16/2017","6:07:00 PM","02 - Rain","02 - Wet","01 - Traffic signal","03 - At intersection","07 - Dark","03 - P.D. only","05 - Turning movement"
"3422","CEDARVIEW RD @ WEST HUNT CLUB RD","359720.45636","5019555.03304","-75.79955","45.31380","2017","2/15/2017","9:06:00 AM","01 - Clear","02 - Wet","01 - Traffic signal","02 - Intersection related","01 - Daylight","03 - P.D. only","03 - Rear end"
"3423","CEDARVIEW RD @ WEST HUNT CLUB RD","359719.01185","5019553.80880","-75.79957","45.31379","2017","3/24/2017","3:42:00 PM","03 - Snow","04 - Slush","01 - Traffic signal","02 - Intersection related","01 - Daylight","03 - P.D. only","04 - Sideswipe"
"3424","CEDARVIEW RD @ WEST HUNT CLUB RD","359720.20591","5019557.53471","-75.79955","45.31382","2017","2/22/2017","9:50:00 AM","01 - Clear","02 - Wet","01 - Traffic signal","03 - At intersection","01 - Daylight","03 - P.D. only","05 - Turning movement"
"3425","CEDARVIEW RD @ WEST HUNT CLUB RD","359718.34295","5019554.47770","-75.79958","45.31379","2017","3/14/2017","5:30:00 PM","03 - Snow","03 - Loose snow","01 - Traffic signal","02 - Intersection related","01 - Daylight","03 - P.D. only","03 - Rear end"
"3426","CEDARVIEW RD @ WEST HUNT CLUB RD","359717.72161","5019554.71665","-75.79959","45.31380","2017","12/29/2017","6:54:00 PM","01 - Clear","05 - Packed snow","01 - Traffic signal","03 - At intersection","07 - Dark","03 - P.D. only","05 - Turning movement"
"3427","CEDARVIEW RD @ WEST HUNT CLUB RD","359718.20403","5019554.71439","-75.79958","45.31380","2017","12/19/2017","8:56:00 AM","03 - Snow","05 - Packed snow","01 - Traffic signal","02 - Intersection related","01 - Daylight","03 - P.D. only","05 - Turning movement"
"3428","CEDARVIEW RD btwn 217 S OF FALLOWFIELD RD/CEDARVIEW MIDDLE PS & JOCKVA","361426.79194","5015368.58054","-75.77827","45.27599","2017","5/19/2017","2:30:00 PM","01 - Clear","01 - Dry","10 - No control","04 - At/near private drive","01 - Daylight","02 - Non-fatal injury","05 - Turning movement"
"3429","CEDARVIEW RD btwn BRUIN RD & HWY416 IC72 RAMP62","359568.08774","5019812.78843","-75.80146","45.31613","2017","7/17/2017","2:55:00 PM","01 - Clear","01 - Dry","10 - No control","01 - Non intersection","01 - Daylight","02 - Non-fatal injury","05 - Turning movement"
"3430","CEDARVIEW RD btwn BRUIN RD & HWY416 IC72 RAMP62","359285.04045","5020743.05127","-75.80497","45.32452","2017","2/14/2017","10:57:00 PM","03 - Snow","03 - Loose snow","10 - No control","01 - Non intersection","07 - Dark","03 - P.D. only","07 - SMV other"
"3431","CEDARVIEW RD btwn WEST HUNT CLUB RD & LYTLE AVE","359742.57226","5019510.98905","-75.79927","45.31340","2017","12/13/2017","9:00:00 AM","03 - Snow","03 - Loose snow","10 - No control","01 - Non intersection","01 - Daylight","03 - P.D. only","03 - Rear end"
"3432","CEDARVIEW RD btwn WEST HUNT CLUB RD & LYTLE AVE","360111.31985","5018642.19254","-75.79467","45.30555","2017","11/1/2017","12:42:00 PM","02 - Rain","02 - Wet","10 - No control","01 - Non intersection","01 - Daylight","03 - P.D. only","07 - SMV other"
"3433","CEDARWOOD DR @ WALKLEY RD","371194.39415","5026456.86179","-75.65230","45.37491","2017","5/31/2017","9:12:00 PM","02 - Rain","02 - Wet","01 - Traffic signal","03 - At intersection","07 - Dark","03 - P.D. only","05 - Turning movement"
"3434","CEDARWOOD DR @ WALKLEY RD","371194.72860","5026454.81394","-75.65230","45.37489","2017","8/31/2017","4:52:00 PM","01 - Clear","01 - Dry","01 - Traffic signal","02 - Intersection related","01 - Daylight","03 - P.D. only","03 - Rear end"
"3435","CEDARWOOD DR @ WALKLEY RD","371195.83848","5026455.74598","-75.65228","45.37490","2017","8/28/2017","3:30:00 PM","01 - Clear","01 - Dry","01 - Traffic signal","02 - Intersection related","01 - Daylight","02 - Non-fatal injury","03 - Rear end"
"3436","CEDARWOOD DR @ WALKLEY RD","371194.72860","5026455.74746","-75.65230","45.37490","2017","9/18/2017","6:45:00 PM","01 - Clear","01 - Dry","01 - Traffic signal","02 - Intersection related","01 - Daylight","02 - Non-fatal injury","03 - Rear end"
"3437","CEDARWOOD DR @ WALKLEY RD","371193.87023","5026453.80726","-75.65231","45.37488","2017","1/10/2017","8:43:00 AM","01 - Clear","04 - Slush","01 - Traffic signal","02 - Intersection related","01 - Daylight","03 - P.D. only","03 - Rear end"
"3438","CEDARWOOD DR @ WALKLEY RD","371193.22766","5026456.64970","-75.65232","45.37491","2017","3/12/2017","11:48:00 AM","01 - Clear","01 - Dry","01 - Traffic signal","02 - Intersection related","01 - Daylight","03 - P.D. only","03 - Rear end"
"3439","CEDARWOOD DR btwn WALKLEY RD & BAYCREST DR","371176.73940","5026486.80997","-75.65252","45.37518","2017","5/5/2017","11:41:00 PM","02 - Rain","02 - Wet","10 - No control","04 - At/near private drive","07 - Dark","03 - P.D. only","05 - Turning movement"
"3440","CEDARWOOD DR btwn WALKLEY RD & BAYCREST DR","371135.46934","5026561.37824","-75.65304","45.37585","2017","8/31/2017","1:48:00 PM","01 - Clear","01 - Dry","10 - No control","01 - Non intersection","01 - Daylight","03 - P.D. only","06 - SMV unattended vehicle"
"3441","CEDARWOOD DR btwn WALKLEY RD & BAYCREST DR","371122.10592","5026632.35749","-75.65320","45.37649","2017","11/10/2017","3:09:00 PM","01 - Clear","01 - Dry","10 - No control","04 - At/near private drive","01 - Daylight","03 - P.D. only","02 - Angle"
"3442","CELESTE WAY btwn VENUS AVE & BALLANTYNE DR","385736.42197","5037319.89396","-75.46488","45.47111","2017","9/20/2017","8:45:00 AM","01 - Clear","01 - Dry","10 - No control","01 - Non intersection","01 - Daylight","03 - P.D. only","01 - Approaching"
"3443","CELTIC CRT btwn Continuation of CELTIC CRT & Continuation of CELTIC CR","371759.42702","5025140.44998","-75.64527","45.36301","2017","2/8/2017","3:06:00 PM","01 - Clear","05 - Packed snow","10 - No control","01 - Non intersection","01 - Daylight","03 - P.D. only","99 - Other"
"3444","CELTIC RIDGE CRES/MARCONI AVE @ MAXWELL BRIDGE","349386.69016","5024757.30134","-75.93087","45.36134","2017","12/7/2017","6:55:00 PM","03 - Snow","03 - Loose snow","10 - No control","03 - At intersection","07 - Dark","02 - Non-fatal injury","02 - Angle"
"3445","CENTENNIAL BLVD @ MAIN ST","369480.05377","5029416.33782","-75.67380","45.40170","2017","8/24/2017","2:39:00 PM","01 - Clear","01 - Dry","02 - Stop sign","02 - Intersection related","01 - Daylight","03 - P.D. only","03 - Rear end"
"3446","CENTENNIAL BLVD @ MAIN ST","369479.71636","5029414.55311","-75.67380","45.40168","2017","12/4/2017","3:45:00 PM","01 - Clear","01 - Dry","02 - Stop sign","03 - At intersection","01 - Daylight","03 - P.D. only","02 - Angle"
"3447","CENTENNIAL BLVD @ MAIN ST","369480.54843","5029416.28818","-75.67379","45.40170","2017","11/21/2017","10:02:00 AM","01 - Clear","01 - Dry","02 - Stop sign","03 - At intersection","01 - Daylight","03 - P.D. only","02 - Angle"
"3448","CENTENNIAL BLVD @ MAIN ST","369480.42406","5029417.06582","-75.67379","45.40170","2017","1/31/2017","7:48:00 AM","01 - Clear","01 - Dry","02 - Stop sign","03 - At intersection","03 - Dawn","03 - P.D. only","02 - Angle"
"3449","CENTENNIAL BLVD @ MAIN ST","369480.38525","5029416.55980","-75.67379","45.40170","2017","3/24/2017","9:15:00 AM","03 - Snow","03 - Loose snow","02 - Stop sign","02 - Intersection related","01 - Daylight","03 - P.D. only","02 - Angle"
"3450","CENTENNIAL BLVD @ MAIN ST","369480.81725","5029416.55700","-75.67379","45.40170","2017","12/19/2017","9:00:00 AM","03 - Snow","03 - Loose snow","02 - Stop sign","03 - At intersection","01 - Daylight","03 - P.D. only","04 - Sideswipe"
"3451","CENTER ST @ MONTREAL RD","371820.70476","5033950.91880","-75.64329","45.44228","2017","6/23/2017","10:42:00 AM","01 - Clear","01 - Dry","02 - Stop sign","03 - At intersection","01 - Daylight","03 - P.D. only","05 - Turning movement"
"3452","CENTER ST @ MONTREAL RD","371821.37634","5033951.44030","-75.64328","45.44228","2017","7/15/2017","8:48:00 AM","01 - Clear","01 - Dry","02 - Stop sign","02 - Intersection related","01 - Daylight","02 - Non-fatal injury","02 - Angle"
"3453","CENTER ST @ MONTREAL RD","371820.70476","5033952.25660","-75.64329","45.44229","2017","11/15/2017","6:45:00 PM","01 - Clear","01 - Dry","02 - Stop sign","03 - At intersection","07 - Dark","03 - P.D. only","04 - Sideswipe"
"3454","CENTER ST @ MONTREAL RD","371820.25258","5033956.44488","-75.64329","45.44233","2017","1/10/2017","9:19:00 AM","01 - Clear","01 - Dry","02 - Stop sign","02 - Intersection related","01 - Daylight","03 - P.D. only","04 - Sideswipe"
"3455","CENTER ST btwn MONTREAL RD & PAUL AVE","371916.34456","5033709.65823","-75.64210","45.44010","2017","8/1/2017","12:00:00 PM","01 - Clear","01 - Dry","10 - No control","01 - Non intersection","01 - Daylight","03 - P.D. only","04 - Sideswipe"
"3456","CENTER ST btwn MONTREAL RD & PAUL AVE","371864.45935","5033846.80597","-75.64274","45.44134","2017","3/19/2017","11:16:00 AM","01 - Clear","01 - Dry","10 - No control","01 - Non intersection","01 - Daylight","03 - P.D. only","01 - Approaching"
"3457","CENTERRA CRT btwn END & KILBIRNIE DR","365312.41530","5011768.38240","-75.72919","45.24327","2017","3/26/2017","3:32:00 PM","01 - Clear","02 - Wet","10 - No control","04 - At/near private drive","01 - Daylight","03 - P.D. only","06 - SMV unattended vehicle"
"3458","CENTRAL PARK DR @ SCOUT ST","364668.75185","5025466.85778","-75.73573","45.36659","2017","1/9/2017","9:35:00 AM","01 - Clear","06 - Ice","02 - Stop sign","02 - Intersection related","01 - Daylight","03 - P.D. only","01 - Approaching"
"3459","CENTRAL PARK DR btwn CRYSTAL PARK CRES & MERIVALE RD","364923.89435","5025870.48110","-75.73242","45.37020","2017","8/12/2017","5:00:00 AM","02 - Rain","02 - Wet","10 - No control","04 - At/near private drive","07 - Dark","03 - P.D. only","02 - Angle"
"3460","CENTRAL PARK DR btwn CRYSTAL PARK CRES & MERIVALE RD","364910.70561","5025868.53397","-75.73259","45.37018","2017","11/17/2017","11:07:00 AM","01 - Clear","01 - Dry","10 - No control","01 - Non intersection","01 - Daylight","03 - P.D. only","05 - Turning movement"
"3461","CENTRAL PARK DR btwn CRYSTAL PARK CRES & MERIVALE RD","364924.47581","5025868.90553","-75.73242","45.37018","2017","2/16/2017","10:33:00 AM","01 - Clear","05 - Packed snow","10 - No control","04 - At/near private drive","01 - Daylight","03 - P.D. only","03 - Rear end"
"3462","CENTRAL PARK DR N @ MERIVALE RD","364953.23835","5025873.58780","-75.73205","45.37022","2017","5/9/2017","9:20:00 AM","01 - Clear","01 - Dry","01 - Traffic signal","03 - At intersection","01 - Daylight","02 - Non-fatal injury","07 - SMV other"
"3463","CENTRAL PARK DR N @ MERIVALE RD","364953.79775","5025872.91741","-75.73204","45.37022","2017","9/13/2017","6:20:00 PM","01 - Clear","01 - Dry","01 - Traffic signal","02 - Intersection related","01 - Daylight","03 - P.D. only","04 - Sideswipe"
"3464","CENTRAL PARK DR N @ MERIVALE RD","364952.00198","5025873.81328","-75.73207","45.37023","2017","3/22/2017","7:55:00 PM","01 - Clear","01 - Dry","01 - Traffic signal","02 - Intersection related","07 - Dark","03 - P.D. only","03 - Rear end"
"3465","CENTRAL PARK DR N @ MERIVALE RD","364954.57614","5025873.58780","-75.73203","45.37022","2017","2/27/2017","12:33:00 PM","01 - Clear","01 - Dry","01 - Traffic signal","02 - Intersection related","01 - Daylight","03 - P.D. only","04 - Sideswipe"
"3466","CENTRAL PARK DR N @ MERIVALE RD","364953.90724","5025872.25001","-75.73204","45.37021","2017","3/8/2017","9:22:00 AM","01 - Clear","01 - Dry","01 - Traffic signal","02 - Intersection related","01 - Daylight","03 - P.D. only","04 - Sideswipe"
"3467","CENTRAL PARK DR N @ MERIVALE RD","364954.06431","5025874.70422","-75.73204","45.37023","2017","12/20/2017","5:45:00 PM","01 - Clear","02 - Wet","01 - Traffic signal","02 - Intersection related","07 - Dark","03 - P.D. only","02 - Angle"
"3468","CENTRAL PARK DR S @ MERIVALE RD","364987.20040","5025597.37388","-75.73165","45.36774","2017","7/18/2017","8:23:00 PM","01 - Clear","01 - Dry","01 - Traffic signal","02 - Intersection related","01 - Daylight","02 - Non-fatal injury","03 - Rear end"
"3469","CENTRAL PARK DR S @ MERIVALE RD","364987.05709","5025598.04244","-75.73165","45.36774","2017","1/6/2017","10:26:00 AM","01 - Clear","06 - Ice","01 - Traffic signal","02 - Intersection related","01 - Daylight","03 - P.D. only","03 - Rear end"
"3470","CENTREPOINTE DR @ CONSTELLATION CRES S","362377.36045","5023120.74600","-75.76525","45.34567","2017","11/15/2017","1:57:00 PM","01 - Clear","01 - Dry","02 - Stop sign","03 - At intersection","01 - Daylight","02 - Non-fatal injury","07 - SMV other"
"3471","CENTREPOINTE DR @ DALECROFT CRT W","362244.93809","5022242.71614","-75.76704","45.33778","2017","2/15/2017","9:11:00 AM","03 - Snow","03 - Loose snow","02 - Stop sign","03 - At intersection","01 - Daylight","03 - P.D. only","02 - Angle"
"3472","CENTREPOINTE DR @ GEMINI WAY","362113.21237","5023380.99376","-75.76859","45.34803","2017","12/22/2017","1:00:00 PM","03 - Snow","06 - Ice","02 - Stop sign","02 - Intersection related","01 - Daylight","03 - P.D. only","01 - Approaching"
"3473","CENTREPOINTE DR @ HEMMINGWOOD WAY E","362327.01290","5023203.78884","-75.76589","45.34642","2017","1/4/2017","3:10:00 PM","03 - Snow","04 - Slush","02 - Stop sign","02 - Intersection related","01 - Daylight","02 - Non-fatal injury","02 - Angle"
"3474","CENTREPOINTE DR @ MARBLE ARCH CRES N","361796.01285","5022636.82640","-75.77273","45.34136","2017","7/4/2017","10:40:00 AM","01 - Clear","01 - Dry","02 - Stop sign","02 - Intersection related","01 - Daylight","02 - Non-fatal injury","02 - Angle"
"3475","CENTREPOINTE DR @ REC PATH BEN FRANKLIN PL","362420.67271","5023032.02756","-75.76471","45.34487","2017","11/15/2017","9:22:00 AM","01 - Clear","01 - Dry","01 - Traffic signal","03 - At intersection","01 - Daylight","02 - Non-fatal injury","07 - SMV other"
"3476","CENTREPOINTE DR @ SUMMERWALK PL","361816.34415","5022578.49970","-75.77247","45.34084","2017","2/27/2017","4:22:00 PM","01 - Clear","01 - Dry","02 - Stop sign","02 - Intersection related","01 - Daylight","03 - P.D. only","03 - Rear end"
"3477","CENTREPOINTE DR @ TALLWOOD DR","362670.35855","5022576.49950","-75.76158","45.34075","2017","6/20/2017","12:28:00 PM","01 - Clear","01 - Dry","01 - Traffic signal","03 - At intersection","01 - Daylight","02 - Non-fatal injury","02 - Angle"
"3478","CENTREPOINTE DR @ TALLWOOD DR","362671.17090","5022575.78265","-75.76157","45.34074","2017","12/19/2017","7:19:00 PM","03 - Snow","06 - Ice","01 - Traffic signal","02 - Intersection related","07 - Dark","03 - P.D. only","03 - Rear end"
"3479","CENTREPOINTE DR btwn Continuation of CENTREPOINTE DR & HEMMINGWOOD WAY","362298.65085","5023250.97300","-75.76624","45.34685","2017","9/3/2017","1:18:00 PM","02 - Rain","02 - Wet","10 - No control","01 - Non intersection","01 - Daylight","02 - Non-fatal injury","07 - SMV other"
"3480","CENTREPOINTE DR btwn HEMMINGWOOD WAY & Continuation of CENTREPOINTE DR","362355.48969","5023158.50997","-75.76553","45.34601","2017","6/23/2017","12:55:00 PM","02 - Rain","02 - Wet","10 - No control","01 - Non intersection","01 - Daylight","02 - Non-fatal injury","04 - Sideswipe"
"3481","CENTREPOINTE DR btwn REC PATH BEN FRANKLIN PL & PASEO PRIV","362508.75488","5022868.82944","-75.76361","45.34339","2017","10/12/2017","9:15:00 PM","01 - Clear","01 - Dry","10 - No control","04 - At/near private drive","07 - Dark","03 - P.D. only","07 - SMV other"
"3482","CENTURY RD    E btwn FIRST LINE RD & MANOTICK MAIN ST","368269.02735","5007737.11830","-75.69204","45.20674","2017","5/16/2017","9:20:00 AM","01 - Clear","01 - Dry","10 - No control","01 - Non intersection","01 - Daylight","03 - P.D. only","07 - SMV other"
"3483","CENTURY RD    W btwn MCCORDICK RD & TO BE DETERMINED","361108.53725","5003465.85850","-75.78367","45.16892","2017","11/17/2017","1:30:00 PM","01 - Clear","01 - Dry","10 - No control","04 - At/near private drive","01 - Daylight","03 - P.D. only","05 - Turning movement"
"3484","CENTURY RD @ FOURTH LINE RD","362212.64444","5004061.99431","-75.76956","45.17419","2017","10/22/2017","3:15:00 PM","01 - Clear","01 - Dry","02 - Stop sign","02 - Intersection related","01 - Daylight","03 - P.D. only","04 - Sideswipe"
"3485","CENTURY RD S @ MCCORDICK RD S","360470.41745","5003124.52570","-75.79183","45.16590","2017","5/16/2017","6:26:00 PM","01 - Clear","01 - Dry","02 - Stop sign","03 - At intersection","01 - Daylight","02 - Non-fatal injury","02 - Angle"
"3486","CENTURY RD S @ MCCORDICK RD S","360470.41745","5003121.85012","-75.79183","45.16587","2017","6/20/2017","10:44:00 PM","01 - Clear","01 - Dry","02 - Stop sign","03 - At intersection","07 - Dark","02 - Non-fatal injury","02 - Angle"
"3487","CENTURY RD S @ MCCORDICK RD S","360469.93876","5003122.65578","-75.79183","45.16588","2017","9/8/2017","5:59:00 PM","02 - Rain","02 - Wet","02 - Stop sign","03 - At intersection","01 - Daylight","02 - Non-fatal injury","02 - Angle"
"3488","CENTURY RD S @ MCCORDICK RD S","360469.74856","5003121.85012","-75.79183","45.16587","2017","2/25/2017","7:53:00 PM","01 - Clear","02 - Wet","02 - Stop sign","03 - At intersection","07 - Dark","02 - Non-fatal injury","02 - Angle"
"3489","CENTURY RD W @ WILLIAM MCEWEN DR","365624.14001","5006094.32807","-75.72591","45.19219","2017","12/22/2017","1:00:00 PM","03 - Snow","03 - Loose snow","02 - Stop sign","02 - Intersection related","01 - Daylight","03 - P.D. only","01 - Approaching"
"3490","CHAMBERLAIN AVE @ GLENDALE AVE","367717.04385","5029920.90619","-75.69625","45.40640","2017","5/5/2017","8:04:00 PM","02 - Rain","02 - Wet","02 - Stop sign","02 - Intersection related","05 - Dusk","02 - Non-fatal injury","03 - Rear end"
"3491","CHAMBERLAIN AVE @ PERCY ST","367559.04735","5029824.55920","-75.69828","45.40554","2017","4/12/2017","8:37:00 AM","01 - Clear","01 - Dry","01 - Traffic signal","02 - Intersection related","01 - Daylight","03 - P.D. only","04 - Sideswipe"
"3492","CHAMBERLAIN AVE btwn IMPERIAL AVE & PERCY ST","367425.39226","5029740.54167","-75.70000","45.40480","2017","6/30/2017","5:02:00 PM","01 - Clear","02 - Wet","10 - No control","01 - Non intersection","01 - Daylight","02 - Non-fatal injury","07 - SMV other"
"3493","CHAMBERLAIN AVE btwn KENT ST & TO BE DETERMINED","368014.10369","5030094.07029","-75.69244","45.40793","2017","8/22/2017","4:28:00 PM","01 - Clear","02 - Wet","10 - No control","01 - Non intersection","01 - Daylight","03 - P.D. only","04 - Sideswipe"
"3494","CHAMBERLAIN AVE btwn KENT ST & TO BE DETERMINED","368020.80679","5030097.49153","-75.69235","45.40796","2017","9/13/2017","9:12:00 AM","01 - Clear","01 - Dry","10 - No control","01 - Non intersection","01 - Daylight","02 - Non-fatal injury","07 - SMV other"
"3495","CHAMBERLAIN AVE btwn PERCY ST & GLENDALE AVE","367697.64585","5029906.85937","-75.69650","45.40627","2017","4/21/2017","1:30:00 PM","01 - Clear","01 - Dry","10 - No control","01 - Non intersection","01 - Daylight","03 - P.D. only","04 - Sideswipe"
"3496","CHAMPAGNE AVE @ WELLINGTON ST","365954.85724","5030345.06224","-75.71871","45.41037","2017","4/26/2017","4:36:00 PM","01 - Clear","01 - Dry","02 - Stop sign","03 - At intersection","01 - Daylight","02 - Non-fatal injury","05 - Turning movement"
"3497","CHAMPLAIN BRIDGE/ISLAND PARK DR @ BATE ISLAND","362970.50803","5030058.58127","-75.75687","45.40805","2017","9/11/2017","1:08:00 PM","01 - Clear","01 - Dry","02 - Stop sign","02 - Intersection related","01 - Daylight","02 - Non-fatal injury","05 - Turning movement"