"Record","Location","X","Y","Longitude","Latitude","Year","Date","Time","Environment","Road_Surface","Traffic_Control","Collision_Location","Light","Collision_Classification","Impact_type"
"3498","CHAMPLAIN BRIDGE/ISLAND PARK DR @ BATE ISLAND","362965.86862","5030054.70844","-75.75693","45.40801","2017","4/11/2017","6:15:00 AM","01 - Clear","01 - Dry","02 - Stop sign","02 - Intersection related","01 - Daylight","03 - P.D. only","05 - Turning movement"
"3499","CHAMPLAIN BRIDGE/ISLAND PARK DR btwn BATE ISLAND & OTTAWA RIVER PKWY","363136.56629","5029606.30558","-75.75480","45.40396","2017","3/6/2017","8:13:00 AM","01 - Clear","01 - Dry","10 - No control","01 - Non intersection","01 - Daylight","03 - P.D. only","04 - Sideswipe"
"3500","CHAMPLAIN BRIDGE/ISLAND PARK DR btwn BATE ISLAND & OTTAWA RIVER PKWY","363135.87337","5029600.13053","-75.75481","45.40391","2017","4/26/2017","6:35:00 AM","02 - Rain","02 - Wet","10 - No control","01 - Non intersection","01 - Daylight","03 - P.D. only","03 - Rear end"
"3501","CHAMPLAIN BRIDGE/ISLAND PARK DR btwn BATE ISLAND & OTTAWA RIVER PKWY","363092.49687","5029874.92261","-75.75533","45.40638","2017","5/3/2017","12:00:00 AM","01 - Clear","01 - Dry","10 - No control","07 - Overpass or bridge","00 - Unknown","03 - P.D. only","03 - Rear end"
"3502","CHAMPLAIN BRIDGE/ISLAND PARK DR btwn BATE ISLAND & OTTAWA RIVER PKWY","363092.52663","5029875.59840","-75.75533","45.40639","2017","7/17/2017","4:50:00 PM","01 - Clear","01 - Dry","10 - No control","01 - Non intersection","01 - Daylight","03 - P.D. only","03 - Rear end"
"3503","CHAMPLAIN BRIDGE/ISLAND PARK DR btwn BATE ISLAND & OTTAWA RIVER PKWY","362977.72039","5030043.86381","-75.75678","45.40791","2017","12/29/2017","7:50:00 AM","01 - Clear","06 - Ice","10 - No control","01 - Non intersection","03 - Dawn","03 - P.D. only","07 - SMV other"
"3504","CHAMPLAIN BRIDGE/ISLAND PARK DR btwn BATE ISLAND & OTTAWA RIVER PKWY","363131.29788","5029638.47379","-75.75486","45.40425","2017","9/20/2017","6:40:00 AM","01 - Clear","01 - Dry","10 - No control","07 - Overpass or bridge","03 - Dawn","02 - Non-fatal injury","07 - SMV other"
"3505","CHAMPLAIN BRIDGE/ISLAND PARK DR btwn BATE ISLAND & OTTAWA RIVER PKWY","363073.00930","5029910.46599","-75.75557","45.40671","2017","5/9/2017","6:03:00 PM","03 - Snow","01 - Dry","10 - No control","07 - Overpass or bridge","01 - Daylight","03 - P.D. only","04 - Sideswipe"
"3506","CHAMPLAIN BRIDGE/ISLAND PARK DR btwn BATE ISLAND & PROVINCIAL BOUNDARY","362756.32115","5030246.85977","-75.75958","45.40976","2017","12/2/2017","11:00:00 AM","01 - Clear","01 - Dry","10 - No control","01 - Non intersection","01 - Daylight","03 - P.D. only","04 - Sideswipe"
"3507","CHAMPLAIN BRIDGE/ISLAND PARK DR btwn BATE ISLAND & PROVINCIAL BOUNDARY","362924.89027","5030106.92405","-75.75744","45.40849","2017","9/6/2017","3:48:00 PM","01 - Clear","01 - Dry","10 - No control","01 - Non intersection","01 - Daylight","03 - P.D. only","03 - Rear end"
"3508","CHAMPLAIN BRIDGE/ISLAND PARK DR btwn BATE ISLAND & PROVINCIAL BOUNDARY","362924.78633","5030107.04696","-75.75744","45.40849","2017","8/5/2017","12:00:00 AM","01 - Clear","01 - Dry","10 - No control","07 - Overpass or bridge","00 - Unknown","03 - P.D. only","04 - Sideswipe"
"3509","CHAMPLAIN BRIDGE/ISLAND PARK DR btwn BATE ISLAND & PROVINCIAL BOUNDARY","362936.23869","5030093.34936","-75.75730","45.40836","2017","9/21/2017","5:45:00 PM","01 - Clear","01 - Dry","10 - No control","01 - Non intersection","01 - Daylight","03 - P.D. only","03 - Rear end"
"3510","CHAMPLAIN BRIDGE/ISLAND PARK DR btwn BATE ISLAND & PROVINCIAL BOUNDARY","362756.21711","5030246.94561","-75.75958","45.40976","2017","9/23/2017","3:24:00 PM","01 - Clear","01 - Dry","10 - No control","07 - Overpass or bridge","01 - Daylight","03 - P.D. only","03 - Rear end"
"3511","CHAMPLAIN BRIDGE/ISLAND PARK DR btwn BATE ISLAND & PROVINCIAL BOUNDARY","362935.25973","5030094.48707","-75.75731","45.40837","2017","7/25/2017","4:20:00 PM","01 - Clear","01 - Dry","10 - No control","01 - Non intersection","01 - Daylight","03 - P.D. only","03 - Rear end"
"3512","CHAMPLAIN ST @ JEANNE D'ARC BLVD","381381.16482","5038722.41497","-75.52035","45.48422","2017","8/17/2017","6:24:00 PM","01 - Clear","01 - Dry","01 - Traffic signal","03 - At intersection","01 - Daylight","02 - Non-fatal injury","02 - Angle"
"3513","CHAMPLAIN ST @ JEANNE D'ARC BLVD","381379.74470","5038723.83509","-75.52037","45.48424","2017","10/9/2017","3:29:00 PM","01 - Clear","01 - Dry","01 - Traffic signal","03 - At intersection","01 - Daylight","03 - P.D. only","05 - Turning movement"
"3514","CHAMPLAIN ST @ JEANNE D'ARC BLVD","381380.74804","5038723.59840","-75.52036","45.48424","2017","11/17/2017","6:48:00 PM","01 - Clear","01 - Dry","01 - Traffic signal","03 - At intersection","07 - Dark","03 - P.D. only","05 - Turning movement"
"3515","CHAMPLAIN ST @ JEANNE D'ARC BLVD","381380.07915","5038724.93619","-75.52036","45.48425","2017","11/17/2017","6:20:00 PM","01 - Clear","01 - Dry","01 - Traffic signal","03 - At intersection","07 - Dark","03 - P.D. only","05 - Turning movement"
"3516","CHAMPLAIN ST @ PLACE D'ORLEANS  SC E/PLACE D'O","381519.14734","5038373.44351","-75.51864","45.48107","2017","11/20/2017","3:09:00 PM","01 - Clear","01 - Dry","01 - Traffic signal","02 - Intersection related","01 - Daylight","03 - P.D. only","03 - Rear end"
"3517","CHAMPLAIN ST @ PLACE D'ORLEANS  SC E/PLACE D'O","381519.66413","5038375.93474","-75.51863","45.48109","2017","1/16/2017","12:51:00 PM","01 - Clear","01 - Dry","01 - Traffic signal","03 - At intersection","01 - Daylight","03 - P.D. only","02 - Angle"
"3518","CHAMPLAIN ST @ PLACE D'ORLEANS DR","381597.34070","5038180.73350","-75.51767","45.47933","2017","7/5/2017","10:15:00 AM","01 - Clear","01 - Dry","01 - Traffic signal","03 - At intersection","01 - Daylight","03 - P.D. only","02 - Angle"
"3519","CHAMPLAIN ST @ PLACE D'ORLEANS DR","381597.24600","5038179.17656","-75.51767","45.47931","2017","1/19/2017","10:12:00 AM","01 - Clear","02 - Wet","01 - Traffic signal","03 - At intersection","01 - Daylight","03 - P.D. only","02 - Angle"
"3520","CHAMPNEUF DR btwn BOISBRIAND CRES & KINDERSLEY AVE","381627.98432","5036020.20799","-75.51762","45.45989","2017","5/27/2017","12:00:00 AM","01 - Clear","01 - Dry","10 - No control","01 - Non intersection","00 - Unknown","03 - P.D. only","06 - SMV unattended vehicle"
"3521","CHANONHOUSE DR @ DALLAIRE CRES N","357787.98771","5006082.87349","-75.82563","45.19272","2017","1/16/2017","9:16:00 AM","01 - Clear","01 - Dry","02 - Stop sign","02 - Intersection related","01 - Daylight","03 - P.D. only","04 - Sideswipe"
"3522","CHAPEL CRES @ LEES AVE","369691.37725","5031285.23261","-75.67085","45.41849","2017","2/24/2017","11:11:00 PM","02 - Rain","02 - Wet","02 - Stop sign","02 - Intersection related","07 - Dark","02 - Non-fatal injury","07 - SMV other"
"3523","CHAPEL CRES/CHAPEL ST @ MANN AVE","369552.00694","5031552.89229","-75.67260","45.42091","2017","9/27/2017","8:45:00 AM","01 - Clear","01 - Dry","02 - Stop sign","03 - At intersection","01 - Daylight","03 - P.D. only","02 - Angle"
"3524","CHAPEL CRES/CHAPEL ST @ MANN AVE","369551.72523","5031552.61910","-75.67260","45.42091","2017","9/12/2017","5:03:00 PM","01 - Clear","01 - Dry","02 - Stop sign","03 - At intersection","01 - Daylight","03 - P.D. only","02 - Angle"
"3525","CHAPEL CRES/CHAPEL ST @ MANN AVE","369551.70077","5031552.44507","-75.67260","45.42091","2017","12/30/2017","11:30:00 AM","01 - Clear","01 - Dry","02 - Stop sign","03 - At intersection","01 - Daylight","02 - Non-fatal injury","02 - Angle"
"3526","CHAPEL ST @ RIDEAU ST","368892.45300","5032643.35546","-75.68088","45.43079","2017","9/14/2017","5:32:00 PM","01 - Clear","01 - Dry","01 - Traffic signal","03 - At intersection","01 - Daylight","02 - Non-fatal injury","07 - SMV other"
"3527","CHAPEL ST @ RIDEAU ST","368892.88167","5032644.45473","-75.68088","45.43080","2017","12/14/2017","10:06:00 AM","01 - Clear","04 - Slush","01 - Traffic signal","02 - Intersection related","01 - Daylight","03 - P.D. only","05 - Turning movement"
"3528","CHAPEL ST @ SOMERSET ST","369338.37395","5031906.24900","-75.67528","45.42411","2017","10/28/2017","2:01:00 AM","01 - Clear","01 - Dry","02 - Stop sign","02 - Intersection related","07 - Dark","02 - Non-fatal injury","07 - SMV other"
"3529","CHAPEL ST @ SOMERSET ST","369339.04285","5031906.24900","-75.67527","45.42411","2017","11/3/2017","2:42:00 PM","01 - Clear","01 - Dry","02 - Stop sign","03 - At intersection","01 - Daylight","02 - Non-fatal injury","02 - Angle"
"3530","CHAPEL ST @ STEWART ST","369012.70476","5032439.26050","-75.67937","45.42894","2017","2/9/2017","4:33:00 PM","01 - Clear","01 - Dry","02 - Stop sign","03 - At intersection","01 - Daylight","03 - P.D. only","07 - SMV other"
"3531","CHAPEL ST btwn DALY AVE & STEWART ST","368997.14005","5032466.28391","-75.67957","45.42918","2017","4/25/2017","12:00:00 AM","01 - Clear","01 - Dry","10 - No control","01 - Non intersection","00 - Unknown","03 - P.D. only","06 - SMV unattended vehicle"
"3532","CHAPEL ST btwn LAURIER AVE E & OSGOODE ST","369139.47423","5032230.70502","-75.67778","45.42705","2017","9/20/2017","8:08:00 PM","01 - Clear","01 - Dry","10 - No control","01 - Non intersection","07 - Dark","03 - P.D. only","06 - SMV unattended vehicle"
"3533","CHAPEL ST btwn OSGOODE ST & SOMERSET ST E","369247.58393","5032053.67716","-75.67642","45.42545","2017","1/2/2017","9:47:00 AM","01 - Clear","03 - Loose snow","10 - No control","01 - Non intersection","01 - Daylight","03 - P.D. only","06 - SMV unattended vehicle"
"3534","CHAPEL ST btwn TEMPLETON ST & MANN AVE","369475.44120","5031676.88434","-75.67356","45.42204","2017","11/25/2017","12:00:00 AM","01 - Clear","01 - Dry","10 - No control","01 - Non intersection","00 - Unknown","03 - P.D. only","06 - SMV unattended vehicle"
"3535","CHAPMAN BLVD btwn ARCH ST & SAUNDERSON DR","372962.71324","5028941.26034","-75.62938","45.39709","2017","6/30/2017","12:37:00 PM","02 - Rain","02 - Wet","10 - No control","04 - At/near private drive","01 - Daylight","03 - P.D. only","06 - SMV unattended vehicle"
"3536","CHAPMAN MILLS DR @ BEATRICE DR","365540.87266","5014927.16085","-75.72589","45.27168","2017","3/15/2017","9:44:00 PM","03 - Snow","03 - Loose snow","01 - Traffic signal","02 - Intersection related","07 - Dark","03 - P.D. only","03 - Rear end"
"3537","CHAPMAN MILLS DR @ LONGFIELDS DR","364841.82600","5014582.92110","-75.73484","45.26864","2017","8/17/2017","4:26:00 PM","01 - Clear","01 - Dry","02 - Stop sign","02 - Intersection related","01 - Daylight","03 - P.D. only","06 - SMV unattended vehicle"
"3538","CHAPMAN MILLS DR @ LONGFIELDS DR","364841.82600","5014582.92110","-75.73484","45.26864","2017","11/15/2017","3:35:00 PM","01 - Clear","01 - Dry","02 - Stop sign","03 - At intersection","01 - Daylight","03 - P.D. only","02 - Angle"
"3539","CHAPMAN MILLS DR @ LONGFIELDS DR","364841.82600","5014582.92110","-75.73484","45.26864","2017","2/15/2017","9:24:00 AM","03 - Snow","03 - Loose snow","02 - Stop sign","03 - At intersection","01 - Daylight","03 - P.D. only","02 - Angle"
"3540","CHAPMAN MILLS DR btwn BEATRICE DR & MEADGATE GT","365675.46287","5014978.36897","-75.72417","45.27213","2017","3/2/2017","3:38:00 PM","01 - Clear","01 - Dry","10 - No control","04 - At/near private drive","01 - Daylight","03 - P.D. only","02 - Angle"
"3541","CHAPMAN MILLS DR btwn LEAMINGTON WAY & TEMAGAMI DR","365341.01250","5014836.16373","-75.72845","45.27088","2017","7/6/2017","9:24:00 AM","01 - Clear","01 - Dry","10 - No control","01 - Non intersection","01 - Daylight","03 - P.D. only","06 - SMV unattended vehicle"
"3542","CHAPMAN MILLS DR btwn LEAMINGTON WAY & TEMAGAMI DR","365209.58477","5014768.97140","-75.73013","45.27028","2017","11/24/2017","2:26:00 PM","01 - Clear","01 - Dry","10 - No control","01 - Non intersection","01 - Daylight","03 - P.D. only","02 - Angle"
"3543","CHAPMAN MILLS DR btwn LEAMINGTON WAY & TEMAGAMI DR","365282.22047","5014807.58042","-75.72920","45.27062","2017","12/19/2017","12:00:00 AM","03 - Snow","03 - Loose snow","10 - No control","01 - Non intersection","00 - Unknown","03 - P.D. only","06 - SMV unattended vehicle"
"3544","CHAPMAN MILLS DR btwn MEADGATE GT & CLEARBROOK DR","365740.11934","5015003.76751","-75.72334","45.27235","2017","11/2/2017","3:37:00 PM","02 - Rain","02 - Wet","10 - No control","01 - Non intersection","01 - Daylight","03 - P.D. only","04 - Sideswipe"
"3545","CHAPMAN MILLS DR/TRANSITWAY SOUTHWEST @ WOODROFFE AVE","366177.09010","5015219.37010","-75.71775","45.27425","2017","4/13/2017","4:14:00 PM","01 - Clear","01 - Dry","01 - Traffic signal","03 - At intersection","01 - Daylight","03 - P.D. only","04 - Sideswipe"
"3546","CHARDON DRWY btwn COLOMBINE DRWY & EGLANTINE DRWY","364391.58883","5029927.81265","-75.73873","45.40675","2017","10/13/2017","9:30:00 AM","01 - Clear","01 - Dry","10 - No control","01 - Non intersection","01 - Daylight","03 - P.D. only","06 - SMV unattended vehicle"
"3547","CHARDONNAY DR btwn ESPRIT DR & MELANSON CRES","384910.63467","5036098.53572","-75.47564","45.46022","2017","11/15/2017","12:00:00 AM","01 - Clear","01 - Dry","10 - No control","01 - Non intersection","00 - Unknown","03 - P.D. only","06 - SMV unattended vehicle"
"3548","CHARDONNAY DR btwn PELICAN ST & SCALA AVE","385236.66823","5036250.99437","-75.47144","45.46156","2017","11/15/2017","11:08:00 AM","01 - Clear","01 - Dry","10 - No control","01 - Non intersection","01 - Daylight","03 - P.D. only","06 - SMV unattended vehicle"
"3549","CHARDONNAY DR btwn VALDOR WAY & ASSOMPTION ST","384786.63870","5036061.38188","-75.47723","45.45990","2017","3/18/2017","1:01:00 AM","01 - Clear","01 - Dry","10 - No control","04 - At/near private drive","07 - Dark","03 - P.D. only","06 - SMV unattended vehicle"
"3550","CHAREST WAY @ LICHEN AVE W","385327.62251","5036616.14981","-75.47022","45.46483","2017","12/11/2017","1:15:00 PM","01 - Clear","06 - Ice","03 - Yield sign","03 - At intersection","01 - Daylight","03 - P.D. only","02 - Angle"
"3551","CHARKAY ST @ SEYMOUR AVE","365650.70874","5023975.83570","-75.72338","45.35309","2017","5/24/2017","12:25:00 PM","01 - Clear","01 - Dry","03 - Yield sign","03 - At intersection","01 - Daylight","02 - Non-fatal injury","02 - Angle"
"3552","CHARKAY ST @ SEYMOUR AVE","365650.01156","5023976.60429","-75.72339","45.35309","2017","9/1/2017","12:00:00 AM","01 - Clear","01 - Dry","03 - Yield sign","02 - Intersection related","00 - Unknown","03 - P.D. only","06 - SMV unattended vehicle"
"3553","CHARLEMAGNE BLVD @ GARDENWAY DR/BOTTRIELL WAY","384050.35952","5037034.40235","-75.48648","45.46874","2017","3/14/2017","8:29:00 PM","03 - Snow","03 - Loose snow","01 - Traffic signal","02 - Intersection related","07 - Dark","02 - Non-fatal injury","07 - SMV other"
"3554","CHARLEMAGNE BLVD @ ORCHARDVIEW AVE","384506.30977","5037241.45808","-75.48062","45.47055","2017","9/16/2017","2:26:00 PM","01 - Clear","01 - Dry","02 - Stop sign","02 - Intersection related","01 - Daylight","02 - Non-fatal injury","07 - SMV other"
"3555","CHARLEMAGNE BLVD @ ORCHARDVIEW AVE","384508.72112","5037242.85680","-75.48059","45.47056","2017","1/4/2017","6:10:00 PM","03 - Snow","06 - Ice","02 - Stop sign","03 - At intersection","07 - Dark","03 - P.D. only","05 - Turning movement"
"3556","CHARLEMAGNE BLVD @ PRINCESS LOUISE DR E","384092.75710","5038135.77735","-75.48576","45.47864","2017","6/12/2017","5:48:00 PM","01 - Clear","01 - Dry","02 - Stop sign","03 - At intersection","01 - Daylight","03 - P.D. only","99 - Other"
"3557","CHARLEMAGNE BLVD @ PRINCESS LOUISE DR W/VALADE","383520.54404","5037973.01350","-75.49311","45.47724","2017","8/1/2017","7:53:00 AM","01 - Clear","01 - Dry","01 - Traffic signal","03 - At intersection","01 - Daylight","03 - P.D. only","05 - Turning movement"
"3558","CHARLEMAGNE BLVD @ VALADE CRES W","383393.93021","5038002.51144","-75.49472","45.47752","2017","10/19/2017","11:33:00 AM","01 - Clear","01 - Dry","02 - Stop sign","03 - At intersection","01 - Daylight","03 - P.D. only","05 - Turning movement"
"3559","CHARLEMAGNE BLVD @ VALIN ST","384705.42125","5037593.90050","-75.47802","45.47370","2017","4/11/2017","11:55:00 AM","01 - Clear","01 - Dry","02 - Stop sign","03 - At intersection","01 - Daylight","03 - P.D. only","07 - SMV other"
"3560","CHARLEMAGNE BLVD @ WATTERS RD","384559.28250","5038048.80215","-75.47981","45.47781","2017","10/24/2017","12:22:00 PM","01 - Clear","02 - Wet","02 - Stop sign","03 - At intersection","01 - Daylight","03 - P.D. only","07 - SMV other"
"3561","CHARLEMAGNE BLVD btwn ORCHARDVIEW AVE & BOTTRIELL WAY","384458.26172","5037202.44162","-75.48124","45.47021","2017","3/8/2017","9:06:00 AM","01 - Clear","06 - Ice","10 - No control","01 - Non intersection","01 - Daylight","03 - P.D. only","03 - Rear end"
"3562","CHARLEMAGNE BLVD btwn TENTH LINE RD & VALADE CRES","383216.02853","5037989.09095","-75.49700","45.47742","2017","5/22/2017","7:10:00 PM","01 - Clear","01 - Dry","10 - No control","01 - Non intersection","01 - Daylight","03 - P.D. only","05 - Turning movement"
"3563","CHARLEVOIX ST btwn BEECHWOOD AVE & BARRETTE ST","369206.51160","5033571.58597","-75.67675","45.43911","2017","9/28/2017","9:15:00 AM","01 - Clear","02 - Wet","10 - No control","04 - At/near private drive","01 - Daylight","03 - P.D. only","02 - Angle"
"3564","CHARLOTTE ST @ RIDEAU ST","369250.71234","5032858.92330","-75.67628","45.43269","2017","5/28/2017","6:09:00 PM","01 - Clear","01 - Dry","01 - Traffic signal","03 - At intersection","01 - Daylight","02 - Non-fatal injury","07 - SMV other"
"3565","CHARLOTTE ST @ RIDEAU ST","369250.15996","5032859.36672","-75.67628","45.43270","2017","6/2/2017","11:22:00 AM","01 - Clear","01 - Dry","01 - Traffic signal","02 - Intersection related","01 - Daylight","03 - P.D. only","04 - Sideswipe"
"3566","CHARLOTTE ST @ RIDEAU ST","369249.10750","5032858.68994","-75.67630","45.43269","2017","7/5/2017","4:20:00 PM","01 - Clear","01 - Dry","01 - Traffic signal","02 - Intersection related","01 - Daylight","03 - P.D. only","03 - Rear end"
"3567","CHARLOTTE ST @ STEWART ST","369375.03845","5032658.92049","-75.67472","45.43088","2017","5/20/2017","1:00:00 AM","01 - Clear","01 - Dry","01 - Traffic signal","03 - At intersection","07 - Dark","03 - P.D. only","05 - Turning movement"
"3568","CHARLOTTE ST/TORMEY ST @ BRIGADIER PRIV","369204.66251","5032911.66597","-75.67686","45.43317","2017","1/10/2017","3:17:00 PM","03 - Snow","05 - Packed snow","10 - No control","02 - Intersection related","01 - Daylight","03 - P.D. only","02 - Angle"
"3569","CHARLTON DR btwn LOTUS ST & MATHESON RD","373198.12524","5033132.48571","-75.62580","45.43478","2017","10/4/2017","5:06:00 PM","02 - Rain","02 - Wet","10 - No control","01 - Non intersection","01 - Daylight","03 - P.D. only","07 - SMV other"
"3570","CHERRY DR @ FERNBANK RD","351146.59530","5012341.17461","-75.90957","45.24950","2017","12/21/2017","11:13:00 AM","01 - Clear","01 - Dry","02 - Stop sign","03 - At intersection","01 - Daylight","03 - P.D. only","02 - Angle"
"3571","CHESLEY ST @ BANK ST","368995.69187","5028205.50819","-75.68014","45.39085","2017","5/30/2017","4:00:00 PM","01 - Clear","01 - Dry","02 - Stop sign","02 - Intersection related","01 - Daylight","03 - P.D. only","05 - Turning movement"
"3572","CHESTERTON DR @ MEADOWLANDS DR","365102.03805","5024010.17670","-75.73038","45.35344","2017","5/2/2017","5:41:00 PM","01 - Clear","02 - Wet","01 - Traffic signal","02 - Intersection related","01 - Daylight","03 - P.D. only","03 - Rear end"
"3573","CHESTERTON DR @ MEADOWLANDS DR","365101.36915","5024009.50780","-75.73039","45.35344","2017","4/8/2017","8:42:00 AM","01 - Clear","01 - Dry","01 - Traffic signal","03 - At intersection","01 - Daylight","02 - Non-fatal injury","02 - Angle"
"3574","CHESTERTON DR @ MEADOWLANDS DR","365103.37584","5024010.84559","-75.73036","45.35345","2017","3/8/2017","5:47:00 PM","01 - Clear","01 - Dry","01 - Traffic signal","02 - Intersection related","01 - Daylight","03 - P.D. only","03 - Rear end"
"3575","CHESTERTON DR btwn MULVAGH AVE & SOUTHVIEW CRES","365242.58212","5023890.61331","-75.72860","45.35236","2017","7/28/2017","11:24:00 AM","01 - Clear","01 - Dry","10 - No control","04 - At/near private drive","01 - Daylight","03 - P.D. only","02 - Angle"
"3576","CHESTERTON DR/COOLSPRING CRES W @ VIEWMOUNT DR","366231.04325","5023515.51010","-75.71603","45.34889","2017","6/19/2017","2:06:00 PM","01 - Clear","01 - Dry","02 - Stop sign","03 - At intersection","01 - Daylight","03 - P.D. only","02 - Angle"
"3577","CHEVRIER ST @ TRENT ST","365643.70070","5026845.30265","-75.72312","45.37891","2017","12/24/2017","12:33:00 PM","03 - Snow","05 - Packed snow","03 - Yield sign","02 - Intersection related","01 - Daylight","03 - P.D. only","07 - SMV other"
"3578","CHIMO DR btwn LARSEN CRT & INUVIK CRES","352856.07878","5019235.58570","-75.88712","45.31143","2017","8/6/2017","9:50:00 AM","01 - Clear","01 - Dry","10 - No control","01 - Non intersection","01 - Daylight","03 - P.D. only","06 - SMV unattended vehicle"
"3579","CHOMLEY CRES btwn MIMOSA AVE & PENHILL AVE","371648.65635","5030236.02716","-75.64599","45.40887","2017","5/13/2017","12:00:00 AM","01 - Clear","01 - Dry","10 - No control","01 - Non intersection","00 - Unknown","03 - P.D. only","06 - SMV unattended vehicle"
"3580","CHRISTINE AVE btwn PANET ST & SILVER ST","365063.03367","5026861.66909","-75.73053","45.37910","2017","5/12/2017","12:00:00 AM","01 - Clear","01 - Dry","10 - No control","01 - Non intersection","00 - Unknown","03 - P.D. only","06 - SMV unattended vehicle"
"3581","CHURCHILL AVE   N btwn DOVERCOURT AVE & WESTHILL AVE","363623.96712","5027376.45379","-75.74884","45.38386","2017","11/26/2017","7:35:00 PM","03 - Snow","03 - Loose snow","10 - No control","01 - Non intersection","07 - Dark","03 - P.D. only","03 - Rear end"
"3582","CHURCHILL AVE   N btwn DUNCAIRN AVE & DOVERCOURT AVE","363601.59780","5027428.10501","-75.74912","45.38433","2017","8/29/2017","10:50:00 AM","01 - Clear","01 - Dry","10 - No control","04 - At/near private drive","01 - Daylight","03 - P.D. only","02 - Angle"
"3583","CHURCHILL AVE   N btwn KENWOOD AVE & PRINCETON AVE","363410.51429","5027867.77787","-75.75151","45.38830","2017","12/29/2017","10:53:00 PM","01 - Clear","01 - Dry","10 - No control","04 - At/near private drive","07 - Dark","03 - P.D. only","99 - Other"
"3584","CHURCHILL AVE   N btwn RAVENHILL AVE & KENWOOD AVE","363323.66419","5028067.62693","-75.75259","45.39010","2017","6/5/2017","12:00:00 AM","01 - Clear","01 - Dry","10 - No control","01 - Non intersection","00 - Unknown","03 - P.D. only","06 - SMV unattended vehicle"
"3585","CHURCHILL AVE   N btwn RICHMOND RD & DANFORTH AVE","363241.60008","5028258.99126","-75.75362","45.39183","2017","6/29/2017","4:39:00 PM","02 - Rain","02 - Wet","10 - No control","01 - Non intersection","01 - Daylight","03 - P.D. only","04 - Sideswipe"
"3586","CHURCHILL AVE   N btwn RICHMOND RD & DANFORTH AVE","363238.44930","5028263.32582","-75.75366","45.39187","2017","4/13/2017","3:00:00 PM","01 - Clear","01 - Dry","10 - No control","01 - Non intersection","01 - Daylight","03 - P.D. only","06 - SMV unattended vehicle"
"3587","CHURCHILL AVE   N btwn TILLBURY AVE & CARLING AVE","363770.67888","5027039.62476","-75.74701","45.38082","2017","4/22/2017","11:08:00 AM","01 - Clear","01 - Dry","10 - No control","04 - At/near private drive","01 - Daylight","03 - P.D. only","02 - Angle"
"3588","CHURCHILL AVE   N btwn WHITBY AVE & MADISON AVE","363168.45507","5028429.15435","-75.75453","45.39337","2017","12/20/2017","10:00:00 AM","03 - Snow","05 - Packed snow","10 - No control","01 - Non intersection","01 - Daylight","03 - P.D. only","06 - SMV unattended vehicle"
"3589","CHURCHILL AVE @ CLARE ST/PRINCETON AVE","363461.68734","5027750.88020","-75.75087","45.38724","2017","11/26/2017","5:48:00 PM","03 - Snow","06 - Ice","01 - Traffic signal","02 - Intersection related","07 - Dark","03 - P.D. only","07 - SMV other"
"3590","CHURCHILL AVE @ RAVENHILL AVE","363312.91236","5028095.46544","-75.75273","45.39035","2017","8/4/2017","8:10:00 AM","02 - Rain","02 - Wet","02 - Stop sign","02 - Intersection related","01 - Daylight","03 - P.D. only","03 - Rear end"
"3591","CHURCHILL AVE @ RICHMOND RD","363227.69377","5028292.55133","-75.75379","45.39213","2017","9/6/2017","12:00:00 AM","01 - Clear","01 - Dry","01 - Traffic signal","02 - Intersection related","00 - Unknown","03 - P.D. only","06 - SMV unattended vehicle"
"3592","CHURCHILL AVE @ RICHMOND RD","363228.24025","5028292.55130","-75.75378","45.39213","2017","9/26/2017","7:08:00 PM","01 - Clear","01 - Dry","01 - Traffic signal","03 - At intersection","05 - Dusk","03 - P.D. only","05 - Turning movement"
"3593","CHURCHILL AVE @ RICHMOND RD","363227.47699","5028292.27121","-75.75379","45.39213","2017","1/28/2017","3:02:00 PM","03 - Snow","02 - Wet","01 - Traffic signal","02 - Intersection related","01 - Daylight","02 - Non-fatal injury","03 - Rear end"
"3594","CHURCHILL AVE @ SCOTT ST","363097.15874","5028584.54950","-75.75542","45.39477","2017","2/10/2017","12:00:00 AM","01 - Clear","01 - Dry","02 - Stop sign","02 - Intersection related","00 - Unknown","03 - P.D. only","06 - SMV unattended vehicle"
"3595","CHURCHILL AVE @ WHITBY AVE","363162.69404","5028442.22460","-75.75460","45.39349","2017","6/9/2017","4:00:00 PM","01 - Clear","01 - Dry","02 - Stop sign","03 - At intersection","01 - Daylight","03 - P.D. only","05 - Turning movement"
"3596","CHURCHILL AVE @ WILMONT AVE","363130.68826","5028506.55200","-75.75500","45.39407","2017","4/26/2017","5:20:00 PM","01 - Clear","01 - Dry","02 - Stop sign","02 - Intersection related","01 - Daylight","03 - P.D. only","04 - Sideswipe"
"3597","CHURCHILL AVE @ WORKMAN AVE","363064.69653","5028628.05624","-75.75583","45.39517","2017","3/19/2017","4:00:00 PM","01 - Clear","01 - Dry","02 - Stop sign","03 - At intersection","01 - Daylight","03 - P.D. only","02 - Angle"
"3598","CIMARRON CRES btwn Continuation of CIMARRON CRES & Continuation of CIM","361844.61871","5022886.15280","-75.77208","45.34360","2017","11/26/2017","8:00:00 PM","03 - Snow","03 - Loose snow","10 - No control","04 - At/near private drive","07 - Dark","03 - P.D. only","06 - SMV unattended vehicle"
"3599","CINDY HILL CRES btwn LONG ISLAND RD & LONG ISLAND RD","368174.55195","5011264.96215","-75.69280","45.23849","2017","4/21/2017","12:00:00 AM","01 - Clear","01 - Dry","10 - No control","01 - Non intersection","00 - Unknown","03 - P.D. only","06 - SMV unattended vehicle"
"3600","CITIPLACE DR btwn Continuation of CITIPLACE DR & Continuation of CITIP","366754.28963","5023504.48648","-75.70936","45.34875","2017","11/26/2017","12:00:00 AM","03 - Snow","06 - Ice","10 - No control","01 - Non intersection","00 - Unknown","03 - P.D. only","06 - SMV unattended vehicle"