"Record","Location","X","Y","Longitude","Latitude","Year","Date","Time","Environment","Road_Surface","Traffic_Control","Collision_Location","Light","Collision_Classification","Impact_type"
"3601","CITRINE ST btwn NACARAT ST & TRIGORIA CRES","383540.16070","5035050.28330","-75.49332","45.45095","2017","4/11/2017","11:04:00 AM","02 - Rain","02 - Wet","10 - No control","04 - At/near private drive","01 - Daylight","03 - P.D. only","06 - SMV unattended vehicle"
"3602","CITY CENTRE AVE btwn SPRUCE ST & END","366065.96471","5030090.89431","-75.71732","45.40807","2017","2/22/2017","9:30:00 AM","01 - Clear","02 - Wet","10 - No control","04 - At/near private drive","01 - Daylight","03 - P.D. only","06 - SMV unattended vehicle"
"3603","CITY PARK DR @ WILBURY RD/HARPER AVE W","373898.58587","5032653.56230","-75.61691","45.43040","2017","1/17/2017","12:00:00 AM","01 - Clear","01 - Dry","02 - Stop sign","02 - Intersection related","00 - Unknown","03 - P.D. only","06 - SMV unattended vehicle"
"3604","CLAPP LANE @ MANOTICK MAIN ST","368757.69976","5009885.71540","-75.68555","45.22603","2017","4/25/2017","5:24:00 PM","02 - Rain","02 - Wet","02 - Stop sign","03 - At intersection","01 - Daylight","03 - P.D. only","02 - Angle"
"3605","CLAPP LANE @ MANOTICK MAIN ST","368759.64985","5009886.14761","-75.68552","45.22603","2017","12/20/2017","2:59:00 PM","01 - Clear","01 - Dry","02 - Stop sign","03 - At intersection","01 - Daylight","03 - P.D. only","02 - Angle"
"3606","CLARE ST @ KIRKWOOD AVE","364068.22481","5027971.51249","-75.74310","45.38918","2017","7/4/2017","6:15:00 PM","01 - Clear","01 - Dry","01 - Traffic signal","02 - Intersection related","01 - Daylight","03 - P.D. only","03 - Rear end"
"3607","CLARE ST @ KIRKWOOD AVE","364067.69964","5027972.88160","-75.74310","45.38919","2017","4/18/2017","7:23:00 AM","01 - Clear","01 - Dry","01 - Traffic signal","03 - At intersection","01 - Daylight","03 - P.D. only","02 - Angle"
"3608","CLARE ST @ WESTHAVEN CRES","363956.04885","5027926.97720","-75.74453","45.38878","2017","8/9/2017","11:11:00 PM","01 - Clear","01 - Dry","02 - Stop sign","03 - At intersection","07 - Dark","03 - P.D. only","05 - Turning movement"
"3609","CLARENCE ST @ COBOURG ST","368950.71274","5033056.59120","-75.68009","45.43450","2017","5/15/2017","9:26:00 PM","01 - Clear","01 - Dry","02 - Stop sign","03 - At intersection","07 - Dark","03 - P.D. only","02 - Angle"
"3610","CLARENCE ST @ COBOURG ST","368949.37495","5033057.26010","-75.68010","45.43451","2017","11/26/2017","6:48:00 PM","03 - Snow","06 - Ice","02 - Stop sign","02 - Intersection related","07 - Dark","03 - P.D. only","07 - SMV other"
"3611","CLARENCE ST @ COBOURG ST","368951.21034","5033056.21597","-75.68008","45.43450","2017","2/7/2017","8:05:00 PM","03 - Snow","03 - Loose snow","02 - Stop sign","03 - At intersection","07 - Dark","02 - Non-fatal injury","07 - SMV other"
"3612","CLARENCE ST @ CUMBERLAND ST","368211.16889","5032608.60690","-75.68959","45.43054","2017","6/15/2017","6:12:00 AM","01 - Clear","01 - Dry","02 - Stop sign","03 - At intersection","01 - Daylight","03 - P.D. only","02 - Angle"
"3613","CLARENCE ST @ CUMBERLAND ST","368213.14433","5032607.36444","-75.68957","45.43052","2017","9/9/2017","2:37:00 AM","01 - Clear","01 - Dry","02 - Stop sign","03 - At intersection","07 - Dark","03 - P.D. only","02 - Angle"
"3614","CLARENCE ST @ CUMBERLAND ST","368212.36295","5032606.25011","-75.68958","45.43051","2017","12/15/2017","2:08:00 PM","03 - Snow","03 - Loose snow","02 - Stop sign","03 - At intersection","01 - Daylight","03 - P.D. only","02 - Angle"
"3615","CLARENCE ST @ DALHOUSIE ST","368042.37852","5032503.04340","-75.69177","45.42960","2017","8/6/2017","2:52:00 AM","01 - Clear","01 - Dry","01 - Traffic signal","03 - At intersection","07 - Dark","02 - Non-fatal injury","07 - SMV other"
"3616","CLARENCE ST @ DALHOUSIE ST","368042.86299","5032503.96252","-75.69176","45.42961","2017","9/8/2017","4:53:00 PM","01 - Clear","01 - Dry","01 - Traffic signal","02 - Intersection related","01 - Daylight","03 - P.D. only","04 - Sideswipe"
"3617","CLARENCE ST @ DALHOUSIE ST","368041.60660","5032502.50500","-75.69178","45.42960","2017","10/13/2017","8:33:00 AM","01 - Clear","01 - Dry","01 - Traffic signal","03 - At intersection","01 - Daylight","03 - P.D. only","05 - Turning movement"
"3618","CLARENCE ST @ KING EDWARD AVE","368336.19966","5032681.96023","-75.68799","45.43118","2017","2/22/2017","7:00:00 AM","01 - Clear","02 - Wet","02 - Stop sign","02 - Intersection related","03 - Dawn","03 - P.D. only","04 - Sideswipe"
"3619","CLARENCE ST @ SUSSEX DR","367752.84272","5032321.70132","-75.69549","45.42800","2017","7/12/2017","7:37:00 PM","01 - Clear","01 - Dry","02 - Stop sign","02 - Intersection related","01 - Daylight","02 - Non-fatal injury","05 - Turning movement"
"3620","CLARENCE ST @ SUSSEX DR","367751.08890","5032321.78135","-75.69551","45.42800","2017","11/2/2017","4:00:00 PM","02 - Rain","02 - Wet","02 - Stop sign","02 - Intersection related","01 - Daylight","03 - P.D. only","02 - Angle"
"3621","CLARENCE ST @ WURTEMBURG ST","369192.38104","5033200.58510","-75.67698","45.43577","2017","4/13/2017","4:50:00 PM","01 - Clear","01 - Dry","02 - Stop sign","03 - At intersection","01 - Daylight","03 - P.D. only","05 - Turning movement"
"3622","CLARENCE ST btwn CUMBERLAND ST & KING EDWARD AVE","368299.34056","5032658.51238","-75.68846","45.43098","2017","10/21/2017","3:12:00 PM","01 - Clear","01 - Dry","10 - No control","01 - Non intersection","01 - Daylight","03 - P.D. only","04 - Sideswipe"
"3623","CLARENCE ST btwn SUSSEX DR & BY WARD MARKET SQ","367846.10852","5032380.18395","-75.69429","45.42851","2017","5/6/2017","1:34:00 AM","01 - Clear","01 - Dry","10 - No control","01 - Non intersection","07 - Dark","03 - P.D. only","06 - SMV unattended vehicle"
"3624","CLARENCE ST btwn SUSSEX DR & BY WARD MARKET SQ","367821.71712","5032364.30205","-75.69460","45.42837","2017","5/21/2017","2:30:00 AM","01 - Clear","01 - Dry","10 - No control","04 - At/near private drive","07 - Dark","03 - P.D. only","06 - SMV unattended vehicle"
"3625","CLARENCE ST btwn WILLIAM ST & DALHOUSIE ST","367987.20549","5032469.64100","-75.69247","45.42931","2017","9/23/2017","2:50:00 AM","01 - Clear","01 - Dry","10 - No control","01 - Non intersection","07 - Dark","03 - P.D. only","06 - SMV unattended vehicle"
"3626","CLARENCE ST btwn WILLIAM ST & DALHOUSIE ST","368001.19102","5032478.62887","-75.69229","45.42939","2017","2/17/2017","12:15:00 AM","01 - Clear","01 - Dry","10 - No control","01 - Non intersection","07 - Dark","03 - P.D. only","06 - SMV unattended vehicle"
"3627","CLARENCE ST btwn WILLIAM ST & DALHOUSIE ST","368021.62927","5032488.88218","-75.69203","45.42948","2017","3/11/2017","2:29:00 AM","01 - Clear","01 - Dry","10 - No control","01 - Non intersection","07 - Dark","03 - P.D. only","04 - Sideswipe"
"3628","CLARENDON AVE @ WELLINGTON ST","364532.24175","5029023.56190","-75.73704","45.39860","2017","9/22/2017","11:09:00 AM","01 - Clear","01 - Dry","01 - Traffic signal","03 - At intersection","01 - Daylight","03 - P.D. only","02 - Angle"
"3629","CLARIDGE DR @ TOTTERIDGE AVE","364653.82445","5016292.56511","-75.73703","45.28404","2017","10/31/2017","7:48:00 PM","01 - Clear","01 - Dry","02 - Stop sign","03 - At intersection","07 - Dark","02 - Non-fatal injury","07 - SMV other"
"3630","CLARIDGE DR btwn BEATRICE DR & SLEAFORD GT","365192.02782","5016529.08513","-75.73014","45.28612","2017","7/4/2017","3:30:00 PM","01 - Clear","01 - Dry","10 - No control","01 - Non intersection","01 - Daylight","03 - P.D. only","99 - Other"
"3631","CLARIDGE DR btwn BEATRICE DR & SLEAFORD GT","365198.86086","5016528.37507","-75.73005","45.28612","2017","4/12/2017","6:51:00 PM","01 - Clear","01 - Dry","10 - No control","01 - Non intersection","01 - Daylight","03 - P.D. only","06 - SMV unattended vehicle"
"3632","CLARIDGE DR btwn FAIRLOP WAY & BERRIGAN DR","364586.03255","5015967.99708","-75.73793","45.28113","2017","8/17/2017","3:09:00 PM","01 - Clear","01 - Dry","10 - No control","01 - Non intersection","01 - Daylight","03 - P.D. only","99 - Other"
"3633","CLARIDGE DR btwn TOTTERIDGE AVE & FAIRLOP WAY","364577.75036","5016242.54195","-75.73801","45.28360","2017","12/2/2017","3:37:00 PM","01 - Clear","01 - Dry","10 - No control","04 - At/near private drive","01 - Daylight","03 - P.D. only","06 - SMV unattended vehicle"
"3634","CLARIDGE DR btwn UPNEY DR & BEATRICE DR","365070.50618","5016515.49153","-75.73169","45.28601","2017","5/17/2017","12:00:00 AM","01 - Clear","01 - Dry","10 - No control","01 - Non intersection","00 - Unknown","03 - P.D. only","06 - SMV unattended vehicle"
"3635","CLARINGTON AVE @ VISTAPARK DR","385171.62075","5035016.10816","-75.47248","45.45045","2017","12/13/2017","2:50:00 PM","01 - Clear","04 - Slush","","02 - Intersection related","01 - Daylight","03 - P.D. only","02 - Angle"
"3636","CLARKE AVE @ CUMMINGS AVE","372173.38715","5033617.92660","-75.63882","45.43925","2017","4/27/2017","6:23:00 PM","01 - Clear","01 - Dry","02 - Stop sign","03 - At intersection","01 - Daylight","03 - P.D. only","05 - Turning movement"
"3637","CLARKE AVE @ CUMMINGS AVE","372174.05605","5033618.59550","-75.63882","45.43925","2017","4/8/2017","9:07:00 AM","01 - Clear","01 - Dry","02 - Stop sign","03 - At intersection","01 - Daylight","03 - P.D. only","05 - Turning movement"
"3638","CLARKE AVE @ ST. LAURENT BLVD","371733.71796","5033352.92100","-75.64448","45.43690","2017","11/26/2017","6:30:00 PM","03 - Snow","02 - Wet","01 - Traffic signal","02 - Intersection related","07 - Dark","03 - P.D. only","03 - Rear end"
"3639","CLARKE AVE @ ST. LAURENT BLVD","371733.62840","5033353.58990","-75.64448","45.43691","2017","1/20/2017","6:45:00 PM","01 - Clear","02 - Wet","01 - Traffic signal","02 - Intersection related","07 - Dark","03 - P.D. only","03 - Rear end"
"3640","CLAUDE ST btwn PAUL AVE & CLARKE AVE","371946.42225","5033506.06641","-75.64174","45.43826","2017","6/16/2017","9:01:00 AM","01 - Clear","01 - Dry","10 - No control","01 - Non intersection","01 - Daylight","03 - P.D. only","06 - SMV unattended vehicle"
"3641","CLAYMOR AVE @ MEADOWLANDS DR","366921.60732","5025322.29912","-75.70699","45.36509","2017","5/30/2017","8:31:00 PM","01 - Clear","01 - Dry","01 - Traffic signal","02 - Intersection related","05 - Dusk","03 - P.D. only","03 - Rear end"
"3642","CLAYMOR AVE @ MEADOWLANDS DR","366920.18760","5025321.76272","-75.70701","45.36509","2017","6/6/2017","6:27:00 PM","01 - Clear","01 - Dry","01 - Traffic signal","02 - Intersection related","01 - Daylight","03 - P.D. only","04 - Sideswipe"
"3643","CLAYMOR AVE @ MEADOWLANDS DR","366920.22750","5025322.76355","-75.70701","45.36510","2017","9/18/2017","9:31:00 AM","01 - Clear","01 - Dry","01 - Traffic signal","03 - At intersection","01 - Daylight","02 - Non-fatal injury","07 - SMV other"
"3644","CLAYMOR AVE @ MEADOWLANDS DR","366921.24814","5025323.33871","-75.70700","45.36510","2017","1/31/2017","3:31:00 AM","01 - Clear","01 - Dry","01 - Traffic signal","02 - Intersection related","07 - Dark","03 - P.D. only","07 - SMV other"
"3645","CLAYMOR AVE btwn GREENBRIAR AVE & NORMANDY CRES","367051.91236","5025167.42505","-75.70535","45.36369","2017","11/21/2017","9:03:00 AM","01 - Clear","06 - Ice","10 - No control","01 - Non intersection","01 - Daylight","03 - P.D. only","06 - SMV unattended vehicle"
"3646","CLAYMOR AVE btwn GREENBRIAR AVE & NORMANDY CRES","367023.59492","5025213.93224","-75.70570","45.36411","2017","11/20/2017","6:23:00 PM","01 - Clear","06 - Ice","10 - No control","04 - At/near private drive","07 - Dark","03 - P.D. only","06 - SMV unattended vehicle"
"3647","CLEARBROOK DR @ CHAPMAN MILLS DR","365923.48380","5015084.39839","-75.72100","45.27306","2017","6/29/2017","2:30:00 PM","02 - Rain","02 - Wet","01 - Traffic signal","02 - Intersection related","01 - Daylight","03 - P.D. only","03 - Rear end"
"3648","CLEARBROOK DR btwn KENTMARE CRES & CHAPMAN MILLS DR","365900.26718","5015126.65857","-75.72129","45.27344","2017","3/21/2017","5:09:00 PM","01 - Clear","02 - Wet","10 - No control","04 - At/near private drive","01 - Daylight","03 - P.D. only","99 - Other"
"3649","CLEARBROOK DR btwn LONGFIELDS DR & SILVERSTONE WAY","364724.14350","5015004.20500","-75.73629","45.27244","2017","4/28/2017","6:51:00 AM","01 - Clear","01 - Dry","10 - No control","01 - Non intersection","01 - Daylight","02 - Non-fatal injury","07 - SMV other"
"3650","CLEARBROOK DR btwn PIAZZA CIR & SILVERSTONE WAY","364805.15400","5015048.66500","-75.73525","45.27283","2017","4/8/2017","1:55:00 PM","01 - Clear","01 - Dry","10 - No control","01 - Non intersection","01 - Daylight","02 - Non-fatal injury","04 - Sideswipe"
"3651","CLEARBROOK DR/MARKETPLACE AVE @ LONGFIELDS DR","364632.16455","5014954.25300","-75.73747","45.27200","2017","7/28/2017","2:35:00 PM","01 - Clear","01 - Dry","01 - Traffic signal","02 - Intersection related","01 - Daylight","03 - P.D. only","05 - Turning movement"
"3652","CLEARBROOK DR/MARKETPLACE AVE @ LONGFIELDS DR","364632.43294","5014954.79326","-75.73746","45.27200","2017","2/4/2017","1:54:00 PM","01 - Clear","01 - Dry","01 - Traffic signal","03 - At intersection","01 - Daylight","03 - P.D. only","05 - Turning movement"
"3653","CLEARBROOK DR/MARKETPLACE AVE @ LONGFIELDS DR","364631.37086","5014952.07663","-75.73748","45.27198","2017","2/22/2017","7:00:00 PM","01 - Clear","01 - Dry","01 - Traffic signal","03 - At intersection","07 - Dark","03 - P.D. only","02 - Angle"
"3654","CLEARVIEW AVE @ ISLAND PARK DR","363546.35485","5029364.56480","-75.74959","45.40175","2017","6/8/2017","10:25:00 AM","01 - Clear","01 - Dry","02 - Stop sign","03 - At intersection","01 - Daylight","03 - P.D. only","02 - Angle"
"3655","CLEARVIEW AVE @ ISLAND PARK DR","363546.68921","5029364.56492","-75.74959","45.40175","2017","6/12/2017","1:00:00 PM","01 - Clear","01 - Dry","02 - Stop sign","02 - Intersection related","01 - Daylight","03 - P.D. only","03 - Rear end"
"3656","CLEARVIEW AVE @ ISLAND PARK DR","363546.68908","5029364.56466","-75.74959","45.40175","2017","8/30/2017","4:21:00 PM","01 - Clear","01 - Dry","02 - Stop sign","02 - Intersection related","01 - Daylight","02 - Non-fatal injury","05 - Turning movement"
"3657","CLEARVIEW AVE @ ISLAND PARK DR","363546.68908","5029364.56492","-75.74959","45.40175","2017","11/6/2017","6:20:00 AM","01 - Clear","02 - Wet","02 - Stop sign","02 - Intersection related","03 - Dawn","03 - P.D. only","02 - Angle"
"3658","CLEARVIEW AVE @ ISLAND PARK DR","363546.68895","5029364.56466","-75.74959","45.40175","2017","9/6/2017","4:30:00 PM","01 - Clear","01 - Dry","02 - Stop sign","02 - Intersection related","01 - Daylight","03 - P.D. only","02 - Angle"
"3659","CLEARVIEW AVE btwn OAK PARK PRIV & END","363265.21249","5029130.56681","-75.75321","45.39967","2017","12/21/2017","7:09:00 PM","01 - Clear","05 - Packed snow","10 - No control","01 - Non intersection","07 - Dark","03 - P.D. only","07 - SMV other"
"3660","CLEGG ST @ COLONEL BY DR","368968.56770","5029741.21395","-75.68029","45.40467","2017","8/20/2017","4:28:00 PM","01 - Clear","01 - Dry","01 - Traffic signal","03 - At intersection","01 - Daylight","03 - P.D. only","03 - Rear end"
"3661","CLEGG ST @ COLONEL BY DR","368968.61410","5029742.10015","-75.68029","45.40467","2017","8/15/2017","9:50:00 AM","01 - Clear","01 - Dry","01 - Traffic signal","03 - At intersection","01 - Daylight","02 - Non-fatal injury","05 - Turning movement"
"3662","CLEGG ST @ COLONEL BY DR","368968.99457","5029741.86120","-75.68028","45.40467","2017","1/26/2017","9:45:00 PM","01 - Clear","01 - Dry","10 - No control","02 - Intersection related","07 - Dark","03 - P.D. only","03 - Rear end"
"3663","CLEMENTINE BLVD @ HERON RD","369546.77405","5026786.29921","-75.67329","45.37803","2017","9/21/2017","3:56:00 PM","01 - Clear","01 - Dry","01 - Traffic signal","03 - At intersection","01 - Daylight","03 - P.D. only","05 - Turning movement"
"3664","CLEMENTINE BLVD btwn GREGG ST & HERON RD","369537.17195","5026727.85188","-75.67342","45.37750","2017","4/15/2017","8:16:00 PM","01 - Clear","01 - Dry","10 - No control","01 - Non intersection","05 - Dusk","03 - P.D. only","06 - SMV unattended vehicle"
"3665","CLEMOW AVE @ BRONSON AVE","367421.82008","5029396.89207","-75.70009","45.40171","2017","8/29/2017","8:26:00 AM","01 - Clear","01 - Dry","02 - Stop sign","02 - Intersection related","01 - Daylight","03 - P.D. only","03 - Rear end"
"3666","CLEMOW AVE @ BRONSON AVE","367420.16746","5029397.82937","-75.70011","45.40172","2017","2/2/2017","3:57:00 PM","01 - Clear","01 - Dry","02 - Stop sign","03 - At intersection","01 - Daylight","03 - P.D. only","02 - Angle"
"3667","CLEMOW AVE btwn BRONSON AVE & PERCY ST","367441.53860","5029407.73551","-75.69984","45.40180","2017","10/25/2017","12:00:00 AM","01 - Clear","01 - Dry","10 - No control","01 - Non intersection","00 - Unknown","03 - P.D. only","06 - SMV unattended vehicle"
"3668","CLEOPATRA DR btwn CAESAR AVE & CAESAR AVE","365704.94716","5020983.37418","-75.72306","45.32616","2017","4/8/2017","10:44:00 AM","01 - Clear","01 - Dry","10 - No control","04 - At/near private drive","01 - Daylight","03 - P.D. only","05 - Turning movement"
"3669","CLEROUX CRES btwn ORIENT PARK DR & KEMPLANE CRT","379345.27477","5033324.77411","-75.54721","45.43588","2017","7/10/2017","10:44:00 PM","01 - Clear","01 - Dry","10 - No control","01 - Non intersection","07 - Dark","03 - P.D. only","06 - SMV unattended vehicle"
"3670","CLIFTON RD @ SCOTT ST","363567.68950","5028881.43417","-75.74938","45.39741","2017","1/4/2017","3:45:00 PM","03 - Snow","03 - Loose snow","02 - Stop sign","03 - At intersection","01 - Daylight","03 - P.D. only","02 - Angle"
"3671","CLOVER ST @ GREGG ST","369311.38545","5026569.85620","-75.67633","45.37610","2017","11/2/2017","7:12:00 PM","02 - Rain","02 - Wet","02 - Stop sign","03 - At intersection","07 - Dark","03 - P.D. only","02 - Angle"
"3672","CLOVER ST @ HERON RD","369292.71570","5026764.30711","-75.67654","45.37785","2017","11/6/2017","8:06:00 AM","02 - Rain","02 - Wet","01 - Traffic signal","02 - Intersection related","01 - Daylight","03 - P.D. only","03 - Rear end"
"3673","CLOVER ST btwn HERON RD & GREGG ST","369300.75767","5026702.57208","-75.67644","45.37730","2017","5/19/2017","12:00:00 AM","01 - Clear","01 - Dry","10 - No control","01 - Non intersection","00 - Unknown","03 - P.D. only","06 - SMV unattended vehicle"
"3674","CLOVER ST btwn HERON RD & GREGG ST","369309.11187","5026598.65166","-75.67635","45.37636","2017","3/8/2017","2:00:00 PM","01 - Clear","01 - Dry","10 - No control","01 - Non intersection","01 - Daylight","03 - P.D. only","06 - SMV unattended vehicle"
"3675","CLOVER ST btwn HERON RD & GREGG ST","369301.23641","5026680.52013","-75.67644","45.37710","2017","12/27/2017","12:30:00 AM","01 - Clear","03 - Loose snow","10 - No control","01 - Non intersection","07 - Dark","03 - P.D. only","06 - SMV unattended vehicle"
"3676","CLYDE AVE @ MAITLAND AVE","364250.22898","5025139.71379","-75.74111","45.36368","2017","7/15/2017","6:50:00 PM","01 - Clear","01 - Dry","03 - Yield sign","02 - Intersection related","01 - Daylight","03 - P.D. only","04 - Sideswipe"
"3677","CLYDE AVE @ MAITLAND AVE","364249.97664","5025140.49912","-75.74111","45.36369","2017","10/14/2017","2:35:00 PM","01 - Clear","02 - Wet","03 - Yield sign","02 - Intersection related","01 - Daylight","03 - P.D. only","04 - Sideswipe"
"3678","CLYDE AVE @ MAITLAND AVE","364248.73771","5025140.75595","-75.74113","45.36369","2017","10/27/2017","5:15:00 PM","01 - Clear","01 - Dry","03 - Yield sign","02 - Intersection related","01 - Daylight","03 - P.D. only","03 - Rear end"
"3679","CLYDE AVE btwn CLYDE AVE & STARWOOD RD","364421.11212","5024746.53216","-75.73898","45.36013","2017","7/26/2017","6:37:00 PM","01 - Clear","01 - Dry","10 - No control","01 - Non intersection","01 - Daylight","03 - P.D. only","04 - Sideswipe"
"3680","CLYDE AVE btwn CLYDE AVE & STARWOOD RD","364409.57721","5024773.13977","-75.73912","45.36037","2017","11/8/2017","9:30:00 PM","01 - Clear","01 - Dry","10 - No control","01 - Non intersection","07 - Dark","03 - P.D. only","04 - Sideswipe"
"3681","CLYDE AVE btwn CLYDE AVE & STARWOOD RD","364409.57791","5024773.14012","-75.73912","45.36037","2017","11/13/2017","1:40:00 PM","01 - Clear","01 - Dry","10 - No control","01 - Non intersection","01 - Daylight","03 - P.D. only","04 - Sideswipe"
"3682","CLYDE AVE btwn CLYDE AVE & STARWOOD RD","364443.30774","5024700.99866","-75.73870","45.35972","2017","3/25/2017","2:06:00 PM","01 - Clear","01 - Dry","10 - No control","04 - At/near private drive","01 - Daylight","02 - Non-fatal injury","02 - Angle"
"3683","CLYDE AVE btwn DOHENY ST & DOBBIE ST","363603.69812","5026670.99323","-75.74918","45.37751","2017","2/16/2017","9:00:00 AM","01 - Clear","01 - Dry","10 - No control","01 - Non intersection","01 - Daylight","02 - Non-fatal injury","03 - Rear end"
"3684","CLYDE AVE btwn MAITLAND AVE & BASELINE RD","364336.67206","5024942.18544","-75.74003","45.36190","2017","9/24/2017","1:30:00 AM","01 - Clear","01 - Dry","10 - No control","01 - Non intersection","07 - Dark","01 - Fatal injury","07 - SMV other"
"3685","CLYDE AVE btwn MAITLAND AVE & BASELINE RD","364292.52605","5025044.34300","-75.74058","45.36282","2017","11/14/2017","9:25:00 PM","01 - Clear","01 - Dry","10 - No control","01 - Non intersection","07 - Dark","03 - P.D. only","03 - Rear end"
"3686","COBBLE HILL DR @ MARAVISTA DR","361396.58710","5014648.17810","-75.77873","45.26951","2017","2/21/2017","5:09:00 PM","01 - Clear","01 - Dry","02 - Stop sign","03 - At intersection","07 - Dark","03 - P.D. only","02 - Angle"
"3687","COBBLE HILL DR btwn BARRY HELMAN CRES/FERGUS CRES N & BARRY HELMAN CRES/FERGUS CRES S","361054.90310","5015134.49400","-75.78303","45.27392","2017","6/5/2017","12:00:00 AM","01 - Clear","01 - Dry","10 - No control","01 - Non intersection","00 - Unknown","03 - P.D. only","06 - SMV unattended vehicle"
"3688","COBBLE HILL DR btwn Continuation of COBBLE HILL DR & MOFFATT POND CRT","361719.19535","5014048.20569","-75.77469","45.26409","2017","1/19/2017","10:00:00 AM","01 - Clear","06 - Ice","10 - No control","01 - Non intersection","01 - Daylight","03 - P.D. only","06 - SMV unattended vehicle"
"3689","COBBLE HILL DR btwn NEWBURGH PL & ODESSA WAY","360891.57900","5015276.60900","-75.78510","45.27521","2017","8/21/2017","7:30:00 AM","01 - Clear","01 - Dry","10 - No control","04 - At/near private drive","01 - Daylight","03 - P.D. only","06 - SMV unattended vehicle"
"3690","COBDEN RD btwn ELMIRA DR & IRIS ST","361348.29936","5023911.62454","-75.77829","45.35287","2017","12/1/2017","12:30:00 PM","01 - Clear","01 - Dry","10 - No control","01 - Non intersection","01 - Daylight","03 - P.D. only","06 - SMV unattended vehicle"
"3691","COBOURG ST @ RIDEAU ST","369127.75945","5032788.28536","-75.67786","45.43207","2017","1/8/2017","4:02:00 PM","01 - Clear","02 - Wet","01 - Traffic signal","02 - Intersection related","01 - Daylight","03 - P.D. only","03 - Rear end"
"3692","COBOURG ST @ ST. PATRICK ST","368801.82087","5033232.97905","-75.68197","45.43610","2017","8/16/2017","7:18:00 PM","01 - Clear","01 - Dry","01 - Traffic signal","02 - Intersection related","01 - Daylight","03 - P.D. only","04 - Sideswipe"
"3693","COBOURG ST @ ST. PATRICK ST","368802.64625","5033234.82426","-75.68196","45.43612","2017","7/27/2017","8:32:00 AM","01 - Clear","01 - Dry","01 - Traffic signal","02 - Intersection related","01 - Daylight","03 - P.D. only","03 - Rear end"
"3694","COBOURG ST @ ST. PATRICK ST","368801.97057","5033234.44223","-75.68196","45.43611","2017","9/15/2017","7:12:00 AM","01 - Clear","01 - Dry","01 - Traffic signal","02 - Intersection related","01 - Daylight","03 - P.D. only","03 - Rear end"
"3695","COBOURG ST @ ST. PATRICK ST","368803.55480","5033233.71465","-75.68194","45.43611","2017","10/6/2017","4:13:00 PM","01 - Clear","01 - Dry","01 - Traffic signal","02 - Intersection related","01 - Daylight","03 - P.D. only","03 - Rear end"
"3696","COBOURG ST @ ST. PATRICK ST","368802.46190","5033235.09598","-75.68196","45.43612","2017","9/19/2017","3:29:00 PM","01 - Clear","01 - Dry","01 - Traffic signal","03 - At intersection","01 - Daylight","03 - P.D. only","05 - Turning movement"
"3697","COBOURG ST @ ST. PATRICK ST","368800.93495","5033234.70870","-75.68198","45.43612","2017","12/28/2017","11:54:00 AM","01 - Clear","01 - Dry","01 - Traffic signal","02 - Intersection related","01 - Daylight","03 - P.D. only","03 - Rear end"
"3698","COBOURG ST btwn OLD ST. PATRICK ST & OLD TOWN PRIV","368825.18090","5033167.25798","-75.68168","45.43551","2017","10/18/2017","4:06:00 PM","01 - Clear","01 - Dry","10 - No control","01 - Non intersection","01 - Daylight","03 - P.D. only","04 - Sideswipe"
"3699","COBOURG ST btwn THORBURN PRIV & RIDEAU ST","369126.35998","5032791.15090","-75.67788","45.43209","2017","12/10/2017","2:30:00 AM","03 - Snow","03 - Loose snow","10 - No control","01 - Non intersection","07 - Dark","03 - P.D. only","06 - SMV unattended vehicle"
"3700","COBURN AVE @ CARBROOKE ST","353555.59035","5018043.45700","-75.87832","45.30065","2017","9/24/2017","7:42:00 PM","01 - Clear","01 - Dry","02 - Stop sign","02 - Intersection related","05 - Dusk","03 - P.D. only","01 - Approaching"
"3701","COLDREY AVE @ KIRKWOOD AVE","364439.20500","5027135.52070","-75.73846","45.38162","2017","10/2/2017","7:08:00 AM","01 - Clear","01 - Dry","01 - Traffic signal","03 - At intersection","01 - Daylight","03 - P.D. only","05 - Turning movement"
"3702","COLDREY AVE @ KIRKWOOD AVE","364438.64839","5027136.64371","-75.73847","45.38163","2017","9/8/2017","8:41:00 AM","01 - Clear","01 - Dry","01 - Traffic signal","03 - At intersection","01 - Daylight","02 - Non-fatal injury","02 - Angle"
"3703","COLDREY AVE @ KIRKWOOD AVE","364440.36774","5027135.87080","-75.73844","45.38163","2017","4/17/2017","12:09:00 PM","01 - Clear","01 - Dry","01 - Traffic signal","03 - At intersection","01 - Daylight","03 - P.D. only","05 - Turning movement"
"3704","COLDREY AVE btwn KENZIE ST & MERIVALE RD","364857.33893","5027379.53386","-75.73309","45.38378","2017","5/5/2017","2:00:00 PM","02 - Rain","02 - Wet","10 - No control","04 - At/near private drive","01 - Daylight","03 - P.D. only","06 - SMV unattended vehicle"
"3705","COLDREY AVE btwn KENZIE ST & MERIVALE RD","364764.96737","5027322.87930","-75.73428","45.38328","2017","4/7/2017","2:49:00 PM","02 - Rain","02 - Wet","10 - No control","01 - Non intersection","01 - Daylight","03 - P.D. only","04 - Sideswipe"