"Record","Location","X","Y","Longitude","Latitude","Year","Date","Time","Environment","Road_Surface","Traffic_Control","Collision_Location","Light","Collision_Classification","Impact_type"
"3706","COLDWATER CRES btwn MEADOWBREEZE DR/AUTUMNFIELD ST & MEADOWBREEZE DR/RIVERTREE ST","355713.31700","5015045.09300","-75.85112","45.27352","2017","7/3/2017","12:00:00 AM","01 - Clear","01 - Dry","10 - No control","01 - Non intersection","00 - Unknown","03 - P.D. only","06 - SMV unattended vehicle"
"3707","COLE AVE btwn GREENWOOD AVE & ROOSEVELT AVE","363344.42644","5027146.39774","-75.75244","45.38181","2017","3/25/2017","12:00:00 AM","01 - Clear","04 - Slush","10 - No control","01 - Non intersection","00 - Unknown","03 - P.D. only","06 - SMV unattended vehicle"
"3708","COLE AVE btwn KENWOOD AVE & PRINCETON AVE","363084.23601","5027740.27095","-75.75569","45.38718","2017","12/30/2017","1:40:00 PM","01 - Clear","01 - Dry","10 - No control","04 - At/near private drive","01 - Daylight","03 - P.D. only","05 - Turning movement"
"3709","COLLISTON CRES btwn WALKLEY RD & WALKLEY RD","370925.91542","5026461.92654","-75.65573","45.37498","2017","3/7/2017","9:17:00 AM","04 - Freezing Rain","06 - Ice","10 - No control","01 - Non intersection","01 - Daylight","03 - P.D. only","01 - Approaching"
"3710","COLOMBINE DRWY @ PARKDALE AVE","364754.69510","5030178.56710","-75.73406","45.40898","2017","7/27/2017","12:45:00 PM","01 - Clear","01 - Dry","02 - Stop sign","03 - At intersection","01 - Daylight","03 - P.D. only","05 - Turning movement"
"3711","COLONEL BY DR @ COLONEL BY DR RAMP 35","367689.00364","5028492.94545","-75.69679","45.39355","2017","11/20/2017","4:27:00 PM","01 - Clear","01 - Dry","02 - Stop sign","03 - At intersection","05 - Dusk","03 - P.D. only","03 - Rear end"
"3712","COLONEL BY DR @ COLONEL BY DR SB ON RAMP 43","367640.23285","5028441.26763","-75.69742","45.39309","2017","3/15/2017","9:55:00 AM","03 - Snow","03 - Loose snow","02 - Stop sign","02 - Intersection related","01 - Daylight","03 - P.D. only","03 - Rear end"
"3713","COLONEL BY DR @ ECHO DR S","368542.43955","5028770.95814","-75.68586","45.39598","2017","2/3/2017","1:30:00 PM","01 - Clear","01 - Dry","10 - No control","02 - Intersection related","01 - Daylight","03 - P.D. only","03 - Rear end"
"3714","COLONEL BY DR @ ECHO DR S","368542.71262","5028771.54770","-75.68585","45.39598","2017","9/9/2017","2:00:00 AM","01 - Clear","01 - Dry","10 - No control","02 - Intersection related","07 - Dark","02 - Non-fatal injury","03 - Rear end"
"3715","COLONEL BY DR @ ECHO DR S","368542.72890","5028770.88587","-75.68585","45.39598","2017","9/7/2017","3:00:00 PM","01 - Clear","01 - Dry","10 - No control","02 - Intersection related","01 - Daylight","03 - P.D. only","03 - Rear end"
"3716","COLONEL BY DR @ HAWTHORNE AVE/PRETORIA BRIDGE","368769.38244","5030525.56690","-75.68273","45.41174","2017","6/9/2017","2:26:00 PM","01 - Clear","01 - Dry","01 - Traffic signal","02 - Intersection related","01 - Daylight","03 - P.D. only","03 - Rear end"
"3717","COLONEL BY DR @ HAWTHORNE AVE/PRETORIA BRIDGE","368768.04465","5030526.23580","-75.68275","45.41175","2017","5/8/2017","4:49:00 PM","01 - Clear","01 - Dry","01 - Traffic signal","02 - Intersection related","01 - Daylight","02 - Non-fatal injury","03 - Rear end"
"3718","COLONEL BY DR @ HAWTHORNE AVE/PRETORIA BRIDGE","368767.37575","5030526.90469","-75.68276","45.41175","2017","6/26/2017","9:31:00 PM","01 - Clear","01 - Dry","01 - Traffic signal","03 - At intersection","07 - Dark","03 - P.D. only","04 - Sideswipe"
"3719","COLONEL BY DR @ HAWTHORNE AVE/PRETORIA BRIDGE","368768.46898","5030526.13589","-75.68274","45.41175","2017","8/16/2017","11:09:00 AM","01 - Clear","01 - Dry","01 - Traffic signal","02 - Intersection related","01 - Daylight","03 - P.D. only","03 - Rear end"
"3720","COLONEL BY DR @ HAWTHORNE AVE/PRETORIA BRIDGE","368767.40133","5030525.19878","-75.68276","45.41174","2017","7/24/2017","10:57:00 AM","01 - Clear","01 - Dry","01 - Traffic signal","02 - Intersection related","01 - Daylight","03 - P.D. only","03 - Rear end"
"3721","COLONEL BY DR @ HAWTHORNE AVE/PRETORIA BRIDGE","368767.37575","5030525.56690","-75.68276","45.41174","2017","11/16/2017","6:50:00 PM","01 - Clear","01 - Dry","01 - Traffic signal","02 - Intersection related","07 - Dark","03 - P.D. only","03 - Rear end"
"3722","COLONEL BY DR @ HAWTHORNE AVE/PRETORIA BRIDGE","368767.37575","5030526.90469","-75.68276","45.41175","2017","11/15/2017","8:22:00 AM","01 - Clear","01 - Dry","01 - Traffic signal","03 - At intersection","01 - Daylight","03 - P.D. only","05 - Turning movement"
"3723","COLONEL BY DR @ HAWTHORNE AVE/PRETORIA BRIDGE","368768.71354","5030526.23580","-75.68274","45.41175","2017","11/27/2017","2:20:00 PM","01 - Clear","01 - Dry","01 - Traffic signal","02 - Intersection related","01 - Daylight","03 - P.D. only","05 - Turning movement"
"3724","COLONEL BY DR @ HAWTHORNE AVE/PRETORIA BRIDGE","368768.60143","5030526.25647","-75.68274","45.41175","2017","1/23/2017","3:19:00 PM","01 - Clear","01 - Dry","01 - Traffic signal","02 - Intersection related","01 - Daylight","03 - P.D. only","04 - Sideswipe"
"3725","COLONEL BY DR @ HAWTHORNE AVE/PRETORIA BRIDGE","368768.04465","5030525.56690","-75.68275","45.41174","2017","3/23/2017","5:00:00 PM","01 - Clear","01 - Dry","01 - Traffic signal","03 - At intersection","01 - Daylight","03 - P.D. only","02 - Angle"
"3726","COLONEL BY DR @ HAWTHORNE AVE/PRETORIA BRIDGE","368769.42694","5030523.85016","-75.68273","45.41173","2017","1/22/2017","11:30:00 AM","07 - Fog, mist, smoke, dust","02 - Wet","01 - Traffic signal","02 - Intersection related","01 - Daylight","02 - Non-fatal injury","07 - SMV other"
"3727","COLONEL BY DR @ HAWTHORNE AVE/PRETORIA BRIDGE","368767.71015","5030525.56577","-75.68275","45.41174","2017","10/14/2017","4:30:00 PM","02 - Rain","02 - Wet","01 - Traffic signal","02 - Intersection related","01 - Daylight","03 - P.D. only","03 - Rear end"
"3728","COLONEL BY DR @ HOG'S BACK RD","367602.37495","5025872.20001","-75.69823","45.36998","2017","5/20/2017","2:55:00 AM","01 - Clear","01 - Dry","01 - Traffic signal","03 - At intersection","07 - Dark","03 - P.D. only","07 - SMV other"
"3729","COLONEL BY DR @ HOG'S BACK RD","367602.70940","5025872.84894","-75.69823","45.36998","2017","5/6/2017","1:23:00 PM","02 - Rain","02 - Wet","01 - Traffic signal","03 - At intersection","01 - Daylight","03 - P.D. only","02 - Angle"
"3730","COLONEL BY DR @ HOG'S BACK RD","367605.80634","5025874.21658","-75.69819","45.37000","2017","6/6/2017","2:25:00 PM","02 - Rain","02 - Wet","01 - Traffic signal","02 - Intersection related","01 - Daylight","03 - P.D. only","03 - Rear end"
"3731","COLONEL BY DR @ HOG'S BACK RD","367603.60325","5025873.76126","-75.69822","45.36999","2017","9/13/2017","12:15:00 PM","01 - Clear","01 - Dry","01 - Traffic signal","02 - Intersection related","01 - Daylight","03 - P.D. only","03 - Rear end"
"3732","COLONEL BY DR @ HOG'S BACK RD","367602.70940","5025873.26643","-75.69823","45.36999","2017","1/31/2017","8:25:00 PM","01 - Clear","02 - Wet","01 - Traffic signal","02 - Intersection related","07 - Dark","03 - P.D. only","02 - Angle"
"3733","COLONEL BY DR @ HOG'S BACK RD","367604.20562","5025873.67166","-75.69821","45.36999","2017","1/31/2017","8:22:00 AM","01 - Clear","02 - Wet","01 - Traffic signal","02 - Intersection related","01 - Daylight","03 - P.D. only","03 - Rear end"
"3734","COLONEL BY DR @ HOG'S BACK RD","367603.04385","5025874.20670","-75.69822","45.37000","2017","3/12/2017","11:33:00 AM","01 - Clear","01 - Dry","01 - Traffic signal","03 - At intersection","01 - Daylight","03 - P.D. only","05 - Turning movement"
"3735","COLONEL BY DR @ HOG'S BACK RD","367600.82839","5025876.83093","-75.69825","45.37002","2017","7/15/2017","9:30:00 AM","01 - Clear","01 - Dry","01 - Traffic signal","03 - At intersection","01 - Daylight","03 - P.D. only","05 - Turning movement"
"3736","COLONEL BY DR @ HOG'S BACK RD","367602.71003","5025873.53774","-75.69823","45.36999","2017","9/19/2017","10:38:00 PM","01 - Clear","01 - Dry","01 - Traffic signal","02 - Intersection related","07 - Dark","03 - P.D. only","05 - Turning movement"
"3737","COLONEL BY DR @ HOG'S BACK RD","367605.52648","5025870.95832","-75.69819","45.36997","2017","9/19/2017","10:38:00 PM","01 - Clear","01 - Dry","01 - Traffic signal","02 - Intersection related","07 - Dark","03 - P.D. only","05 - Turning movement"
"3738","COLONEL BY DR @ HOG'S BACK RD","367610.85630","5025879.45963","-75.69812","45.37004","2017","4/24/2017","4:37:00 PM","01 - Clear","01 - Dry","01 - Traffic signal","02 - Intersection related","01 - Daylight","03 - P.D. only","04 - Sideswipe"
"3739","COLONEL BY DR @ HOG'S BACK RD","367602.69848","5025873.53951","-75.69823","45.36999","2017","7/2/2017","4:25:00 PM","01 - Clear","02 - Wet","01 - Traffic signal","02 - Intersection related","01 - Daylight","03 - P.D. only","03 - Rear end"
"3740","COLONEL BY DR @ HOG'S BACK RD","367611.07162","5025882.69740","-75.69812","45.37007","2017","2/23/2017","8:15:00 PM","01 - Clear","02 - Wet","01 - Traffic signal","03 - At intersection","07 - Dark","03 - P.D. only","05 - Turning movement"
"3741","COLONEL BY DR @ LEONARD AVE","368226.70766","5028577.55769","-75.68991","45.39426","2017","12/2/2017","2:20:00 AM","01 - Clear","01 - Dry","02 - Stop sign","02 - Intersection related","07 - Dark","02 - Non-fatal injury","03 - Rear end"
"3742","COLONEL BY DR @ LEONARD AVE","368227.71101","5028575.55062","-75.68990","45.39425","2017","11/29/2017","9:35:00 AM","01 - Clear","02 - Wet","02 - Stop sign","02 - Intersection related","01 - Daylight","03 - P.D. only","03 - Rear end"
"3743","COLONEL BY DR @ MAIN ST","368858.95323","5030913.44870","-75.68154","45.41522","2017","2/17/2017","4:25:00 PM","01 - Clear","02 - Wet","02 - Stop sign","02 - Intersection related","01 - Daylight","03 - P.D. only","03 - Rear end"
"3744","COLONEL BY DR @ MAIN ST","368860.03815","5030913.90550","-75.68152","45.41523","2017","3/29/2017","5:32:00 PM","01 - Clear","01 - Dry","02 - Stop sign","02 - Intersection related","01 - Daylight","02 - Non-fatal injury","03 - Rear end"
"3745","COLONEL BY DR @ MAIN ST","368857.45479","5030913.27803","-75.68156","45.41522","2017","2/15/2017","1:10:00 PM","01 - Clear","03 - Loose snow","02 - Stop sign","02 - Intersection related","01 - Daylight","03 - P.D. only","05 - Turning movement"
"3746","COLONEL BY DR @ MAIN ST","368859.95767","5030913.09190","-75.68152","45.41522","2017","2/18/2017","2:21:00 PM","01 - Clear","02 - Wet","02 - Stop sign","02 - Intersection related","01 - Daylight","03 - P.D. only","03 - Rear end"
"3747","COLONEL BY DR @ OTTAWA UNIV. PED. XING","368730.61099","5031493.32193","-75.68310","45.42045","2017","1/16/2017","8:15:00 AM","01 - Clear","02 - Wet","01 - Traffic signal","02 - Intersection related","01 - Daylight","02 - Non-fatal injury","07 - SMV other"
"3748","COLONEL BY DR @ ROSEDALE AVE","368295.18641","5028635.43494","-75.68903","45.39478","2017","12/12/2017","10:56:00 AM","03 - Snow","03 - Loose snow","02 - Stop sign","02 - Intersection related","01 - Daylight","03 - P.D. only","03 - Rear end"
"3749","COLONEL BY DR @ UNIVERSITY RD - CARLETON","367347.59194","5026849.23056","-75.70136","45.37879","2017","1/12/2017","2:25:00 PM","03 - Snow","03 - Loose snow","01 - Traffic signal","02 - Intersection related","01 - Daylight","03 - P.D. only","07 - SMV other"
"3750","COLONEL BY DR @ UNIVERSITY RD - CARLETON","367347.21802","5026856.35435","-75.70136","45.37886","2017","3/24/2017","11:10:00 AM","03 - Snow","03 - Loose snow","01 - Traffic signal","02 - Intersection related","01 - Daylight","03 - P.D. only","02 - Angle"
"3751","COLONEL BY DR @ UNIVERSITY RD - CARLETON","367327.69089","5026864.71347","-75.70161","45.37893","2017","3/4/2017","12:42:00 PM","01 - Clear","01 - Dry","01 - Traffic signal","02 - Intersection related","01 - Daylight","02 - Non-fatal injury","03 - Rear end"
"3752","COLONEL BY DR btwn BRONSON PL & SENECA ST","367854.72486","5028518.46663","-75.69467","45.39377","2017","12/30/2017","3:17:00 AM","01 - Clear","01 - Dry","10 - No control","01 - Non intersection","07 - Dark","03 - P.D. only","07 - SMV other"
"3753","COLONEL BY DR btwn BRONSON PL & SENECA ST","367918.58146","5028514.63755","-75.69386","45.39373","2017","10/28/2017","8:35:00 PM","02 - Rain","02 - Wet","10 - No control","01 - Non intersection","07 - Dark","02 - Non-fatal injury","04 - Sideswipe"
"3754","COLONEL BY DR btwn CLEGG ST & ECHO DR N","368951.56300","5029830.51883","-75.68050","45.40547","2017","12/15/2017","10:35:00 AM","01 - Clear","01 - Dry","10 - No control","01 - Non intersection","01 - Daylight","03 - P.D. only","99 - Other"
"3755","COLONEL BY DR btwn CLEGG ST & ECHO DR S","368652.20366","5028779.25275","-75.68445","45.39604","2017","10/25/2017","12:25:00 AM","02 - Rain","02 - Wet","10 - No control","01 - Non intersection","07 - Dark","03 - P.D. only","07 - SMV other"
"3756","COLONEL BY DR btwn CLEGG ST & ECHO DR S","368612.11157","5028776.22148","-75.68497","45.39602","2017","4/2/2017","3:35:00 AM","01 - Clear","02 - Wet","10 - No control","01 - Non intersection","07 - Dark","03 - P.D. only","04 - Sideswipe"
"3757","COLONEL BY DR btwn CLEGG ST & ECHO DR S","368649.95473","5028778.86019","-75.68448","45.39604","2017","6/28/2017","1:15:00 PM","01 - Clear","01 - Dry","10 - No control","01 - Non intersection","01 - Daylight","03 - P.D. only","99 - Other"
"3758","COLONEL BY DR btwn COLONEL BY DR SB ON RAMP 43 & COLONEL BY DR NB ON R","367655.80485","5028455.03279","-75.69722","45.39321","2017","10/20/2017","3:15:00 PM","01 - Clear","01 - Dry","10 - No control","01 - Non intersection","01 - Daylight","03 - P.D. only","03 - Rear end"
"3759","COLONEL BY DR btwn HAWTHORNE AVE & MAIN ST","368762.73602","5030544.40527","-75.68281","45.41191","2017","6/23/2017","2:16:00 AM","02 - Rain","02 - Wet","10 - No control","04 - At/near private drive","07 - Dark","03 - P.D. only","02 - Angle"
"3760","COLONEL BY DR btwn HAWTHORNE AVE & MAIN ST","368766.64111","5030697.53064","-75.68274","45.41329","2017","2/12/2017","4:19:00 PM","03 - Snow","03 - Loose snow","10 - No control","01 - Non intersection","01 - Daylight","03 - P.D. only","01 - Approaching"
"3761","COLONEL BY DR btwn N.D.H.Q. & OTTAWA UNIV. PED. XING","368238.81135","5031761.87318","-75.68935","45.42291","2017","8/25/2017","5:47:00 PM","01 - Clear","01 - Dry","10 - No control","01 - Non intersection","01 - Daylight","03 - P.D. only","03 - Rear end"
"3762","COLONEL BY DR btwn OTTAWA UNIV. PED. XING & MAIN ST","368930.94116","5031089.82524","-75.68059","45.41680","2017","4/3/2017","9:18:00 PM","01 - Clear","01 - Dry","10 - No control","01 - Non intersection","07 - Dark","02 - Non-fatal injury","02 - Angle"
"3763","COLONEL BY DR btwn OTTAWA UNIV. PED. XING & MAIN ST","368930.94116","5031095.84530","-75.68059","45.41686","2017","3/31/2017","1:24:00 AM","01 - Clear","01 - Dry","10 - No control","01 - Non intersection","07 - Dark","03 - P.D. only","07 - SMV other"
"3764","COLONEL BY DR btwn RIDEAU ST & MACKENZIE AVE","367940.81259","5032015.67072","-75.69313","45.42523","2017","10/19/2017","7:00:00 PM","01 - Clear","01 - Dry","10 - No control","04 - At/near private drive","05 - Dusk","03 - P.D. only","02 - Angle"
"3765","COLONEL BY DR btwn RIDEAU ST & MACKENZIE AVE","367962.81510","5031977.23547","-75.69285","45.42488","2017","7/5/2017","7:50:00 AM","01 - Clear","01 - Dry","10 - No control","04 - At/near private drive","01 - Daylight","03 - P.D. only","04 - Sideswipe"
"3766","COLONEL BY DR btwn SENECA ST & LEONARD AVE","368202.00638","5028559.09102","-75.69023","45.39410","2017","9/7/2017","6:49:00 PM","02 - Rain","02 - Wet","10 - No control","01 - Non intersection","01 - Daylight","03 - P.D. only","01 - Approaching"
"3767","COLONEL BY DR btwn UNIVERSITY RD & COLONEL BY DR SB ON RAMP 43","367361.32265","5027108.82160","-75.70115","45.38113","2017","11/5/2017","1:53:00 AM","02 - Rain","02 - Wet","10 - No control","04 - At/near private drive","07 - Dark","02 - Non-fatal injury","05 - Turning movement"
"3768","COLONEL BY DR/MACKENZIE AVE @ DALY AVE","368004.38384","5031903.24221","-75.69233","45.42421","2017","6/21/2017","2:35:00 PM","01 - Clear","01 - Dry","01 - Traffic signal","02 - Intersection related","01 - Daylight","03 - P.D. only","03 - Rear end"
"3769","COLONEL BY DR/MACKENZIE AVE @ DALY AVE","368002.17612","5031904.31226","-75.69236","45.42422","2017","7/27/2017","4:45:00 PM","01 - Clear","01 - Dry","01 - Traffic signal","02 - Intersection related","01 - Daylight","03 - P.D. only","04 - Sideswipe"
"3770","COLONEL BY DR/MACKENZIE AVE @ DALY AVE","368003.18497","5031905.29006","-75.69234","45.42423","2017","9/4/2017","9:21:00 AM","01 - Clear","01 - Dry","01 - Traffic signal","02 - Intersection related","01 - Daylight","02 - Non-fatal injury","03 - Rear end"
"3771","COLONEL BY DR/MACKENZIE AVE @ DALY AVE","368001.07226","5031903.48710","-75.69237","45.42421","2017","10/7/2017","1:38:00 PM","01 - Clear","01 - Dry","01 - Traffic signal","02 - Intersection related","01 - Daylight","03 - P.D. only","03 - Rear end"
"3772","COLONEL BY DR/MACKENZIE AVE @ DALY AVE","368003.28369","5031904.73130","-75.69234","45.42422","2017","9/7/2017","12:13:00 PM","01 - Clear","01 - Dry","01 - Traffic signal","02 - Intersection related","01 - Daylight","03 - P.D. only","03 - Rear end"
"3773","COLONEL BY DR/MACKENZIE AVE @ DALY AVE","368002.28368","5031903.98512","-75.69235","45.42421","2017","4/15/2017","9:00:00 PM","01 - Clear","01 - Dry","01 - Traffic signal","02 - Intersection related","07 - Dark","03 - P.D. only","04 - Sideswipe"
"3774","COLONEL BY DR/MACKENZIE AVE @ DALY AVE","368004.20815","5031905.67852","-75.69233","45.42423","2017","1/31/2017","7:26:00 AM","01 - Clear","01 - Dry","01 - Traffic signal","02 - Intersection related","03 - Dawn","03 - P.D. only","03 - Rear end"
"3775","COLONEL BY DR/MACKENZIE AVE @ DALY AVE","368002.69104","5031903.78365","-75.69235","45.42421","2017","12/16/2017","10:45:00 PM","01 - Clear","02 - Wet","01 - Traffic signal","02 - Intersection related","07 - Dark","03 - P.D. only","03 - Rear end"
"3776","COLONEL BY DR/MACKENZIE AVE @ DALY AVE","368002.71192","5031904.58024","-75.69235","45.42422","2017","5/14/2017","8:25:00 AM","01 - Clear","02 - Wet","01 - Traffic signal","02 - Intersection related","01 - Daylight","03 - P.D. only","04 - Sideswipe"
"3777","COLONEL BY DR/SUSSEX DR @ RIDEAU ST","367921.61060","5032044.37781","-75.69337","45.42549","2017","5/25/2017","1:52:00 PM","01 - Clear","01 - Dry","01 - Traffic signal","03 - At intersection","01 - Daylight","02 - Non-fatal injury","07 - SMV other"
"3778","COLONEL BY DR/SUSSEX DR @ RIDEAU ST","367921.37459","5032044.14180","-75.69337","45.42548","2017","6/26/2017","6:01:00 PM","01 - Clear","01 - Dry","01 - Traffic signal","03 - At intersection","01 - Daylight","03 - P.D. only","05 - Turning movement"
"3779","COLONEL BY DR/SUSSEX DR @ RIDEAU ST","367921.75433","5032044.26227","-75.69337","45.42548","2017","8/4/2017","12:06:00 AM","01 - Clear","01 - Dry","01 - Traffic signal","02 - Intersection related","07 - Dark","03 - P.D. only","04 - Sideswipe"
"3780","COLONEL BY DR/SUSSEX DR @ RIDEAU ST","367921.63362","5032044.73728","-75.69337","45.42549","2017","8/28/2017","10:32:00 AM","01 - Clear","01 - Dry","01 - Traffic signal","03 - At intersection","01 - Daylight","03 - P.D. only","04 - Sideswipe"
"3781","COLONEL BY DR/SUSSEX DR @ RIDEAU ST","367920.89091","5032043.64594","-75.69338","45.42548","2017","8/5/2017","3:16:00 AM","01 - Clear","02 - Wet","01 - Traffic signal","02 - Intersection related","07 - Dark","03 - P.D. only","03 - Rear end"
"3782","COLONEL BY DR/SUSSEX DR @ RIDEAU ST","367921.42032","5032044.32812","-75.69337","45.42548","2017","8/3/2017","11:43:00 AM","01 - Clear","01 - Dry","01 - Traffic signal","03 - At intersection","01 - Daylight","03 - P.D. only","05 - Turning movement"
"3783","COLONEL BY DR/SUSSEX DR @ RIDEAU ST","367922.19222","5032043.72627","-75.69336","45.42548","2017","7/21/2017","11:42:00 AM","01 - Clear","01 - Dry","01 - Traffic signal","03 - At intersection","01 - Daylight","03 - P.D. only","04 - Sideswipe"
"3784","COLONEL BY DR/SUSSEX DR @ RIDEAU ST","367922.22234","5032044.81675","-75.69336","45.42549","2017","10/20/2017","12:43:00 PM","01 - Clear","01 - Dry","01 - Traffic signal","02 - Intersection related","01 - Daylight","03 - P.D. only","03 - Rear end"
"3785","COLONEL BY DR/SUSSEX DR @ RIDEAU ST","367922.03115","5032045.25240","-75.69336","45.42549","2017","11/25/2017","12:53:00 PM","01 - Clear","01 - Dry","01 - Traffic signal","02 - Intersection related","01 - Daylight","03 - P.D. only","04 - Sideswipe"
"3786","COLONEL BY DR/SUSSEX DR @ RIDEAU ST","367922.06089","5032044.08011","-75.69336","45.42548","2017","12/7/2017","12:47:00 PM","01 - Clear","01 - Dry","01 - Traffic signal","02 - Intersection related","01 - Daylight","02 - Non-fatal injury","03 - Rear end"
"3787","COLONEL BY DR/SUSSEX DR @ RIDEAU ST","367921.34829","5032045.15188","-75.69337","45.42549","2017","11/8/2017","2:20:00 PM","01 - Clear","01 - Dry","01 - Traffic signal","02 - Intersection related","01 - Daylight","03 - P.D. only","04 - Sideswipe"
"3788","COLONEL BY DR/SUSSEX DR @ RIDEAU ST","367922.03115","5032045.25240","-75.69336","45.42549","2017","12/4/2017","10:24:00 AM","01 - Clear","01 - Dry","01 - Traffic signal","03 - At intersection","01 - Daylight","03 - P.D. only","04 - Sideswipe"
"3789","COLONEL BY DR/SUSSEX DR @ RIDEAU ST","367922.03115","5032043.91460","-75.69336","45.42548","2017","11/24/2017","2:03:00 PM","01 - Clear","01 - Dry","01 - Traffic signal","02 - Intersection related","01 - Daylight","03 - P.D. only","07 - SMV other"
"3790","COLONEL BY DR/SUSSEX DR @ RIDEAU ST","367923.54692","5032042.08783","-75.69334","45.42546","2017","1/10/2017","12:46:00 PM","03 - Snow","04 - Slush","01 - Traffic signal","02 - Intersection related","01 - Daylight","03 - P.D. only","03 - Rear end"
"3791","COLONEL BY DR/SUSSEX DR @ RIDEAU ST","367921.60329","5032045.28517","-75.69337","45.42549","2017","1/20/2017","8:44:00 PM","01 - Clear","02 - Wet","01 - Traffic signal","02 - Intersection related","07 - Dark","03 - P.D. only","04 - Sideswipe"
"3792","COLONEL BY DR/SUSSEX DR @ RIDEAU ST","367920.80820","5032044.41871","-75.69338","45.42549","2017","4/9/2017","8:18:00 PM","01 - Clear","01 - Dry","01 - Traffic signal","03 - At intersection","07 - Dark","03 - P.D. only","04 - Sideswipe"
"3793","COLONEL BY DR/SUSSEX DR @ RIDEAU ST","367921.14416","5032044.75467","-75.69337","45.42549","2017","3/6/2017","12:10:00 PM","01 - Clear","01 - Dry","01 - Traffic signal","03 - At intersection","01 - Daylight","03 - P.D. only","03 - Rear end"
"3794","COLONEL BY DR/SUSSEX DR @ RIDEAU ST","367921.79729","5032044.70735","-75.69336","45.42549","2017","12/30/2017","1:22:00 AM","01 - Clear","02 - Wet","01 - Traffic signal","03 - At intersection","07 - Dark","02 - Non-fatal injury","02 - Angle"
"3795","COLONEL BY DR/SUSSEX DR @ RIDEAU ST","367921.10844","5032043.62755","-75.69337","45.42548","2017","9/29/2017","4:40:00 PM","01 - Clear","01 - Dry","01 - Traffic signal","02 - Intersection related","01 - Daylight","03 - P.D. only","04 - Sideswipe"
"3796","COLONEL MURRAY ST btwn HAMILTON ST & MARTIN ST","357049.34616","5006134.26012","-75.83503","45.19324","2017","4/27/2017","3:10:00 PM","01 - Clear","01 - Dry","10 - No control","01 - Non intersection","01 - Daylight","02 - Non-fatal injury","07 - SMV other"
"3797","COLONIAL RD @ DESSAINT ST","394887.29715","5034064.50860","-75.34846","45.44071","2017","9/25/2017","7:59:00 AM","01 - Clear","01 - Dry","02 - Stop sign","02 - Intersection related","01 - Daylight","03 - P.D. only","03 - Rear end"
"3798","COLONIAL RD @ FRANK KENNY RD","390201.70435","5032046.83341","-75.40869","45.42314","2017","9/8/2017","9:06:00 AM","01 - Clear","01 - Dry","02 - Stop sign","03 - At intersection","01 - Daylight","03 - P.D. only","02 - Angle"
"3799","COLONIAL RD @ ROCKDALE RD","391419.48695","5032662.50320","-75.39303","45.42853","2017","11/30/2017","3:23:00 PM","02 - Rain","02 - Wet","02 - Stop sign","03 - At intersection","01 - Daylight","02 - Non-fatal injury","02 - Angle"
"3800","COLONIAL RD btwn BIRCHGROVE RD & CANAAN RD","398428.90732","5035550.90818","-75.30292","45.45361","2017","2/14/2017","10:35:00 AM","01 - Clear","01 - Dry","10 - No control","01 - Non intersection","01 - Daylight","01 - Fatal injury","01 - Approaching"
"3801","COLONIAL RD btwn DUNNING RD & DESSAINT ST","394700.27360","5033987.49253","-75.35087","45.44004","2017","3/9/2017","6:23:00 AM","05 - Drifting Snow","03 - Loose snow","10 - No control","01 - Non intersection","01 - Daylight","03 - P.D. only","07 - SMV other"
"3802","COLONIAL RD btwn FRANK KENNY RD & ROCKDALE RD","390382.70994","5032132.86693","-75.40637","45.42389","2017","9/14/2017","8:21:00 AM","01 - Clear","01 - Dry","10 - No control","01 - Non intersection","01 - Daylight","03 - P.D. only","07 - SMV other"
"3803","COLONIAL RD btwn LAFLEUR RD & BIRCHGROVE RD","396638.19982","5034724.77183","-75.32596","45.44642","2017","2/5/2017","10:20:00 PM","03 - Snow","05 - Packed snow","10 - No control","01 - Non intersection","07 - Dark","03 - P.D. only","07 - SMV other"
"3804","COLONIAL RD btwn MONSEIGNEUR DENIS CRT & LAFLEUR RD","396453.64752","5034647.78644","-75.32834","45.44575","2017","6/12/2017","4:30:00 AM","01 - Clear","01 - Dry","10 - No control","01 - Non intersection","07 - Dark","02 - Non-fatal injury","07 - SMV other"
"3805","COLONIAL RD btwn MONSEIGNEUR DENIS CRT & LAFLEUR RD","396154.71971","5034513.55349","-75.33218","45.44458","2017","10/29/2017","11:29:00 AM","02 - Rain","02 - Wet","10 - No control","01 - Non intersection","01 - Daylight","02 - Non-fatal injury","07 - SMV other"
"3806","COLONIAL RD/SMITH RD @ TRIM RD","388795.79714","5031789.84010","-75.42670","45.42100","2017","6/15/2017","5:00:00 PM","01 - Clear","01 - Dry","02 - Stop sign","02 - Intersection related","01 - Daylight","03 - P.D. only","03 - Rear end"
"3807","COLONIAL RD/SMITH RD @ TRIM RD","388795.79714","5031788.50231","-75.42670","45.42099","2017","2/15/2017","6:45:00 PM","01 - Clear","03 - Loose snow","02 - Stop sign","03 - At intersection","07 - Dark","03 - P.D. only","02 - Angle"
"3808","COLONNADE RD    N btwn CORINTH PRIV & CITIPLACE DR","366777.59241","5023360.61222","-75.70908","45.34745","2017","3/2/2017","7:01:00 AM","01 - Clear","05 - Packed snow","10 - No control","01 - Non intersection","01 - Daylight","03 - P.D. only","01 - Approaching"
"3809","COLONNADE RD    S btwn CONCOURSE GT & COLONNADE RD N","367069.43952","5022922.26284","-75.70541","45.34348","2017","6/13/2017","7:04:00 AM","01 - Clear","01 - Dry","10 - No control","04 - At/near private drive","01 - Daylight","03 - P.D. only","05 - Turning movement"