"Record","Location","X","Y","Longitude","Latitude","Year","Date","Time","Environment","Road_Surface","Traffic_Control","Collision_Location","Light","Collision_Classification","Impact_type"
"3810","COLONNADE RD @ COLONNADE RD E","367230.29666","5023196.01000","-75.70332","45.34593","2017","11/16/2017","5:23:00 PM","02 - Rain","02 - Wet","01 - Traffic signal","02 - Intersection related","07 - Dark","03 - P.D. only","03 - Rear end"
"3811","COLONNADE RD @ MERIVALE RD","365364.02945","5022543.82750","-75.72721","45.34023","2017","6/14/2017","4:47:00 PM","01 - Clear","01 - Dry","01 - Traffic signal","02 - Intersection related","01 - Daylight","03 - P.D. only","03 - Rear end"
"3812","COLONNADE RD @ MERIVALE RD","365365.88564","5022542.11656","-75.72719","45.34021","2017","6/21/2017","6:16:00 PM","01 - Clear","01 - Dry","01 - Traffic signal","02 - Intersection related","01 - Daylight","03 - P.D. only","04 - Sideswipe"
"3813","COLONNADE RD @ MERIVALE RD","365364.02945","5022545.16530","-75.72721","45.34024","2017","6/16/2017","3:15:00 PM","01 - Clear","01 - Dry","01 - Traffic signal","02 - Intersection related","01 - Daylight","03 - P.D. only","03 - Rear end"
"3814","COLONNADE RD @ MERIVALE RD","365362.69166","5022543.82750","-75.72723","45.34023","2017","6/7/2017","1:35:00 PM","01 - Clear","01 - Dry","01 - Traffic signal","02 - Intersection related","01 - Daylight","03 - P.D. only","03 - Rear end"
"3815","COLONNADE RD @ MERIVALE RD","365364.69834","5022544.49640","-75.72720","45.34023","2017","5/18/2017","5:28:00 PM","01 - Clear","01 - Dry","01 - Traffic signal","02 - Intersection related","01 - Daylight","03 - P.D. only","04 - Sideswipe"
"3816","COLONNADE RD @ MERIVALE RD","365363.69534","5022544.49619","-75.72722","45.34023","2017","7/10/2017","4:47:00 PM","01 - Clear","01 - Dry","01 - Traffic signal","03 - At intersection","01 - Daylight","03 - P.D. only","05 - Turning movement"
"3817","COLONNADE RD @ MERIVALE RD","365364.97705","5022545.77845","-75.72720","45.34024","2017","7/17/2017","6:42:00 AM","01 - Clear","01 - Dry","01 - Traffic signal","02 - Intersection related","01 - Daylight","03 - P.D. only","07 - SMV other"
"3818","COLONNADE RD @ MERIVALE RD","365363.05397","5022543.85537","-75.72723","45.34023","2017","8/17/2017","8:56:00 AM","01 - Clear","01 - Dry","01 - Traffic signal","03 - At intersection","01 - Daylight","03 - P.D. only","02 - Angle"
"3819","COLONNADE RD @ MERIVALE RD","365364.23774","5022544.22503","-75.72721","45.34023","2017","10/19/2017","12:51:00 PM","01 - Clear","01 - Dry","01 - Traffic signal","02 - Intersection related","01 - Daylight","02 - Non-fatal injury","03 - Rear end"
"3820","COLONNADE RD @ MERIVALE RD","365363.69500","5022544.73309","-75.72722","45.34024","2017","11/1/2017","9:49:00 PM","02 - Rain","02 - Wet","01 - Traffic signal","03 - At intersection","07 - Dark","02 - Non-fatal injury","03 - Rear end"
"3821","COLONNADE RD @ MERIVALE RD","365363.36055","5022543.82750","-75.72722","45.34023","2017","11/16/2017","3:26:00 PM","02 - Rain","02 - Wet","01 - Traffic signal","02 - Intersection related","01 - Daylight","03 - P.D. only","03 - Rear end"
"3822","COLONNADE RD @ MERIVALE RD","365365.32322","5022545.31051","-75.72720","45.34024","2017","1/16/2017","2:47:00 PM","01 - Clear","01 - Dry","01 - Traffic signal","03 - At intersection","01 - Daylight","03 - P.D. only","04 - Sideswipe"
"3823","COLONNADE RD @ MERIVALE RD","365362.94453","5022544.87163","-75.72723","45.34024","2017","2/6/2017","11:09:00 AM","01 - Clear","02 - Wet","01 - Traffic signal","02 - Intersection related","01 - Daylight","03 - P.D. only","03 - Rear end"
"3824","COLONNADE RD @ MERIVALE RD","365363.36055","5022544.49640","-75.72722","45.34023","2017","4/3/2017","5:25:00 PM","01 - Clear","01 - Dry","01 - Traffic signal","02 - Intersection related","01 - Daylight","03 - P.D. only","03 - Rear end"
"3825","COLONNADE RD @ PRINCE OF WALES DR","367396.38384","5023266.51610","-75.70119","45.34655","2017","5/26/2017","5:30:00 PM","02 - Rain","02 - Wet","01 - Traffic signal","02 - Intersection related","01 - Daylight","03 - P.D. only","03 - Rear end"
"3826","COLONNADE RD @ PRINCE OF WALES DR","367394.37715","5023267.85389","-75.70122","45.34656","2017","5/18/2017","5:45:00 PM","01 - Clear","01 - Dry","01 - Traffic signal","03 - At intersection","01 - Daylight","02 - Non-fatal injury","03 - Rear end"
"3827","COLONNADE RD @ PRINCE OF WALES DR","367395.71494","5023265.84720","-75.70120","45.34655","2017","5/3/2017","4:24:00 PM","01 - Clear","01 - Dry","01 - Traffic signal","03 - At intersection","01 - Daylight","03 - P.D. only","03 - Rear end"
"3828","COLONNADE RD @ PRINCE OF WALES DR","367395.14310","5023266.30035","-75.70121","45.34655","2017","8/18/2017","4:47:00 PM","01 - Clear","01 - Dry","01 - Traffic signal","02 - Intersection related","01 - Daylight","03 - P.D. only","03 - Rear end"
"3829","COLONNADE RD @ PRINCE OF WALES DR","367395.14310","5023265.86885","-75.70121","45.34655","2017","8/18/2017","5:10:00 PM","01 - Clear","01 - Dry","01 - Traffic signal","02 - Intersection related","01 - Daylight","02 - Non-fatal injury","03 - Rear end"
"3830","COLONNADE RD @ PRINCE OF WALES DR","367394.10277","5023266.82051","-75.70122","45.34655","2017","8/1/2017","7:00:00 PM","01 - Clear","01 - Dry","01 - Traffic signal","02 - Intersection related","01 - Daylight","03 - P.D. only","03 - Rear end"
"3831","COLONNADE RD @ PRINCE OF WALES DR","367393.49394","5023266.21169","-75.70123","45.34655","2017","8/10/2017","6:30:00 PM","01 - Clear","01 - Dry","01 - Traffic signal","02 - Intersection related","01 - Daylight","03 - P.D. only","03 - Rear end"
"3832","COLONNADE RD @ PRINCE OF WALES DR","367394.90536","5023266.33771","-75.70121","45.34655","2017","10/16/2017","7:01:00 AM","01 - Clear","01 - Dry","01 - Traffic signal","02 - Intersection related","03 - Dawn","02 - Non-fatal injury","05 - Turning movement"
"3833","COLONNADE RD @ PRINCE OF WALES DR","367394.71154","5023266.51617","-75.70121","45.34655","2017","12/5/2017","4:11:00 PM","01 - Clear","02 - Wet","01 - Traffic signal","02 - Intersection related","05 - Dusk","03 - P.D. only","04 - Sideswipe"
"3834","COLONNADE RD @ PRINCE OF WALES DR","367393.70826","5023265.84720","-75.70123","45.34655","2017","1/5/2017","8:53:00 AM","01 - Clear","06 - Ice","01 - Traffic signal","02 - Intersection related","01 - Daylight","03 - P.D. only","03 - Rear end"
"3835","COLONNADE RD @ PRINCE OF WALES DR","367395.04605","5023267.85389","-75.70121","45.34656","2017","2/17/2017","12:15:00 PM","01 - Clear","02 - Wet","01 - Traffic signal","02 - Intersection related","01 - Daylight","03 - P.D. only","03 - Rear end"
"3836","COLONNADE RD @ PRINCE OF WALES DR","367396.42834","5023266.51610","-75.70119","45.34655","2017","1/6/2017","6:41:00 PM","01 - Clear","01 - Dry","01 - Traffic signal","02 - Intersection related","07 - Dark","03 - P.D. only","03 - Rear end"
"3837","COLONNADE RD @ PRINCE OF WALES DR","367394.16515","5023267.06255","-75.70122","45.34656","2017","2/2/2017","4:18:00 PM","01 - Clear","01 - Dry","01 - Traffic signal","02 - Intersection related","01 - Daylight","03 - P.D. only","03 - Rear end"
"3838","COLONNADE RD @ PRINCE OF WALES DR","367396.38384","5023267.18500","-75.70119","45.34656","2017","3/12/2017","7:36:00 PM","01 - Clear","01 - Dry","01 - Traffic signal","02 - Intersection related","07 - Dark","03 - P.D. only","03 - Rear end"
"3839","COLONNADE RD @ PRINCE OF WALES DR","367395.04605","5023267.85389","-75.70121","45.34656","2017","4/18/2017","12:01:00 PM","01 - Clear","01 - Dry","01 - Traffic signal","02 - Intersection related","01 - Daylight","03 - P.D. only","07 - SMV other"
"3840","COLONNADE RD @ PRINCE OF WALES DR","367393.96113","5023266.14087","-75.70122","45.34655","2017","3/21/2017","5:20:00 PM","01 - Clear","01 - Dry","01 - Traffic signal","02 - Intersection related","01 - Daylight","03 - P.D. only","03 - Rear end"
"3841","COLONNADE RD btwn MERIVALE RD & COLONNADE RD N","365517.87560","5022606.70376","-75.72524","45.34078","2017","7/11/2017","7:24:00 PM","02 - Rain","02 - Wet","10 - No control","01 - Non intersection","01 - Daylight","03 - P.D. only","03 - Rear end"
"3842","COLONNADE RD btwn MERIVALE RD & COLONNADE RD N","365421.55453","5022568.57667","-75.72648","45.34045","2017","11/30/2017","4:52:00 PM","02 - Rain","02 - Wet","10 - No control","01 - Non intersection","07 - Dark","03 - P.D. only","07 - SMV other"
"3843","COLONNADE RD btwn MERIVALE RD & COLONNADE RD N","365457.21938","5022580.59378","-75.72602","45.34055","2017","1/10/2017","5:40:00 PM","03 - Snow","06 - Ice","10 - No control","04 - At/near private drive","07 - Dark","03 - P.D. only","05 - Turning movement"
"3844","COLONNADE RD btwn MERIVALE RD & COLONNADE RD N","365828.66158","5022783.32549","-75.72126","45.34234","2017","12/28/2017","2:51:00 AM","01 - Clear","01 - Dry","10 - No control","04 - At/near private drive","07 - Dark","03 - P.D. only","07 - SMV other"
"3845","COLUMBUS AVE @ VERA ST","370493.37775","5032199.24081","-75.66049","45.42664","2017","5/8/2017","10:40:00 PM","01 - Clear","01 - Dry","03 - Yield sign","03 - At intersection","07 - Dark","03 - P.D. only","02 - Angle"
"3846","COMPASS ST/MARKINCH RD @ RENAUD RD","382358.01010","5033070.71370","-75.50875","45.43327","2017","11/5/2017","1:53:00 PM","02 - Rain","02 - Wet","02 - Stop sign","03 - At intersection","01 - Daylight","02 - Non-fatal injury","07 - SMV other"
"3847","CONCORD ST @ EVELYN AVE","369283.70178","5030620.63919","-75.67615","45.41255","2017","2/8/2017","9:31:00 AM","03 - Snow","03 - Loose snow","02 - Stop sign","02 - Intersection related","01 - Daylight","03 - P.D. only","99 - Other"
"3848","CONCORD ST @ GREENFIELD AVE","369033.79958","5031064.51082","-75.67928","45.41657","2017","12/29/2017","10:47:00 PM","01 - Clear","04 - Slush","02 - Stop sign","03 - At intersection","07 - Dark","03 - P.D. only","02 - Angle"
"3849","CONCORD ST @ MONTCALM ST","369076.75559","5031013.21671","-75.67874","45.41610","2017","2/13/2017","12:00:00 AM","01 - Clear","01 - Dry","02 - Stop sign","02 - Intersection related","00 - Unknown","03 - P.D. only","06 - SMV unattended vehicle"
"3850","CONDOR DR btwn LOON LANE & PLANTE DR","370085.70075","5024461.04098","-75.66672","45.35705","2017","3/24/2017","4:49:00 PM","03 - Snow","05 - Packed snow","10 - No control","04 - At/near private drive","01 - Daylight","03 - P.D. only","99 - Other"
"3851","CONIFER CREEK CIR S btwn CONIFER CREEK CIR & END","356785.55450","5015426.55700","-75.83741","45.27687","2017","8/5/2017","12:00:00 AM","01 - Clear","01 - Dry","10 - No control","01 - Non intersection","00 - Unknown","03 - P.D. only","06 - SMV unattended vehicle"
"3852","CONIFER CREEK CIR S btwn CONIFER CREEK CIR & END","356858.88200","5015467.13400","-75.83647","45.27723","2017","12/30/2017","8:00:00 PM","03 - Snow","05 - Packed snow","10 - No control","04 - At/near private drive","07 - Dark","03 - P.D. only","06 - SMV unattended vehicle"
"3853","CONNAUGHT AVE btwn CARLING AVE & SACKVILLE ST","360807.39882","5025009.40288","-75.78507","45.36279","2017","3/6/2017","12:00:00 AM","01 - Clear","01 - Dry","10 - No control","04 - At/near private drive","07 - Dark","03 - P.D. only","06 - SMV unattended vehicle"
"3854","CONOVER ST @ KNOXDALE RD","361983.34785","5021007.49449","-75.77052","45.32669","2017","7/7/2017","5:31:00 PM","02 - Rain","02 - Wet","02 - Stop sign","02 - Intersection related","01 - Daylight","03 - P.D. only","03 - Rear end"
"3855","CONRAD AVE btwn KIPLING ST & FEATHERSTON DR","372295.35688","5027792.40279","-75.63806","45.38682","2017","11/10/2017","8:15:00 PM","02 - Rain","02 - Wet","10 - No control","04 - At/near private drive","07 - Dark","03 - P.D. only","06 - SMV unattended vehicle"
"3856","CONROY RD @ BRADDISH ST","374990.20125","5022515.06599","-75.60440","45.33907","2017","6/14/2017","4:32:00 PM","01 - Clear","01 - Dry","02 - Stop sign","02 - Intersection related","01 - Daylight","02 - Non-fatal injury","05 - Turning movement"
"3857","CONROY RD @ DAVIDSON RD N","374573.75150","5023514.38440","-75.60958","45.34810","2017","2/7/2017","8:55:00 PM","03 - Snow","06 - Ice","02 - Stop sign","02 - Intersection related","07 - Dark","03 - P.D. only","03 - Rear end"
"3858","CONROY RD @ DAVIDSON RD N","374573.41705","5023514.84120","-75.60958","45.34811","2017","3/22/2017","12:22:00 PM","01 - Clear","01 - Dry","02 - Stop sign","03 - At intersection","01 - Daylight","03 - P.D. only","02 - Angle"
"3859","CONROY RD @ HUNT CLUB RD","373761.93549","5025403.62054","-75.61967","45.36518","2017","7/25/2017","5:10:00 PM","01 - Clear","01 - Dry","01 - Traffic signal","02 - Intersection related","01 - Daylight","03 - P.D. only","03 - Rear end"
"3860","CONROY RD @ HUNT CLUB RD","373764.38103","5025405.16383","-75.61964","45.36520","2017","8/5/2017","11:18:00 PM","01 - Clear","01 - Dry","01 - Traffic signal","02 - Intersection related","07 - Dark","02 - Non-fatal injury","03 - Rear end"
"3861","CONROY RD @ HUNT CLUB RD","373764.07445","5025403.85390","-75.61964","45.36519","2017","7/5/2017","2:20:00 PM","01 - Clear","01 - Dry","01 - Traffic signal","02 - Intersection related","01 - Daylight","02 - Non-fatal injury","03 - Rear end"
"3862","CONROY RD @ HUNT CLUB RD","373763.73998","5025404.52279","-75.61965","45.36519","2017","7/23/2017","7:21:00 PM","01 - Clear","01 - Dry","01 - Traffic signal","02 - Intersection related","01 - Daylight","03 - P.D. only","03 - Rear end"
"3863","CONROY RD @ HUNT CLUB RD","373762.79325","5025403.81274","-75.61966","45.36519","2017","8/28/2017","5:24:00 PM","01 - Clear","01 - Dry","01 - Traffic signal","02 - Intersection related","01 - Daylight","03 - P.D. only","03 - Rear end"
"3864","CONROY RD @ HUNT CLUB RD","373762.36227","5025405.21166","-75.61966","45.36520","2017","7/21/2017","3:14:00 PM","01 - Clear","01 - Dry","01 - Traffic signal","02 - Intersection related","01 - Daylight","03 - P.D. only","03 - Rear end"
"3865","CONROY RD @ HUNT CLUB RD","373762.53699","5025404.82355","-75.61966","45.36519","2017","7/26/2017","4:16:00 PM","01 - Clear","01 - Dry","01 - Traffic signal","02 - Intersection related","01 - Daylight","03 - P.D. only","03 - Rear end"
"3866","CONROY RD @ HUNT CLUB RD","373763.40555","5025405.19170","-75.61965","45.36520","2017","10/30/2017","4:43:00 PM","01 - Clear","01 - Dry","01 - Traffic signal","03 - At intersection","01 - Daylight","03 - P.D. only","02 - Angle"
"3867","CONROY RD @ HUNT CLUB RD","373764.21337","5025404.75949","-75.61964","45.36519","2017","10/20/2017","8:45:00 AM","01 - Clear","01 - Dry","01 - Traffic signal","02 - Intersection related","01 - Daylight","03 - P.D. only","04 - Sideswipe"
"3868","CONROY RD @ HUNT CLUB RD","373763.40555","5025405.19170","-75.61965","45.36520","2017","11/15/2017","5:12:00 PM","01 - Clear","01 - Dry","01 - Traffic signal","02 - Intersection related","07 - Dark","03 - P.D. only","03 - Rear end"
"3869","CONROY RD @ HUNT CLUB RD","373762.73666","5025405.86059","-75.61966","45.36520","2017","11/24/2017","4:58:00 PM","01 - Clear","01 - Dry","01 - Traffic signal","02 - Intersection related","07 - Dark","03 - P.D. only","03 - Rear end"
"3870","CONROY RD @ HUNT CLUB RD","373762.73666","5025405.86059","-75.61966","45.36520","2017","11/30/2017","4:49:00 PM","02 - Rain","02 - Wet","01 - Traffic signal","03 - At intersection","05 - Dusk","02 - Non-fatal injury","05 - Turning movement"
"3871","CONROY RD @ HUNT CLUB RD","373763.26210","5025403.80595","-75.61965","45.36518","2017","11/30/2017","1:11:00 PM","01 - Clear","01 - Dry","01 - Traffic signal","02 - Intersection related","01 - Daylight","03 - P.D. only","03 - Rear end"
"3872","CONROY RD @ HUNT CLUB RD","373762.78421","5025404.28385","-75.61966","45.36519","2017","12/1/2017","2:49:00 PM","01 - Clear","01 - Dry","01 - Traffic signal","02 - Intersection related","01 - Daylight","03 - P.D. only","03 - Rear end"
"3873","CONROY RD @ HUNT CLUB RD","373762.73666","5025404.52280","-75.61966","45.36519","2017","11/30/2017","5:00:00 PM","03 - Snow","02 - Wet","01 - Traffic signal","02 - Intersection related","05 - Dusk","03 - P.D. only","03 - Rear end"
"3874","CONROY RD @ HUNT CLUB RD","373763.26663","5025403.81274","-75.61965","45.36519","2017","11/7/2017","4:35:00 PM","01 - Clear","01 - Dry","01 - Traffic signal","02 - Intersection related","05 - Dusk","03 - P.D. only","02 - Angle"
"3875","CONROY RD @ HUNT CLUB RD","373762.48370","5025405.12228","-75.61966","45.36520","2017","1/13/2017","6:51:00 PM","01 - Clear","01 - Dry","01 - Traffic signal","02 - Intersection related","07 - Dark","02 - Non-fatal injury","03 - Rear end"
"3876","CONROY RD @ HUNT CLUB RD","373764.07445","5025403.85390","-75.61964","45.36519","2017","3/16/2017","5:30:00 PM","01 - Clear","01 - Dry","01 - Traffic signal","02 - Intersection related","01 - Daylight","03 - P.D. only","03 - Rear end"
"3877","CONROY RD @ HUNT CLUB RD","373762.99103","5025403.06194","-75.61966","45.36518","2017","3/28/2017","12:55:00 PM","01 - Clear","01 - Dry","01 - Traffic signal","02 - Intersection related","01 - Daylight","03 - P.D. only","03 - Rear end"
"3878","CONROY RD @ HUNT CLUB RD","373763.40555","5025404.52280","-75.61965","45.36519","2017","3/17/2017","6:35:00 AM","01 - Clear","01 - Dry","01 - Traffic signal","02 - Intersection related","01 - Daylight","03 - P.D. only","03 - Rear end"
"3879","CONROY RD @ HUNT CLUB RD","373764.74334","5025403.85390","-75.61963","45.36519","2017","3/13/2017","6:30:00 AM","01 - Clear","01 - Dry","01 - Traffic signal","03 - At intersection","03 - Dawn","02 - Non-fatal injury","05 - Turning movement"
"3880","CONROY RD @ JOHNSTON RD","373396.16607","5026309.74185","-75.62421","45.37337","2017","7/20/2017","7:11:00 PM","01 - Clear","01 - Dry","01 - Traffic signal","03 - At intersection","01 - Daylight","03 - P.D. only","05 - Turning movement"
"3881","CONROY RD @ JOHNSTON RD","373397.14155","5026307.79090","-75.62420","45.37335","2017","10/18/2017","9:15:00 PM","01 - Clear","01 - Dry","01 - Traffic signal","03 - At intersection","07 - Dark","02 - Non-fatal injury","02 - Angle"
"3882","CONROY RD @ JOHNSTON RD","373399.73615","5026309.92432","-75.62417","45.37337","2017","12/9/2017","11:01:00 AM","01 - Clear","01 - Dry","01 - Traffic signal","03 - At intersection","01 - Daylight","03 - P.D. only","03 - Rear end"
"3883","CONROY RD @ JOHNSTON RD","373396.32920","5026309.65454","-75.62421","45.37337","2017","11/2/2017","8:39:00 PM","02 - Rain","02 - Wet","01 - Traffic signal","03 - At intersection","07 - Dark","02 - Non-fatal injury","02 - Angle"
"3884","CONROY RD @ JOHNSTON RD","373397.14155","5026309.12870","-75.62420","45.37337","2017","12/4/2017","1:40:00 PM","01 - Clear","01 - Dry","01 - Traffic signal","03 - At intersection","01 - Daylight","03 - P.D. only","05 - Turning movement"
"3885","CONROY RD @ JOHNSTON RD","373396.80710","5026309.69437","-75.62421","45.37337","2017","1/23/2017","12:49:00 PM","01 - Clear","01 - Dry","01 - Traffic signal","02 - Intersection related","01 - Daylight","03 - P.D. only","03 - Rear end"
"3886","CONROY RD @ JOHNSTON RD","373397.55757","5026307.33410","-75.62420","45.37335","2017","2/9/2017","10:10:00 PM","01 - Clear","01 - Dry","01 - Traffic signal","03 - At intersection","07 - Dark","03 - P.D. only","02 - Angle"
"3887","CONROY RD @ JOHNSTON RD","373397.14155","5026307.79090","-75.62420","45.37335","2017","4/3/2017","9:12:00 PM","01 - Clear","01 - Dry","01 - Traffic signal","03 - At intersection","07 - Dark","03 - P.D. only","05 - Turning movement"
"3888","CONROY RD @ KINGSDALE AVE","374319.08095","5024119.83960","-75.61274","45.35358","2017","6/5/2017","7:40:00 AM","01 - Clear","01 - Dry","02 - Stop sign","03 - At intersection","01 - Daylight","03 - P.D. only","02 - Angle"
"3889","CONROY RD @ LORRY GREENBERG DR","373568.52045","5025879.52079","-75.62207","45.36948","2017","4/28/2017","3:08:00 PM","01 - Clear","01 - Dry","01 - Traffic signal","02 - Intersection related","01 - Daylight","02 - Non-fatal injury","03 - Rear end"
"3890","CONROY RD @ LORRY GREENBERG DR","373567.71263","5025878.89306","-75.62208","45.36948","2017","9/23/2017","11:51:00 AM","01 - Clear","01 - Dry","01 - Traffic signal","03 - At intersection","01 - Daylight","02 - Non-fatal injury","02 - Angle"
"3891","CONROY RD @ LORRY GREENBERG DR","373570.43741","5025878.55823","-75.62205","45.36948","2017","2/14/2017","3:25:00 PM","01 - Clear","02 - Wet","01 - Traffic signal","03 - At intersection","01 - Daylight","03 - P.D. only","05 - Turning movement"
"3892","CONROY RD @ LORRY GREENBERG DR","373568.52045","5025879.52079","-75.62207","45.36948","2017","4/18/2017","2:50:00 PM","01 - Clear","01 - Dry","01 - Traffic signal","03 - At intersection","01 - Daylight","03 - P.D. only","02 - Angle"
"3893","CONROY RD @ QUEENSDALE AVE","374351.73980","5024042.80104","-75.61233","45.35288","2017","10/19/2017","9:14:00 AM","01 - Clear","01 - Dry","02 - Stop sign","03 - At intersection","01 - Daylight","03 - P.D. only","02 - Angle"
"3894","CONROY RD @ ST. LAURENT BLVD","373068.58711","5027159.20385","-75.62828","45.38105","2017","6/18/2017","11:10:00 AM","01 - Clear","01 - Dry","01 - Traffic signal","02 - Intersection related","01 - Daylight","02 - Non-fatal injury","04 - Sideswipe"
"3895","CONROY RD @ ST. LAURENT BLVD","373069.63305","5027161.30859","-75.62826","45.38107","2017","5/3/2017","7:07:00 PM","01 - Clear","01 - Dry","01 - Traffic signal","03 - At intersection","01 - Daylight","03 - P.D. only","02 - Angle"
"3896","CONROY RD @ ST. LAURENT BLVD","373071.17051","5027159.60265","-75.62824","45.38105","2017","7/26/2017","1:14:00 PM","01 - Clear","01 - Dry","01 - Traffic signal","02 - Intersection related","01 - Daylight","03 - P.D. only","03 - Rear end"
"3897","CONROY RD @ ST. LAURENT BLVD","373070.42674","5027159.53152","-75.62825","45.38105","2017","7/26/2017","2:49:00 PM","01 - Clear","01 - Dry","01 - Traffic signal","03 - At intersection","01 - Daylight","03 - P.D. only","02 - Angle"
"3898","CONROY RD @ ST. LAURENT BLVD","373069.96750","5027159.60631","-75.62826","45.38105","2017","8/11/2017","1:18:00 PM","01 - Clear","01 - Dry","01 - Traffic signal","02 - Intersection related","01 - Daylight","03 - P.D. only","03 - Rear end"
"3899","CONROY RD @ ST. LAURENT BLVD","373070.44540","5027158.58505","-75.62825","45.38104","2017","11/21/2017","1:45:00 PM","01 - Clear","01 - Dry","01 - Traffic signal","02 - Intersection related","01 - Daylight","03 - P.D. only","04 - Sideswipe"
"3900","CONROY RD @ ST. LAURENT BLVD","373069.63305","5027158.63300","-75.62826","45.38104","2017","2/5/2017","9:15:00 PM","03 - Snow","03 - Loose snow","01 - Traffic signal","02 - Intersection related","07 - Dark","03 - P.D. only","04 - Sideswipe"
"3901","CONROY RD @ ST. LAURENT BLVD","373070.44087","5027159.06521","-75.62825","45.38105","2017","1/17/2017","3:30:00 PM","01 - Clear","01 - Dry","01 - Traffic signal","02 - Intersection related","01 - Daylight","03 - P.D. only","03 - Rear end"
"3902","CONROY RD @ THURSTON DR","373205.17153","5026794.77577","-75.62658","45.37776","2017","8/16/2017","7:30:00 PM","01 - Clear","01 - Dry","01 - Traffic signal","03 - At intersection","05 - Dusk","02 - Non-fatal injury","05 - Turning movement"
"3903","CONROY RD @ THURSTON DR","373206.29177","5026796.41385","-75.62657","45.37777","2017","11/11/2017","9:11:00 AM","01 - Clear","01 - Dry","01 - Traffic signal","03 - At intersection","01 - Daylight","03 - P.D. only","02 - Angle"
"3904","CONROY RD @ THURSTON DR","373205.53384","5026797.42349","-75.62658","45.37778","2017","12/4/2017","5:11:00 PM","01 - Clear","01 - Dry","01 - Traffic signal","02 - Intersection related","07 - Dark","02 - Non-fatal injury","03 - Rear end"
"3905","CONROY RD @ THURSTON DR","373203.48605","5026791.82986","-75.62661","45.37773","2017","2/15/2017","10:15:00 AM","03 - Snow","04 - Slush","01 - Traffic signal","02 - Intersection related","01 - Daylight","03 - P.D. only","03 - Rear end"
"3906","CONROY RD @ THURSTON DR","373204.19605","5026796.08570","-75.62660","45.37777","2017","2/25/2017","7:52:00 PM","02 - Rain","02 - Wet","01 - Traffic signal","02 - Intersection related","07 - Dark","03 - P.D. only","04 - Sideswipe"
"3907","CONROY RD @ WALKLEY RD","372903.38815","5027464.86909","-75.63034","45.38381","2017","6/15/2017","6:43:00 PM","01 - Clear","01 - Dry","01 - Traffic signal","02 - Intersection related","01 - Daylight","02 - Non-fatal injury","03 - Rear end"
"3908","CONROY RD @ WALKLEY RD","372904.05705","5027463.53130","-75.63034","45.38380","2017","4/25/2017","8:16:00 AM","01 - Clear","01 - Dry","01 - Traffic signal","02 - Intersection related","01 - Daylight","03 - P.D. only","03 - Rear end"
"3909","CONROY RD @ WALKLEY RD","372903.38815","5027464.86909","-75.63034","45.38381","2017","5/11/2017","4:15:00 PM","01 - Clear","01 - Dry","01 - Traffic signal","02 - Intersection related","01 - Daylight","03 - P.D. only","04 - Sideswipe"
"3910","CONROY RD @ WALKLEY RD","372904.37035","5027463.03192","-75.63033","45.38380","2017","6/22/2017","5:14:00 PM","01 - Clear","01 - Dry","01 - Traffic signal","02 - Intersection related","01 - Daylight","03 - P.D. only","04 - Sideswipe"
"3911","CONROY RD @ WALKLEY RD","372904.05705","5027465.53799","-75.63034","45.38382","2017","6/12/2017","7:30:00 PM","01 - Clear","01 - Dry","01 - Traffic signal","02 - Intersection related","01 - Daylight","03 - P.D. only","03 - Rear end"
"3912","CONROY RD @ WALKLEY RD","372904.72594","5027463.53130","-75.63033","45.38380","2017","6/4/2017","7:14:00 PM","01 - Clear","01 - Dry","01 - Traffic signal","02 - Intersection related","01 - Daylight","03 - P.D. only","03 - Rear end"
"3913","CONROY RD @ WALKLEY RD","372904.05705","5027464.20020","-75.63034","45.38381","2017","7/6/2017","4:25:00 PM","01 - Clear","01 - Dry","01 - Traffic signal","02 - Intersection related","01 - Daylight","03 - P.D. only","03 - Rear end"
"3914","CONROY RD @ WALKLEY RD","372903.72260","5027462.98485","-75.63034","45.38380","2017","10/11/2017","4:09:00 PM","01 - Clear","01 - Dry","01 - Traffic signal","02 - Intersection related","01 - Daylight","03 - P.D. only","03 - Rear end"
"3915","CONROY RD @ WALKLEY RD","372904.49499","5027463.22831","-75.63033","45.38380","2017","9/5/2017","8:21:00 AM","01 - Clear","02 - Wet","01 - Traffic signal","02 - Intersection related","01 - Daylight","02 - Non-fatal injury","03 - Rear end"
"3916","CONROY RD @ WALKLEY RD","372904.26905","5027463.53130","-75.63033","45.38380","2017","9/26/2017","1:25:00 PM","01 - Clear","01 - Dry","01 - Traffic signal","02 - Intersection related","01 - Daylight","03 - P.D. only","03 - Rear end"
"3917","CONROY RD @ WALKLEY RD","372904.72594","5027465.53799","-75.63033","45.38382","2017","11/8/2017","3:15:00 PM","01 - Clear","01 - Dry","01 - Traffic signal","02 - Intersection related","01 - Daylight","03 - P.D. only","03 - Rear end"