"Record","Location","X","Y","Longitude","Latitude","Year","Date","Time","Environment","Road_Surface","Traffic_Control","Collision_Location","Light","Collision_Classification","Impact_type"
"3918","CONROY RD @ WALKLEY RD","372903.17615","5027465.17064","-75.63035","45.38382","2017","1/26/2017","10:41:00 AM","03 - Snow","02 - Wet","01 - Traffic signal","02 - Intersection related","01 - Daylight","03 - P.D. only","03 - Rear end"
"3919","CONROY RD @ WALKLEY RD","372905.14272","5027462.34787","-75.63032","45.38379","2017","12/23/2017","2:25:00 PM","03 - Snow","03 - Loose snow","01 - Traffic signal","02 - Intersection related","01 - Daylight","03 - P.D. only","03 - Rear end"
"3920","CONROY RD btwn CONROY RD & ROSEBELLA AVE","373840.99753","5025227.93417","-75.61869","45.36359","2017","12/6/2017","8:15:00 AM","01 - Clear","01 - Dry","10 - No control","01 - Non intersection","01 - Daylight","03 - P.D. only","03 - Rear end"
"3921","CONROY RD btwn CONROY RD & ROSEBELLA AVE","374170.01820","5024467.42838","-75.61459","45.35672","2017","2/13/2017","9:22:00 AM","03 - Snow","03 - Loose snow","10 - No control","01 - Non intersection","01 - Daylight","03 - P.D. only","07 - SMV other"
"3922","CONROY RD btwn CONROY RD & ROSEBELLA AVE","373824.27512","5025272.08133","-75.61889","45.36399","2017","2/26/2017","12:23:00 PM","01 - Clear","01 - Dry","10 - No control","04 - At/near private drive","01 - Daylight","03 - P.D. only","06 - SMV unattended vehicle"
"3923","CONROY RD btwn HUNT CLUB RD & CONROY RD","373805.31706","5025312.28863","-75.61913","45.36436","2017","12/22/2017","3:20:00 PM","03 - Snow","03 - Loose snow","10 - No control","01 - Non intersection","01 - Daylight","03 - P.D. only","07 - SMV other"
"3924","CONROY RD btwn JOHNSTON RD & LORRY GREENBERG DR","373409.85058","5026278.35947","-75.62404","45.37309","2017","6/18/2017","6:03:00 PM","01 - Clear","01 - Dry","10 - No control","01 - Non intersection","01 - Daylight","03 - P.D. only","05 - Turning movement"
"3925","CONROY RD btwn THURSTON DR & JOHNSTON RD","373262.39003","5026653.61078","-75.62587","45.37648","2017","5/24/2017","3:15:00 PM","01 - Clear","01 - Dry","10 - No control","01 - Non intersection","01 - Daylight","03 - P.D. only","04 - Sideswipe"
"3926","CONROY RD btwn WALKLEY RD & ST. LAURENT BLVD","373039.87866","5027231.47485","-75.62863","45.38170","2017","9/23/2017","6:45:00 PM","01 - Clear","01 - Dry","10 - No control","04 - At/near private drive","05 - Dusk","02 - Non-fatal injury","07 - SMV other"
"3927","CONSTANCE BAY RD @ DUNROBIN RD","336736.69510","5037256.42805","-76.09153","45.47450","2017","9/8/2017","2:00:00 AM","01 - Clear","01 - Dry","02 - Stop sign","02 - Intersection related","07 - Dark","03 - P.D. only","07 - SMV other"
"3928","CONSTELLATION CRES @ BASELINE RD","362273.38800","5023598.19407","-75.76652","45.34997","2017","2/16/2017","8:11:00 AM","03 - Snow","05 - Packed snow","01 - Traffic signal","02 - Intersection related","01 - Daylight","03 - P.D. only","03 - Rear end"
"3929","CONSTELLATION CRES btwn TURN LANE & CENTREPOINTE DR","362498.85482","5023254.32762","-75.76369","45.34686","2017","6/30/2017","9:25:00 AM","01 - Clear","02 - Wet","10 - No control","01 - Non intersection","01 - Daylight","02 - Non-fatal injury","06 - SMV unattended vehicle"
"3930","COOKSHIRE CRES btwn BEAUREGARD CRES & MONTCREST DR","384835.37258","5038702.32789","-75.47617","45.48366","2017","3/15/2017","12:00:00 AM","03 - Snow","03 - Loose snow","10 - No control","01 - Non intersection","00 - Unknown","03 - P.D. only","06 - SMV unattended vehicle"
"3931","COOLSPRING CRES btwn COACH HOUSE GT & VIEWMOUNT DR","366613.88260","5023668.20221","-75.71113","45.35024","2017","9/23/2017","12:16:00 PM","01 - Clear","01 - Dry","10 - No control","04 - At/near private drive","01 - Daylight","03 - P.D. only","06 - SMV unattended vehicle"
"3932","COOPER ST @ BANK ST","367647.33257","5030990.80142","-75.69701","45.41603","2017","7/22/2017","7:58:00 PM","01 - Clear","01 - Dry","02 - Stop sign","03 - At intersection","01 - Daylight","03 - P.D. only","02 - Angle"
"3933","COOPER ST @ BANK ST","367649.18367","5030990.80849","-75.69698","45.41603","2017","10/25/2017","9:40:00 AM","01 - Clear","01 - Dry","02 - Stop sign","03 - At intersection","01 - Daylight","03 - P.D. only","05 - Turning movement"
"3934","COOPER ST @ BANK ST","367647.70696","5030991.90959","-75.69700","45.41604","2017","11/6/2017","1:46:00 PM","01 - Clear","01 - Dry","02 - Stop sign","03 - At intersection","01 - Daylight","03 - P.D. only","02 - Angle"
"3935","COOPER ST @ BANK ST","367649.71364","5030991.24070","-75.69698","45.41603","2017","2/17/2017","5:20:00 PM","01 - Clear","01 - Dry","02 - Stop sign","03 - At intersection","07 - Dark","03 - P.D. only","02 - Angle"
"3936","COOPER ST @ DRIVEWAY (THE)","368494.74961","5031494.81935","-75.68612","45.42049","2017","12/21/2017","4:00:00 PM","03 - Snow","06 - Ice","10 - No control","03 - At intersection","05 - Dusk","03 - P.D. only","07 - SMV other"
"3937","COOPER ST @ ELGIN ST","368120.71734","5031271.58890","-75.69092","45.41851","2017","6/21/2017","5:41:00 PM","01 - Clear","01 - Dry","01 - Traffic signal","03 - At intersection","01 - Daylight","03 - P.D. only","02 - Angle"
"3938","COOPER ST @ ELGIN ST","368119.10517","5031271.89331","-75.69094","45.41852","2017","8/7/2017","8:49:00 PM","01 - Clear","01 - Dry","01 - Traffic signal","02 - Intersection related","05 - Dusk","03 - P.D. only","04 - Sideswipe"
"3939","COOPER ST @ ELGIN ST","368118.62110","5031271.58890","-75.69095","45.41851","2017","2/2/2017","5:47:00 PM","01 - Clear","02 - Wet","01 - Traffic signal","03 - At intersection","05 - Dusk","03 - P.D. only","02 - Angle"
"3940","COOPER ST @ ELGIN ST","368121.38624","5031270.25111","-75.69091","45.41850","2017","2/26/2017","10:19:00 AM","01 - Clear","01 - Dry","01 - Traffic signal","03 - At intersection","01 - Daylight","02 - Non-fatal injury","07 - SMV other"
"3941","COOPER ST @ KENT ST","367482.37015","5030890.23090","-75.69913","45.41514","2017","9/21/2017","8:37:00 AM","01 - Clear","01 - Dry","02 - Stop sign","03 - At intersection","01 - Daylight","03 - P.D. only","02 - Angle"
"3942","COOPER ST @ LYON ST","367322.65245","5030792.32601","-75.70118","45.41427","2017","10/20/2017","4:03:00 PM","01 - Clear","01 - Dry","02 - Stop sign","02 - Intersection related","01 - Daylight","02 - Non-fatal injury","05 - Turning movement"
"3943","COOPER ST @ LYON ST","367321.23232","5030792.56270","-75.70120","45.41428","2017","12/20/2017","3:40:00 PM","01 - Clear","04 - Slush","02 - Stop sign","03 - At intersection","01 - Daylight","03 - P.D. only","05 - Turning movement"
"3944","COOPER ST @ O'CONNOR ST","367810.38344","5031084.23321","-75.69491","45.41686","2017","6/21/2017","4:13:00 PM","01 - Clear","01 - Dry","02 - Stop sign","03 - At intersection","01 - Daylight","02 - Non-fatal injury","05 - Turning movement"
"3945","COOPER ST @ O'CONNOR ST","367808.86974","5031085.52988","-75.69493","45.41687","2017","6/22/2017","10:58:00 AM","01 - Clear","01 - Dry","02 - Stop sign","02 - Intersection related","01 - Daylight","03 - P.D. only","04 - Sideswipe"
"3946","COOPER ST @ O'CONNOR ST","367808.17572","5031085.83874","-75.69494","45.41687","2017","7/23/2017","2:54:00 AM","01 - Clear","01 - Dry","02 - Stop sign","02 - Intersection related","07 - Dark","03 - P.D. only","04 - Sideswipe"
"3947","COOPER ST @ O'CONNOR ST","367807.70786","5031087.57769","-75.69495","45.41689","2017","11/23/2017","9:47:00 PM","01 - Clear","01 - Dry","02 - Stop sign","03 - At intersection","07 - Dark","03 - P.D. only","04 - Sideswipe"
"3948","COOPER ST @ PERCY ST","367068.17449","5030641.56810","-75.70445","45.41294","2017","6/28/2017","4:43:00 PM","01 - Clear","01 - Dry","02 - Stop sign","03 - At intersection","01 - Daylight","03 - P.D. only","02 - Angle"
"3949","COOPER ST btwn ELGIN ST & CARTIER ST","368123.88759","5031274.32660","-75.69088","45.41854","2017","1/6/2017","10:16:00 AM","01 - Clear","01 - Dry","10 - No control","01 - Non intersection","01 - Daylight","03 - P.D. only","01 - Approaching"
"3950","COOPER ST btwn KENT ST & BANK ST","367569.39967","5030941.86679","-75.69801","45.41560","2017","8/24/2017","2:19:00 PM","01 - Clear","01 - Dry","10 - No control","04 - At/near private drive","01 - Daylight","03 - P.D. only","99 - Other"
"3951","COOPER ST btwn KENT ST & BANK ST","367486.01821","5030892.16555","-75.69908","45.41516","2017","9/28/2017","12:00:00 AM","01 - Clear","01 - Dry","10 - No control","01 - Non intersection","00 - Unknown","03 - P.D. only","06 - SMV unattended vehicle"
"3952","COOPER ST btwn METCALFE ST & ELGIN ST","368031.55976","5031219.55351","-75.69207","45.41805","2017","10/11/2017","12:00:00 AM","01 - Clear","01 - Dry","10 - No control","01 - Non intersection","00 - Unknown","03 - P.D. only","06 - SMV unattended vehicle"
"3953","COOPER ST btwn METCALFE ST & ELGIN ST","367984.60674","5031193.09504","-75.69267","45.41782","2017","9/3/2017","7:24:00 PM","01 - Clear","02 - Wet","10 - No control","01 - Non intersection","05 - Dusk","03 - P.D. only","99 - Other"
"3954","COPE @ TERRY FOX","353998.21685","5015345.54439","-75.87294","45.27634","2017","8/25/2017","6:36:00 PM","01 - Clear","01 - Dry","01 - Traffic signal","03 - At intersection","01 - Daylight","03 - P.D. only","05 - Turning movement"
"3955","COPE @ TERRY FOX","353996.06709","5015345.00695","-75.87297","45.27634","2017","7/6/2017","3:16:00 PM","01 - Clear","01 - Dry","01 - Traffic signal","03 - At intersection","01 - Daylight","03 - P.D. only","03 - Rear end"
"3956","COPE @ TERRY FOX","353996.26676","5015344.63880","-75.87297","45.27634","2017","6/30/2017","8:42:00 PM","01 - Clear","01 - Dry","01 - Traffic signal","03 - At intersection","05 - Dusk","03 - P.D. only","05 - Turning movement"
"3957","COPE @ TERRY FOX","353997.60455","5015344.63880","-75.87295","45.27634","2017","11/5/2017","12:24:00 PM","02 - Rain","02 - Wet","01 - Traffic signal","03 - At intersection","01 - Daylight","03 - P.D. only","05 - Turning movement"
"3958","COPE @ TERRY FOX","353997.60455","5015345.30770","-75.87295","45.27634","2017","11/28/2017","5:21:00 PM","02 - Rain","02 - Wet","01 - Traffic signal","02 - Intersection related","07 - Dark","03 - P.D. only","05 - Turning movement"
"3959","COPE @ TERRY FOX","353997.60455","5015345.97660","-75.87295","45.27635","2017","2/19/2017","12:15:00 PM","01 - Clear","02 - Wet","01 - Traffic signal","03 - At intersection","01 - Daylight","02 - Non-fatal injury","05 - Turning movement"
"3960","COPE @ TERRY FOX","353996.26676","5015345.30770","-75.87297","45.27634","2017","3/5/2017","10:33:00 AM","01 - Clear","01 - Dry","01 - Traffic signal","03 - At intersection","01 - Daylight","02 - Non-fatal injury","05 - Turning movement"
"3961","COPPERWOOD ST btwn QUARRY RIDGE DR & QUARRY RIDGE DR","380889.84229","5038092.94260","-75.52673","45.47862","2017","9/8/2017","2:30:00 PM","01 - Clear","01 - Dry","10 - No control","04 - At/near private drive","01 - Daylight","03 - P.D. only","06 - SMV unattended vehicle"
"3962","CORALROOT AVE @ LONGFIELDS DR","364999.23460","5016865.77700","-75.73256","45.28917","2017","10/24/2017","8:10:00 AM","01 - Clear","02 - Wet","02 - Stop sign","02 - Intersection related","01 - Daylight","03 - P.D. only","04 - Sideswipe"
"3963","CORDOVA ST @ EPWORTH AVE","364043.97936","5023671.78866","-75.74392","45.35049","2017","1/9/2017","10:43:00 AM","01 - Clear","03 - Loose snow","02 - Stop sign","02 - Intersection related","01 - Daylight","03 - P.D. only","07 - SMV other"
"3964","CORDOVA ST @ RITA AVE","363921.69080","5023875.68823","-75.74546","45.35233","2017","10/10/2017","4:18:00 PM","01 - Clear","01 - Dry","02 - Stop sign","02 - Intersection related","01 - Daylight","02 - Non-fatal injury","07 - SMV other"
"3965","CORKERY RD @ OLD ALMONTE RD","338906.48580","5013045.75125","-76.06545","45.25654","2017","7/12/2017","7:14:00 PM","01 - Clear","01 - Dry","02 - Stop sign","03 - At intersection","01 - Daylight","03 - P.D. only","07 - SMV other"
"3966","CORKERY RD btwn MANION RD & OLD ALMONTE RD","338798.59763","5013178.83365","-76.06681","45.25775","2017","6/7/2017","6:24:00 AM","01 - Clear","01 - Dry","10 - No control","01 - Non intersection","01 - Daylight","03 - P.D. only","07 - SMV other"
"3967","CORKSTOWN RD @ MARCH RD","352657.94755","5020883.48600","-75.88949","45.32627","2017","4/26/2017","3:01:00 PM","01 - Clear","01 - Dry","02 - Stop sign","03 - At intersection","01 - Daylight","02 - Non-fatal injury","05 - Turning movement"
"3968","CORKSTOWN RD @ MARCH RD","352658.90760","5020882.83875","-75.88948","45.32626","2017","8/20/2017","8:21:00 PM","01 - Clear","01 - Dry","02 - Stop sign","02 - Intersection related","07 - Dark","03 - P.D. only","05 - Turning movement"
"3969","CORKSTOWN RD btwn MOODIE DR & CRYSTAL BEACH DR","356525.50062","5022537.43715","-75.83998","45.34088","2017","7/2/2017","1:06:00 AM","02 - Rain","02 - Wet","10 - No control","01 - Non intersection","07 - Dark","03 - P.D. only","03 - Rear end"
"3970","CORKSTOWN RD btwn MOODIE DR & CRYSTAL BEACH DR","356388.69848","5022757.54102","-75.84171","45.34287","2017","3/2/2017","3:41:00 PM","01 - Clear","03 - Loose snow","10 - No control","01 - Non intersection","01 - Daylight","03 - P.D. only","01 - Approaching"
"3971","CORLEY PRIV @ FAIRLEA CRES","372003.92548","5026534.51580","-75.64196","45.37553","2017","12/27/2017","12:41:00 PM","01 - Clear","01 - Dry","10 - No control","02 - Intersection related","01 - Daylight","03 - P.D. only","99 - Other"
"3972","CORONATION AVE @ CHOMLEY CRES","371632.51534","5030425.11819","-75.64617","45.41057","2017","2/24/2017","12:37:00 PM","02 - Rain","02 - Wet","02 - Stop sign","03 - At intersection","01 - Daylight","03 - P.D. only","02 - Angle"
"3973","CORONATION AVE btwn CHOMLEY CRES & WEYBURN ST","371777.15167","5030401.62339","-75.64433","45.41035","2017","8/9/2017","7:26:00 AM","01 - Clear","01 - Dry","10 - No control","01 - Non intersection","01 - Daylight","02 - Non-fatal injury","04 - Sideswipe"
"3974","COTE DE NEIGES RD btwn CORDOVA ST & END","363640.88213","5023886.06236","-75.74904","45.35245","2017","2/12/2017","10:13:00 AM","01 - Clear","05 - Packed snow","10 - No control","01 - Non intersection","01 - Daylight","03 - P.D. only","06 - SMV unattended vehicle"
"3975","COTTER'S CRES btwn DOWNPATRICK RD & DOWNPATRICK RD","370373.52697","5022991.40753","-75.66324","45.34380","2017","3/7/2017","8:52:00 AM","01 - Clear","01 - Dry","10 - No control","01 - Non intersection","01 - Daylight","03 - P.D. only","06 - SMV unattended vehicle"
"3976","COUNTRY GLEN WAY btwn CALVINGTON AVE & CAMPEAU DR","349174.73300","5018389.77100","-75.93415","45.30406","2017","12/27/2017","12:01:00 AM","01 - Clear","05 - Packed snow","10 - No control","04 - At/near private drive","07 - Dark","03 - P.D. only","06 - SMV unattended vehicle"
"3977","COUNTRY MEADOW DR btwn BEARHILL RD & COUNTRY CARRIAGE WAY","337950.22537","5018858.90614","-76.07724","45.30890","2017","6/24/2017","5:06:00 PM","01 - Clear","01 - Dry","10 - No control","01 - Non intersection","01 - Daylight","02 - Non-fatal injury","07 - SMV other"
"3978","COUNTY RD 29 @ HWY 417 CTYRD 29 IC180R51","318041.32010","5030776.60587","-76.33081","45.41680","2017","2/16/2017","4:30:00 PM","01 - Clear","01 - Dry","02 - Stop sign","02 - Intersection related","01 - Daylight","03 - P.D. only","03 - Rear end"
"3979","COURTICE AVE btwn KILBORN AVE & ORCHARD AVE","370931.10398","5027693.75947","-75.65550","45.38606","2017","3/22/2017","12:00:00 AM","01 - Clear","01 - Dry","10 - No control","01 - Non intersection","00 - Unknown","03 - P.D. only","06 - SMV unattended vehicle"
"3980","COUSINEAU ST @ ST. JOSEPH BLVD","380705.20612","5037027.78149","-75.52926","45.46905","2017","7/20/2017","11:28:00 AM","01 - Clear","01 - Dry","02 - Stop sign","02 - Intersection related","01 - Daylight","03 - P.D. only","04 - Sideswipe"
"3981","COUSINEAU ST @ ST. JOSEPH BLVD","380707.41384","5037028.58470","-75.52923","45.46906","2017","12/11/2017","4:06:00 PM","01 - Clear","01 - Dry","02 - Stop sign","02 - Intersection related","05 - Dusk","03 - P.D. only","02 - Angle"
"3982","COVENTRY RD @ JETFORM PARK  STADIUM","370834.69666","5031671.97110","-75.65619","45.42187","2017","7/5/2017","2:09:00 PM","01 - Clear","01 - Dry","01 - Traffic signal","02 - Intersection related","01 - Daylight","03 - P.D. only","03 - Rear end"
"3983","COVENTRY RD @ LOLA ST","371262.71426","5031614.57200","-75.65073","45.42131","2017","5/19/2017","11:12:00 AM","01 - Clear","01 - Dry","01 - Traffic signal","03 - At intersection","01 - Daylight","02 - Non-fatal injury","05 - Turning movement"
"3984","COVENTRY RD @ LOLA ST","371263.71760","5031614.79748","-75.65072","45.42131","2017","9/12/2017","8:18:00 PM","01 - Clear","01 - Dry","01 - Traffic signal","03 - At intersection","07 - Dark","02 - Non-fatal injury","04 - Sideswipe"
"3985","COVENTRY RD @ LOLA ST","371265.38984","5031613.23421","-75.65070","45.42130","2017","4/18/2017","6:31:00 PM","01 - Clear","01 - Dry","01 - Traffic signal","03 - At intersection","01 - Daylight","02 - Non-fatal injury","05 - Turning movement"
"3986","COVENTRY RD @ VANIER PKWY","370677.38824","5031611.03410","-75.65821","45.42133","2017","5/9/2017","8:13:00 PM","01 - Clear","01 - Dry","01 - Traffic signal","02 - Intersection related","01 - Daylight","03 - P.D. only","03 - Rear end"
"3987","COVENTRY RD @ VANIER PKWY","370676.71935","5031612.37190","-75.65822","45.42134","2017","4/30/2017","9:04:00 PM","01 - Clear","01 - Dry","01 - Traffic signal","02 - Intersection related","07 - Dark","03 - P.D. only","04 - Sideswipe"
"3988","COVENTRY RD @ VANIER PKWY","370676.46292","5031611.70300","-75.65822","45.42134","2017","6/24/2017","2:45:00 PM","01 - Clear","01 - Dry","01 - Traffic signal","03 - At intersection","01 - Daylight","03 - P.D. only","02 - Angle"
"3989","COVENTRY RD @ VANIER PKWY","370675.48725","5031611.58069","-75.65824","45.42134","2017","7/3/2017","10:19:00 PM","01 - Clear","01 - Dry","01 - Traffic signal","02 - Intersection related","07 - Dark","03 - P.D. only","04 - Sideswipe"
"3990","COVENTRY RD @ VANIER PKWY","370677.38824","5031611.03410","-75.65821","45.42133","2017","7/2/2017","5:53:00 PM","01 - Clear","01 - Dry","01 - Traffic signal","03 - At intersection","01 - Daylight","03 - P.D. only","04 - Sideswipe"
"3991","COVENTRY RD @ VANIER PKWY","370675.98313","5031612.68396","-75.65823","45.42135","2017","6/30/2017","3:40:00 PM","01 - Clear","01 - Dry","01 - Traffic signal","02 - Intersection related","01 - Daylight","03 - P.D. only","04 - Sideswipe"
"3992","COVENTRY RD @ VANIER PKWY","370677.38824","5031611.03410","-75.65821","45.42133","2017","6/29/2017","8:16:00 PM","02 - Rain","02 - Wet","01 - Traffic signal","02 - Intersection related","01 - Daylight","02 - Non-fatal injury","03 - Rear end"
"3993","COVENTRY RD @ VANIER PKWY","370677.47780","5031612.24945","-75.65821","45.42134","2017","9/29/2017","6:55:00 PM","01 - Clear","01 - Dry","01 - Traffic signal","03 - At intersection","05 - Dusk","03 - P.D. only","04 - Sideswipe"
"3994","COVENTRY RD @ VANIER PKWY","370675.48298","5031611.92848","-75.65824","45.42134","2017","12/12/2017","6:11:00 AM","03 - Snow","05 - Packed snow","01 - Traffic signal","02 - Intersection related","07 - Dark","02 - Non-fatal injury","03 - Rear end"
"3995","COVENTRY RD @ VANIER PKWY","370676.35462","5031611.55847","-75.65823","45.42134","2017","11/10/2017","3:42:00 PM","01 - Clear","01 - Dry","01 - Traffic signal","02 - Intersection related","01 - Daylight","03 - P.D. only","03 - Rear end"
"3996","COVENTRY RD @ VANIER PKWY","370677.33165","5031612.88643","-75.65821","45.42135","2017","12/5/2017","8:27:00 AM","02 - Rain","02 - Wet","01 - Traffic signal","02 - Intersection related","01 - Daylight","03 - P.D. only","03 - Rear end"
"3997","COVENTRY RD @ VANIER PKWY","370677.38824","5031611.70300","-75.65821","45.42134","2017","11/15/2017","10:55:00 AM","01 - Clear","01 - Dry","01 - Traffic signal","02 - Intersection related","01 - Daylight","03 - P.D. only","03 - Rear end"
"3998","COVENTRY RD @ VANIER PKWY","370677.24327","5031610.84463","-75.65821","45.42133","2017","1/13/2017","6:20:00 AM","01 - Clear","02 - Wet","01 - Traffic signal","02 - Intersection related","07 - Dark","03 - P.D. only","04 - Sideswipe"
"3999","COVENTRY RD @ VANIER PKWY","370675.52653","5031610.84463","-75.65824","45.42133","2017","1/9/2017","7:10:00 AM","01 - Clear","02 - Wet","01 - Traffic signal","02 - Intersection related","03 - Dawn","03 - P.D. only","03 - Rear end"
"4000","COVENTRY RD @ VANIER PKWY","370677.33165","5031612.88643","-75.65821","45.42135","2017","1/13/2017","12:00:00 PM","01 - Clear","01 - Dry","01 - Traffic signal","02 - Intersection related","01 - Daylight","03 - P.D. only","03 - Rear end"
"4001","COVENTRY RD @ VANIER PKWY","370677.13537","5031611.32777","-75.65822","45.42133","2017","2/11/2017","12:34:00 PM","03 - Snow","02 - Wet","01 - Traffic signal","02 - Intersection related","01 - Daylight","02 - Non-fatal injury","03 - Rear end"
"4002","COVENTRY RD @ VANIER PKWY","370677.38824","5031612.37190","-75.65821","45.42134","2017","3/2/2017","5:10:00 PM","01 - Clear","01 - Dry","01 - Traffic signal","02 - Intersection related","01 - Daylight","03 - P.D. only","03 - Rear end"
"4003","COVENTRY RD @ VANIER PKWY","370676.05045","5031610.36521","-75.65823","45.42133","2017","3/23/2017","10:57:00 AM","01 - Clear","01 - Dry","01 - Traffic signal","02 - Intersection related","01 - Daylight","03 - P.D. only","03 - Rear end"
"4004","COVENTRY RD @ VANIER PKWY","370676.78822","5031611.55847","-75.65822","45.42134","2017","12/22/2017","2:56:00 PM","01 - Clear","02 - Wet","01 - Traffic signal","02 - Intersection related","01 - Daylight","03 - P.D. only","03 - Rear end"
"4005","COVENTRY RD @ VANIER PKWY","370676.37853","5031611.68628","-75.65823","45.42134","2017","12/25/2017","1:55:00 PM","03 - Snow","03 - Loose snow","01 - Traffic signal","03 - At intersection","01 - Daylight","03 - P.D. only","03 - Rear end"
"4006","COVENTRY RD btwn BELFAST RD & ST. LAURENT SC WEST","371827.06558","5031676.34721","-75.64351","45.42181","2017","11/3/2017","2:40:00 PM","01 - Clear","01 - Dry","10 - No control","01 - Non intersection","01 - Daylight","03 - P.D. only","04 - Sideswipe"
"4007","COVENTRY RD btwn LOLA ST & BELFAST RD","371294.31869","5031617.85069","-75.65033","45.42134","2017","2/1/2017","12:40:00 PM","01 - Clear","02 - Wet","10 - No control","01 - Non intersection","01 - Daylight","03 - P.D. only","03 - Rear end"
"4008","COVENTRY RD btwn ST. LAURENT SC WEST & ST. LAURENT BLVD","372265.56535","5031942.57400","-75.63788","45.42416","2017","5/2/2017","10:23:00 AM","01 - Clear","01 - Dry","10 - No control","01 - Non intersection","01 - Daylight","03 - P.D. only","03 - Rear end"
"4009","COVENTRY RD btwn ST. LAURENT SC WEST & ST. LAURENT SC EAST","371914.26072","5031927.54045","-75.64237","45.42406","2017","11/17/2017","12:24:00 PM","01 - Clear","01 - Dry","10 - No control","01 - Non intersection","01 - Daylight","03 - P.D. only","04 - Sideswipe"
"4010","CRAIG HENRY DR @ IVYLEA ST/WOODVALE GR","363036.93791","5021804.49243","-75.75699","45.33377","2017","1/4/2017","10:42:00 AM","03 - Snow","05 - Packed snow","02 - Stop sign","03 - At intersection","01 - Daylight","03 - P.D. only","05 - Turning movement"
"4011","CRAIG HENRY DR @ IVYLEA ST/WOODVALE GR","363034.33653","5021801.36730","-75.75702","45.33374","2017","12/25/2017","3:09:00 PM","01 - Clear","03 - Loose snow","02 - Stop sign","03 - At intersection","01 - Daylight","03 - P.D. only","05 - Turning movement"
"4012","CRAIG HENRY DR @ IVYLEA ST/WOODVALE GR","363036.08134","5021802.49290","-75.75700","45.33375","2017","12/29/2017","3:25:00 PM","01 - Clear","01 - Dry","02 - Stop sign","03 - At intersection","01 - Daylight","03 - P.D. only","06 - SMV unattended vehicle"
"4013","CRAIG HENRY DR @ JACK AARON DR","362421.19335","5021883.45250","-75.76484","45.33453","2017","7/15/2017","11:08:00 AM","01 - Clear","01 - Dry","02 - Stop sign","03 - At intersection","01 - Daylight","03 - P.D. only","02 - Angle"
"4014","CRAIG HENRY DR @ KNOXDALE RD","363118.36014","5021654.82160","-75.75597","45.33242","2017","11/27/2017","3:08:00 PM","03 - Snow","05 - Packed snow","01 - Traffic signal","02 - Intersection related","01 - Daylight","03 - P.D. only","03 - Rear end"
"4015","CRAIG HENRY DR @ KNOXDALE RD","363117.16127","5021654.78044","-75.75599","45.33242","2017","12/22/2017","5:30:00 PM","03 - Snow","04 - Slush","01 - Traffic signal","02 - Intersection related","07 - Dark","03 - P.D. only","03 - Rear end"
"4016","CRAIG HENRY DR btwn ALDRIDGE WAY & JACK AARON DR","362145.36335","5021862.54431","-75.76836","45.33437","2017","11/2/2017","8:16:00 PM","02 - Rain","02 - Wet","10 - No control","04 - At/near private drive","07 - Dark","03 - P.D. only","04 - Sideswipe"
"4017","CRAIG HENRY DR btwn ALDRIDGE WAY & JACK AARON DR","362373.98397","5021890.61080","-75.76544","45.33460","2017","11/2/2017","10:12:00 AM","02 - Rain","02 - Wet","10 - No control","04 - At/near private drive","01 - Daylight","03 - P.D. only","06 - SMV unattended vehicle"
"4018","CRAIG HENRY DR btwn ALDRIDGE WAY & JACK AARON DR","362409.58037","5021887.51463","-75.76498","45.33457","2017","12/31/2017","10:26:00 AM","01 - Clear","05 - Packed snow","10 - No control","04 - At/near private drive","01 - Daylight","03 - P.D. only","06 - SMV unattended vehicle"
"4019","CRAIG HENRY DR btwn BERTONA ST & SOVEREIGN AVE","362769.23573","5021942.70928","-75.76039","45.33504","2017","3/19/2017","1:55:00 AM","01 - Clear","01 - Dry","10 - No control","01 - Non intersection","07 - Dark","03 - P.D. only","06 - SMV unattended vehicle"
"4020","CRAIG'S SIDE RD btwn FARMLAND RD & CARP RD","339121.74623","5023118.39814","-76.06201","45.34717","2017","8/14/2017","4:14:00 PM","01 - Clear","01 - Dry","10 - No control","01 - Non intersection","01 - Daylight","02 - Non-fatal injury","07 - SMV other"
"4021","CRAWFORD SIDE RD @ ONDROVIC GT","342795.84495","5006614.09720","-76.01638","45.19847","2017","4/14/2017","9:24:00 PM","01 - Clear","01 - Dry","10 - No control","02 - Intersection related","07 - Dark","03 - P.D. only","07 - SMV other"
"4022","CRAWFORD SIDE RD btwn DWYER HILL RD & ONDROVIC GT","342481.96975","5006333.83590","-76.02040","45.19596","2017","1/2/2017","9:12:00 AM","01 - Clear","02 - Wet","10 - No control","01 - Non intersection","01 - Daylight","03 - P.D. only","07 - SMV other"
"4023","CREMONA CRES btwn CREMONA PL & KNOXDALE RD","362311.44479","5021250.61787","-75.76631","45.32885","2017","2/21/2017","12:00:00 AM","03 - Snow","03 - Loose snow","10 - No control","01 - Non intersection","00 - Unknown","03 - P.D. only","06 - SMV unattended vehicle"