"Record","Location","X","Y","Longitude","Latitude","Year","Date","Time","Environment","Road_Surface","Traffic_Control","Collision_Location","Light","Collision_Classification","Impact_type"
"4024","CRESTHAVEN DR @ STRANDHERD DR","366815.57844","5015027.40180","-75.70963","45.27247","2017","5/18/2017","5:59:00 PM","01 - Clear","01 - Dry","01 - Traffic signal","02 - Intersection related","01 - Daylight","03 - P.D. only","03 - Rear end"
"4025","CRESTHAVEN DR @ STRANDHERD DR","366812.95945","5015028.78076","-75.70967","45.27248","2017","10/26/2017","4:11:00 PM","01 - Clear","01 - Dry","01 - Traffic signal","02 - Intersection related","01 - Daylight","03 - P.D. only","03 - Rear end"
"4026","CRESTHAVEN DR @ STRANDHERD DR","366813.42830","5015026.87596","-75.70966","45.27246","2017","11/1/2017","6:12:00 PM","02 - Rain","02 - Wet","01 - Traffic signal","02 - Intersection related","07 - Dark","02 - Non-fatal injury","03 - Rear end"
"4027","CRESTHAVEN DR @ STRANDHERD DR","366814.24065","5015027.40180","-75.70965","45.27247","2017","12/13/2017","6:06:00 AM","03 - Snow","03 - Loose snow","01 - Traffic signal","03 - At intersection","07 - Dark","03 - P.D. only","02 - Angle"
"4028","CRESTHAVEN DR @ SUNVALE WAY","366747.83745","5015639.40000","-75.71042","45.27798","2017","9/19/2017","7:23:00 AM","01 - Clear","01 - Dry","02 - Stop sign","02 - Intersection related","01 - Daylight","03 - P.D. only","03 - Rear end"
"4029","CRESTHAVEN DR btwn GROVEMONT DR & HARBOUR VIEW ST","366547.40860","5014867.61818","-75.71307","45.27105","2017","12/15/2017","8:53:00 AM","01 - Clear","02 - Wet","10 - No control","01 - Non intersection","01 - Daylight","03 - P.D. only","04 - Sideswipe"
"4030","CRESTHAVEN DR btwn GROVEMONT DR & HARBOUR VIEW ST","366564.97438","5014877.88774","-75.71285","45.27115","2017","12/30/2017","2:36:00 PM","03 - Snow","04 - Slush","10 - No control","04 - At/near private drive","01 - Daylight","03 - P.D. only","06 - SMV unattended vehicle"
"4031","CRESTHAVEN DR btwn STRANDHERD DR & BARNSTONE DR","366866.41456","5015064.86000","-75.70898","45.27280","2017","12/16/2017","7:50:00 AM","03 - Snow","04 - Slush","10 - No control","01 - Non intersection","03 - Dawn","03 - P.D. only","07 - SMV other"
"4032","CRESTHAVEN DR btwn VILLANDRY ST & BARNSTONE DR","366916.58179","5015136.43190","-75.70833","45.27344","2017","11/28/2017","12:00:00 AM","01 - Clear","01 - Dry","10 - No control","01 - Non intersection","00 - Unknown","03 - P.D. only","06 - SMV unattended vehicle"
"4033","CRESTHAVEN DR btwn WATERBRIDGE DR & DAYBREAK ST","366940.66629","5016012.30948","-75.70792","45.28132","2017","2/15/2017","8:35:00 AM","03 - Snow","03 - Loose snow","10 - No control","04 - At/near private drive","01 - Daylight","02 - Non-fatal injury","02 - Angle"
"4034","CRESTHAVEN DR btwn WOODROFFE AVE & SERENA WAY","366362.71616","5014861.09143","-75.71543","45.27101","2017","7/18/2017","7:01:00 PM","01 - Clear","01 - Dry","10 - No control","04 - At/near private drive","01 - Daylight","03 - P.D. only","06 - SMV unattended vehicle"
"4035","CRESTHAVEN DR btwn WOODROFFE AVE & SERENA WAY","366406.75164","5014857.45267","-75.71486","45.27098","2017","10/9/2017","11:05:00 PM","01 - Clear","02 - Wet","10 - No control","01 - Non intersection","07 - Dark","03 - P.D. only","06 - SMV unattended vehicle"
"4036","CRESTHAVEN DR btwn WOODROFFE AVE & SERENA WAY","366372.37076","5014862.48133","-75.71530","45.27102","2017","2/13/2017","7:03:00 AM","01 - Clear","03 - Loose snow","10 - No control","01 - Non intersection","03 - Dawn","03 - P.D. only","06 - SMV unattended vehicle"
"4037","CRESTVIEW RD btwn RONALD AVE & HIGHRIDGE AVE","371090.03418","5028866.60479","-75.65331","45.39660","2017","4/11/2017","12:00:00 AM","07 - Fog, mist, smoke, dust","01 - Dry","10 - No control","01 - Non intersection","00 - Unknown","03 - P.D. only","06 - SMV unattended vehicle"
"4038","CRESTWAY DR @ HATHAWAY DR","366392.47935","5015842.82820","-75.71492","45.27984","2017","2/23/2017","1:15:00 PM","01 - Clear","01 - Dry","02 - Stop sign","02 - Intersection related","01 - Daylight","03 - P.D. only","03 - Rear end"
"4039","CRESTWAY DR @ LEIKIN DR","366939.06985","5016514.56420","-75.70787","45.28584","2017","11/6/2017","5:49:00 PM","01 - Clear","01 - Dry","02 - Stop sign","03 - At intersection","07 - Dark","02 - Non-fatal injury","02 - Angle"
"4040","CRESTWAY DR @ LEIKIN DR","366939.40430","5016517.13931","-75.70787","45.28586","2017","1/5/2017","7:40:00 AM","03 - Snow","06 - Ice","02 - Stop sign","02 - Intersection related","03 - Dawn","03 - P.D. only","03 - Rear end"
"4041","CRESTWAY DR @ PRINCE OF WALES DR","367368.88666","5016576.90900","-75.70239","45.28636","2017","9/30/2017","12:11:00 PM","01 - Clear","01 - Dry","01 - Traffic signal","03 - At intersection","01 - Daylight","02 - Non-fatal injury","03 - Rear end"
"4042","CRESTWAY DR @ PRINCE OF WALES DR","367370.38760","5016577.34843","-75.70237","45.28637","2017","2/3/2017","9:01:00 AM","01 - Clear","01 - Dry","01 - Traffic signal","03 - At intersection","01 - Daylight","02 - Non-fatal injury","02 - Angle"
"4043","CRESTWAY DR @ PRINCE OF WALES DR","367371.27647","5016577.28423","-75.70236","45.28637","2017","3/25/2017","1:22:00 PM","01 - Clear","01 - Dry","01 - Traffic signal","02 - Intersection related","01 - Daylight","03 - P.D. only","03 - Rear end"
"4044","CRESTWAY DR @ STRANDHERD DR","366348.57504","5015471.80240","-75.71553","45.27651","2017","5/28/2017","4:24:00 PM","01 - Clear","01 - Dry","01 - Traffic signal","02 - Intersection related","01 - Daylight","02 - Non-fatal injury","03 - Rear end"
"4045","CRESTWAY DR @ STRANDHERD DR","366345.89946","5015471.13350","-75.71556","45.27650","2017","6/1/2017","3:00:00 PM","01 - Clear","01 - Dry","01 - Traffic signal","02 - Intersection related","01 - Daylight","03 - P.D. only","03 - Rear end"
"4046","CRESTWAY DR @ STRANDHERD DR","366346.30130","5015471.43425","-75.71556","45.27651","2017","7/25/2017","8:52:00 PM","01 - Clear","01 - Dry","01 - Traffic signal","02 - Intersection related","05 - Dusk","03 - P.D. only","03 - Rear end"
"4047","CRESTWAY DR @ STRANDHERD DR","366347.50430","5015472.03576","-75.71554","45.27651","2017","7/13/2017","6:00:00 PM","01 - Clear","01 - Dry","01 - Traffic signal","03 - At intersection","01 - Daylight","03 - P.D. only","03 - Rear end"
"4048","CRESTWAY DR @ STRANDHERD DR","366345.40186","5015470.75827","-75.71557","45.27650","2017","2/15/2017","9:46:00 AM","03 - Snow","03 - Loose snow","01 - Traffic signal","03 - At intersection","01 - Daylight","03 - P.D. only","04 - Sideswipe"
"4049","CRESTWAY DR @ STRANDHERD DR","366346.90280","5015471.37019","-75.71555","45.27650","2017","1/5/2017","10:26:00 AM","01 - Clear","06 - Ice","01 - Traffic signal","02 - Intersection related","01 - Daylight","03 - P.D. only","03 - Rear end"
"4050","CRESTWAY DR @ STRANDHERD DR","366347.37617","5015472.31693","-75.71555","45.27651","2017","12/29/2017","2:24:00 PM","01 - Clear","06 - Ice","01 - Traffic signal","02 - Intersection related","01 - Daylight","03 - P.D. only","04 - Sideswipe"
"4051","CRICHTON ST btwn VAUGHAN ST & ST. PATRICK ST","369110.46047","5033503.78093","-75.67799","45.43851","2017","3/3/2017","1:05:00 PM","01 - Clear","01 - Dry","10 - No control","04 - At/near private drive","01 - Daylight","03 - P.D. only","02 - Angle"
"4052","CROSSKEYS PL/HELENE CAMPBELL RD @ STRANDHERD DR","360982.31120","5014901.73290","-75.78398","45.27183","2017","8/3/2017","11:25:00 AM","01 - Clear","01 - Dry","01 - Traffic signal","03 - At intersection","01 - Daylight","03 - P.D. only","03 - Rear end"
"4053","CROSSKEYS PL/HELENE CAMPBELL RD @ STRANDHERD DR","360982.31120","5014901.73290","-75.78398","45.27183","2017","9/25/2017","10:36:00 AM","01 - Clear","01 - Dry","01 - Traffic signal","03 - At intersection","01 - Daylight","02 - Non-fatal injury","02 - Angle"
"4054","CROSSKEYS PL/HELENE CAMPBELL RD @ STRANDHERD DR","360982.31120","5014901.73290","-75.78398","45.27183","2017","11/22/2017","6:45:00 PM","01 - Clear","01 - Dry","01 - Traffic signal","02 - Intersection related","07 - Dark","03 - P.D. only","04 - Sideswipe"
"4055","CROWNHILL ST btwn STEEL ST & APPLEFORD ST","374630.15789","5033889.68549","-75.60739","45.44145","2017","11/5/2017","10:10:00 AM","02 - Rain","02 - Wet","10 - No control","01 - Non intersection","01 - Daylight","03 - P.D. only","06 - SMV unattended vehicle"
"4056","CROWNRIDGE DR @ HOPE SIDE RD","356074.25722","5014981.86941","-75.84652","45.27292","2017","7/12/2017","11:14:00 AM","01 - Clear","01 - Dry","02 - Stop sign","02 - Intersection related","01 - Daylight","03 - P.D. only","04 - Sideswipe"
"4057","CROYDON AVE @ RICHMOND RD","360544.41088","5025273.47664","-75.78840","45.36519","2017","7/21/2017","1:08:00 PM","01 - Clear","01 - Dry","01 - Traffic signal","03 - At intersection","01 - Daylight","02 - Non-fatal injury","05 - Turning movement"
"4058","CROYDON AVE @ RICHMOND RD","360545.17730","5025271.50070","-75.78839","45.36517","2017","10/24/2017","8:28:00 PM","01 - Clear","01 - Dry","01 - Traffic signal","03 - At intersection","07 - Dark","03 - P.D. only","05 - Turning movement"
"4059","CROYDON AVE @ RICHMOND RD","360547.18774","5025273.64540","-75.78836","45.36519","2017","1/7/2017","2:21:00 PM","01 - Clear","01 - Dry","01 - Traffic signal","03 - At intersection","01 - Daylight","03 - P.D. only","02 - Angle"
"4060","CRYSTAL BEACH DR btwn STILL WATER DR & CORKSTOWN RD","357252.92567","5022920.60259","-75.83066","45.34427","2017","2/5/2017","9:00:00 PM","03 - Snow","03 - Loose snow","10 - No control","01 - Non intersection","07 - Dark","03 - P.D. only","06 - SMV unattended vehicle"
"4061","CUBA AVE @ SMYTH RD","373007.73390","5029347.31425","-75.62875","45.40074","2017","12/9/2017","10:08:00 PM","03 - Snow","05 - Packed snow","02 - Stop sign","03 - At intersection","07 - Dark","03 - P.D. only","02 - Angle"
"4062","CUMBERLAND ST @ GEORGE ST","368326.04205","5032417.25840","-75.68815","45.42880","2017","6/9/2017","5:20:00 PM","01 - Clear","01 - Dry","01 - Traffic signal","03 - At intersection","01 - Daylight","02 - Non-fatal injury","07 - SMV other"
"4063","CUMBERLAND ST @ GEORGE ST","368326.04205","5032417.92729","-75.68815","45.42881","2017","10/28/2017","6:25:00 PM","01 - Clear","01 - Dry","01 - Traffic signal","03 - At intersection","07 - Dark","03 - P.D. only","07 - SMV other"
"4064","CUMBERLAND ST @ GEORGE ST","368325.70760","5032415.91306","-75.68816","45.42879","2017","12/15/2017","2:30:00 AM","01 - Clear","02 - Wet","01 - Traffic signal","02 - Intersection related","07 - Dark","02 - Non-fatal injury","07 - SMV other"
"4065","CUMBERLAND ST @ LAURIER AVE","368596.74831","5031948.34535","-75.68475","45.42456","2017","9/14/2017","8:30:00 AM","01 - Clear","01 - Dry","01 - Traffic signal","03 - At intersection","01 - Daylight","03 - P.D. only","02 - Angle"
"4066","CUMBERLAND ST @ LAURIER AVE","368598.65989","5031949.30115","-75.68473","45.42457","2017","9/14/2017","7:36:00 PM","01 - Clear","01 - Dry","01 - Traffic signal","02 - Intersection related","07 - Dark","03 - P.D. only","04 - Sideswipe"
"4067","CUMBERLAND ST @ LAURIER AVE","368598.18200","5031947.86745","-75.68473","45.42456","2017","10/11/2017","7:29:00 PM","01 - Clear","01 - Dry","01 - Traffic signal","03 - At intersection","07 - Dark","03 - P.D. only","05 - Turning movement"
"4068","CUMBERLAND ST @ MURRAY ST","368169.41485","5032679.58490","-75.69012","45.43118","2017","8/8/2017","5:34:00 PM","01 - Clear","01 - Dry","01 - Traffic signal","02 - Intersection related","01 - Daylight","03 - P.D. only","06 - SMV unattended vehicle"
"4069","CUMBERLAND ST @ MURRAY ST","368170.22353","5032679.34821","-75.69011","45.43118","2017","10/26/2017","3:20:00 PM","01 - Clear","01 - Dry","01 - Traffic signal","02 - Intersection related","01 - Daylight","03 - P.D. only","03 - Rear end"
"4070","CUMBERLAND ST @ MURRAY ST","368169.74111","5032679.34595","-75.69012","45.43118","2017","12/12/2017","11:32:00 PM","03 - Snow","04 - Slush","01 - Traffic signal","02 - Intersection related","07 - Dark","02 - Non-fatal injury","07 - SMV other"
"4071","CUMBERLAND ST @ MURRAY ST","368169.60400","5032680.67780","-75.69012","45.43119","2017","1/17/2017","6:56:00 PM","03 - Snow","03 - Loose snow","01 - Traffic signal","03 - At intersection","07 - Dark","03 - P.D. only","02 - Angle"
"4072","CUMBERLAND ST @ RIDEAU ST","368373.50766","5032329.30510","-75.68756","45.42801","2017","4/24/2017","3:11:00 PM","01 - Clear","01 - Dry","01 - Traffic signal","02 - Intersection related","01 - Daylight","03 - P.D. only","04 - Sideswipe"
"4073","CUMBERLAND ST @ RIDEAU ST","368374.03310","5032330.21295","-75.68755","45.42802","2017","9/20/2017","12:30:00 PM","01 - Clear","01 - Dry","01 - Traffic signal","03 - At intersection","01 - Daylight","03 - P.D. only","05 - Turning movement"
"4074","CUMBERLAND ST @ RIDEAU ST","368374.51100","5032329.73505","-75.68754","45.42801","2017","11/7/2017","3:21:00 PM","01 - Clear","01 - Dry","01 - Traffic signal","02 - Intersection related","01 - Daylight","03 - P.D. only","03 - Rear end"
"4075","CUMBERLAND ST @ RIDEAU ST","368374.17655","5032329.30510","-75.68755","45.42801","2017","11/20/2017","8:55:00 PM","01 - Clear","01 - Dry","01 - Traffic signal","03 - At intersection","07 - Dark","02 - Non-fatal injury","02 - Angle"
"4076","CUMBERLAND ST @ RIDEAU ST","368375.02050","5032330.99300","-75.68754","45.42802","2017","11/22/2017","1:35:00 AM","02 - Rain","02 - Wet","01 - Traffic signal","03 - At intersection","07 - Dark","02 - Non-fatal injury","02 - Angle"
"4077","CUMBERLAND ST @ RIDEAU ST","368374.84545","5032329.30510","-75.68754","45.42801","2017","11/15/2017","6:36:00 AM","01 - Clear","01 - Dry","01 - Traffic signal","02 - Intersection related","03 - Dawn","03 - P.D. only","02 - Angle"
"4078","CUMBERLAND ST @ RIDEAU ST","368373.96455","5032330.52045","-75.68755","45.42802","2017","1/19/2017","4:51:00 PM","01 - Clear","02 - Wet","01 - Traffic signal","02 - Intersection related","05 - Dusk","03 - P.D. only","04 - Sideswipe"
"4079","CUMBERLAND ST @ RIDEAU ST","368374.84545","5032328.63621","-75.68754","45.42800","2017","3/13/2017","10:51:00 AM","01 - Clear","01 - Dry","01 - Traffic signal","02 - Intersection related","01 - Daylight","02 - Non-fatal injury","03 - Rear end"
"4080","CUMBERLAND ST @ ST. PATRICK ST","368130.37694","5032748.58150","-75.69061","45.43180","2017","7/3/2017","11:50:00 PM","01 - Clear","01 - Dry","01 - Traffic signal","02 - Intersection related","07 - Dark","03 - P.D. only","03 - Rear end"
"4081","CUMBERLAND ST @ ST. PATRICK ST","368128.76096","5032748.19363","-75.69063","45.43180","2017","6/29/2017","4:15:00 PM","02 - Rain","02 - Wet","01 - Traffic signal","02 - Intersection related","01 - Daylight","03 - P.D. only","04 - Sideswipe"
"4082","CUMBERLAND ST @ ST. PATRICK ST","368128.37025","5032748.58150","-75.69063","45.43180","2017","11/17/2017","3:05:00 PM","01 - Clear","01 - Dry","01 - Traffic signal","03 - At intersection","01 - Daylight","02 - Non-fatal injury","02 - Angle"
"4083","CUMBERLAND ST @ WILBROD ST/SERAPHIN MARION PRI","368536.38394","5032049.91520","-75.68551","45.42548","2017","11/16/2017","4:25:00 PM","01 - Clear","01 - Dry","02 - Stop sign","03 - At intersection","05 - Dusk","02 - Non-fatal injury","07 - SMV other"
"4084","CUMBERLAND ST @ YORK ST","368263.70204","5032522.26850","-75.68893","45.42975","2017","4/9/2017","6:40:00 PM","01 - Clear","01 - Dry","01 - Traffic signal","02 - Intersection related","01 - Daylight","02 - Non-fatal injury","03 - Rear end"
"4085","CUMBERLAND ST @ YORK ST","368263.03315","5032522.26850","-75.68894","45.42975","2017","3/18/2017","4:08:00 PM","01 - Clear","01 - Dry","01 - Traffic signal","03 - At intersection","01 - Daylight","03 - P.D. only","03 - Rear end"
"4086","CUMBERLAND ST btwn CLARENCE ST & YORK ST","368249.22816","5032545.93842","-75.68912","45.42997","2017","1/25/2017","7:43:00 PM","01 - Clear","01 - Dry","10 - No control","01 - Non intersection","07 - Dark","02 - Non-fatal injury","07 - SMV other"
"4087","CUMBERLAND ST btwn CLARENCE ST & YORK ST","368236.78413","5032567.95178","-75.68927","45.43017","2017","3/2/2017","2:09:00 PM","01 - Clear","01 - Dry","10 - No control","01 - Non intersection","01 - Daylight","03 - P.D. only","03 - Rear end"
"4088","CUMBERLAND ST btwn GEORGE ST & RIDEAU ST","368350.79121","5032374.44903","-75.68784","45.42842","2017","4/5/2017","8:39:00 PM","01 - Clear","01 - Dry","10 - No control","01 - Non intersection","07 - Dark","03 - P.D. only","04 - Sideswipe"
"4089","CUMBERLAND ST btwn YORK ST & GEORGE ST","368285.90827","5032482.14134","-75.68866","45.42939","2017","12/1/2017","4:57:00 PM","01 - Clear","01 - Dry","10 - No control","04 - At/near private drive","07 - Dark","02 - Non-fatal injury","05 - Turning movement"
"4090","CUMBERLAND ST btwn YORK ST & GEORGE ST","368286.55688","5032483.19499","-75.68865","45.42940","2017","2/19/2017","5:42:00 PM","01 - Clear","02 - Wet","10 - No control","04 - At/near private drive","07 - Dark","02 - Non-fatal injury","07 - SMV other"
"4091","CUMMINGS AVE @ DONALD ST","372652.54838","5032411.88341","-75.63287","45.42835","2017","8/8/2017","1:20:00 PM","01 - Clear","01 - Dry","01 - Traffic signal","02 - Intersection related","01 - Daylight","03 - P.D. only","03 - Rear end"
"4092","CUMMINGS AVE @ DONALD ST","372651.33073","5032413.10107","-75.63288","45.42836","2017","8/7/2017","4:06:00 PM","01 - Clear","01 - Dry","01 - Traffic signal","02 - Intersection related","01 - Daylight","02 - Non-fatal injury","03 - Rear end"
"4093","CUMMINGS AVE @ DONALD ST","372649.71856","5032410.91010","-75.63290","45.42834","2017","11/26/2017","9:00:00 PM","05 - Drifting Snow","06 - Ice","01 - Traffic signal","03 - At intersection","07 - Dark","03 - P.D. only","02 - Angle"
"4094","CUMMINGS AVE @ DONALD ST","372649.86353","5032413.29574","-75.63290","45.42836","2017","1/9/2017","7:20:00 PM","01 - Clear","01 - Dry","01 - Traffic signal","03 - At intersection","07 - Dark","03 - P.D. only","05 - Turning movement"
"4095","CUMMINGS AVE @ DONALD ST","372651.72524","5032412.24790","-75.63288","45.42835","2017","4/20/2017","1:05:00 PM","01 - Clear","01 - Dry","01 - Traffic signal","03 - At intersection","01 - Daylight","02 - Non-fatal injury","05 - Turning movement"
"4096","CUMMINGS AVE @ MONTREAL RD","372008.18107","5034040.34951","-75.64088","45.44306","2017","8/29/2017","2:33:00 AM","01 - Clear","01 - Dry","01 - Traffic signal","03 - At intersection","07 - Dark","03 - P.D. only","07 - SMV other"
"4097","CUMMINGS AVE @ MONTREAL RD","372007.70770","5034039.86935","-75.64088","45.44306","2017","9/20/2017","6:27:00 AM","01 - Clear","01 - Dry","01 - Traffic signal","03 - At intersection","03 - Dawn","02 - Non-fatal injury","05 - Turning movement"
"4098","CUMMINGS AVE @ MONTREAL RD","372007.70770","5034038.94686","-75.64088","45.44305","2017","2/6/2017","3:36:00 PM","01 - Clear","05 - Packed snow","01 - Traffic signal","02 - Intersection related","01 - Daylight","03 - P.D. only","03 - Rear end"
"4099","CUMMINGS AVE @ MONTREAL RD","372007.37325","5034041.25510","-75.64089","45.44307","2017","2/24/2017","10:15:00 PM","02 - Rain","02 - Wet","01 - Traffic signal","02 - Intersection related","07 - Dark","03 - P.D. only","04 - Sideswipe"
"4100","CUMMINGS AVE @ OGILVIE RD","372748.08224","5032168.99080","-75.63168","45.42615","2017","8/2/2017","12:40:00 PM","01 - Clear","01 - Dry","01 - Traffic signal","02 - Intersection related","01 - Daylight","03 - P.D. only","05 - Turning movement"
"4101","CUMMINGS AVE @ OGILVIE RD","372748.08224","5032170.90468","-75.63168","45.42617","2017","8/3/2017","7:50:00 AM","01 - Clear","01 - Dry","01 - Traffic signal","03 - At intersection","01 - Daylight","02 - Non-fatal injury","05 - Turning movement"
"4102","CUMMINGS AVE @ OGILVIE RD","372748.72020","5032169.93845","-75.63167","45.42616","2017","8/27/2017","12:11:00 AM","01 - Clear","01 - Dry","01 - Traffic signal","03 - At intersection","07 - Dark","03 - P.D. only","02 - Angle"
"4103","CUMMINGS AVE @ OGILVIE RD","372748.72020","5032169.91531","-75.63167","45.42616","2017","9/12/2017","12:30:00 PM","01 - Clear","01 - Dry","01 - Traffic signal","02 - Intersection related","01 - Daylight","03 - P.D. only","03 - Rear end"
"4104","CUMMINGS AVE @ OGILVIE RD","372749.26665","5032169.49280","-75.63166","45.42616","2017","9/8/2017","8:37:00 AM","02 - Rain","02 - Wet","01 - Traffic signal","02 - Intersection related","01 - Daylight","03 - P.D. only","03 - Rear end"
"4105","CUMMINGS AVE @ OGILVIE RD","372747.76441","5032170.82465","-75.63168","45.42617","2017","9/20/2017","2:47:00 PM","01 - Clear","01 - Dry","01 - Traffic signal","02 - Intersection related","01 - Daylight","02 - Non-fatal injury","04 - Sideswipe"
"4106","CUMMINGS AVE @ OGILVIE RD","372749.72354","5032171.25460","-75.63166","45.42617","2017","10/27/2017","11:30:00 AM","01 - Clear","01 - Dry","01 - Traffic signal","03 - At intersection","01 - Daylight","02 - Non-fatal injury","05 - Turning movement"
"4107","CUMMINGS AVE @ OGILVIE RD","372748.72020","5032171.13215","-75.63167","45.42617","2017","1/30/2017","7:00:00 PM","01 - Clear","01 - Dry","01 - Traffic signal","02 - Intersection related","07 - Dark","03 - P.D. only","03 - Rear end"
"4108","CUMMINGS AVE @ OGILVIE RD","372748.72020","5032171.71140","-75.63167","45.42618","2017","2/8/2017","4:20:00 PM","01 - Clear","03 - Loose snow","01 - Traffic signal","02 - Intersection related","01 - Daylight","03 - P.D. only","03 - Rear end"
"4109","CUMMINGS AVE @ OGILVIE RD","372749.95477","5032173.05484","-75.63165","45.42619","2017","2/15/2017","8:17:00 AM","03 - Snow","03 - Loose snow","01 - Traffic signal","02 - Intersection related","01 - Daylight","03 - P.D. only","05 - Turning movement"
"4110","CUMMINGS AVE @ OGILVIE RD","372749.72354","5032170.58570","-75.63166","45.42617","2017","3/8/2017","10:45:00 AM","01 - Clear","01 - Dry","01 - Traffic signal","02 - Intersection related","01 - Daylight","02 - Non-fatal injury","03 - Rear end"
"4111","CUMMINGS AVE @ OGILVIE RD","372750.22114","5032170.96093","-75.63165","45.42617","2017","3/2/2017","3:28:00 PM","01 - Clear","01 - Dry","01 - Traffic signal","03 - At intersection","01 - Daylight","03 - P.D. only","03 - Rear end"
"4112","CUMMINGS AVE btwn BURN ST & GARDENVALE RD","372363.17584","5033142.28301","-75.63646","45.43495","2017","4/28/2017","12:00:00 AM","01 - Clear","01 - Dry","10 - No control","01 - Non intersection","00 - Unknown","03 - P.D. only","06 - SMV unattended vehicle"
"4113","CUMMINGS AVE btwn CLARKE AVE & QUEBEC ST","372210.59355","5033529.57747","-75.63836","45.43845","2017","3/3/2017","11:48:00 AM","01 - Clear","01 - Dry","10 - No control","01 - Non intersection","01 - Daylight","03 - P.D. only","03 - Rear end"
"4114","CUMMINGS AVE btwn CUMMINGS AVE & THIBAULT ST","372470.10998","5032871.10471","-75.63513","45.43250","2017","12/16/2017","1:29:00 AM","03 - Snow","03 - Loose snow","10 - No control","01 - Non intersection","07 - Dark","03 - P.D. only","06 - SMV unattended vehicle"
"4115","CUMMINGS AVE btwn GARDENVALE RD & SHANE ST","372407.51298","5033024.76825","-75.63591","45.43389","2017","4/27/2017","9:00:00 PM","01 - Clear","01 - Dry","10 - No control","01 - Non intersection","07 - Dark","03 - P.D. only","06 - SMV unattended vehicle"
"4116","CUMMINGS AVE btwn MONTREAL RD & WILSON ST","372063.53320","5033906.59345","-75.64019","45.44185","2017","4/17/2017","6:48:00 PM","01 - Clear","01 - Dry","10 - No control","04 - At/near private drive","01 - Daylight","03 - P.D. only","03 - Rear end"
"4117","CUMMINGS AVE btwn OGILVIE RD & LABELLE ST","372824.47262","5032018.07357","-75.63072","45.42479","2017","6/1/2017","3:20:00 PM","01 - Clear","01 - Dry","10 - No control","01 - Non intersection","01 - Daylight","03 - P.D. only","03 - Rear end"
"4118","CUMMINGS AVE btwn OGILVIE RD & LABELLE ST","372753.49917","5032162.70040","-75.63161","45.42610","2017","7/20/2017","2:53:00 PM","01 - Clear","01 - Dry","10 - No control","04 - At/near private drive","01 - Daylight","02 - Non-fatal injury","02 - Angle"
"4119","CUMMINGS AVE btwn OGILVIE RD & LABELLE ST","372863.16030","5031917.28037","-75.63024","45.42388","2017","9/4/2017","1:05:00 AM","01 - Clear","01 - Dry","10 - No control","04 - At/near private drive","07 - Dark","03 - P.D. only","02 - Angle"
"4120","CUMMINGS AVE btwn OGILVIE RD & LABELLE ST","372843.36903","5031961.22115","-75.63049","45.42428","2017","11/26/2017","12:10:00 PM","01 - Clear","01 - Dry","10 - No control","04 - At/near private drive","01 - Daylight","03 - P.D. only","02 - Angle"
"4121","CUMMINGS AVE btwn QUEBEC ST & BURN ST","372260.76078","5033401.14937","-75.63774","45.43729","2017","2/19/2017","6:33:00 AM","01 - Clear","02 - Wet","10 - No control","01 - Non intersection","03 - Dawn","03 - P.D. only","06 - SMV unattended vehicle"
"4122","CUMMINGS AVE btwn THIBAULT ST & CARON ST","372520.62130","5032743.62705","-75.63451","45.43135","2017","10/24/2017","12:00:00 AM","02 - Rain","02 - Wet","10 - No control","01 - Non intersection","00 - Unknown","03 - P.D. only","07 - SMV other"
"4123","CUMMINGS AVE btwn WELDON DR & OGILVIE RD","372739.69010","5032185.97032","-75.63178","45.42631","2017","3/8/2017","9:19:00 AM","01 - Clear","02 - Wet","10 - No control","01 - Non intersection","01 - Daylight","03 - P.D. only","03 - Rear end"
"4124","CUMMINGS AVE/LABELLE ST @ CYRVILLE RD","372861.05035","5031872.23570","-75.63028","45.42347","2017","6/28/2017","6:42:00 PM","01 - Clear","01 - Dry","01 - Traffic signal","02 - Intersection related","01 - Daylight","02 - Non-fatal injury","03 - Rear end"
"4125","CUMMINGS AVE/LABELLE ST @ CYRVILLE RD","372860.71590","5031872.28365","-75.63028","45.42347","2017","11/10/2017","8:30:00 AM","01 - Clear","01 - Dry","01 - Traffic signal","02 - Intersection related","01 - Daylight","03 - P.D. only","04 - Sideswipe"
"4126","CUMORAH DR/RED WILLOW DR @ MAPLE RUN AVE","380652.74610","5035116.80905","-75.53022","45.45186","2017","12/11/2017","8:20:00 AM","03 - Snow","06 - Ice","02 - Stop sign","03 - At intersection","01 - Daylight","03 - P.D. only","02 - Angle"
"4127","CYCLONE TAYLOR BLVD @ HUNTMAR DR","349514.92565","5017548.10631","-75.92988","45.29646","2017","6/18/2017","3:09:00 PM","01 - Clear","01 - Dry","01 - Traffic signal","02 - Intersection related","01 - Daylight","02 - Non-fatal injury","03 - Rear end"
"4128","CYCLONE TAYLOR BLVD @ HUNTMAR DR","349513.64445","5017550.15416","-75.92990","45.29648","2017","10/25/2017","3:40:00 PM","01 - Clear","01 - Dry","01 - Traffic signal","02 - Intersection related","01 - Daylight","03 - P.D. only","03 - Rear end"