"Record","Location","X","Y","Longitude","Latitude","Year","Date","Time","Environment","Road_Surface","Traffic_Control","Collision_Location","Light","Collision_Classification","Impact_type"
"4129","CYCLONE TAYLOR BLVD btwn FRANK FINNIGAN WAY & PALLADIUM DR","349845.75688","5017803.86777","-75.92564","45.29874","2017","4/21/2017","7:14:00 PM","01 - Clear","01 - Dry","10 - No control","01 - Non intersection","07 - Dark","03 - P.D. only","04 - Sideswipe"
"4130","CYCLONE TAYLOR BLVD btwn FRANK FINNIGAN WAY & PALLADIUM DR","350128.13968","5017724.63110","-75.92205","45.29801","2017","3/16/2017","11:25:00 PM","01 - Clear","02 - Wet","10 - No control","04 - At/near private drive","07 - Dark","03 - P.D. only","02 - Angle"
"4131","CYCLONE TAYLOR BLVD btwn FRANK FINNIGAN WAY & PALLADIUM DR","349983.90826","5017826.53519","-75.92388","45.29894","2017","4/22/2017","12:28:00 AM","01 - Clear","01 - Dry","10 - No control","04 - At/near private drive","07 - Dark","03 - P.D. only","05 - Turning movement"
"4132","CYMBELINE DR btwn OBERON ST & SEYTON DR","356788.00095","5020030.24193","-75.83690","45.31830","2017","1/10/2017","12:00:00 PM","01 - Clear","03 - Loose snow","10 - No control","01 - Non intersection","01 - Daylight","03 - P.D. only","01 - Approaching"
"4133","CYR AVE @ MCARTHUR AVE","370355.65835","5032708.35101","-75.66218","45.43124","2017","9/15/2017","12:05:00 PM","01 - Clear","01 - Dry","02 - Stop sign","03 - At intersection","01 - Daylight","03 - P.D. only","99 - Other"
"4134","CYR AVE @ MONTREAL RD","370220.70940","5033148.81356","-75.66384","45.43521","2017","8/28/2017","12:59:00 PM","01 - Clear","01 - Dry","02 - Stop sign","02 - Intersection related","01 - Daylight","03 - P.D. only","04 - Sideswipe"
"4135","CYR AVE @ MONTREAL RD","370220.37495","5033149.25900","-75.66385","45.43522","2017","7/6/2017","3:04:00 PM","01 - Clear","01 - Dry","02 - Stop sign","03 - At intersection","01 - Daylight","02 - Non-fatal injury","05 - Turning movement"
"4136","CYR AVE @ MONTREAL RD","370220.37495","5033147.25231","-75.66385","45.43520","2017","4/3/2017","1:40:00 PM","01 - Clear","01 - Dry","02 - Stop sign","03 - At intersection","01 - Daylight","02 - Non-fatal injury","07 - SMV other"
"4137","CYR AVE @ MONTREAL RD","370220.23150","5033148.35115","-75.66385","45.43521","2017","12/29/2017","2:46:00 PM","01 - Clear","05 - Packed snow","02 - Stop sign","03 - At intersection","01 - Daylight","03 - P.D. only","02 - Angle"
"4138","CYRVILLE RD @ INNES RD","375048.05915","5031119.56420","-75.60244","45.41648","2017","5/5/2017","7:21:00 PM","02 - Rain","02 - Wet","01 - Traffic signal","02 - Intersection related","01 - Daylight","03 - P.D. only","03 - Rear end"
"4139","CYRVILLE RD @ INNES RD","375047.39025","5031118.89530","-75.60245","45.41648","2017","4/26/2017","2:29:00 PM","01 - Clear","01 - Dry","01 - Traffic signal","02 - Intersection related","01 - Daylight","03 - P.D. only","03 - Rear end"
"4140","CYRVILLE RD @ INNES RD","375048.72804","5031120.90199","-75.60243","45.41650","2017","7/10/2017","1:20:00 PM","01 - Clear","01 - Dry","01 - Traffic signal","02 - Intersection related","01 - Daylight","03 - P.D. only","03 - Rear end"
"4141","CYRVILLE RD @ INNES RD","375048.18394","5031119.33458","-75.60244","45.41648","2017","7/15/2017","11:04:00 AM","01 - Clear","01 - Dry","01 - Traffic signal","03 - At intersection","01 - Daylight","03 - P.D. only","02 - Angle"
"4142","CYRVILLE RD @ INNES RD","375047.72470","5031120.20523","-75.60245","45.41649","2017","8/19/2017","5:43:00 PM","01 - Clear","01 - Dry","01 - Traffic signal","02 - Intersection related","01 - Daylight","03 - P.D. only","04 - Sideswipe"
"4143","CYRVILLE RD @ INNES RD","375046.72136","5031118.22641","-75.60246","45.41647","2017","7/5/2017","3:33:00 PM","01 - Clear","01 - Dry","01 - Traffic signal","02 - Intersection related","01 - Daylight","03 - P.D. only","03 - Rear end"
"4144","CYRVILLE RD @ INNES RD","375047.72470","5031119.32751","-75.60245","45.41648","2017","9/30/2017","4:50:00 PM","01 - Clear","01 - Dry","01 - Traffic signal","02 - Intersection related","01 - Daylight","03 - P.D. only","03 - Rear end"
"4145","CYRVILLE RD @ INNES RD","375047.72470","5031120.65710","-75.60244","45.41649","2017","10/6/2017","7:34:00 PM","01 - Clear","01 - Dry","01 - Traffic signal","02 - Intersection related","07 - Dark","03 - P.D. only","03 - Rear end"
"4146","CYRVILLE RD @ INNES RD","375048.26744","5031119.83557","-75.60244","45.41649","2017","10/20/2017","12:18:00 PM","01 - Clear","01 - Dry","01 - Traffic signal","02 - Intersection related","01 - Daylight","03 - P.D. only","03 - Rear end"
"4147","CYRVILLE RD @ INNES RD","375046.07972","5031121.35330","-75.60247","45.41650","2017","9/8/2017","7:19:00 AM","01 - Clear","01 - Dry","01 - Traffic signal","02 - Intersection related","01 - Daylight","03 - P.D. only","03 - Rear end"
"4148","CYRVILLE RD @ INNES RD","375048.20260","5031119.32525","-75.60244","45.41648","2017","9/21/2017","1:27:00 PM","01 - Clear","01 - Dry","01 - Traffic signal","02 - Intersection related","01 - Daylight","03 - P.D. only","04 - Sideswipe"
"4149","CYRVILLE RD @ INNES RD","375047.25133","5031119.32751","-75.60245","45.41648","2017","9/23/2017","1:53:00 PM","01 - Clear","01 - Dry","01 - Traffic signal","02 - Intersection related","01 - Daylight","03 - P.D. only","05 - Turning movement"
"4150","CYRVILLE RD @ INNES RD","375047.39025","5031118.22641","-75.60245","45.41647","2017","11/15/2017","1:10:00 PM","01 - Clear","01 - Dry","01 - Traffic signal","02 - Intersection related","01 - Daylight","03 - P.D. only","04 - Sideswipe"
"4151","CYRVILLE RD @ INNES RD","375047.72470","5031118.61745","-75.60245","45.41648","2017","12/14/2017","5:28:00 PM","01 - Clear","01 - Dry","01 - Traffic signal","02 - Intersection related","07 - Dark","03 - P.D. only","03 - Rear end"
"4152","CYRVILLE RD @ INNES RD","375046.72136","5031120.23310","-75.60246","45.41649","2017","11/16/2017","10:27:00 AM","02 - Rain","02 - Wet","01 - Traffic signal","02 - Intersection related","01 - Daylight","03 - P.D. only","04 - Sideswipe"
"4153","CYRVILLE RD @ INNES RD","375046.72136","5031118.89530","-75.60246","45.41648","2017","11/26/2017","7:07:00 PM","03 - Snow","05 - Packed snow","01 - Traffic signal","02 - Intersection related","07 - Dark","03 - P.D. only","03 - Rear end"
"4154","CYRVILLE RD @ INNES RD","375048.05915","5031119.56420","-75.60244","45.41648","2017","11/14/2017","3:32:00 PM","01 - Clear","01 - Dry","01 - Traffic signal","02 - Intersection related","01 - Daylight","03 - P.D. only","03 - Rear end"
"4155","CYRVILLE RD @ INNES RD","375048.72804","5031118.22641","-75.60243","45.41647","2017","11/5/2017","5:00:00 PM","01 - Clear","01 - Dry","01 - Traffic signal","02 - Intersection related","05 - Dusk","03 - P.D. only","03 - Rear end"
"4156","CYRVILLE RD @ INNES RD","375048.05915","5031119.56420","-75.60244","45.41648","2017","11/4/2017","4:47:00 PM","02 - Rain","02 - Wet","01 - Traffic signal","03 - At intersection","05 - Dusk","03 - P.D. only","04 - Sideswipe"
"4157","CYRVILLE RD @ INNES RD","375049.39694","5031119.56420","-75.60242","45.41648","2017","11/19/2017","9:19:00 AM","03 - Snow","03 - Loose snow","01 - Traffic signal","02 - Intersection related","01 - Daylight","03 - P.D. only","03 - Rear end"
"4158","CYRVILLE RD @ INNES RD","375048.72804","5031120.23310","-75.60243","45.41649","2017","2/17/2017","6:38:00 PM","01 - Clear","01 - Dry","01 - Traffic signal","02 - Intersection related","07 - Dark","03 - P.D. only","03 - Rear end"
"4159","CYRVILLE RD @ INNES RD","375048.47517","5031119.18897","-75.60244","45.41648","2017","2/17/2017","5:00:00 PM","01 - Clear","01 - Dry","01 - Traffic signal","02 - Intersection related","05 - Dusk","03 - P.D. only","03 - Rear end"
"4160","CYRVILLE RD @ INNES RD","375046.72136","5031118.89530","-75.60246","45.41648","2017","2/17/2017","1:47:00 PM","01 - Clear","03 - Loose snow","01 - Traffic signal","02 - Intersection related","01 - Daylight","03 - P.D. only","04 - Sideswipe"
"4161","CYRVILLE RD @ INNES RD","375047.18196","5031119.29283","-75.60245","45.41648","2017","2/1/2017","12:23:00 PM","01 - Clear","02 - Wet","01 - Traffic signal","02 - Intersection related","01 - Daylight","03 - P.D. only","99 - Other"
"4162","CYRVILLE RD @ INNES RD","375047.39025","5031118.89530","-75.60245","45.41648","2017","4/15/2017","3:23:00 PM","02 - Rain","02 - Wet","01 - Traffic signal","02 - Intersection related","01 - Daylight","02 - Non-fatal injury","03 - Rear end"
"4163","CYRVILLE RD @ INNES RD","375048.05915","5031119.56420","-75.60244","45.41648","2017","3/16/2017","1:05:00 PM","01 - Clear","01 - Dry","01 - Traffic signal","02 - Intersection related","01 - Daylight","03 - P.D. only","99 - Other"
"4164","CYRVILLE RD @ INNES RD","375047.39025","5031119.56420","-75.60245","45.41648","2017","4/6/2017","2:08:00 PM","02 - Rain","02 - Wet","01 - Traffic signal","02 - Intersection related","01 - Daylight","03 - P.D. only","03 - Rear end"
"4165","CYRVILLE RD @ INNES RD","375046.72136","5031119.56420","-75.60246","45.41649","2017","3/20/2017","5:00:00 PM","01 - Clear","01 - Dry","01 - Traffic signal","02 - Intersection related","01 - Daylight","03 - P.D. only","03 - Rear end"
"4166","CYRVILLE RD @ INNES RD","375047.72470","5031118.43850","-75.60245","45.41647","2017","4/5/2017","8:46:00 AM","01 - Clear","01 - Dry","01 - Traffic signal","02 - Intersection related","01 - Daylight","03 - P.D. only","03 - Rear end"
"4167","CYRVILLE RD @ INNES RD","375047.39025","5031119.56420","-75.60245","45.41648","2017","3/6/2017","4:28:00 PM","02 - Rain","02 - Wet","01 - Traffic signal","03 - At intersection","01 - Daylight","03 - P.D. only","02 - Angle"
"4168","CYRVILLE RD @ INNES RD","375047.15344","5031119.08654","-75.60245","45.41648","2017","12/21/2017","8:52:00 AM","01 - Clear","01 - Dry","01 - Traffic signal","03 - At intersection","01 - Daylight","03 - P.D. only","03 - Rear end"
"4169","CYRVILLE RD @ INNES RD","375047.72470","5031120.74763","-75.60244","45.41650","2017","12/22/2017","9:38:00 AM","01 - Clear","02 - Wet","01 - Traffic signal","02 - Intersection related","01 - Daylight","03 - P.D. only","04 - Sideswipe"
"4170","CYRVILLE RD @ LABRIE AVE","373401.72310","5031682.27535","-75.62340","45.42171","2017","10/16/2017","7:44:00 PM","01 - Clear","01 - Dry","02 - Stop sign","03 - At intersection","07 - Dark","03 - P.D. only","02 - Angle"
"4171","CYRVILLE RD @ MEADOWBROOK RD","374630.73624","5031241.21831","-75.60776","45.41762","2017","4/25/2017","4:15:00 PM","02 - Rain","02 - Wet","01 - Traffic signal","02 - Intersection related","01 - Daylight","03 - P.D. only","03 - Rear end"
"4172","CYRVILLE RD @ MEADOWBROOK RD","374628.78615","5031241.84604","-75.60778","45.41763","2017","9/3/2017","12:30:00 PM","02 - Rain","02 - Wet","01 - Traffic signal","02 - Intersection related","01 - Daylight","03 - P.D. only","03 - Rear end"
"4173","CYRVILLE RD @ MEADOWBROOK RD","374629.73290","5031243.23254","-75.60777","45.41764","2017","7/30/2017","11:53:00 AM","01 - Clear","01 - Dry","01 - Traffic signal","02 - Intersection related","01 - Daylight","03 - P.D. only","04 - Sideswipe"
"4174","CYRVILLE RD @ MEADOWBROOK RD","374629.73290","5031242.79279","-75.60777","45.41764","2017","8/30/2017","8:30:00 AM","01 - Clear","01 - Dry","01 - Traffic signal","02 - Intersection related","01 - Daylight","02 - Non-fatal injury","03 - Rear end"
"4175","CYRVILLE RD @ MEADOWBROOK RD","374629.73290","5031241.46320","-75.60777","45.41762","2017","10/2/2017","8:01:00 AM","01 - Clear","01 - Dry","01 - Traffic signal","02 - Intersection related","01 - Daylight","03 - P.D. only","03 - Rear end"
"4176","CYRVILLE RD @ MEADOWBROOK RD","374629.25953","5031243.73953","-75.60777","45.41764","2017","1/10/2017","2:00:00 PM","03 - Snow","03 - Loose snow","01 - Traffic signal","02 - Intersection related","01 - Daylight","03 - P.D. only","03 - Rear end"
"4177","CYRVILLE RD @ MEADOWBROOK RD","374630.73624","5031243.89389","-75.60775","45.41765","2017","12/16/2017","9:31:00 AM","03 - Snow","03 - Loose snow","01 - Traffic signal","03 - At intersection","01 - Daylight","03 - P.D. only","02 - Angle"
"4178","CYRVILLE RD @ OGILVIE RD","372453.38465","5032005.56980","-75.63547","45.42471","2017","6/28/2017","8:43:00 AM","01 - Clear","01 - Dry","01 - Traffic signal","02 - Intersection related","01 - Daylight","03 - P.D. only","03 - Rear end"
"4179","CYRVILLE RD @ OGILVIE RD","372453.71910","5032005.94503","-75.63546","45.42472","2017","2/9/2017","4:58:00 PM","01 - Clear","01 - Dry","01 - Traffic signal","02 - Intersection related","01 - Daylight","03 - P.D. only","03 - Rear end"
"4180","CYRVILLE RD @ OGILVIE RD","372453.38465","5032007.57649","-75.63547","45.42473","2017","3/3/2017","7:15:00 PM","01 - Clear","01 - Dry","01 - Traffic signal","03 - At intersection","07 - Dark","02 - Non-fatal injury","07 - SMV other"
"4181","CYRVILLE RD @ OGILVIE RD","372454.05355","5032006.23870","-75.63546","45.42472","2017","3/14/2017","1:30:00 PM","03 - Snow","04 - Slush","01 - Traffic signal","02 - Intersection related","01 - Daylight","03 - P.D. only","03 - Rear end"
"4182","CYRVILLE RD @ OGILVIE RD","372454.05355","5032007.57649","-75.63546","45.42473","2017","3/25/2017","12:48:00 PM","01 - Clear","01 - Dry","01 - Traffic signal","02 - Intersection related","01 - Daylight","03 - P.D. only","04 - Sideswipe"
"4183","CYRVILLE RD @ OGILVIE RD","372452.76331","5032006.28665","-75.63548","45.42472","2017","12/21/2017","5:22:00 PM","01 - Clear","01 - Dry","01 - Traffic signal","02 - Intersection related","07 - Dark","03 - P.D. only","05 - Turning movement"
"4184","CYRVILLE RD @ ST. LAURENT BLVD","372242.05525","5032111.58000","-75.63815","45.42569","2017","5/17/2017","3:30:00 PM","01 - Clear","01 - Dry","01 - Traffic signal","02 - Intersection related","01 - Daylight","03 - P.D. only","04 - Sideswipe"
"4185","CYRVILLE RD @ ST. LAURENT BLVD","372242.05525","5032112.24890","-75.63815","45.42569","2017","6/15/2017","10:30:00 AM","01 - Clear","01 - Dry","01 - Traffic signal","02 - Intersection related","01 - Daylight","03 - P.D. only","99 - Other"
"4186","CYRVILLE RD @ ST. LAURENT BLVD","372241.72080","5032112.48226","-75.63816","45.42569","2017","8/2/2017","7:40:00 AM","01 - Clear","01 - Dry","01 - Traffic signal","02 - Intersection related","01 - Daylight","03 - P.D. only","03 - Rear end"
"4187","CYRVILLE RD @ ST. LAURENT BLVD","372242.72414","5032111.58000","-75.63814","45.42569","2017","10/29/2017","6:19:00 PM","02 - Rain","02 - Wet","01 - Traffic signal","02 - Intersection related","07 - Dark","03 - P.D. only","99 - Other"
"4188","CYRVILLE RD @ ST. LAURENT BLVD","372242.05525","5032111.58000","-75.63815","45.42569","2017","11/26/2017","7:26:00 PM","03 - Snow","04 - Slush","01 - Traffic signal","02 - Intersection related","07 - Dark","03 - P.D. only","05 - Turning movement"
"4189","CYRVILLE RD @ ST. LAURENT BLVD","372242.17176","5032111.80548","-75.63815","45.42569","2017","12/6/2017","5:05:00 PM","01 - Clear","01 - Dry","01 - Traffic signal","02 - Intersection related","07 - Dark","03 - P.D. only","04 - Sideswipe"
"4190","CYRVILLE RD @ ST. LAURENT BLVD","372240.76501","5032112.77474","-75.63817","45.42570","2017","12/9/2017","11:08:00 AM","01 - Clear","01 - Dry","01 - Traffic signal","02 - Intersection related","01 - Daylight","03 - P.D. only","03 - Rear end"
"4191","CYRVILLE RD @ ST. LAURENT BLVD","372242.66755","5032110.86994","-75.63815","45.42568","2017","11/11/2017","2:05:00 PM","01 - Clear","01 - Dry","01 - Traffic signal","03 - At intersection","01 - Daylight","03 - P.D. only","05 - Turning movement"
"4192","CYRVILLE RD @ ST. LAURENT BLVD","372242.23030","5032110.56100","-75.63815","45.42568","2017","3/6/2017","2:15:00 PM","01 - Clear","01 - Dry","01 - Traffic signal","02 - Intersection related","01 - Daylight","03 - P.D. only","03 - Rear end"
"4193","CYRVILLE RD @ ST. LAURENT BLVD","372242.19417","5032111.81669","-75.63815","45.42569","2017","12/31/2017","3:47:00 PM","01 - Clear","01 - Dry","01 - Traffic signal","02 - Intersection related","01 - Daylight","03 - P.D. only","03 - Rear end"
"4194","CYRVILLE RD @ ST. LAURENT BLVD","372241.72080","5032112.29685","-75.63816","45.42569","2017","12/18/2017","8:02:00 AM","03 - Snow","03 - Loose snow","01 - Traffic signal","03 - At intersection","01 - Daylight","03 - P.D. only","07 - SMV other"
"4195","CYRVILLE RD @ STAR TOP RD","373830.73174","5031518.56280","-75.61794","45.42020","2017","7/6/2017","10:15:00 AM","01 - Clear","01 - Dry","01 - Traffic signal","02 - Intersection related","01 - Daylight","03 - P.D. only","03 - Rear end"
"4196","CYRVILLE RD @ STAR TOP RD","373830.67515","5031518.32611","-75.61794","45.42019","2017","10/23/2017","5:56:00 PM","01 - Clear","01 - Dry","01 - Traffic signal","03 - At intersection","05 - Dusk","03 - P.D. only","03 - Rear end"
"4197","CYRVILLE RD @ STAR TOP RD","373829.47797","5031517.31709","-75.61795","45.42018","2017","10/7/2017","11:25:00 AM","02 - Rain","02 - Wet","01 - Traffic signal","02 - Intersection related","01 - Daylight","03 - P.D. only","05 - Turning movement"
"4198","CYRVILLE RD @ STAR TOP RD","373829.72840","5031517.36806","-75.61795","45.42019","2017","10/25/2017","10:01:00 AM","01 - Clear","01 - Dry","01 - Traffic signal","03 - At intersection","01 - Daylight","03 - P.D. only","03 - Rear end"
"4199","CYRVILLE RD btwn BEAUPARC PRIV & LABRIE AVE","373266.14494","5031728.91845","-75.62512","45.42214","2017","1/3/2017","9:20:00 AM","04 - Freezing Rain","04 - Slush","10 - No control","04 - At/near private drive","01 - Daylight","03 - P.D. only","03 - Rear end"
"4200","CYRVILLE RD btwn LABRIE AVE & STAR TOP RD","373810.58253","5031525.36496","-75.61819","45.42026","2017","6/29/2017","2:10:00 PM","02 - Rain","02 - Wet","10 - No control","04 - At/near private drive","01 - Daylight","03 - P.D. only","02 - Angle"
"4201","CYRVILLE RD btwn LABRIE AVE & STAR TOP RD","373542.85519","5031628.57028","-75.62160","45.42121","2017","7/13/2017","3:43:00 PM","01 - Clear","01 - Dry","10 - No control","04 - At/near private drive","01 - Daylight","03 - P.D. only","02 - Angle"
"4202","CYRVILLE RD btwn LABRIE AVE & STAR TOP RD","373674.70396","5031578.80463","-75.61992","45.42075","2017","11/23/2017","4:59:00 PM","01 - Clear","01 - Dry","10 - No control","04 - At/near private drive","07 - Dark","03 - P.D. only","02 - Angle"
"4203","CYRVILLE RD btwn LABRIE AVE & STAR TOP RD","373772.08889","5031539.22223","-75.61868","45.42039","2017","2/8/2017","8:32:00 AM","01 - Clear","04 - Slush","10 - No control","04 - At/near private drive","01 - Daylight","03 - P.D. only","02 - Angle"
"4204","CYRVILLE RD btwn MAXIME ST & INNES RD","374901.67377","5031165.84154","-75.60430","45.41692","2017","10/4/2017","1:08:00 PM","01 - Clear","01 - Dry","10 - No control","04 - At/near private drive","01 - Daylight","03 - P.D. only","02 - Angle"
"4205","CYRVILLE RD btwn STAR TOP RD & MEADOWBROOK RD","374475.55230","5031292.05443","-75.60973","45.41809","2017","6/9/2017","4:54:00 PM","01 - Clear","01 - Dry","10 - No control","04 - At/near private drive","01 - Daylight","02 - Non-fatal injury","05 - Turning movement"
"4206","CYRVILLE RD btwn STAR TOP RD & MEADOWBROOK RD","374294.27480","5031327.87542","-75.61204","45.41843","2017","5/29/2017","4:15:00 PM","01 - Clear","02 - Wet","10 - No control","04 - At/near private drive","01 - Daylight","02 - Non-fatal injury","02 - Angle"
"4207","CYRVILLE RD btwn STAR TOP RD & MEADOWBROOK RD","374498.35792","5031287.11382","-75.60944","45.41805","2017","8/8/2017","4:45:00 PM","01 - Clear","01 - Dry","10 - No control","01 - Non intersection","01 - Daylight","03 - P.D. only","04 - Sideswipe"
"4208","CYRVILLE RD btwn STAR TOP RD & MEADOWBROOK RD","374499.55539","5031285.39634","-75.60942","45.41803","2017","8/18/2017","4:00:00 PM","02 - Rain","02 - Wet","10 - No control","04 - At/near private drive","01 - Daylight","03 - P.D. only","02 - Angle"
"4209","CYRVILLE RD btwn STAR TOP RD & MEADOWBROOK RD","374504.04592","5031283.89421","-75.60937","45.41802","2017","9/3/2017","1:15:00 PM","02 - Rain","02 - Wet","10 - No control","04 - At/near private drive","01 - Daylight","02 - Non-fatal injury","02 - Angle"
"4210","CYRVILLE RD btwn STAR TOP RD & MEADOWBROOK RD","374445.11752","5031305.75137","-75.61012","45.41822","2017","9/22/2017","4:42:00 PM","01 - Clear","01 - Dry","10 - No control","04 - At/near private drive","01 - Daylight","02 - Non-fatal injury","02 - Angle"
"4211","CYRVILLE RD btwn STAR TOP RD & MEADOWBROOK RD","374603.31150","5031249.91396","-75.60810","45.41770","2017","11/20/2017","9:11:00 AM","01 - Clear","01 - Dry","10 - No control","01 - Non intersection","01 - Daylight","03 - P.D. only","04 - Sideswipe"
"4212","CYRVILLE RD btwn STAR TOP RD & MEADOWBROOK RD","374500.30146","5031284.69657","-75.60942","45.41803","2017","11/25/2017","11:20:00 AM","02 - Rain","02 - Wet","10 - No control","04 - At/near private drive","01 - Daylight","02 - Non-fatal injury","02 - Angle"
"4213","CYRVILLE RD btwn STAR TOP RD & MEADOWBROOK RD","374512.11884","5031282.36327","-75.60926","45.41800","2017","11/16/2017","4:19:00 PM","02 - Rain","02 - Wet","10 - No control","04 - At/near private drive","05 - Dusk","03 - P.D. only","02 - Angle"
"4214","CYRVILLE RD btwn STAR TOP RD & MEADOWBROOK RD","373928.39061","5031483.78019","-75.61669","45.41987","2017","4/5/2017","3:30:00 PM","01 - Clear","01 - Dry","10 - No control","01 - Non intersection","01 - Daylight","03 - P.D. only","03 - Rear end"
"4215","CYRVILLE RD btwn STAR TOP RD & MEADOWBROOK RD","374301.11759","5031328.16212","-75.61195","45.41844","2017","3/28/2017","2:36:00 PM","01 - Clear","02 - Wet","10 - No control","01 - Non intersection","01 - Daylight","03 - P.D. only","03 - Rear end"
"4216","DAIRY DR @ SOUTH FRONTAGE","384734.30190","5039695.61500","-75.47730","45.49260","2017","10/1/2017","1:09:00 PM","01 - Clear","01 - Dry","02 - Stop sign","03 - At intersection","01 - Daylight","03 - P.D. only","05 - Turning movement"
"4217","DAIRY DR btwn SOUTH FRONTAGE & Continuation of DAIRY DR","384922.49330","5039819.50745","-75.47488","45.49370","2017","10/4/2017","12:05:00 PM","01 - Clear","01 - Dry","10 - No control","01 - Non intersection","01 - Daylight","03 - P.D. only","01 - Approaching"
"4218","DALEHURST DR @ WOODFIELD DR","363756.61232","5021821.31061","-75.74781","45.33386","2017","2/1/2017","6:39:00 PM","01 - Clear","02 - Wet","02 - Stop sign","03 - At intersection","07 - Dark","02 - Non-fatal injury","07 - SMV other"
"4219","DALEHURST DR btwn CRESTLEA CRES & LAVONNE CRT","363592.92846","5021719.57796","-75.74991","45.33296","2017","3/15/2017","1:38:00 PM","03 - Snow","03 - Loose snow","10 - No control","01 - Non intersection","01 - Daylight","03 - P.D. only","01 - Approaching"
"4220","DALEHURST DR btwn CRESTLEA CRES & LAVONNE CRT","363610.47887","5021762.03496","-75.74968","45.33334","2017","12/24/2017","2:04:00 PM","01 - Clear","05 - Packed snow","10 - No control","01 - Non intersection","01 - Daylight","03 - P.D. only","06 - SMV unattended vehicle"
"4221","DALHOUSIE ST @ GUIGUES AVE","367913.24415","5032712.49520","-75.69339","45.43150","2017","9/26/2017","5:42:00 PM","01 - Clear","01 - Dry","02 - Stop sign","03 - At intersection","01 - Daylight","03 - P.D. only","02 - Angle"
"4222","DALHOUSIE ST @ GUIGUES AVE","367911.83933","5032713.58810","-75.69341","45.43151","2017","1/18/2017","11:50:00 AM","04 - Freezing Rain","06 - Ice","02 - Stop sign","02 - Intersection related","01 - Daylight","03 - P.D. only","99 - Other"
"4223","DALHOUSIE ST @ GUIGUES AVE","367911.62823","5032712.55195","-75.69341","45.43150","2017","1/23/2017","11:44:00 AM","01 - Clear","01 - Dry","02 - Stop sign","02 - Intersection related","01 - Daylight","03 - P.D. only","06 - SMV unattended vehicle"
"4224","DALHOUSIE ST @ MURRAY ST","367999.17059","5032574.61360","-75.69231","45.43025","2017","6/15/2017","10:30:00 PM","02 - Rain","02 - Wet","01 - Traffic signal","03 - At intersection","07 - Dark","02 - Non-fatal injury","07 - SMV other"
"4225","DALHOUSIE ST @ MURRAY ST","368001.17700","5032573.35565","-75.69228","45.43024","2017","8/25/2017","6:14:00 PM","01 - Clear","01 - Dry","01 - Traffic signal","02 - Intersection related","01 - Daylight","03 - P.D. only","03 - Rear end"
"4226","DALHOUSIE ST @ MURRAY ST","368001.17247","5032573.83129","-75.69228","45.43024","2017","9/21/2017","3:29:00 PM","01 - Clear","01 - Dry","01 - Traffic signal","02 - Intersection related","01 - Daylight","03 - P.D. only","02 - Angle"
"4227","DALHOUSIE ST @ MURRAY ST","367999.60620","5032572.50170","-75.69230","45.43023","2017","1/22/2017","10:40:00 PM","01 - Clear","01 - Dry","01 - Traffic signal","03 - At intersection","07 - Dark","03 - P.D. only","04 - Sideswipe"
"4228","DALHOUSIE ST @ MURRAY ST","368000.36465","5032572.25681","-75.69229","45.43023","2017","4/8/2017","6:15:00 PM","01 - Clear","01 - Dry","01 - Traffic signal","03 - At intersection","01 - Daylight","03 - P.D. only","05 - Turning movement"
"4229","DALHOUSIE ST @ MURRAY ST","367999.69576","5032573.59460","-75.69230","45.43024","2017","3/14/2017","5:00:00 PM","03 - Snow","03 - Loose snow","01 - Traffic signal","03 - At intersection","01 - Daylight","03 - P.D. only","05 - Turning movement"
"4230","DALHOUSIE ST @ MURRAY ST","368001.03355","5032573.59460","-75.69228","45.43024","2017","2/27/2017","7:33:00 PM","01 - Clear","01 - Dry","01 - Traffic signal","02 - Intersection related","07 - Dark","03 - P.D. only","04 - Sideswipe"
"4231","DALHOUSIE ST @ RIDEAU ST","368206.70910","5032229.50428","-75.68970","45.42713","2017","7/24/2017","10:26:00 PM","02 - Rain","02 - Wet","01 - Traffic signal","03 - At intersection","07 - Dark","02 - Non-fatal injury","07 - SMV other"
"4232","DALHOUSIE ST @ RIDEAU ST","368205.42705","5032226.29915","-75.68972","45.42710","2017","7/18/2017","1:01:00 AM","01 - Clear","01 - Dry","01 - Traffic signal","03 - At intersection","07 - Dark","02 - Non-fatal injury","07 - SMV other"
"4233","DALHOUSIE ST @ RIDEAU ST","368205.76235","5032227.34451","-75.68971","45.42711","2017","10/26/2017","6:21:00 PM","01 - Clear","01 - Dry","01 - Traffic signal","02 - Intersection related","05 - Dusk","03 - P.D. only","04 - Sideswipe"
"4234","DALHOUSIE ST @ RIDEAU ST","368206.70910","5032227.58120","-75.68970","45.42711","2017","9/30/2017","7:19:00 PM","01 - Clear","01 - Dry","01 - Traffic signal","03 - At intersection","05 - Dusk","03 - P.D. only","06 - SMV unattended vehicle"
"4235","DALHOUSIE ST @ RIDEAU ST","368207.71244","5032228.25010","-75.68969","45.42711","2017","11/13/2017","9:14:00 PM","01 - Clear","01 - Dry","01 - Traffic signal","02 - Intersection related","07 - Dark","03 - P.D. only","06 - SMV unattended vehicle"
"4236","DALHOUSIE ST @ RIDEAU ST","368206.70910","5032228.12765","-75.68970","45.42711","2017","1/13/2017","12:11:00 AM","01 - Clear","02 - Wet","01 - Traffic signal","03 - At intersection","07 - Dark","03 - P.D. only","04 - Sideswipe"