"Record","Location","X","Y","Longitude","Latitude","Year","Date","Time","Environment","Road_Surface","Traffic_Control","Collision_Location","Light","Collision_Classification","Impact_type"
"4237","DALHOUSIE ST @ RIDEAU ST","368207.45957","5032227.20597","-75.68969","45.42710","2017","3/19/2017","11:00:00 AM","01 - Clear","01 - Dry","01 - Traffic signal","02 - Intersection related","01 - Daylight","03 - P.D. only","03 - Rear end"
"4238","DALHOUSIE ST @ RIDEAU ST","368207.09973","5032227.58120","-75.68970","45.42711","2017","2/21/2017","8:58:00 AM","01 - Clear","02 - Wet","01 - Traffic signal","03 - At intersection","01 - Daylight","02 - Non-fatal injury","07 - SMV other"
"4239","DALHOUSIE ST @ ST. PATRICK ST","367957.05957","5032641.22213","-75.69284","45.43085","2017","8/23/2017","12:00:00 AM","01 - Clear","01 - Dry","01 - Traffic signal","02 - Intersection related","00 - Unknown","03 - P.D. only","06 - SMV unattended vehicle"
"4240","DALHOUSIE ST @ ST. PATRICK ST","367958.34163","5032640.58110","-75.69282","45.43085","2017","8/14/2017","1:18:00 PM","01 - Clear","01 - Dry","01 - Traffic signal","02 - Intersection related","01 - Daylight","03 - P.D. only","02 - Angle"
"4241","DALHOUSIE ST @ ST. PATRICK ST","367959.22911","5032641.60010","-75.69281","45.43086","2017","2/3/2017","12:38:00 PM","01 - Clear","01 - Dry","01 - Traffic signal","02 - Intersection related","01 - Daylight","03 - P.D. only","04 - Sideswipe"
"4242","DALHOUSIE ST @ YORK ST","368094.71044","5032420.25860","-75.69111","45.42885","2017","5/6/2017","11:56:00 PM","02 - Rain","02 - Wet","01 - Traffic signal","02 - Intersection related","07 - Dark","03 - P.D. only","04 - Sideswipe"
"4243","DALHOUSIE ST @ YORK ST","368094.04155","5032420.25860","-75.69112","45.42885","2017","5/24/2017","12:13:00 AM","01 - Clear","01 - Dry","01 - Traffic signal","02 - Intersection related","07 - Dark","03 - P.D. only","03 - Rear end"
"4244","DALHOUSIE ST @ YORK ST","368093.65034","5032419.35661","-75.69112","45.42884","2017","9/4/2017","12:41:00 AM","01 - Clear","01 - Dry","01 - Traffic signal","02 - Intersection related","07 - Dark","03 - P.D. only","05 - Turning movement"
"4245","DALHOUSIE ST @ YORK ST","368093.37265","5032418.92080","-75.69112","45.42884","2017","2/19/2017","11:48:00 AM","01 - Clear","01 - Dry","01 - Traffic signal","03 - At intersection","01 - Daylight","02 - Non-fatal injury","07 - SMV other"
"4246","DALHOUSIE ST btwn BRUYERE ST & ST. ANDREW ST","367852.31095","5032817.02972","-75.69415","45.43244","2017","7/2/2017","12:00:00 AM","01 - Clear","01 - Dry","10 - No control","01 - Non intersection","00 - Unknown","03 - P.D. only","06 - SMV unattended vehicle"
"4247","DALHOUSIE ST btwn CLARENCE ST & YORK ST","368068.57223","5032462.12341","-75.69144","45.42923","2017","6/19/2017","11:03:00 PM","01 - Clear","01 - Dry","10 - No control","01 - Non intersection","07 - Dark","03 - P.D. only","03 - Rear end"
"4248","DALHOUSIE ST btwn GEORGE ST & RIDEAU ST","368180.95659","5032278.41732","-75.69002","45.42757","2017","11/12/2017","12:00:00 AM","01 - Clear","01 - Dry","10 - No control","01 - Non intersection","00 - Unknown","03 - P.D. only","06 - SMV unattended vehicle"
"4249","DALHOUSIE ST btwn GEORGE ST & RIDEAU ST","368161.13108","5032310.43949","-75.69027","45.42786","2017","1/11/2017","5:24:00 PM","01 - Clear","02 - Wet","10 - No control","04 - At/near private drive","05 - Dusk","03 - P.D. only","06 - SMV unattended vehicle"
"4250","DALHOUSIE ST btwn MURRAY ST & CLARENCE ST","368037.01388","5032512.29355","-75.69183","45.42968","2017","7/1/2017","6:41:00 PM","01 - Clear","01 - Dry","10 - No control","01 - Non intersection","01 - Daylight","02 - Non-fatal injury","07 - SMV other"
"4251","DALHOUSIE ST btwn MURRAY ST & CLARENCE ST","368016.49367","5032549.13850","-75.69209","45.43002","2017","10/29/2017","11:20:00 AM","02 - Rain","02 - Wet","10 - No control","01 - Non intersection","01 - Daylight","03 - P.D. only","04 - Sideswipe"
"4252","DALHOUSIE ST btwn YORK ST & GEORGE ST","368126.48672","5032367.06371","-75.69071","45.42837","2017","6/26/2017","12:00:00 AM","01 - Clear","01 - Dry","10 - No control","01 - Non intersection","00 - Unknown","03 - P.D. only","06 - SMV unattended vehicle"
"4253","DALHOUSIE ST btwn YORK ST & GEORGE ST","368100.73051","5032407.54957","-75.69103","45.42874","2017","8/3/2017","5:50:00 PM","01 - Clear","01 - Dry","10 - No control","04 - At/near private drive","01 - Daylight","03 - P.D. only","02 - Angle"
"4254","DALMENY RD @ DALMENY RD EXTENSION","377405.72490","4998957.30790","-75.57702","45.12686","2017","10/29/2017","9:55:00 AM","02 - Rain","02 - Wet","02 - Stop sign","02 - Intersection related","01 - Daylight","03 - P.D. only","01 - Approaching"
"4255","DALMENY RD @ NIXON DR","375590.34007","4997714.44721","-75.60027","45.11586","2017","7/31/2017","11:37:00 AM","01 - Clear","01 - Dry","02 - Stop sign","03 - At intersection","01 - Daylight","02 - Non-fatal injury","02 - Angle"
"4256","DALMENY RD @ NIXON DR","375591.23990","4997713.06015","-75.60026","45.11585","2017","12/12/2017","6:15:00 AM","03 - Snow","06 - Ice","02 - Stop sign","02 - Intersection related","07 - Dark","03 - P.D. only","02 - Angle"
"4257","DALMENY RD @ RIVER RD","374386.70736","4996966.93931","-75.61567","45.10925","2017","3/16/2017","5:18:00 PM","01 - Clear","01 - Dry","02 - Stop sign","03 - At intersection","01 - Daylight","03 - P.D. only","07 - SMV other"
"4258","DALMENY RD @ STAGECOACH RD","377831.72496","4999218.64560","-75.57157","45.12917","2017","5/24/2017","4:27:00 PM","01 - Clear","01 - Dry","02 - Stop sign","02 - Intersection related","01 - Daylight","03 - P.D. only","07 - SMV other"
"4259","DALMENY RD btwn 5TH LINE RD & CAMPBELLCROFT RD","383259.85020","5002757.40679","-75.50202","45.16043","2017","9/7/2017","6:56:00 AM","02 - Rain","02 - Wet","10 - No control","01 - Non intersection","03 - Dawn","01 - Fatal injury","01 - Approaching"
"4260","DALMENY RD btwn 5TH LINE RD & CAMPBELLCROFT RD","383613.19260","5002985.74374","-75.49749","45.16244","2017","4/18/2017","1:41:00 PM","01 - Clear","01 - Dry","10 - No control","04 - At/near private drive","01 - Daylight","03 - P.D. only","02 - Angle"
"4261","DALMENY RD btwn OLD STAGECOACH RD & STAGECOACH RD","377784.90221","4999190.55196","-75.57217","45.12892","2017","12/14/2017","2:10:00 PM","01 - Clear","01 - Dry","10 - No control","01 - Non intersection","01 - Daylight","03 - P.D. only","07 - SMV other"
"4262","DALMENY RD btwn STAGECOACH RD & 4TH LINE RD","377892.76342","4999256.72980","-75.57079","45.12950","2017","5/16/2017","9:30:00 PM","01 - Clear","01 - Dry","10 - No control","01 - Non intersection","07 - Dark","03 - P.D. only","07 - SMV other"
"4263","DALMENY RD btwn STAGECOACH RD & 4TH LINE RD","379525.00793","5000295.15359","-75.54989","45.13868","2017","1/14/2017","10:41:00 PM","01 - Clear","01 - Dry","10 - No control","01 - Non intersection","07 - Dark","03 - P.D. only","07 - SMV other"
"4264","DALMENY RD btwn TO BE DETERMINED & OLD STAGECOACH RD","377597.00978","4999076.06680","-75.57458","45.12791","2017","4/3/2017","9:52:00 AM","01 - Clear","01 - Dry","10 - No control","01 - Non intersection","01 - Daylight","03 - P.D. only","07 - SMV other"
"4265","DALY AVE @ CHARLOTTE ST","369334.32712","5032723.02189","-75.67523","45.43146","2017","6/7/2017","5:21:00 PM","01 - Clear","01 - Dry","02 - Stop sign","02 - Intersection related","01 - Daylight","03 - P.D. only","03 - Rear end"
"4266","DALY AVE @ CHARLOTTE ST","369334.97931","5032723.02189","-75.67522","45.43146","2017","6/21/2017","5:42:00 PM","01 - Clear","01 - Dry","02 - Stop sign","03 - At intersection","01 - Daylight","03 - P.D. only","02 - Angle"
"4267","DALY AVE @ CHARLOTTE ST","369335.30540","5032723.34798","-75.67521","45.43147","2017","6/16/2017","11:07:00 AM","01 - Clear","01 - Dry","02 - Stop sign","02 - Intersection related","01 - Daylight","03 - P.D. only","02 - Angle"
"4268","DALY AVE @ CHARLOTTE ST","369335.60982","5032722.36352","-75.67521","45.43146","2017","10/4/2017","2:00:00 PM","01 - Clear","01 - Dry","02 - Stop sign","02 - Intersection related","01 - Daylight","03 - P.D. only","06 - SMV unattended vehicle"
"4269","DALY AVE @ CHARLOTTE ST","369333.62242","5032722.86037","-75.67524","45.43146","2017","10/10/2017","4:12:00 PM","01 - Clear","01 - Dry","02 - Stop sign","02 - Intersection related","01 - Daylight","03 - P.D. only","03 - Rear end"
"4270","DALY AVE @ FRIEL ST","368852.37704","5032431.25321","-75.68142","45.42888","2017","3/4/2017","5:12:00 PM","01 - Clear","01 - Dry","02 - Stop sign","03 - At intersection","01 - Daylight","03 - P.D. only","02 - Angle"
"4271","DALY AVE @ KING EDWARD AVE","368592.04205","5032275.59239","-75.68477","45.42750","2017","5/4/2017","8:58:00 AM","01 - Clear","01 - Dry","02 - Stop sign","03 - At intersection","01 - Daylight","03 - P.D. only","02 - Angle"
"4272","DALY AVE @ KING EDWARD AVE","368592.71094","5032274.92349","-75.68476","45.42750","2017","5/25/2017","6:50:00 PM","01 - Clear","01 - Dry","02 - Stop sign","03 - At intersection","01 - Daylight","03 - P.D. only","02 - Angle"
"4273","DALY AVE @ KING EDWARD AVE","368593.37984","5032273.58570","-75.68475","45.42749","2017","4/28/2017","6:23:00 PM","01 - Clear","01 - Dry","02 - Stop sign","03 - At intersection","01 - Daylight","03 - P.D. only","02 - Angle"
"4274","DALY AVE @ KING EDWARD AVE","368592.18097","5032272.40227","-75.68477","45.42748","2017","8/29/2017","4:10:00 PM","01 - Clear","01 - Dry","02 - Stop sign","03 - At intersection","01 - Daylight","03 - P.D. only","02 - Angle"
"4275","DALY AVE @ KING EDWARD AVE","368591.70760","5032273.35608","-75.68478","45.42748","2017","7/28/2017","6:10:00 PM","01 - Clear","01 - Dry","02 - Stop sign","02 - Intersection related","01 - Daylight","03 - P.D. only","02 - Angle"
"4276","DALY AVE @ KING EDWARD AVE","368591.70760","5032273.34675","-75.68478","45.42748","2017","10/21/2017","12:32:00 PM","01 - Clear","01 - Dry","02 - Stop sign","03 - At intersection","01 - Daylight","03 - P.D. only","02 - Angle"
"4277","DALY AVE @ KING EDWARD AVE","368591.37315","5032271.57901","-75.68478","45.42747","2017","11/17/2017","3:44:00 PM","01 - Clear","01 - Dry","02 - Stop sign","03 - At intersection","01 - Daylight","03 - P.D. only","05 - Turning movement"
"4278","DALY AVE @ KING EDWARD AVE","368590.20666","5032274.71140","-75.68479","45.42750","2017","1/30/2017","7:40:00 PM","03 - Snow","02 - Wet","02 - Stop sign","03 - At intersection","07 - Dark","03 - P.D. only","02 - Angle"
"4279","DALY AVE @ KING EDWARD AVE","368591.25664","5032272.90926","-75.68478","45.42748","2017","12/28/2017","5:08:00 AM","01 - Clear","01 - Dry","02 - Stop sign","03 - At intersection","07 - Dark","03 - P.D. only","02 - Angle"
"4280","DALY AVE @ KING EDWARD AVE","368591.37315","5032273.58570","-75.68478","45.42749","2017","12/15/2017","3:16:00 PM","03 - Snow","03 - Loose snow","02 - Stop sign","03 - At intersection","01 - Daylight","03 - P.D. only","02 - Angle"
"4281","DALY AVE @ NICHOLAS ST","368227.16552","5032046.30596","-75.68946","45.42547","2017","6/22/2017","9:00:00 AM","01 - Clear","01 - Dry","01 - Traffic signal","02 - Intersection related","01 - Daylight","03 - P.D. only","04 - Sideswipe"
"4282","DALY AVE @ NICHOLAS ST","368227.62994","5032048.42047","-75.68946","45.42549","2017","7/23/2017","8:15:00 PM","01 - Clear","02 - Wet","01 - Traffic signal","02 - Intersection related","05 - Dusk","03 - P.D. only","03 - Rear end"
"4283","DALY AVE @ NICHOLAS ST","368228.03545","5032047.24260","-75.68945","45.42548","2017","6/29/2017","12:01:00 PM","02 - Rain","02 - Wet","01 - Traffic signal","02 - Intersection related","01 - Daylight","03 - P.D. only","99 - Other"
"4284","DALY AVE @ NICHOLAS ST","368226.26731","5032046.33475","-75.68947","45.42548","2017","9/3/2017","1:04:00 PM","02 - Rain","02 - Wet","01 - Traffic signal","02 - Intersection related","01 - Daylight","02 - Non-fatal injury","02 - Angle"
"4285","DALY AVE @ NICHOLAS ST","368226.63005","5032045.77049","-75.68947","45.42547","2017","7/11/2017","3:29:00 PM","02 - Rain","02 - Wet","01 - Traffic signal","02 - Intersection related","01 - Daylight","03 - P.D. only","04 - Sideswipe"
"4286","DALY AVE @ NICHOLAS ST","368227.70100","5032047.28376","-75.68946","45.42548","2017","9/25/2017","7:10:00 AM","01 - Clear","01 - Dry","01 - Traffic signal","02 - Intersection related","01 - Daylight","03 - P.D. only","99 - Other"
"4287","DALY AVE @ NICHOLAS ST","368227.94953","5032046.38454","-75.68945","45.42548","2017","9/11/2017","2:16:00 PM","01 - Clear","01 - Dry","01 - Traffic signal","02 - Intersection related","01 - Daylight","03 - P.D. only","03 - Rear end"
"4288","DALY AVE @ NICHOLAS ST","368226.74521","5032046.81265","-75.68947","45.42548","2017","9/24/2017","2:01:00 AM","01 - Clear","01 - Dry","01 - Traffic signal","03 - At intersection","07 - Dark","02 - Non-fatal injury","07 - SMV other"
"4289","DALY AVE @ NICHOLAS ST","368227.36655","5032044.56701","-75.68946","45.42546","2017","11/24/2017","1:22:00 PM","01 - Clear","01 - Dry","01 - Traffic signal","02 - Intersection related","01 - Daylight","03 - P.D. only","03 - Rear end"
"4290","DALY AVE @ NICHOLAS ST","368227.70100","5032046.35795","-75.68946","45.42548","2017","11/21/2017","10:26:00 AM","01 - Clear","01 - Dry","01 - Traffic signal","02 - Intersection related","01 - Daylight","02 - Non-fatal injury","05 - Turning movement"
"4291","DALY AVE @ NICHOLAS ST","368227.70100","5032045.21685","-75.68946","45.42547","2017","1/16/2017","7:25:00 PM","01 - Clear","01 - Dry","01 - Traffic signal","03 - At intersection","07 - Dark","03 - P.D. only","04 - Sideswipe"
"4292","DALY AVE @ NICHOLAS ST","368227.15826","5032046.84507","-75.68946","45.42548","2017","1/17/2017","11:06:00 PM","04 - Freezing Rain","06 - Ice","01 - Traffic signal","03 - At intersection","07 - Dark","03 - P.D. only","07 - SMV other"
"4293","DALY AVE @ NICHOLAS ST","368226.59401","5032047.60418","-75.68947","45.42549","2017","2/3/2017","1:52:00 PM","01 - Clear","01 - Dry","01 - Traffic signal","02 - Intersection related","01 - Daylight","03 - P.D. only","04 - Sideswipe"
"4294","DALY AVE @ NICHOLAS ST","368228.03545","5032046.57370","-75.68945","45.42548","2017","3/3/2017","6:30:00 PM","01 - Clear","04 - Slush","01 - Traffic signal","03 - At intersection","07 - Dark","03 - P.D. only","05 - Turning movement"
"4295","DALY AVE @ NICHOLAS ST","368227.95201","5032047.67746","-75.68945","45.42549","2017","3/23/2017","12:37:00 PM","01 - Clear","01 - Dry","01 - Traffic signal","03 - At intersection","01 - Daylight","03 - P.D. only","05 - Turning movement"
"4296","DALY AVE @ NICHOLAS ST","368228.03545","5032045.90480","-75.68945","45.42547","2017","4/15/2017","9:03:00 PM","02 - Rain","02 - Wet","01 - Traffic signal","03 - At intersection","07 - Dark","03 - P.D. only","02 - Angle"
"4297","DALY AVE @ NICHOLAS ST","368228.45147","5032046.94893","-75.68945","45.42548","2017","3/25/2017","1:06:00 PM","03 - Snow","03 - Loose snow","01 - Traffic signal","02 - Intersection related","01 - Daylight","03 - P.D. only","03 - Rear end"
"4298","DALY AVE @ NICHOLAS ST","368227.70085","5032046.57375","-75.68946","45.42548","2017","3/8/2017","2:17:00 PM","01 - Clear","02 - Wet","01 - Traffic signal","03 - At intersection","01 - Daylight","03 - P.D. only","03 - Rear end"
"4299","DALY AVE @ WALLER ST","368340.53897","5032119.80797","-75.68800","45.42613","2017","8/1/2017","11:17:00 PM","01 - Clear","01 - Dry","01 - Traffic signal","02 - Intersection related","07 - Dark","02 - Non-fatal injury","07 - SMV other"
"4300","DALY AVE @ WALLER ST","368340.86837","5032121.03535","-75.68800","45.42614","2017","10/12/2017","4:30:00 PM","01 - Clear","01 - Dry","01 - Traffic signal","02 - Intersection related","01 - Daylight","03 - P.D. only","04 - Sideswipe"
"4301","DALY AVE @ WALLER ST","368341.51445","5032120.44900","-75.68799","45.42613","2017","10/29/2017","2:49:00 PM","02 - Rain","02 - Wet","01 - Traffic signal","03 - At intersection","01 - Daylight","03 - P.D. only","05 - Turning movement"
"4302","DALY AVE @ WALLER ST","368341.51445","5032121.78679","-75.68799","45.42614","2017","11/18/2017","4:24:00 PM","01 - Clear","01 - Dry","01 - Traffic signal","02 - Intersection related","05 - Dusk","03 - P.D. only","03 - Rear end"
"4303","DALY AVE @ WALLER ST","368340.72904","5032120.67448","-75.68800","45.42613","2017","12/8/2017","4:22:00 PM","01 - Clear","01 - Dry","01 - Traffic signal","03 - At intersection","05 - Dusk","02 - Non-fatal injury","07 - SMV other"
"4304","DALY AVE @ WALLER ST","368340.09452","5032120.17763","-75.68801","45.42613","2017","2/5/2017","7:55:00 PM","06 - Strong wind","02 - Wet","01 - Traffic signal","03 - At intersection","07 - Dark","03 - P.D. only","07 - SMV other"
"4305","DALY AVE btwn CHARLOTTE ST & WURTEMBURG ST","369379.00208","5032751.66229","-75.67465","45.43172","2017","5/25/2017","12:00:00 AM","01 - Clear","01 - Dry","10 - No control","01 - Non intersection","00 - Unknown","03 - P.D. only","06 - SMV unattended vehicle"
"4306","DALY AVE btwn COURT HOUSE LANE & WALLER ST","368319.68613","5032106.65720","-75.68827","45.42601","2017","6/20/2017","7:24:00 AM","01 - Clear","02 - Wet","10 - No control","01 - Non intersection","01 - Daylight","03 - P.D. only","01 - Approaching"
"4307","DALY AVE btwn MACKENZIE AVE & NICHOLAS ST","368173.85485","5032012.45999","-75.69015","45.42518","2017","4/29/2017","3:53:00 PM","01 - Clear","01 - Dry","10 - No control","06 - Underpass or tunnel","01 - Daylight","03 - P.D. only","05 - Turning movement"
"4308","DALY AVE btwn MACKENZIE AVE & NICHOLAS ST","368202.01794","5032029.63381","-75.68979","45.42533","2017","9/28/2017","6:21:00 AM","01 - Clear","01 - Dry","10 - No control","01 - Non intersection","07 - Dark","03 - P.D. only","07 - SMV other"
"4309","DALY AVE btwn MACKENZIE AVE & NICHOLAS ST","368191.24615","5032021.82454","-75.68992","45.42526","2017","9/28/2017","8:54:00 AM","01 - Clear","01 - Dry","10 - No control","01 - Non intersection","01 - Daylight","03 - P.D. only","99 - Other"
"4310","DALY AVE btwn NICHOLAS ST & COURT HOUSE LANE","368260.72361","5032069.84451","-75.68903","45.42568","2017","8/16/2017","8:04:00 AM","01 - Clear","01 - Dry","09 - Traffic controller","01 - Non intersection","01 - Daylight","03 - P.D. only","07 - SMV other"
"4311","DALY AVE btwn NICHOLAS ST & COURT HOUSE LANE","368249.00278","5032060.53820","-75.68918","45.42560","2017","9/22/2017","10:16:00 AM","01 - Clear","01 - Dry","10 - No control","01 - Non intersection","01 - Daylight","03 - P.D. only","06 - SMV unattended vehicle"
"4312","DALY AVE btwn NICHOLAS ST & COURT HOUSE LANE","368273.83397","5032076.69582","-75.68886","45.42574","2017","2/1/2017","9:02:00 AM","01 - Clear","01 - Dry","10 - No control","01 - Non intersection","01 - Daylight","03 - P.D. only","07 - SMV other"
"4313","DAMSELFLY WAY btwn BROAD COVE CRES & RIVER MIST RD","364961.79830","5011559.64530","-75.73368","45.24143","2017","1/10/2017","12:00:00 AM","03 - Snow","03 - Loose snow","10 - No control","01 - Non intersection","00 - Unknown","03 - P.D. only","06 - SMV unattended vehicle"
"4314","DANFORTH AVE @ ROOSEVELT AVE","363029.61158","5028077.55060","-75.75635","45.39022","2017","8/12/2017","2:08:00 PM","01 - Clear","01 - Dry","02 - Stop sign","02 - Intersection related","01 - Daylight","03 - P.D. only","99 - Other"
"4315","DANZIG TERR/GRONINGEN ST @ ROUNCEY RD","353305.11890","5015423.86800","-75.88177","45.27710","2017","12/12/2017","12:13:00 PM","03 - Snow","03 - Loose snow","02 - Stop sign","03 - At intersection","01 - Daylight","03 - P.D. only","02 - Angle"
"4316","DATA CENTRE RD @ HERON RD","368942.62692","5026731.86426","-75.68101","45.37759","2017","12/31/2017","3:56:00 PM","01 - Clear","01 - Dry","02 - Stop sign","02 - Intersection related","01 - Daylight","03 - P.D. only","04 - Sideswipe"
"4317","DATA CENTRE RD @ RIVERSIDE DR","368897.44900","5027671.66815","-75.68147","45.38605","2017","8/31/2017","1:59:00 PM","01 - Clear","01 - Dry","01 - Traffic signal","02 - Intersection related","01 - Daylight","02 - Non-fatal injury","03 - Rear end"
"4318","DATA CENTRE RD @ RIVERSIDE DR","368896.97110","5027671.66815","-75.68147","45.38605","2017","11/7/2017","5:22:00 PM","01 - Clear","01 - Dry","01 - Traffic signal","02 - Intersection related","07 - Dark","03 - P.D. only","03 - Rear end"
"4319","DATA CENTRE RD @ RIVERSIDE DR","368897.19816","5027671.90710","-75.68147","45.38605","2017","2/18/2017","8:43:00 AM","01 - Clear","01 - Dry","01 - Traffic signal","02 - Intersection related","01 - Daylight","02 - Non-fatal injury","03 - Rear end"
"4320","DATA CENTRE RD @ RIVERSIDE DR","368897.44900","5027671.36065","-75.68147","45.38605","2017","1/28/2017","2:13:00 PM","01 - Clear","02 - Wet","01 - Traffic signal","02 - Intersection related","01 - Daylight","03 - P.D. only","03 - Rear end"
"4321","DATA CENTRE RD @ RIVERSIDE DR","368898.45234","5027672.57600","-75.68145","45.38606","2017","3/14/2017","4:10:00 PM","03 - Snow","03 - Loose snow","01 - Traffic signal","02 - Intersection related","01 - Daylight","03 - P.D. only","03 - Rear end"
"4322","DAVENTRY CRES btwn DEWBERRY CRES & ROSECLIFFE CRT","364695.29729","5016764.59050","-75.73644","45.28828","2017","11/27/2017","1:29:00 PM","01 - Clear","05 - Packed snow","10 - No control","01 - Non intersection","01 - Daylight","03 - P.D. only","06 - SMV unattended vehicle"
"4323","DAVID DR @ ROWLEY AVE","364241.15384","5023572.28598","-75.74142","45.34958","2017","7/31/2017","10:18:00 AM","01 - Clear","01 - Dry","02 - Stop sign","03 - At intersection","01 - Daylight","03 - P.D. only","02 - Angle"
"4324","DAVID DR @ WOODROFFE AVE","362980.68960","5022908.17784","-75.75758","45.34371","2017","7/22/2017","2:28:00 AM","01 - Clear","01 - Dry","02 - Stop sign","02 - Intersection related","07 - Dark","02 - Non-fatal injury","07 - SMV other"
"4325","DAVID DR @ WOODROFFE AVE","362981.33063","5022906.21935","-75.75757","45.34369","2017","8/4/2017","4:39:00 PM","01 - Clear","01 - Dry","02 - Stop sign","02 - Intersection related","01 - Daylight","02 - Non-fatal injury","02 - Angle"
"4326","DAVID DR btwn ROWLEY AVE & JOAN ST","364550.54391","5023753.75191","-75.73745","45.35118","2017","1/4/2017","12:33:00 PM","01 - Clear","05 - Packed snow","10 - No control","04 - At/near private drive","01 - Daylight","03 - P.D. only","02 - Angle"
"4327","DAVID MANCHESTER RD btwn PENNYCROSS LANE & Continuation of DAVID MANCH","344513.71996","5014946.91090","-75.99386","45.27336","2017","7/20/2017","2:30:00 AM","01 - Clear","01 - Dry","10 - No control","01 - Non intersection","07 - Dark","03 - P.D. only","07 - SMV other"
"4328","DAVIDSON RD @ HAWTHORNE RD","376284.20275","5024509.22677","-75.58761","45.35688","2017","5/10/2017","7:46:00 AM","01 - Clear","01 - Dry","02 - Stop sign","02 - Intersection related","01 - Daylight","03 - P.D. only","07 - SMV other"
"4329","DAVIDSON RD @ HAWTHORNE RD","376283.23160","5024509.27715","-75.58762","45.35688","2017","9/19/2017","5:02:00 PM","01 - Clear","01 - Dry","02 - Stop sign","02 - Intersection related","01 - Daylight","03 - P.D. only","03 - Rear end"
"4330","DAVIDSON RD btwn BANK ST & CONROY RD","373728.34588","5022955.90380","-75.62044","45.34316","2017","3/8/2017","6:49:00 AM","01 - Clear","06 - Ice","10 - No control","01 - Non intersection","01 - Daylight","03 - P.D. only","07 - SMV other"
"4331","DAVIDSON RD btwn CONROY RD & HAWTHORNE RD","375419.95176","5024005.59533","-75.59871","45.35244","2017","12/12/2017","9:35:00 PM","03 - Snow","03 - Loose snow","10 - No control","01 - Non intersection","07 - Dark","02 - Non-fatal injury","03 - Rear end"
"4332","DAZE ST @ 200 W OF BANK ST/SOUTHKEYS SC","371194.19315","5024142.08381","-75.65261","45.35408","2017","12/2/2017","10:10:00 PM","01 - Clear","01 - Dry","01 - Traffic signal","03 - At intersection","07 - Dark","03 - P.D. only","05 - Turning movement"
"4333","DAZE ST @ 200 W OF BANK ST/SOUTHKEYS SC","371194.19315","5024142.75270","-75.65261","45.35409","2017","12/15/2017","11:45:00 PM","03 - Snow","03 - Loose snow","01 - Traffic signal","02 - Intersection related","07 - Dark","03 - P.D. only","03 - Rear end"
"4334","DAZE ST btwn HUNT CLUB RD & 200 W OF BANK ST","371269.68957","5023897.62664","-75.65168","45.35187","2017","5/26/2017","2:14:00 PM","02 - Rain","02 - Wet","10 - No control","01 - Non intersection","01 - Daylight","03 - P.D. only","07 - SMV other"
"4335","DEAKIN ST @ PRINCE OF WALES DR","367390.37665","5021524.15670","-75.70149","45.33087","2017","5/14/2017","12:37:00 PM","02 - Rain","02 - Wet","01 - Traffic signal","02 - Intersection related","01 - Daylight","03 - P.D. only","04 - Sideswipe"
"4336","DEAKIN ST @ PRINCE OF WALES DR","367391.04555","5021523.48780","-75.70148","45.33087","2017","5/25/2017","7:06:00 AM","02 - Rain","02 - Wet","01 - Traffic signal","02 - Intersection related","01 - Daylight","03 - P.D. only","03 - Rear end"
"4337","DEAKIN ST @ PRINCE OF WALES DR","367389.70776","5021524.15670","-75.70150","45.33087","2017","5/26/2017","8:35:00 AM","01 - Clear","01 - Dry","01 - Traffic signal","02 - Intersection related","01 - Daylight","03 - P.D. only","04 - Sideswipe"
"4338","DEAKIN ST @ PRINCE OF WALES DR","367390.20160","5021524.50680","-75.70149","45.33088","2017","5/5/2017","1:49:00 PM","02 - Rain","02 - Wet","01 - Traffic signal","02 - Intersection related","01 - Daylight","03 - P.D. only","03 - Rear end"
"4339","DEAKIN ST @ PRINCE OF WALES DR","367390.26417","5021522.81741","-75.70149","45.33086","2017","9/5/2017","4:15:00 PM","01 - Clear","01 - Dry","01 - Traffic signal","02 - Intersection related","01 - Daylight","03 - P.D. only","04 - Sideswipe"
"4340","DEAKIN ST @ PRINCE OF WALES DR","367390.37665","5021522.15001","-75.70149","45.33086","2017","11/13/2017","5:10:00 PM","01 - Clear","01 - Dry","01 - Traffic signal","02 - Intersection related","05 - Dusk","03 - P.D. only","03 - Rear end"
"4341","DEAKIN ST @ PRINCE OF WALES DR","367389.27741","5021523.72675","-75.70150","45.33087","2017","11/3/2017","4:59:00 PM","01 - Clear","01 - Dry","01 - Traffic signal","02 - Intersection related","05 - Dusk","02 - Non-fatal injury","04 - Sideswipe"
"4342","DEAKIN ST @ PRINCE OF WALES DR","367391.79658","5021522.13095","-75.70147","45.33086","2017","1/27/2017","9:13:00 AM","01 - Clear","01 - Dry","01 - Traffic signal","03 - At intersection","01 - Daylight","03 - P.D. only","02 - Angle"
"4343","DEAKIN ST @ PRINCE OF WALES DR","367390.71110","5021523.75917","-75.70148","45.33087","2017","1/20/2017","1:07:00 PM","01 - Clear","02 - Wet","01 - Traffic signal","03 - At intersection","01 - Daylight","03 - P.D. only","02 - Angle"