"Record","Location","X","Y","Longitude","Latitude","Year","Date","Time","Environment","Road_Surface","Traffic_Control","Collision_Location","Light","Collision_Classification","Impact_type"
"4344","DEAKIN ST @ PRINCE OF WALES DR","367391.04555","5021523.48780","-75.70148","45.33087","2017","3/28/2017","1:18:00 PM","01 - Clear","01 - Dry","01 - Traffic signal","03 - At intersection","01 - Daylight","03 - P.D. only","05 - Turning movement"
"4345","DEANCOURT CRES btwn BRIARFIELD CRES & BRIARFIELD CRES","383868.33853","5038234.12324","-75.48862","45.47955","2017","5/1/2017","5:30:00 PM","02 - Rain","02 - Wet","10 - No control","04 - At/near private drive","01 - Daylight","03 - P.D. only","06 - SMV unattended vehicle"
"4346","DEBRA AVE btwn BELLAMY ST & END","366942.59015","5025492.70043","-75.70670","45.36662","2017","12/10/2017","12:00:00 AM","01 - Clear","03 - Loose snow","10 - No control","04 - At/near private drive","00 - Unknown","03 - P.D. only","06 - SMV unattended vehicle"
"4347","DECARIE DR btwn CHATEAU CRES & JEANNE D'ARC BLVD N","380846.51156","5038581.56451","-75.52721","45.48302","2017","2/5/2017","11:43:00 AM","03 - Snow","03 - Loose snow","10 - No control","01 - Non intersection","01 - Daylight","03 - P.D. only","01 - Approaching"
"4348","DECARIE DR btwn GRENOBLE CRES & GRENOBLE CRES","381090.80913","5038833.03328","-75.52405","45.48525","2017","1/8/2017","12:00:00 AM","03 - Snow","03 - Loose snow","10 - No control","01 - Non intersection","00 - Unknown","03 - P.D. only","06 - SMV unattended vehicle"
"4349","DECOEUR, PROMENADE/SOUTHFIELD WAY @ TENTH LINE RD","384551.51700","5034726.57590","-75.48045","45.44792","2017","9/12/2017","6:48:00 PM","01 - Clear","01 - Dry","02 - Stop sign","02 - Intersection related","01 - Daylight","02 - Non-fatal injury","03 - Rear end"
"4350","DECOEUR, PROMENADE/SOUTHFIELD WAY @ TENTH LINE RD","384551.51700","5034726.57590","-75.48045","45.44792","2017","2/9/2017","6:45:00 PM","01 - Clear","01 - Dry","02 - Stop sign","03 - At intersection","07 - Dark","03 - P.D. only","05 - Turning movement"
"4351","DECOEUR, PROMENADE/SOUTHFIELD WAY @ TENTH LINE RD","384551.51700","5034726.57590","-75.48045","45.44792","2017","2/4/2017","5:56:00 PM","01 - Clear","01 - Dry","02 - Stop sign","03 - At intersection","05 - Dusk","03 - P.D. only","02 - Angle"
"4352","DECOEUR, PROMENADE/SOUTHFIELD WAY @ TENTH LINE RD","384551.51700","5034726.57590","-75.48045","45.44792","2017","12/19/2017","12:47:00 PM","01 - Clear","03 - Loose snow","02 - Stop sign","03 - At intersection","01 - Daylight","02 - Non-fatal injury","07 - SMV other"
"4353","DEERFIELD DR btwn NAVAHO DR & DEERFIELD DR","363421.08286","5024098.36330","-75.75182","45.35438","2017","9/13/2017","12:00:00 AM","01 - Clear","01 - Dry","10 - No control","04 - At/near private drive","00 - Unknown","03 - P.D. only","06 - SMV unattended vehicle"
"4354","DEERFIELD DR btwn NAVAHO DR & DEERFIELD DR","363373.20321","5023946.06265","-75.75245","45.35301","2017","10/14/2017","5:30:00 AM","02 - Rain","02 - Wet","10 - No control","01 - Non intersection","07 - Dark","03 - P.D. only","07 - SMV other"
"4355","DEERFIELD DR btwn NAVAHO DR & DEERFIELD DR","363233.52634","5023985.25794","-75.75423","45.35338","2017","4/9/2017","12:00:00 AM","01 - Clear","01 - Dry","10 - No control","01 - Non intersection","00 - Unknown","03 - P.D. only","06 - SMV unattended vehicle"
"4356","DEERFOX DR @ GLEESON WAY","365615.58211","5015785.48380","-75.72483","45.27939","2017","8/1/2017","6:11:00 PM","01 - Clear","01 - Dry","","03 - At intersection","01 - Daylight","03 - P.D. only","04 - Sideswipe"
"4357","DEERFOX DR btwn APPLEDALE DR & BEATRICE DR","365354.62168","5015636.04735","-75.72818","45.27807","2017","5/8/2017","4:20:00 PM","01 - Clear","01 - Dry","10 - No control","04 - At/near private drive","01 - Daylight","03 - P.D. only","99 - Other"
"4358","DELAMERE DR @ WEST RIDGE DR","348643.17725","5013722.73470","-75.94134","45.26210","2017","3/8/2017","7:43:00 AM","01 - Clear","06 - Ice","02 - Stop sign","02 - Intersection related","01 - Daylight","03 - P.D. only","03 - Rear end"
"4359","DELTA ST @ STINSON AVE","358164.66110","5020640.25702","-75.81927","45.32368","2017","12/24/2017","10:27:00 PM","01 - Clear","03 - Loose snow","03 - Yield sign","03 - At intersection","07 - Dark","03 - P.D. only","02 - Angle"
"4360","DEMETER ST btwn GOSNELL TER & LUDLOWE ST","385814.65541","5037658.94982","-75.46382","45.47416","2017","4/22/2017","8:30:00 AM","01 - Clear","01 - Dry","10 - No control","01 - Non intersection","01 - Daylight","03 - P.D. only","06 - SMV unattended vehicle"
"4361","DENALI WAY btwn END & TONY GEORGE PL","349328.66100","5015791.38300","-75.93242","45.28067","2017","1/13/2017","11:45:00 AM","01 - Clear","02 - Wet","10 - No control","01 - Non intersection","01 - Daylight","03 - P.D. only","06 - SMV unattended vehicle"
"4362","DENBURY AVE btwn DOVERCOURT AVE & TILLBURY AVE","362834.70203","5027046.83976","-75.75896","45.38096","2017","6/5/2017","1:43:00 PM","01 - Clear","01 - Dry","10 - No control","04 - At/near private drive","01 - Daylight","03 - P.D. only","02 - Angle"
"4363","DENBURY AVE btwn KENWOOD AVE & CROSSFIELD AVE","362650.48464","5027500.31401","-75.76125","45.38505","2017","3/31/2017","9:45:00 AM","01 - Clear","01 - Dry","10 - No control","01 - Non intersection","01 - Daylight","03 - P.D. only","06 - SMV unattended vehicle"
"4364","DENTON WAY btwn GOSNELL TER & GOSNELL TER","385756.36197","5037795.50870","-75.46454","45.47539","2017","6/2/2017","5:59:00 PM","01 - Clear","01 - Dry","10 - No control","04 - At/near private drive","01 - Daylight","03 - P.D. only","06 - SMV unattended vehicle"
"4365","DENZIL DOYLE CRT @ TERENCE MATTHEWS CRES","354111.67815","5016590.20481","-75.87137","45.28754","2017","11/9/2017","12:15:00 PM","01 - Clear","01 - Dry","10 - No control","02 - Intersection related","01 - Daylight","03 - P.D. only","02 - Angle"
"4366","D'ERABLE PL btwn DU BOIS AVE & END","381259.35021","5038212.28733","-75.52199","45.47965","2017","2/1/2017","9:00:00 PM","01 - Clear","01 - Dry","10 - No control","01 - Non intersection","07 - Dark","03 - P.D. only","06 - SMV unattended vehicle"
"4367","DES EPINETTES AVE @ JEANNE D'ARC BLVD","382227.11404","5035959.40952","-75.50997","45.45927","2017","5/10/2017","4:54:00 PM","01 - Clear","01 - Dry","01 - Traffic signal","02 - Intersection related","01 - Daylight","03 - P.D. only","03 - Rear end"
"4368","DES EPINETTES AVE @ JEANNE D'ARC BLVD","382226.41365","5035959.24030","-75.50997","45.45927","2017","6/29/2017","3:45:00 PM","02 - Rain","02 - Wet","01 - Traffic signal","02 - Intersection related","01 - Daylight","03 - P.D. only","03 - Rear end"
"4369","DES EPINETTES AVE @ JEANNE D'ARC BLVD","382225.46605","5035958.57140","-75.50999","45.45926","2017","8/12/2017","4:00:00 PM","02 - Rain","02 - Wet","01 - Traffic signal","03 - At intersection","01 - Daylight","03 - P.D. only","03 - Rear end"
"4370","DES EPINETTES AVE @ JEANNE D'ARC BLVD","382227.22147","5035958.33471","-75.50996","45.45926","2017","10/23/2017","8:35:00 AM","01 - Clear","01 - Dry","01 - Traffic signal","03 - At intersection","01 - Daylight","03 - P.D. only","03 - Rear end"
"4371","DES EPINETTES AVE @ JEANNE D'ARC BLVD","382223.86375","5035959.40952","-75.51001","45.45927","2017","11/14/2017","12:00:00 PM","01 - Clear","01 - Dry","01 - Traffic signal","03 - At intersection","01 - Daylight","03 - P.D. only","02 - Angle"
"4372","DES EPINETTES AVE @ JEANNE D'ARC BLVD","382227.29455","5035958.57140","-75.50996","45.45926","2017","2/6/2017","11:11:00 AM","01 - Clear","01 - Dry","01 - Traffic signal","02 - Intersection related","01 - Daylight","03 - P.D. only","03 - Rear end"
"4373","DES EPINETTES AVE @ JEANNE D'ARC BLVD","382227.75144","5035957.90250","-75.50996","45.45926","2017","3/6/2017","4:45:00 PM","04 - Freezing Rain","02 - Wet","01 - Traffic signal","02 - Intersection related","01 - Daylight","03 - P.D. only","04 - Sideswipe"
"4374","DES EPINETTES AVE @ JEANNE D'ARC BLVD","382226.50022","5035958.87789","-75.50997","45.45927","2017","3/1/2017","8:37:00 PM","02 - Rain","02 - Wet","01 - Traffic signal","03 - At intersection","07 - Dark","02 - Non-fatal injury","05 - Turning movement"
"4375","DES EPINETTES AVE @ PRESTWICK DR","383333.08906","5036664.56960","-75.49571","45.46549","2017","6/22/2017","2:15:00 PM","01 - Clear","01 - Dry","02 - Stop sign","03 - At intersection","01 - Daylight","03 - P.D. only","02 - Angle"
"4376","DES EPINETTES AVE @ PRESTWICK DR","383334.28554","5036664.86292","-75.49570","45.46550","2017","1/21/2017","6:48:00 PM","02 - Rain","02 - Wet","02 - Stop sign","03 - At intersection","07 - Dark","03 - P.D. only","02 - Angle"
"4377","DES GRANDS CHAMPS btwn BRETTON PL & CAVALIER WAY (2)","380583.51484","5033295.28306","-75.53139","45.43548","2017","1/27/2017","12:00:00 AM","01 - Clear","04 - Slush","10 - No control","01 - Non intersection","00 - Unknown","03 - P.D. only","06 - SMV unattended vehicle"
"4378","DES GRIVES CRES btwn DES SERINS LANE & SUNVIEW DR (2)","381668.28233","5036756.50099","-75.51699","45.46651","2017","8/15/2017","7:30:00 AM","01 - Clear","01 - Dry","10 - No control","04 - At/near private drive","01 - Daylight","03 - P.D. only","06 - SMV unattended vehicle"
"4379","DES PERES BLANCS AVE @ DES PERES BLANCS AVE","370453.81981","5034079.85952","-75.66074","45.44357","2017","9/21/2017","12:00:00 PM","01 - Clear","01 - Dry","10 - No control","02 - Intersection related","01 - Daylight","03 - P.D. only","06 - SMV unattended vehicle"
"4380","DES PERES BLANCS AVE btwn JOLLIET AVE & LAVERGNE ST","370285.68971","5033904.00572","-75.66291","45.44200","2017","10/2/2017","10:33:00 AM","01 - Clear","01 - Dry","10 - No control","01 - Non intersection","01 - Daylight","03 - P.D. only","06 - SMV unattended vehicle"
"4381","DES PERES BLANCS AVE btwn JOLLIET AVE & LAVERGNE ST","370268.96318","5033886.17574","-75.66313","45.44184","2017","3/8/2017","3:22:00 PM","01 - Clear","01 - Dry","10 - No control","04 - At/near private drive","01 - Daylight","03 - P.D. only","99 - Other"
"4382","DES RAVINS PL btwn FOREST VALLEY DR & FOREST VALLEY DR","380092.40277","5035146.86559","-75.53738","45.45220","2017","12/21/2017","12:40:00 PM","01 - Clear","01 - Dry","10 - No control","04 - At/near private drive","01 - Daylight","03 - P.D. only","06 - SMV unattended vehicle"
"4383","DES SOLDATS-RIENDEAU ST btwn ANDRE AUDET AVE & RIVER MIST RD","364883.16400","5011750.42900","-75.73466","45.24315","2017","3/4/2017","5:45:00 AM","01 - Clear","01 - Dry","10 - No control","01 - Non intersection","07 - Dark","03 - P.D. only","06 - SMV unattended vehicle"
"4384","DESCHAMPS AVE @ DUROCHER ST","370018.08608","5033304.32383","-75.66641","45.43663","2017","1/11/2017","12:30:00 PM","01 - Clear","04 - Slush","02 - Stop sign","02 - Intersection related","01 - Daylight","03 - P.D. only","02 - Angle"
"4385","DESCHAMPS AVE @ HANNAH ST","370163.58304","5033319.58986","-75.66455","45.43675","2017","11/3/2017","11:37:00 PM","01 - Clear","01 - Dry","02 - Stop sign","03 - At intersection","07 - Dark","03 - P.D. only","03 - Rear end"
"4386","DESCHAMPS AVE @ HANNAH ST","370162.61240","5033317.94726","-75.66456","45.43674","2017","1/13/2017","6:15:00 PM","01 - Clear","01 - Dry","02 - Stop sign","03 - At intersection","07 - Dark","03 - P.D. only","02 - Angle"
"4387","DESCHAMPS AVE @ VANIER PKWY","369852.04705","5033268.92939","-75.66854","45.43633","2017","6/5/2017","3:40:00 PM","01 - Clear","01 - Dry","01 - Traffic signal","02 - Intersection related","01 - Daylight","03 - P.D. only","03 - Rear end"
"4388","DESCHAMPS AVE @ VANIER PKWY","369851.71260","5033267.36814","-75.66854","45.43631","2017","9/12/2017","5:10:00 PM","01 - Clear","01 - Dry","01 - Traffic signal","03 - At intersection","01 - Daylight","02 - Non-fatal injury","05 - Turning movement"
"4389","DESCHAMPS AVE @ VANIER PKWY","369851.74445","5033267.60061","-75.66854","45.43631","2017","2/10/2017","8:43:00 AM","01 - Clear","01 - Dry","01 - Traffic signal","03 - At intersection","01 - Daylight","03 - P.D. only","02 - Angle"
"4390","DESCHAMPS AVE btwn HANNAH ST & OLMSTEAD ST","370207.05303","5033326.02696","-75.66399","45.43681","2017","7/19/2017","4:59:00 PM","01 - Clear","01 - Dry","10 - No control","04 - At/near private drive","01 - Daylight","02 - Non-fatal injury","06 - SMV unattended vehicle"
"4391","DEVINE RD @ FRANK KENNY RD","393676.17475","5023504.27847","-75.36584","45.34585","2017","12/30/2017","7:36:00 PM","01 - Clear","06 - Ice","02 - Stop sign","02 - Intersection related","07 - Dark","03 - P.D. only","07 - SMV other"
"4392","DEVINE RD @ FRONTIER RD","389638.17245","5021966.13940","-75.41763","45.33251","2017","12/12/2017","7:26:00 AM","03 - Snow","03 - Loose snow","02 - Stop sign","02 - Intersection related","03 - Dawn","03 - P.D. only","07 - SMV other"
"4393","DEVINE RD @ ROCKDALE RD","394886.87326","5024095.78730","-75.35029","45.35102","2017","7/2/2017","5:33:00 PM","02 - Rain","02 - Wet","02 - Stop sign","03 - At intersection","01 - Daylight","03 - P.D. only","02 - Angle"
"4394","DEVINE RD @ ROCKDALE RD","394888.96950","5024095.90975","-75.35026","45.35102","2017","1/24/2017","8:19:00 AM","04 - Freezing Rain","06 - Ice","02 - Stop sign","03 - At intersection","01 - Daylight","03 - P.D. only","02 - Angle"
"4395","DEVONWOOD CIRC btwn TUNDRA SWAN BAY & HATCHLEY RD","375419.63087","5020510.98191","-75.59921","45.32100","2017","6/2/2017","3:09:00 AM","01 - Clear","02 - Wet","10 - No control","01 - Non intersection","07 - Dark","03 - P.D. only","07 - SMV other"
"4396","DIAMONDVIEW RD @ THOMAS A. DOLAN PKWY","335556.51350","5025182.00465","-76.10737","45.36591","2017","9/27/2017","11:16:00 AM","01 - Clear","01 - Dry","02 - Stop sign","03 - At intersection","01 - Daylight","02 - Non-fatal injury","02 - Angle"
"4397","DIAMONDVIEW RD @ THOMAS A. DOLAN PKWY","335556.17905","5025183.22000","-76.10738","45.36592","2017","4/22/2017","3:39:00 PM","01 - Clear","01 - Dry","02 - Stop sign","03 - At intersection","01 - Daylight","03 - P.D. only","02 - Angle"
"4398","DIAMONDVIEW RD btwn BAIRD SIDE RD & THOMAS A. DOLAN PKWY","333615.19284","5027191.33952","-76.13204","45.38407","2017","11/14/2017","3:53:00 PM","01 - Clear","01 - Dry","10 - No control","01 - Non intersection","01 - Daylight","02 - Non-fatal injury","07 - SMV other"
"4399","DIEPPE ST btwn MCARTHUR AVE & END","371338.89703","5032666.90733","-75.64962","45.43077","2017","1/18/2017","12:00:00 AM","03 - Snow","05 - Packed snow","10 - No control","04 - At/near private drive","00 - Unknown","03 - P.D. only","06 - SMV unattended vehicle"
"4400","DILWORTH RD btwn FOURTH LINE RD & HWY416 IC42 RAMP34","371045.02775","4994896.14585","-75.65841","45.09094","2017","3/3/2017","7:08:00 PM","01 - Clear","01 - Dry","10 - No control","01 - Non intersection","07 - Dark","03 - P.D. only","07 - SMV other"
"4401","DOMALATCHY PL @ WOODROFFE AVE","362404.24135","5024139.51040","-75.76479","45.35483","2017","10/5/2017","6:46:00 PM","01 - Clear","01 - Dry","02 - Stop sign","02 - Intersection related","05 - Dusk","03 - P.D. only","03 - Rear end"
"4402","DOMALATCHY PL @ WOODROFFE AVE","362404.65069","5024138.79355","-75.76479","45.35483","2017","12/14/2017","12:48:00 PM","01 - Clear","04 - Slush","02 - Stop sign","03 - At intersection","01 - Daylight","03 - P.D. only","03 - Rear end"
"4403","DOMALATCHY PL @ WOODROFFE AVE","362403.69490","5024140.63610","-75.76480","45.35484","2017","3/23/2017","1:30:00 PM","01 - Clear","01 - Dry","02 - Stop sign","02 - Intersection related","01 - Daylight","03 - P.D. only","03 - Rear end"
"4404","DONALD B. MUNRO DR btwn CARRYS SIDE RD & GRANTS SIDE RD","330958.54049","5026098.14638","-76.16602","45.37434","2017","2/4/2017","10:21:00 PM","01 - Clear","03 - Loose snow","10 - No control","01 - Non intersection","07 - Dark","03 - P.D. only","07 - SMV other"
"4405","DONALD B. MUNRO DR btwn CRAIG'S SIDE RD & FARMLAND RD","339069.42609","5022997.94637","-76.06268","45.34609","2017","5/29/2017","5:24:00 AM","01 - Clear","01 - Dry","10 - No control","01 - Non intersection","03 - Dawn","03 - P.D. only","07 - SMV other"
"4406","DONALD B. MUNRO DR btwn FALLDOWN LANE & CARP RD","340975.67154","5022902.41782","-76.03836","45.34514","2017","12/13/2017","10:14:00 AM","03 - Snow","03 - Loose snow","10 - No control","04 - At/near private drive","01 - Daylight","03 - P.D. only","07 - SMV other"
"4407","DONALD B. MUNRO DR btwn JOHN SHAW RD & WILLIAM HODGINS LANE","334969.65776","5023670.84319","-76.11496","45.35233","2017","9/27/2017","1:21:00 PM","01 - Clear","01 - Dry","10 - No control","01 - Non intersection","01 - Daylight","03 - P.D. only","07 - SMV other"
"4408","DONALD B. MUNRO DR btwn VAUGHAN SIDE RD & DIAMONDVIEW RD","337698.67335","5021782.26638","-76.08026","45.33522","2017","7/25/2017","12:48:00 PM","01 - Clear","01 - Dry","10 - No control","01 - Non intersection","01 - Daylight","02 - Non-fatal injury","07 - SMV other"
"4409","DONALD B. MUNRO DR btwn VAUGHAN SIDE RD & DIAMONDVIEW RD","337679.13034","5021758.68088","-76.08051","45.33501","2017","11/26/2017","7:50:00 PM","03 - Snow","03 - Loose snow","10 - No control","01 - Non intersection","07 - Dark","03 - P.D. only","07 - SMV other"
"4410","DONALD B. MUNRO DR/OLD CARP RD W @ MARCH RD","343096.24825","5022593.26910","-76.01133","45.34224","2017","5/30/2017","5:19:00 PM","02 - Rain","02 - Wet","02 - Stop sign","03 - At intersection","01 - Daylight","03 - P.D. only","02 - Angle"
"4411","DONALD B. MUNRO DR/OLD CARP RD W @ MARCH RD","343092.12702","5022592.90293","-76.01138","45.34224","2017","1/15/2017","5:05:00 PM","01 - Clear","01 - Dry","02 - Stop sign","03 - At intersection","05 - Dusk","03 - P.D. only","02 - Angle"
"4412","DONALD ST @ ELAINE DR","372332.07496","5032481.13205","-75.63695","45.42900","2017","10/12/2017","11:54:00 AM","01 - Clear","01 - Dry","01 - Traffic signal","02 - Intersection related","01 - Daylight","03 - P.D. only","03 - Rear end"
"4413","DONALD ST @ EVE ST","370914.22006","5032338.20667","-75.65509","45.42785","2017","2/12/2017","6:15:00 PM","03 - Snow","03 - Loose snow","02 - Stop sign","03 - At intersection","07 - Dark","02 - Non-fatal injury","05 - Turning movement"
"4414","DONALD ST @ NORTH RIVER RD","369968.05135","5032233.25060","-75.66719","45.42700","2017","4/21/2017","3:51:00 PM","02 - Rain","02 - Wet","02 - Stop sign","03 - At intersection","01 - Daylight","03 - P.D. only","02 - Angle"
"4415","DONALD ST @ PAUL EMILE LAMARCHE","371362.35524","5032388.03355","-75.64936","45.42826","2017","10/7/2017","4:28:00 PM","01 - Clear","01 - Dry","02 - Stop sign","03 - At intersection","01 - Daylight","02 - Non-fatal injury","03 - Rear end"
"4416","DONALD ST @ QUILL ST","370700.94037","5032316.04864","-75.65782","45.42767","2017","2/15/2017","6:24:00 PM","02 - Rain","03 - Loose snow","01 - Traffic signal","02 - Intersection related","07 - Dark","03 - P.D. only","03 - Rear end"
"4417","DONALD ST @ ST. LAURENT BLVD","372094.04735","5032471.91600","-75.64000","45.42894","2017","6/14/2017","1:05:00 PM","01 - Clear","01 - Dry","01 - Traffic signal","02 - Intersection related","01 - Daylight","03 - P.D. only","03 - Rear end"
"4418","DONALD ST @ ST. LAURENT BLVD","372092.70956","5032473.25380","-75.64001","45.42896","2017","5/15/2017","4:00:00 PM","01 - Clear","01 - Dry","01 - Traffic signal","03 - At intersection","01 - Daylight","03 - P.D. only","02 - Angle"
"4419","DONALD ST @ ST. LAURENT BLVD","372094.71624","5032470.57821","-75.63999","45.42893","2017","5/26/2017","3:12:00 PM","02 - Rain","02 - Wet","01 - Traffic signal","03 - At intersection","01 - Daylight","03 - P.D. only","03 - Rear end"
"4420","DONALD ST @ ST. LAURENT BLVD","372094.71624","5032471.24711","-75.63999","45.42894","2017","6/12/2017","10:32:00 PM","01 - Clear","01 - Dry","01 - Traffic signal","03 - At intersection","07 - Dark","02 - Non-fatal injury","02 - Angle"
"4421","DONALD ST @ ST. LAURENT BLVD","372094.18627","5032471.40147","-75.63999","45.42894","2017","8/23/2017","1:39:00 PM","01 - Clear","01 - Dry","01 - Traffic signal","03 - At intersection","01 - Daylight","03 - P.D. only","05 - Turning movement"
"4422","DONALD ST @ ST. LAURENT BLVD","372093.07187","5032471.94387","-75.64001","45.42894","2017","8/13/2017","12:26:00 PM","01 - Clear","01 - Dry","01 - Traffic signal","03 - At intersection","01 - Daylight","03 - P.D. only","05 - Turning movement"
"4423","DONALD ST @ ST. LAURENT BLVD","372093.71290","5032472.90388","-75.64000","45.42895","2017","7/21/2017","6:13:00 PM","01 - Clear","01 - Dry","01 - Traffic signal","03 - At intersection","01 - Daylight","02 - Non-fatal injury","05 - Turning movement"
"4424","DONALD ST @ ST. LAURENT BLVD","372093.71290","5032473.29496","-75.64000","45.42896","2017","10/5/2017","1:12:00 PM","01 - Clear","01 - Dry","01 - Traffic signal","02 - Intersection related","01 - Daylight","03 - P.D. only","04 - Sideswipe"
"4425","DONALD ST @ ST. LAURENT BLVD","372093.26597","5032472.80836","-75.64000","45.42895","2017","9/11/2017","6:23:00 PM","01 - Clear","01 - Dry","01 - Traffic signal","02 - Intersection related","01 - Daylight","03 - P.D. only","03 - Rear end"
"4426","DONALD ST @ ST. LAURENT BLVD","372093.23953","5032473.76833","-75.64001","45.42896","2017","9/24/2017","11:48:00 AM","01 - Clear","01 - Dry","01 - Traffic signal","02 - Intersection related","01 - Daylight","03 - P.D. only","03 - Rear end"
"4427","DONALD ST @ ST. LAURENT BLVD","372093.71290","5032471.46758","-75.64000","45.42894","2017","9/14/2017","11:53:00 AM","01 - Clear","01 - Dry","01 - Traffic signal","02 - Intersection related","01 - Daylight","03 - P.D. only","03 - Rear end"
"4428","DONALD ST @ ST. LAURENT BLVD","372094.25935","5032472.03845","-75.63999","45.42894","2017","10/6/2017","9:25:00 AM","01 - Clear","01 - Dry","01 - Traffic signal","03 - At intersection","01 - Daylight","03 - P.D. only","05 - Turning movement"
"4429","DONALD ST @ ST. LAURENT BLVD","372093.23953","5032472.34821","-75.64001","45.42895","2017","9/14/2017","4:22:00 PM","01 - Clear","01 - Dry","01 - Traffic signal","02 - Intersection related","01 - Daylight","03 - P.D. only","03 - Rear end"
"4430","DONALD ST @ ST. LAURENT BLVD","372094.71624","5032471.91600","-75.63999","45.42894","2017","10/3/2017","2:10:00 PM","01 - Clear","01 - Dry","01 - Traffic signal","03 - At intersection","01 - Daylight","02 - Non-fatal injury","05 - Turning movement"
"4431","DONALD ST @ ST. LAURENT BLVD","372093.23953","5032471.87484","-75.64001","45.42894","2017","10/20/2017","10:31:00 AM","01 - Clear","01 - Dry","01 - Traffic signal","03 - At intersection","01 - Daylight","02 - Non-fatal injury","05 - Turning movement"
"4432","DONALD ST @ ST. LAURENT BLVD","372094.66869","5032473.77964","-75.63999","45.42896","2017","11/1/2017","1:49:00 PM","01 - Clear","01 - Dry","01 - Traffic signal","02 - Intersection related","01 - Daylight","03 - P.D. only","03 - Rear end"
"4433","DONALD ST @ ST. LAURENT BLVD","372094.65965","5032472.34821","-75.63999","45.42895","2017","12/13/2017","6:35:00 PM","03 - Snow","05 - Packed snow","01 - Traffic signal","03 - At intersection","07 - Dark","02 - Non-fatal injury","03 - Rear end"
"4434","DONALD ST @ ST. LAURENT BLVD","372092.70956","5032473.92269","-75.64001","45.42896","2017","12/1/2017","1:37:00 AM","01 - Clear","02 - Wet","01 - Traffic signal","02 - Intersection related","07 - Dark","02 - Non-fatal injury","07 - SMV other"
"4435","DONALD ST @ ST. LAURENT BLVD","372094.04735","5032472.58490","-75.64000","45.42895","2017","11/26/2017","8:44:00 AM","01 - Clear","01 - Dry","01 - Traffic signal","03 - At intersection","01 - Daylight","03 - P.D. only","02 - Angle"
"4436","DONALD ST @ ST. LAURENT BLVD","372093.37845","5032473.25380","-75.64000","45.42896","2017","11/30/2017","1:11:00 AM","01 - Clear","01 - Dry","01 - Traffic signal","03 - At intersection","07 - Dark","03 - P.D. only","04 - Sideswipe"
"4437","DONALD ST @ ST. LAURENT BLVD","372093.71290","5032472.35942","-75.64000","45.42895","2017","12/8/2017","2:54:00 PM","01 - Clear","01 - Dry","01 - Traffic signal","03 - At intersection","01 - Daylight","03 - P.D. only","05 - Turning movement"
"4438","DONALD ST @ ST. LAURENT BLVD","372093.26194","5032473.26134","-75.64000","45.42896","2017","12/7/2017","2:30:00 PM","01 - Clear","01 - Dry","01 - Traffic signal","03 - At intersection","01 - Daylight","03 - P.D. only","05 - Turning movement"
"4439","DONALD ST @ ST. LAURENT BLVD","372094.04735","5032472.58490","-75.64000","45.42895","2017","11/27/2017","12:00:00 PM","01 - Clear","01 - Dry","01 - Traffic signal","02 - Intersection related","01 - Daylight","03 - P.D. only","03 - Rear end"
"4440","DONALD ST @ ST. LAURENT BLVD","372092.62742","5032473.39901","-75.64001","45.42896","2017","1/10/2017","5:00:00 PM","03 - Snow","04 - Slush","01 - Traffic signal","03 - At intersection","05 - Dusk","03 - P.D. only","05 - Turning movement"
"4441","DONALD ST @ ST. LAURENT BLVD","372092.96243","5032472.96013","-75.64001","45.42895","2017","2/13/2017","1:15:00 AM","03 - Snow","04 - Slush","01 - Traffic signal","02 - Intersection related","07 - Dark","03 - P.D. only","04 - Sideswipe"
"4442","DONALD ST @ ST. LAURENT BLVD","372093.71290","5032473.71060","-75.64000","45.42896","2017","1/16/2017","11:25:00 AM","01 - Clear","01 - Dry","01 - Traffic signal","03 - At intersection","01 - Daylight","02 - Non-fatal injury","07 - SMV other"
"4443","DONALD ST @ ST. LAURENT BLVD","372092.70956","5032473.25380","-75.64001","45.42896","2017","3/24/2017","10:37:00 AM","03 - Snow","03 - Loose snow","01 - Traffic signal","02 - Intersection related","01 - Daylight","03 - P.D. only","03 - Rear end"
"4444","DONALD ST @ ST. LAURENT BLVD","372094.71624","5032473.92269","-75.63999","45.42896","2017","2/28/2017","7:55:00 AM","01 - Clear","01 - Dry","01 - Traffic signal","02 - Intersection related","01 - Daylight","03 - P.D. only","03 - Rear end"
"4445","DONALD ST @ ST. LAURENT BLVD","372093.37845","5032471.91600","-75.64000","45.42894","2017","3/10/2017","3:51:00 PM","01 - Clear","01 - Dry","01 - Traffic signal","03 - At intersection","01 - Daylight","02 - Non-fatal injury","05 - Turning movement"
"4446","DONALD ST @ ST. LAURENT BLVD","372093.23953","5032473.76833","-75.64001","45.42896","2017","3/4/2017","4:23:00 PM","01 - Clear","01 - Dry","01 - Traffic signal","02 - Intersection related","01 - Daylight","03 - P.D. only","04 - Sideswipe"
"4447","DONALD ST @ ST. LAURENT BLVD","372094.18627","5032471.87484","-75.63999","45.42894","2017","12/22/2017","6:51:00 PM","01 - Clear","04 - Slush","01 - Traffic signal","03 - At intersection","07 - Dark","02 - Non-fatal injury","05 - Turning movement"
"4448","DONALD ST @ ST. LAURENT BLVD","372093.71290","5032471.90846","-75.64000","45.42894","2017","12/29/2017","9:19:00 PM","01 - Clear","01 - Dry","01 - Traffic signal","03 - At intersection","07 - Dark","03 - P.D. only","07 - SMV other"