"Record","Location","X","Y","Longitude","Latitude","Year","Date","Time","Environment","Road_Surface","Traffic_Control","Collision_Location","Light","Collision_Classification","Impact_type"
"4449","DONALD ST @ TELFORD AVE","371697.60695","5032428.24089","-75.64507","45.42859","2017","8/17/2017","5:20:00 PM","01 - Clear","01 - Dry","01 - Traffic signal","02 - Intersection related","01 - Daylight","03 - P.D. only","03 - Rear end"
"4450","DONALD ST @ VANIER PKWY","370312.66889","5032270.82435","-75.66279","45.42730","2017","8/27/2017","10:57:00 PM","01 - Clear","01 - Dry","01 - Traffic signal","02 - Intersection related","07 - Dark","03 - P.D. only","03 - Rear end"
"4451","DONALD ST @ VANIER PKWY","370311.71310","5032269.62846","-75.66280","45.42729","2017","8/1/2017","10:03:00 PM","01 - Clear","01 - Dry","01 - Traffic signal","03 - At intersection","07 - Dark","03 - P.D. only","05 - Turning movement"
"4452","DONALD ST @ VANIER PKWY","370311.94979","5032271.29546","-75.66279","45.42731","2017","10/28/2017","7:48:00 PM","01 - Clear","02 - Wet","01 - Traffic signal","03 - At intersection","07 - Dark","02 - Non-fatal injury","05 - Turning movement"
"4453","DONALD ST @ VANIER PKWY","370312.18647","5032269.87534","-75.66279","45.42729","2017","9/16/2017","8:26:00 PM","01 - Clear","01 - Dry","01 - Traffic signal","03 - At intersection","07 - Dark","03 - P.D. only","05 - Turning movement"
"4454","DONALD ST @ VANIER PKWY","370311.37865","5032272.59209","-75.66280","45.42732","2017","12/5/2017","4:59:00 PM","01 - Clear","01 - Dry","01 - Traffic signal","03 - At intersection","05 - Dusk","03 - P.D. only","02 - Angle"
"4455","DONALD ST @ VANIER PKWY","370312.04755","5032271.92319","-75.66279","45.42731","2017","3/8/2017","6:54:00 PM","01 - Clear","01 - Dry","01 - Traffic signal","03 - At intersection","05 - Dusk","03 - P.D. only","05 - Turning movement"
"4456","DONALD ST @ VANIER PKWY","370311.37865","5032269.91650","-75.66280","45.42729","2017","3/17/2017","11:15:00 AM","01 - Clear","01 - Dry","01 - Traffic signal","03 - At intersection","01 - Daylight","02 - Non-fatal injury","02 - Angle"
"4457","DONALD ST @ VANIER PKWY","370312.04755","5032272.59209","-75.66279","45.42732","2017","4/1/2017","12:20:00 PM","01 - Clear","01 - Dry","01 - Traffic signal","02 - Intersection related","01 - Daylight","03 - P.D. only","04 - Sideswipe"
"4458","DONALD ST @ VANIER PKWY","370312.71644","5032272.59209","-75.66278","45.42732","2017","3/17/2017","6:36:00 AM","01 - Clear","01 - Dry","01 - Traffic signal","02 - Intersection related","01 - Daylight","03 - P.D. only","03 - Rear end"
"4459","DONALD ST @ VANIER PKWY","370311.37865","5032269.91650","-75.66280","45.42729","2017","2/21/2017","3:38:00 PM","01 - Clear","02 - Wet","01 - Traffic signal","02 - Intersection related","01 - Daylight","03 - P.D. only","03 - Rear end"
"4460","DONALD ST @ VANIER PKWY","370312.66889","5032271.78014","-75.66278","45.42731","2017","12/22/2017","6:39:00 PM","01 - Clear","01 - Dry","01 - Traffic signal","02 - Intersection related","07 - Dark","03 - P.D. only","03 - Rear end"
"4461","DONALD ST btwn 48 E  PAUL EMILE LAMARCHE & AVE. PAUL EMILE LAMARCHE AVE","371383.24826","5032388.28314","-75.64909","45.42826","2017","7/5/2017","5:29:00 PM","01 - Clear","01 - Dry","10 - No control","04 - At/near private drive","01 - Daylight","03 - P.D. only","03 - Rear end"
"4462","DONALD ST btwn BARNABY PRIV & TELFORD AVE","371687.79071","5032426.25259","-75.64519","45.42857","2017","12/23/2017","7:17:00 PM","03 - Snow","06 - Ice","10 - No control","01 - Non intersection","07 - Dark","03 - P.D. only","03 - Rear end"
"4463","DONALD ST btwn ELAINE DR & FINDON GT","372401.96194","5032455.83616","-75.63606","45.42877","2017","11/10/2017","5:55:00 PM","01 - Clear","01 - Dry","10 - No control","04 - At/near private drive","07 - Dark","03 - P.D. only","02 - Angle"
"4464","DONALD ST btwn FINDON GT & BELGATE WAY","372479.14999","5032427.63251","-75.63508","45.42851","2017","2/28/2017","4:34:00 PM","01 - Clear","01 - Dry","10 - No control","04 - At/near private drive","01 - Daylight","03 - P.D. only","02 - Angle"
"4465","DONALD ST btwn GL/OT BOUNDARY & 110 E OF ST. LAURENT BLVD","372147.20402","5032478.97543","-75.63931","45.42900","2017","12/22/2017","3:29:00 PM","01 - Clear","01 - Dry","10 - No control","04 - At/near private drive","01 - Daylight","03 - P.D. only","02 - Angle"
"4466","DONALD ST btwn LOLA ST & AVE. DU PERE CHARLEBOIS AVE","371120.04476","5032361.22334","-75.65246","45.42804","2017","2/14/2017","6:23:00 PM","03 - Snow","03 - Loose snow","10 - No control","01 - Non intersection","07 - Dark","02 - Non-fatal injury","04 - Sideswipe"
"4467","DONALD ST btwn LOLA ST & AVE. DU PERE CHARLEBOIS AVE","371105.72508","5032360.44111","-75.65264","45.42803","2017","3/24/2017","9:26:00 AM","03 - Snow","03 - Loose snow","10 - No control","04 - At/near private drive","01 - Daylight","03 - P.D. only","07 - SMV other"
"4468","DONALD ST btwn QUILL ST & BEAUDRY ST","370815.49372","5032326.39521","-75.65635","45.42776","2017","9/7/2017","10:47:00 AM","01 - Clear","01 - Dry","10 - No control","01 - Non intersection","01 - Daylight","03 - P.D. only","07 - SMV other"
"4469","DONALD ST btwn TELFORD AVE & OKEE ST","371847.09872","5032442.80009","-75.64315","45.42870","2017","9/2/2017","7:25:00 AM","01 - Clear","01 - Dry","10 - No control","04 - At/near private drive","03 - Dawn","03 - P.D. only","06 - SMV unattended vehicle"
"4470","DONALD ST btwn VERA ST & QUILL ST","370591.57075","5032300.36595","-75.65922","45.42754","2017","5/6/2017","2:43:00 AM","01 - Clear","01 - Dry","10 - No control","01 - Non intersection","07 - Dark","03 - P.D. only","06 - SMV unattended vehicle"
"4471","DONALD ST btwn VERA ST & QUILL ST","370595.85837","5032300.36595","-75.65916","45.42754","2017","5/6/2017","3:55:00 AM","02 - Rain","02 - Wet","10 - No control","01 - Non intersection","07 - Dark","02 - Non-fatal injury","06 - SMV unattended vehicle"
"4472","DONNELLY DR @ MERLYN WILSON RD","369256.67764","4990839.42879","-75.68165","45.05460","2017","6/1/2017","6:30:00 AM","01 - Clear","01 - Dry","02 - Stop sign","02 - Intersection related","01 - Daylight","03 - P.D. only","03 - Rear end"
"4473","DONNELLY DR @ MERLYN WILSON RD","369252.68966","4990840.87791","-75.68170","45.05462","2017","5/26/2017","3:54:00 PM","01 - Clear","01 - Dry","02 - Stop sign","03 - At intersection","01 - Daylight","02 - Non-fatal injury","02 - Angle"
"4474","DONNELLY DR @ MERLYN WILSON RD","369252.68966","4990842.21570","-75.68170","45.05463","2017","11/12/2017","1:23:00 PM","01 - Clear","01 - Dry","02 - Stop sign","03 - At intersection","01 - Daylight","03 - P.D. only","02 - Angle"
"4475","DONNELLY DR @ MERLYN WILSON RD","369254.02745","4990842.88460","-75.68168","45.05464","2017","4/1/2017","5:04:00 PM","01 - Clear","01 - Dry","02 - Stop sign","03 - At intersection","01 - Daylight","02 - Non-fatal injury","02 - Angle"
"4476","DONNELLY DR btwn BURRITTS AVE & JOE DREW LANE","361539.87311","4983442.76206","-75.78045","44.98871","2017","3/20/2017","6:01:00 PM","01 - Clear","01 - Dry","10 - No control","01 - Non intersection","05 - Dusk","03 - P.D. only","07 - SMV other"
"4477","DONNELLY DR btwn Continuation of DONNELLY DR & MILL POND LANE","358125.51962","4981311.78748","-75.82397","44.96979","2017","11/19/2017","6:03:00 AM","03 - Snow","05 - Packed snow","10 - No control","01 - Non intersection","07 - Dark","03 - P.D. only","07 - SMV other"
"4478","DONNELLY DR btwn FAIRMILE RD & FOURTH LINE RD","371940.77659","4993069.50569","-75.64728","45.07442","2017","6/3/2017","7:33:00 PM","01 - Clear","01 - Dry","10 - No control","01 - Non intersection","01 - Daylight","03 - P.D. only","07 - SMV other"
"4479","DONNELLY DR btwn FAIRMILE RD & FOURTH LINE RD","371848.70068","4992682.30496","-75.64850","45.07095","2017","10/26/2017","7:50:00 PM","01 - Clear","01 - Dry","10 - No control","01 - Non intersection","07 - Dark","03 - P.D. only","07 - SMV other"
"4480","DONNELLY DR btwn FAIRMILE RD & FOURTH LINE RD","371938.11283","4992841.45788","-75.64734","45.07237","2017","1/4/2017","4:36:00 PM","03 - Snow","03 - Loose snow","10 - No control","04 - At/near private drive","01 - Daylight","03 - P.D. only","04 - Sideswipe"
"4481","DONNELLY DR btwn HARNETT RD & MALAKOFF RD","367802.24098","4989567.80296","-75.70027","45.04329","2017","6/14/2017","11:38:00 AM","01 - Clear","01 - Dry","10 - No control","01 - Non intersection","01 - Daylight","03 - P.D. only","07 - SMV other"
"4482","DONNELLY DR btwn MERLYN WILSON RD & MCCORDICK RD","369666.28373","4991203.68651","-75.67640","45.05784","2017","6/25/2017","1:13:00 AM","01 - Clear","01 - Dry","10 - No control","01 - Non intersection","07 - Dark","03 - P.D. only","07 - SMV other"
"4483","DONNELLY DR btwn MERLYN WILSON RD & MCCORDICK RD","370022.79239","4991517.28196","-75.67183","45.06063","2017","8/19/2017","1:00:00 AM","01 - Clear","01 - Dry","10 - No control","01 - Non intersection","07 - Dark","03 - P.D. only","07 - SMV other"
"4484","DONNELLY DR btwn MERLYN WILSON RD & MCCORDICK RD","370037.36584","4991531.89334","-75.67165","45.06076","2017","12/14/2017","9:48:00 PM","01 - Clear","02 - Wet","10 - No control","01 - Non intersection","07 - Dark","03 - P.D. only","07 - SMV other"
"4485","DONNELLY DR btwn MERLYN WILSON RD & MCCORDICK RD","370189.87420","4991664.33481","-75.66969","45.06194","2017","4/3/2017","12:54:00 AM","01 - Clear","01 - Dry","10 - No control","01 - Non intersection","07 - Dark","02 - Non-fatal injury","07 - SMV other"
"4486","DONNELLY DR btwn REDDICK LANE & HARNETT RD","365418.54119","4987476.07380","-75.73078","45.02468","2017","4/4/2017","10:10:00 PM","02 - Rain","02 - Wet","10 - No control","01 - Non intersection","07 - Dark","03 - P.D. only","07 - SMV other"
"4487","DONNELLY DR btwn WEEDMARK RD & REDDICK LANE","363109.73182","4985427.84895","-75.76031","45.00644","2017","5/18/2017","9:17:00 PM","01 - Clear","01 - Dry","10 - No control","01 - Non intersection","07 - Dark","03 - P.D. only","07 - SMV other"
"4488","DONNELLY DR btwn WEEDMARK RD & REDDICK LANE","363085.62583","4985409.36683","-75.76062","45.00628","2017","12/22/2017","2:06:00 PM","03 - Snow","03 - Loose snow","10 - No control","01 - Non intersection","01 - Daylight","02 - Non-fatal injury","01 - Approaching"
"4489","DONWEL DR btwn STANLEYFIELD CRES & STANLEYFIELD CRES","378648.46221","5012812.03423","-75.55918","45.25139","2017","7/31/2017","8:42:00 AM","01 - Clear","01 - Dry","10 - No control","04 - At/near private drive","01 - Daylight","02 - Non-fatal injury","07 - SMV other"
"4490","DORCHESTER AVE btwn HOLLINGTON ST & CHEVRIER ST","365496.30824","5026951.80723","-75.72498","45.37988","2017","2/16/2017","11:13:00 AM","01 - Clear","03 - Loose snow","10 - No control","01 - Non intersection","01 - Daylight","03 - P.D. only","06 - SMV unattended vehicle"
"4491","DORIMA ST @ INNES RD","384313.09635","5036323.23000","-75.48324","45.46231","2017","6/29/2017","8:31:00 PM","02 - Rain","02 - Wet","02 - Stop sign","03 - At intersection","05 - Dusk","03 - P.D. only","03 - Rear end"
"4492","DORIMA ST @ INNES RD","384313.01926","5036322.40990","-75.48324","45.46230","2017","10/21/2017","10:53:00 AM","01 - Clear","01 - Dry","02 - Stop sign","03 - At intersection","01 - Daylight","02 - Non-fatal injury","02 - Angle"
"4493","DORION AVE btwn ALTA VISTA DR & BLAIR ST","370761.44016","5030107.51100","-75.65734","45.40780","2017","3/3/2017","12:18:00 PM","01 - Clear","01 - Dry","10 - No control","04 - At/near private drive","01 - Daylight","03 - P.D. only","02 - Angle"
"4494","DOUGLAS AVE btwn PUTMAN AVE & BEECHWOOD AVE","369297.69367","5033735.16720","-75.67556","45.44057","2017","6/12/2017","4:32:00 PM","01 - Clear","01 - Dry","10 - No control","01 - Non intersection","01 - Daylight","03 - P.D. only","06 - SMV unattended vehicle"
"4495","DOVERCOURT AVE @ GOLDEN AVE","363201.02325","5027245.20251","-75.75425","45.38271","2017","4/18/2017","8:05:00 PM","01 - Clear","01 - Dry","02 - Stop sign","03 - At intersection","05 - Dusk","03 - P.D. only","02 - Angle"
"4496","DOVERCOURT AVE @ HIGHLAND AVE","363065.77212","5027162.88882","-75.75599","45.38198","2017","1/6/2017","1:23:00 PM","01 - Clear","05 - Packed snow","02 - Stop sign","03 - At intersection","01 - Daylight","03 - P.D. only","02 - Angle"
"4497","DOVERCOURT AVE @ SHERBOURNE RD","362153.14280","5026789.26577","-75.76769","45.37870","2017","12/23/2017","12:05:00 PM","03 - Snow","05 - Packed snow","02 - Stop sign","03 - At intersection","01 - Daylight","03 - P.D. only","02 - Angle"
"4498","DOVERCOURT AVE @ WINDERMERE AVE","362535.35835","5026935.87150","-75.76279","45.37999","2017","5/12/2017","12:39:00 PM","01 - Clear","01 - Dry","02 - Stop sign","03 - At intersection","01 - Daylight","03 - P.D. only","02 - Angle"
"4499","DOVERCOURT AVE @ WINDERMERE AVE","362536.69614","5026938.54709","-75.76277","45.38001","2017","3/11/2017","3:07:00 PM","01 - Clear","01 - Dry","02 - Stop sign","03 - At intersection","01 - Daylight","03 - P.D. only","02 - Angle"
"4500","DOVERCOURT AVE @ WINDERMERE AVE","362536.16617","5026936.30371","-75.76278","45.37999","2017","12/23/2017","10:08:00 AM","01 - Clear","04 - Slush","02 - Stop sign","03 - At intersection","01 - Daylight","03 - P.D. only","02 - Angle"
"4501","DOVERCOURT AVE btwn BROADVIEW AVE & HIGHLAND AVE","362999.65363","5027123.56577","-75.75684","45.38164","2017","12/20/2017","2:55:00 PM","01 - Clear","02 - Wet","10 - No control","01 - Non intersection","01 - Daylight","03 - P.D. only","06 - SMV unattended vehicle"
"4502","DOVERCOURT AVE btwn ROOSEVELT AVE & MELBOURNE AVE","363413.30104","5027339.56386","-75.75153","45.38354","2017","9/18/2017","3:20:00 PM","01 - Clear","01 - Dry","10 - No control","01 - Non intersection","01 - Daylight","02 - Non-fatal injury","03 - Rear end"
"4503","DOWNPATRICK RD @ UPLANDS DR","370292.26033","5022804.74819","-75.66430","45.34213","2017","8/14/2017","4:01:00 PM","01 - Clear","01 - Dry","02 - Stop sign","02 - Intersection related","01 - Daylight","02 - Non-fatal injury","03 - Rear end"
"4504","DOWNPATRICK RD btwn MCCARTHY RD & DOWNPATRICK RD","370525.21194","5023356.76325","-75.66126","45.34708","2017","5/6/2017","7:55:00 PM","02 - Rain","02 - Wet","10 - No control","04 - At/near private drive","05 - Dusk","03 - P.D. only","02 - Angle"
"4505","DOWNPATRICK RD btwn MCCARTHY RD & DOWNPATRICK RD","370513.85968","5023386.07488","-75.66140","45.34734","2017","3/14/2017","9:56:00 PM","05 - Drifting Snow","03 - Loose snow","10 - No control","01 - Non intersection","07 - Dark","03 - P.D. only","01 - Approaching"
"4506","DOZOIS RD @ GOUGH RD","372530.06175","5010155.07261","-75.63748","45.22810","2017","6/28/2017","4:30:00 PM","02 - Rain","02 - Wet","02 - Stop sign","02 - Intersection related","01 - Daylight","03 - P.D. only","03 - Rear end"
"4507","DRAPER AVE btwn MORRISON DR & CORNELL ST","360233.72059","5022558.96297","-75.79267","45.34079","2017","10/20/2017","12:00:00 AM","01 - Clear","01 - Dry","10 - No control","01 - Non intersection","07 - Dark","03 - P.D. only","06 - SMV unattended vehicle"
"4508","DRAPER AVE btwn MORRISON DR & PATHWAY PRIV","360373.74870","5023036.67184","-75.79083","45.34508","2017","4/24/2017","12:00:00 AM","01 - Clear","01 - Dry","10 - No control","01 - Non intersection","00 - Unknown","03 - P.D. only","06 - SMV unattended vehicle"
"4509","DRIVEWAY (THE) @ PRINCE OF WALES DR","366884.04615","5028136.87740","-75.70712","45.39042","2017","6/26/2017","11:08:00 AM","01 - Clear","01 - Dry","11 - Roundabout","02 - Intersection related","01 - Daylight","03 - P.D. only","03 - Rear end"
"4510","DRIVEWAY (THE) @ PRINCE OF WALES DR","366884.04615","5028136.87740","-75.70712","45.39042","2017","6/15/2017","7:26:00 AM","01 - Clear","01 - Dry","11 - Roundabout","02 - Intersection related","01 - Daylight","02 - Non-fatal injury","03 - Rear end"
"4511","DRIVEWAY (THE) @ PRINCE OF WALES DR","366883.72432","5028137.29547","-75.70712","45.39042","2017","4/29/2017","8:48:00 PM","01 - Clear","01 - Dry","11 - Roundabout","03 - At intersection","07 - Dark","03 - P.D. only","07 - SMV other"
"4512","DRIVEWAY (THE) @ PRINCE OF WALES DR","366884.04615","5028138.21520","-75.70712","45.39043","2017","6/28/2017","5:32:00 PM","01 - Clear","01 - Dry","11 - Roundabout","03 - At intersection","01 - Daylight","02 - Non-fatal injury","04 - Sideswipe"
"4513","DRIVEWAY (THE) @ PRINCE OF WALES DR","366884.00786","5028137.42246","-75.70712","45.39042","2017","9/28/2017","6:05:00 PM","01 - Clear","01 - Dry","11 - Roundabout","03 - At intersection","01 - Daylight","03 - P.D. only","03 - Rear end"
"4514","DRIVEWAY (THE) @ PRINCE OF WALES DR","366884.04615","5028138.88409","-75.70712","45.39044","2017","12/1/2017","4:15:00 PM","01 - Clear","03 - Loose snow","11 - Roundabout","02 - Intersection related","05 - Dusk","03 - P.D. only","07 - SMV other"
"4515","DRIVEWAY (THE) @ PRINCE OF WALES DR","366883.34468","5028137.14079","-75.70713","45.39042","2017","11/5/2017","5:35:00 PM","02 - Rain","02 - Wet","11 - Roundabout","02 - Intersection related","07 - Dark","03 - P.D. only","03 - Rear end"
"4516","DRIVEWAY (THE) @ PRINCE OF WALES DR","366883.71109","5028137.54651","-75.70712","45.39043","2017","12/17/2017","10:10:00 AM","01 - Clear","01 - Dry","11 - Roundabout","03 - At intersection","01 - Daylight","02 - Non-fatal injury","02 - Angle"
"4517","DU BOIS AVE btwn D'ERABLE PL & DES ORMES PL","381209.54223","5038229.62647","-75.52262","45.47981","2017","11/12/2017","12:00:00 AM","01 - Clear","01 - Dry","10 - No control","01 - Non intersection","00 - Unknown","03 - P.D. only","06 - SMV unattended vehicle"
"4518","DU BUISSON CRES btwn GARDENWAY DR & GARDENWAY DR","384428.07109","5036444.61990","-75.48175","45.46339","2017","7/24/2017","8:30:00 PM","01 - Clear","01 - Dry","10 - No control","01 - Non intersection","05 - Dusk","03 - P.D. only","06 - SMV unattended vehicle"
"4519","DU CLAIRVAUX RD @ LA CHAPELLE ST","380082.17200","5034351.12667","-75.53763","45.44504","2017","1/21/2017","9:19:00 AM","01 - Clear","04 - Slush","02 - Stop sign","03 - At intersection","01 - Daylight","03 - P.D. only","02 - Angle"
"4520","DU GOUVERNEUR DR @ GAUTHIER ST","388676.72109","5040869.43659","-75.42667","45.50270","2017","4/11/2017","5:23:00 PM","01 - Clear","01 - Dry","02 - Stop sign","02 - Intersection related","01 - Daylight","03 - P.D. only","07 - SMV other"
"4521","DU GRAND BOIS AVE @ INNES RD","383108.79961","5035761.84565","-75.49873","45.45740","2017","9/5/2017","5:32:00 PM","01 - Clear","01 - Dry","02 - Stop sign","02 - Intersection related","01 - Daylight","03 - P.D. only","03 - Rear end"
"4522","DU GRAND BOIS AVE @ INNES RD","383109.75540","5035763.74593","-75.49871","45.45741","2017","12/11/2017","6:30:00 PM","01 - Clear","01 - Dry","02 - Stop sign","02 - Intersection related","07 - Dark","03 - P.D. only","03 - Rear end"
"4523","DU GRAND BOIS AVE @ INNES RD","383110.71119","5035761.36776","-75.49870","45.45739","2017","12/16/2017","2:42:00 PM","01 - Clear","02 - Wet","02 - Stop sign","02 - Intersection related","01 - Daylight","03 - P.D. only","03 - Rear end"
"4524","DU GRAND BOIS AVE @ INNES RD","383110.70215","5035761.85244","-75.49870","45.45740","2017","12/16/2017","2:03:00 PM","01 - Clear","02 - Wet","02 - Stop sign","02 - Intersection related","01 - Daylight","03 - P.D. only","03 - Rear end"
"4525","DUHAMEL ST @ FAIRMONT AVE","365668.65005","5029499.37447","-75.72247","45.40279","2017","12/16/2017","10:29:00 AM","01 - Clear","04 - Slush","02 - Stop sign","03 - At intersection","01 - Daylight","03 - P.D. only","02 - Angle"
"4526","DUMAURIER AVE @ BARWELL AVE/GRENON AVE","359729.67240","5023651.85995","-75.79898","45.35066","2017","1/21/2017","5:53:00 PM","01 - Clear","02 - Wet","02 - Stop sign","03 - At intersection","07 - Dark","02 - Non-fatal injury","07 - SMV other"
"4527","DUMAURIER AVE @ BARWELL AVE/GRENON AVE","359729.12595","5023649.41020","-75.79899","45.35064","2017","1/21/2017","12:34:00 PM","01 - Clear","02 - Wet","02 - Stop sign","03 - At intersection","01 - Daylight","02 - Non-fatal injury","02 - Angle"
"4528","DUMAURIER AVE @ PINECREST RD","360320.00676","5023833.84200","-75.79142","45.35225","2017","11/13/2017","7:51:00 AM","01 - Clear","01 - Dry","01 - Traffic signal","03 - At intersection","01 - Daylight","02 - Non-fatal injury","02 - Angle"
"4529","DUMAURIER AVE @ PINECREST RD","360321.01010","5023835.84869","-75.79141","45.35227","2017","1/5/2017","5:11:00 PM","01 - Clear","06 - Ice","01 - Traffic signal","02 - Intersection related","05 - Dusk","03 - P.D. only","03 - Rear end"
"4530","DUMAURIER AVE @ PINECREST RD","360322.68234","5023835.17980","-75.79139","45.35226","2017","4/6/2017","8:44:00 PM","02 - Rain","02 - Wet","01 - Traffic signal","03 - At intersection","07 - Dark","02 - Non-fatal injury","02 - Angle"
"4531","DUMAURIER AVE @ PINECREST RD","360321.20563","5023835.69433","-75.79141","45.35227","2017","12/29/2017","10:50:00 AM","01 - Clear","06 - Ice","01 - Traffic signal","02 - Intersection related","01 - Daylight","03 - P.D. only","03 - Rear end"
"4532","DUMAURIER AVE @ RAMSEY CRES S","360122.35255","5023335.58927","-75.79400","45.34778","2017","10/19/2017","7:53:00 AM","01 - Clear","01 - Dry","02 - Stop sign","02 - Intersection related","01 - Daylight","03 - P.D. only","02 - Angle"
"4533","DUMAURIER AVE @ RICHMOND RD","359627.02437","5023733.58832","-75.80028","45.35140","2017","8/14/2017","4:40:00 PM","01 - Clear","01 - Dry","01 - Traffic signal","03 - At intersection","01 - Daylight","02 - Non-fatal injury","02 - Angle"
"4534","DUMAURIER AVE @ RICHMOND RD","359628.94132","5023733.91650","-75.80025","45.35141","2017","7/18/2017","9:39:00 PM","01 - Clear","01 - Dry","01 - Traffic signal","03 - At intersection","07 - Dark","03 - P.D. only","02 - Angle"
"4535","DUMAURIER AVE @ RICHMOND RD","359628.13877","5023735.27471","-75.80026","45.35142","2017","10/28/2017","11:27:00 PM","02 - Rain","02 - Wet","01 - Traffic signal","02 - Intersection related","07 - Dark","03 - P.D. only","03 - Rear end"
"4536","DUMAURIER AVE btwn ALENMEDE CRES & RAMSEY CRES","359939.44927","5023271.24917","-75.79634","45.34722","2017","3/6/2017","10:00:00 PM","04 - Freezing Rain","06 - Ice","10 - No control","01 - Non intersection","99 - Other","03 - P.D. only","06 - SMV unattended vehicle"
"4537","DUMAURIER AVE btwn RAMSEY CRES & RAMSEY CRES","360124.39617","5023334.96682","-75.79398","45.34778","2017","9/26/2017","3:01:00 PM","01 - Clear","01 - Dry","10 - No control","01 - Non intersection","01 - Daylight","03 - P.D. only","07 - SMV other"
"4538","DUMAURIER AVE btwn SPLINTER CRES & ALENMEDE CRES","359840.01205","5023418.71325","-75.79760","45.34855","2017","2/15/2017","12:00:00 AM","03 - Snow","03 - Loose snow","10 - No control","01 - Non intersection","00 - Unknown","03 - P.D. only","06 - SMV unattended vehicle"
"4539","DUNBARTON CRT btwn Continuation of DUNBARTON CRT & Continuation of DUN","371193.89651","5034279.38954","-75.65125","45.44529","2017","7/22/2017","1:24:00 PM","01 - Clear","01 - Dry","10 - No control","01 - Non intersection","01 - Daylight","03 - P.D. only","99 - Other"
"4540","DUNCAIRN AVE btwn CHURCHILL AVE N & TWEEDSMUIR AVE","363673.87103","5027553.19430","-75.74818","45.38544","2017","9/30/2017","12:00:00 AM","01 - Clear","01 - Dry","10 - No control","04 - At/near private drive","00 - Unknown","03 - P.D. only","06 - SMV unattended vehicle"
"4541","DUNDEE AVE btwn ELMHURST ST & HENLEY ST","360487.25364","5024535.60141","-75.78921","45.35855","2017","5/1/2017","12:00:00 AM","02 - Rain","02 - Wet","10 - No control","01 - Non intersection","00 - Unknown","03 - P.D. only","06 - SMV unattended vehicle"
"4542","DUNDONALD DR @ GREENBANK RD","365090.64410","5012122.31100","-75.73197","45.24648","2017","5/17/2017","3:19:00 PM","01 - Clear","01 - Dry","02 - Stop sign","03 - At intersection","01 - Daylight","03 - P.D. only","03 - Rear end"
"4543","DUNDONALD DR @ GREENBANK RD","365090.64410","5012122.31100","-75.73197","45.24648","2017","4/19/2017","4:43:00 PM","02 - Rain","02 - Wet","02 - Stop sign","02 - Intersection related","01 - Daylight","03 - P.D. only","07 - SMV other"
"4544","DUNDONALD DR btwn LAMPREY ST & RIVER MIST RD","364650.97510","5011867.22940","-75.73760","45.24422","2017","1/5/2017","9:53:00 AM","01 - Clear","06 - Ice","10 - No control","01 - Non intersection","01 - Daylight","03 - P.D. only","06 - SMV unattended vehicle"
"4545","DUNNING RD @ FRENCH HILL RD","392364.15115","5037643.86530","-75.38007","45.47323","2017","11/27/2017","8:00:00 AM","01 - Clear","01 - Dry","02 - Stop sign","03 - At intersection","01 - Daylight","03 - P.D. only","02 - Angle"
"4546","DUNNING RD @ WILHAVEN DR","391044.29216","5040825.68533","-75.39639","45.50202","2017","2/15/2017","2:44:00 PM","03 - Snow","02 - Wet","02 - Stop sign","03 - At intersection","01 - Daylight","03 - P.D. only","02 - Angle"
"4547","DUNNING RD btwn BRICKLAND DR & WILHAVEN DR","390851.22684","5041308.73678","-75.39877","45.50639","2017","11/12/2017","3:17:00 PM","01 - Clear","01 - Dry","10 - No control","04 - At/near private drive","01 - Daylight","02 - Non-fatal injury","07 - SMV other"
"4548","DUNNING RD btwn DEVINE RD & RUSSLAND RD","397537.68277","5024742.84949","-75.31634","45.35650","2017","6/13/2017","7:05:00 AM","01 - Clear","01 - Dry","10 - No control","01 - Non intersection","01 - Daylight","03 - P.D. only","07 - SMV other"
"4549","DUNNING RD btwn FRENCH HILL RD & INNES RD","391818.24948","5038969.79102","-75.38682","45.48523","2017","3/14/2017","5:35:00 PM","03 - Snow","06 - Ice","10 - No control","01 - Non intersection","05 - Dusk","03 - P.D. only","01 - Approaching"
"4550","DUNNING RD btwn MAGLADRY RD & SARSFIELD RD","395514.11833","5029730.94914","-75.34125","45.40164","2017","5/16/2017","5:01:00 PM","01 - Clear","01 - Dry","10 - No control","04 - At/near private drive","01 - Daylight","03 - P.D. only","03 - Rear end"
"4551","DUNNING RD btwn REGIMBALD RD & GIROUX RD","393296.42284","5035414.49780","-75.36855","45.45306","2017","2/4/2017","5:42:00 PM","01 - Clear","06 - Ice","10 - No control","01 - Non intersection","07 - Dark","03 - P.D. only","07 - SMV other"
"4552","DUNNING RD btwn WILHAVEN DR & INNES RD","391626.62688","5039410.49278","-75.38919","45.48922","2017","2/6/2017","10:04:00 PM","03 - Snow","03 - Loose snow","10 - No control","01 - Non intersection","07 - Dark","03 - P.D. only","07 - SMV other"
"4553","DUNROBIN RD @ GALETTA SIDE RD","333687.60644","5040340.35330","-76.13034","45.50239","2017","3/8/2017","5:57:00 AM","01 - Clear","06 - Ice","02 - Stop sign","02 - Intersection related","07 - Dark","03 - P.D. only","07 - SMV other"