"Record","Location","X","Y","Longitude","Latitude","Year","Date","Time","Environment","Road_Surface","Traffic_Control","Collision_Location","Light","Collision_Classification","Impact_type"
"4554","DUNROBIN RD @ KERWIN RD","346290.17600","5027171.28807","-75.97019","45.38325","2017","1/6/2017","6:30:00 PM","01 - Clear","01 - Dry","02 - Stop sign","02 - Intersection related","07 - Dark","03 - P.D. only","07 - SMV other"
"4555","DUNROBIN RD @ KERWIN RD","346290.65735","5027172.36831","-75.97018","45.38326","2017","1/18/2017","5:36:00 PM","07 - Fog, mist, smoke, dust","02 - Wet","02 - Stop sign","02 - Intersection related","05 - Dusk","03 - P.D. only","07 - SMV other"
"4556","DUNROBIN RD @ KINBURN SIDE RD","338029.26435","5035928.95970","-76.07508","45.46250","2017","3/18/2017","10:41:00 AM","01 - Clear","01 - Dry","02 - Stop sign","03 - At intersection","01 - Daylight","03 - P.D. only","02 - Angle"
"4557","DUNROBIN RD @ LILLIAN WAY","345529.61921","5027920.68172","-75.97984","45.39004","2017","8/11/2017","1:15:00 PM","01 - Clear","01 - Dry","10 - No control","02 - Intersection related","01 - Daylight","03 - P.D. only","07 - SMV other"
"4558","DUNROBIN RD @ MARCH RD","347174.93525","5026066.87409","-75.95899","45.37326","2017","6/8/2017","5:57:00 PM","01 - Clear","01 - Dry","01 - Traffic signal","03 - At intersection","01 - Daylight","03 - P.D. only","05 - Turning movement"
"4559","DUNROBIN RD @ MARCH RD","347172.15717","5026066.42715","-75.95902","45.37326","2017","10/11/2017","7:21:00 PM","01 - Clear","01 - Dry","01 - Traffic signal","03 - At intersection","07 - Dark","03 - P.D. only","05 - Turning movement"
"4560","DUNROBIN RD @ MARCH RD","347174.26635","5026066.20520","-75.95900","45.37326","2017","4/11/2017","6:59:00 PM","01 - Clear","01 - Dry","01 - Traffic signal","03 - At intersection","01 - Daylight","03 - P.D. only","05 - Turning movement"
"4561","DUNROBIN RD @ MARCH RD","347173.65405","5026066.71973","-75.95900","45.37326","2017","12/15/2017","4:50:00 PM","03 - Snow","03 - Loose snow","01 - Traffic signal","03 - At intersection","07 - Dark","03 - P.D. only","05 - Turning movement"
"4562","DUNROBIN RD @ THOMAS A. DOLAN PKWY","342338.39536","5031478.33951","-76.02032","45.42223","2017","7/20/2017","9:39:00 AM","01 - Clear","01 - Dry","01 - Traffic signal","03 - At intersection","01 - Daylight","02 - Non-fatal injury","05 - Turning movement"
"4563","DUNROBIN RD @ THOMAS A. DOLAN PKWY","342338.49065","5031477.35534","-76.02032","45.42222","2017","9/7/2017","8:05:00 AM","02 - Rain","02 - Wet","01 - Traffic signal","02 - Intersection related","01 - Daylight","03 - P.D. only","03 - Rear end"
"4564","DUNROBIN RD @ THOMAS A. DOLAN PKWY","342338.45517","5031478.43717","-76.02032","45.42223","2017","1/12/2017","5:35:00 PM","01 - Clear","06 - Ice","01 - Traffic signal","02 - Intersection related","05 - Dusk","03 - P.D. only","03 - Rear end"
"4565","DUNROBIN RD @ THOMAS A. DOLAN PKWY","342338.60014","5031475.57211","-76.02032","45.42221","2017","4/21/2017","11:02:00 AM","01 - Clear","02 - Wet","01 - Traffic signal","03 - At intersection","01 - Daylight","02 - Non-fatal injury","02 - Angle"
"4566","DUNROBIN RD @ VANCES SIDE RD","340158.07247","5033679.84809","-76.04803","45.44216","2017","12/23/2017","1:52:00 PM","03 - Snow","03 - Loose snow","02 - Stop sign","02 - Intersection related","01 - Daylight","02 - Non-fatal injury","01 - Approaching"
"4567","DUNROBIN RD btwn BAIRD'S GRANT LANE & BUCKHAMS BAY RD","334891.24191","5039148.05163","-76.11501","45.49161","2017","12/9/2017","5:40:00 PM","03 - Snow","02 - Wet","10 - No control","01 - Non intersection","07 - Dark","03 - P.D. only","07 - SMV other"
"4568","DUNROBIN RD btwn BUCKHAMS BAY RD & KILMAURS SIDE RD","335002.73583","5039033.02072","-76.11359","45.49057","2017","10/2/2017","7:45:00 AM","07 - Fog, mist, smoke, dust","02 - Wet","10 - No control","01 - Non intersection","01 - Daylight","03 - P.D. only","07 - SMV other"
"4569","DUNROBIN RD btwn CONSTANCE BAY RD & KINBURN SIDE RD","336835.54274","5037151.76081","-76.09027","45.47356","2017","3/14/2017","5:58:00 PM","03 - Snow","03 - Loose snow","10 - No control","01 - Non intersection","05 - Dusk","03 - P.D. only","07 - SMV other"
"4570","DUNROBIN RD btwn CONSTANCE BAY RD & KINBURN SIDE RD","337460.42302","5036539.63318","-76.08232","45.46802","2017","4/18/2017","7:28:00 PM","01 - Clear","01 - Dry","10 - No control","01 - Non intersection","07 - Dark","03 - P.D. only","07 - SMV other"
"4571","DUNROBIN RD btwn DUNROBIN RD & MURPHY SIDE RD","342875.48437","5030842.46662","-76.01351","45.41648","2017","6/15/2017","12:45:00 AM","01 - Clear","01 - Dry","10 - No control","01 - Non intersection","07 - Dark","03 - P.D. only","07 - SMV other"
"4572","DUNROBIN RD btwn DUNROBIN RD & MURPHY SIDE RD","344170.71127","5029345.79968","-75.99708","45.40294","2017","9/11/2017","3:06:00 PM","01 - Clear","01 - Dry","10 - No control","01 - Non intersection","01 - Daylight","02 - Non-fatal injury","03 - Rear end"
"4573","DUNROBIN RD btwn DUNROBIN RD & MURPHY SIDE RD","344585.50130","5028891.85363","-75.99182","45.39883","2017","11/15/2017","5:30:00 PM","01 - Clear","01 - Dry","10 - No control","01 - Non intersection","07 - Dark","03 - P.D. only","07 - SMV other"
"4574","DUNROBIN RD btwn DUNROBIN RD & MURPHY SIDE RD","342410.42450","5031407.62547","-76.01941","45.42159","2017","1/13/2017","5:41:00 PM","01 - Clear","05 - Packed snow","10 - No control","01 - Non intersection","07 - Dark","03 - P.D. only","07 - SMV other"
"4575","DUNROBIN RD btwn HARWOOD LANE & KERWIN RD","346276.34479","5027190.30325","-75.97037","45.38343","2017","2/10/2017","9:25:00 PM","03 - Snow","05 - Packed snow","10 - No control","01 - Non intersection","07 - Dark","03 - P.D. only","07 - SMV other"
"4576","DUNROBIN RD btwn HARWOOD LANE & KERWIN RD","346214.68397","5027244.77751","-75.97115","45.38392","2017","3/24/2017","10:12:00 AM","01 - Clear","01 - Dry","10 - No control","01 - Non intersection","01 - Daylight","03 - P.D. only","07 - SMV other"
"4577","DUNROBIN RD btwn KINBURN SIDE RD & VANCES SIDE RD","338315.36169","5035608.74338","-76.07145","45.45960","2017","6/25/2017","1:05:00 AM","01 - Clear","01 - Dry","10 - No control","01 - Non intersection","07 - Dark","03 - P.D. only","07 - SMV other"
"4578","DUNROBIN RD btwn KINBURN SIDE RD & VANCES SIDE RD","338053.31675","5035905.91065","-76.07478","45.46229","2017","7/31/2017","7:31:00 AM","01 - Clear","01 - Dry","10 - No control","01 - Non intersection","01 - Daylight","03 - P.D. only","07 - SMV other"
"4579","DUNROBIN RD btwn KINBURN SIDE RD & VANCES SIDE RD","339946.57883","5033893.14318","-76.05071","45.44409","2017","12/18/2017","8:38:00 PM","03 - Snow","03 - Loose snow","10 - No control","01 - Non intersection","07 - Dark","03 - P.D. only","07 - SMV other"
"4580","DUNROBIN RD btwn LILLIAN WAY & HARWOOD LANE","345887.24156","5027554.40261","-75.97530","45.38672","2017","4/16/2017","9:30:00 PM","01 - Clear","01 - Dry","10 - No control","01 - Non intersection","07 - Dark","03 - P.D. only","07 - SMV other"
"4581","DUNROBIN RD btwn MARCH RD & RIDDELL DR","347176.94194","5026201.32225","-75.95895","45.37447","2017","4/30/2017","9:30:00 PM","01 - Clear","01 - Dry","10 - No control","01 - Non intersection","07 - Dark","03 - P.D. only","07 - SMV other"
"4582","DUNROBIN RD btwn MURPHY SIDE RD & LILLIAN WAY","345071.58323","5028373.59449","-75.98565","45.39414","2017","5/26/2017","7:40:00 AM","02 - Rain","02 - Wet","10 - No control","01 - Non intersection","01 - Daylight","03 - P.D. only","07 - SMV other"
"4583","DUNROBIN RD btwn VANCES SIDE RD & PORCUPINE TR","340222.81649","5033618.07294","-76.04720","45.44160","2017","5/15/2017","1:30:00 AM","01 - Clear","01 - Dry","10 - No control","01 - Non intersection","07 - Dark","03 - P.D. only","07 - SMV other"
"4584","DUNROBIN RD btwn VANCES SIDE RD & PORCUPINE TR","340702.28596","5033140.22133","-76.04111","45.43727","2017","12/15/2017","10:22:00 PM","03 - Snow","04 - Slush","10 - No control","01 - Non intersection","07 - Dark","03 - P.D. only","07 - SMV other"
"4585","DUNROBIN RD btwn WAYBURN AVE & RIDDELL DR","347107.37802","5026393.75388","-75.95982","45.37621","2017","2/5/2017","10:09:00 AM","03 - Snow","03 - Loose snow","10 - No control","01 - Non intersection","01 - Daylight","03 - P.D. only","03 - Rear end"
"4586","DUNSTON TER @ HUNT CLUB RD","372221.40790","5024431.69290","-75.63947","45.35659","2017","1/3/2017","4:57:00 PM","04 - Freezing Rain","03 - Loose snow","02 - Stop sign","03 - At intersection","05 - Dusk","03 - P.D. only","05 - Turning movement"
"4587","DUPLANTE AVE btwn TEMPO ST & ALINE AVE","385186.53502","5038325.40002","-75.47174","45.48023","2017","7/17/2017","12:48:00 AM","01 - Clear","01 - Dry","10 - No control","01 - Non intersection","07 - Dark","03 - P.D. only","06 - SMV unattended vehicle"
"4588","DUROCHER ST @ MONTREAL RD","370135.81465","5033102.25599","-75.66493","45.43480","2017","9/12/2017","12:52:00 PM","01 - Clear","01 - Dry","02 - Stop sign","03 - At intersection","01 - Daylight","02 - Non-fatal injury","02 - Angle"
"4589","DUROCHER ST @ MONTREAL RD","370135.75271","5033101.82455","-75.66494","45.43480","2017","10/21/2017","2:07:00 PM","01 - Clear","01 - Dry","02 - Stop sign","03 - At intersection","01 - Daylight","03 - P.D. only","02 - Angle"
"4590","DUROCHER ST @ MONTREAL RD","370137.71184","5033102.92339","-75.66491","45.43481","2017","11/28/2017","5:15:00 PM","01 - Clear","01 - Dry","02 - Stop sign","02 - Intersection related","07 - Dark","03 - P.D. only","99 - Other"
"4591","DUROCHER ST @ MONTREAL RD","370136.73535","5033101.52972","-75.66492","45.43479","2017","12/9/2017","8:55:00 PM","03 - Snow","03 - Loose snow","02 - Stop sign","02 - Intersection related","07 - Dark","03 - P.D. only","03 - Rear end"
"4592","DUROCHER ST @ MONTREAL RD","370136.70850","5033099.11646","-75.66492","45.43477","2017","2/7/2017","6:35:00 PM","01 - Clear","01 - Dry","02 - Stop sign","02 - Intersection related","07 - Dark","03 - P.D. only","02 - Angle"
"4593","DUROCHER ST @ MONTREAL RD","370137.04295","5033102.92339","-75.66492","45.43481","2017","3/31/2017","2:11:00 PM","01 - Clear","01 - Dry","02 - Stop sign","03 - At intersection","01 - Daylight","03 - P.D. only","02 - Angle"
"4594","DUROCHER ST btwn DESCHAMPS AVE & ST. PAUL ST","370023.06760","5033299.40498","-75.66635","45.43658","2017","8/5/2017","12:00:00 AM","01 - Clear","01 - Dry","10 - No control","01 - Non intersection","00 - Unknown","03 - P.D. only","06 - SMV unattended vehicle"
"4595","DUSSERE ST @ ST. JOSEPH BLVD","380855.73730","5037125.79099","-75.52732","45.46992","2017","7/10/2017","7:34:00 PM","01 - Clear","01 - Dry","02 - Stop sign","02 - Intersection related","01 - Daylight","03 - P.D. only","04 - Sideswipe"
"4596","DUTTON CRES btwn Continuation of DUTTON CRES & Continuation of DUTTON","375507.70890","5035523.11075","-75.59594","45.45606","2017","4/9/2017","5:45:00 PM","01 - Clear","01 - Dry","10 - No control","04 - At/near private drive","01 - Daylight","03 - P.D. only","06 - SMV unattended vehicle"
"4597","DWYER HILL RD @ DONNELLY DR","360066.74232","4982833.16140","-75.79920","44.98334","2017","11/3/2017","9:48:00 AM","01 - Clear","02 - Wet","02 - Stop sign","03 - At intersection","01 - Daylight","02 - Non-fatal injury","07 - SMV other"
"4598","DWYER HILL RD @ FERNBANK RD","342917.49786","5005064.07111","-76.01496","45.18451","2017","5/8/2017","5:05:00 AM","02 - Rain","02 - Wet","02 - Stop sign","02 - Intersection related","07 - Dark","02 - Non-fatal injury","07 - SMV other"
"4599","DWYER HILL RD @ FERNBANK RD","342918.97910","5005066.12575","-76.01494","45.18453","2017","7/23/2017","10:20:00 PM","01 - Clear","01 - Dry","02 - Stop sign","02 - Intersection related","07 - Dark","03 - P.D. only","07 - SMV other"
"4600","DWYER HILL RD @ FLOOD RD","356724.04587","4986389.00911","-75.84121","45.01559","2017","12/5/2017","1:44:00 PM","01 - Clear","02 - Wet","02 - Stop sign","02 - Intersection related","01 - Daylight","03 - P.D. only","07 - SMV other"
"4601","DWYER HILL RD @ ROGER STEVENS DR","354336.54200","4989351.27180","-75.87121","45.04241","2017","8/16/2017","5:46:00 PM","01 - Clear","01 - Dry","02 - Stop sign","03 - At intersection","01 - Daylight","03 - P.D. only","02 - Angle"
"4602","DWYER HILL RD @ ROGER STEVENS DR","354337.54534","4989349.93401","-75.87120","45.04240","2017","6/29/2017","6:43:00 PM","02 - Rain","02 - Wet","02 - Stop sign","03 - At intersection","01 - Daylight","02 - Non-fatal injury","02 - Angle"
"4603","DWYER HILL RD @ ROGER STEVENS DR","354337.00124","4989350.58294","-75.87120","45.04241","2017","7/21/2017","1:19:00 PM","01 - Clear","01 - Dry","02 - Stop sign","03 - At intersection","01 - Daylight","02 - Non-fatal injury","02 - Angle"
"4604","DWYER HILL RD @ ROGER STEVENS DR","354336.06863","4989351.03511","-75.87122","45.04241","2017","9/15/2017","12:14:00 PM","01 - Clear","01 - Dry","02 - Stop sign","03 - At intersection","01 - Daylight","02 - Non-fatal injury","02 - Angle"
"4605","DWYER HILL RD @ ROGER STEVENS DR","354355.59828","4989346.56865","-75.87097","45.04237","2017","10/9/2017","3:21:00 PM","01 - Clear","02 - Wet","02 - Stop sign","03 - At intersection","01 - Daylight","02 - Non-fatal injury","02 - Angle"
"4606","DWYER HILL RD @ ROGER STEVENS DR","354309.99651","4989406.80662","-75.87154","45.04292","2017","10/4/2017","4:46:00 PM","01 - Clear","01 - Dry","02 - Stop sign","03 - At intersection","01 - Daylight","02 - Non-fatal injury","02 - Angle"
"4607","DWYER HILL RD @ ROGER STEVENS DR","354336.20755","4989351.94070","-75.87121","45.04242","2017","1/11/2017","6:41:00 PM","01 - Clear","01 - Dry","02 - Stop sign","03 - At intersection","07 - Dark","02 - Non-fatal injury","02 - Angle"
"4608","DWYER HILL RD btwn BLEEKS RD & COPELAND RD","347112.14682","5000228.50086","-75.96199","45.14076","2017","6/2/2017","12:54:00 PM","01 - Clear","01 - Dry","10 - No control","01 - Non intersection","01 - Daylight","03 - P.D. only","07 - SMV other"
"4609","DWYER HILL RD btwn FALLOWFIELD RD & MCCAFFREY TR","345865.44228","5001677.60058","-75.97772","45.15388","2017","11/8/2017","5:57:00 PM","01 - Clear","01 - Dry","10 - No control","01 - Non intersection","07 - Dark","03 - P.D. only","07 - SMV other"
"4610","DWYER HILL RD btwn PADEN RD & DONNELLY DR","359022.87657","4983983.65210","-75.81231","44.99377","2017","2/19/2017","6:00:00 PM","01 - Clear","01 - Dry","10 - No control","01 - Non intersection","07 - Dark","03 - P.D. only","07 - SMV other"
"4611","DWYER HILL RD btwn PADEN RD & DONNELLY DR","359127.52403","4983871.81631","-75.81099","44.99276","2017","12/17/2017","6:00:00 PM","01 - Clear","01 - Dry","10 - No control","01 - Non intersection","07 - Dark","03 - P.D. only","07 - SMV other"
"4612","DWYER HILL RD btwn PURDY RD & DWYER HILL RD","351031.68874","4995609.11717","-75.91258","45.09895","2017","4/28/2017","6:20:00 AM","01 - Clear","02 - Wet","10 - No control","01 - Non intersection","03 - Dawn","02 - Non-fatal injury","07 - SMV other"
"4613","DWYER HILL RD btwn ROGER STEVENS DR & FLOOD RD","356375.82778","4986644.43794","-75.84560","45.01791","2017","12/6/2017","5:30:00 PM","01 - Clear","01 - Dry","10 - No control","01 - Non intersection","07 - Dark","03 - P.D. only","07 - SMV other"
"4614","DWYER HILL RD btwn ROGER STEVENS DR & FLOOD RD","354385.03698","4989302.44237","-75.87060","45.04197","2017","3/30/2017","8:37:00 PM","01 - Clear","01 - Dry","10 - No control","01 - Non intersection","07 - Dark","03 - P.D. only","07 - SMV other"
"4615","DWYER HILL RD btwn ROGER STEVENS DR & FLOOD RD","355746.88883","4986901.99729","-75.85356","45.02027","2017","3/10/2017","6:46:00 PM","01 - Clear","01 - Dry","10 - No control","01 - Non intersection","05 - Dusk","03 - P.D. only","07 - SMV other"
"4616","DYNES RD @ PRINCE OF WALES DR","367115.04855","5025923.53260","-75.70445","45.37048","2017","5/4/2017","2:41:00 PM","01 - Clear","01 - Dry","01 - Traffic signal","02 - Intersection related","01 - Daylight","03 - P.D. only","03 - Rear end"
"4617","DYNES RD @ PRINCE OF WALES DR","367115.71744","5025923.53260","-75.70444","45.37048","2017","6/19/2017","6:03:00 PM","01 - Clear","01 - Dry","01 - Traffic signal","02 - Intersection related","01 - Daylight","02 - Non-fatal injury","03 - Rear end"
"4618","DYNES RD @ PRINCE OF WALES DR","367114.71410","5025923.29365","-75.70445","45.37048","2017","9/19/2017","2:30:00 PM","01 - Clear","01 - Dry","01 - Traffic signal","03 - At intersection","01 - Daylight","02 - Non-fatal injury","03 - Rear end"
"4619","DYNES RD @ PRINCE OF WALES DR","367116.13422","5025923.76929","-75.70443","45.37049","2017","11/4/2017","11:40:00 AM","02 - Rain","02 - Wet","01 - Traffic signal","02 - Intersection related","01 - Daylight","02 - Non-fatal injury","03 - Rear end"
"4620","DYNES RD btwn CLAYMOR AVE & MORLEY BLVD","366906.19876","5025771.93640","-75.70713","45.36914","2017","9/21/2017","5:49:00 PM","01 - Clear","01 - Dry","10 - No control","01 - Non intersection","01 - Daylight","03 - P.D. only","06 - SMV unattended vehicle"
"4621","DYNES RD btwn FISHER AVE & ARNOT RD","366467.15090","5025493.57638","-75.71277","45.36667","2017","1/13/2017","2:53:00 PM","01 - Clear","01 - Dry","10 - No control","04 - At/near private drive","01 - Daylight","03 - P.D. only","02 - Angle"
"4622","EAGLE LANE @ MEADOWLANDS DR","365280.11655","5024420.21810","-75.72805","45.35712","2017","1/30/2017","12:55:00 PM","01 - Clear","01 - Dry","02 - Stop sign","02 - Intersection related","01 - Daylight","03 - P.D. only","03 - Rear end"
"4623","EAGLESON RD @ 146 N OF ABBEYHILL DR/HAZELDEAN","353772.95705","5018172.05500","-75.87554","45.30179","2017","5/18/2017","5:20:00 PM","01 - Clear","01 - Dry","01 - Traffic signal","03 - At intersection","01 - Daylight","02 - Non-fatal injury","05 - Turning movement"
"4624","EAGLESON RD @ 146 N OF ABBEYHILL DR/HAZELDEAN","353773.62595","5018171.38610","-75.87553","45.30179","2017","6/6/2017","2:36:00 PM","02 - Rain","02 - Wet","01 - Traffic signal","03 - At intersection","01 - Daylight","02 - Non-fatal injury","05 - Turning movement"
"4625","EAGLESON RD @ 146 N OF ABBEYHILL DR/HAZELDEAN","353773.29150","5018172.05500","-75.87553","45.30179","2017","2/3/2017","8:57:00 PM","01 - Clear","01 - Dry","01 - Traffic signal","03 - At intersection","07 - Dark","02 - Non-fatal injury","05 - Turning movement"
"4626","EAGLESON RD @ 240 N OF CADENCE GT/LOBLAWS SC","354526.42551","5016263.41355","-75.86612","45.28457","2017","5/5/2017","9:48:00 AM","02 - Rain","02 - Wet","01 - Traffic signal","02 - Intersection related","01 - Daylight","03 - P.D. only","05 - Turning movement"
"4627","EAGLESON RD @ 300 N OF MICHAEL COWPLAND/EAGLES","354273.55495","5016903.49210","-75.86928","45.29034","2017","2/19/2017","8:12:00 PM","01 - Clear","02 - Wet","01 - Traffic signal","02 - Intersection related","07 - Dark","03 - P.D. only","03 - Rear end"
"4628","EAGLESON RD @ COPE DR/CADENCE GT","354619.61896","5016028.09610","-75.86496","45.28244","2017","5/7/2017","3:40:00 PM","01 - Clear","01 - Dry","01 - Traffic signal","03 - At intersection","01 - Daylight","02 - Non-fatal injury","07 - SMV other"
"4629","EAGLESON RD @ COPE DR/CADENCE GT","354620.95675","5016028.09610","-75.86494","45.28244","2017","6/23/2017","4:01:00 PM","01 - Clear","01 - Dry","01 - Traffic signal","03 - At intersection","01 - Daylight","03 - P.D. only","02 - Angle"
"4630","EAGLESON RD @ COPE DR/CADENCE GT","354621.21032","5016027.02778","-75.86494","45.28243","2017","7/21/2017","8:54:00 AM","01 - Clear","01 - Dry","01 - Traffic signal","03 - At intersection","01 - Daylight","03 - P.D. only","05 - Turning movement"
"4631","EAGLESON RD @ COPE DR/CADENCE GT","354621.57809","5016027.66615","-75.86493","45.28244","2017","11/1/2017","6:22:00 PM","02 - Rain","02 - Wet","01 - Traffic signal","03 - At intersection","07 - Dark","03 - P.D. only","05 - Turning movement"
"4632","EAGLESON RD @ COPE DR/CADENCE GT","354621.05431","5016027.61373","-75.86494","45.28244","2017","11/26/2017","11:41:00 AM","01 - Clear","01 - Dry","01 - Traffic signal","02 - Intersection related","01 - Daylight","03 - P.D. only","04 - Sideswipe"
"4633","EAGLESON RD @ COPE DR/CADENCE GT","354621.45936","5016027.06175","-75.86493","45.28243","2017","11/3/2017","8:31:00 AM","01 - Clear","02 - Wet","01 - Traffic signal","03 - At intersection","01 - Daylight","03 - P.D. only","02 - Angle"
"4634","EAGLESON RD @ COPE DR/CADENCE GT","354621.62564","5016027.42720","-75.86493","45.28244","2017","11/13/2017","6:30:00 PM","01 - Clear","01 - Dry","01 - Traffic signal","02 - Intersection related","07 - Dark","03 - P.D. only","02 - Angle"
"4635","EAGLESON RD @ COPE DR/CADENCE GT","354621.62564","5016025.42051","-75.86493","45.28242","2017","4/8/2017","9:00:00 AM","01 - Clear","01 - Dry","01 - Traffic signal","02 - Intersection related","01 - Daylight","03 - P.D. only","03 - Rear end"
"4636","EAGLESON RD @ COPE DR/CADENCE GT","354621.62564","5016026.75830","-75.86493","45.28243","2017","3/17/2017","5:43:00 PM","01 - Clear","01 - Dry","01 - Traffic signal","03 - At intersection","01 - Daylight","02 - Non-fatal injury","05 - Turning movement"
"4637","EAGLESON RD @ COPE DR/CADENCE GT","354620.85498","5016027.49609","-75.86494","45.28244","2017","12/26/2017","7:35:00 PM","01 - Clear","01 - Dry","01 - Traffic signal","03 - At intersection","07 - Dark","02 - Non-fatal injury","05 - Turning movement"
"4638","EAGLESON RD @ FALLOWFIELD RD","355963.30634","5012595.74349","-75.84818","45.25146","2017","6/24/2017","7:46:00 PM","02 - Rain","02 - Wet","01 - Traffic signal","03 - At intersection","01 - Daylight","03 - P.D. only","05 - Turning movement"
"4639","EAGLESON RD @ FALLOWFIELD RD","355959.96186","5012593.73680","-75.84823","45.25144","2017","6/19/2017","3:55:00 PM","01 - Clear","01 - Dry","01 - Traffic signal","03 - At intersection","01 - Daylight","03 - P.D. only","02 - Angle"
"4640","EAGLESON RD @ FALLOWFIELD RD","355961.29965","5012593.06791","-75.84821","45.25144","2017","4/26/2017","9:10:00 AM","01 - Clear","01 - Dry","01 - Traffic signal","02 - Intersection related","01 - Daylight","03 - P.D. only","07 - SMV other"
"4641","EAGLESON RD @ FALLOWFIELD RD","355961.29965","5012593.06791","-75.84821","45.25144","2017","6/20/2017","7:22:00 AM","02 - Rain","02 - Wet","01 - Traffic signal","02 - Intersection related","01 - Daylight","03 - P.D. only","03 - Rear end"
"4642","EAGLESON RD @ FALLOWFIELD RD","355961.20260","5012593.32695","-75.84821","45.25144","2017","8/22/2017","11:26:00 AM","01 - Clear","01 - Dry","01 - Traffic signal","03 - At intersection","01 - Daylight","03 - P.D. only","02 - Angle"
"4643","EAGLESON RD @ FALLOWFIELD RD","355961.63410","5012594.16675","-75.84820","45.25145","2017","9/20/2017","8:37:00 AM","01 - Clear","01 - Dry","01 - Traffic signal","03 - At intersection","01 - Daylight","02 - Non-fatal injury","05 - Turning movement"
"4644","EAGLESON RD @ FALLOWFIELD RD","355961.16073","5012594.16901","-75.84821","45.25145","2017","9/25/2017","2:22:00 PM","01 - Clear","01 - Dry","01 - Traffic signal","03 - At intersection","01 - Daylight","02 - Non-fatal injury","03 - Rear end"
"4645","EAGLESON RD @ FALLOWFIELD RD","355961.63410","5012594.16675","-75.84820","45.25145","2017","10/21/2017","12:56:00 PM","01 - Clear","01 - Dry","01 - Traffic signal","03 - At intersection","01 - Daylight","02 - Non-fatal injury","07 - SMV other"
"4646","EAGLESON RD @ FALLOWFIELD RD","355962.63744","5012594.40570","-75.84819","45.25145","2017","11/9/2017","9:10:00 PM","01 - Clear","01 - Dry","01 - Traffic signal","02 - Intersection related","07 - Dark","03 - P.D. only","04 - Sideswipe"
"4647","EAGLESON RD @ FALLOWFIELD RD","355962.63744","5012594.40570","-75.84819","45.25145","2017","11/22/2017","3:50:00 PM","01 - Clear","01 - Dry","01 - Traffic signal","02 - Intersection related","01 - Daylight","03 - P.D. only","02 - Angle"
"4648","EAGLESON RD @ FALLOWFIELD RD","355961.63410","5012594.64239","-75.84820","45.25145","2017","11/7/2017","7:50:00 AM","01 - Clear","01 - Dry","01 - Traffic signal","03 - At intersection","01 - Daylight","03 - P.D. only","03 - Rear end"
"4649","EAGLESON RD @ FALLOWFIELD RD","355959.96186","5012594.40570","-75.84823","45.25145","2017","11/9/2017","7:28:00 PM","02 - Rain","02 - Wet","01 - Traffic signal","03 - At intersection","07 - Dark","02 - Non-fatal injury","05 - Turning movement"
"4650","EAGLESON RD @ FALLOWFIELD RD","355961.08765","5012595.49860","-75.84821","45.25146","2017","2/2/2017","12:50:00 PM","01 - Clear","02 - Wet","01 - Traffic signal","03 - At intersection","01 - Daylight","02 - Non-fatal injury","02 - Angle"
"4651","EAGLESON RD @ FALLOWFIELD RD","355962.63744","5012593.06791","-75.84819","45.25144","2017","3/23/2017","5:52:00 PM","01 - Clear","01 - Dry","01 - Traffic signal","03 - At intersection","01 - Daylight","03 - P.D. only","07 - SMV other"
"4652","EAGLESON RD @ FALLOWFIELD RD","355961.96855","5012595.07460","-75.84820","45.25146","2017","3/15/2017","11:28:00 AM","03 - Snow","03 - Loose snow","01 - Traffic signal","02 - Intersection related","01 - Daylight","03 - P.D. only","03 - Rear end"
"4653","EAGLESON RD @ FERNBANK RD","354798.29485","5015588.09360","-75.86272","45.27847","2017","6/22/2017","10:13:00 PM","01 - Clear","01 - Dry","01 - Traffic signal","02 - Intersection related","07 - Dark","03 - P.D. only","05 - Turning movement"
"4654","EAGLESON RD @ FERNBANK RD","354798.29485","5015587.42470","-75.86272","45.27846","2017","10/28/2017","3:38:00 PM","02 - Rain","02 - Wet","01 - Traffic signal","03 - At intersection","01 - Daylight","03 - P.D. only","05 - Turning movement"
"4655","EAGLESON RD @ FERNBANK RD","354798.96375","5015586.75580","-75.86271","45.27846","2017","11/26/2017","3:28:00 PM","01 - Clear","02 - Wet","01 - Traffic signal","03 - At intersection","01 - Daylight","02 - Non-fatal injury","05 - Turning movement"
"4656","EAGLESON RD @ FLEWELLYN RD","355334.48650","5014247.20955","-75.85603","45.26637","2017","8/22/2017","4:47:00 PM","02 - Rain","02 - Wet","02 - Stop sign","02 - Intersection related","01 - Daylight","03 - P.D. only","07 - SMV other"
"4657","EAGLESON RD @ FLEWELLYN RD","355334.10140","5014248.14215","-75.85603","45.26638","2017","10/29/2017","7:02:00 PM","02 - Rain","02 - Wet","02 - Stop sign","03 - At intersection","07 - Dark","02 - Non-fatal injury","03 - Rear end"
"4658","EAGLESON RD @ HAZELDEAN RD/ROBERTSON RD","353673.29045","5018423.12221","-75.87678","45.30406","2017","6/6/2017","8:00:00 AM","02 - Rain","02 - Wet","01 - Traffic signal","02 - Intersection related","01 - Daylight","03 - P.D. only","03 - Rear end"