"Record","Location","X","Y","Longitude","Latitude","Year","Date","Time","Environment","Road_Surface","Traffic_Control","Collision_Location","Light","Collision_Classification","Impact_type"
"4659","EAGLESON RD @ HAZELDEAN RD/ROBERTSON RD","353673.95935","5018424.46000","-75.87677","45.30407","2017","6/20/2017","7:41:00 PM","01 - Clear","01 - Dry","01 - Traffic signal","02 - Intersection related","01 - Daylight","02 - Non-fatal injury","03 - Rear end"
"4660","EAGLESON RD @ HAZELDEAN RD/ROBERTSON RD","353675.29714","5018425.12890","-75.87676","45.30408","2017","4/24/2017","5:40:00 PM","01 - Clear","01 - Dry","01 - Traffic signal","02 - Intersection related","01 - Daylight","03 - P.D. only","03 - Rear end"
"4661","EAGLESON RD @ HAZELDEAN RD/ROBERTSON RD","353674.05640","5018424.67575","-75.87677","45.30407","2017","8/22/2017","10:47:00 AM","01 - Clear","01 - Dry","01 - Traffic signal","02 - Intersection related","01 - Daylight","03 - P.D. only","04 - Sideswipe"
"4662","EAGLESON RD @ HAZELDEAN RD/ROBERTSON RD","353674.29083","5018424.23802","-75.87677","45.30407","2017","8/31/2017","2:02:00 PM","01 - Clear","01 - Dry","01 - Traffic signal","03 - At intersection","01 - Daylight","03 - P.D. only","03 - Rear end"
"4663","EAGLESON RD @ HAZELDEAN RD/ROBERTSON RD","353673.84688","5018425.12593","-75.87677","45.30408","2017","7/24/2017","8:31:00 PM","02 - Rain","02 - Wet","01 - Traffic signal","02 - Intersection related","05 - Dusk","03 - P.D. only","03 - Rear end"
"4664","EAGLESON RD @ HAZELDEAN RD/ROBERTSON RD","353674.26286","5018423.50306","-75.87677","45.30406","2017","8/8/2017","7:51:00 PM","01 - Clear","01 - Dry","01 - Traffic signal","03 - At intersection","01 - Daylight","03 - P.D. only","05 - Turning movement"
"4665","EAGLESON RD @ HAZELDEAN RD/ROBERTSON RD","353674.29083","5018424.23802","-75.87677","45.30407","2017","8/25/2017","2:10:00 PM","01 - Clear","01 - Dry","01 - Traffic signal","02 - Intersection related","01 - Daylight","03 - P.D. only","03 - Rear end"
"4666","EAGLESON RD @ HAZELDEAN RD/ROBERTSON RD","353673.62490","5018424.69669","-75.87678","45.30407","2017","10/25/2017","12:45:00 PM","01 - Clear","01 - Dry","01 - Traffic signal","02 - Intersection related","01 - Daylight","03 - P.D. only","04 - Sideswipe"
"4667","EAGLESON RD @ HAZELDEAN RD/ROBERTSON RD","353674.10280","5018424.69895","-75.87677","45.30407","2017","10/30/2017","2:30:00 PM","01 - Clear","02 - Wet","01 - Traffic signal","02 - Intersection related","01 - Daylight","03 - P.D. only","03 - Rear end"
"4668","EAGLESON RD @ HAZELDEAN RD/ROBERTSON RD","353674.09827","5018423.27657","-75.87677","45.30406","2017","11/8/2017","9:56:00 AM","01 - Clear","01 - Dry","01 - Traffic signal","02 - Intersection related","01 - Daylight","03 - P.D. only","03 - Rear end"
"4669","EAGLESON RD @ HAZELDEAN RD/ROBERTSON RD","353673.29045","5018423.12221","-75.87678","45.30406","2017","11/20/2017","3:31:00 PM","01 - Clear","01 - Dry","01 - Traffic signal","02 - Intersection related","01 - Daylight","03 - P.D. only","03 - Rear end"
"4670","EAGLESON RD @ HAZELDEAN RD/ROBERTSON RD","353673.62490","5018423.74315","-75.87678","45.30407","2017","11/7/2017","5:45:00 PM","01 - Clear","01 - Dry","01 - Traffic signal","03 - At intersection","07 - Dark","03 - P.D. only","03 - Rear end"
"4671","EAGLESON RD @ HAZELDEAN RD/ROBERTSON RD","353674.48327","5018421.88489","-75.87677","45.30405","2017","1/7/2017","2:22:00 PM","01 - Clear","01 - Dry","01 - Traffic signal","02 - Intersection related","01 - Daylight","03 - P.D. only","03 - Rear end"
"4672","EAGLESON RD @ HAZELDEAN RD/ROBERTSON RD","353673.62490","5018425.55290","-75.87678","45.30408","2017","1/26/2017","3:45:00 PM","01 - Clear","01 - Dry","01 - Traffic signal","02 - Intersection related","01 - Daylight","03 - P.D. only","03 - Rear end"
"4673","EAGLESON RD @ HAZELDEAN RD/ROBERTSON RD","353674.09827","5018424.69669","-75.87677","45.30407","2017","1/14/2017","11:30:00 AM","01 - Clear","01 - Dry","01 - Traffic signal","02 - Intersection related","01 - Daylight","03 - P.D. only","03 - Rear end"
"4674","EAGLESON RD @ HAZELDEAN RD/ROBERTSON RD","353675.12584","5018424.08477","-75.87676","45.30407","2017","2/20/2017","8:47:00 PM","01 - Clear","02 - Wet","01 - Traffic signal","02 - Intersection related","07 - Dark","02 - Non-fatal injury","03 - Rear end"
"4675","EAGLESON RD @ HAZELDEAN RD/ROBERTSON RD","353675.29714","5018424.46000","-75.87676","45.30407","2017","3/15/2017","9:54:00 AM","03 - Snow","06 - Ice","01 - Traffic signal","02 - Intersection related","01 - Daylight","03 - P.D. only","03 - Rear end"
"4676","EAGLESON RD @ HAZELDEAN RD/ROBERTSON RD","353673.95935","5018423.12221","-75.87677","45.30406","2017","3/24/2017","11:35:00 AM","03 - Snow","04 - Slush","01 - Traffic signal","02 - Intersection related","01 - Daylight","03 - P.D. only","99 - Other"
"4677","EAGLESON RD @ HAZELDEAN RD/ROBERTSON RD","353673.62489","5018424.46001","-75.87678","45.30407","2017","12/29/2017","10:10:00 PM","01 - Clear","01 - Dry","01 - Traffic signal","02 - Intersection related","07 - Dark","03 - P.D. only","03 - Rear end"
"4678","EAGLESON RD @ HAZELDEAN RD/ROBERTSON RD","353674.58069","5018423.74315","-75.87677","45.30407","2017","12/31/2017","9:23:00 AM","01 - Clear","05 - Packed snow","01 - Traffic signal","02 - Intersection related","01 - Daylight","03 - P.D. only","07 - SMV other"
"4679","EAGLESON RD @ HAZELDEAN RD/ROBERTSON RD","353672.20478","5018425.17006","-75.87680","45.30408","2017","12/21/2017","9:20:00 AM","01 - Clear","01 - Dry","01 - Traffic signal","02 - Intersection related","01 - Daylight","03 - P.D. only","03 - Rear end"
"4680","EAGLESON RD @ HOPE SIDE RD/TERRY FOX DR","355189.82514","5014616.00490","-75.85783","45.26970","2017","5/14/2017","4:50:00 PM","01 - Clear","01 - Dry","01 - Traffic signal","03 - At intersection","01 - Daylight","02 - Non-fatal injury","02 - Angle"
"4681","EAGLESON RD @ HOPE SIDE RD/TERRY FOX DR","355187.93092","5014615.33897","-75.85786","45.26969","2017","8/24/2017","9:54:00 PM","01 - Clear","01 - Dry","01 - Traffic signal","02 - Intersection related","07 - Dark","03 - P.D. only","03 - Rear end"
"4682","EAGLESON RD @ HOPE SIDE RD/TERRY FOX DR","355189.01127","5014615.14653","-75.85784","45.26969","2017","1/11/2017","10:11:00 AM","01 - Clear","02 - Wet","01 - Traffic signal","02 - Intersection related","01 - Daylight","03 - P.D. only","99 - Other"
"4683","EAGLESON RD @ HOPE SIDE RD/TERRY FOX DR","355188.15290","5014617.09780","-75.85785","45.26971","2017","2/6/2017","2:31:00 PM","01 - Clear","01 - Dry","01 - Traffic signal","02 - Intersection related","01 - Daylight","03 - P.D. only","03 - Rear end"
"4684","EAGLESON RD @ HWY 417 EAGLESO IC138R35","352963.76410","5020184.71850","-75.88566","45.31996","2017","4/3/2017","5:51:00 PM","01 - Clear","01 - Dry","10 - No control","02 - Intersection related","01 - Daylight","03 - P.D. only","03 - Rear end"
"4685","EAGLESON RD @ HWY 417 EAGLESO IC138R51/PARK AN","353038.18444","5020014.45680","-75.88473","45.31842","2017","6/15/2017","5:40:00 PM","01 - Clear","01 - Dry","01 - Traffic signal","03 - At intersection","01 - Daylight","03 - P.D. only","05 - Turning movement"
"4686","EAGLESON RD @ HWY 417 EAGLESO IC138R51/PARK AN","353036.17776","5020014.45680","-75.88475","45.31842","2017","5/3/2017","2:13:00 PM","01 - Clear","01 - Dry","01 - Traffic signal","02 - Intersection related","01 - Daylight","03 - P.D. only","07 - SMV other"
"4687","EAGLESON RD @ HWY 417 EAGLESO IC138R51/PARK AN","353038.06037","5020014.46323","-75.88473","45.31842","2017","7/29/2017","3:13:00 PM","01 - Clear","01 - Dry","01 - Traffic signal","02 - Intersection related","01 - Daylight","02 - Non-fatal injury","03 - Rear end"
"4688","EAGLESON RD @ HWY 417 EAGLESO IC138R51/PARK AN","353037.81540","5020014.16928","-75.88473","45.31842","2017","10/23/2017","6:17:00 PM","01 - Clear","01 - Dry","01 - Traffic signal","02 - Intersection related","05 - Dusk","03 - P.D. only","03 - Rear end"
"4689","EAGLESON RD @ HWY 417 EAGLESO IC138R51/PARK AN","353036.76080","5020014.03079","-75.88474","45.31842","2017","10/2/2017","10:59:00 AM","01 - Clear","01 - Dry","01 - Traffic signal","02 - Intersection related","01 - Daylight","03 - P.D. only","03 - Rear end"
"4690","EAGLESON RD @ HWY 417 EAGLESO IC138R51/PARK AN","353037.10075","5020013.12087","-75.88474","45.31841","2017","12/7/2017","6:05:00 PM","01 - Clear","03 - Loose snow","01 - Traffic signal","03 - At intersection","07 - Dark","03 - P.D. only","07 - SMV other"
"4691","EAGLESON RD @ HWY 417 EAGLESO IC138R51/PARK AN","353036.23435","5020013.07784","-75.88475","45.31841","2017","12/7/2017","6:06:00 PM","01 - Clear","01 - Dry","01 - Traffic signal","03 - At intersection","07 - Dark","03 - P.D. only","07 - SMV other"
"4692","EAGLESON RD @ HWY 417 EAGLESO IC138R51/PARK AN","353036.17776","5020013.78790","-75.88475","45.31842","2017","4/16/2017","2:12:00 AM","02 - Rain","02 - Wet","01 - Traffic signal","03 - At intersection","07 - Dark","03 - P.D. only","02 - Angle"
"4693","EAGLESON RD @ KAKULU RD","353382.56435","5019151.70549","-75.88042","45.31064","2017","9/30/2017","3:45:00 PM","01 - Clear","01 - Dry","01 - Traffic signal","02 - Intersection related","01 - Daylight","03 - P.D. only","03 - Rear end"
"4694","EAGLESON RD @ KAKULU RD","353381.28315","5019151.46880","-75.88043","45.31063","2017","3/17/2017","6:18:00 PM","01 - Clear","01 - Dry","01 - Traffic signal","02 - Intersection related","05 - Dusk","02 - Non-fatal injury","03 - Rear end"
"4695","EAGLESON RD @ KAKULU RD","353383.14611","5019152.48780","-75.88041","45.31064","2017","3/6/2017","12:23:00 AM","01 - Clear","01 - Dry","01 - Traffic signal","03 - At intersection","07 - Dark","03 - P.D. only","03 - Rear end"
"4696","EAGLESON RD @ KATIMAVIK RD/TIMM DR","353214.28965","5019566.13880","-75.88252","45.31438","2017","3/19/2017","3:46:00 PM","01 - Clear","01 - Dry","01 - Traffic signal","02 - Intersection related","01 - Daylight","03 - P.D. only","03 - Rear end"
"4697","EAGLESON RD @ KATIMAVIK RD/TIMM DR","353215.62744","5019565.46990","-75.88251","45.31437","2017","4/7/2017","5:33:00 PM","01 - Clear","01 - Dry","01 - Traffic signal","03 - At intersection","01 - Daylight","02 - Non-fatal injury","05 - Turning movement"
"4698","EAGLESON RD @ KATIMAVIK RD/TIMM DR","353213.62076","5019566.13880","-75.88253","45.31438","2017","4/23/2017","4:47:00 PM","01 - Clear","01 - Dry","01 - Traffic signal","02 - Intersection related","01 - Daylight","03 - P.D. only","05 - Turning movement"
"4699","EAGLESON RD @ KATIMAVIK RD/TIMM DR","353214.15073","5019565.23321","-75.88252","45.31437","2017","12/19/2017","5:36:00 PM","03 - Snow","03 - Loose snow","01 - Traffic signal","02 - Intersection related","07 - Dark","03 - P.D. only","03 - Rear end"
"4700","EAGLESON RD @ MICHAEL COWPLAND DR/STONEHAVEN D","354382.29155","5016622.77520","-75.86792","45.28781","2017","6/13/2017","12:13:00 PM","01 - Clear","01 - Dry","01 - Traffic signal","03 - At intersection","01 - Daylight","02 - Non-fatal injury","05 - Turning movement"
"4701","EAGLESON RD @ MICHAEL COWPLAND DR/STONEHAVEN D","354382.97690","5016623.08332","-75.86791","45.28781","2017","7/31/2017","8:35:00 AM","01 - Clear","01 - Dry","01 - Traffic signal","02 - Intersection related","01 - Daylight","03 - P.D. only","03 - Rear end"
"4702","EAGLESON RD @ MICHAEL COWPLAND DR/STONEHAVEN D","354382.47700","5016624.60627","-75.86792","45.28783","2017","7/18/2017","9:13:00 PM","01 - Clear","01 - Dry","01 - Traffic signal","03 - At intersection","05 - Dusk","03 - P.D. only","05 - Turning movement"
"4703","EAGLESON RD @ MICHAEL COWPLAND DR/STONEHAVEN D","354382.97690","5016624.66237","-75.86791","45.28783","2017","7/15/2017","3:16:00 PM","01 - Clear","01 - Dry","01 - Traffic signal","02 - Intersection related","01 - Daylight","03 - P.D. only","03 - Rear end"
"4704","EAGLESON RD @ MICHAEL COWPLAND DR/STONEHAVEN D","354383.62934","5016624.11300","-75.86790","45.28782","2017","10/27/2017","8:20:00 PM","01 - Clear","01 - Dry","01 - Traffic signal","03 - At intersection","07 - Dark","02 - Non-fatal injury","05 - Turning movement"
"4705","EAGLESON RD @ MICHAEL COWPLAND DR/STONEHAVEN D","354382.78989","5016623.15803","-75.86792","45.28781","2017","12/10/2017","12:16:00 AM","03 - Snow","03 - Loose snow","01 - Traffic signal","02 - Intersection related","07 - Dark","03 - P.D. only","99 - Other"
"4706","EAGLESON RD @ MICHAEL COWPLAND DR/STONEHAVEN D","354380.95376","5016622.77520","-75.86794","45.28781","2017","11/24/2017","7:31:00 PM","01 - Clear","01 - Dry","01 - Traffic signal","02 - Intersection related","07 - Dark","02 - Non-fatal injury","03 - Rear end"
"4707","EAGLESON RD @ MICHAEL COWPLAND DR/STONEHAVEN D","354384.57707","5016620.86511","-75.86789","45.28779","2017","11/30/2017","8:48:00 PM","02 - Rain","02 - Wet","01 - Traffic signal","02 - Intersection related","07 - Dark","03 - P.D. only","07 - SMV other"
"4708","EAGLESON RD @ MICHAEL COWPLAND DR/STONEHAVEN D","354381.62266","5016623.44410","-75.86793","45.28782","2017","2/13/2017","6:57:00 PM","01 - Clear","02 - Wet","01 - Traffic signal","02 - Intersection related","07 - Dark","03 - P.D. only","99 - Other"
"4709","EAGLESON RD @ MICHAEL COWPLAND DR/STONEHAVEN D","354383.62934","5016622.77520","-75.86790","45.28781","2017","3/16/2017","7:55:00 AM","01 - Clear","04 - Slush","01 - Traffic signal","02 - Intersection related","01 - Daylight","03 - P.D. only","03 - Rear end"
"4710","EAGLESON RD @ MICHAEL COWPLAND DR/STONEHAVEN D","354382.29155","5016622.10631","-75.86792","45.28780","2017","3/15/2017","5:57:00 PM","03 - Snow","03 - Loose snow","01 - Traffic signal","02 - Intersection related","01 - Daylight","03 - P.D. only","03 - Rear end"
"4711","EAGLESON RD @ MICHAEL COWPLAND DR/STONEHAVEN D","354382.96045","5016624.11300","-75.86791","45.28782","2017","3/20/2017","8:40:00 AM","01 - Clear","01 - Dry","01 - Traffic signal","02 - Intersection related","01 - Daylight","03 - P.D. only","03 - Rear end"
"4712","EAGLESON RD @ MICHAEL COWPLAND DR/STONEHAVEN D","354382.75401","5016623.01089","-75.86792","45.28781","2017","12/20/2017","9:15:00 AM","03 - Snow","06 - Ice","01 - Traffic signal","02 - Intersection related","01 - Daylight","03 - P.D. only","03 - Rear end"
"4713","EAGLESON RD @ PALOMINO DR N","354010.63144","5017577.44680","-75.87256","45.29643","2017","5/1/2017","1:28:00 PM","02 - Rain","02 - Wet","01 - Traffic signal","03 - At intersection","01 - Daylight","02 - Non-fatal injury","05 - Turning movement"
"4714","EAGLESON RD @ PALOMINO DR N","354011.30034","5017577.44680","-75.87256","45.29643","2017","5/23/2017","7:52:00 AM","01 - Clear","01 - Dry","01 - Traffic signal","02 - Intersection related","01 - Daylight","03 - P.D. only","04 - Sideswipe"
"4715","EAGLESON RD @ PALOMINO DR N","354009.49446","5017577.93043","-75.87258","45.29643","2017","10/5/2017","1:25:00 PM","01 - Clear","01 - Dry","01 - Traffic signal","02 - Intersection related","01 - Daylight","03 - P.D. only","03 - Rear end"
"4716","EAGLESON RD @ PALOMINO DR N","354009.62810","5017578.80365","-75.87258","45.29644","2017","2/5/2017","11:20:00 AM","03 - Snow","03 - Loose snow","01 - Traffic signal","02 - Intersection related","01 - Daylight","03 - P.D. only","07 - SMV other"
"4717","EAGLESON RD @ PALOMINO DR S/ROTHESAY DR","354123.15199","5017289.77619","-75.87116","45.29383","2017","8/31/2017","2:06:00 PM","01 - Clear","01 - Dry","01 - Traffic signal","02 - Intersection related","01 - Daylight","03 - P.D. only","03 - Rear end"
"4718","EAGLESON RD @ PALOMINO DR S/ROTHESAY DR","354124.73258","5017288.54178","-75.87114","45.29382","2017","11/1/2017","7:58:00 PM","02 - Rain","02 - Wet","01 - Traffic signal","02 - Intersection related","07 - Dark","02 - Non-fatal injury","05 - Turning movement"
"4719","EAGLESON RD @ PALOMINO DR S/ROTHESAY DR","354124.62490","5017288.24587","-75.87114","45.29382","2017","1/8/2017","11:20:00 AM","03 - Snow","02 - Wet","01 - Traffic signal","02 - Intersection related","01 - Daylight","03 - P.D. only","07 - SMV other"
"4720","EAGLESON RD @ PERTH ST/RICHMOND RD","358015.96495","5007411.01420","-75.82259","45.20466","2017","11/28/2017","5:58:00 AM","01 - Clear","01 - Dry","01 - Traffic signal","02 - Intersection related","07 - Dark","03 - P.D. only","03 - Rear end"
"4721","EAGLESON RD @ PERTH ST/RICHMOND RD","358017.30274","5007409.67640","-75.82257","45.20464","2017","11/10/2017","4:13:00 PM","01 - Clear","01 - Dry","01 - Traffic signal","03 - At intersection","01 - Daylight","02 - Non-fatal injury","02 - Angle"
"4722","EAGLESON RD @ PERTH ST/RICHMOND RD","358014.77213","5007409.48693","-75.82260","45.20464","2017","1/7/2017","12:34:00 PM","01 - Clear","01 - Dry","01 - Traffic signal","02 - Intersection related","01 - Daylight","03 - P.D. only","05 - Turning movement"
"4723","EAGLESON RD @ RUSHMORE RD","356744.10577","5010543.68774","-75.83845","45.23294","2017","12/23/2017","1:39:00 PM","03 - Snow","03 - Loose snow","02 - Stop sign","02 - Intersection related","01 - Daylight","03 - P.D. only","07 - SMV other"
"4724","EAGLESON RD btwn 146 N OF ABBEYHILL DR/HAZELDEAN MALL SC & ABBEYHILL D","353820.43343","5018050.85081","-75.87494","45.30070","2017","7/22/2017","4:13:00 PM","01 - Clear","01 - Dry","10 - No control","01 - Non intersection","01 - Daylight","02 - Non-fatal injury","03 - Rear end"
"4725","EAGLESON RD btwn ABBEYHILL DR & PALOMINO DR","353879.18389","5017907.14971","-75.87421","45.29940","2017","5/23/2017","4:37:00 PM","01 - Clear","01 - Dry","10 - No control","01 - Non intersection","01 - Daylight","03 - P.D. only","03 - Rear end"
"4726","EAGLESON RD btwn ABBEYHILL DR & PALOMINO DR","353930.40577","5017759.67145","-75.87357","45.29807","2017","7/28/2017","11:39:00 AM","01 - Clear","01 - Dry","10 - No control","01 - Non intersection","01 - Daylight","03 - P.D. only","06 - SMV unattended vehicle"
"4727","EAGLESON RD btwn ABBEYHILL DR & PALOMINO DR","353904.15479","5017842.28363","-75.87390","45.29882","2017","6/30/2017","12:59:00 PM","02 - Rain","02 - Wet","10 - No control","01 - Non intersection","01 - Daylight","03 - P.D. only","04 - Sideswipe"
"4728","EAGLESON RD btwn ABBEYHILL DR & PALOMINO DR","353950.43078","5017723.26620","-75.87332","45.29774","2017","11/19/2017","2:01:00 PM","03 - Snow","03 - Loose snow","10 - No control","01 - Non intersection","01 - Daylight","02 - Non-fatal injury","03 - Rear end"
"4729","EAGLESON RD btwn AKINS RD & RUSHMORE RD","356664.79217","5010728.34863","-75.83944","45.23461","2017","12/8/2017","2:06:00 PM","01 - Clear","01 - Dry","10 - No control","01 - Non intersection","01 - Daylight","02 - Non-fatal injury","01 - Approaching"
"4730","EAGLESON RD btwn AKINS RD & RUSHMORE RD","356705.40062","5010636.39302","-75.83893","45.23378","2017","12/12/2017","10:17:00 AM","03 - Snow","03 - Loose snow","10 - No control","01 - Non intersection","01 - Daylight","03 - P.D. only","07 - SMV other"
"4731","EAGLESON RD btwn AKINS RD & RUSHMORE RD","356506.01850","5011171.34990","-75.84142","45.23860","2017","3/24/2017","7:02:00 PM","03 - Snow","06 - Ice","10 - No control","01 - Non intersection","07 - Dark","02 - Non-fatal injury","07 - SMV other"
"4732","EAGLESON RD btwn Continuation of EAGLESON RD & FERNBANK RD","354758.82997","5015686.42136","-75.86322","45.27936","2017","2/12/2017","4:54:00 PM","03 - Snow","03 - Loose snow","10 - No control","01 - Non intersection","05 - Dusk","02 - Non-fatal injury","01 - Approaching"
"4733","EAGLESON RD btwn EAGLESON BUSINESS CENTRE & MICHAEL COWPLAND DR/STONEH","354329.15122","5016758.32747","-75.86859","45.28903","2017","12/14/2017","12:39:00 PM","01 - Clear","05 - Packed snow","10 - No control","04 - At/near private drive","01 - Daylight","03 - P.D. only","02 - Angle"
"4734","EAGLESON RD btwn EAGLESON RD & FLEWELLYN RD","355311.85990","5014300.33337","-75.85631","45.26685","2017","2/11/2017","12:08:00 PM","01 - Clear","02 - Wet","10 - No control","01 - Non intersection","01 - Daylight","02 - Non-fatal injury","03 - Rear end"
"4735","EAGLESON RD btwn EMERALD MEADOWS DR & TERRY FOX DR","355036.64788","5015005.74849","-75.85974","45.27321","2017","3/14/2017","4:40:00 PM","03 - Snow","03 - Loose snow","10 - No control","01 - Non intersection","01 - Daylight","03 - P.D. only","99 - Other"
"4736","EAGLESON RD btwn FALLOWFIELD RD & AKINS RD","355963.86851","5012589.36563","-75.84818","45.25140","2017","10/3/2017","5:47:00 PM","01 - Clear","01 - Dry","10 - No control","01 - Non intersection","01 - Daylight","02 - Non-fatal injury","07 - SMV other"
"4737","EAGLESON RD btwn FALLOWFIELD RD & AKINS RD","356327.81664","5011668.91232","-75.84364","45.24309","2017","12/12/2017","8:18:00 PM","03 - Snow","05 - Packed snow","10 - No control","01 - Non intersection","07 - Dark","03 - P.D. only","07 - SMV other"
"4738","EAGLESON RD btwn FALLOWFIELD RD & AKINS RD","355986.71771","5012538.88731","-75.84789","45.25095","2017","3/16/2017","3:55:00 PM","01 - Clear","06 - Ice","10 - No control","01 - Non intersection","01 - Daylight","03 - P.D. only","07 - SMV other"
"4739","EAGLESON RD btwn FAULKNER TR & FALLOWFIELD RD","355708.69193","5013239.99032","-75.85136","45.25728","2017","5/30/2017","6:50:00 AM","01 - Clear","01 - Dry","10 - No control","01 - Non intersection","01 - Daylight","03 - P.D. only","07 - SMV other"
"4740","EAGLESON RD btwn FAULKNER TR & FALLOWFIELD RD","355742.64930","5013146.29113","-75.85094","45.25643","2017","1/23/2017","7:59:00 AM","04 - Freezing Rain","06 - Ice","10 - No control","04 - At/near private drive","01 - Daylight","03 - P.D. only","01 - Approaching"
"4741","EAGLESON RD btwn FLEWELLYN RD & FAULKNER TR","355526.23735","5013736.59491","-75.85363","45.26176","2017","6/27/2017","10:17:00 AM","01 - Clear","01 - Dry","10 - No control","01 - Non intersection","01 - Daylight","03 - P.D. only","03 - Rear end"
"4742","EAGLESON RD btwn FLEWELLYN RD & FAULKNER TR","355406.20856","5014043.86531","-75.85513","45.26453","2017","1/5/2017","1:53:00 PM","01 - Clear","03 - Loose snow","10 - No control","01 - Non intersection","01 - Daylight","03 - P.D. only","03 - Rear end"
"4743","EAGLESON RD btwn HAZELDEAN RD & 146 N OF ABBEYHILL DR/HAZELDEAN MALL S","353691.57361","5018375.74205","-75.87655","45.30363","2017","7/10/2017","2:10:00 AM","02 - Rain","02 - Wet","10 - No control","01 - Non intersection","07 - Dark","03 - P.D. only","07 - SMV other"
"4744","EAGLESON RD btwn HAZELDEAN RD & 146 N OF ABBEYHILL DR/HAZELDEAN MALL S","353681.22327","5018405.73544","-75.87668","45.30390","2017","1/30/2017","4:50:00 PM","01 - Clear","01 - Dry","10 - No control","01 - Non intersection","05 - Dusk","03 - P.D. only","07 - SMV other"
"4745","EAGLESON RD btwn HWY417 IC138 RAMP51 & KATIMAVIK RD","353176.39232","5019657.82775","-75.88300","45.31520","2017","9/5/2017","9:01:00 AM","01 - Clear","01 - Dry","10 - No control","01 - Non intersection","01 - Daylight","03 - P.D. only","04 - Sideswipe"
"4746","EAGLESON RD btwn HWY417 IC138 RAMP51 & KATIMAVIK RD","353161.81958","5019706.87754","-75.88318","45.31565","2017","2/13/2017","1:25:00 PM","01 - Clear","02 - Wet","10 - No control","01 - Non intersection","01 - Daylight","03 - P.D. only","04 - Sideswipe"
"4747","EAGLESON RD btwn KATIMAVIK RD & KAKULU RD","353327.22407","5019287.28174","-75.88111","45.31186","2017","3/6/2017","10:25:00 PM","04 - Freezing Rain","06 - Ice","10 - No control","01 - Non intersection","07 - Dark","03 - P.D. only","07 - SMV other"
"4748","EAGLESON RD btwn OTTAWA ST & BROPHY DR","358976.37643","5005004.90015","-75.81062","45.18293","2017","7/29/2017","3:10:00 AM","01 - Clear","01 - Dry","10 - No control","01 - Non intersection","07 - Dark","02 - Non-fatal injury","04 - Sideswipe"
"4749","EAGLESON RD btwn OTTAWA ST & BROPHY DR","358634.75715","5005877.09920","-75.81488","45.19081","2017","1/4/2017","8:24:00 AM","03 - Snow","06 - Ice","10 - No control","01 - Non intersection","01 - Daylight","02 - Non-fatal injury","01 - Approaching"
"4750","EAGLESON RD btwn PALOMINO DR & ROTHESAY DR","354085.50397","5017386.10776","-75.87163","45.29470","2017","3/18/2017","11:24:00 PM","01 - Clear","01 - Dry","10 - No control","01 - Non intersection","07 - Dark","03 - P.D. only","07 - SMV other"
"4751","EAGLESON RD btwn SHATNER GT & HAZELDEAN RD","353613.21624","5018572.40493","-75.87753","45.30541","2017","2/13/2017","4:00:00 PM","01 - Clear","02 - Wet","10 - No control","01 - Non intersection","01 - Daylight","03 - P.D. only","03 - Rear end"
"4752","EARL ARMSTRONG RD @ BOWESVILLE RD","372561.74434","5017440.46360","-75.63608","45.29365","2017","6/28/2017","6:28:00 AM","01 - Clear","01 - Dry","02 - Stop sign","03 - At intersection","01 - Daylight","02 - Non-fatal injury","05 - Turning movement"
"4753","EARL ARMSTRONG RD @ BOWESVILLE RD","372560.26763","5017441.64703","-75.63610","45.29366","2017","10/18/2017","5:01:00 PM","01 - Clear","01 - Dry","02 - Stop sign","03 - At intersection","01 - Daylight","03 - P.D. only","02 - Angle"
"4754","EARL ARMSTRONG RD @ BOWESVILLE RD","372562.85058","5017440.50516","-75.63607","45.29365","2017","10/24/2017","9:26:00 PM","02 - Rain","02 - Wet","02 - Stop sign","03 - At intersection","07 - Dark","03 - P.D. only","02 - Angle"
"4755","EARL ARMSTRONG RD @ BOWESVILLE RD","372560.78539","5017440.46490","-75.63609","45.29365","2017","9/15/2017","7:50:00 PM","01 - Clear","01 - Dry","02 - Stop sign","02 - Intersection related","05 - Dusk","03 - P.D. only","02 - Angle"
"4756","EARL ARMSTRONG RD @ BOWESVILLE RD","372560.77798","5017440.39113","-75.63609","45.29365","2017","1/12/2017","4:23:00 PM","01 - Clear","02 - Wet","02 - Stop sign","03 - At intersection","01 - Daylight","03 - P.D. only","02 - Angle"
"4757","EARL ARMSTRONG RD @ BOWESVILLE RD","372561.25050","5017440.46360","-75.63609","45.29365","2017","3/3/2017","2:32:00 PM","01 - Clear","01 - Dry","02 - Stop sign","03 - At intersection","01 - Daylight","03 - P.D. only","02 - Angle"
"4758","EARL ARMSTRONG RD @ BOWESVILLE RD","372560.98449","5017440.61540","-75.63609","45.29365","2017","2/28/2017","4:44:00 PM","01 - Clear","01 - Dry","02 - Stop sign","03 - At intersection","01 - Daylight","02 - Non-fatal injury","02 - Angle"
"4759","EARL ARMSTRONG RD @ BOWESVILLE RD","372560.80389","5017440.70570","-75.63609","45.29365","2017","4/16/2017","2:45:00 AM","07 - Fog, mist, smoke, dust","02 - Wet","02 - Stop sign","02 - Intersection related","07 - Dark","03 - P.D. only","07 - SMV other"
"4760","EARL ARMSTRONG RD @ BOWESVILLE RD","372568.42970","5017446.23070","-75.63599","45.29370","2017","3/15/2017","12:20:00 PM","05 - Drifting Snow","06 - Ice","02 - Stop sign","02 - Intersection related","01 - Daylight","02 - Non-fatal injury","07 - SMV other"
"4761","EARL ARMSTRONG RD @ LIMEBANK RD","370156.23040","5015959.43170","-75.66694","45.28055","2017","6/10/2017","1:54:00 PM","01 - Clear","01 - Dry","01 - Traffic signal","02 - Intersection related","01 - Daylight","02 - Non-fatal injury","03 - Rear end"