"Record","Location","X","Y","Longitude","Latitude","Year","Date","Time","Environment","Road_Surface","Traffic_Control","Collision_Location","Light","Collision_Classification","Impact_type"
"4762","EARL ARMSTRONG RD @ LIMEBANK RD","370156.23040","5015960.45070","-75.66694","45.28056","2017","5/24/2017","7:28:00 AM","01 - Clear","01 - Dry","01 - Traffic signal","02 - Intersection related","01 - Daylight","03 - P.D. only","03 - Rear end"
"4763","EARL ARMSTRONG RD @ LIMEBANK RD","370156.05535","5015961.11960","-75.66694","45.28057","2017","3/24/2017","6:44:00 PM","03 - Snow","03 - Loose snow","01 - Traffic signal","03 - At intersection","07 - Dark","03 - P.D. only","07 - SMV other"
"4764","EARL ARMSTRONG RD @ PARK N RIDE/295 E OF RIVER RD","367882.92910","5014698.17620","-75.69607","45.26941","2017","1/20/2017","7:08:00 AM","01 - Clear","02 - Wet","01 - Traffic signal","03 - At intersection","03 - Dawn","02 - Non-fatal injury","05 - Turning movement"
"4765","EARL ARMSTRONG RD @ RIVER RD","367572.38405","5014685.06640","-75.70003","45.26932","2017","5/19/2017","12:30:00 PM","01 - Clear","01 - Dry","01 - Traffic signal","02 - Intersection related","01 - Daylight","03 - P.D. only","03 - Rear end"
"4766","EARL ARMSTRONG RD @ RIVER RD","367573.05295","5014683.72860","-75.70002","45.26931","2017","6/21/2017","5:52:00 PM","01 - Clear","01 - Dry","01 - Traffic signal","02 - Intersection related","01 - Daylight","03 - P.D. only","03 - Rear end"
"4767","EARL ARMSTRONG RD @ RIVER RD","367577.78286","5014686.77439","-75.69996","45.26934","2017","5/30/2017","4:23:00 PM","01 - Clear","01 - Dry","01 - Traffic signal","02 - Intersection related","01 - Daylight","03 - P.D. only","03 - Rear end"
"4768","EARL ARMSTRONG RD @ RIVER RD","367572.38405","5014685.06640","-75.70003","45.26932","2017","5/23/2017","6:16:00 PM","01 - Clear","01 - Dry","01 - Traffic signal","02 - Intersection related","01 - Daylight","03 - P.D. only","03 - Rear end"
"4769","EARL ARMSTRONG RD @ RIVER RD","367572.71850","5014685.49040","-75.70003","45.26932","2017","9/1/2017","4:00:00 PM","01 - Clear","01 - Dry","01 - Traffic signal","02 - Intersection related","01 - Daylight","02 - Non-fatal injury","02 - Angle"
"4770","EARL ARMSTRONG RD @ RIVER RD","367572.38405","5014685.06640","-75.70003","45.26932","2017","7/19/2017","11:30:00 AM","01 - Clear","01 - Dry","01 - Traffic signal","02 - Intersection related","01 - Daylight","03 - P.D. only","03 - Rear end"
"4771","EARL ARMSTRONG RD @ RIVER RD","367573.05295","5014685.73529","-75.70002","45.26933","2017","6/26/2017","3:30:00 PM","01 - Clear","01 - Dry","01 - Traffic signal","02 - Intersection related","01 - Daylight","02 - Non-fatal injury","03 - Rear end"
"4772","EARL ARMSTRONG RD @ RIVER RD","367572.71850","5014684.70191","-75.70003","45.26932","2017","8/16/2017","10:45:00 AM","01 - Clear","02 - Wet","01 - Traffic signal","03 - At intersection","01 - Daylight","03 - P.D. only","03 - Rear end"
"4773","EARL ARMSTRONG RD @ RIVER RD","367572.71850","5014684.62096","-75.70003","45.26932","2017","9/12/2017","4:22:00 PM","01 - Clear","01 - Dry","01 - Traffic signal","02 - Intersection related","01 - Daylight","02 - Non-fatal injury","03 - Rear end"
"4774","EARL ARMSTRONG RD @ RIVER RD","367572.59842","5014685.07085","-75.70003","45.26932","2017","9/22/2017","5:08:00 PM","01 - Clear","01 - Dry","01 - Traffic signal","02 - Intersection related","01 - Daylight","03 - P.D. only","03 - Rear end"
"4775","EARL ARMSTRONG RD @ RIVER RD","367575.89525","5014684.53205","-75.69999","45.26932","2017","9/28/2017","7:17:00 AM","01 - Clear","01 - Dry","01 - Traffic signal","02 - Intersection related","01 - Daylight","03 - P.D. only","03 - Rear end"
"4776","EARL ARMSTRONG RD @ RIVER RD","367570.17099","5014684.39750","-75.70006","45.26932","2017","11/29/2017","4:45:00 PM","01 - Clear","01 - Dry","01 - Traffic signal","02 - Intersection related","05 - Dusk","03 - P.D. only","03 - Rear end"
"4777","EARL ARMSTRONG RD @ RIVER RD","367571.71516","5014685.73529","-75.70004","45.26933","2017","11/25/2017","10:32:00 AM","02 - Rain","02 - Wet","01 - Traffic signal","03 - At intersection","01 - Daylight","03 - P.D. only","05 - Turning movement"
"4778","EARL ARMSTRONG RD @ RIVER RD","367574.39074","5014684.39750","-75.70001","45.26931","2017","2/14/2017","8:42:00 PM","03 - Snow","03 - Loose snow","01 - Traffic signal","03 - At intersection","07 - Dark","02 - Non-fatal injury","05 - Turning movement"
"4779","EARL ARMSTRONG RD @ RIVER RD","367573.64564","5014688.51269","-75.70002","45.26935","2017","1/23/2017","3:50:00 PM","01 - Clear","01 - Dry","01 - Traffic signal","02 - Intersection related","01 - Daylight","02 - Non-fatal injury","03 - Rear end"
"4780","EARL ARMSTRONG RD @ RIVER RD","367572.38405","5014685.06640","-75.70003","45.26932","2017","2/16/2017","10:58:00 AM","03 - Snow","02 - Wet","01 - Traffic signal","02 - Intersection related","01 - Daylight","02 - Non-fatal injury","03 - Rear end"
"4781","EARL ARMSTRONG RD @ RIVER RD","367572.12054","5014685.67361","-75.70004","45.26933","2017","1/9/2017","11:36:00 AM","01 - Clear","01 - Dry","01 - Traffic signal","02 - Intersection related","01 - Daylight","03 - P.D. only","03 - Rear end"
"4782","EARL ARMSTRONG RD @ RIVER RD","367573.72184","5014686.40419","-75.70002","45.26933","2017","3/1/2017","5:52:00 PM","01 - Clear","02 - Wet","01 - Traffic signal","02 - Intersection related","05 - Dusk","03 - P.D. only","03 - Rear end"
"4783","EARL ARMSTRONG RD @ RIVER RD","367571.04626","5014684.39750","-75.70005","45.26932","2017","3/11/2017","7:34:00 PM","01 - Clear","01 - Dry","01 - Traffic signal","02 - Intersection related","07 - Dark","03 - P.D. only","99 - Other"
"4784","EARL ARMSTRONG RD @ SHORELINE DR","368840.79027","5015288.59103","-75.68379","45.27464","2017","2/11/2017","9:08:00 AM","01 - Clear","04 - Slush","01 - Traffic signal","02 - Intersection related","01 - Daylight","03 - P.D. only","07 - SMV other"
"4785","EARL ARMSTRONG RD @ SPRATT RD","368399.43113","5015006.91183","-75.68945","45.27214","2017","8/1/2017","4:55:00 PM","01 - Clear","01 - Dry","01 - Traffic signal","03 - At intersection","01 - Daylight","02 - Non-fatal injury","02 - Angle"
"4786","EARL ARMSTRONG RD @ SPRATT RD","368397.31793","5015011.12469","-75.68948","45.27218","2017","8/9/2017","6:00:00 PM","01 - Clear","01 - Dry","01 - Traffic signal","02 - Intersection related","01 - Daylight","03 - P.D. only","03 - Rear end"
"4787","EARL ARMSTRONG RD @ SPRATT RD","368397.71244","5015009.42241","-75.68947","45.27217","2017","10/28/2017","10:05:00 PM","02 - Rain","02 - Wet","01 - Traffic signal","03 - At intersection","07 - Dark","03 - P.D. only","05 - Turning movement"
"4788","EARL ARMSTRONG RD @ SPRATT RD","368405.73648","5015011.44000","-75.68937","45.27218","2017","11/24/2017","6:25:00 PM","01 - Clear","01 - Dry","01 - Traffic signal","03 - At intersection","07 - Dark","02 - Non-fatal injury","05 - Turning movement"
"4789","EARL ARMSTRONG RD @ SPRATT RD","368396.16265","5015011.42910","-75.68949","45.27218","2017","1/26/2017","7:40:00 AM","02 - Rain","02 - Wet","01 - Traffic signal","03 - At intersection","03 - Dawn","02 - Non-fatal injury","03 - Rear end"
"4790","EARL ARMSTRONG RD @ SPRATT RD","368395.95863","5015010.30340","-75.68950","45.27217","2017","1/5/2017","3:55:00 PM","01 - Clear","02 - Wet","01 - Traffic signal","03 - At intersection","01 - Daylight","02 - Non-fatal injury","05 - Turning movement"
"4791","EARL ARMSTRONG RD @ SPRATT RD","368397.21860","5015011.42910","-75.68948","45.27218","2017","3/21/2017","6:44:00 PM","01 - Clear","01 - Dry","01 - Traffic signal","03 - At intersection","05 - Dusk","03 - P.D. only","05 - Turning movement"
"4792","EARL ARMSTRONG RD @ SPRATT RD","368396.37465","5015012.09800","-75.68949","45.27219","2017","4/6/2017","8:00:00 AM","01 - Clear","02 - Wet","01 - Traffic signal","02 - Intersection related","01 - Daylight","02 - Non-fatal injury","03 - Rear end"
"4793","EARL ARMSTRONG RD @ SPRATT RD","368396.70910","5015012.14595","-75.68949","45.27219","2017","12/15/2017","5:30:00 PM","03 - Snow","03 - Loose snow","01 - Traffic signal","02 - Intersection related","07 - Dark","03 - P.D. only","03 - Rear end"
"4794","EARL ARMSTRONG RD btwn BOWESVILLE RD & HIGH RD","372906.52053","5017671.65365","-75.63165","45.29570","2017","11/26/2017","2:00:00 AM","03 - Snow","03 - Loose snow","10 - No control","01 - Non intersection","07 - Dark","03 - P.D. only","07 - SMV other"
"4795","EARL ARMSTRONG RD btwn Continuation of EARL ARMSTRONG RD & CANYON WALK","369355.14048","5015603.87406","-75.67720","45.27743","2017","10/25/2017","6:57:00 AM","01 - Clear","01 - Dry","10 - No control","01 - Non intersection","03 - Dawn","03 - P.D. only","03 - Rear end"
"4796","EARL ARMSTRONG RD btwn LIMEBANK RD & BOWESVILLE RD","371816.73118","5016947.27928","-75.64564","45.28928","2017","3/7/2017","10:16:00 AM","02 - Rain","02 - Wet","10 - No control","01 - Non intersection","01 - Daylight","03 - P.D. only","07 - SMV other"
"4797","EARL ARMSTRONG RD btwn RIVER RD & SPRATT RD","367963.72995","5014744.33716","-75.69504","45.26982","2017","6/13/2017","6:32:00 PM","01 - Clear","01 - Dry","10 - No control","01 - Non intersection","01 - Daylight","03 - P.D. only","04 - Sideswipe"
"4798","EARL ARMSTRONG RD btwn RIVER RD & SPRATT RD","368180.60376","5014878.29986","-75.69226","45.27101","2017","11/28/2017","6:08:00 PM","01 - Clear","01 - Dry","10 - No control","01 - Non intersection","07 - Dark","03 - P.D. only","03 - Rear end"
"4799","EARL ARMSTRONG RD btwn RIVER RD & SPRATT RD","367655.01316","5014661.53885","-75.69898","45.26910","2017","1/18/2017","8:00:00 AM","01 - Clear","03 - Loose snow","10 - No control","04 - At/near private drive","01 - Daylight","03 - P.D. only","05 - Turning movement"
"4800","EARL ARMSTRONG RD btwn RIVER RD & SPRATT RD","367929.19674","5014721.07753","-75.69548","45.26961","2017","1/9/2017","10:21:00 AM","01 - Clear","01 - Dry","10 - No control","01 - Non intersection","01 - Daylight","03 - P.D. only","07 - SMV other"
"4801","EARL ARMSTRONG RD btwn SPRATT RD & SHORELINE DR","368573.75052","5015123.38176","-75.68722","45.27317","2017","11/6/2017","4:06:00 PM","01 - Clear","01 - Dry","10 - No control","04 - At/near private drive","01 - Daylight","03 - P.D. only","03 - Rear end"
"4802","EARL GREY DR @ 175 S OF KANATA AVE/WALMART SC","350933.10763","5019117.40327","-75.91166","45.31049","2017","1/6/2017","7:20:00 PM","01 - Clear","01 - Dry","01 - Traffic signal","02 - Intersection related","07 - Dark","03 - P.D. only","02 - Angle"
"4803","EARL GREY DR btwn 175 S OF KANATA AVE/WALMART SC & KANATA AVE","350951.30449","5019163.96408","-75.91142","45.31091","2017","7/30/2017","2:16:00 PM","01 - Clear","01 - Dry","10 - No control","04 - At/near private drive","01 - Daylight","03 - P.D. only","02 - Angle"
"4804","EARL GREY DR btwn 175 S OF KANATA AVE/WALMART SC & KANATA AVE","350953.66579","5019171.15530","-75.91139","45.31098","2017","9/17/2017","1:27:00 PM","01 - Clear","01 - Dry","10 - No control","04 - At/near private drive","01 - Daylight","03 - P.D. only","03 - Rear end"
"4805","EARL GREY DR btwn ROLAND MICHENER DR & 175 S OF KANATA AVE/WALMART SC","350931.10259","5019108.20698","-75.91168","45.31041","2017","7/29/2017","3:26:00 PM","01 - Clear","01 - Dry","10 - No control","01 - Non intersection","01 - Daylight","03 - P.D. only","02 - Angle"
"4806","EARL MULLIGAN DR @ MOUNTSHANNON DR","364813.68905","5017244.45461","-75.73488","45.29259","2017","10/12/2017","8:57:00 PM","01 - Clear","01 - Dry","02 - Stop sign","03 - At intersection","07 - Dark","03 - P.D. only","02 - Angle"
"4807","EARL MULLIGAN DR @ WOODGATE WAY","365042.03155","5017385.12061","-75.73195","45.29384","2017","12/1/2017","4:59:00 PM","01 - Clear","01 - Dry","02 - Stop sign","02 - Intersection related","07 - Dark","03 - P.D. only","03 - Rear end"
"4808","EARL MULLIGAN DR @ WOODROFFE AVE","365251.70454","5017506.46000","-75.72926","45.29491","2017","5/20/2017","11:08:00 AM","01 - Clear","01 - Dry","01 - Traffic signal","03 - At intersection","01 - Daylight","02 - Non-fatal injury","05 - Turning movement"
"4809","EARL MULLIGAN DR @ WOODROFFE AVE","365249.78272","5017506.23038","-75.72929","45.29491","2017","7/26/2017","8:33:00 AM","01 - Clear","01 - Dry","01 - Traffic signal","02 - Intersection related","01 - Daylight","03 - P.D. only","03 - Rear end"
"4810","EARL MULLIGAN DR @ WOODROFFE AVE","365250.70120","5017505.64589","-75.72927","45.29490","2017","10/20/2017","8:13:00 AM","01 - Clear","01 - Dry","01 - Traffic signal","02 - Intersection related","01 - Daylight","03 - P.D. only","03 - Rear end"
"4811","EARL MULLIGAN DR @ WOODROFFE AVE","365250.22783","5017505.27657","-75.72928","45.29490","2017","10/17/2017","9:47:00 AM","01 - Clear","01 - Dry","01 - Traffic signal","03 - At intersection","01 - Daylight","03 - P.D. only","02 - Angle"
"4812","EARL MULLIGAN DR @ WOODROFFE AVE","365250.86694","5017506.63621","-75.72927","45.29491","2017","1/5/2017","5:26:00 PM","01 - Clear","06 - Ice","01 - Traffic signal","02 - Intersection related","05 - Dusk","02 - Non-fatal injury","03 - Rear end"
"4813","EARL MULLIGAN DR @ WOODROFFE AVE","365251.70454","5017507.79779","-75.72926","45.29492","2017","4/21/2017","6:12:00 PM","01 - Clear","01 - Dry","01 - Traffic signal","03 - At intersection","01 - Daylight","03 - P.D. only","05 - Turning movement"
"4814","EARLSCOURT CRES @ GOUGH RD W","373297.72830","5010632.39630","-75.62764","45.23232","2017","10/3/2017","3:03:00 PM","01 - Clear","01 - Dry","10 - No control","02 - Intersection related","01 - Daylight","03 - P.D. only","05 - Turning movement"
"4815","EAST SHORE RD @ REGIONAL RD 174","391770.78206","5042804.89360","-75.38674","45.51974","2017","5/8/2017","7:04:00 AM","03 - Snow","02 - Wet","02 - Stop sign","02 - Intersection related","01 - Daylight","03 - P.D. only","04 - Sideswipe"
"4816","EASTVALE DR btwn OGILVIE RD & FILLMORE CRES","375013.43432","5036050.99437","-75.60218","45.46086","2017","4/19/2017","12:00:00 AM","01 - Clear","02 - Wet","10 - No control","01 - Non intersection","00 - Unknown","03 - P.D. only","06 - SMV unattended vehicle"
"4817","EASTVALE DR btwn OGILVIE RD & LOYOLA AVE","375627.40550","5035090.28325","-75.59447","45.45215","2017","1/1/2017","12:00:00 AM","03 - Snow","04 - Slush","10 - No control","01 - Non intersection","00 - Unknown","03 - P.D. only","06 - SMV unattended vehicle"
"4818","EASTVALE DR N @ OGILVIE RD","374982.88389","5036044.60300","-75.60257","45.46080","2017","8/1/2017","12:23:00 PM","01 - Clear","01 - Dry","02 - Stop sign","02 - Intersection related","01 - Daylight","03 - P.D. only","04 - Sideswipe"
"4819","EASTVALE DR S @ OGILVIE RD","375466.23827","5035022.96716","-75.59654","45.45156","2017","6/25/2017","10:30:00 AM","01 - Clear","01 - Dry","01 - Traffic signal","02 - Intersection related","01 - Daylight","02 - Non-fatal injury","03 - Rear end"
"4820","EASTVALE DR S @ OGILVIE RD","375465.89863","5035026.14368","-75.59654","45.45159","2017","11/17/2017","4:32:00 PM","01 - Clear","01 - Dry","01 - Traffic signal","03 - At intersection","05 - Dusk","03 - P.D. only","05 - Turning movement"
"4821","EASTWOOD PL @ MCARTHUR AVE","371051.71396","5032783.24370","-75.65327","45.43184","2017","10/28/2017","1:30:00 PM","01 - Clear","01 - Dry","02 - Stop sign","03 - At intersection","01 - Daylight","03 - P.D. only","05 - Turning movement"
"4822","ECCLES ST @ PRESTON ST","366328.27678","5030075.85344","-75.71397","45.40792","2017","10/28/2017","7:25:00 PM","01 - Clear","01 - Dry","02 - Stop sign","03 - At intersection","07 - Dark","03 - P.D. only","03 - Rear end"
"4823","ECCLES ST btwn LEBRETON ST N & BELL ST N","366742.85900","5030221.03276","-75.70866","45.40918","2017","9/2/2017","6:51:00 AM","01 - Clear","01 - Dry","10 - No control","01 - Non intersection","03 - Dawn","02 - Non-fatal injury","07 - SMV other"
"4824","ECHO DR btwn MAIN ST & CONCORD ST N","368926.85954","5031062.15600","-75.68065","45.41656","2017","11/20/2017","8:43:00 PM","01 - Clear","05 - Packed snow","10 - No control","01 - Non intersection","07 - Dark","02 - Non-fatal injury","01 - Approaching"
"4825","ECHO DR N @ MAIN ST","368861.72623","5030890.44197","-75.68150","45.41502","2017","12/24/2017","1:24:00 AM","03 - Snow","05 - Packed snow","10 - No control","02 - Intersection related","07 - Dark","03 - P.D. only","03 - Rear end"
"4826","ECHOWOODS AVE btwn KITTIWAKE DR & LLOYDALEX CRES","348651.83380","5014616.38939","-75.94115","45.27014","2017","1/21/2017","12:00:00 AM","01 - Clear","01 - Dry","10 - No control","01 - Non intersection","00 - Unknown","03 - P.D. only","06 - SMV unattended vehicle"
"4827","EDGAR BRAULT ST @ ST. JOSEPH BLVD","381419.69952","5037546.73817","-75.52004","45.47364","2017","10/17/2017","4:15:00 PM","01 - Clear","01 - Dry","01 - Traffic signal","02 - Intersection related","01 - Daylight","02 - Non-fatal injury","03 - Rear end"
"4828","EDGAR BRAULT ST @ ST. JOSEPH BLVD","381419.63858","5037546.71451","-75.52004","45.47364","2017","1/3/2017","8:44:00 AM","04 - Freezing Rain","04 - Slush","01 - Traffic signal","02 - Intersection related","01 - Daylight","03 - P.D. only","02 - Angle"
"4829","EDGAR BRAULT ST @ ST. JOSEPH BLVD","381419.68573","5037547.68772","-75.52004","45.47365","2017","3/31/2017","1:08:00 PM","01 - Clear","01 - Dry","01 - Traffic signal","02 - Intersection related","01 - Daylight","03 - P.D. only","03 - Rear end"
"4830","EDGECOMBE ST @ SMYTH RD","372325.04726","5029271.59466","-75.63748","45.40013","2017","1/19/2017","2:45:00 PM","01 - Clear","01 - Dry","02 - Stop sign","03 - At intersection","01 - Daylight","03 - P.D. only","04 - Sideswipe"
"4831","EDGEWATER ST btwn TERRY FOX DR & HAZELDEAN RD","351989.17086","5017660.39888","-75.89833","45.29731","2017","6/26/2017","3:06:00 PM","01 - Clear","01 - Dry","10 - No control","01 - Non intersection","01 - Daylight","03 - P.D. only","02 - Angle"
"4832","EDGEWATER ST btwn TERRY FOX DR & HAZELDEAN RD","352159.39163","5017483.38702","-75.89618","45.29571","2017","10/31/2017","5:25:00 PM","01 - Clear","01 - Dry","10 - No control","04 - At/near private drive","01 - Daylight","03 - P.D. only","02 - Angle"
"4833","EDGEWORTH AVE btwn LAWN AVE & CARLING AVE","361241.60997","5025470.00935","-75.77948","45.36690","2017","12/1/2017","3:00:00 PM","01 - Clear","01 - Dry","10 - No control","01 - Non intersection","01 - Daylight","03 - P.D. only","06 - SMV unattended vehicle"
"4834","EDGEWORTH AVE btwn LAWN AVE & CARLING AVE","361229.11392","5025502.41121","-75.77963","45.36719","2017","2/22/2017","7:56:00 AM","01 - Clear","05 - Packed snow","10 - No control","01 - Non intersection","01 - Daylight","03 - P.D. only","04 - Sideswipe"
"4835","EDISON AVE @ RAVENHILL AVE","363238.56044","5028065.58529","-75.75368","45.39009","2017","9/6/2017","5:04:00 PM","01 - Clear","01 - Dry","02 - Stop sign","02 - Intersection related","01 - Daylight","03 - P.D. only","02 - Angle"
"4836","EDISON AVE btwn RAVENHILL AVE & KENWOOD AVE","363248.62536","5028043.49056","-75.75355","45.38989","2017","1/10/2017","1:01:00 PM","01 - Clear","04 - Slush","10 - No control","01 - Non intersection","01 - Daylight","03 - P.D. only","06 - SMV unattended vehicle"
"4837","EDITH AVE @ QUEEN MARY ST","370933.58380","5032022.79715","-75.65488","45.42501","2017","8/20/2017","10:58:00 PM","01 - Clear","01 - Dry","02 - Stop sign","03 - At intersection","07 - Dark","02 - Non-fatal injury","02 - Angle"
"4838","EGLISE, RUE DE L @ MONTREAL RD","371156.70686","5033634.92479","-75.65182","45.43950","2017","6/23/2017","1:18:00 AM","02 - Rain","02 - Wet","01 - Traffic signal","02 - Intersection related","07 - Dark","02 - Non-fatal injury","03 - Rear end"
"4839","EGLISE, RUE DE L @ MONTREAL RD","371156.62472","5033634.40111","-75.65182","45.43949","2017","10/15/2017","1:00:00 PM","01 - Clear","02 - Wet","01 - Traffic signal","02 - Intersection related","01 - Daylight","03 - P.D. only","03 - Rear end"
"4840","EGLISE, RUE DE L @ MONTREAL RD","371158.18810","5033633.34805","-75.65180","45.43948","2017","12/1/2017","4:35:00 PM","01 - Clear","01 - Dry","01 - Traffic signal","02 - Intersection related","05 - Dusk","03 - P.D. only","04 - Sideswipe"
"4841","EGLISE, RUE DE L @ MONTREAL RD","371158.39280","5033632.67612","-75.65179","45.43948","2017","12/16/2017","4:40:00 PM","01 - Clear","04 - Slush","01 - Traffic signal","03 - At intersection","05 - Dusk","02 - Non-fatal injury","05 - Turning movement"
"4842","EGLISE, RUE DE L btwn MONTREAL RD & COLLEGE CIRC","371226.93824","5033495.50233","-75.65094","45.43824","2017","5/26/2017","12:00:00 AM","01 - Clear","01 - Dry","10 - No control","01 - Non intersection","00 - Unknown","03 - P.D. only","06 - SMV unattended vehicle"
"4843","EGRET WAY @ GREENBANK RD","364969.07700","5012404.25810","-75.73348","45.24903","2017","3/9/2017","5:09:00 PM","01 - Clear","01 - Dry","02 - Stop sign","03 - At intersection","01 - Daylight","03 - P.D. only","02 - Angle"
"4844","EGRET WAY btwn GRAND CANAL ST & RIVER MIST RD","364476.25120","5012119.16390","-75.73979","45.24650","2017","10/26/2017","1:30:00 PM","01 - Clear","01 - Dry","10 - No control","04 - At/near private drive","01 - Daylight","03 - P.D. only","06 - SMV unattended vehicle"
"4845","EIGHTH LINE RD E @ HALL RD E","385109.86556","5025150.72662","-75.47487","45.36170","2017","1/8/2017","10:30:00 PM","01 - Clear","05 - Packed snow","02 - Stop sign","02 - Intersection related","07 - Dark","03 - P.D. only","07 - SMV other"
"4846","ELDERBERRY TER @ LAVEROCK BAY","382050.07365","5038621.58201","-75.51181","45.48324","2017","2/15/2017","4:34:00 PM","03 - Snow","02 - Wet","10 - No control","03 - At intersection","01 - Daylight","03 - P.D. only","02 - Angle"
"4847","ELDERWOOD TR btwn PINECONE TR & TRAILWAY CIRC","350745.40112","5014489.74982","-75.91448","45.26886","2017","7/11/2017","5:00:00 AM","02 - Rain","02 - Wet","10 - No control","04 - At/near private drive","03 - Dawn","03 - P.D. only","06 - SMV unattended vehicle"
"4848","ELGIN ST @ FRANK ST","368357.71110","5030889.75533","-75.68794","45.41506","2017","12/15/2017","7:35:00 AM","01 - Clear","01 - Dry","02 - Stop sign","03 - At intersection","03 - Dawn","03 - P.D. only","99 - Other"
"4849","ELGIN ST @ FRANK ST","368358.66689","5030887.85505","-75.68793","45.41504","2017","11/5/2017","4:58:00 PM","02 - Rain","02 - Wet","02 - Stop sign","02 - Intersection related","07 - Dark","03 - P.D. only","02 - Angle"
"4850","ELGIN ST @ FRANK ST","368358.18447","5030887.38847","-75.68794","45.41504","2017","12/15/2017","10:15:00 AM","03 - Snow","03 - Loose snow","02 - Stop sign","03 - At intersection","01 - Daylight","02 - Non-fatal injury","07 - SMV other"
"4851","ELGIN ST @ GILMOUR ST","368252.71000","5031054.81469","-75.68926","45.41655","2017","12/13/2017","7:19:00 PM","03 - Snow","03 - Loose snow","01 - Traffic signal","02 - Intersection related","07 - Dark","02 - Non-fatal injury","03 - Rear end"
"4852","ELGIN ST @ GLADSTONE AVE","368384.71600","5030844.35195","-75.68760","45.41465","2017","8/22/2017","4:09:00 PM","01 - Clear","01 - Dry","01 - Traffic signal","03 - At intersection","01 - Daylight","03 - P.D. only","02 - Angle"
"4853","ELGIN ST @ GLOUCESTER ST","367987.71324","5031478.24770","-75.69260","45.42039","2017","7/12/2017","9:48:00 AM","01 - Clear","01 - Dry","10 - No control","02 - Intersection related","01 - Daylight","03 - P.D. only","04 - Sideswipe"
"4854","ELGIN ST @ GLOUCESTER ST","367986.96809","5031476.84489","-75.69261","45.42037","2017","8/23/2017","12:00:00 AM","01 - Clear","01 - Dry","10 - No control","02 - Intersection related","07 - Dark","03 - P.D. only","06 - SMV unattended vehicle"
"4855","ELGIN ST @ GLOUCESTER ST","367987.78767","5031478.69022","-75.69259","45.42039","2017","2/14/2017","12:00:00 AM","03 - Snow","03 - Loose snow","10 - No control","02 - Intersection related","00 - Unknown","03 - P.D. only","06 - SMV unattended vehicle"
"4856","ELGIN ST @ ISABELLA ST","368614.59814","5030489.78883","-75.68471","45.41143","2017","5/20/2017","2:03:00 PM","01 - Clear","01 - Dry","02 - Stop sign","02 - Intersection related","01 - Daylight","03 - P.D. only","04 - Sideswipe"
"4857","ELGIN ST @ LAURIER AVE","367949.04435","5031550.24470","-75.69308","45.42104","2017","6/9/2017","12:28:00 PM","01 - Clear","01 - Dry","01 - Traffic signal","03 - At intersection","01 - Daylight","02 - Non-fatal injury","05 - Turning movement"
"4858","ELGIN ST @ LAURIER AVE","367949.04435","5031550.24470","-75.69308","45.42104","2017","4/27/2017","4:51:00 PM","01 - Clear","01 - Dry","01 - Traffic signal","02 - Intersection related","01 - Daylight","03 - P.D. only","04 - Sideswipe"
"4859","ELGIN ST @ LAURIER AVE","367947.03766","5031548.90690","-75.69311","45.42102","2017","4/29/2017","7:07:00 AM","01 - Clear","01 - Dry","01 - Traffic signal","03 - At intersection","01 - Daylight","03 - P.D. only","04 - Sideswipe"
"4860","ELGIN ST @ LAURIER AVE","367950.05068","5031549.35234","-75.69307","45.42103","2017","7/11/2017","6:15:00 PM","01 - Clear","01 - Dry","01 - Traffic signal","02 - Intersection related","01 - Daylight","03 - P.D. only","04 - Sideswipe"
"4861","ELGIN ST @ LAURIER AVE","367948.27840","5031548.92855","-75.69309","45.42102","2017","8/12/2017","1:42:00 AM","01 - Clear","01 - Dry","01 - Traffic signal","02 - Intersection related","07 - Dark","03 - P.D. only","06 - SMV unattended vehicle"
"4862","ELGIN ST @ LAURIER AVE","367948.16345","5031549.02935","-75.69309","45.42103","2017","9/26/2017","5:27:00 PM","01 - Clear","01 - Dry","01 - Traffic signal","03 - At intersection","01 - Daylight","02 - Non-fatal injury","07 - SMV other"
"4863","ELGIN ST @ LAURIER AVE","367949.18327","5031548.39237","-75.69308","45.42102","2017","10/26/2017","1:20:00 PM","01 - Clear","01 - Dry","01 - Traffic signal","02 - Intersection related","01 - Daylight","03 - P.D. only","03 - Rear end"
"4864","ELGIN ST @ LAURIER AVE","367947.75411","5031549.33685","-75.69310","45.42103","2017","9/29/2017","6:50:00 AM","01 - Clear","01 - Dry","01 - Traffic signal","03 - At intersection","03 - Dawn","03 - P.D. only","04 - Sideswipe"
"4865","ELGIN ST @ LAURIER AVE","367949.66569","5031549.81475","-75.69307","45.42103","2017","10/9/2017","12:23:00 AM","01 - Clear","01 - Dry","01 - Traffic signal","03 - At intersection","07 - Dark","03 - P.D. only","07 - SMV other"
"4866","ELGIN ST @ LAURIER AVE","367947.75411","5031549.33685","-75.69310","45.42103","2017","12/7/2017","8:43:00 AM","01 - Clear","01 - Dry","01 - Traffic signal","03 - At intersection","01 - Daylight","02 - Non-fatal injury","05 - Turning movement"