"Record","Location","X","Y","Longitude","Latitude","Year","Date","Time","Environment","Road_Surface","Traffic_Control","Collision_Location","Light","Collision_Classification","Impact_type"
"4867","ELGIN ST @ LAURIER AVE","367949.25264","5031548.21895","-75.69308","45.42102","2017","1/27/2017","2:30:00 PM","03 - Snow","02 - Wet","01 - Traffic signal","03 - At intersection","01 - Daylight","03 - P.D. only","04 - Sideswipe"
"4868","ELGIN ST @ LAURIER AVE","367949.04435","5031549.57580","-75.69308","45.42103","2017","2/21/2017","9:24:00 PM","01 - Clear","01 - Dry","01 - Traffic signal","02 - Intersection related","07 - Dark","03 - P.D. only","04 - Sideswipe"
"4869","ELGIN ST @ LAURIER AVE","367949.71324","5031550.24470","-75.69307","45.42104","2017","3/14/2017","4:30:00 PM","01 - Clear","03 - Loose snow","01 - Traffic signal","03 - At intersection","01 - Daylight","03 - P.D. only","05 - Turning movement"
"4870","ELGIN ST @ LAURIER AVE","367949.04435","5031550.24470","-75.69308","45.42104","2017","3/6/2017","8:04:00 PM","01 - Clear","02 - Wet","01 - Traffic signal","03 - At intersection","07 - Dark","03 - P.D. only","05 - Turning movement"
"4871","ELGIN ST @ LAURIER AVE","367949.71324","5031548.90690","-75.69307","45.42102","2017","3/24/2017","9:52:00 AM","03 - Snow","03 - Loose snow","01 - Traffic signal","02 - Intersection related","01 - Daylight","03 - P.D. only","04 - Sideswipe"
"4872","ELGIN ST @ LAURIER AVE","367948.70990","5031550.75923","-75.69308","45.42104","2017","12/17/2017","10:29:00 PM","01 - Clear","02 - Wet","01 - Traffic signal","03 - At intersection","07 - Dark","03 - P.D. only","05 - Turning movement"
"4873","ELGIN ST @ LEWIS ST","368276.70430","5031018.43739","-75.68896","45.41622","2017","8/23/2017","7:05:00 AM","01 - Clear","01 - Dry","02 - Stop sign","02 - Intersection related","01 - Daylight","03 - P.D. only","02 - Angle"
"4874","ELGIN ST @ LISGAR ST","368074.71120","5031345.33941","-75.69150","45.41918","2017","9/19/2017","12:45:00 PM","01 - Clear","01 - Dry","01 - Traffic signal","03 - At intersection","01 - Daylight","03 - P.D. only","03 - Rear end"
"4875","ELGIN ST @ LISGAR ST","368074.37675","5031343.56941","-75.69151","45.41917","2017","10/29/2017","11:40:00 PM","01 - Clear","01 - Dry","01 - Traffic signal","03 - At intersection","07 - Dark","03 - P.D. only","02 - Angle"
"4876","ELGIN ST @ MACLAREN ST","368209.71674","5031125.90600","-75.68980","45.41720","2017","5/20/2017","6:00:00 PM","01 - Clear","01 - Dry","01 - Traffic signal","03 - At intersection","01 - Daylight","03 - P.D. only","04 - Sideswipe"
"4877","ELGIN ST @ MACLAREN ST","368208.57012","5031126.36881","-75.68982","45.41720","2017","12/30/2017","11:05:00 PM","03 - Snow","05 - Packed snow","01 - Traffic signal","03 - At intersection","07 - Dark","03 - P.D. only","02 - Angle"
"4878","ELGIN ST @ MCLEOD ST","368424.71210","5030778.92415","-75.68710","45.41405","2017","8/19/2017","8:37:00 PM","01 - Clear","01 - Dry","02 - Stop sign","03 - At intersection","07 - Dark","02 - Non-fatal injury","02 - Angle"
"4879","ELGIN ST @ MCLEOD ST","368424.71210","5030778.85455","-75.68710","45.41405","2017","10/24/2017","5:51:00 PM","01 - Clear","01 - Dry","02 - Stop sign","03 - At intersection","01 - Daylight","03 - P.D. only","02 - Angle"
"4880","ELGIN ST @ MCLEOD ST","368426.21304","5030779.94663","-75.68708","45.41406","2017","2/8/2017","9:15:00 PM","03 - Snow","04 - Slush","02 - Stop sign","02 - Intersection related","07 - Dark","03 - P.D. only","04 - Sideswipe"
"4881","ELGIN ST @ MCLEOD ST","368424.71210","5030778.44400","-75.68710","45.41405","2017","12/16/2017","6:43:00 PM","03 - Snow","05 - Packed snow","02 - Stop sign","03 - At intersection","07 - Dark","02 - Non-fatal injury","07 - SMV other"
"4882","ELGIN ST @ QUEEN ST","367803.69916","5031778.90910","-75.69491","45.42311","2017","4/25/2017","8:18:00 AM","01 - Clear","01 - Dry","01 - Traffic signal","02 - Intersection related","01 - Daylight","03 - P.D. only","99 - Other"
"4883","ELGIN ST @ QUEEN ST","367805.03695","5031778.24021","-75.69489","45.42310","2017","11/29/2017","6:43:00 PM","01 - Clear","01 - Dry","01 - Traffic signal","03 - At intersection","07 - Dark","03 - P.D. only","05 - Turning movement"
"4884","ELGIN ST @ QUEEN ST","367804.36805","5031778.90910","-75.69490","45.42311","2017","12/3/2017","5:25:00 PM","01 - Clear","01 - Dry","01 - Traffic signal","02 - Intersection related","07 - Dark","03 - P.D. only","07 - SMV other"
"4885","ELGIN ST @ QUEEN ST","367804.87077","5031779.58000","-75.69489","45.42311","2017","12/15/2017","7:30:00 PM","03 - Snow","05 - Packed snow","01 - Traffic signal","02 - Intersection related","07 - Dark","03 - P.D. only","03 - Rear end"
"4886","ELGIN ST @ QUEEN ST","367804.22913","5031779.81469","-75.69490","45.42312","2017","12/19/2017","9:34:00 AM","01 - Clear","04 - Slush","01 - Traffic signal","03 - At intersection","01 - Daylight","03 - P.D. only","05 - Turning movement"
"4887","ELGIN ST @ SLATER ST","367889.70436","5031647.24400","-75.69383","45.42191","2017","6/24/2017","3:24:00 PM","01 - Clear","01 - Dry","01 - Traffic signal","03 - At intersection","01 - Daylight","03 - P.D. only","02 - Angle"
"4888","ELGIN ST @ SLATER ST","367891.71104","5031645.90620","-75.69380","45.42190","2017","5/2/2017","10:04:00 AM","01 - Clear","01 - Dry","01 - Traffic signal","03 - At intersection","01 - Daylight","03 - P.D. only","05 - Turning movement"
"4889","ELGIN ST @ SLATER ST","367892.37994","5031646.57510","-75.69379","45.42191","2017","5/26/2017","9:37:00 AM","01 - Clear","01 - Dry","01 - Traffic signal","02 - Intersection related","01 - Daylight","03 - P.D. only","04 - Sideswipe"
"4890","ELGIN ST @ SLATER ST","367890.48422","5031647.50646","-75.69382","45.42192","2017","7/4/2017","4:50:00 PM","01 - Clear","01 - Dry","01 - Traffic signal","02 - Intersection related","01 - Daylight","03 - P.D. only","04 - Sideswipe"
"4891","ELGIN ST @ SLATER ST","367890.15129","5031645.21923","-75.69382","45.42190","2017","7/3/2017","8:14:00 PM","01 - Clear","01 - Dry","01 - Traffic signal","03 - At intersection","01 - Daylight","03 - P.D. only","04 - Sideswipe"
"4892","ELGIN ST @ SLATER ST","367890.17222","5031646.30736","-75.69382","45.42191","2017","8/2/2017","3:00:00 PM","01 - Clear","01 - Dry","01 - Traffic signal","02 - Intersection related","01 - Daylight","03 - P.D. only","04 - Sideswipe"
"4893","ELGIN ST @ SLATER ST","367890.70770","5031649.04424","-75.69381","45.42193","2017","2/15/2017","4:17:00 PM","03 - Snow","03 - Loose snow","01 - Traffic signal","02 - Intersection related","01 - Daylight","03 - P.D. only","04 - Sideswipe"
"4894","ELGIN ST @ SLATER ST","367892.37994","5031647.24400","-75.69379","45.42191","2017","4/21/2017","10:04:00 PM","02 - Rain","02 - Wet","01 - Traffic signal","03 - At intersection","07 - Dark","03 - P.D. only","02 - Angle"
"4895","ELGIN ST @ SOMERSET ST","368163.70526","5031198.57190","-75.69038","45.41785","2017","5/3/2017","8:36:00 AM","01 - Clear","01 - Dry","01 - Traffic signal","03 - At intersection","01 - Daylight","02 - Non-fatal injury","07 - SMV other"
"4896","ELGIN ST @ SOMERSET ST","368165.98452","5031198.25292","-75.69035","45.41785","2017","7/19/2017","8:16:00 AM","01 - Clear","01 - Dry","01 - Traffic signal","03 - At intersection","01 - Daylight","02 - Non-fatal injury","05 - Turning movement"
"4897","ELGIN ST @ SOMERSET ST","368164.70860","5031196.93256","-75.69037","45.41784","2017","9/14/2017","10:38:00 AM","01 - Clear","01 - Dry","01 - Traffic signal","02 - Intersection related","01 - Daylight","02 - Non-fatal injury","07 - SMV other"
"4898","ELGIN ST @ SOMERSET ST","368165.18650","5031198.81085","-75.69036","45.41786","2017","12/14/2017","10:45:00 AM","01 - Clear","01 - Dry","01 - Traffic signal","02 - Intersection related","01 - Daylight","03 - P.D. only","05 - Turning movement"
"4899","ELGIN ST @ SOMERSET ST","368163.76185","5031198.33521","-75.69038","45.41785","2017","12/9/2017","8:50:00 PM","03 - Snow","03 - Loose snow","01 - Traffic signal","02 - Intersection related","07 - Dark","03 - P.D. only","03 - Rear end"
"4900","ELGIN ST @ SOMERSET ST","368164.16586","5031198.30053","-75.69038","45.41785","2017","2/3/2017","7:45:00 PM","01 - Clear","01 - Dry","01 - Traffic signal","03 - At intersection","07 - Dark","03 - P.D. only","04 - Sideswipe"
"4901","ELGIN ST @ SOMERSET ST","368164.70888","5031198.57181","-75.69037","45.41785","2017","1/18/2017","5:05:00 PM","01 - Clear","04 - Slush","01 - Traffic signal","02 - Intersection related","05 - Dusk","02 - Non-fatal injury","07 - SMV other"
"4902","ELGIN ST @ WAVERLEY ST","368318.13497","5030952.94560","-75.68844","45.41563","2017","7/21/2017","3:48:00 PM","01 - Clear","01 - Dry","01 - Traffic signal","03 - At intersection","01 - Daylight","02 - Non-fatal injury","04 - Sideswipe"
"4903","ELGIN ST @ WELLINGTON ST W","367667.03234","5031874.47267","-75.69664","45.42398","2017","6/26/2017","3:42:00 PM","01 - Clear","01 - Dry","01 - Traffic signal","02 - Intersection related","01 - Daylight","03 - P.D. only","04 - Sideswipe"
"4904","ELGIN ST @ WELLINGTON ST W","367664.22590","5031878.77214","-75.69668","45.42402","2017","8/24/2017","5:04:00 PM","01 - Clear","01 - Dry","01 - Traffic signal","03 - At intersection","01 - Daylight","03 - P.D. only","05 - Turning movement"
"4905","ELGIN ST @ WELLINGTON ST W","367665.81368","5031878.24333","-75.69666","45.42401","2017","9/2/2017","3:34:00 PM","01 - Clear","01 - Dry","01 - Traffic signal","02 - Intersection related","01 - Daylight","03 - P.D. only","03 - Rear end"
"4906","ELGIN ST @ WELLINGTON ST W","367664.70380","5031876.38266","-75.69667","45.42400","2017","9/20/2017","12:52:00 PM","01 - Clear","01 - Dry","01 - Traffic signal","02 - Intersection related","01 - Daylight","03 - P.D. only","04 - Sideswipe"
"4907","ELGIN ST @ WELLINGTON ST W","367665.25025","5031876.48450","-75.69666","45.42400","2017","10/3/2017","7:00:00 PM","01 - Clear","01 - Dry","01 - Traffic signal","02 - Intersection related","05 - Dusk","03 - P.D. only","05 - Turning movement"
"4908","ELGIN ST @ WELLINGTON ST W","367664.23043","5031877.34071","-75.69668","45.42401","2017","12/7/2017","5:22:00 PM","01 - Clear","01 - Dry","01 - Traffic signal","03 - At intersection","07 - Dark","02 - Non-fatal injury","05 - Turning movement"
"4909","ELGIN ST @ WELLINGTON ST W","367664.36935","5031877.57740","-75.69668","45.42401","2017","3/10/2017","10:05:00 AM","01 - Clear","01 - Dry","01 - Traffic signal","03 - At intersection","01 - Daylight","03 - P.D. only","04 - Sideswipe"
"4910","ELGIN ST @ WELLINGTON ST W","367664.25284","5031876.90096","-75.69668","45.42400","2017","12/24/2017","7:43:00 AM","01 - Clear","03 - Loose snow","01 - Traffic signal","02 - Intersection related","03 - Dawn","03 - P.D. only","04 - Sideswipe"
"4911","ELGIN ST btwn ARGYLE AVE & ARGYLE AVE","368499.32512","5030662.33606","-75.68616","45.41300","2017","10/13/2017","4:47:00 PM","01 - Clear","01 - Dry","10 - No control","01 - Non intersection","01 - Daylight","02 - Non-fatal injury","06 - SMV unattended vehicle"
"4912","ELGIN ST btwn ARGYLE AVE & CATHERINE ST","368516.63493","5030634.25419","-75.68595","45.41274","2017","1/17/2017","3:12:00 PM","99 - Other","99 - Other","10 - No control","98 - Other","99 - Other","03 - P.D. only","99 - Other"
"4913","ELGIN ST btwn COOPER ST & SOMERSET ST W","368150.99352","5031220.96248","-75.69054","45.41806","2017","6/11/2017","3:30:00 PM","01 - Clear","01 - Dry","10 - No control","01 - Non intersection","01 - Daylight","03 - P.D. only","04 - Sideswipe"
"4914","ELGIN ST btwn COOPER ST & SOMERSET ST W","368126.18649","5031262.74316","-75.69085","45.41843","2017","8/21/2017","6:00:00 PM","01 - Clear","01 - Dry","10 - No control","01 - Non intersection","01 - Daylight","03 - P.D. only","06 - SMV unattended vehicle"
"4915","ELGIN ST btwn COOPER ST & SOMERSET ST W","368139.82608","5031238.73681","-75.69068","45.41822","2017","12/3/2017","2:00:00 PM","01 - Clear","01 - Dry","10 - No control","01 - Non intersection","01 - Daylight","03 - P.D. only","06 - SMV unattended vehicle"
"4916","ELGIN ST btwn FRANK ST & GLADSTONE AVE","368374.51292","5030862.21100","-75.68773","45.41481","2017","4/5/2017","12:00:00 AM","01 - Clear","01 - Dry","10 - No control","01 - Non intersection","00 - Unknown","03 - P.D. only","06 - SMV unattended vehicle"
"4917","ELGIN ST btwn GLADSTONE AVE & MCLEOD ST","368392.04938","5030830.69566","-75.68751","45.41452","2017","10/24/2017","6:22:00 PM","01 - Clear","01 - Dry","10 - No control","01 - Non intersection","05 - Dusk","03 - P.D. only","03 - Rear end"
"4918","ELGIN ST btwn LAURIER AVE W & GLOUCESTER ST (2)","367951.03552","5031545.10162","-75.69306","45.42099","2017","8/1/2017","2:00:00 PM","01 - Clear","01 - Dry","10 - No control","01 - Non intersection","01 - Daylight","03 - P.D. only","06 - SMV unattended vehicle"
"4919","ELGIN ST btwn LISGAR ST & COOPER ST","368083.74130","5031333.53597","-75.69139","45.41907","2017","2/18/2017","5:01:00 PM","01 - Clear","02 - Wet","10 - No control","01 - Non intersection","01 - Daylight","03 - P.D. only","04 - Sideswipe"
"4920","ELGIN ST btwn MACLAREN ST & GILMOUR ST","368233.64645","5031085.34723","-75.68950","45.41683","2017","12/3/2017","12:00:00 AM","01 - Clear","01 - Dry","10 - No control","01 - Non intersection","00 - Unknown","03 - P.D. only","06 - SMV unattended vehicle"
"4921","ELGIN ST btwn SLATER ST & LAURIER AVE W (1)","367916.27940","5031638.01333","-75.69349","45.42183","2017","6/16/2017","1:23:00 PM","01 - Clear","01 - Dry","10 - No control","01 - Non intersection","01 - Daylight","03 - P.D. only","04 - Sideswipe"
"4922","ELGIN ST btwn SLATER ST & LAURIER AVE W (1)","367910.44014","5031645.23731","-75.69356","45.42189","2017","6/1/2017","4:19:00 PM","01 - Clear","01 - Dry","10 - No control","01 - Non intersection","01 - Daylight","02 - Non-fatal injury","04 - Sideswipe"
"4923","ELGIN ST btwn SOMERSET ST W & MACLAREN ST","368200.66606","5031140.06602","-75.68992","45.41732","2017","1/29/2017","9:00:00 PM","01 - Clear","01 - Dry","10 - No control","01 - Non intersection","07 - Dark","03 - P.D. only","06 - SMV unattended vehicle"
"4924","ELGIN ST btwn WAVERLEY ST & FRANK ST","368330.23110","5030931.60909","-75.68829","45.41544","2017","3/8/2017","12:25:00 PM","01 - Clear","01 - Dry","10 - No control","01 - Non intersection","01 - Daylight","03 - P.D. only","06 - SMV unattended vehicle"
"4925","ELGIN ST btwn WAVERLEY ST & FRANK ST","368345.57772","5030907.52767","-75.68810","45.41522","2017","3/28/2017","11:18:00 PM","01 - Clear","01 - Dry","10 - No control","01 - Non intersection","07 - Dark","03 - P.D. only","06 - SMV unattended vehicle"
"4926","ELGIN ST NB @ WELLINGTON ST/RIDEAU ST","367802.70640","5031964.58581","-75.69490","45.42478","2017","11/13/2017","4:00:00 PM","01 - Clear","01 - Dry","01 - Traffic signal","02 - Intersection related","01 - Daylight","03 - P.D. only","04 - Sideswipe"
"4927","ELM ST btwn PRESTON ST & ROCHESTER ST","366271.95774","5030282.92066","-75.71467","45.40978","2017","2/18/2017","12:00:00 AM","03 - Snow","04 - Slush","10 - No control","01 - Non intersection","00 - Unknown","03 - P.D. only","06 - SMV unattended vehicle"
"4928","ELMGROVE AVE btwn WINONA AVE & END","363265.45271","5028501.29114","-75.75328","45.39401","2017","5/10/2017","12:00:00 AM","01 - Clear","01 - Dry","10 - No control","01 - Non intersection","00 - Unknown","03 - P.D. only","06 - SMV unattended vehicle"
"4929","ELMIRA DR btwn COBDEN RD & LAMBETH WALK","361493.56916","5024051.92015","-75.77642","45.35412","2017","10/25/2017","8:53:00 AM","01 - Clear","01 - Dry","10 - No control","01 - Non intersection","01 - Daylight","03 - P.D. only","06 - SMV unattended vehicle"
"4930","ELMIRA DR btwn COBDEN RD & LAMBETH WALK","361442.23685","5024010.43795","-75.77708","45.35375","2017","4/1/2017","2:00:00 PM","01 - Clear","01 - Dry","10 - No control","01 - Non intersection","01 - Daylight","02 - Non-fatal injury","99 - Other"
"4931","ELMLEA DR btwn ELMLEA GT & TO BE DETERMINED","374872.14139","5033567.53489","-75.60434","45.43853","2017","10/22/2017","6:00:00 PM","01 - Clear","01 - Dry","10 - No control","01 - Non intersection","01 - Daylight","03 - P.D. only","99 - Other"
"4932","ELMRIDGE DR btwn APPLEGROVE CRT & BURFIELD AVE","374915.43233","5033909.71478","-75.60374","45.44160","2017","3/14/2017","3:28:00 PM","03 - Snow","05 - Packed snow","10 - No control","01 - Non intersection","01 - Daylight","03 - P.D. only","99 - Other"
"4933","ELMRIDGE DR btwn ELMSMERE RD & BETHAMY LANE","375194.33391","5034099.52481","-75.60015","45.44328","2017","11/8/2017","4:30:00 PM","01 - Clear","01 - Dry","10 - No control","01 - Non intersection","05 - Dusk","03 - P.D. only","06 - SMV unattended vehicle"
"4934","ELSINORE LANE btwn EDENVALE DR & EDENVALE DR","352439.60274","5020365.61113","-75.89233","45.32162","2017","9/21/2017","2:38:00 PM","01 - Clear","01 - Dry","10 - No control","04 - At/near private drive","01 - Daylight","03 - P.D. only","07 - SMV other"
"4935","ELWOOD ST @ SEGUIN ST","374376.42018","5034288.50042","-75.61057","45.44506","2017","1/17/2017","12:00:00 AM","01 - Clear","01 - Dry","02 - Stop sign","02 - Intersection related","00 - Unknown","03 - P.D. only","06 - SMV unattended vehicle"
"4936","EMERALD MEADOWS DR @ GRASSY PLAINS DR","355427.56868","5015545.69331","-75.85471","45.27804","2017","12/14/2017","1:27:00 AM","01 - Clear","03 - Loose snow","10 - No control","03 - At intersection","07 - Dark","03 - P.D. only","07 - SMV other"
"4937","EMMERSON AVE @ PARKDALE AVE","364713.48304","5030270.86671","-75.73458","45.40981","2017","7/11/2017","3:43:00 PM","02 - Rain","02 - Wet","02 - Stop sign","02 - Intersection related","01 - Daylight","03 - P.D. only","03 - Rear end"
"4938","EMOND ST btwn DESCHAMPS AVE & MONTREAL RD","370134.09741","5033239.97901","-75.66494","45.43604","2017","8/27/2017","12:00:00 AM","01 - Clear","01 - Dry","10 - No control","01 - Non intersection","00 - Unknown","03 - P.D. only","06 - SMV unattended vehicle"
"4939","EMPEROR AVE @ FISHER AVE","365685.37724","5027163.21110","-75.72254","45.38176","2017","5/6/2017","6:23:00 PM","02 - Rain","02 - Wet","02 - Stop sign","03 - At intersection","01 - Daylight","03 - P.D. only","02 - Angle"
"4940","EMPEROR AVE @ FISHER AVE","365684.30650","5027164.04596","-75.72256","45.38177","2017","7/24/2017","8:13:00 AM","02 - Rain","02 - Wet","02 - Stop sign","02 - Intersection related","01 - Daylight","03 - P.D. only","03 - Rear end"
"4941","EMPEROR AVE @ FISHER AVE","365684.18290","5027161.82535","-75.72256","45.38175","2017","9/7/2017","7:21:00 PM","01 - Clear","01 - Dry","02 - Stop sign","02 - Intersection related","05 - Dusk","03 - P.D. only","03 - Rear end"
"4942","EMPEROR AVE @ FISHER AVE","365683.37055","5027163.21110","-75.72257","45.38176","2017","11/18/2017","7:51:00 PM","02 - Rain","02 - Wet","02 - Stop sign","02 - Intersection related","07 - Dark","02 - Non-fatal injury","05 - Turning movement"
"4943","EMPEROR AVE btwn SILVER ST & HOLLINGTON ST","365172.56529","5026840.59065","-75.72913","45.37891","2017","9/25/2017","7:04:00 AM","01 - Clear","01 - Dry","10 - No control","04 - At/near private drive","01 - Daylight","03 - P.D. only","06 - SMV unattended vehicle"
"4944","EMPRESS AVE @ PRIMROSE AVE","366657.42190","5030537.23010","-75.70971","45.41204","2017","2/22/2017","1:34:00 PM","01 - Clear","01 - Dry","10 - No control","02 - Intersection related","01 - Daylight","03 - P.D. only","06 - SMV unattended vehicle"
"4945","ENFIELD AVE @ MCARTHUR AVE","370341.46467","5032704.46170","-75.66236","45.43120","2017","2/9/2017","4:41:00 PM","01 - Clear","03 - Loose snow","02 - Stop sign","02 - Intersection related","01 - Daylight","03 - P.D. only","03 - Rear end"
"4946","ENTERPRISE AVE @ MERIVALE RD","365829.29058","5021419.23046","-75.72142","45.33007","2017","10/25/2017","4:50:00 PM","01 - Clear","01 - Dry","01 - Traffic signal","02 - Intersection related","01 - Daylight","03 - P.D. only","03 - Rear end"
"4947","ENTERPRISE AVE @ MERIVALE RD","365829.22230","5021418.24875","-75.72142","45.33006","2017","12/25/2017","3:36:00 PM","01 - Clear","01 - Dry","01 - Traffic signal","02 - Intersection related","01 - Daylight","03 - P.D. only","07 - SMV other"
"4948","ENTERPRISE AVE btwn TRADE ST & MERIVALE RD","365730.43353","5021361.84831","-75.72268","45.32956","2017","3/9/2017","9:23:00 AM","01 - Clear","01 - Dry","10 - No control","04 - At/near private drive","01 - Daylight","03 - P.D. only","04 - Sideswipe"
"4949","EPWORTH AVE btwn BASSANO ST & PENDER ST","364293.44495","5023823.29546","-75.74072","45.35183","2017","2/16/2017","10:03:00 AM","01 - Clear","03 - Loose snow","10 - No control","01 - Non intersection","01 - Daylight","03 - P.D. only","01 - Approaching"
"4950","EQUESTRIAN DR btwn FOXLEIGH CRES & TROTTING WAY","354614.78193","5016220.78292","-75.86500","45.28418","2017","12/14/2017","3:52:00 PM","01 - Clear","04 - Slush","10 - No control","01 - Non intersection","01 - Daylight","03 - P.D. only","03 - Rear end"
"4951","EQUESTRIAN DR btwn REDFOX PL & STIRRUP PL","354949.03005","5015878.43280","-75.86077","45.28107","2017","11/28/2017","12:19:00 PM","01 - Clear","02 - Wet","10 - No control","01 - Non intersection","01 - Daylight","03 - P.D. only","07 - SMV other"
"4952","EQUESTRIAN DR btwn REIN TER & SADDLEHORN CRES","354939.95954","5016763.38004","-75.86080","45.28904","2017","4/14/2017","6:09:00 PM","01 - Clear","01 - Dry","10 - No control","01 - Non intersection","01 - Daylight","03 - P.D. only","03 - Rear end"
"4953","EQUESTRIAN DR btwn STABLE WAY & POMMEL CRES","354638.62584","5016591.31905","-75.86466","45.28751","2017","1/3/2017","9:33:00 PM","03 - Snow","04 - Slush","10 - No control","04 - At/near private drive","07 - Dark","03 - P.D. only","06 - SMV unattended vehicle"
"4954","ERIC CZAPNIK WAY btwn Continuation of ERIC CZAPNIK WAY & Dead End","382987.73000","5038818.85500","-75.49979","45.48491","2017","3/8/2017","10:00:00 AM","01 - Clear","02 - Wet","10 - No control","01 - Non intersection","01 - Daylight","03 - P.D. only","06 - SMV unattended vehicle"
"4955","ERINDALE DR @ BASELINE RD","363857.21873","5024575.75919","-75.74620","45.35864","2017","9/16/2017","2:53:00 PM","01 - Clear","01 - Dry","02 - Stop sign","03 - At intersection","01 - Daylight","02 - Non-fatal injury","02 - Angle"
"4956","ERINDALE DR @ BASELINE RD","363856.83373","5024574.66413","-75.74620","45.35863","2017","1/1/2017","9:40:00 PM","01 - Clear","02 - Wet","02 - Stop sign","03 - At intersection","07 - Dark","03 - P.D. only","07 - SMV other"
"4957","ERINDALE DR @ BASELINE RD","363856.94163","5024575.89773","-75.74620","45.35864","2017","1/12/2017","8:55:00 AM","02 - Rain","02 - Wet","02 - Stop sign","02 - Intersection related","01 - Daylight","03 - P.D. only","02 - Angle"
"4958","ERINDALE DR btwn FORLAN DR & AINSLEY DR","363776.55376","5024729.08494","-75.74721","45.36003","2017","2/16/2017","12:00:00 AM","03 - Snow","03 - Loose snow","10 - No control","01 - Non intersection","00 - Unknown","03 - P.D. only","06 - SMV unattended vehicle"
"4959","ERINDALE DR btwn NAVAHO DR & FORLAN DR","363677.89935","5024971.89158","-75.74844","45.36222","2017","10/12/2017","1:54:00 PM","01 - Clear","01 - Dry","10 - No control","01 - Non intersection","01 - Daylight","03 - P.D. only","05 - Turning movement"
"4960","ESCALLONIA CRT btwn ESCALLONIA CRT & ESCALLONIA CRT","349836.26900","5016000.49500","-75.92593","45.28252","2017","8/6/2017","9:46:00 PM","01 - Clear","01 - Dry","10 - No control","04 - At/near private drive","07 - Dark","03 - P.D. only","06 - SMV unattended vehicle"
"4961","ESCALLONIA CRT btwn ESCALLONIA CRT & ESCALLONIA CRT","349760.30400","5015963.18900","-75.92690","45.28219","2017","2/15/2017","9:51:00 AM","03 - Snow","03 - Loose snow","10 - No control","01 - Non intersection","01 - Daylight","03 - P.D. only","01 - Approaching"
"4962","ESCARPMENT CRES N/TERRANE PL @ HUNTSVILLE DR","348440.95810","5019993.78200","-75.94336","45.31854","2017","12/19/2017","9:25:00 AM","01 - Clear","02 - Wet","02 - Stop sign","03 - At intersection","01 - Daylight","03 - P.D. only","02 - Angle"
"4963","ESPLANADE AVE @ GARDENWAY DR","384561.85218","5036721.28373","-75.47999","45.46586","2017","1/28/2017","4:28:00 PM","01 - Clear","02 - Wet","02 - Stop sign","03 - At intersection","01 - Daylight","03 - P.D. only","02 - Angle"
"4964","ESPRIT DR @ DU PLATEAU ST/SCALA AVE","384875.34890","5036398.27815","-75.47604","45.46292","2017","8/26/2017","10:35:00 AM","01 - Clear","01 - Dry","02 - Stop sign","02 - Intersection related","01 - Daylight","03 - P.D. only","05 - Turning movement"
"4965","ESPRIT DR btwn ESPRIT DR N & ESPRIT DR S","385495.46100","5034929.93700","-75.46835","45.44964","2017","4/5/2017","4:10:00 PM","01 - Clear","01 - Dry","10 - No control","01 - Non intersection","01 - Daylight","03 - P.D. only","06 - SMV unattended vehicle"
"4966","ESPRIT DR btwn ESPRIT DR N & STORMWIND AVE","385549.68600","5035010.86500","-75.46764","45.45036","2017","7/21/2017","7:35:00 AM","01 - Clear","01 - Dry","10 - No control","01 - Non intersection","01 - Daylight","03 - P.D. only","06 - SMV unattended vehicle"
"4967","ESPRIT DR btwn GALLERIA CIRC & BLACKBURN BYPS","385107.25668","5035429.57414","-75.47323","45.45418","2017","10/29/2017","5:30:00 AM","01 - Clear","01 - Dry","10 - No control","01 - Non intersection","07 - Dark","03 - P.D. only","06 - SMV unattended vehicle"
"4968","ESPRIT DR btwn GALLERIA CIRC & BLACKBURN BYPS","385119.47900","5035400.81451","-75.47308","45.45392","2017","4/5/2017","12:00:00 AM","02 - Rain","02 - Wet","10 - No control","01 - Non intersection","00 - Unknown","03 - P.D. only","06 - SMV unattended vehicle"
"4969","ESPRIT DR btwn VISTAPARK DR & Continuation of ESPRIT DR","385423.27942","5035125.15703","-75.46924","45.45141","2017","2/14/2017","9:01:00 AM","03 - Snow","04 - Slush","10 - No control","04 - At/near private drive","01 - Daylight","03 - P.D. only","03 - Rear end"
"4970","ESQUIMAULT AVE btwn OKANAGAN DR & QUALICUM ST","359505.77115","5022474.12782","-75.80197","45.34008","2017","10/6/2017","11:20:00 AM","01 - Clear","01 - Dry","10 - No control","01 - Non intersection","01 - Daylight","03 - P.D. only","07 - SMV other"
"4971","ESSON ST @ HUNT CLUB RD","374640.28084","5025906.16415","-75.60839","45.36962","2017","10/20/2017","8:29:00 AM","01 - Clear","01 - Dry","02 - Stop sign","03 - At intersection","01 - Daylight","03 - P.D. only","03 - Rear end"
"4972","ESTERBROOK DR btwn ROLLING MEADOW CRES & DOVEHAVEN ST","381743.26154","5032414.36801","-75.51671","45.42743","2017","5/10/2017","12:00:00 AM","01 - Clear","01 - Dry","10 - No control","01 - Non intersection","00 - Unknown","03 - P.D. only","06 - SMV unattended vehicle"