"Record","Location","X","Y","Longitude","Latitude","Year","Date","Time","Environment","Road_Surface","Traffic_Control","Collision_Location","Light","Collision_Classification","Impact_type"
"4973","EVANS BLVD @ BANK ST","369929.43295","5027031.53960","-75.66837","45.38020","2017","7/17/2017","6:56:00 PM","01 - Clear","01 - Dry","02 - Stop sign","03 - At intersection","01 - Daylight","02 - Non-fatal injury","02 - Angle"
"4974","EVANS BLVD @ BANK ST","369930.77122","5027031.49218","-75.66836","45.38020","2017","12/20/2017","9:15:00 AM","01 - Clear","02 - Wet","02 - Stop sign","02 - Intersection related","01 - Daylight","03 - P.D. only","02 - Angle"
"4975","EVANS BLVD btwn BANK ST & WILLOWDALE AVE","369999.11565","5027023.72720","-75.66749","45.38012","2017","7/18/2017","12:00:00 AM","01 - Clear","01 - Dry","10 - No control","01 - Non intersection","00 - Unknown","03 - P.D. only","06 - SMV unattended vehicle"
"4976","EVANS BLVD btwn BANK ST & WILLOWDALE AVE","369947.91429","5027035.02053","-75.66814","45.38023","2017","2/27/2017","12:00:00 AM","01 - Clear","01 - Dry","10 - No control","01 - Non intersection","00 - Unknown","03 - P.D. only","06 - SMV unattended vehicle"
"4977","EVELYN AVE @ MAIN ST","369039.18217","5030472.38847","-75.67929","45.41124","2017","1/13/2017","5:20:00 PM","01 - Clear","01 - Dry","01 - Traffic signal","02 - Intersection related","05 - Dusk","02 - Non-fatal injury","03 - Rear end"
"4978","EVELYN AVE @ MAIN ST","369038.16235","5030473.02545","-75.67931","45.41125","2017","1/31/2017","2:19:00 PM","01 - Clear","01 - Dry","01 - Traffic signal","02 - Intersection related","01 - Daylight","03 - P.D. only","04 - Sideswipe"
"4979","EVELYN AVE btwn MAIN ST & ROSEMERE AVE","369184.96075","5030560.23465","-75.67742","45.41202","2017","3/5/2017","12:38:00 PM","01 - Clear","01 - Dry","10 - No control","01 - Non intersection","01 - Daylight","03 - P.D. only","06 - SMV unattended vehicle"
"4980","EVELYN AVE btwn ROSEMERE AVE & CONCORD ST S","369261.98015","5030609.44540","-75.67643","45.41245","2017","8/19/2017","11:25:00 AM","01 - Clear","01 - Dry","10 - No control","04 - At/near private drive","01 - Daylight","02 - Non-fatal injury","07 - SMV other"
"4981","EVEREST PRIV @ RUSSELL RD","372691.49380","5029716.21130","-75.63274","45.40409","2017","1/5/2017","8:00:00 AM","01 - Clear","06 - Ice","02 - Stop sign","03 - At intersection","01 - Daylight","03 - P.D. only","02 - Angle"
"4982","EWING ST btwn CLIFFORD PRIV & WELSH PRIV","373694.62753","5026284.40115","-75.62041","45.37311","2017","9/25/2017","10:09:00 PM","01 - Clear","01 - Dry","10 - No control","01 - Non intersection","07 - Dark","03 - P.D. only","06 - SMV unattended vehicle"
"4983","EXHIBITION WAY btwn BANK ST & NO NAME","368619.01350","5029130.17600","-75.68483","45.39920","2017","5/15/2017","2:03:00 PM","01 - Clear","01 - Dry","10 - No control","01 - Non intersection","01 - Daylight","03 - P.D. only","06 - SMV unattended vehicle"
"4984","EXHIBITION WAY btwn BANK ST & NO NAME","368584.71470","5029109.33280","-75.68527","45.39902","2017","4/29/2017","9:32:00 PM","01 - Clear","01 - Dry","10 - No control","01 - Non intersection","07 - Dark","03 - P.D. only","06 - SMV unattended vehicle"
"4985","EXHIBITION WAY btwn BANK ST & NO NAME","368587.36060","5029110.65570","-75.68524","45.39903","2017","7/18/2017","6:00:00 PM","01 - Clear","01 - Dry","10 - No control","01 - Non intersection","01 - Daylight","03 - P.D. only","06 - SMV unattended vehicle"
"4986","EXPLORER LANE N @ VOYAGEUR DR N","378433.38870","5037815.48180","-75.55819","45.47638","2017","9/3/2017","3:19:00 PM","02 - Rain","02 - Wet","","02 - Intersection related","01 - Daylight","03 - P.D. only","07 - SMV other"
"4987","FABLE ST btwn LARKIN DR & PHYLIS ST","362353.74485","5015796.33449","-75.76640","45.27977","2017","12/15/2017","12:00:00 AM","03 - Snow","03 - Loose snow","10 - No control","01 - Non intersection","00 - Unknown","03 - P.D. only","06 - SMV unattended vehicle"
"4988","FABLE ST btwn MALVERN DR & BLUERIDGE CRT","362470.48570","5015617.23438","-75.76494","45.27815","2017","7/12/2017","8:19:00 AM","01 - Clear","01 - Dry","10 - No control","01 - Non intersection","01 - Daylight","03 - P.D. only","04 - Sideswipe"
"4989","FAIRBANKS AVE @ SMYTH RD","370628.72070","5029080.84744","-75.65917","45.39857","2017","9/22/2017","5:57:00 PM","01 - Clear","01 - Dry","02 - Stop sign","02 - Intersection related","01 - Daylight","03 - P.D. only","02 - Angle"
"4990","FAIRLEA CRES @ HEATHERINGTON RD N","371808.00656","5026693.38517","-75.64444","45.37698","2017","1/7/2017","12:27:00 PM","01 - Clear","06 - Ice","03 - Yield sign","02 - Intersection related","01 - Daylight","03 - P.D. only","03 - Rear end"
"4991","FAIRLEA CRES btwn HEATHERINGTON RD & CORLEY PRIV","371940.71629","5026515.90805","-75.64277","45.37537","2017","5/9/2017","3:03:00 PM","01 - Clear","01 - Dry","10 - No control","01 - Non intersection","01 - Daylight","03 - P.D. only","06 - SMV unattended vehicle"
"4992","FAIRLEA CRES btwn HEATHERINGTON RD & GORE PRIV","372087.25414","5026649.79910","-75.64088","45.37656","2017","4/24/2017","12:00:00 AM","01 - Clear","01 - Dry","10 - No control","01 - Non intersection","00 - Unknown","03 - P.D. only","06 - SMV unattended vehicle"
"4993","FAIRLEA CRES btwn HEATHERINGTON RD & GORE PRIV","371819.15022","5026695.03596","-75.64429","45.37699","2017","9/14/2017","12:00:00 AM","01 - Clear","01 - Dry","10 - No control","01 - Non intersection","00 - Unknown","03 - P.D. only","06 - SMV unattended vehicle"
"4994","FAIRLEA CRES btwn HEATHERINGTON RD & GORE PRIV","371928.82158","5026755.07656","-75.64288","45.37752","2017","10/10/2017","10:40:00 AM","01 - Clear","01 - Dry","10 - No control","01 - Non intersection","01 - Daylight","03 - P.D. only","06 - SMV unattended vehicle"
"4995","FAIRLEA CRES btwn HEATHERINGTON RD & GORE PRIV","371901.02765","5026739.34954","-75.64324","45.37738","2017","12/5/2017","5:15:00 PM","02 - Rain","02 - Wet","10 - No control","01 - Non intersection","07 - Dark","03 - P.D. only","06 - SMV unattended vehicle"
"4996","FAIRLEA CRES btwn HEATHERINGTON RD & GORE PRIV","372027.56371","5026793.28353","-75.64162","45.37786","2017","1/7/2017","7:50:00 AM","01 - Clear","06 - Ice","10 - No control","01 - Non intersection","03 - Dawn","03 - P.D. only","01 - Approaching"
"4997","FAIRLEA CRES btwn HEATHERINGTON RD & GORE PRIV","372018.27542","5026803.50439","-75.64174","45.37795","2017","1/8/2017","5:03:00 PM","01 - Clear","06 - Ice","10 - No control","01 - Non intersection","05 - Dusk","03 - P.D. only","01 - Approaching"
"4998","FAIRLEA CRES btwn HEATHERINGTON RD & GORE PRIV","371839.72524","5026707.12523","-75.64403","45.37710","2017","3/7/2017","8:59:00 AM","04 - Freezing Rain","06 - Ice","10 - No control","01 - Non intersection","01 - Daylight","03 - P.D. only","01 - Approaching"
"4999","FAIRMONT AVE @ GLADSTONE AVE","365735.36795","5029345.23180","-75.72164","45.40139","2017","6/7/2017","9:35:00 AM","01 - Clear","01 - Dry","01 - Traffic signal","03 - At intersection","01 - Daylight","02 - Non-fatal injury","07 - SMV other"
"5000","FAIRMONT AVE @ GLADSTONE AVE","365735.27090","5029344.34715","-75.72164","45.40138","2017","8/19/2017","1:47:00 PM","01 - Clear","01 - Dry","01 - Traffic signal","02 - Intersection related","01 - Daylight","02 - Non-fatal injury","03 - Rear end"
"5001","FAIRMONT AVE @ WELLINGTON ST","365555.49100","5029698.59996","-75.72389","45.40459","2017","4/26/2017","2:49:00 PM","01 - Clear","01 - Dry","01 - Traffic signal","02 - Intersection related","01 - Daylight","02 - Non-fatal injury","06 - SMV unattended vehicle"
"5002","FAIRMONT AVE @ WELLINGTON ST","365556.02648","5029698.15764","-75.72388","45.40458","2017","7/14/2017","4:29:00 PM","01 - Clear","01 - Dry","01 - Traffic signal","02 - Intersection related","01 - Daylight","03 - P.D. only","04 - Sideswipe"
"5003","FAIRMONT AVE @ WELLINGTON ST","365554.54425","5029698.59996","-75.72390","45.40459","2017","12/22/2017","10:12:00 AM","03 - Snow","02 - Wet","01 - Traffic signal","02 - Intersection related","01 - Daylight","03 - P.D. only","04 - Sideswipe"
"5004","FAIRMONT AVE @ YOUNG ST","365822.69740","5029152.73894","-75.72054","45.39965","2017","10/29/2017","11:01:00 PM","02 - Rain","02 - Wet","02 - Stop sign","02 - Intersection related","07 - Dark","03 - P.D. only","07 - SMV other"
"5005","FAIRMONT AVE btwn KENILWORTH ST & LAURENTIAN PL","365994.19957","5028759.64897","-75.71840","45.39610","2017","12/25/2017","12:43:00 PM","01 - Clear","03 - Loose snow","10 - No control","01 - Non intersection","01 - Daylight","03 - P.D. only","06 - SMV unattended vehicle"
"5006","FAIRMONT AVE btwn WELLINGTON ST W & DUHAMEL ST","365588.33127","5029643.77297","-75.72348","45.40409","2017","3/21/2017","9:02:00 AM","01 - Clear","02 - Wet","10 - No control","01 - Non intersection","01 - Daylight","03 - P.D. only","06 - SMV unattended vehicle"
"5007","FALAISE RD @ FISHER AVE","366775.70820","5024562.23116","-75.70895","45.35827","2017","10/11/2017","6:41:00 PM","01 - Clear","01 - Dry","02 - Stop sign","03 - At intersection","05 - Dusk","02 - Non-fatal injury","02 - Angle"
"5008","FALAISE RD @ FISHER AVE","366775.70820","5024560.81104","-75.70895","45.35825","2017","10/5/2017","4:30:00 PM","01 - Clear","01 - Dry","02 - Stop sign","03 - At intersection","01 - Daylight","03 - P.D. only","02 - Angle"
"5009","FALAISE RD @ FISHER AVE","366775.23483","5024561.28441","-75.70896","45.35826","2017","1/10/2017","8:38:00 AM","01 - Clear","06 - Ice","02 - Stop sign","02 - Intersection related","01 - Daylight","03 - P.D. only","03 - Rear end"
"5010","FALCON AVE @ HERON RD","369606.64815","5026793.73349","-75.67253","45.37809","2017","1/5/2017","6:30:00 PM","01 - Clear","04 - Slush","02 - Stop sign","02 - Intersection related","07 - Dark","03 - P.D. only","07 - SMV other"
"5011","FALLOWFIELD RD @ 482 E OF HOLITMAN DR/BARRHAVE","364167.75974","5017377.73040","-75.74310","45.29385","2017","4/11/2017","8:09:00 PM","01 - Clear","01 - Dry","01 - Traffic signal","03 - At intersection","07 - Dark","03 - P.D. only","05 - Turning movement"
"5012","FALLOWFIELD RD @ 482 E OF HOLITMAN DR/BARRHAVE","364167.75974","5017376.39260","-75.74310","45.29383","2017","3/30/2017","2:25:00 PM","01 - Clear","01 - Dry","01 - Traffic signal","03 - At intersection","01 - Daylight","02 - Non-fatal injury","02 - Angle"
"5013","FALLOWFIELD RD @ GREENBANK RD","363081.01015","5016731.78640","-75.75703","45.28812","2017","6/3/2017","11:46:00 AM","01 - Clear","01 - Dry","01 - Traffic signal","03 - At intersection","01 - Daylight","02 - Non-fatal injury","05 - Turning movement"
"5014","FALLOWFIELD RD @ GREENBANK RD","363080.34125","5016731.78640","-75.75703","45.28812","2017","6/3/2017","9:38:00 AM","01 - Clear","01 - Dry","01 - Traffic signal","03 - At intersection","01 - Daylight","03 - P.D. only","05 - Turning movement"
"5015","FALLOWFIELD RD @ GREENBANK RD","363080.16620","5016732.45530","-75.75704","45.28813","2017","6/20/2017","11:27:00 PM","01 - Clear","01 - Dry","01 - Traffic signal","03 - At intersection","07 - Dark","03 - P.D. only","02 - Angle"
"5016","FALLOWFIELD RD @ GREENBANK RD","363080.89768","5016732.67728","-75.75703","45.28813","2017","8/25/2017","12:57:00 PM","01 - Clear","01 - Dry","01 - Traffic signal","02 - Intersection related","01 - Daylight","03 - P.D. only","03 - Rear end"
"5017","FALLOWFIELD RD @ GREENBANK RD","363080.67570","5016733.25851","-75.75703","45.28814","2017","7/31/2017","6:41:00 AM","01 - Clear","01 - Dry","01 - Traffic signal","02 - Intersection related","01 - Daylight","03 - P.D. only","04 - Sideswipe"
"5018","FALLOWFIELD RD @ GREENBANK RD","363080.67570","5016732.77428","-75.75703","45.28813","2017","7/22/2017","4:45:00 PM","01 - Clear","01 - Dry","01 - Traffic signal","03 - At intersection","01 - Daylight","03 - P.D. only","02 - Angle"
"5019","FALLOWFIELD RD @ GREENBANK RD","363081.14907","5016733.16536","-75.75702","45.28814","2017","8/26/2017","1:59:00 PM","01 - Clear","01 - Dry","01 - Traffic signal","02 - Intersection related","01 - Daylight","03 - P.D. only","03 - Rear end"
"5020","FALLOWFIELD RD @ GREENBANK RD","363080.67570","5016732.23955","-75.75703","45.28813","2017","8/22/2017","9:51:00 AM","01 - Clear","02 - Wet","01 - Traffic signal","03 - At intersection","01 - Daylight","02 - Non-fatal injury","05 - Turning movement"
"5021","FALLOWFIELD RD @ GREENBANK RD","363079.39365","5016733.09633","-75.75705","45.28814","2017","8/13/2017","4:30:00 PM","01 - Clear","01 - Dry","01 - Traffic signal","03 - At intersection","01 - Daylight","02 - Non-fatal injury","05 - Turning movement"
"5022","FALLOWFIELD RD @ GREENBANK RD","363080.34125","5016733.79309","-75.75703","45.28814","2017","10/29/2017","7:35:00 PM","02 - Rain","02 - Wet","01 - Traffic signal","03 - At intersection","07 - Dark","02 - Non-fatal injury","02 - Angle"
"5023","FALLOWFIELD RD @ GREENBANK RD","363080.22877","5016731.33798","-75.75704","45.28812","2017","9/11/2017","2:35:00 PM","01 - Clear","01 - Dry","01 - Traffic signal","02 - Intersection related","01 - Daylight","03 - P.D. only","03 - Rear end"
"5024","FALLOWFIELD RD @ GREENBANK RD","363080.22877","5016732.23184","-75.75704","45.28813","2017","9/14/2017","6:55:00 PM","01 - Clear","01 - Dry","01 - Traffic signal","02 - Intersection related","05 - Dusk","03 - P.D. only","03 - Rear end"
"5025","FALLOWFIELD RD @ GREENBANK RD","363082.34794","5016733.12420","-75.75701","45.28814","2017","11/16/2017","6:20:00 PM","02 - Rain","02 - Wet","01 - Traffic signal","03 - At intersection","07 - Dark","03 - P.D. only","05 - Turning movement"
"5026","FALLOWFIELD RD @ GREENBANK RD","363079.67236","5016733.12420","-75.75704","45.28814","2017","11/27/2017","9:37:00 AM","01 - Clear","01 - Dry","01 - Traffic signal","02 - Intersection related","01 - Daylight","03 - P.D. only","03 - Rear end"
"5027","FALLOWFIELD RD @ GREENBANK RD","363081.14907","5016731.27187","-75.75702","45.28812","2017","11/11/2017","6:52:00 PM","01 - Clear","01 - Dry","01 - Traffic signal","02 - Intersection related","07 - Dark","02 - Non-fatal injury","03 - Rear end"
"5028","FALLOWFIELD RD @ GREENBANK RD","363080.34125","5016732.45530","-75.75703","45.28813","2017","11/21/2017","2:46:00 PM","01 - Clear","01 - Dry","01 - Traffic signal","02 - Intersection related","01 - Daylight","03 - P.D. only","04 - Sideswipe"
"5029","FALLOWFIELD RD @ GREENBANK RD","363081.42617","5016734.33147","-75.75702","45.28815","2017","2/16/2017","9:32:00 AM","01 - Clear","04 - Slush","01 - Traffic signal","02 - Intersection related","01 - Daylight","02 - Non-fatal injury","03 - Rear end"
"5030","FALLOWFIELD RD @ GREENBANK RD","363080.34125","5016733.79309","-75.75703","45.28814","2017","2/16/2017","9:23:00 AM","03 - Snow","04 - Slush","01 - Traffic signal","02 - Intersection related","01 - Daylight","02 - Non-fatal injury","03 - Rear end"
"5031","FALLOWFIELD RD @ GREENBANK RD","363080.67570","5016733.00175","-75.75703","45.28814","2017","1/30/2017","12:33:00 PM","01 - Clear","01 - Dry","01 - Traffic signal","02 - Intersection related","01 - Daylight","03 - P.D. only","03 - Rear end"
"5032","FALLOWFIELD RD @ GREENBANK RD","363081.22215","5016733.00175","-75.75702","45.28814","2017","1/24/2017","7:25:00 AM","01 - Clear","01 - Dry","01 - Traffic signal","02 - Intersection related","03 - Dawn","03 - P.D. only","03 - Rear end"
"5033","FALLOWFIELD RD @ GREENBANK RD","363080.13296","5016731.64119","-75.75704","45.28812","2017","1/25/2017","10:49:00 PM","01 - Clear","02 - Wet","01 - Traffic signal","03 - At intersection","07 - Dark","02 - Non-fatal injury","05 - Turning movement"
"5034","FALLOWFIELD RD @ GREENBANK RD","363079.81733","5016734.17204","-75.75704","45.28815","2017","1/8/2017","9:13:00 PM","01 - Clear","02 - Wet","01 - Traffic signal","02 - Intersection related","07 - Dark","03 - P.D. only","03 - Rear end"
"5035","FALLOWFIELD RD @ GREENBANK RD","363081.01015","5016731.11751","-75.75703","45.28812","2017","2/16/2017","7:50:00 AM","03 - Snow","03 - Loose snow","01 - Traffic signal","02 - Intersection related","01 - Daylight","03 - P.D. only","03 - Rear end"
"5036","FALLOWFIELD RD @ GREENBANK RD","363080.34125","5016732.45530","-75.75703","45.28813","2017","3/9/2017","11:35:00 AM","01 - Clear","01 - Dry","01 - Traffic signal","02 - Intersection related","01 - Daylight","03 - P.D. only","04 - Sideswipe"
"5037","FALLOWFIELD RD @ HOLITMAN DR","363743.43627","5017135.56980","-75.74853","45.29170","2017","1/18/2017","11:02:00 AM","01 - Clear","01 - Dry","02 - Stop sign","03 - At intersection","01 - Daylight","03 - P.D. only","02 - Angle"
"5038","FALLOWFIELD RD @ HOLITMAN DR","363742.35135","5017135.78189","-75.74855","45.29170","2017","3/27/2017","4:58:00 PM","07 - Fog, mist, smoke, dust","02 - Wet","02 - Stop sign","03 - At intersection","01 - Daylight","03 - P.D. only","02 - Angle"
"5039","FALLOWFIELD RD @ HWY 416 FALLOWFI IC66R24","360278.34493","5014851.05035","-75.79296","45.27143","2017","7/21/2017","5:59:00 PM","01 - Clear","01 - Dry","02 - Stop sign","02 - Intersection related","01 - Daylight","03 - P.D. only","02 - Angle"
"5040","FALLOWFIELD RD @ HWY 416 FALLOWFI IC66R24","360278.39180","5014851.35475","-75.79296","45.27143","2017","12/18/2017","12:30:00 PM","03 - Snow","04 - Slush","02 - Stop sign","02 - Intersection related","01 - Daylight","03 - P.D. only","03 - Rear end"
"5041","FALLOWFIELD RD @ HWY 416 FALLOWFI IC66R34","359823.00260","5014726.88624","-75.79878","45.27035","2017","12/10/2017","5:49:00 PM","01 - Clear","01 - Dry","01 - Traffic signal","02 - Intersection related","07 - Dark","02 - Non-fatal injury","03 - Rear end"
"5042","FALLOWFIELD RD @ HWY 416 FALLOWFI IC66R34","359823.14605","5014727.02929","-75.79878","45.27035","2017","3/23/2017","4:58:00 PM","01 - Clear","01 - Dry","01 - Traffic signal","02 - Intersection related","01 - Daylight","03 - P.D. only","03 - Rear end"
"5043","FALLOWFIELD RD @ HWY 416 FALLOWFI IC66R34","359822.47716","5014727.02929","-75.79878","45.27035","2017","4/8/2017","12:17:00 PM","01 - Clear","01 - Dry","01 - Traffic signal","02 - Intersection related","01 - Daylight","03 - P.D. only","03 - Rear end"
"5044","FALLOWFIELD RD @ HWY 416 FALLOWFI IC66R52","360096.78645","5014799.41979","-75.79528","45.27098","2017","4/7/2017","7:40:00 AM","02 - Rain","02 - Wet","10 - No control","02 - Intersection related","01 - Daylight","03 - P.D. only","07 - SMV other"
"5045","FALLOWFIELD RD @ MERIVALE RD","366890.70926","5018844.46920","-75.70820","45.30681","2017","4/28/2017","6:30:00 PM","01 - Clear","01 - Dry","01 - Traffic signal","02 - Intersection related","01 - Daylight","03 - P.D. only","03 - Rear end"
"5046","FALLOWFIELD RD @ MERIVALE RD","366893.53908","5018843.55596","-75.70816","45.30680","2017","7/31/2017","4:53:00 PM","01 - Clear","01 - Dry","01 - Traffic signal","02 - Intersection related","01 - Daylight","03 - P.D. only","03 - Rear end"
"5047","FALLOWFIELD RD @ MERIVALE RD","366892.04705","5018846.47589","-75.70818","45.30683","2017","10/17/2017","11:38:00 AM","01 - Clear","01 - Dry","01 - Traffic signal","03 - At intersection","01 - Daylight","03 - P.D. only","02 - Angle"
"5048","FALLOWFIELD RD @ MERIVALE RD","366891.26567","5018843.79881","-75.70819","45.30680","2017","9/8/2017","3:58:00 PM","01 - Clear","01 - Dry","01 - Traffic signal","02 - Intersection related","01 - Daylight","02 - Non-fatal injury","03 - Rear end"
"5049","FALLOWFIELD RD @ MERIVALE RD","366890.04036","5018845.13810","-75.70821","45.30681","2017","10/30/2017","10:55:00 AM","02 - Rain","02 - Wet","01 - Traffic signal","03 - At intersection","01 - Daylight","03 - P.D. only","05 - Turning movement"
"5050","FALLOWFIELD RD @ MERIVALE RD","366892.04705","5018845.80699","-75.70818","45.30682","2017","11/15/2017","6:46:00 PM","01 - Clear","01 - Dry","01 - Traffic signal","02 - Intersection related","07 - Dark","03 - P.D. only","03 - Rear end"
"5051","FALLOWFIELD RD @ MERIVALE RD","366891.23923","5018844.23251","-75.70819","45.30681","2017","12/9/2017","10:30:00 PM","03 - Snow","03 - Loose snow","01 - Traffic signal","02 - Intersection related","07 - Dark","03 - P.D. only","07 - SMV other"
"5052","FALLOWFIELD RD @ MERIVALE RD","366892.04705","5018846.47589","-75.70818","45.30683","2017","11/18/2017","11:50:00 AM","02 - Rain","02 - Wet","01 - Traffic signal","02 - Intersection related","01 - Daylight","03 - P.D. only","03 - Rear end"
"5053","FALLOWFIELD RD @ MERIVALE RD","366890.76585","5018844.70589","-75.70820","45.30681","2017","1/19/2017","4:16:00 PM","01 - Clear","02 - Wet","01 - Traffic signal","03 - At intersection","01 - Daylight","03 - P.D. only","03 - Rear end"
"5054","FALLOWFIELD RD @ MERIVALE RD","366892.57097","5018843.61083","-75.70818","45.30680","2017","1/5/2017","5:15:00 PM","01 - Clear","04 - Slush","01 - Traffic signal","02 - Intersection related","05 - Dusk","03 - P.D. only","03 - Rear end"
"5055","FALLOWFIELD RD @ MERIVALE RD","366891.16986","5018845.28331","-75.70819","45.30681","2017","1/5/2017","6:32:00 PM","04 - Freezing Rain","06 - Ice","01 - Traffic signal","03 - At intersection","07 - Dark","03 - P.D. only","05 - Turning movement"
"5056","FALLOWFIELD RD @ MERIVALE RD","366893.42934","5018846.18594","-75.70816","45.30682","2017","1/5/2017","8:01:00 PM","04 - Freezing Rain","06 - Ice","01 - Traffic signal","02 - Intersection related","07 - Dark","03 - P.D. only","03 - Rear end"
"5057","FALLOWFIELD RD @ MERIVALE RD","366892.04705","5018845.13810","-75.70818","45.30681","2017","3/14/2017","1:08:00 PM","03 - Snow","06 - Ice","01 - Traffic signal","02 - Intersection related","01 - Daylight","03 - P.D. only","03 - Rear end"
"5058","FALLOWFIELD RD @ MOODIE DR","359496.05784","5014633.43535","-75.80295","45.26953","2017","6/21/2017","6:57:00 AM","01 - Clear","01 - Dry","01 - Traffic signal","02 - Intersection related","01 - Daylight","03 - P.D. only","04 - Sideswipe"
"5059","FALLOWFIELD RD @ MOODIE DR","359501.32145","5014637.75069","-75.80289","45.26957","2017","5/1/2017","4:33:00 PM","02 - Rain","02 - Wet","01 - Traffic signal","02 - Intersection related","01 - Daylight","03 - P.D. only","03 - Rear end"
"5060","FALLOWFIELD RD @ MOODIE DR","359501.99035","5014636.41290","-75.80288","45.26956","2017","6/15/2017","4:36:00 PM","01 - Clear","01 - Dry","01 - Traffic signal","02 - Intersection related","01 - Daylight","03 - P.D. only","03 - Rear end"
"5061","FALLOWFIELD RD @ MOODIE DR","359501.65590","5014635.60969","-75.80288","45.26955","2017","7/14/2017","7:43:00 AM","01 - Clear","01 - Dry","01 - Traffic signal","03 - At intersection","01 - Daylight","02 - Non-fatal injury","04 - Sideswipe"
"5062","FALLOWFIELD RD @ MOODIE DR","359501.99035","5014635.74400","-75.80288","45.26955","2017","7/8/2017","10:50:00 AM","01 - Clear","01 - Dry","01 - Traffic signal","02 - Intersection related","01 - Daylight","03 - P.D. only","03 - Rear end"
"5063","FALLOWFIELD RD @ MOODIE DR","359502.10283","5014636.18944","-75.80288","45.26956","2017","9/8/2017","4:36:00 PM","01 - Clear","02 - Wet","01 - Traffic signal","02 - Intersection related","01 - Daylight","02 - Non-fatal injury","03 - Rear end"
"5064","FALLOWFIELD RD @ MOODIE DR","359502.12927","5014637.12296","-75.80288","45.26956","2017","9/27/2017","1:48:00 PM","01 - Clear","01 - Dry","01 - Traffic signal","02 - Intersection related","01 - Daylight","03 - P.D. only","03 - Rear end"
"5065","FALLOWFIELD RD @ MOODIE DR","359500.70915","5014636.17621","-75.80290","45.26956","2017","9/22/2017","5:13:00 PM","01 - Clear","01 - Dry","01 - Traffic signal","02 - Intersection related","01 - Daylight","03 - P.D. only","03 - Rear end"
"5066","FALLOWFIELD RD @ MOODIE DR","359501.18253","5014636.17621","-75.80289","45.26956","2017","12/10/2017","6:50:00 PM","01 - Clear","01 - Dry","01 - Traffic signal","03 - At intersection","07 - Dark","03 - P.D. only","05 - Turning movement"
"5067","FALLOWFIELD RD @ MOODIE DR","359501.32145","5014635.74400","-75.80289","45.26955","2017","11/17/2017","2:00:00 PM","01 - Clear","01 - Dry","01 - Traffic signal","02 - Intersection related","01 - Daylight","03 - P.D. only","03 - Rear end"
"5068","FALLOWFIELD RD @ MOODIE DR","359499.93916","5014637.27127","-75.80290","45.26957","2017","1/5/2017","8:07:00 AM","01 - Clear","06 - Ice","01 - Traffic signal","02 - Intersection related","03 - Dawn","03 - P.D. only","03 - Rear end"
"5069","FALLOWFIELD RD @ MOODIE DR","359502.60265","5014636.17621","-75.80287","45.26956","2017","4/17/2017","7:34:00 PM","01 - Clear","01 - Dry","01 - Traffic signal","02 - Intersection related","01 - Daylight","02 - Non-fatal injury","03 - Rear end"
"5070","FALLOWFIELD RD @ MOODIE DR","359501.99035","5014636.41290","-75.80288","45.26956","2017","4/7/2017","7:51:00 AM","01 - Clear","02 - Wet","01 - Traffic signal","02 - Intersection related","01 - Daylight","03 - P.D. only","03 - Rear end"
"5071","FALLOWFIELD RD @ MOODIE DR","359502.12927","5014637.12296","-75.80288","45.26956","2017","12/19/2017","6:55:00 AM","03 - Snow","03 - Loose snow","01 - Traffic signal","03 - At intersection","07 - Dark","03 - P.D. only","05 - Turning movement"
"5072","FALLOWFIELD RD @ RICHMOND RD","357721.30115","5013529.41600","-75.82569","45.25973","2017","5/25/2017","4:46:00 PM","02 - Rain","02 - Wet","01 - Traffic signal","02 - Intersection related","01 - Daylight","03 - P.D. only","03 - Rear end"
"5073","FALLOWFIELD RD @ RICHMOND RD","357722.06710","5013530.06325","-75.82568","45.25974","2017","8/11/2017","3:31:00 PM","01 - Clear","01 - Dry","01 - Traffic signal","02 - Intersection related","01 - Daylight","03 - P.D. only","07 - SMV other"
"5074","FALLOWFIELD RD @ RICHMOND RD","357721.30115","5013528.07821","-75.82569","45.25972","2017","7/10/2017","5:51:00 PM","01 - Clear","01 - Dry","01 - Traffic signal","02 - Intersection related","01 - Daylight","03 - P.D. only","03 - Rear end"
"5075","FALLOWFIELD RD @ RICHMOND RD","357722.10897","5013528.70594","-75.82568","45.25973","2017","10/20/2017","3:36:00 PM","01 - Clear","01 - Dry","01 - Traffic signal","02 - Intersection related","01 - Daylight","03 - P.D. only","03 - Rear end"
"5076","FALLOWFIELD RD @ RICHMOND RD","357720.63226","5013529.41600","-75.82570","45.25973","2017","11/26/2017","6:16:00 PM","03 - Snow","03 - Loose snow","01 - Traffic signal","03 - At intersection","07 - Dark","03 - P.D. only","02 - Angle"
"5077","FALLOWFIELD RD @ RICHMOND RD","357720.54270","5013528.86955","-75.82570","45.25973","2017","1/21/2017","1:27:00 PM","01 - Clear","01 - Dry","01 - Traffic signal","02 - Intersection related","01 - Daylight","03 - P.D. only","03 - Rear end"
"5078","FALLOWFIELD RD @ RICHMOND RD","357721.63560","5013528.93811","-75.82568","45.25973","2017","12/16/2017","8:59:00 AM","03 - Snow","03 - Loose snow","01 - Traffic signal","02 - Intersection related","01 - Daylight","03 - P.D. only","03 - Rear end"