"Record","Location","X","Y","Longitude","Latitude","Year","Date","Time","Environment","Road_Surface","Traffic_Control","Collision_Location","Light","Collision_Classification","Impact_type"
"5079","FALLOWFIELD RD @ SHEA RD","354013.37553","5011020.14933","-75.87318","45.23742","2017","1/2/2017","9:16:00 AM","01 - Clear","01 - Dry","02 - Stop sign","03 - At intersection","01 - Daylight","02 - Non-fatal injury","02 - Angle"
"5080","FALLOWFIELD RD @ SHEA RD","354022.25256","5011023.76325","-75.87307","45.23745","2017","12/21/2017","2:22:00 PM","01 - Clear","01 - Dry","02 - Stop sign","03 - At intersection","01 - Daylight","03 - P.D. only","02 - Angle"
"5081","FALLOWFIELD RD @ STEEPLE HILL CRES","358397.69361","5013996.70435","-75.81702","45.26389","2017","8/20/2017","8:36:00 PM","01 - Clear","01 - Dry","02 - Stop sign","03 - At intersection","05 - Dusk","02 - Non-fatal injury","02 - Angle"
"5082","FALLOWFIELD RD @ STEEPLE HILL CRES","358398.93423","5013994.39990","-75.81700","45.26387","2017","8/17/2017","4:25:00 PM","01 - Clear","01 - Dry","02 - Stop sign","02 - Intersection related","01 - Daylight","03 - P.D. only","03 - Rear end"
"5083","FALLOWFIELD RD @ STEEPLE HILL CRES","358398.31495","5013998.75899","-75.81701","45.26390","2017","11/12/2017","2:14:00 PM","01 - Clear","01 - Dry","02 - Stop sign","02 - Intersection related","01 - Daylight","02 - Non-fatal injury","07 - SMV other"
"5084","FALLOWFIELD RD @ STEEPLE HILL CRES","358396.97716","5013998.09010","-75.81703","45.26390","2017","4/13/2017","2:51:00 PM","01 - Clear","01 - Dry","02 - Stop sign","03 - At intersection","01 - Daylight","03 - P.D. only","02 - Angle"
"5085","FALLOWFIELD RD @ STRANDHERD DR","360752.55925","5014962.82320","-75.78691","45.27240","2017","6/5/2017","2:45:00 PM","01 - Clear","01 - Dry","01 - Traffic signal","02 - Intersection related","01 - Daylight","03 - P.D. only","03 - Rear end"
"5086","FALLOWFIELD RD @ STRANDHERD DR","360751.58377","5014963.43635","-75.78692","45.27240","2017","8/12/2017","6:56:00 PM","02 - Rain","02 - Wet","01 - Traffic signal","02 - Intersection related","01 - Daylight","02 - Non-fatal injury","03 - Rear end"
"5087","FALLOWFIELD RD @ STRANDHERD DR","360752.76028","5014961.35109","-75.78690","45.27238","2017","7/26/2017","7:34:00 AM","01 - Clear","01 - Dry","01 - Traffic signal","02 - Intersection related","01 - Daylight","03 - P.D. only","04 - Sideswipe"
"5088","FALLOWFIELD RD @ STRANDHERD DR","360753.50685","5014961.51327","-75.78689","45.27238","2017","8/15/2017","2:45:00 PM","01 - Clear","01 - Dry","01 - Traffic signal","03 - At intersection","01 - Daylight","02 - Non-fatal injury","02 - Angle"
"5089","FALLOWFIELD RD @ STRANDHERD DR","360752.22404","5014962.15416","-75.78691","45.27239","2017","7/14/2017","6:11:00 PM","01 - Clear","01 - Dry","01 - Traffic signal","02 - Intersection related","01 - Daylight","03 - P.D. only","03 - Rear end"
"5090","FALLOWFIELD RD @ STRANDHERD DR","360752.67173","5014961.93084","-75.78690","45.27239","2017","9/20/2017","8:10:00 PM","01 - Clear","01 - Dry","01 - Traffic signal","02 - Intersection related","07 - Dark","03 - P.D. only","03 - Rear end"
"5091","FALLOWFIELD RD @ STRANDHERD DR","360751.89035","5014962.82320","-75.78691","45.27240","2017","10/17/2017","5:28:00 PM","01 - Clear","01 - Dry","01 - Traffic signal","02 - Intersection related","01 - Daylight","03 - P.D. only","03 - Rear end"
"5092","FALLOWFIELD RD @ STRANDHERD DR","360752.69817","5014962.39099","-75.78690","45.27239","2017","11/17/2017","12:02:00 PM","01 - Clear","01 - Dry","01 - Traffic signal","03 - At intersection","01 - Daylight","03 - P.D. only","03 - Rear end"
"5093","FALLOWFIELD RD @ STRANDHERD DR","360751.36643","5014963.87104","-75.78692","45.27241","2017","1/12/2017","6:25:00 AM","02 - Rain","02 - Wet","01 - Traffic signal","02 - Intersection related","07 - Dark","03 - P.D. only","01 - Approaching"
"5094","FALLOWFIELD RD @ STRANDHERD DR","360750.69629","5014962.15430","-75.78693","45.27239","2017","4/20/2017","8:40:00 AM","01 - Clear","01 - Dry","01 - Traffic signal","02 - Intersection related","01 - Daylight","03 - P.D. only","03 - Rear end"
"5095","FALLOWFIELD RD @ STRANDHERD DR","360752.55925","5014961.48540","-75.78691","45.27238","2017","2/26/2017","2:09:00 PM","01 - Clear","01 - Dry","01 - Traffic signal","02 - Intersection related","01 - Daylight","03 - P.D. only","04 - Sideswipe"
"5096","FALLOWFIELD RD @ TRANSITWAY/VIARAIL","364468.74990","5017549.75245","-75.73924","45.29537","2017","2/7/2017","12:06:00 AM","03 - Snow","03 - Loose snow","01 - Traffic signal","03 - At intersection","07 - Dark","03 - P.D. only","02 - Angle"
"5097","FALLOWFIELD RD @ TRANSITWAY/VIARAIL","364466.30085","5017548.62960","-75.73927","45.29536","2017","3/4/2017","5:24:00 AM","01 - Clear","01 - Dry","01 - Traffic signal","02 - Intersection related","07 - Dark","03 - P.D. only","07 - SMV other"
"5098","FALLOWFIELD RD @ VIA PARK PL/275 W OF WOODROFFE AVE","364848.20721","5017766.17522","-75.73437","45.29728","2017","10/23/2017","1:41:00 PM","01 - Clear","01 - Dry","01 - Traffic signal","03 - At intersection","01 - Daylight","02 - Non-fatal injury","05 - Turning movement"
"5099","FALLOWFIELD RD @ VIA PARK PL/275 W OF WOODROFFE AVE","364847.23730","5017766.02090","-75.73439","45.29728","2017","10/5/2017","6:49:00 PM","01 - Clear","01 - Dry","01 - Traffic signal","02 - Intersection related","05 - Dusk","02 - Non-fatal injury","03 - Rear end"
"5100","FALLOWFIELD RD @ VIA PARK PL/275 W OF WOODROFFE AVE","364848.53750","5017765.58931","-75.73437","45.29728","2017","10/26/2017","5:31:00 AM","01 - Clear","01 - Dry","01 - Traffic signal","02 - Intersection related","07 - Dark","03 - P.D. only","07 - SMV other"
"5101","FALLOWFIELD RD @ WOLFGANG DR","363406.37660","5016943.45100","-75.75285","45.29000","2017","6/16/2017","6:25:00 PM","01 - Clear","01 - Dry","02 - Stop sign","03 - At intersection","01 - Daylight","02 - Non-fatal injury","02 - Angle"
"5102","FALLOWFIELD RD @ WOLFGANG DR","363407.02495","5016944.79339","-75.75284","45.29001","2017","7/14/2017","9:06:00 AM","01 - Clear","01 - Dry","02 - Stop sign","02 - Intersection related","01 - Daylight","03 - P.D. only","03 - Rear end"
"5103","FALLOWFIELD RD @ WOLFGANG DR","363407.02495","5016944.79339","-75.75284","45.29001","2017","3/24/2017","10:36:00 PM","03 - Snow","04 - Slush","02 - Stop sign","02 - Intersection related","07 - Dark","03 - P.D. only","07 - SMV other"
"5104","FALLOWFIELD RD @ WOLFGANG DR","363407.69384","5016944.79339","-75.75284","45.29001","2017","2/21/2017","1:28:00 PM","01 - Clear","01 - Dry","02 - Stop sign","03 - At intersection","01 - Daylight","02 - Non-fatal injury","02 - Angle"
"5105","FALLOWFIELD RD @ WOODROFFE AVE","365086.36766","5017904.10324","-75.73132","45.29850","2017","8/8/2017","8:30:00 AM","01 - Clear","01 - Dry","01 - Traffic signal","03 - At intersection","01 - Daylight","03 - P.D. only","03 - Rear end"
"5106","FALLOWFIELD RD @ WOODROFFE AVE","365084.92802","5017902.08012","-75.73134","45.29849","2017","8/30/2017","6:48:00 PM","01 - Clear","01 - Dry","01 - Traffic signal","02 - Intersection related","01 - Daylight","03 - P.D. only","03 - Rear end"
"5107","FALLOWFIELD RD @ WOODROFFE AVE","365086.42592","5017902.87102","-75.73132","45.29849","2017","7/5/2017","3:44:00 PM","01 - Clear","01 - Dry","01 - Traffic signal","03 - At intersection","01 - Daylight","02 - Non-fatal injury","05 - Turning movement"
"5108","FALLOWFIELD RD @ WOODROFFE AVE","365085.15000","5017901.59510","-75.73134","45.29848","2017","7/15/2017","10:00:00 PM","01 - Clear","01 - Dry","01 - Traffic signal","02 - Intersection related","07 - Dark","03 - P.D. only","04 - Sideswipe"
"5109","FALLOWFIELD RD @ WOODROFFE AVE","365085.15000","5017903.42669","-75.73134","45.29850","2017","9/16/2017","10:02:00 AM","01 - Clear","01 - Dry","01 - Traffic signal","02 - Intersection related","01 - Daylight","03 - P.D. only","05 - Turning movement"
"5110","FALLOWFIELD RD @ WOODROFFE AVE","365085.15000","5017903.42669","-75.73134","45.29850","2017","9/27/2017","6:15:00 PM","01 - Clear","01 - Dry","01 - Traffic signal","02 - Intersection related","01 - Daylight","03 - P.D. only","05 - Turning movement"
"5111","FALLOWFIELD RD @ WOODROFFE AVE","365084.60355","5017902.64355","-75.73134","45.29849","2017","10/3/2017","5:42:00 PM","01 - Clear","01 - Dry","01 - Traffic signal","02 - Intersection related","01 - Daylight","03 - P.D. only","03 - Rear end"
"5112","FALLOWFIELD RD @ WOODROFFE AVE","365085.48445","5017904.52779","-75.73133","45.29851","2017","12/2/2017","5:11:00 PM","01 - Clear","01 - Dry","01 - Traffic signal","02 - Intersection related","07 - Dark","03 - P.D. only","03 - Rear end"
"5113","FALLOWFIELD RD @ WOODROFFE AVE","365086.15334","5017904.52779","-75.73132","45.29851","2017","11/29/2017","6:04:00 AM","01 - Clear","01 - Dry","01 - Traffic signal","02 - Intersection related","07 - Dark","02 - Non-fatal injury","04 - Sideswipe"
"5114","FALLOWFIELD RD @ WOODROFFE AVE","365085.15000","5017902.95331","-75.73134","45.29849","2017","12/11/2017","6:26:00 PM","01 - Clear","01 - Dry","01 - Traffic signal","02 - Intersection related","07 - Dark","03 - P.D. only","03 - Rear end"
"5115","FALLOWFIELD RD @ WOODROFFE AVE","365085.69645","5017902.09710","-75.73133","45.29849","2017","2/1/2017","12:54:00 PM","01 - Clear","02 - Wet","01 - Traffic signal","02 - Intersection related","01 - Daylight","03 - P.D. only","03 - Rear end"
"5116","FALLOWFIELD RD @ WOODROFFE AVE","365086.86674","5017904.04837","-75.73131","45.29850","2017","1/17/2017","4:20:00 PM","01 - Clear","01 - Dry","01 - Traffic signal","02 - Intersection related","01 - Daylight","03 - P.D. only","04 - Sideswipe"
"5117","FALLOWFIELD RD @ WOODROFFE AVE","365086.15334","5017904.52779","-75.73132","45.29851","2017","2/10/2017","5:02:00 PM","01 - Clear","01 - Dry","01 - Traffic signal","03 - At intersection","01 - Daylight","03 - P.D. only","03 - Rear end"
"5118","FALLOWFIELD RD @ WOODROFFE AVE","365084.81555","5017903.85890","-75.73134","45.29850","2017","3/2/2017","1:40:00 PM","01 - Clear","01 - Dry","01 - Traffic signal","02 - Intersection related","01 - Daylight","03 - P.D. only","03 - Rear end"
"5119","FALLOWFIELD RD @ WOODROFFE AVE","365086.15334","5017904.52779","-75.73132","45.29851","2017","4/18/2017","4:22:00 PM","01 - Clear","01 - Dry","01 - Traffic signal","02 - Intersection related","01 - Daylight","03 - P.D. only","03 - Rear end"
"5120","FALLOWFIELD RD @ WOODROFFE AVE","365086.15334","5017905.19669","-75.73132","45.29851","2017","4/5/2017","1:33:00 PM","01 - Clear","01 - Dry","01 - Traffic signal","02 - Intersection related","01 - Daylight","03 - P.D. only","07 - SMV other"
"5121","FALLOWFIELD RD @ WOODROFFE AVE","365084.67210","5017902.95105","-75.73134","45.29849","2017","12/18/2017","8:11:00 AM","03 - Snow","03 - Loose snow","01 - Traffic signal","02 - Intersection related","01 - Daylight","03 - P.D. only","03 - Rear end"
"5122","FALLOWFIELD RD @ WOODROFFE AVE","365085.62337","5017903.42669","-75.73133","45.29850","2017","12/22/2017","7:47:00 PM","03 - Snow","03 - Loose snow","01 - Traffic signal","02 - Intersection related","07 - Dark","03 - P.D. only","03 - Rear end"
"5123","FALLOWFIELD RD btwn CEDARVIEW RD & LARKIN DR","361466.97489","5015766.92731","-75.77771","45.27957","2017","12/16/2017","6:05:00 PM","01 - Clear","02 - Wet","10 - No control","01 - Non intersection","07 - Dark","03 - P.D. only","03 - Rear end"
"5124","FALLOWFIELD RD btwn CONLEY RD & HUNTLEY RD","352333.69003","5009549.83626","-75.89471","45.22431","2017","11/8/2017","5:06:00 AM","01 - Clear","01 - Dry","10 - No control","01 - Non intersection","07 - Dark","02 - Non-fatal injury","07 - SMV other"
"5125","FALLOWFIELD RD btwn CONLEY RD & HUNTLEY RD","351336.91465","5008686.19847","-75.90749","45.21660","2017","11/3/2017","8:40:00 AM","01 - Clear","02 - Wet","10 - No control","01 - Non intersection","01 - Daylight","02 - Non-fatal injury","07 - SMV other"
"5126","FALLOWFIELD RD btwn EAGLESON RD & RICHMOND RD","356850.14108","5013021.80002","-75.83684","45.25523","2017","8/31/2017","11:56:00 PM","01 - Clear","01 - Dry","10 - No control","01 - Non intersection","07 - Dark","03 - P.D. only","07 - SMV other"
"5127","FALLOWFIELD RD btwn EAGLESON RD & RICHMOND RD","356250.34918","5012677.75766","-75.84452","45.25218","2017","9/5/2017","7:21:00 AM","01 - Clear","01 - Dry","10 - No control","01 - Non intersection","01 - Daylight","02 - Non-fatal injury","04 - Sideswipe"
"5128","FALLOWFIELD RD btwn EAGLESON RD & RICHMOND RD","356421.35676","5012777.00590","-75.84233","45.25306","2017","11/26/2017","6:19:00 PM","03 - Snow","03 - Loose snow","10 - No control","01 - Non intersection","07 - Dark","03 - P.D. only","07 - SMV other"
"5129","FALLOWFIELD RD btwn EAGLESON RD & RICHMOND RD","356419.70737","5012775.95251","-75.84235","45.25305","2017","2/4/2017","11:03:00 PM","01 - Clear","03 - Loose snow","10 - No control","01 - Non intersection","07 - Dark","02 - Non-fatal injury","07 - SMV other"
"5130","FALLOWFIELD RD btwn EAGLESON RD & RICHMOND RD","356841.71882","5013018.67187","-75.83695","45.25520","2017","1/18/2017","6:56:00 AM","04 - Freezing Rain","04 - Slush","10 - No control","01 - Non intersection","03 - Dawn","02 - Non-fatal injury","01 - Approaching"
"5131","FALLOWFIELD RD btwn EAGLESON RD & RICHMOND RD","356047.18018","5012601.82040","-75.84711","45.25151","2017","1/5/2017","6:28:00 AM","01 - Clear","06 - Ice","10 - No control","01 - Non intersection","07 - Dark","03 - P.D. only","01 - Approaching"
"5132","FALLOWFIELD RD btwn EAGLESON RD & RICHMOND RD","357578.57572","5013448.63926","-75.82752","45.25902","2017","1/3/2017","9:15:00 AM","04 - Freezing Rain","06 - Ice","10 - No control","01 - Non intersection","01 - Daylight","03 - P.D. only","01 - Approaching"
"5133","FALLOWFIELD RD btwn EAGLESON RD & RICHMOND RD","356245.75427","5012674.23403","-75.84458","45.25215","2017","1/5/2017","7:32:00 AM","01 - Clear","06 - Ice","10 - No control","01 - Non intersection","03 - Dawn","03 - P.D. only","07 - SMV other"
"5134","FALLOWFIELD RD btwn HUNTLEY RD & KIMINI DR","352458.77365","5009665.55532","-75.89311","45.22534","2017","7/16/2017","6:00:00 AM","01 - Clear","01 - Dry","10 - No control","01 - Non intersection","01 - Daylight","03 - P.D. only","07 - SMV other"
"5135","FALLOWFIELD RD btwn HWY416 IC66 RAMP34 & HWY416 IC66 RAMP63","359853.30299","5014734.92227","-75.79839","45.27042","2017","12/18/2017","11:16:00 PM","01 - Clear","04 - Slush","10 - No control","01 - Non intersection","07 - Dark","03 - P.D. only","07 - SMV other"
"5136","FALLOWFIELD RD btwn HWY416 IC66 RAMP52 & HWY416 IC66 RAMP24","360172.78006","5014822.83212","-75.79431","45.27118","2017","11/25/2017","5:32:00 PM","02 - Rain","02 - Wet","10 - No control","01 - Non intersection","07 - Dark","03 - P.D. only","03 - Rear end"
"5137","FALLOWFIELD RD btwn HWY416 IC66 RAMP62 & STRANDHERD DR","360555.20987","5014932.03218","-75.78942","45.27213","2017","10/20/2017","8:20:00 AM","01 - Clear","01 - Dry","10 - No control","01 - Non intersection","01 - Daylight","03 - P.D. only","03 - Rear end"
"5138","FALLOWFIELD RD btwn KIMINI DR & SHEA RD","353256.48334","5010369.88211","-75.88288","45.23162","2017","11/25/2017","3:27:00 PM","01 - Clear","01 - Dry","10 - No control","01 - Non intersection","01 - Daylight","03 - P.D. only","07 - SMV other"
"5139","FALLOWFIELD RD btwn MERIVALE RD & WOODROFFE AVE","365980.48578","5018484.63515","-75.71985","45.30365","2017","5/13/2017","11:10:00 PM","01 - Clear","01 - Dry","10 - No control","01 - Non intersection","07 - Dark","02 - Non-fatal injury","04 - Sideswipe"
"5140","FALLOWFIELD RD btwn MERIVALE RD & WOODROFFE AVE","366799.90932","5018807.31073","-75.70936","45.30648","2017","2/4/2017","2:20:00 PM","05 - Drifting Snow","03 - Loose snow","10 - No control","01 - Non intersection","01 - Daylight","03 - P.D. only","01 - Approaching"
"5141","FALLOWFIELD RD btwn MERIVALE RD & WOODROFFE AVE","366859.94002","5018830.42238","-75.70859","45.30668","2017","3/19/2017","11:32:00 PM","01 - Clear","01 - Dry","10 - No control","01 - Non intersection","07 - Dark","02 - Non-fatal injury","07 - SMV other"
"5142","FALLOWFIELD RD btwn MERIVALE RD & WOODROFFE AVE","365741.85632","5018354.78456","-75.72291","45.30250","2017","12/23/2017","12:33:00 AM","01 - Clear","02 - Wet","10 - No control","01 - Non intersection","07 - Dark","03 - P.D. only","07 - SMV other"
"5143","FALLOWFIELD RD btwn MOODIE DR & HWY416 IC66 RAMP53","359598.31142","5014663.16875","-75.80165","45.26979","2017","5/28/2017","9:26:00 PM","01 - Clear","01 - Dry","10 - No control","04 - At/near private drive","07 - Dark","02 - Non-fatal injury","05 - Turning movement"
"5144","FALLOWFIELD RD btwn MOODIE DR & HWY416 IC66 RAMP53","359520.78158","5014641.87738","-75.80264","45.26961","2017","9/30/2017","3:48:00 PM","01 - Clear","01 - Dry","10 - No control","01 - Non intersection","01 - Daylight","03 - P.D. only","07 - SMV other"
"5145","FALLOWFIELD RD btwn MOODIE DR & HWY416 IC66 RAMP53","359545.37175","5014648.43476","-75.80232","45.26966","2017","10/2/2017","5:01:00 PM","01 - Clear","01 - Dry","10 - No control","01 - Non intersection","01 - Daylight","03 - P.D. only","03 - Rear end"
"5146","FALLOWFIELD RD btwn MOODIE DR & HWY416 IC66 RAMP53","359587.60908","5014661.83096","-75.80178","45.26978","2017","2/19/2017","3:19:00 PM","01 - Clear","01 - Dry","10 - No control","01 - Non intersection","01 - Daylight","03 - P.D. only","04 - Sideswipe"
"5147","FALLOWFIELD RD btwn MUNSTER RD & CONLEY RD","348658.84375","5006336.09045","-75.94179","45.19563","2017","5/27/2017","9:34:00 PM","01 - Clear","01 - Dry","10 - No control","01 - Non intersection","07 - Dark","03 - P.D. only","07 - SMV other"
"5148","FALLOWFIELD RD btwn MUNSTER RD & CONLEY RD","347163.86024","5005037.89549","-75.96092","45.18404","2017","9/1/2017","8:20:00 PM","01 - Clear","01 - Dry","10 - No control","01 - Non intersection","07 - Dark","03 - P.D. only","07 - SMV other"
"5149","FALLOWFIELD RD btwn MUNSTER RD & CONLEY RD","349000.93134","5006639.18087","-75.93741","45.19833","2017","3/16/2017","5:43:00 PM","05 - Drifting Snow","05 - Packed snow","10 - No control","01 - Non intersection","01 - Daylight","03 - P.D. only","07 - SMV other"
"5150","FALLOWFIELD RD btwn MUNSTER RD & CONLEY RD","347807.20045","5005596.12580","-75.95269","45.18902","2017","12/29/2017","11:58:00 AM","03 - Snow","06 - Ice","10 - No control","04 - At/near private drive","01 - Daylight","03 - P.D. only","07 - SMV other"
"5151","FALLOWFIELD RD btwn ORR ST & GREENBANK RD","363021.47838","5016682.95697","-75.75779","45.28769","2017","6/15/2017","3:50:00 PM","01 - Clear","01 - Dry","10 - No control","01 - Non intersection","01 - Daylight","03 - P.D. only","04 - Sideswipe"
"5152","FALLOWFIELD RD btwn ORR ST & GREENBANK RD","362964.56266","5016642.55322","-75.75852","45.28733","2017","6/4/2017","4:58:00 AM","01 - Clear","01 - Dry","10 - No control","01 - Non intersection","03 - Dawn","03 - P.D. only","07 - SMV other"
"5153","FALLOWFIELD RD btwn ORR ST & GREENBANK RD","363040.88688","5016702.42202","-75.75754","45.28786","2017","7/20/2017","4:05:00 PM","01 - Clear","01 - Dry","10 - No control","04 - At/near private drive","01 - Daylight","03 - P.D. only","03 - Rear end"
"5154","FALLOWFIELD RD btwn ORR ST & GREENBANK RD","363001.14907","5016669.73341","-75.75805","45.28757","2017","1/20/2017","9:59:00 AM","01 - Clear","02 - Wet","10 - No control","04 - At/near private drive","01 - Daylight","02 - Non-fatal injury","03 - Rear end"
"5155","FALLOWFIELD RD btwn ORR ST & GREENBANK RD","363014.12052","5016680.28139","-75.75788","45.28767","2017","3/21/2017","5:01:00 PM","01 - Clear","01 - Dry","10 - No control","04 - At/near private drive","01 - Daylight","03 - P.D. only","03 - Rear end"
"5156","FALLOWFIELD RD btwn RICHMOND RD & STEEPLE HILL CRES","357875.14731","5013617.71031","-75.82372","45.26052","2017","2/13/2017","2:30:00 PM","01 - Clear","01 - Dry","10 - No control","01 - Non intersection","01 - Daylight","03 - P.D. only","99 - Other"
"5157","FALLOWFIELD RD btwn SHEA RD & EAGLESON RD","355553.52739","5012353.38745","-75.85343","45.24931","2017","2/7/2017","2:41:00 PM","06 - Strong wind","03 - Loose snow","10 - No control","01 - Non intersection","01 - Daylight","03 - P.D. only","07 - SMV other"
"5158","FALLOWFIELD RD btwn SHEA RD & EAGLESON RD","355688.41006","5012491.12701","-75.85170","45.25054","2017","1/20/2017","6:56:00 PM","01 - Clear","01 - Dry","10 - No control","01 - Non intersection","07 - Dark","01 - Fatal injury","01 - Approaching"
"5159","FALLOWFIELD RD btwn SHEA RD & EAGLESON RD","354775.67539","5011688.33906","-75.86340","45.24338","2017","12/18/2017","1:11:00 PM","03 - Snow","03 - Loose snow","10 - No control","01 - Non intersection","01 - Daylight","02 - Non-fatal injury","07 - SMV other"
"5160","FALLOWFIELD RD btwn STEEPLE HILL CRES & MOODIE DR","358969.31317","5014361.24568","-75.80970","45.26712","2017","6/21/2017","7:52:00 AM","01 - Clear","01 - Dry","10 - No control","01 - Non intersection","01 - Daylight","03 - P.D. only","03 - Rear end"
"5161","FALLOWFIELD RD btwn STEEPLE HILL CRES & MOODIE DR","359121.66373","5014454.76743","-75.80775","45.26795","2017","6/1/2017","3:35:00 PM","01 - Clear","01 - Dry","10 - No control","01 - Non intersection","01 - Daylight","03 - P.D. only","01 - Approaching"
"5162","FALLOWFIELD RD btwn STEEPLE HILL CRES & MOODIE DR","359353.64952","5014586.97111","-75.80477","45.26912","2017","7/31/2017","3:30:00 PM","01 - Clear","01 - Dry","10 - No control","01 - Non intersection","01 - Daylight","03 - P.D. only","05 - Turning movement"
"5163","FALLOWFIELD RD btwn STEEPLE HILL CRES & MOODIE DR","359310.94552","5014564.28175","-75.80532","45.26892","2017","9/27/2017","7:31:00 AM","01 - Clear","01 - Dry","10 - No control","01 - Non intersection","01 - Daylight","02 - Non-fatal injury","03 - Rear end"
"5164","FALLOWFIELD RD btwn STEEPLE HILL CRES & MOODIE DR","358626.48915","5014152.27664","-75.81409","45.26527","2017","12/25/2017","11:00:00 AM","01 - Clear","02 - Wet","10 - No control","04 - At/near private drive","01 - Daylight","03 - P.D. only","07 - SMV other"
"5165","FALLOWFIELD RD btwn TRANSIT & 482 E OF HOLITMAN DR/BARRHAVEN CROSSING","364273.27719","5017437.95715","-75.74174","45.29438","2017","8/25/2017","8:15:00 AM","01 - Clear","01 - Dry","10 - No control","05 - At railway crossing","01 - Daylight","03 - P.D. only","03 - Rear end"
"5166","FALLOWFIELD RD btwn WOLFGANG DR & HOLITMAN DR","363565.94378","5017032.84390","-75.75081","45.29079","2017","3/2/2017","12:02:00 PM","05 - Drifting Snow","03 - Loose snow","10 - No control","01 - Non intersection","01 - Daylight","03 - P.D. only","04 - Sideswipe"
"5167","FALLOWFIELD RD btwn WOODROFFE AVE & VIA PARK PL/275 W OF WOODROFFE AVE","364982.42811","5017844.25509","-75.73265","45.29797","2017","10/26/2017","3:50:00 PM","01 - Clear","01 - Dry","10 - No control","01 - Non intersection","01 - Daylight","03 - P.D. only","03 - Rear end"
"5168","FALLOWFIELD RD btwn WOODROFFE AVE & VIA PARK PL/275 W OF WOODROFFE AVE","365004.90309","5017855.04185","-75.73237","45.29807","2017","1/4/2017","9:00:00 PM","03 - Snow","05 - Packed snow","10 - No control","04 - At/near private drive","07 - Dark","02 - Non-fatal injury","02 - Angle"
"5169","FALLOWFIELD RD btwn WOODROFFE AVE & VIA PARK PL/275 W OF WOODROFFE AVE","365080.88964","5017900.11308","-75.73139","45.29847","2017","1/19/2017","11:25:00 AM","01 - Clear","02 - Wet","10 - No control","01 - Non intersection","01 - Daylight","03 - P.D. only","03 - Rear end"
"5170","FARINCOURT CRES btwn CHINIAN ST & CHINIAN ST","383887.56295","5034820.12438","-75.48892","45.44884","2017","8/26/2017","9:36:00 PM","01 - Clear","01 - Dry","10 - No control","04 - At/near private drive","07 - Dark","03 - P.D. only","06 - SMV unattended vehicle"
"5171","FARM GATE CRES E @ VIEWMOUNT DR E","366870.45699","5024181.64000","-75.70779","45.35483","2017","2/10/2017","10:30:00 AM","03 - Snow","03 - Loose snow","02 - Stop sign","02 - Intersection related","01 - Daylight","03 - P.D. only","07 - SMV other"
"5172","FARMERS WAY @ LEITRIM RD W","381293.44635","5025418.18260","-75.52354","45.36453","2017","2/22/2017","8:34:00 AM","01 - Clear","01 - Dry","02 - Stop sign","03 - At intersection","01 - Daylight","02 - Non-fatal injury","02 - Angle"
"5173","FARMERS WAY btwn EIGHTH LINE RD & NINTH LINE RD","383257.14673","5023469.98062","-75.49878","45.34679","2017","6/9/2017","1:31:00 PM","01 - Clear","01 - Dry","10 - No control","01 - Non intersection","01 - Daylight","03 - P.D. only","07 - SMV other"
"5174","FAUBERT ST @ REGIONAL RD 174","390281.17450","5042682.87135","-75.40583","45.51882","2017","7/25/2017","4:55:00 PM","01 - Clear","01 - Dry","02 - Stop sign","02 - Intersection related","01 - Daylight","03 - P.D. only","03 - Rear end"
"5175","FAUBERT ST @ REGIONAL RD 174","390281.91415","5042683.15897","-75.40582","45.51883","2017","9/29/2017","10:53:00 AM","01 - Clear","01 - Dry","02 - Stop sign","02 - Intersection related","01 - Daylight","02 - Non-fatal injury","03 - Rear end"
"5176","FAUBERT ST @ REGIONAL RD 174","390281.77600","5042683.69630","-75.40582","45.51883","2017","2/5/2017","11:27:00 AM","03 - Snow","02 - Wet","02 - Stop sign","02 - Intersection related","01 - Daylight","02 - Non-fatal injury","03 - Rear end"
"5177","FEATHERSTON DR @ EMSLIE AVE","372421.58741","5027696.79513","-75.63646","45.38595","2017","9/29/2017","4:57:00 PM","01 - Clear","01 - Dry","03 - Yield sign","03 - At intersection","01 - Daylight","03 - P.D. only","07 - SMV other"
"5178","FEATHERSTON DR @ RYDER ST","372406.73136","5027551.20860","-75.63667","45.38464","2017","3/8/2017","7:29:00 AM","01 - Clear","06 - Ice","02 - Stop sign","02 - Intersection related","01 - Daylight","02 - Non-fatal injury","03 - Rear end"
"5179","FEATHERSTON DR @ SHAREL DR","372384.15324","5027754.63338","-75.63693","45.38647","2017","1/24/2017","10:58:00 AM","04 - Freezing Rain","04 - Slush","03 - Yield sign","03 - At intersection","01 - Daylight","03 - P.D. only","02 - Angle"
"5180","FEATHERSTON DR btwn FERNCROFT CRES & BRIAR HILL DR","371384.89175","5027357.91431","-75.64975","45.38300","2017","5/28/2017","12:33:00 AM","01 - Clear","01 - Dry","10 - No control","01 - Non intersection","07 - Dark","03 - P.D. only","06 - SMV unattended vehicle"
"5181","FENTON RD btwn QUINN RD & SOUTHCLARK PL","373692.76499","5020145.82673","-75.62129","45.31788","2017","11/21/2017","3:30:00 PM","01 - Clear","01 - Dry","10 - No control","04 - At/near private drive","01 - Daylight","03 - P.D. only","99 - Other"