"Record","Location","X","Y","Longitude","Latitude","Year","Date","Time","Environment","Road_Surface","Traffic_Control","Collision_Location","Light","Collision_Classification","Impact_type"
"5182","FENTON RD btwn SOUTHCLARK PL & LEITRIM RD","373955.30310","5020577.53601","-75.61788","45.32174","2017","9/8/2017","8:20:00 PM","01 - Clear","01 - Dry","10 - No control","01 - Non intersection","07 - Dark","03 - P.D. only","07 - SMV other"
"5183","FERIAND ST btwn JOLLIET AVE & END","369845.93883","5034076.48354","-75.66851","45.44359","2017","12/25/2017","12:44:00 PM","03 - Snow","03 - Loose snow","10 - No control","01 - Non intersection","01 - Daylight","03 - P.D. only","06 - SMV unattended vehicle"
"5184","FERNBANK RD @ JINKINSON RD","345887.61709","5007695.05878","-75.97694","45.20802","2017","2/12/2017","6:20:00 PM","03 - Snow","04 - Slush","02 - Stop sign","02 - Intersection related","07 - Dark","03 - P.D. only","07 - SMV other"
"5185","FERNBANK RD @ ROMINA ST","354467.97335","5015278.54821","-75.86696","45.27571","2017","4/8/2017","12:58:00 PM","01 - Clear","01 - Dry","02 - Stop sign","02 - Intersection related","01 - Daylight","02 - Non-fatal injury","07 - SMV other"
"5186","FERNBANK RD @ SHEA RD","352053.78295","5013123.49680","-75.89794","45.25648","2017","2/15/2017","7:14:00 PM","03 - Snow","03 - Loose snow","11 - Roundabout","03 - At intersection","07 - Dark","03 - P.D. only","02 - Angle"
"5187","FERNBANK RD @ STITTSVILLE MAIN ST","350934.58880","5012161.16721","-75.91229","45.24790","2017","8/16/2017","10:59:00 AM","01 - Clear","01 - Dry","01 - Traffic signal","02 - Intersection related","01 - Daylight","02 - Non-fatal injury","03 - Rear end"
"5188","FERNBANK RD @ STITTSVILLE MAIN ST","350935.53555","5012162.58733","-75.91227","45.24791","2017","11/26/2017","7:50:00 PM","03 - Snow","05 - Packed snow","01 - Traffic signal","02 - Intersection related","07 - Dark","02 - Non-fatal injury","03 - Rear end"
"5189","FERNBANK RD @ STITTSVILLE MAIN ST","350934.58880","5012162.11396","-75.91228","45.24791","2017","12/29/2017","4:44:00 PM","01 - Clear","02 - Wet","01 - Traffic signal","03 - At intersection","05 - Dusk","03 - P.D. only","02 - Angle"
"5190","FERNBANK RD btwn BLACK'S SIDE RD & WEST RIDGE DR","349879.86060","5011232.57616","-75.92580","45.23961","2017","11/19/2017","10:08:00 AM","03 - Snow","06 - Ice","10 - No control","01 - Non intersection","01 - Daylight","03 - P.D. only","07 - SMV other"
"5191","FERNBANK RD btwn DWYER HILL RD & MUNSTER RD","343051.27712","5005178.45238","-76.01324","45.18554","2017","11/3/2017","7:00:00 PM","01 - Clear","01 - Dry","10 - No control","01 - Non intersection","07 - Dark","03 - P.D. only","07 - SMV other"
"5192","FERNBANK RD btwn DWYER HILL RD & MUNSTER RD","345135.25081","5006996.82688","-75.98658","45.20178","2017","4/5/2017","7:20:00 AM","01 - Clear","01 - Dry","10 - No control","01 - Non intersection","01 - Daylight","03 - P.D. only","07 - SMV other"
"5193","FERNBANK RD btwn FERNBANK RD & TERRY FOX DR","353994.90109","5014845.64420","-75.87304","45.27185","2017","7/27/2017","6:32:00 PM","01 - Clear","01 - Dry","10 - No control","01 - Non intersection","01 - Daylight","02 - Non-fatal injury","07 - SMV other"
"5194","FERNBANK RD btwn FERNBANK RD & TERRY FOX DR","353818.35496","5014693.82861","-75.87530","45.27049","2017","7/18/2017","10:07:00 PM","01 - Clear","01 - Dry","10 - No control","01 - Non intersection","07 - Dark","03 - P.D. only","07 - SMV other"
"5195","FERNBANK RD btwn FERNBANK RD & TERRY FOX DR","353929.40456","5014790.83519","-75.87388","45.27136","2017","9/19/2017","11:13:00 PM","01 - Clear","01 - Dry","10 - No control","01 - Non intersection","07 - Dark","02 - Non-fatal injury","07 - SMV other"
"5196","FERNBANK RD btwn JINKINSON RD & BLACK'S SIDE RD","347576.68748","5009143.13190","-75.95532","45.22095","2017","6/18/2017","9:21:00 PM","01 - Clear","01 - Dry","10 - No control","01 - Non intersection","07 - Dark","01 - Fatal injury","07 - SMV other"
"5197","FERNBANK RD btwn JINKINSON RD & BLACK'S SIDE RD","347032.75690","5008669.28183","-75.96229","45.21672","2017","3/23/2017","11:41:00 AM","01 - Clear","01 - Dry","10 - No control","01 - Non intersection","01 - Daylight","03 - P.D. only","07 - SMV other"
"5198","FERNBANK RD btwn LIARD ST & SHEA RD","351924.68596","5013014.46670","-75.89959","45.25551","2017","5/21/2017","9:00:00 PM","02 - Rain","02 - Wet","10 - No control","01 - Non intersection","07 - Dark","03 - P.D. only","07 - SMV other"
"5199","FERNBANK RD btwn LUCAS LANE & JINKINSON RD","345476.22997","5007291.52548","-75.98221","45.20442","2017","2/9/2017","6:26:00 PM","01 - Clear","01 - Dry","10 - No control","01 - Non intersection","07 - Dark","03 - P.D. only","07 - SMV other"
"5200","FERNBANK RD btwn WEST RIDGE DR & ETTA ST","350692.63743","5011945.29906","-75.91539","45.24597","2017","8/22/2017","10:45:00 AM","01 - Clear","01 - Dry","10 - No control","01 - Non intersection","01 - Daylight","03 - P.D. only","06 - SMV unattended vehicle"
"5201","FERNLEAF CRES btwn WAYSIDE CRT & DES EPINETTES AVE","382827.72599","5036362.50346","-75.50222","45.46283","2017","7/26/2017","8:32:00 AM","01 - Clear","01 - Dry","10 - No control","01 - Non intersection","01 - Daylight","03 - P.D. only","06 - SMV unattended vehicle"
"5202","FIELDSTONE CRES W @ GREY NUNS DR W","379867.98473","5037144.21067","-75.53995","45.47019","2017","1/10/2017","10:44:00 PM","03 - Snow","03 - Loose snow","02 - Stop sign","03 - At intersection","07 - Dark","02 - Non-fatal injury","02 - Angle"
"5203","FIFTH AVE @ O'CONNOR ST","368718.70700","5029591.42497","-75.68350","45.40334","2017","1/9/2017","4:00:00 PM","03 - Snow","02 - Wet","02 - Stop sign","02 - Intersection related","05 - Dusk","03 - P.D. only","06 - SMV unattended vehicle"
"5204","FIFTH AVE @ O'CONNOR ST","368718.70654","5029590.56655","-75.68350","45.40333","2017","2/18/2017","12:00:00 AM","01 - Clear","05 - Packed snow","02 - Stop sign","02 - Intersection related","00 - Unknown","03 - P.D. only","06 - SMV unattended vehicle"
"5205","FIFTH AVE @ QUEEN ELIZABETH DRWY","368836.67892","5029657.73894","-75.68198","45.40393","2017","7/6/2017","8:45:00 PM","01 - Clear","01 - Dry","01 - Traffic signal","02 - Intersection related","05 - Dusk","03 - P.D. only","03 - Rear end"
"5206","FIFTH AVE @ QUEEN ELIZABETH DRWY","368836.67890","5029657.73888","-75.68198","45.40393","2017","12/15/2017","6:19:00 PM","03 - Snow","03 - Loose snow","01 - Traffic signal","02 - Intersection related","07 - Dark","03 - P.D. only","03 - Rear end"
"5207","FIFTH AVE btwn ADELAIDE ST & O'CONNOR ST","368668.37921","5029561.66890","-75.68415","45.40308","2017","2/12/2017","12:00:00 AM","03 - Snow","03 - Loose snow","10 - No control","01 - Non intersection","00 - Unknown","03 - P.D. only","06 - SMV unattended vehicle"
"5208","FIFTH AVE btwn ADELAIDE ST & O'CONNOR ST","368687.60332","5029571.16861","-75.68390","45.40316","2017","2/27/2017","12:37:00 PM","01 - Clear","05 - Packed snow","10 - No control","01 - Non intersection","01 - Daylight","03 - P.D. only","04 - Sideswipe"
"5209","FIFTH AVE btwn BANK ST & HOWICK PL","368436.50604","5029419.95629","-75.68713","45.40182","2017","3/18/2017","1:30:00 AM","01 - Clear","01 - Dry","10 - No control","01 - Non intersection","07 - Dark","03 - P.D. only","04 - Sideswipe"
"5210","FIFTH AVE btwn CHRYSLER ST & PERCY ST","367838.51418","5029065.46088","-75.69481","45.39869","2017","6/28/2017","2:03:00 PM","01 - Clear","01 - Dry","10 - No control","01 - Non intersection","01 - Daylight","03 - P.D. only","06 - SMV unattended vehicle"
"5211","FIFTH AVE btwn CHRYSLER ST & PERCY ST","367833.03657","5029062.87243","-75.69488","45.39867","2017","8/19/2017","11:44:00 AM","01 - Clear","01 - Dry","10 - No control","01 - Non intersection","01 - Daylight","03 - P.D. only","06 - SMV unattended vehicle"
"5212","FIFTH AVE btwn CRAIG ST & MORRIS ST","368012.89122","5029170.23977","-75.69257","45.39962","2017","5/5/2017","12:00:00 AM","02 - Rain","02 - Wet","10 - No control","01 - Non intersection","00 - Unknown","03 - P.D. only","06 - SMV unattended vehicle"
"5213","FIFTH AVE btwn HOWICK PL & RUPERT ST","368560.34547","5029495.61269","-75.68554","45.40249","2017","5/14/2017","12:00:00 AM","01 - Clear","01 - Dry","10 - No control","01 - Non intersection","00 - Unknown","03 - P.D. only","06 - SMV unattended vehicle"
"5214","FIFTH AVE btwn MORRIS ST & RALPH ST","368096.90439","5029220.32951","-75.69149","45.40006","2017","4/10/2017","2:23:00 PM","01 - Clear","01 - Dry","10 - No control","01 - Non intersection","01 - Daylight","02 - Non-fatal injury","03 - Rear end"
"5215","FIFTH AVE btwn MURIEL ST & GORDON ST","367739.77771","5029008.03814","-75.69608","45.39818","2017","1/6/2017","6:00:00 AM","01 - Clear","05 - Packed snow","10 - No control","01 - Non intersection","07 - Dark","02 - Non-fatal injury","01 - Approaching"
"5216","FIFTH AVE/CRAIG ST @ PERCY ST","367965.87037","5029141.81175","-75.69317","45.39936","2017","11/26/2017","7:26:00 PM","03 - Snow","03 - Loose snow","02 - Stop sign","02 - Intersection related","07 - Dark","03 - P.D. only","02 - Angle"
"5217","FIFTH LINE RD btwn BERRY SIDE RD & KERWIN RD","347337.73642","5030170.47973","-75.95656","45.41018","2017","4/23/2017","2:47:00 PM","01 - Clear","01 - Dry","10 - No control","01 - Non intersection","01 - Daylight","02 - Non-fatal injury","07 - SMV other"
"5218","FIFTH LINE RD btwn GREENLAND RD & BERRY SIDE RD","346975.43108","5030545.02332","-75.96115","45.41357","2017","10/20/2017","7:33:00 AM","01 - Clear","01 - Dry","10 - No control","01 - Non intersection","01 - Daylight","03 - P.D. only","07 - SMV other"
"5219","FIFTH LINE RD btwn GREENLAND RD & BERRY SIDE RD","346730.73311","5030802.77406","-75.96426","45.41590","2017","2/4/2017","9:30:00 PM","01 - Clear","05 - Packed snow","10 - No control","01 - Non intersection","07 - Dark","03 - P.D. only","07 - SMV other"
"5220","FILION CRES btwn BRIDLEWOOD DR & BRIDLEWOOD DR","354595.69537","5017347.16732","-75.86513","45.29431","2017","1/8/2017","2:20:00 PM","01 - Clear","03 - Loose snow","10 - No control","04 - At/near private drive","01 - Daylight","03 - P.D. only","06 - SMV unattended vehicle"
"5221","FINDLAY AVE @ TORRINGTON PL","367934.04065","5028790.88709","-75.69363","45.39621","2017","11/30/2017","4:19:00 PM","02 - Rain","02 - Wet","02 - Stop sign","03 - At intersection","05 - Dusk","03 - P.D. only","02 - Angle"
"5222","FINDLAY AVE @ TORRINGTON PL","367933.37175","5028788.21151","-75.69363","45.39619","2017","11/26/2017","7:57:00 PM","03 - Snow","05 - Packed snow","02 - Stop sign","03 - At intersection","07 - Dark","03 - P.D. only","02 - Angle"
"5223","FINDLAY CREEK DR @ BANK ST","375847.80785","5020460.63400","-75.59376","45.32050","2017","5/6/2017","3:32:00 PM","02 - Rain","02 - Wet","01 - Traffic signal","02 - Intersection related","01 - Daylight","03 - P.D. only","03 - Rear end"
"5224","FINDLAY CREEK DR @ BANK ST","375847.94677","5020458.78167","-75.59376","45.32048","2017","8/27/2017","8:03:00 PM","01 - Clear","01 - Dry","01 - Traffic signal","02 - Intersection related","05 - Dusk","03 - P.D. only","02 - Angle"
"5225","FINDLAY CREEK DR @ BANK ST","375847.36240","5020461.05597","-75.59376","45.32050","2017","12/20/2017","11:55:00 AM","03 - Snow","04 - Slush","01 - Traffic signal","03 - At intersection","01 - Daylight","02 - Non-fatal injury","03 - Rear end"
"5226","FINDLAY CREEK DR @ WILLOWMERE WAY","374187.05590","5019311.41210","-75.61510","45.31033","2017","5/22/2017","4:37:00 AM","02 - Rain","02 - Wet","02 - Stop sign","02 - Intersection related","07 - Dark","02 - Non-fatal injury","07 - SMV other"
"5227","FINDLAY CREEK DR btwn DEVONWOOD CIRC & BANK ST","375734.76437","5020393.74436","-75.59521","45.31991","2017","11/27/2017","8:15:00 AM","03 - Snow","06 - Ice","10 - No control","01 - Non intersection","01 - Daylight","03 - P.D. only","03 - Rear end"
"5228","FINDLAY CREEK DR btwn DEVONWOOD CIRC & BANK ST","375724.27123","5020386.96646","-75.59534","45.31985","2017","1/24/2017","8:15:00 AM","04 - Freezing Rain","06 - Ice","10 - No control","04 - At/near private drive","01 - Daylight","02 - Non-fatal injury","07 - SMV other"
"5229","FINDLAY CREEK DR btwn DEVONWOOD CIRC & BANK ST","375725.18590","5020381.95732","-75.59533","45.31980","2017","3/22/2017","5:25:00 PM","01 - Clear","01 - Dry","10 - No control","04 - At/near private drive","01 - Daylight","03 - P.D. only","02 - Angle"
"5230","FINDLAY CREEK DR btwn NETLEY CIRC & KELLY FARM DR","375324.84643","5020014.94938","-75.60049","45.31654","2017","11/7/2017","7:13:00 AM","01 - Clear","01 - Dry","10 - No control","01 - Non intersection","01 - Daylight","03 - P.D. only","06 - SMV unattended vehicle"
"5231","FINDLAY CREEK DR btwn NETLEY CIRC & KELLY FARM DR","375300.82703","5019969.75553","-75.60080","45.31614","2017","1/5/2017","8:58:00 AM","02 - Rain","06 - Ice","10 - No control","01 - Non intersection","01 - Daylight","03 - P.D. only","99 - Other"
"5232","FIRST AVE btwn O'CONNOR ST & QUEEN ELIZABETH DRWY","368704.47943","5029958.95212","-75.68363","45.40665","2017","12/20/2017","7:44:00 PM","01 - Clear","06 - Ice","10 - No control","01 - Non intersection","07 - Dark","03 - P.D. only","06 - SMV unattended vehicle"
"5233","FIRST LINE RD btwn PHELAN RD E & ROGER STEVENS DR","371221.92050","5002976.01337","-75.65509","45.16363","2017","6/4/2017","10:45:00 PM","01 - Clear","02 - Wet","10 - No control","01 - Non intersection","07 - Dark","03 - P.D. only","07 - SMV other"
"5234","FIRST ST @ ST. JOSEPH BLVD","383646.02391","5039063.35968","-75.49133","45.48704","2017","3/14/2017","6:01:00 PM","03 - Snow","03 - Loose snow","02 - Stop sign","03 - At intersection","05 - Dusk","03 - P.D. only","07 - SMV other"
"5235","FISHER AVE @ 220 S OF TRENT ST","365871.81864","5026729.26306","-75.72022","45.37784","2017","7/30/2017","10:49:00 AM","01 - Clear","01 - Dry","01 - Traffic signal","02 - Intersection related","01 - Daylight","02 - Non-fatal injury","02 - Angle"
"5236","FISHER AVE @ ARNOT RD","366321.50839","5025654.93621","-75.71461","45.36814","2017","8/22/2017","4:49:00 PM","02 - Rain","02 - Wet","02 - Stop sign","02 - Intersection related","01 - Daylight","03 - P.D. only","03 - Rear end"
"5237","FISHER AVE @ DEER PARK RD/DYNES RD","366406.04518","5025454.53168","-75.71356","45.36633","2017","7/2/2017","3:56:00 PM","01 - Clear","02 - Wet","01 - Traffic signal","02 - Intersection related","01 - Daylight","02 - Non-fatal injury","02 - Angle"
"5238","FISHER AVE @ DEER PARK RD/DYNES RD","366407.16676","5025456.34151","-75.71354","45.36634","2017","1/28/2017","1:33:00 PM","01 - Clear","02 - Wet","01 - Traffic signal","02 - Intersection related","01 - Daylight","03 - P.D. only","05 - Turning movement"
"5239","FISHER AVE @ DEER PARK RD/DYNES RD","366407.20000","5025457.56541","-75.71354","45.36635","2017","3/3/2017","3:55:00 PM","01 - Clear","01 - Dry","01 - Traffic signal","02 - Intersection related","01 - Daylight","03 - P.D. only","04 - Sideswipe"
"5240","FISHER AVE @ FOREST PARK AVE","366521.53143","5025178.65504","-75.71212","45.36383","2017","7/7/2017","4:37:00 PM","02 - Rain","02 - Wet","02 - Stop sign","02 - Intersection related","01 - Daylight","02 - Non-fatal injury","03 - Rear end"
"5241","FISHER AVE @ KINTYRE PRIV","366496.73510","5025235.39197","-75.71243","45.36435","2017","9/29/2017","11:40:00 AM","01 - Clear","01 - Dry","01 - Traffic signal","02 - Intersection related","01 - Daylight","02 - Non-fatal injury","03 - Rear end"
"5242","FISHER AVE @ MALIBU TER","366261.67318","5025799.58944","-75.71536","45.36944","2017","9/30/2017","10:05:00 AM","01 - Clear","01 - Dry","02 - Stop sign","02 - Intersection related","01 - Daylight","03 - P.D. only","02 - Angle"
"5243","FISHER AVE @ MEADOWLANDS DR","366576.06824","5025046.11490","-75.71144","45.36264","2017","6/24/2017","7:46:00 AM","01 - Clear","01 - Dry","01 - Traffic signal","02 - Intersection related","01 - Daylight","02 - Non-fatal injury","02 - Angle"
"5244","FISHER AVE @ MEADOWLANDS DR","366575.39935","5025044.77710","-75.71145","45.36262","2017","10/19/2017","12:15:00 PM","01 - Clear","01 - Dry","01 - Traffic signal","03 - At intersection","01 - Daylight","03 - P.D. only","02 - Angle"
"5245","FISHER AVE @ MEADOWLANDS DR","366574.11815","5025044.26257","-75.71146","45.36262","2017","10/23/2017","9:22:00 AM","01 - Clear","01 - Dry","01 - Traffic signal","03 - At intersection","01 - Daylight","02 - Non-fatal injury","05 - Turning movement"
"5246","FISHER AVE @ MEADOWLANDS DR","366575.53827","5025044.26257","-75.71144","45.36262","2017","10/26/2017","3:30:00 PM","01 - Clear","01 - Dry","01 - Traffic signal","02 - Intersection related","01 - Daylight","03 - P.D. only","03 - Rear end"
"5247","FISHER AVE @ MEADOWLANDS DR","366575.06490","5025044.89955","-75.71145","45.36263","2017","9/29/2017","7:40:00 AM","01 - Clear","01 - Dry","01 - Traffic signal","03 - At intersection","01 - Daylight","02 - Non-fatal injury","99 - Other"
"5248","FISHER AVE @ MEADOWLANDS DR","366574.11815","5025045.68269","-75.71146","45.36263","2017","9/21/2017","3:35:00 PM","01 - Clear","01 - Dry","01 - Traffic signal","02 - Intersection related","01 - Daylight","03 - P.D. only","04 - Sideswipe"
"5249","FISHER AVE @ MEADOWLANDS DR","366574.73045","5025045.44600","-75.71145","45.36263","2017","11/9/2017","9:13:00 PM","02 - Rain","02 - Wet","01 - Traffic signal","03 - At intersection","07 - Dark","03 - P.D. only","99 - Other"
"5250","FISHER AVE @ MEADOWLANDS DR","366576.02069","5025045.68495","-75.71144","45.36263","2017","12/12/2017","12:00:00 PM","03 - Snow","03 - Loose snow","01 - Traffic signal","03 - At intersection","01 - Daylight","03 - P.D. only","02 - Angle"
"5251","FISHER AVE @ MEADOWLANDS DR","366575.39935","5025044.77710","-75.71145","45.36262","2017","12/4/2017","2:17:00 PM","03 - Snow","02 - Wet","01 - Traffic signal","02 - Intersection related","01 - Daylight","03 - P.D. only","03 - Rear end"
"5252","FISHER AVE @ MEADOWLANDS DR","366575.06490","5025045.68269","-75.71145","45.36263","2017","12/7/2017","9:45:00 AM","03 - Snow","06 - Ice","01 - Traffic signal","02 - Intersection related","01 - Daylight","03 - P.D. only","07 - SMV other"
"5253","FISHER AVE @ MEADOWLANDS DR","366574.73045","5025046.78379","-75.71145","45.36264","2017","12/3/2017","9:41:00 AM","01 - Clear","01 - Dry","01 - Traffic signal","03 - At intersection","01 - Daylight","03 - P.D. only","05 - Turning movement"
"5254","FISHER AVE @ MEADOWLANDS DR","366575.81537","5025044.32030","-75.71144","45.36262","2017","3/25/2017","11:39:00 PM","04 - Freezing Rain","06 - Ice","01 - Traffic signal","02 - Intersection related","07 - Dark","03 - P.D. only","03 - Rear end"
"5255","FISHER AVE @ MEADOWLANDS DR","366574.06156","5025046.11490","-75.71146","45.36264","2017","3/19/2017","4:20:00 PM","01 - Clear","01 - Dry","01 - Traffic signal","02 - Intersection related","01 - Daylight","03 - P.D. only","03 - Rear end"
"5256","FISHER AVE @ NORMANDY CRES N","366683.75817","5024782.66027","-75.71010","45.36026","2017","9/12/2017","5:02:00 PM","01 - Clear","01 - Dry","02 - Stop sign","03 - At intersection","01 - Daylight","03 - P.D. only","02 - Angle"
"5257","FISHER AVE @ NORMANDY CRES S","366868.37355","5024341.18870","-75.70779","45.35627","2017","3/9/2017","12:25:00 PM","01 - Clear","01 - Dry","02 - Stop sign","02 - Intersection related","01 - Daylight","03 - P.D. only","05 - Turning movement"
"5258","FISHER AVE @ NORMANDY CRES S","366869.18137","5024339.33637","-75.70778","45.35625","2017","12/28/2017","12:20:00 PM","01 - Clear","01 - Dry","02 - Stop sign","02 - Intersection related","01 - Daylight","03 - P.D. only","02 - Angle"
"5259","FISHER AVE @ PRINCE OF WALES DR","367162.70814","5023940.50461","-75.70409","45.35264","2017","6/30/2017","1:51:00 PM","02 - Rain","02 - Wet","01 - Traffic signal","03 - At intersection","01 - Daylight","03 - P.D. only","05 - Turning movement"
"5260","FISHER AVE @ PRINCE OF WALES DR","367162.18270","5023943.22815","-75.70409","45.35266","2017","11/1/2017","9:23:00 AM","02 - Rain","02 - Wet","01 - Traffic signal","03 - At intersection","01 - Daylight","03 - P.D. only","05 - Turning movement"
"5261","FISHER AVE @ PRINCE OF WALES DR","367160.74901","5023942.75025","-75.70411","45.35266","2017","12/7/2017","6:56:00 AM","01 - Clear","03 - Loose snow","01 - Traffic signal","02 - Intersection related","03 - Dawn","03 - P.D. only","04 - Sideswipe"
"5262","FISHER AVE @ PRINCE OF WALES DR","367161.70480","5023943.05775","-75.70410","45.35266","2017","1/28/2017","6:34:00 PM","03 - Snow","03 - Loose snow","01 - Traffic signal","02 - Intersection related","07 - Dark","03 - P.D. only","04 - Sideswipe"
"5263","FISHER AVE @ PRINCE OF WALES DR","367161.70480","5023942.75025","-75.70410","45.35266","2017","12/15/2017","8:03:00 PM","03 - Snow","04 - Slush","01 - Traffic signal","02 - Intersection related","07 - Dark","03 - P.D. only","04 - Sideswipe"
"5264","FISHER AVE @ SHILLINGTON AVE","365627.77808","5027296.27383","-75.72326","45.38297","2017","10/24/2017","10:23:00 PM","02 - Rain","02 - Wet","01 - Traffic signal","02 - Intersection related","07 - Dark","03 - P.D. only","03 - Rear end"
"5265","FISHER AVE @ SHILLINGTON AVE","365626.69260","5027297.67090","-75.72328","45.38298","2017","2/10/2017","7:52:00 AM","03 - Snow","02 - Wet","01 - Traffic signal","03 - At intersection","01 - Daylight","03 - P.D. only","05 - Turning movement"
"5266","FISHER AVE @ SHILLINGTON AVE","365625.74585","5027296.30851","-75.72329","45.38297","2017","12/28/2017","1:51:00 PM","01 - Clear","01 - Dry","01 - Traffic signal","02 - Intersection related","01 - Daylight","03 - P.D. only","03 - Rear end"
"5267","FISHER AVE @ TUNIS AVE","365497.17700","5027596.29515","-75.72489","45.38568","2017","9/5/2017","5:04:00 PM","01 - Clear","01 - Dry","02 - Stop sign","03 - At intersection","01 - Daylight","02 - Non-fatal injury","02 - Angle"
"5268","FISHER AVE @ TUNIS AVE","365496.79546","5027596.70679","-75.72490","45.38568","2017","12/15/2017","7:30:00 PM","01 - Clear","01 - Dry","02 - Stop sign","02 - Intersection related","07 - Dark","02 - Non-fatal injury","03 - Rear end"
"5269","FISHER AVE @ VIEWMOUNT DR","366919.79478","5024209.23573","-75.70715","45.35508","2017","2/5/2017","1:30:00 PM","03 - Snow","03 - Loose snow","01 - Traffic signal","03 - At intersection","01 - Daylight","03 - P.D. only","02 - Angle"
"5270","FISHER AVE @ VIEWMOUNT DR","366918.50412","5024209.38965","-75.70717","45.35508","2017","12/17/2017","2:25:00 PM","01 - Clear","01 - Dry","01 - Traffic signal","03 - At intersection","01 - Daylight","03 - P.D. only","02 - Angle"
"5271","FISHER AVE btwn 220 S OF TRENT ST & MCCOOEY LANE","365939.21779","5026559.30883","-75.71938","45.37631","2017","6/3/2017","2:46:00 PM","01 - Clear","01 - Dry","10 - No control","01 - Non intersection","01 - Daylight","03 - P.D. only","03 - Rear end"
"5272","FISHER AVE btwn 220 S OF TRENT ST & MCCOOEY LANE","365891.05726","5026677.70348","-75.71998","45.37738","2017","6/25/2017","11:04:00 AM","01 - Clear","01 - Dry","10 - No control","01 - Non intersection","01 - Daylight","02 - Non-fatal injury","03 - Rear end"
"5273","FISHER AVE btwn 220 S OF TRENT ST & MCCOOEY LANE","365977.48342","5026472.52564","-75.71890","45.37552","2017","10/5/2017","3:49:00 PM","01 - Clear","01 - Dry","10 - No control","01 - Non intersection","01 - Daylight","03 - P.D. only","03 - Rear end"
"5274","FISHER AVE btwn 220 S OF TRENT ST & MCCOOEY LANE","365969.13965","5026490.74460","-75.71900","45.37569","2017","9/19/2017","4:00:00 PM","01 - Clear","01 - Dry","10 - No control","01 - Non intersection","01 - Daylight","02 - Non-fatal injury","03 - Rear end"
"5275","FISHER AVE btwn ARNOT RD & DEER PARK RD","366347.11778","5025592.56882","-75.71429","45.36757","2017","9/26/2017","8:36:00 AM","01 - Clear","01 - Dry","10 - No control","01 - Non intersection","01 - Daylight","02 - Non-fatal injury","04 - Sideswipe"
"5276","FISHER AVE btwn BASELINE RD & MALIBU TER","366219.71135","5025899.53862","-75.71588","45.37035","2017","12/7/2017","5:30:00 PM","01 - Clear","01 - Dry","10 - No control","01 - Non intersection","07 - Dark","03 - P.D. only","02 - Angle"
"5277","FISHER AVE btwn CRERAR AVE & TUNIS AVE","365491.49200","5027606.47493","-75.72497","45.38577","2017","11/8/2017","6:16:00 PM","01 - Clear","01 - Dry","10 - No control","01 - Non intersection","07 - Dark","03 - P.D. only","03 - Rear end"
"5278","FISHER AVE btwn EMPEROR AVE & TRENT ST","365727.88786","5027056.13392","-75.72201","45.38080","2017","2/16/2017","7:10:00 AM","03 - Snow","06 - Ice","10 - No control","01 - Non intersection","03 - Dawn","03 - P.D. only","01 - Approaching"
"5279","FISHER AVE btwn FOREST PARK AVE & MEADOWLANDS DR","366554.60872","5025095.52529","-75.71170","45.36308","2017","7/13/2017","12:59:00 PM","01 - Clear","01 - Dry","10 - No control","01 - Non intersection","01 - Daylight","02 - Non-fatal injury","07 - SMV other"
"5280","FISHER AVE btwn FOREST PARK AVE & MEADOWLANDS DR","366568.44137","5025065.82609","-75.71153","45.36281","2017","3/17/2017","5:50:00 PM","01 - Clear","01 - Dry","10 - No control","01 - Non intersection","01 - Daylight","03 - P.D. only","03 - Rear end"
"5281","FISHER AVE btwn MCCOOEY LANE & BASELINE RD","366122.16522","5026138.32782","-75.71709","45.37250","2017","10/27/2017","10:19:00 AM","01 - Clear","01 - Dry","10 - No control","01 - Non intersection","01 - Daylight","03 - P.D. only","05 - Turning movement"
"5282","FISHER AVE btwn MEADOWLANDS DR & URBISCI PRIV","366604.83079","5024980.56306","-75.71108","45.36204","2017","5/10/2017","8:11:00 AM","01 - Clear","01 - Dry","10 - No control","01 - Non intersection","01 - Daylight","03 - P.D. only","04 - Sideswipe"
"5283","FISHER AVE btwn MEADOWLANDS DR & URBISCI PRIV","366584.76390","5025026.71690","-75.71133","45.36246","2017","5/21/2017","10:56:00 AM","01 - Clear","01 - Dry","10 - No control","04 - At/near private drive","01 - Daylight","02 - Non-fatal injury","02 - Angle"
"5284","FISHER AVE btwn TRENT ST & 220 S OF TRENT ST","365823.02901","5026838.48373","-75.72083","45.37883","2017","6/14/2017","5:52:00 PM","01 - Clear","01 - Dry","10 - No control","01 - Non intersection","01 - Daylight","03 - P.D. only","03 - Rear end"
"5285","FISHER AVE btwn TRENT ST & 220 S OF TRENT ST","365828.01395","5026826.65224","-75.72076","45.37872","2017","3/18/2017","10:22:00 AM","01 - Clear","01 - Dry","10 - No control","04 - At/near private drive","01 - Daylight","03 - P.D. only","03 - Rear end"
"5286","FITZGERALD RD @ ROBERTSON RD","356790.04897","5020288.58854","-75.83684","45.32062","2017","9/22/2017","7:54:00 PM","01 - Clear","01 - Dry","01 - Traffic signal","03 - At intersection","07 - Dark","02 - Non-fatal injury","07 - SMV other"