"Record","Location","X","Y","Longitude","Latitude","Year","Date","Time","Environment","Road_Surface","Traffic_Control","Collision_Location","Light","Collision_Classification","Impact_type"
"5287","FITZGERALD RD @ ROBERTSON RD","356789.09770","5020289.05965","-75.83686","45.32063","2017","12/31/2017","4:16:00 PM","01 - Clear","06 - Ice","01 - Traffic signal","02 - Intersection related","05 - Dusk","03 - P.D. only","03 - Rear end"
"5288","FITZROY ST btwn NELLIE ST & OLD SHIP RD","327326.46697","5037058.09680","-76.21189","45.47309","2017","11/17/2017","6:22:00 PM","01 - Clear","01 - Dry","10 - No control","01 - Non intersection","07 - Dark","03 - P.D. only","07 - SMV other"
"5289","FLAMBOROUGH WAY @ MERSEY DR","349152.52914","5023780.76828","-75.93395","45.35257","2017","8/5/2017","1:14:00 PM","01 - Clear","01 - Dry","10 - No control","02 - Intersection related","01 - Daylight","03 - P.D. only","04 - Sideswipe"
"5290","FLAT SEDGE CRES btwn BUTTONBUSH WAY N & WHITE ALDER AVE E","375325.23700","5020781.17300","-75.60038","45.32344","2017","7/26/2017","12:40:00 AM","01 - Clear","01 - Dry","10 - No control","01 - Non intersection","07 - Dark","03 - P.D. only","06 - SMV unattended vehicle"
"5291","FLEMING AVE btwn FIFE CRES & ARCH ST","372842.04914","5028257.40792","-75.63102","45.39095","2017","9/30/2017","11:16:00 PM","01 - Clear","01 - Dry","10 - No control","04 - At/near private drive","07 - Dark","03 - P.D. only","06 - SMV unattended vehicle"
"5292","FLETCHER CIRC btwn Continuation of FLETCHER CIRC & Continuation of FLE","349302.31197","5020058.41558","-75.93237","45.31907","2017","11/26/2017","12:00:00 AM","03 - Snow","03 - Loose snow","10 - No control","01 - Non intersection","00 - Unknown","03 - P.D. only","06 - SMV unattended vehicle"
"5293","FLETCHER CIRC btwn Continuation of FLETCHER CIRC & Continuation of FLE","349357.62918","5019996.23375","-75.93167","45.31850","2017","1/28/2017","2:27:00 AM","01 - Clear","02 - Wet","10 - No control","04 - At/near private drive","07 - Dark","03 - P.D. only","06 - SMV unattended vehicle"
"5294","FLETCHER CIRC btwn Continuation of FLETCHER CIRC & Continuation of FLE","349360.06595","5019993.14295","-75.93164","45.31847","2017","12/27/2017","1:54:00 PM","01 - Clear","05 - Packed snow","10 - No control","01 - Non intersection","01 - Daylight","03 - P.D. only","04 - Sideswipe"
"5295","FLETCHER CIRC btwn Continuation of FLETCHER CIRC & TORBEC AVE","349408.61203","5020003.60198","-75.93102","45.31857","2017","7/27/2017","12:00:00 AM","01 - Clear","01 - Dry","10 - No control","04 - At/near private drive","00 - Unknown","03 - P.D. only","06 - SMV unattended vehicle"
"5296","FLETCHER CIRC btwn TORBEC AVE & KEYROCK DR","349532.26111","5020112.80431","-75.92943","45.31954","2017","11/7/2017","3:04:00 PM","01 - Clear","01 - Dry","10 - No control","01 - Non intersection","01 - Daylight","03 - P.D. only","06 - SMV unattended vehicle"
"5297","FLEWELLYN RD @ SHEA RD","352993.16870","5012174.62095","-75.88606","45.24788","2017","8/18/2017","6:57:00 PM","01 - Clear","01 - Dry","02 - Stop sign","03 - At intersection","01 - Daylight","03 - P.D. only","07 - SMV other"
"5298","FLEWELLYN RD @ SHEA RD","352993.81475","5012174.17833","-75.88605","45.24788","2017","10/24/2017","6:26:00 PM","01 - Clear","01 - Dry","02 - Stop sign","03 - At intersection","07 - Dark","03 - P.D. only","07 - SMV other"
"5299","FLEWELLYN RD @ SHEA RD","352994.07810","5012173.68835","-75.88605","45.24787","2017","11/5/2017","2:18:00 PM","02 - Rain","02 - Wet","02 - Stop sign","03 - At intersection","01 - Daylight","03 - P.D. only","02 - Angle"
"5300","FLEWELLYN RD @ SHEA RD","352993.93465","5012175.74299","-75.88605","45.24789","2017","3/30/2017","5:03:00 PM","01 - Clear","01 - Dry","02 - Stop sign","03 - At intersection","01 - Daylight","02 - Non-fatal injury","02 - Angle"
"5301","FLEWELLYN RD btwn DWYER HILL RD & MUNSTER RD","345080.88553","5005163.13425","-75.98742","45.18529","2017","5/21/2017","6:51:00 AM","01 - Clear","01 - Dry","10 - No control","01 - Non intersection","01 - Daylight","03 - P.D. only","07 - SMV other"
"5302","FLEWELLYN RD btwn DWYER HILL RD & MUNSTER RD","344583.94045","5004674.80184","-75.99378","45.18092","2017","12/4/2017","5:17:00 PM","01 - Clear","02 - Wet","10 - No control","01 - Non intersection","07 - Dark","03 - P.D. only","07 - SMV other"
"5303","FLEWELLYN RD btwn MUNSTER RD & CONLEY RD","346735.29051","5006599.30481","-75.96625","45.19811","2017","9/25/2017","8:06:00 AM","01 - Clear","01 - Dry","10 - No control","01 - Non intersection","01 - Daylight","03 - P.D. only","07 - SMV other"
"5304","FLEWELLYN RD btwn MUNSTER RD & CONLEY RD","346831.93740","5006680.40944","-75.96501","45.19884","2017","10/17/2017","8:42:00 PM","01 - Clear","01 - Dry","10 - No control","01 - Non intersection","07 - Dark","03 - P.D. only","07 - SMV other"
"5305","FLEWELLYN RD btwn NO NAME & BLACK'S SIDE RD","349917.86542","5009428.75415","-75.92548","45.22338","2017","5/12/2017","11:12:00 PM","01 - Clear","01 - Dry","10 - No control","01 - Non intersection","07 - Dark","03 - P.D. only","07 - SMV other"
"5306","FLEWELLYN RD btwn NO NAME & BLACK'S SIDE RD","349887.36123","5009412.17888","-75.92587","45.22323","2017","12/15/2017","5:24:00 AM","01 - Clear","01 - Dry","10 - No control","01 - Non intersection","07 - Dark","03 - P.D. only","07 - SMV other"
"5307","FLEWELLYN RD btwn ORMROD RD & DWYER HILL RD","343301.96233","5003529.98847","-76.01018","45.17069","2017","8/23/2017","6:48:00 AM","01 - Clear","01 - Dry","10 - No control","01 - Non intersection","01 - Daylight","03 - P.D. only","07 - SMV other"
"5308","FLEWELLYN RD btwn POPLARWOOD AVE & SHEA RD","352191.73257","5011439.39719","-75.89634","45.24132","2017","2/25/2017","9:28:00 AM","02 - Rain","02 - Wet","10 - No control","01 - Non intersection","01 - Daylight","03 - P.D. only","07 - SMV other"
"5309","FLEWELLYN RD btwn RIDINGVIEW CRES & WEST HEALEY AVE","350888.01412","5010284.39431","-75.91305","45.23101","2017","11/27/2017","7:18:00 AM","01 - Clear","02 - Wet","10 - No control","01 - Non intersection","01 - Daylight","01 - Fatal injury","07 - SMV other"
"5310","FLEWELLYN RD btwn SHEA RD & FAULKNER TR","353142.53817","5012300.06499","-75.88415","45.24900","2017","11/24/2017","3:02:00 PM","01 - Clear","01 - Dry","10 - No control","01 - Non intersection","01 - Daylight","02 - Non-fatal injury","07 - SMV other"
"5311","FLINTRIDGE CRES btwn BRIDLE PARK DR & BRIDLE PARK DR","356040.02224","5016353.94742","-75.84682","45.28527","2017","10/20/2017","8:00:00 AM","01 - Clear","01 - Dry","10 - No control","04 - At/near private drive","01 - Daylight","03 - P.D. only","06 - SMV unattended vehicle"
"5312","FLORA ST @ KENT ST","367829.25985","5030323.56740","-75.69477","45.41001","2017","10/5/2017","6:48:00 AM","01 - Clear","01 - Dry","02 - Stop sign","03 - At intersection","03 - Dawn","03 - P.D. only","02 - Angle"
"5313","FLORA ST @ KENT ST","367828.71340","5030323.56740","-75.69477","45.41001","2017","2/14/2017","3:58:00 PM","01 - Clear","02 - Wet","02 - Stop sign","02 - Intersection related","01 - Daylight","03 - P.D. only","05 - Turning movement"
"5314","FLORA ST btwn KENT ST & BANK ST","367915.62258","5030378.35250","-75.69366","45.41050","2017","3/3/2017","7:00:00 PM","01 - Clear","01 - Dry","10 - No control","01 - Non intersection","05 - Dusk","03 - P.D. only","06 - SMV unattended vehicle"
"5315","FLORIDA AVE btwn ARIZONA AVE & PALM ST","372045.00199","5027318.47619","-75.64132","45.38258","2017","8/2/2017","10:07:00 PM","01 - Clear","01 - Dry","10 - No control","01 - Non intersection","07 - Dark","03 - P.D. only","06 - SMV unattended vehicle"
"5316","FLOWER AVE @ WOODROFFE AVE","361812.22655","5026114.98465","-75.77212","45.37266","2017","10/3/2017","4:05:00 PM","01 - Clear","01 - Dry","02 - Stop sign","03 - At intersection","01 - Daylight","02 - Non-fatal injury","05 - Turning movement"
"5317","FLOWER AVE @ WOODROFFE AVE","361812.53847","5026115.53110","-75.77211","45.37266","2017","1/6/2017","3:53:00 PM","01 - Clear","06 - Ice","02 - Stop sign","02 - Intersection related","01 - Daylight","03 - P.D. only","03 - Rear end"
"5318","FOOTHILLS DR btwn GRANGEMILL AVE & REDFIELD AVE (2)","358863.30896","5021213.58220","-75.81030","45.32879","2017","9/19/2017","6:15:00 AM","01 - Clear","01 - Dry","10 - No control","01 - Non intersection","03 - Dawn","03 - P.D. only","06 - SMV unattended vehicle"
"5319","FOREST VALLEY DR @ FORESTGLEN CRES S","379736.48977","5035680.94983","-75.54185","45.45704","2017","1/9/2017","11:16:00 AM","01 - Clear","06 - Ice","02 - Stop sign","03 - At intersection","01 - Daylight","03 - P.D. only","02 - Angle"
"5320","FOREST VALLEY DR @ ORLEANS BLVD","380260.16882","5034820.28156","-75.53529","45.44924","2017","8/31/2017","11:02:00 AM","01 - Clear","01 - Dry","01 - Traffic signal","03 - At intersection","01 - Daylight","03 - P.D. only","05 - Turning movement"
"5321","FOREST VALLEY DR btwn ST. JOSEPH BLVD & RIVERMILL CRES","379585.79751","5035862.60975","-75.54375","45.45869","2017","8/5/2017","1:50:00 PM","01 - Clear","01 - Dry","10 - No control","04 - At/near private drive","01 - Daylight","03 - P.D. only","99 - Other"
"5322","FORESTBROOK ST @ OLD SECOND LINE RD","348355.51290","5022892.54400","-75.94420","45.34463","2017","7/3/2017","5:52:00 PM","01 - Clear","01 - Dry","02 - Stop sign","03 - At intersection","01 - Daylight","03 - P.D. only","03 - Rear end"
"5323","FORESTBROOK ST @ OLD SECOND LINE RD","348355.51290","5022892.54400","-75.94420","45.34463","2017","10/1/2017","4:00:00 PM","01 - Clear","01 - Dry","02 - Stop sign","02 - Intersection related","01 - Daylight","03 - P.D. only","03 - Rear end"
"5324","FORESTBROOK ST btwn HUNTERBROOK ST N & STATEWOOD DR","348532.82280","5023053.29298","-75.94192","45.34606","2017","12/29/2017","9:00:00 AM","01 - Clear","01 - Dry","10 - No control","01 - Non intersection","01 - Daylight","03 - P.D. only","01 - Approaching"
"5325","FORESTBROOK ST btwn STATEWOOD DR & BRADY AVE","348701.40875","5022951.11513","-75.93978","45.34513","2017","2/7/2017","6:30:00 AM","03 - Snow","04 - Slush","10 - No control","04 - At/near private drive","03 - Dawn","03 - P.D. only","06 - SMV unattended vehicle"
"5326","FORESTGLADE CRES btwn PICASSO DR & NOBLETON AVE","375172.76756","5026380.02710","-75.60152","45.37383","2017","4/11/2017","10:41:00 PM","01 - Clear","01 - Dry","10 - No control","01 - Non intersection","07 - Dark","03 - P.D. only","06 - SMV unattended vehicle"
"5327","FOUNTAINHEAD DR btwn STARCROSS ST & WINTERHAVEN DR","381995.39240","5032101.66980","-75.51353","45.42459","2017","2/11/2017","12:00:00 AM","03 - Snow","03 - Loose snow","10 - No control","01 - Non intersection","00 - Unknown","03 - P.D. only","06 - SMV unattended vehicle"
"5328","FOUR SEASONS DR btwn SCHOLARS CRT & SHADETREE CRES","366410.72738","5024019.14505","-75.71368","45.35341","2017","3/7/2017","8:15:00 AM","04 - Freezing Rain","06 - Ice","10 - No control","01 - Non intersection","01 - Daylight","03 - P.D. only","01 - Approaching"
"5329","FOUR SEASONS DR btwn SCHOLARS CRT & SHADETREE CRES","366388.05779","5024010.61233","-75.71397","45.35334","2017","3/7/2017","11:41:00 AM","04 - Freezing Rain","06 - Ice","10 - No control","01 - Non intersection","01 - Daylight","03 - P.D. only","06 - SMV unattended vehicle"
"5330","FOUR SEASONS DR btwn SHADETREE CRES & SHADETREE CRES","366539.15547","5024012.45609","-75.71204","45.35334","2017","2/15/2017","2:19:00 PM","01 - Clear","03 - Loose snow","10 - No control","01 - Non intersection","01 - Daylight","03 - P.D. only","01 - Approaching"
"5331","FOUR SEASONS DR btwn SHADETREE CRES & SHADETREE CRES","366570.97418","5023979.80074","-75.71163","45.35304","2017","12/22/2017","3:52:00 PM","03 - Snow","03 - Loose snow","10 - No control","04 - At/near private drive","01 - Daylight","03 - P.D. only","06 - SMV unattended vehicle"
"5332","FOURTH AVE @ O'CONNOR ST","368678.71090","5029661.32455","-75.68400","45.40397","2017","7/19/2017","12:00:00 AM","01 - Clear","01 - Dry","02 - Stop sign","02 - Intersection related","00 - Unknown","03 - P.D. only","06 - SMV unattended vehicle"
"5333","FOURTH AVE btwn LYON ST S & BANK ST","368283.75511","5029426.60076","-75.68908","45.40190","2017","11/12/2017","3:55:00 PM","01 - Clear","01 - Dry","10 - No control","01 - Non intersection","01 - Daylight","02 - Non-fatal injury","07 - SMV other"
"5334","FOURTH LINE RD @ COMMUNITY WAY","366707.19477","4999074.53863","-75.71300","45.12893","2017","9/9/2017","2:28:00 PM","01 - Clear","01 - Dry","10 - No control","02 - Intersection related","01 - Daylight","02 - Non-fatal injury","03 - Rear end"
"5335","FOURTH LINE RD @ PRINCE OF WALES DR","366272.98356","4999562.94650","-75.71846","45.13337","2017","7/4/2017","9:42:00 AM","01 - Clear","01 - Dry","02 - Stop sign","03 - At intersection","01 - Daylight","03 - P.D. only","02 - Angle"
"5336","FOURTH LINE RD @ ROGER STEVENS DR","366457.48334","4999356.19331","-75.71614","45.13149","2017","11/3/2017","12:11:00 PM","01 - Clear","01 - Dry","01 - Traffic signal","02 - Intersection related","01 - Daylight","03 - P.D. only","99 - Other"
"5337","FOURTH LINE RD btwn CALLENDOR RD & DILWORTH RD","370267.67725","4995101.00755","-75.66826","45.09286","2017","10/20/2017","7:02:00 PM","01 - Clear","01 - Dry","10 - No control","01 - Non intersection","05 - Dusk","03 - P.D. only","07 - SMV other"
"5338","FOURTH LINE RD btwn COMMUNITY WAY & WILLISBROOK DR","366765.51913","4999011.40425","-75.71226","45.12836","2017","3/4/2017","12:05:00 PM","01 - Clear","01 - Dry","10 - No control","04 - At/near private drive","01 - Daylight","03 - P.D. only","05 - Turning movement"
"5339","FOURTH LINE RD btwn DILWORTH RD & DONNELLY DR","371867.67311","4993351.11673","-75.64817","45.07696","2017","11/18/2017","7:50:00 PM","02 - Rain","02 - Wet","10 - No control","01 - Non intersection","07 - Dark","03 - P.D. only","07 - SMV other"
"5340","FOURTH LINE RD btwn DILWORTH RD & DONNELLY DR","371875.54724","4993294.34738","-75.64807","45.07645","2017","11/27/2017","12:23:00 AM","03 - Snow","03 - Loose snow","10 - No control","01 - Non intersection","07 - Dark","03 - P.D. only","07 - SMV other"
"5341","FOURTH LINE RD btwn EDWARD KIDD CRES & PRINCE OF WALES DR","365912.43691","4999967.47711","-75.72299","45.13704","2017","1/4/2017","2:59:00 AM","04 - Freezing Rain","06 - Ice","10 - No control","01 - Non intersection","07 - Dark","03 - P.D. only","07 - SMV other"
"5342","FOURTH LINE RD btwn WILLISBROOK DR & LOCKHEAD RD W","367022.14844","4998731.19699","-75.70904","45.12582","2017","1/16/2017","11:23:00 PM","01 - Clear","06 - Ice","10 - No control","01 - Non intersection","07 - Dark","03 - P.D. only","07 - SMV other"
"5343","FOX CRES @ WOODROFFE AVE","361807.34754","5025625.86500","-75.77224","45.36826","2017","7/14/2017","1:58:00 PM","02 - Rain","02 - Wet","02 - Stop sign","03 - At intersection","01 - Daylight","03 - P.D. only","02 - Angle"
"5344","FOX CRES @ WOODROFFE AVE","361804.25518","5025626.77059","-75.77228","45.36827","2017","8/24/2017","3:09:00 PM","01 - Clear","01 - Dry","02 - Stop sign","03 - At intersection","01 - Daylight","02 - Non-fatal injury","02 - Angle"
"5345","FOX CRES @ WOODROFFE AVE","361807.09542","5025626.29721","-75.77224","45.36826","2017","9/28/2017","2:31:00 PM","01 - Clear","01 - Dry","02 - Stop sign","02 - Intersection related","01 - Daylight","03 - P.D. only","04 - Sideswipe"
"5346","FOX VALLEY RD btwn WADDION DR & END","375149.37811","5012583.32240","-75.60378","45.24969","2017","6/3/2017","12:00:00 AM","01 - Clear","01 - Dry","10 - No control","01 - Non intersection","07 - Dark","03 - P.D. only","06 - SMV unattended vehicle"
"5347","FOXFIELD DR btwn GREENBANK RD & KADEER WAY","363345.14423","5016209.18497","-75.75372","45.28340","2017","2/25/2017","2:22:00 PM","02 - Rain","02 - Wet","10 - No control","04 - At/near private drive","01 - Daylight","03 - P.D. only","02 - Angle"
"5348","FOXFIELD DR btwn HENFIELD AVE & KNOLLSBROOK DR","363598.12837","5016333.66616","-75.75048","45.28450","2017","3/18/2017","9:00:00 AM","01 - Clear","01 - Dry","10 - No control","04 - At/near private drive","01 - Daylight","03 - P.D. only","06 - SMV unattended vehicle"
"5349","FOXHOUND WAY btwn BURRITTS RAPIDS PL & PRENTISS WAY","364026.06171","5012597.96156","-75.74547","45.25085","2017","3/5/2017","8:45:00 AM","01 - Clear","01 - Dry","10 - No control","04 - At/near private drive","01 - Daylight","03 - P.D. only","06 - SMV unattended vehicle"
"5350","FOXLIGHT CIR btwn FOXLIGHT CIR & FOXLIGHT CIR","356787.84300","5015728.75300","-75.83735","45.27959","2017","2/9/2017","12:00:00 AM","01 - Clear","04 - Slush","10 - No control","01 - Non intersection","00 - Unknown","03 - P.D. only","06 - SMV unattended vehicle"
"5351","FOXLIGHT CIR btwn FOXLIGHT CIR & FOXLIGHT CIR","356791.00600","5015682.05800","-75.83732","45.27917","2017","3/15/2017","12:00:00 AM","03 - Snow","03 - Loose snow","10 - No control","01 - Non intersection","00 - Unknown","03 - P.D. only","06 - SMV unattended vehicle"
"5352","FOXVIEW PL btwn BRUNEL ST & MONTREAL RD","372802.27801","5034683.91936","-75.63064","45.44878","2017","11/26/2017","3:12:00 PM","01 - Clear","01 - Dry","10 - No control","01 - Non intersection","01 - Daylight","03 - P.D. only","07 - SMV other"
"5353","FRANK BENDER ST @ JEANNE D'ARC BLVD","381871.70649","5035882.37946","-75.51452","45.45862","2017","10/28/2017","8:26:00 PM","02 - Rain","02 - Wet","01 - Traffic signal","02 - Intersection related","07 - Dark","03 - P.D. only","03 - Rear end"
"5354","FRANK BENDER ST @ JEANNE D'ARC BLVD","381870.20425","5035884.12065","-75.51454","45.45863","2017","9/18/2017","7:37:00 PM","01 - Clear","01 - Dry","01 - Traffic signal","03 - At intersection","07 - Dark","03 - P.D. only","05 - Turning movement"
"5355","FRANK BENDER ST @ JEANNE D'ARC BLVD","381870.41625","5035884.24310","-75.51454","45.45864","2017","3/21/2017","2:29:00 PM","01 - Clear","02 - Wet","01 - Traffic signal","03 - At intersection","01 - Daylight","03 - P.D. only","05 - Turning movement"
"5356","FRANK KENNY RD @ RUSSELL RD","392563.75363","5026366.99266","-75.37953","45.37175","2017","11/10/2017","1:14:00 PM","01 - Clear","01 - Dry","02 - Stop sign","02 - Intersection related","01 - Daylight","03 - P.D. only","03 - Rear end"
"5357","FRANK KENNY RD @ TRIM RD","386221.42190","5038049.58600","-75.45855","45.47762","2017","11/17/2017","1:19:00 AM","01 - Clear","01 - Dry","01 - Traffic signal","03 - At intersection","07 - Dark","03 - P.D. only","07 - SMV other"
"5358","FRANK KENNY RD btwn COLONIAL RD & HUISMANS RD","390553.54911","5031153.70510","-75.40435","45.41506","2017","9/16/2017","5:52:00 PM","01 - Clear","01 - Dry","10 - No control","01 - Non intersection","01 - Daylight","02 - Non-fatal injury","04 - Sideswipe"
"5359","FRANK KENNY RD btwn FRENCH HILL RD & WALL RD","388903.70789","5035234.01672","-75.42473","45.45197","2017","1/10/2017","8:55:00 PM","03 - Snow","03 - Loose snow","10 - No control","01 - Non intersection","07 - Dark","03 - P.D. only","07 - SMV other"
"5360","FRANK KENNY RD btwn GIROUX RD & COLONIAL RD","389886.81529","5032833.53296","-75.41258","45.43026","2017","6/25/2017","3:20:00 PM","02 - Rain","02 - Wet","10 - No control","01 - Non intersection","01 - Daylight","03 - P.D. only","07 - SMV other"
"5361","FRANK KENNY RD btwn HUISMANS RD & MCFADDEN RD","391070.99294","5029878.57942","-75.39797","45.40353","2017","12/14/2017","6:16:00 AM","01 - Clear","01 - Dry","10 - No control","01 - Non intersection","07 - Dark","03 - P.D. only","07 - SMV other"
"5362","FRANK KENNY RD btwn HUISMANS RD & MCFADDEN RD","390926.95173","5030228.16345","-75.39975","45.40669","2017","11/22/2017","4:14:00 PM","01 - Clear","01 - Dry","10 - No control","01 - Non intersection","05 - Dusk","03 - P.D. only","01 - Approaching"
"5363","FRANK KENNY RD btwn HUISMANS RD & MCFADDEN RD","390938.25864","5030215.73680","-75.39960","45.40658","2017","2/17/2017","3:18:00 AM","01 - Clear","01 - Dry","10 - No control","01 - Non intersection","07 - Dark","03 - P.D. only","07 - SMV other"
"5364","FRANK KENNY RD btwn INNES RD & FRENCH HILL RD","388178.40497","5037012.35602","-75.43370","45.46806","2017","1/28/2017","12:31:00 AM","05 - Drifting Snow","06 - Ice","10 - No control","01 - Non intersection","07 - Dark","02 - Non-fatal injury","04 - Sideswipe"
"5365","FRANK KENNY RD btwn JONQUILLE WAY & WILHAVEN DR","386865.93363","5040107.71462","-75.44997","45.49607","2017","7/6/2017","3:58:00 PM","01 - Clear","01 - Dry","10 - No control","01 - Non intersection","01 - Daylight","02 - Non-fatal injury","07 - SMV other"
"5366","FRANK KENNY RD btwn JONQUILLE WAY & WILHAVEN DR","386665.78540","5040288.17682","-75.45250","45.49771","2017","11/30/2017","4:43:00 PM","02 - Rain","06 - Ice","10 - No control","01 - Non intersection","05 - Dusk","02 - Non-fatal injury","07 - SMV other"
"5367","FRANK KENNY RD btwn MCFADDEN RD & RUSSELL RD","391636.66161","5028537.71450","-75.39098","45.39139","2017","11/10/2017","4:52:00 PM","01 - Clear","01 - Dry","10 - No control","01 - Non intersection","07 - Dark","03 - P.D. only","07 - SMV other"
"5368","FRANK KENNY RD btwn RUSSELL RD & DEVINE RD","393671.23730","5023526.96061","-75.36590","45.34606","2017","1/6/2017","8:28:00 AM","01 - Clear","06 - Ice","10 - No control","01 - Non intersection","01 - Daylight","02 - Non-fatal injury","07 - SMV other"
"5369","FRANK KENNY RD E @ INNES RD","387870.34559","5037734.72036","-75.43752","45.47460","2017","7/5/2017","4:40:00 PM","01 - Clear","01 - Dry","02 - Stop sign","03 - At intersection","01 - Daylight","03 - P.D. only","07 - SMV other"
"5370","FRANK KENNY RD E @ INNES RD","387873.84830","5037730.17382","-75.43748","45.47456","2017","9/7/2017","5:50:00 PM","01 - Clear","02 - Wet","02 - Stop sign","03 - At intersection","01 - Daylight","02 - Non-fatal injury","03 - Rear end"
"5371","FRANK KENNY RD E @ INNES RD","387873.50836","5037728.81587","-75.43748","45.47454","2017","2/21/2017","3:19:00 PM","01 - Clear","01 - Dry","02 - Stop sign","03 - At intersection","01 - Daylight","03 - P.D. only","05 - Turning movement"
"5372","FRANK KENNY RD W @ INNES RD","387532.50102","5037630.35409","-75.44186","45.47370","2017","7/19/2017","6:30:00 PM","01 - Clear","01 - Dry","02 - Stop sign","02 - Intersection related","01 - Daylight","03 - P.D. only","07 - SMV other"
"5373","FRANK KENNY RD W @ INNES RD","387529.32421","5037630.10005","-75.44190","45.47370","2017","9/8/2017","2:10:00 PM","01 - Clear","01 - Dry","02 - Stop sign","02 - Intersection related","01 - Daylight","03 - P.D. only","05 - Turning movement"
"5374","FRANK KENNY RD W @ INNES RD","387531.21350","5037629.98049","-75.44187","45.47369","2017","10/23/2017","9:14:00 AM","01 - Clear","01 - Dry","02 - Stop sign","02 - Intersection related","01 - Daylight","03 - P.D. only","02 - Angle"
"5375","FRANK KENNY RD W @ INNES RD","387530.61445","5037630.53000","-75.44188","45.47370","2017","10/10/2017","3:27:00 PM","01 - Clear","01 - Dry","02 - Stop sign","02 - Intersection related","01 - Daylight","03 - P.D. only","02 - Angle"
"5376","FRANK KENNY RD W @ INNES RD","387529.94555","5037629.19220","-75.44189","45.47369","2017","11/9/2017","7:22:00 PM","02 - Rain","02 - Wet","02 - Stop sign","02 - Intersection related","07 - Dark","03 - P.D. only","07 - SMV other"
"5377","FRANK ST @ O'CONNOR ST","368052.71004","5030697.57350","-75.69187","45.41336","2017","5/29/2017","11:30:00 AM","02 - Rain","02 - Wet","02 - Stop sign","02 - Intersection related","01 - Daylight","03 - P.D. only","04 - Sideswipe"
"5378","FRANK ST btwn BANK ST & O'CONNOR ST","368007.89399","5030672.15544","-75.69244","45.41313","2017","7/1/2017","6:38:00 PM","01 - Clear","01 - Dry","10 - No control","01 - Non intersection","01 - Daylight","02 - Non-fatal injury","07 - SMV other"
"5379","FRANK ST btwn BANK ST & O'CONNOR ST","367910.68051","5030614.98471","-75.69369","45.41263","2017","11/21/2017","12:00:00 AM","01 - Clear","01 - Dry","10 - No control","01 - Non intersection","00 - Unknown","03 - P.D. only","06 - SMV unattended vehicle"
"5380","FRANK ST btwn ELGIN ST & CARTIER ST","368459.48324","5030950.04922","-75.68664","45.41559","2017","11/27/2017","4:30:00 PM","01 - Clear","02 - Wet","10 - No control","01 - Non intersection","05 - Dusk","03 - P.D. only","07 - SMV other"
"5381","FRANK ST btwn ELGIN ST & CARTIER ST","368367.41010","5030893.92307","-75.68782","45.41509","2017","12/3/2017","11:15:00 AM","01 - Clear","01 - Dry","10 - No control","01 - Non intersection","01 - Daylight","03 - P.D. only","06 - SMV unattended vehicle"
"5382","FRANK ST btwn O'CONNOR ST & METCALFE ST","368097.67120","5030726.59055","-75.69129","45.41361","2017","10/11/2017","1:40:00 PM","01 - Clear","01 - Dry","10 - No control","04 - At/near private drive","01 - Daylight","03 - P.D. only","99 - Other"
"5383","FRANKTOWN RD @ DWYER HILL RD","348405.07055","4998729.80085","-75.94568","45.12720","2017","2/4/2017","11:33:00 AM","01 - Clear","01 - Dry","02 - Stop sign","02 - Intersection related","01 - Daylight","03 - P.D. only","04 - Sideswipe"
"5384","FRANKTOWN RD @ JOY'S RD W","355256.99194","5004890.73447","-75.85796","45.18218","2017","10/20/2017","2:41:00 PM","01 - Clear","01 - Dry","02 - Stop sign","02 - Intersection related","01 - Daylight","03 - P.D. only","03 - Rear end"
"5385","FRANKTOWN RD btwn CONLEY RD & JOY'S RD","354995.56157","5004646.00642","-75.86131","45.18000","2017","6/16/2017","5:36:00 AM","02 - Rain","02 - Wet","10 - No control","01 - Non intersection","03 - Dawn","03 - P.D. only","07 - SMV other"
"5386","FRANKTOWN RD btwn CONLEY RD & JOY'S RD","353379.86600","5003121.68708","-75.88202","45.16639","2017","11/22/2017","6:40:00 PM","01 - Clear","01 - Dry","10 - No control","01 - Non intersection","07 - Dark","03 - P.D. only","07 - SMV other"
"5387","FRANKTOWN RD btwn GREEN'S RD & CONLEY RD","352377.87351","5002221.30349","-75.89485","45.15836","2017","3/20/2017","5:24:00 PM","01 - Clear","02 - Wet","10 - No control","04 - At/near private drive","01 - Daylight","03 - P.D. only","05 - Turning movement"
"5388","FRANKTOWN RD btwn MUNSTER RD & GREEN'S RD","352265.00588","5002124.13400","-75.89629","45.15749","2017","9/20/2017","12:11:00 AM","01 - Clear","01 - Dry","10 - No control","01 - Non intersection","07 - Dark","03 - P.D. only","07 - SMV other"
"5389","FRANKTOWN RD btwn MUNSTER RD & GREEN'S RD","351774.16474","5001696.23544","-75.90258","45.15368","2017","11/9/2017","5:35:00 PM","02 - Rain","02 - Wet","10 - No control","01 - Non intersection","07 - Dark","03 - P.D. only","07 - SMV other"
"5390","FRANKTOWN RD btwn MUNSTER RD & GREEN'S RD","351592.08820","5001531.81371","-75.90491","45.15221","2017","4/12/2017","9:46:00 PM","01 - Clear","01 - Dry","10 - No control","01 - Non intersection","07 - Dark","03 - P.D. only","07 - SMV other"