"Record","Location","X","Y","Longitude","Latitude","Year","Date","Time","Environment","Road_Surface","Traffic_Control","Collision_Location","Light","Collision_Classification","Impact_type"
"5391","FRANKTOWN RD btwn SILVER FOX WAY & SKEEL CRT","347580.00391","4997996.67039","-75.95623","45.12065","2017","11/19/2017","12:16:00 PM","05 - Drifting Snow","04 - Slush","10 - No control","01 - Non intersection","01 - Daylight","03 - P.D. only","07 - SMV other"
"5392","FRASER AVE btwn SKEAD ST & RICHMOND RD","362435.86173","5027825.73033","-75.76396","45.38800","2017","4/21/2017","5:31:00 PM","01 - Clear","01 - Dry","10 - No control","01 - Non intersection","01 - Daylight","03 - P.D. only","06 - SMV unattended vehicle"
"5393","FRASER FIELDS WAY @ STRANDHERD DR","362949.58710","5013991.96410","-75.75902","45.26348","2017","2/18/2017","7:46:00 AM","01 - Clear","01 - Dry","02 - Stop sign","03 - At intersection","01 - Daylight","03 - P.D. only","02 - Angle"
"5394","FRIEL ST @ LAURIER AVE","368997.70640","5032191.03125","-75.67960","45.42671","2017","9/28/2017","4:26:00 PM","01 - Clear","01 - Dry","02 - Stop sign","03 - At intersection","01 - Daylight","02 - Non-fatal injury","05 - Turning movement"
"5395","FRIEL ST @ RIDEAU ST","368772.03685","5032571.92209","-75.68243","45.43015","2017","6/1/2017","1:22:00 AM","01 - Clear","01 - Dry","01 - Traffic signal","02 - Intersection related","07 - Dark","03 - P.D. only","04 - Sideswipe"
"5396","FRIEL ST @ RIDEAU ST","368771.70240","5032570.34761","-75.68244","45.43014","2017","12/9/2017","12:32:00 PM","01 - Clear","01 - Dry","01 - Traffic signal","02 - Intersection related","01 - Daylight","03 - P.D. only","04 - Sideswipe"
"5397","FRIEL ST @ RIDEAU ST","368771.36795","5032571.92209","-75.68244","45.43015","2017","4/2/2017","11:28:00 AM","01 - Clear","01 - Dry","01 - Traffic signal","02 - Intersection related","01 - Daylight","03 - P.D. only","04 - Sideswipe"
"5398","FRIEL ST @ STEWART ST","368891.79502","5032363.81392","-75.68093","45.42827","2017","7/17/2017","8:39:00 AM","01 - Clear","01 - Dry","02 - Stop sign","03 - At intersection","01 - Daylight","02 - Non-fatal injury","02 - Angle"
"5399","FRIEL ST @ WILBROD ST","368934.19380","5032297.81695","-75.68040","45.42767","2017","12/11/2017","4:55:00 PM","03 - Snow","05 - Packed snow","02 - Stop sign","02 - Intersection related","05 - Dusk","03 - P.D. only","03 - Rear end"
"5400","FRIEL ST btwn WILBROD ST & LAURIER AVE E","368988.67630","5032207.63121","-75.67971","45.42686","2017","1/30/2017","10:00:00 AM","01 - Clear","01 - Dry","10 - No control","01 - Non intersection","01 - Daylight","03 - P.D. only","03 - Rear end"
"5401","FROBISHER LANE @ OLD RIVERSIDE DR","370170.49746","5029577.58623","-75.66496","45.40308","2017","2/14/2017","10:42:00 PM","03 - Snow","05 - Packed snow","02 - Stop sign","02 - Intersection related","07 - Dark","03 - P.D. only","01 - Approaching"
"5402","FROBISHER LANE W @ RIVERSIDE DR","370120.38734","5029601.89490","-75.66560","45.40331","2017","5/25/2017","6:57:00 PM","02 - Rain","02 - Wet","01 - Traffic signal","02 - Intersection related","01 - Daylight","03 - P.D. only","03 - Rear end"
"5403","FROBISHER LANE W @ RIVERSIDE DR","370118.70842","5029601.22618","-75.66562","45.40330","2017","9/3/2017","12:39:00 PM","01 - Clear","02 - Wet","01 - Traffic signal","03 - At intersection","01 - Daylight","03 - P.D. only","03 - Rear end"
"5404","FROBISHER LANE W @ RIVERSIDE DR","370119.67089","5029600.03126","-75.66561","45.40329","2017","10/6/2017","1:20:00 PM","01 - Clear","01 - Dry","01 - Traffic signal","03 - At intersection","01 - Daylight","03 - P.D. only","07 - SMV other"
"5405","FROBISHER LANE W @ RIVERSIDE DR","370119.66185","5029601.93606","-75.66561","45.40331","2017","12/14/2017","4:45:00 PM","01 - Clear","01 - Dry","01 - Traffic signal","02 - Intersection related","05 - Dusk","03 - P.D. only","03 - Rear end"
"5406","FROBISHER LANE W @ RIVERSIDE DR","370119.67089","5029601.46495","-75.66561","45.40330","2017","12/9/2017","9:38:00 PM","03 - Snow","06 - Ice","01 - Traffic signal","02 - Intersection related","07 - Dark","03 - P.D. only","02 - Angle"
"5407","FROBISHER LANE W @ RIVERSIDE DR","370118.60498","5029602.61747","-75.66562","45.40331","2017","1/18/2017","8:50:00 AM","03 - Snow","04 - Slush","01 - Traffic signal","02 - Intersection related","01 - Daylight","03 - P.D. only","02 - Angle"
"5408","FROBISHER LANE W @ RIVERSIDE DR","370117.96439","5029599.69716","-75.66563","45.40329","2017","1/5/2017","5:41:00 PM","01 - Clear","06 - Ice","01 - Traffic signal","02 - Intersection related","07 - Dark","03 - P.D. only","03 - Rear end"
"5409","FROBISHER LANE W @ RIVERSIDE DR","370118.50129","5029600.25159","-75.66562","45.40329","2017","1/13/2017","5:19:00 PM","01 - Clear","02 - Wet","01 - Traffic signal","03 - At intersection","05 - Dusk","02 - Non-fatal injury","03 - Rear end"
"5410","FROBISHER LANE W @ RIVERSIDE DR","370120.38734","5029602.56379","-75.66560","45.40331","2017","3/24/2017","9:28:00 PM","04 - Freezing Rain","03 - Loose snow","01 - Traffic signal","02 - Intersection related","07 - Dark","03 - P.D. only","03 - Rear end"
"5411","FRONTIER RD btwn DEVINE RD & BURTON RD","389762.15692","5021652.12887","-75.41610","45.32967","2017","11/19/2017","2:56:00 AM","04 - Freezing Rain","06 - Ice","10 - No control","01 - Non intersection","07 - Dark","03 - P.D. only","07 - SMV other"
"5412","FURNESS WAY @ VERSILIA DR","367084.48490","5016332.67510","-75.70604","45.28419","2017","12/26/2017","3:25:00 PM","01 - Clear","05 - Packed snow","02 - Stop sign","03 - At intersection","01 - Daylight","03 - P.D. only","02 - Angle"
"5413","GABRIEL ST @ ST. JOSEPH BLVD","381545.20927","5037640.88384","-75.51842","45.47448","2017","12/20/2017","6:14:00 PM","01 - Clear","02 - Wet","02 - Stop sign","03 - At intersection","07 - Dark","03 - P.D. only","02 - Angle"
"5414","GALATINA WAY btwn ABBEYDALE CIRC & HUNTERBROOK ST N","348439.58534","5022881.40038","-75.94312","45.34452","2017","1/19/2017","10:00:00 PM","01 - Clear","05 - Packed snow","10 - No control","04 - At/near private drive","07 - Dark","03 - P.D. only","06 - SMV unattended vehicle"
"5415","GALETTA SIDE RD btwn CANON SMITH DR & NEWTOWN RD","329241.79692","5036320.07207","-76.18743","45.46638","2017","12/25/2017","5:39:00 PM","02 - Rain","02 - Wet","10 - No control","01 - Non intersection","07 - Dark","03 - P.D. only","07 - SMV other"
"5416","GALETTA SIDE RD btwn HOMESTEADERS RD & CARP RD","327339.21231","5034629.12323","-76.21184","45.45123","2017","2/23/2017","6:46:00 AM","01 - Clear","02 - Wet","10 - No control","01 - Non intersection","03 - Dawn","03 - P.D. only","07 - SMV other"
"5417","GALETTA SIDE RD btwn MACHARDY RD & DARWIN ST","323054.51413","5030860.62304","-76.26676","45.41744","2017","11/3/2017","10:00:00 PM","01 - Clear","01 - Dry","10 - No control","01 - Non intersection","07 - Dark","02 - Non-fatal injury","07 - SMV other"
"5418","GALETTA SIDE RD btwn MOHRS RD & MORNING DEW DR","324030.97519","5031830.84702","-76.25424","45.42615","2017","5/15/2017","9:11:00 PM","01 - Clear","01 - Dry","10 - No control","01 - Non intersection","07 - Dark","03 - P.D. only","07 - SMV other"
"5419","GALETTA SIDE RD btwn WOODKILTON RD & DUNROBIN RD","333172.50249","5039886.66811","-76.13696","45.49833","2017","4/16/2017","12:08:00 PM","02 - Rain","02 - Wet","10 - No control","01 - Non intersection","01 - Daylight","03 - P.D. only","07 - SMV other"
"5420","GARFIELD AVE @ MAITLAND AVE","363343.04461","5025562.28621","-75.75264","45.36756","2017","6/21/2017","12:22:00 PM","01 - Clear","01 - Dry","01 - Traffic signal","02 - Intersection related","01 - Daylight","03 - P.D. only","04 - Sideswipe"
"5421","GARFIELD AVE @ MAITLAND AVE","363343.02625","5025562.52770","-75.75264","45.36756","2017","5/29/2017","5:34:00 PM","01 - Clear","01 - Dry","01 - Traffic signal","02 - Intersection related","01 - Daylight","02 - Non-fatal injury","03 - Rear end"
"5422","GARFIELD AVE @ MAITLAND AVE","363342.35735","5025562.52770","-75.75265","45.36756","2017","7/12/2017","1:50:00 PM","01 - Clear","01 - Dry","01 - Traffic signal","02 - Intersection related","01 - Daylight","03 - P.D. only","03 - Rear end"
"5423","GARFIELD AVE @ MAITLAND AVE","363342.61761","5025562.93584","-75.75265","45.36756","2017","1/31/2017","9:30:00 AM","01 - Clear","01 - Dry","01 - Traffic signal","02 - Intersection related","01 - Daylight","03 - P.D. only","03 - Rear end"
"5424","GARFIELD AVE @ MAITLAND AVE","363343.63855","5025562.29101","-75.75263","45.36756","2017","1/18/2017","6:00:00 PM","01 - Clear","06 - Ice","01 - Traffic signal","02 - Intersection related","07 - Dark","03 - P.D. only","03 - Rear end"
"5425","GARLAND ST @ SOMERSET ST W/WELLINGTON ST","365654.17064","5029846.79577","-75.72261","45.40591","2017","2/13/2017","12:00:00 AM","03 - Snow","04 - Slush","01 - Traffic signal","02 - Intersection related","00 - Unknown","03 - P.D. only","06 - SMV unattended vehicle"
"5426","GARLOCK RD @ THIRD LINE RD","371033.33143","4997274.91773","-75.65824","45.11235","2017","8/2/2017","6:29:00 AM","01 - Clear","01 - Dry","10 - No control","02 - Intersection related","01 - Daylight","03 - P.D. only","07 - SMV other"
"5427","GARRITY CRES btwn BALINROAN CRES & LEAMINGTON WAY","365030.54000","5014275.64800","-75.73247","45.26586","2017","8/11/2017","4:32:00 PM","01 - Clear","01 - Dry","10 - No control","01 - Non intersection","01 - Daylight","03 - P.D. only","02 - Angle"
"5428","GEMINI WAY btwn CENTREPOINTE DR & TURN LANE","362168.36071","5023410.74988","-75.76789","45.34830","2017","4/6/2017","4:20:00 PM","02 - Rain","02 - Wet","10 - No control","01 - Non intersection","01 - Daylight","03 - P.D. only","04 - Sideswipe"
"5429","GENTLE GATE CRES btwn TAPIOLA CRES & TAPIOLA CRES","371680.89865","5025167.30438","-75.64626","45.36326","2017","2/13/2017","12:00:00 AM","03 - Snow","05 - Packed snow","10 - No control","01 - Non intersection","00 - Unknown","03 - P.D. only","06 - SMV unattended vehicle"
"5430","GEORGE ST    W btwn PRESTON ST & END","366576.89538","5029399.16850","-75.71088","45.40180","2017","6/1/2017","7:05:00 AM","01 - Clear","01 - Dry","10 - No control","01 - Non intersection","01 - Daylight","03 - P.D. only","99 - Other"
"5431","GEORGE ST @ 26 W OF BYWARD MARKET/FREIMAN MALL","367996.56576","5032195.75970","-75.69239","45.42684","2017","5/5/2017","9:00:00 PM","01 - Clear","01 - Dry","01 - Traffic signal","02 - Intersection related","07 - Dark","02 - Non-fatal injury","07 - SMV other"
"5432","GEORGE ST @ DALHOUSIE ST","368158.40866","5032316.17622","-75.69031","45.42791","2017","6/16/2017","12:53:00 PM","01 - Clear","01 - Dry","01 - Traffic signal","03 - At intersection","01 - Daylight","03 - P.D. only","05 - Turning movement"
"5433","GEORGE ST @ DALHOUSIE ST","368157.52168","5032315.28924","-75.69032","45.42790","2017","5/12/2017","5:41:00 PM","01 - Clear","01 - Dry","01 - Traffic signal","02 - Intersection related","01 - Daylight","03 - P.D. only","04 - Sideswipe"
"5434","GEORGE ST @ DALHOUSIE ST","368158.33863","5032314.94867","-75.69031","45.42790","2017","8/12/2017","6:35:00 AM","01 - Clear","02 - Wet","01 - Traffic signal","03 - At intersection","03 - Dawn","03 - P.D. only","02 - Angle"
"5435","GEORGE ST @ DALHOUSIE ST","368157.85280","5032314.65434","-75.69031","45.42790","2017","7/6/2017","4:30:00 PM","01 - Clear","01 - Dry","01 - Traffic signal","02 - Intersection related","01 - Daylight","03 - P.D. only","03 - Rear end"
"5436","GEORGE ST @ DALHOUSIE ST","368158.17550","5032315.35075","-75.69031","45.42790","2017","9/24/2017","2:48:00 AM","01 - Clear","01 - Dry","01 - Traffic signal","03 - At intersection","07 - Dark","02 - Non-fatal injury","07 - SMV other"
"5437","GEORGE ST @ DALHOUSIE ST","368157.69794","5032315.58972","-75.69032","45.42790","2017","10/30/2017","1:39:00 PM","01 - Clear","01 - Dry","01 - Traffic signal","03 - At intersection","01 - Daylight","03 - P.D. only","03 - Rear end"
"5438","GEORGE ST @ DALHOUSIE ST","368156.63469","5032315.73273","-75.69033","45.42791","2017","2/28/2017","8:57:00 PM","01 - Clear","01 - Dry","01 - Traffic signal","03 - At intersection","07 - Dark","02 - Non-fatal injury","07 - SMV other"
"5439","GEORGE ST @ DALHOUSIE ST","368157.69760","5032314.40627","-75.69032","45.42789","2017","12/23/2017","8:20:00 AM","01 - Clear","02 - Wet","01 - Traffic signal","03 - At intersection","01 - Daylight","03 - P.D. only","02 - Angle"
"5440","GEORGE ST @ PRESTON ST","366619.59525","5029416.33634","-75.71033","45.40196","2017","8/2/2017","7:00:00 PM","01 - Clear","01 - Dry","01 - Traffic signal","02 - Intersection related","01 - Daylight","03 - P.D. only","06 - SMV unattended vehicle"
"5441","GEORGE ST @ PRESTON ST","366620.20234","5029415.43410","-75.71033","45.40195","2017","2/14/2017","9:27:00 PM","03 - Snow","05 - Packed snow","01 - Traffic signal","02 - Intersection related","07 - Dark","03 - P.D. only","06 - SMV unattended vehicle"
"5442","GEORGE ST @ PRESTON ST","366617.99134","5029416.32311","-75.71035","45.40196","2017","12/18/2017","10:35:00 AM","01 - Clear","04 - Slush","01 - Traffic signal","02 - Intersection related","01 - Daylight","03 - P.D. only","06 - SMV unattended vehicle"
"5443","GEORGE ST @ SUSSEX DR","367870.28685","5032130.96064","-75.69401","45.42627","2017","7/19/2017","5:46:00 PM","01 - Clear","01 - Dry","01 - Traffic signal","02 - Intersection related","01 - Daylight","03 - P.D. only","04 - Sideswipe"
"5444","GEORGE ST @ SUSSEX DR","367869.21590","5032129.49816","-75.69403","45.42626","2017","8/29/2017","8:49:00 AM","01 - Clear","01 - Dry","01 - Traffic signal","03 - At intersection","01 - Daylight","03 - P.D. only","04 - Sideswipe"
"5445","GEORGE ST @ SUSSEX DR","367868.67316","5032130.96427","-75.69403","45.42627","2017","10/27/2017","3:51:00 PM","01 - Clear","01 - Dry","01 - Traffic signal","02 - Intersection related","01 - Daylight","03 - P.D. only","03 - Rear end"
"5446","GEORGE ST @ SUSSEX DR","367869.55035","5032131.36180","-75.69402","45.42627","2017","11/27/2017","12:06:00 PM","01 - Clear","06 - Ice","01 - Traffic signal","03 - At intersection","01 - Daylight","02 - Non-fatal injury","07 - SMV other"
"5447","GEORGE ST @ SUSSEX DR","367868.46543","5032128.81673","-75.69404","45.42625","2017","4/2/2017","2:52:00 PM","01 - Clear","01 - Dry","01 - Traffic signal","02 - Intersection related","01 - Daylight","03 - P.D. only","03 - Rear end"
"5448","GEORGE ST @ WILLIAM ST","368048.97544","5032232.85110","-75.69172","45.42717","2017","6/26/2017","4:58:00 PM","01 - Clear","01 - Dry","01 - Traffic signal","03 - At intersection","01 - Daylight","03 - P.D. only","02 - Angle"
"5449","GEORGE ST @ WILLIAM ST","368046.96876","5032233.52000","-75.69174","45.42718","2017","4/28/2017","12:41:00 PM","01 - Clear","01 - Dry","01 - Traffic signal","02 - Intersection related","01 - Daylight","02 - Non-fatal injury","04 - Sideswipe"
"5450","GEORGE ST @ WILLIAM ST","368048.44547","5032233.28331","-75.69172","45.42717","2017","10/23/2017","12:20:00 PM","01 - Clear","01 - Dry","01 - Traffic signal","02 - Intersection related","01 - Daylight","03 - P.D. only","04 - Sideswipe"
"5451","GEORGE ST btwn 26 W OF BYWARD MARKET/FREIMAN MALL & BY WARD MARKET SQ","368012.54724","5032206.67815","-75.69218","45.42694","2017","7/26/2017","4:11:00 PM","01 - Clear","01 - Dry","10 - No control","01 - Non intersection","01 - Daylight","03 - P.D. only","99 - Other"
"5452","GEORGE ST btwn 26 W OF BYWARD MARKET/FREIMAN MALL & BY WARD MARKET SQ","368010.42144","5032204.46254","-75.69221","45.42692","2017","3/8/2017","11:44:00 AM","01 - Clear","01 - Dry","10 - No control","04 - At/near private drive","01 - Daylight","03 - P.D. only","02 - Angle"
"5453","GEORGE ST btwn DALHOUSIE ST & CUMBERLAND ST","368213.06564","5032349.55082","-75.68960","45.42820","2017","5/28/2017","3:50:00 AM","01 - Clear","01 - Dry","10 - No control","04 - At/near private drive","07 - Dark","03 - P.D. only","02 - Angle"
"5454","GEORGE ST btwn DALHOUSIE ST & CUMBERLAND ST","368188.80128","5032336.32549","-75.68992","45.42809","2017","5/10/2017","12:00:00 AM","01 - Clear","01 - Dry","10 - No control","01 - Non intersection","07 - Dark","03 - P.D. only","06 - SMV unattended vehicle"
"5455","GEORGE ST btwn DALHOUSIE ST & CUMBERLAND ST","368280.78526","5032389.11041","-75.68873","45.42855","2017","10/13/2017","10:00:00 AM","01 - Clear","01 - Dry","10 - No control","01 - Non intersection","01 - Daylight","02 - Non-fatal injury","04 - Sideswipe"
"5456","GEORGE ST btwn DALHOUSIE ST & CUMBERLAND ST","368181.44342","5032326.72425","-75.69001","45.42800","2017","9/30/2017","2:25:00 AM","01 - Clear","01 - Dry","10 - No control","04 - At/near private drive","07 - Dark","03 - P.D. only","02 - Angle"
"5457","GEORGE ST btwn DALHOUSIE ST & CUMBERLAND ST","368283.47418","5032391.53398","-75.68870","45.42858","2017","11/14/2017","9:53:00 AM","01 - Clear","01 - Dry","10 - No control","04 - At/near private drive","01 - Daylight","03 - P.D. only","05 - Turning movement"
"5458","GEORGE ST btwn DALHOUSIE ST & CUMBERLAND ST","368168.02663","5032320.41810","-75.69018","45.42795","2017","1/29/2017","4:44:00 AM","01 - Clear","02 - Wet","10 - No control","01 - Non intersection","07 - Dark","03 - P.D. only","06 - SMV unattended vehicle"
"5459","GEORGE ST btwn DALHOUSIE ST & CUMBERLAND ST","368278.87367","5032388.15461","-75.68876","45.42855","2017","12/18/2017","12:00:00 PM","03 - Snow","04 - Slush","10 - No control","01 - Non intersection","01 - Daylight","03 - P.D. only","04 - Sideswipe"
"5460","GEORGE ST btwn SUSSEX DR & 26 W OF BYWARD MARKET/FREIMAN MALL","367915.60643","5032160.27870","-75.69343","45.42653","2017","12/19/2017","10:30:00 AM","03 - Snow","03 - Loose snow","10 - No control","01 - Non intersection","01 - Daylight","03 - P.D. only","06 - SMV unattended vehicle"
"5461","GEORGETON PRIV btwn JARDIN PRIV & LONDON TER","371266.59978","5035050.10490","-75.65022","45.45222","2017","2/20/2017","4:30:00 PM","01 - Clear","05 - Packed snow","10 - No control","01 - Non intersection","01 - Daylight","03 - P.D. only","06 - SMV unattended vehicle"
"5462","GEORGINA DR @ PARKHAVEN AVE","361450.34975","5025203.84430","-75.77684","45.36449","2017","3/20/2017","8:00:00 AM","01 - Clear","01 - Dry","02 - Stop sign","02 - Intersection related","01 - Daylight","02 - Non-fatal injury","03 - Rear end"
"5463","GERRY LALONDE DR @ PETRICHOR CRES","383724.45580","5035120.75210","-75.49096","45.45156","2017","3/29/2017","7:30:00 AM","01 - Clear","01 - Dry","02 - Stop sign","02 - Intersection related","01 - Daylight","03 - P.D. only","03 - Rear end"
"5464","GERRY LALONDE DR btwn BLUESTONE PRIV & BLUESTONE PRIV","384168.23190","5035381.86800","-75.48524","45.45386","2017","4/30/2017","2:00:00 PM","02 - Rain","02 - Wet","10 - No control","01 - Non intersection","01 - Daylight","03 - P.D. only","06 - SMV unattended vehicle"
"5465","GIBBARD AVE @ GREENBANK RD","361428.93343","5020618.35637","-75.77764","45.32323","2017","2/9/2017","2:28:00 PM","01 - Clear","02 - Wet","02 - Stop sign","03 - At intersection","01 - Daylight","03 - P.D. only","05 - Turning movement"
"5466","GIBBARD AVE btwn GREENBANK RD & ATKINSON GT","361448.07855","5020632.53371","-75.77739","45.32336","2017","4/4/2017","8:04:00 PM","02 - Rain","02 - Wet","10 - No control","04 - At/near private drive","07 - Dark","02 - Non-fatal injury","07 - SMV other"
"5467","GIBFORD DR @ HUNT CLUB RD","369959.86005","5023005.26090","-75.66852","45.34397","2017","8/10/2017","11:27:00 AM","01 - Clear","01 - Dry","02 - Stop sign","02 - Intersection related","01 - Daylight","03 - P.D. only","02 - Angle"
"5468","GIBFORD DR btwn GIBFORD DR & DEAN MARTIN CRES","370014.84832","5022909.79306","-75.66783","45.34310","2017","1/17/2017","11:00:00 PM","04 - Freezing Rain","06 - Ice","10 - No control","01 - Non intersection","07 - Dark","03 - P.D. only","01 - Approaching"
"5469","GILBEY DR @ MERIVALE RD","364680.02696","5024720.19530","-75.73568","45.35987","2017","5/26/2017","8:47:00 PM","01 - Clear","02 - Wet","02 - Stop sign","03 - At intersection","05 - Dusk","02 - Non-fatal injury","05 - Turning movement"
"5470","GILBEY DR @ MERIVALE RD","364682.17710","5024719.76535","-75.73565","45.35986","2017","9/5/2017","6:15:00 PM","01 - Clear","01 - Dry","02 - Stop sign","02 - Intersection related","01 - Daylight","03 - P.D. only","02 - Angle"
"5471","GILCHRIST ST @ SPENCER ST","364350.69944","5029160.55510","-75.73934","45.39985","2017","6/13/2017","8:58:00 PM","01 - Clear","01 - Dry","02 - Stop sign","03 - At intersection","05 - Dusk","03 - P.D. only","02 - Angle"
"5472","GILCHRIST ST @ WELLINGTON ST","364424.03445","5028993.22780","-75.73843","45.39834","2017","11/15/2017","12:16:00 PM","01 - Clear","01 - Dry","02 - Stop sign","02 - Intersection related","01 - Daylight","03 - P.D. only","03 - Rear end"
"5473","GILLESPIE CRES btwn HACKETT ST & VANHURST PL","368442.45370","5023232.43199","-75.68785","45.34615","2017","1/9/2017","7:19:00 AM","01 - Clear","01 - Dry","10 - No control","04 - At/near private drive","03 - Dawn","03 - P.D. only","06 - SMV unattended vehicle"
"5474","GILLIGAN RD @ LEITRIM RD","372980.20000","5020083.56600","-75.63038","45.31739","2017","9/11/2017","4:07:00 PM","01 - Clear","01 - Dry","01 - Traffic signal","02 - Intersection related","01 - Daylight","03 - P.D. only","03 - Rear end"
"5475","GILMOUR ST @ HARTINGTON PL","368482.60054","5031190.99542","-75.68631","45.41776","2017","5/6/2017","5:28:00 PM","01 - Clear","01 - Dry","10 - No control","02 - Intersection related","01 - Daylight","03 - P.D. only","06 - SMV unattended vehicle"
"5476","GILMOUR ST @ O'CONNOR ST","367944.99345","5030869.21103","-75.69322","45.41491","2017","8/21/2017","12:00:00 AM","01 - Clear","01 - Dry","01 - Traffic signal","02 - Intersection related","00 - Unknown","03 - P.D. only","06 - SMV unattended vehicle"
"5477","GILMOUR ST @ O'CONNOR ST","367943.23803","5030868.33331","-75.69324","45.41490","2017","10/20/2017","10:01:00 PM","01 - Clear","01 - Dry","01 - Traffic signal","02 - Intersection related","07 - Dark","03 - P.D. only","04 - Sideswipe"
"5478","GILMOUR ST @ O'CONNOR ST","367944.04585","5030868.57000","-75.69323","45.41490","2017","3/1/2017","11:30:00 AM","02 - Rain","02 - Wet","01 - Traffic signal","03 - At intersection","01 - Daylight","02 - Non-fatal injury","07 - SMV other"
"5479","GILMOUR ST @ PERCY ST","367201.17250","5030423.28375","-75.70278","45.41096","2017","9/26/2017","12:00:00 AM","01 - Clear","01 - Dry","02 - Stop sign","02 - Intersection related","00 - Unknown","03 - P.D. only","06 - SMV unattended vehicle"
"5480","GILMOUR ST btwn BAY ST & LYON ST N","367369.79711","5030522.55253","-75.70061","45.41184","2017","5/1/2017","12:38:00 PM","02 - Rain","02 - Wet","10 - No control","01 - Non intersection","01 - Daylight","02 - Non-fatal injury","04 - Sideswipe"
"5481","GILMOUR ST btwn CARTIER ST & HARTINGTON PL","368432.63212","5031158.65881","-75.68695","45.41747","2017","10/28/2017","12:00:00 AM","02 - Rain","02 - Wet","10 - No control","01 - Non intersection","00 - Unknown","03 - P.D. only","06 - SMV unattended vehicle"
"5482","GILMOUR ST btwn DERBY PL & O'CONNOR ST","367938.78821","5030865.47111","-75.69330","45.41488","2017","8/30/2017","11:12:00 AM","01 - Clear","01 - Dry","10 - No control","01 - Non intersection","01 - Daylight","03 - P.D. only","06 - SMV unattended vehicle"
"5483","GILMOUR ST btwn METCALFE ST & ELGIN ST","368242.76917","5031049.60759","-75.68939","45.41651","2017","2/3/2017","7:00:00 PM","01 - Clear","01 - Dry","10 - No control","01 - Non intersection","07 - Dark","03 - P.D. only","06 - SMV unattended vehicle"
"5484","GILMOUR ST btwn O'CONNOR ST & METCALFE ST","367991.53749","5030896.66365","-75.69262","45.41515","2017","11/1/2017","12:00:00 AM","01 - Clear","01 - Dry","10 - No control","01 - Non intersection","00 - Unknown","03 - P.D. only","06 - SMV unattended vehicle"
"5485","GILMOUR ST btwn SALISBURY PL & DRIVEWAY (THE)","368646.13827","5031292.37498","-75.68421","45.41865","2017","12/13/2017","12:00:00 AM","01 - Clear","03 - Loose snow","10 - No control","01 - Non intersection","00 - Unknown","03 - P.D. only","06 - SMV unattended vehicle"
"5486","GLADECREST CRT @ VALLEY STREAM DR","359904.97194","5021792.00576","-75.79695","45.33391","2017","8/14/2017","12:00:00 AM","01 - Clear","01 - Dry","03 - Yield sign","02 - Intersection related","00 - Unknown","03 - P.D. only","06 - SMV unattended vehicle"
"5487","GLADEVIEW PRIV btwn MAPLE PARK PRIV & END (2)","373541.92775","5025188.56655","-75.62251","45.36327","2017","5/2/2017","6:03:00 PM","02 - Rain","02 - Wet","10 - No control","01 - Non intersection","01 - Daylight","03 - P.D. only","01 - Approaching"
"5488","GLADSTONE AVE @ CAMBRIDGE ST","367064.23123","5030037.75313","-75.70458","45.40751","2017","11/3/2017","12:50:00 PM","01 - Clear","01 - Dry","02 - Stop sign","02 - Intersection related","01 - Daylight","03 - P.D. only","03 - Rear end"
"5489","GLADSTONE AVE @ CAMBRIDGE ST","367063.75785","5030036.80639","-75.70458","45.40750","2017","11/2/2017","4:08:00 PM","02 - Rain","02 - Wet","02 - Stop sign","03 - At intersection","01 - Daylight","03 - P.D. only","03 - Rear end"
"5490","GLADSTONE AVE @ CAMBRIDGE ST","367066.05747","5030035.44230","-75.70455","45.40749","2017","12/15/2017","2:06:00 PM","01 - Clear","01 - Dry","02 - Stop sign","02 - Intersection related","01 - Daylight","02 - Non-fatal injury","04 - Sideswipe"
"5491","GLADSTONE AVE @ KENT ST","367746.37644","5030457.56381","-75.69581","45.41122","2017","4/25/2017","1:36:00 PM","01 - Clear","01 - Dry","01 - Traffic signal","02 - Intersection related","01 - Daylight","03 - P.D. only","03 - Rear end"
"5492","GLADSTONE AVE @ KENT ST","367745.03865","5030458.23271","-75.69583","45.41123","2017","7/4/2017","10:35:00 AM","01 - Clear","01 - Dry","01 - Traffic signal","03 - At intersection","01 - Daylight","03 - P.D. only","02 - Angle"
"5493","GLADSTONE AVE @ KENT ST","367743.70086","5030460.23940","-75.69584","45.41125","2017","7/6/2017","8:04:00 PM","01 - Clear","01 - Dry","01 - Traffic signal","02 - Intersection related","01 - Daylight","03 - P.D. only","03 - Rear end"
"5494","GLADSTONE AVE @ KENT ST","367744.15775","5030459.02405","-75.69584","45.41124","2017","9/30/2017","9:13:00 PM","01 - Clear","01 - Dry","01 - Traffic signal","03 - At intersection","07 - Dark","03 - P.D. only","05 - Turning movement"
"5495","GLADSTONE AVE @ KENT ST","367744.70420","5030459.33155","-75.69583","45.41124","2017","9/9/2017","9:42:00 AM","01 - Clear","01 - Dry","01 - Traffic signal","03 - At intersection","01 - Daylight","03 - P.D. only","02 - Angle"
"5496","GLADSTONE AVE @ KENT ST","367746.37644","5030458.90160","-75.69581","45.41124","2017","11/10/2017","8:27:00 AM","01 - Clear","01 - Dry","01 - Traffic signal","03 - At intersection","01 - Daylight","03 - P.D. only","02 - Angle"