"Record","Location","X","Y","Longitude","Latitude","Year","Date","Time","Environment","Road_Surface","Traffic_Control","Collision_Location","Light","Collision_Classification","Impact_type"
"5497","GLADSTONE AVE @ KENT ST","367746.37644","5030459.57050","-75.69581","45.41124","2017","2/9/2017","12:11:00 PM","01 - Clear","02 - Wet","01 - Traffic signal","03 - At intersection","01 - Daylight","03 - P.D. only","02 - Angle"
"5498","GLADSTONE AVE @ KENT ST","367744.70420","5030459.29913","-75.69583","45.41124","2017","1/23/2017","7:34:00 PM","01 - Clear","01 - Dry","01 - Traffic signal","03 - At intersection","07 - Dark","03 - P.D. only","05 - Turning movement"
"5499","GLADSTONE AVE @ KENT ST","367744.36975","5030458.23271","-75.69583","45.41123","2017","2/20/2017","4:40:00 PM","01 - Clear","01 - Dry","01 - Traffic signal","03 - At intersection","01 - Daylight","03 - P.D. only","02 - Angle"
"5500","GLADSTONE AVE @ KENT ST","367745.15516","5030458.44310","-75.69582","45.41123","2017","12/24/2017","1:24:00 AM","01 - Clear","02 - Wet","01 - Traffic signal","03 - At intersection","07 - Dark","03 - P.D. only","02 - Angle"
"5501","GLADSTONE AVE @ LEBRETON ST","366855.36595","5029922.56870","-75.70726","45.40649","2017","5/20/2017","2:38:00 PM","01 - Clear","01 - Dry","02 - Stop sign","03 - At intersection","01 - Daylight","03 - P.D. only","02 - Angle"
"5502","GLADSTONE AVE @ LEBRETON ST","366856.70374","5029922.56870","-75.70724","45.40649","2017","4/7/2017","8:50:00 AM","02 - Rain","02 - Wet","02 - Stop sign","02 - Intersection related","01 - Daylight","03 - P.D. only","02 - Angle"
"5503","GLADSTONE AVE @ LEBRETON ST","366856.70374","5029922.56870","-75.70724","45.40649","2017","3/17/2017","5:40:00 PM","01 - Clear","01 - Dry","02 - Stop sign","03 - At intersection","01 - Daylight","03 - P.D. only","02 - Angle"
"5504","GLADSTONE AVE @ LEBRETON ST","366856.17830","5029923.28555","-75.70725","45.40650","2017","12/31/2017","9:27:00 AM","01 - Clear","01 - Dry","02 - Stop sign","03 - At intersection","01 - Daylight","03 - P.D. only","02 - Angle"
"5505","GLADSTONE AVE @ LYON ST","367585.38574","5030362.24000","-75.69788","45.41038","2017","5/9/2017","6:47:00 PM","01 - Clear","01 - Dry","01 - Traffic signal","03 - At intersection","01 - Daylight","02 - Non-fatal injury","02 - Angle"
"5506","GLADSTONE AVE @ METCALFE ST","368230.07374","5030750.24962","-75.68959","45.41381","2017","8/9/2017","3:04:00 PM","01 - Clear","01 - Dry","01 - Traffic signal","03 - At intersection","01 - Daylight","03 - P.D. only","05 - Turning movement"
"5507","GLADSTONE AVE @ METCALFE ST","368230.71170","5030750.78435","-75.68958","45.41382","2017","8/3/2017","11:50:00 PM","01 - Clear","01 - Dry","01 - Traffic signal","03 - At intersection","07 - Dark","02 - Non-fatal injury","02 - Angle"
"5508","GLADSTONE AVE @ METCALFE ST","368229.75591","5030750.32965","-75.68960","45.41381","2017","9/18/2017","8:56:00 AM","01 - Clear","01 - Dry","01 - Traffic signal","02 - Intersection related","01 - Daylight","03 - P.D. only","03 - Rear end"
"5509","GLADSTONE AVE @ METCALFE ST","368231.18507","5030750.33191","-75.68958","45.41381","2017","12/9/2017","8:30:00 PM","03 - Snow","04 - Slush","01 - Traffic signal","02 - Intersection related","07 - Dark","03 - P.D. only","07 - SMV other"
"5510","GLADSTONE AVE @ METCALFE ST","368231.18960","5030751.04650","-75.68958","45.41382","2017","11/3/2017","9:55:00 PM","01 - Clear","01 - Dry","01 - Traffic signal","03 - At intersection","07 - Dark","03 - P.D. only","04 - Sideswipe"
"5511","GLADSTONE AVE @ METCALFE ST","368229.70836","5030750.56860","-75.68960","45.41382","2017","2/24/2017","4:12:00 PM","01 - Clear","02 - Wet","01 - Traffic signal","03 - At intersection","01 - Daylight","03 - P.D. only","02 - Angle"
"5512","GLADSTONE AVE @ O'CONNOR ST","368074.71120","5030658.25072","-75.69159","45.41300","2017","8/2/2017","9:03:00 PM","01 - Clear","01 - Dry","01 - Traffic signal","03 - At intersection","07 - Dark","03 - P.D. only","05 - Turning movement"
"5513","GLADSTONE AVE @ O'CONNOR ST","368074.07017","5030659.21073","-75.69160","45.41301","2017","7/7/2017","2:35:00 PM","01 - Clear","01 - Dry","01 - Traffic signal","03 - At intersection","01 - Daylight","03 - P.D. only","05 - Turning movement"
"5514","GLADSTONE AVE @ O'CONNOR ST","368075.66699","5030658.80865","-75.69158","45.41300","2017","9/10/2017","7:47:00 PM","01 - Clear","01 - Dry","01 - Traffic signal","03 - At intersection","07 - Dark","02 - Non-fatal injury","05 - Turning movement"
"5515","GLADSTONE AVE @ O'CONNOR ST","368075.65795","5030658.80639","-75.69158","45.41300","2017","12/12/2017","11:30:00 AM","03 - Snow","03 - Loose snow","01 - Traffic signal","02 - Intersection related","01 - Daylight","03 - P.D. only","03 - Rear end"
"5516","GLADSTONE AVE @ O'CONNOR ST","368076.96261","5030658.19447","-75.69156","45.41300","2017","2/14/2017","9:11:00 AM","02 - Rain","04 - Slush","01 - Traffic signal","02 - Intersection related","01 - Daylight","03 - P.D. only","05 - Turning movement"
"5517","GLADSTONE AVE @ O'CONNOR ST","368073.70786","5030657.90080","-75.69160","45.41300","2017","2/18/2017","5:39:00 PM","01 - Clear","03 - Loose snow","01 - Traffic signal","02 - Intersection related","07 - Dark","03 - P.D. only","03 - Rear end"
"5518","GLADSTONE AVE @ PERCY ST","367328.70850","5030207.27616","-75.70118","45.40901","2017","10/28/2017","2:41:00 PM","01 - Clear","01 - Dry","01 - Traffic signal","02 - Intersection related","01 - Daylight","03 - P.D. only","05 - Turning movement"
"5519","GLADSTONE AVE @ PERCY ST","367328.70850","5030205.70773","-75.70118","45.40899","2017","1/4/2017","6:54:00 PM","03 - Snow","06 - Ice","01 - Traffic signal","02 - Intersection related","07 - Dark","02 - Non-fatal injury","03 - Rear end"
"5520","GLADSTONE AVE @ PERCY ST","367327.62302","5030206.29473","-75.70119","45.40900","2017","1/20/2017","12:51:00 PM","02 - Rain","02 - Wet","01 - Traffic signal","02 - Intersection related","01 - Daylight","02 - Non-fatal injury","05 - Turning movement"
"5521","GLADSTONE AVE @ PRESTON ST","366489.70600","5029712.32171","-75.71196","45.40463","2017","10/23/2017","2:18:00 PM","01 - Clear","01 - Dry","01 - Traffic signal","02 - Intersection related","01 - Daylight","03 - P.D. only","02 - Angle"
"5522","GLADSTONE AVE @ PRESTON ST","366489.94269","5029712.79509","-75.71195","45.40463","2017","12/27/2017","9:15:00 AM","03 - Snow","06 - Ice","01 - Traffic signal","03 - At intersection","01 - Daylight","03 - P.D. only","05 - Turning movement"
"5523","GLADSTONE AVE @ ROCHESTER ST","366661.69466","5029788.90339","-75.70975","45.40530","2017","5/23/2017","10:16:00 AM","01 - Clear","01 - Dry","01 - Traffic signal","03 - At intersection","01 - Daylight","02 - Non-fatal injury","05 - Turning movement"
"5524","GLADSTONE AVE @ ROCHESTER ST","366662.69800","5029786.28355","-75.70974","45.40528","2017","7/29/2017","2:46:00 PM","01 - Clear","01 - Dry","01 - Traffic signal","03 - At intersection","01 - Daylight","02 - Non-fatal injury","99 - Other"
"5525","GLADSTONE AVE @ ROCHESTER ST","366661.60510","5029787.01915","-75.70975","45.40529","2017","1/19/2017","6:58:00 AM","01 - Clear","02 - Wet","01 - Traffic signal","03 - At intersection","07 - Dark","02 - Non-fatal injury","02 - Angle"
"5526","GLADSTONE AVE @ ROCHESTER ST","366661.94753","5029789.44177","-75.70975","45.40531","2017","2/9/2017","12:15:00 PM","01 - Clear","01 - Dry","01 - Traffic signal","03 - At intersection","01 - Daylight","03 - P.D. only","02 - Angle"
"5527","GLADSTONE AVE @ ROCHESTER ST","366662.36355","5029788.90339","-75.70974","45.40530","2017","3/14/2017","3:04:00 PM","03 - Snow","03 - Loose snow","01 - Traffic signal","02 - Intersection related","01 - Daylight","03 - P.D. only","03 - Rear end"
"5528","GLADSTONE AVE @ SPADINA AVE","365902.17317","5029436.79849","-75.71949","45.40220","2017","12/12/2017","4:34:00 PM","03 - Snow","03 - Loose snow","02 - Stop sign","03 - At intersection","05 - Dusk","03 - P.D. only","02 - Angle"
"5529","GLADSTONE AVE btwn ARTHUR ST & CAMBRIDGE ST N","367034.73885","5030018.94479","-75.70496","45.40734","2017","8/4/2017","4:15:00 PM","01 - Clear","01 - Dry","10 - No control","04 - At/near private drive","01 - Daylight","02 - Non-fatal injury","05 - Turning movement"
"5530","GLADSTONE AVE btwn BANK ST & O'CONNOR ST","367939.11077","5030576.77815","-75.69333","45.41228","2017","9/28/2017","9:44:00 AM","01 - Clear","01 - Dry","10 - No control","01 - Non intersection","01 - Daylight","03 - P.D. only","06 - SMV unattended vehicle"
"5531","GLADSTONE AVE btwn BAY ST & LYON ST N","367488.61195","5030304.46238","-75.69912","45.40987","2017","9/15/2017","1:02:00 PM","01 - Clear","01 - Dry","10 - No control","01 - Non intersection","01 - Daylight","02 - Non-fatal injury","03 - Rear end"
"5532","GLADSTONE AVE btwn CAMBRIDGE ST N & BRONSON AVE","367099.92244","5030056.14594","-75.70412","45.40767","2017","6/8/2017","4:18:00 PM","01 - Clear","01 - Dry","10 - No control","01 - Non intersection","01 - Daylight","03 - P.D. only","04 - Sideswipe"
"5533","GLADSTONE AVE btwn KENT ST & BANK ST","367829.32513","5030512.09560","-75.69474","45.41171","2017","1/26/2017","6:24:00 PM","01 - Clear","02 - Wet","10 - No control","01 - Non intersection","07 - Dark","03 - P.D. only","99 - Other"
"5534","GLADSTONE AVE btwn LEBRETON ST N & BELL ST N","366940.86985","5029966.56801","-75.70616","45.40688","2017","5/21/2017","10:12:00 AM","01 - Clear","01 - Dry","10 - No control","01 - Non intersection","01 - Daylight","03 - P.D. only","06 - SMV unattended vehicle"
"5535","GLADSTONE AVE btwn METCALFE ST & ELGIN ST","368342.24108","5030818.48074","-75.68815","45.41442","2017","11/29/2017","10:35:00 AM","01 - Clear","01 - Dry","10 - No control","01 - Non intersection","01 - Daylight","03 - P.D. only","06 - SMV unattended vehicle"
"5536","GLADSTONE AVE btwn PERCY ST & BAY ST","367356.03091","5030222.95954","-75.70083","45.40915","2017","10/12/2017","7:43:00 PM","01 - Clear","01 - Dry","10 - No control","01 - Non intersection","07 - Dark","03 - P.D. only","01 - Approaching"
"5537","GLADSTONE AVE btwn PERCY ST & BAY ST","367380.54796","5030240.67981","-75.70051","45.40930","2017","12/5/2017","6:28:00 PM","02 - Rain","02 - Wet","10 - No control","01 - Non intersection","07 - Dark","03 - P.D. only","04 - Sideswipe"
"5538","GLAMORGAN DR btwn UXBRIDGE CRES & HEATHCLIFFE CRT","353502.66481","5016345.30400","-75.87916","45.28538","2017","6/6/2017","4:33:00 PM","02 - Rain","02 - Wet","10 - No control","04 - At/near private drive","01 - Daylight","03 - P.D. only","99 - Other"
"5539","GLANDRIEL CRES btwn TIMBERTRAIL TER & CLENDENAN CRES","386976.94934","5037893.24712","-75.44892","45.47613","2017","7/14/2017","12:00:00 AM","02 - Rain","02 - Wet","10 - No control","01 - Non intersection","07 - Dark","03 - P.D. only","06 - SMV unattended vehicle"
"5540","GLANDRIEL CRES btwn TIMBERTRAIL TER & CLENDENAN CRES","386987.59243","5037888.23920","-75.44878","45.47608","2017","2/17/2017","8:15:00 AM","01 - Clear","01 - Dry","10 - No control","01 - Non intersection","01 - Daylight","03 - P.D. only","01 - Approaching"
"5541","GLASGOW ST btwn GLASGOW CRES & ST. LAURENT BLVD","371037.40823","5034936.67106","-75.65317","45.45122","2017","3/30/2017","9:00:00 PM","01 - Clear","01 - Dry","10 - No control","04 - At/near private drive","07 - Dark","03 - P.D. only","06 - SMV unattended vehicle"
"5542","GLEBE AVE btwn BRONSON AVE & PERCY ST","367678.56766","5029447.21750","-75.69680","45.40214","2017","2/16/2017","10:50:00 AM","03 - Snow","05 - Packed snow","10 - No control","04 - At/near private drive","01 - Daylight","03 - P.D. only","99 - Other"
"5543","GLEBE AVE btwn LYON ST S & BANK ST","368200.48511","5029764.96697","-75.69010","45.40495","2017","1/21/2017","1:18:00 PM","01 - Clear","02 - Wet","10 - No control","01 - Non intersection","01 - Daylight","03 - P.D. only","06 - SMV unattended vehicle"
"5544","GLEESON WAY btwn FINCHLEY DR & BEATRICE DR","365256.30446","5015784.42845","-75.72941","45.27942","2017","10/19/2017","12:00:00 AM","01 - Clear","01 - Dry","10 - No control","01 - Non intersection","00 - Unknown","03 - P.D. only","06 - SMV unattended vehicle"
"5545","GLENBRAE AVE btwn MARCONI AVE & CELTIC RIDGE CRES","349546.25962","5024788.11319","-75.92883","45.36161","2017","2/26/2017","10:49:00 PM","01 - Clear","01 - Dry","10 - No control","04 - At/near private drive","07 - Dark","03 - P.D. only","06 - SMV unattended vehicle"
"5546","GLENDORE ST btwn HAILEYBURY ST & NEW LISKEARD CRES","365835.26409","5014553.55046","-75.72218","45.26829","2017","8/1/2017","6:00:00 AM","01 - Clear","01 - Dry","10 - No control","04 - At/near private drive","03 - Dawn","03 - P.D. only","06 - SMV unattended vehicle"
"5547","GLENMANOR DR W @ VIEWMOUNT DR W","364748.22693","5022702.73829","-75.73505","45.34171","2017","12/18/2017","1:15:00 PM","03 - Snow","03 - Loose snow","02 - Stop sign","02 - Intersection related","01 - Daylight","02 - Non-fatal injury","02 - Angle"
"5548","GLENMORISTON AVE btwn GOWRIE DR & SEABROOKE DR","352393.33364","5017282.86139","-75.89321","45.29389","2017","9/13/2017","4:00:00 PM","01 - Clear","01 - Dry","10 - No control","01 - Non intersection","01 - Daylight","03 - P.D. only","06 - SMV unattended vehicle"
"5549","GLENORA AVE @ HAZEL ST","369090.13539","5030145.41847","-75.67868","45.40829","2017","1/11/2017","6:42:00 PM","01 - Clear","05 - Packed snow","02 - Stop sign","02 - Intersection related","07 - Dark","03 - P.D. only","06 - SMV unattended vehicle"
"5550","GLENRIDGE RD btwn WOLMSLEY CRES & VIEWMOUNT DR","364923.59891","5022818.93937","-75.73280","45.34274","2017","1/26/2017","5:00:00 PM","01 - Clear","05 - Packed snow","10 - No control","01 - Non intersection","05 - Dusk","03 - P.D. only","06 - SMV unattended vehicle"
"5551","GLENVIEW AVE @ RIVERDALE AVE","369325.37693","5029411.33732","-75.67578","45.40167","2017","8/23/2017","7:07:00 PM","01 - Clear","01 - Dry","02 - Stop sign","02 - Intersection related","01 - Daylight","03 - P.D. only","03 - Rear end"
"5552","GLENWOOD DR btwn CORLYON ST & NOVA LUX WAY","386069.62103","5011120.15083","-75.46492","45.23535","2017","11/19/2017","10:17:00 AM","01 - Clear","06 - Ice","10 - No control","01 - Non intersection","01 - Daylight","02 - Non-fatal injury","07 - SMV other"
"5553","GLOUCESTER ST @ LYON ST","367195.03255","5031001.57280","-75.70278","45.41617","2017","3/14/2017","11:59:00 AM","03 - Snow","04 - Slush","01 - Traffic signal","03 - At intersection","01 - Daylight","03 - P.D. only","04 - Sideswipe"
"5554","GLOUCESTER ST @ LYON ST","367193.69476","5031000.23501","-75.70280","45.41616","2017","2/24/2017","10:29:00 PM","01 - Clear","02 - Wet","01 - Traffic signal","03 - At intersection","07 - Dark","03 - P.D. only","04 - Sideswipe"
"5555","GLOUCESTER ST @ METCALFE ST","367833.93124","5031386.59831","-75.69457","45.41957","2017","5/15/2017","6:00:00 PM","01 - Clear","01 - Dry","01 - Traffic signal","02 - Intersection related","01 - Daylight","03 - P.D. only","04 - Sideswipe"
"5556","GLOUCESTER ST @ METCALFE ST","367834.60565","5031386.80346","-75.69456","45.41958","2017","9/15/2017","2:08:00 PM","01 - Clear","01 - Dry","01 - Traffic signal","02 - Intersection related","01 - Daylight","03 - P.D. only","06 - SMV unattended vehicle"
"5557","GLOUCESTER ST @ METCALFE ST","367833.54436","5031386.69006","-75.69458","45.41958","2017","9/15/2017","10:31:00 AM","01 - Clear","01 - Dry","01 - Traffic signal","02 - Intersection related","01 - Daylight","03 - P.D. only","04 - Sideswipe"
"5558","GLOUCESTER ST @ O'CONNOR ST","367678.70940","5031293.12735","-75.69657","45.41875","2017","9/20/2017","9:03:00 AM","01 - Clear","01 - Dry","01 - Traffic signal","02 - Intersection related","01 - Daylight","03 - P.D. only","04 - Sideswipe"
"5559","GLOUCESTER ST @ O'CONNOR ST","367678.37495","5031293.24980","-75.69657","45.41875","2017","11/27/2017","5:29:00 PM","02 - Rain","02 - Wet","01 - Traffic signal","03 - At intersection","07 - Dark","02 - Non-fatal injury","07 - SMV other"
"5560","GLOUCESTER ST btwn BANK ST & O'CONNOR ST","367569.27793","5031225.74276","-75.69797","45.41815","2017","3/9/2017","2:18:00 PM","01 - Clear","01 - Dry","10 - No control","04 - At/near private drive","01 - Daylight","03 - P.D. only","02 - Angle"
"5561","GLOUCESTER ST btwn BRONSON AVE & PERCY ST","366878.27755","5030819.94856","-75.70685","45.41456","2017","5/3/2017","3:28:00 PM","01 - Clear","01 - Dry","10 - No control","01 - Non intersection","01 - Daylight","03 - P.D. only","99 - Other"
"5562","GLOUCESTER ST btwn KENT ST & BANK ST","367450.27051","5031154.58772","-75.69950","45.41752","2017","11/29/2017","12:00:00 AM","01 - Clear","01 - Dry","10 - No control","01 - Non intersection","00 - Unknown","03 - P.D. only","06 - SMV unattended vehicle"
"5563","GLOUCESTER ST btwn KENT ST & BANK ST","367379.44043","5031109.27454","-75.70041","45.41712","2017","2/16/2017","8:25:00 AM","01 - Clear","03 - Loose snow","10 - No control","01 - Non intersection","01 - Daylight","03 - P.D. only","06 - SMV unattended vehicle"
"5564","GLOUCESTER ST btwn LYON ST N & KENT ST","367213.76165","5031011.60624","-75.70254","45.41626","2017","6/28/2017","4:50:00 PM","01 - Clear","01 - Dry","10 - No control","04 - At/near private drive","01 - Daylight","03 - P.D. only","02 - Angle"
"5565","GLOUCESTER ST btwn LYON ST N & KENT ST","367241.18639","5031028.99755","-75.70219","45.41641","2017","11/12/2017","12:00:00 AM","01 - Clear","01 - Dry","10 - No control","01 - Non intersection","00 - Unknown","03 - P.D. only","06 - SMV unattended vehicle"
"5566","GLOUCESTER ST btwn METCALFE ST & ELGIN ST","367948.24497","5031454.24550","-75.69310","45.42017","2017","3/24/2017","10:24:00 AM","01 - Clear","03 - Loose snow","10 - No control","01 - Non intersection","01 - Daylight","03 - P.D. only","06 - SMV unattended vehicle"
"5567","GLYNN AVE @ LOLA ST","371114.71990","5032186.03085","-75.65255","45.42646","2017","10/7/2017","12:00:00 AM","02 - Rain","02 - Wet","02 - Stop sign","02 - Intersection related","00 - Unknown","03 - P.D. only","06 - SMV unattended vehicle"
"5568","GLYNN AVE btwn EDITH AVE & LOLA ST","370926.84847","5032166.48966","-75.65495","45.42631","2017","10/9/2017","6:17:00 PM","01 - Clear","01 - Dry","10 - No control","01 - Non intersection","05 - Dusk","03 - P.D. only","06 - SMV unattended vehicle"
"5569","GLYNN AVE btwn NORTH RIVER RD & SYLVESTER ST","370199.53783","5032088.13312","-75.66425","45.42567","2017","7/17/2017","8:25:00 AM","01 - Clear","01 - Dry","10 - No control","01 - Non intersection","01 - Daylight","03 - P.D. only","06 - SMV unattended vehicle"
"5570","GOLDEN ASH LANE @ STAGECOACH RD","375754.75100","5013689.30856","-75.59591","45.25958","2017","12/16/2017","1:12:00 AM","03 - Snow","05 - Packed snow","02 - Stop sign","02 - Intersection related","07 - Dark","03 - P.D. only","02 - Angle"
"5571","GOLDEN AVE btwn RAVENHILL AVE & KENWOOD AVE","362944.88753","5027845.18359","-75.75745","45.38813","2017","12/21/2017","7:35:00 PM","01 - Clear","01 - Dry","10 - No control","01 - Non intersection","07 - Dark","03 - P.D. only","06 - SMV unattended vehicle"
"5572","GOLDEN LINE RD btwn HAMILTON SIDE RD & Continuation of GOLDEN LINE RD","336320.69261","5007936.88149","-76.09872","45.21069","2017","7/8/2017","1:15:00 PM","01 - Clear","02 - Wet","10 - No control","01 - Non intersection","01 - Daylight","03 - P.D. only","07 - SMV other"
"5573","GOLDENBROOK WAY @ HARVEST VALLEY AVE","384939.57050","5034499.15331","-75.47553","45.44583","2017","1/17/2017","12:00:00 AM","01 - Clear","03 - Loose snow","","02 - Intersection related","00 - Unknown","03 - P.D. only","06 - SMV unattended vehicle"
"5574","GOLDENEYE WAY @ NORTH BLUFF DR","369485.18370","5016303.86768","-75.67545","45.28371","2017","5/10/2017","12:00:00 PM","01 - Clear","01 - Dry","02 - Stop sign","03 - At intersection","01 - Daylight","03 - P.D. only","02 - Angle"
"5575","GOLDENEYE WAY btwn NAKINA WAY & NORTH BLUFF DR","369426.94369","5016265.65884","-75.67620","45.28338","2017","9/15/2017","12:00:00 AM","01 - Clear","01 - Dry","10 - No control","04 - At/near private drive","00 - Unknown","03 - P.D. only","06 - SMV unattended vehicle"
"5576","GOLDRIDGE DR @ HEMLO CRES","350137.77666","5019633.81289","-75.92175","45.31519","2017","5/22/2017","6:24:00 PM","01 - Clear","01 - Dry","02 - Stop sign","03 - At intersection","01 - Daylight","03 - P.D. only","02 - Angle"
"5577","GOLDRIDGE DR @ HIGHMONT CRT/WINDCREST CRT","350221.07720","5019688.39636","-75.92069","45.31568","2017","7/14/2017","6:43:00 PM","01 - Clear","01 - Dry","02 - Stop sign","03 - At intersection","01 - Daylight","02 - Non-fatal injury","07 - SMV other"
"5578","GOLDRIDGE DR btwn CAMBIOR CRES & CAMBIOR CRES","349688.34448","5019715.65505","-75.92748","45.31596","2017","11/9/2017","9:20:00 AM","01 - Clear","01 - Dry","10 - No control","04 - At/near private drive","01 - Daylight","03 - P.D. only","06 - SMV unattended vehicle"
"5579","GOLDRIDGE DR btwn HEMLO CRES & AFTON PL","350018.28848","5019410.42268","-75.92330","45.31319","2017","3/30/2017","8:40:00 AM","01 - Clear","01 - Dry","10 - No control","04 - At/near private drive","01 - Daylight","03 - P.D. only","02 - Angle"
"5580","GOLDRIDGE DR btwn NORGOLD CRES & INSMILL CRES","349775.59911","5019516.11510","-75.92638","45.31416","2017","5/17/2017","12:00:00 AM","01 - Clear","01 - Dry","10 - No control","01 - Non intersection","00 - Unknown","03 - P.D. only","06 - SMV unattended vehicle"
"5581","GOLF CLUB WAY btwn NO NAME & WESTLEIGH BLVD","342324.00201","5008301.00989","-76.02226","45.21367","2017","5/26/2017","6:15:00 AM","02 - Rain","02 - Wet","10 - No control","01 - Non intersection","01 - Daylight","03 - P.D. only","07 - SMV other"
"5582","GOLFLINKS DR E @ JOCKVALE RD","366030.47829","5012610.52456","-75.71994","45.25079","2017","12/26/2017","10:38:00 PM","01 - Clear","03 - Loose snow","02 - Stop sign","02 - Intersection related","07 - Dark","03 - P.D. only","03 - Rear end"
"5583","GOOD ST btwn PARKWAY RD & SHIELDS DR","378169.85411","5013805.31570","-75.56513","45.26038","2017","3/25/2017","1:00:00 PM","01 - Clear","03 - Loose snow","10 - No control","01 - Non intersection","01 - Daylight","03 - P.D. only","06 - SMV unattended vehicle"
"5584","GOODWOOD DR btwn ISBISTER AVE & END","366272.21949","5013946.54330","-75.71669","45.26279","2017","4/24/2017","12:00:00 AM","01 - Clear","01 - Dry","10 - No control","04 - At/near private drive","00 - Unknown","03 - P.D. only","06 - SMV unattended vehicle"
"5585","GOOSE RIVER AVE btwn GOLDENEYE WAY & ROCKY HARBOUR CRES","368745.51496","5016153.51395","-75.68490","45.28243","2017","8/1/2017","9:00:00 PM","01 - Clear","01 - Dry","10 - No control","01 - Non intersection","99 - Other","03 - P.D. only","06 - SMV unattended vehicle"
"5586","GOOSE RIVER AVE btwn GOLDENEYE WAY & ROCKY HARBOUR CRES","368869.34273","5016206.07284","-75.68331","45.28289","2017","10/12/2017","5:28:00 PM","01 - Clear","01 - Dry","10 - No control","04 - At/near private drive","01 - Daylight","03 - P.D. only","99 - Other"
"5587","GOSSAMER ST btwn JOSHUA ST & PRAIRIE ST","381607.25000","5032308.36180","-75.51846","45.42649","2017","12/21/2017","12:00:00 AM","01 - Clear","05 - Packed snow","10 - No control","04 - At/near private drive","00 - Unknown","03 - P.D. only","06 - SMV unattended vehicle"
"5588","GOSSET ST @ KENASTON ST","373030.21010","5031146.81575","-75.62822","45.41693","2017","9/18/2017","10:08:00 AM","01 - Clear","01 - Dry","10 - No control","03 - At intersection","01 - Daylight","03 - P.D. only","02 - Angle"
"5589","GOTHWOOD PL btwn GOTH AVE & END","372374.00146","5023310.99933","-75.63767","45.34649","2017","9/13/2017","12:00:00 AM","01 - Clear","01 - Dry","10 - No control","04 - At/near private drive","00 - Unknown","03 - P.D. only","06 - SMV unattended vehicle"
"5590","GOUGH RD btwn DOZOIS RD & QUEENSCOURT CRES","372550.12864","5010168.45053","-75.63722","45.22822","2017","3/2/2017","10:39:00 AM","03 - Snow","06 - Ice","10 - No control","01 - Non intersection","01 - Daylight","03 - P.D. only","06 - SMV unattended vehicle"
"5591","GOULBOURN FORCED RD @ INNOVATION DR","349438.00600","5022666.63590","-75.93040","45.34253","2017","6/29/2017","12:45:00 PM","02 - Rain","02 - Wet","02 - Stop sign","03 - At intersection","01 - Daylight","03 - P.D. only","02 - Angle"
"5592","GOULBOURN FORCED RD @ INNOVATION DR","349438.00600","5022666.63590","-75.93040","45.34253","2017","8/27/2017","11:47:00 AM","01 - Clear","01 - Dry","02 - Stop sign","03 - At intersection","01 - Daylight","03 - P.D. only","02 - Angle"
"5593","GOULBOURN FORCED RD @ INNOVATION DR","349438.00600","5022666.63590","-75.93040","45.34253","2017","8/9/2017","8:45:00 PM","01 - Clear","01 - Dry","10 - No control","02 - Intersection related","07 - Dark","03 - P.D. only","07 - SMV other"
"5594","GOULBOURN FORCED RD @ KANATA AVE","349775.55855","5020353.18687","-75.92631","45.32169","2017","7/14/2017","3:07:00 PM","01 - Clear","01 - Dry","01 - Traffic signal","02 - Intersection related","01 - Daylight","03 - P.D. only","05 - Turning movement"
"5595","GOULBOURN FORCED RD @ KANATA AVE","349775.69121","5020354.27685","-75.92631","45.32170","2017","10/24/2017","12:25:00 PM","02 - Rain","02 - Wet","01 - Traffic signal","02 - Intersection related","01 - Daylight","03 - P.D. only","07 - SMV other"
"5596","GOULBOURN FORCED RD btwn BADGELEY AVE & KEYROCK DR","349543.58800","5020665.33000","-75.92924","45.32451","2017","11/23/2017","6:11:00 PM","01 - Clear","01 - Dry","10 - No control","01 - Non intersection","07 - Dark","03 - P.D. only","07 - SMV other"
"5597","GOULBOURN FORCED RD btwn KANATA ROCKERIES PRIV & KANATA AVE","349693.36653","5020481.83703","-75.92734","45.32285","2017","6/14/2017","2:39:00 PM","01 - Clear","01 - Dry","10 - No control","01 - Non intersection","01 - Daylight","03 - P.D. only","04 - Sideswipe"
"5598","GOULBOURN FORCED RD btwn KANATA ROCKERIES PRIV & KANATA AVE","349665.56658","5020509.02580","-75.92770","45.32310","2017","6/10/2017","2:41:00 PM","01 - Clear","01 - Dry","10 - No control","01 - Non intersection","01 - Daylight","03 - P.D. only","07 - SMV other"
"5599","GOULBOURN FORCED RD btwn TERRY FOX DR & KANATA ROCKERIES PRIV","349260.80619","5021484.46183","-75.93277","45.33190","2017","7/15/2017","5:05:00 AM","01 - Clear","02 - Wet","10 - No control","01 - Non intersection","03 - Dawn","03 - P.D. only","07 - SMV other"
"5600","GOULBOURN FORCED RD btwn TERRY FOX DR & KANATA ROCKERIES PRIV","349365.62254","5022911.85109","-75.93131","45.34474","2017","11/21/2017","5:37:00 PM","01 - Clear","02 - Wet","10 - No control","01 - Non intersection","07 - Dark","03 - P.D. only","03 - Rear end"