"Record","Location","X","Y","Longitude","Latitude","Year","Date","Time","Environment","Road_Surface","Traffic_Control","Collision_Location","Light","Collision_Classification","Impact_type"
"5601","GOULBURN AVE @ LAURIER AVE","369254.04395","5032349.25180","-75.67630","45.42811","2017","5/2/2017","7:38:00 AM","01 - Clear","01 - Dry","02 - Stop sign","03 - At intersection","01 - Daylight","03 - P.D. only","02 - Angle"
"5602","GOULBURN AVE @ TEMPLETON ST","369577.91547","5031819.88313","-75.67223","45.42331","2017","6/16/2017","8:53:00 AM","01 - Clear","02 - Wet","02 - Stop sign","03 - At intersection","01 - Daylight","03 - P.D. only","02 - Angle"
"5603","GOWARD DR @ OLD SECOND LINE RD","347882.90900","5023410.31810","-75.95018","45.34932","2017","6/15/2017","8:31:00 AM","01 - Clear","01 - Dry","02 - Stop sign","03 - At intersection","01 - Daylight","02 - Non-fatal injury","02 - Angle"
"5604","GOWARD DR btwn EDGEMOORE CRES & HALTON TER","348276.19957","5023759.15338","-75.94513","45.35243","2017","1/11/2017","4:04:00 PM","01 - Clear","03 - Loose snow","10 - No control","01 - Non intersection","01 - Daylight","03 - P.D. only","06 - SMV unattended vehicle"
"5605","GRACEWOOD CRES btwn CREEKVIEW WAY W & FINDLAY CREEK W","374329.52300","5019572.95500","-75.61325","45.31267","2017","12/25/2017","5:25:00 PM","01 - Clear","05 - Packed snow","10 - No control","01 - Non intersection","07 - Dark","03 - P.D. only","06 - SMV unattended vehicle"
"5606","GRADY CRES btwn JANSEN RD & JANSEN RD","360068.29978","5021149.51893","-75.79494","45.32812","2017","3/7/2017","12:51:00 AM","01 - Clear","06 - Ice","10 - No control","01 - Non intersection","07 - Dark","03 - P.D. only","07 - SMV other"
"5607","GRAINSTONE WAY btwn DRUMHELLER PL & DRUMHELLER PL","349074.85600","5019833.20900","-75.93529","45.31705","2017","10/20/2017","11:19:00 AM","01 - Clear","01 - Dry","10 - No control","01 - Non intersection","01 - Daylight","03 - P.D. only","02 - Angle"
"5608","GRAND CANAL ST @ FOXHOUND WAY","364107.80141","5012645.06501","-75.74442","45.25127","2017","1/7/2017","12:15:00 PM","01 - Clear","06 - Ice","","03 - At intersection","01 - Daylight","03 - P.D. only","02 - Angle"
"5609","GRAND VISTA CIR btwn GRAND VISTA CIR & HALF MOON BAY","364606.16200","5013051.85270","-75.73803","45.25488","2017","7/1/2017","12:00:00 AM","01 - Clear","02 - Wet","10 - No control","01 - Non intersection","00 - Unknown","03 - P.D. only","06 - SMV unattended vehicle"
"5610","GRANT CARMAN DR @ MEADOWLANDS DR","365051.69410","5023901.28394","-75.73103","45.35247","2017","8/22/2017","1:58:00 PM","02 - Rain","02 - Wet","01 - Traffic signal","02 - Intersection related","01 - Daylight","03 - P.D. only","03 - Rear end"
"5611","GRANT CARMAN DR @ MEADOWLANDS DR","365051.21620","5023902.22425","-75.73104","45.35248","2017","7/27/2017","3:46:00 PM","01 - Clear","01 - Dry","01 - Traffic signal","03 - At intersection","01 - Daylight","02 - Non-fatal injury","05 - Turning movement"
"5612","GRANT CARMAN DR @ MEADOWLANDS DR","365051.69410","5023902.05385","-75.73103","45.35248","2017","10/7/2017","5:20:00 PM","01 - Clear","01 - Dry","01 - Traffic signal","03 - At intersection","01 - Daylight","02 - Non-fatal injury","05 - Turning movement"
"5613","GRANT CARMAN DR @ MEADOWLANDS DR","365053.36634","5023901.50740","-75.73101","45.35247","2017","10/29/2017","7:01:00 AM","02 - Rain","02 - Wet","01 - Traffic signal","03 - At intersection","03 - Dawn","03 - P.D. only","07 - SMV other"
"5614","GRANT CARMAN DR @ MEADOWLANDS DR","365052.02855","5023902.17630","-75.73103","45.35248","2017","10/28/2017","8:04:00 PM","02 - Rain","02 - Wet","01 - Traffic signal","03 - At intersection","07 - Dark","02 - Non-fatal injury","07 - SMV other"
"5615","GRANT CARMAN DR @ MEADOWLANDS DR","365051.21620","5023900.79055","-75.73104","45.35246","2017","9/6/2017","1:18:00 PM","01 - Clear","01 - Dry","01 - Traffic signal","03 - At intersection","01 - Daylight","02 - Non-fatal injury","05 - Turning movement"
"5616","GRANT CARMAN DR @ MEADOWLANDS DR","365051.15136","5023901.77877","-75.73104","45.35247","2017","1/18/2017","12:02:00 AM","03 - Snow","05 - Packed snow","01 - Traffic signal","02 - Intersection related","07 - Dark","02 - Non-fatal injury","07 - SMV other"
"5617","GRANT CARMAN DR @ MEADOWLANDS DR","365050.69076","5023903.51409","-75.73105","45.35249","2017","2/1/2017","7:00:00 AM","01 - Clear","03 - Loose snow","01 - Traffic signal","02 - Intersection related","03 - Dawn","03 - P.D. only","04 - Sideswipe"
"5618","GRANT CARMAN DR @ MEADOWLANDS DR","365052.77958","5023901.77877","-75.73102","45.35247","2017","1/12/2017","6:30:00 PM","01 - Clear","01 - Dry","01 - Traffic signal","03 - At intersection","07 - Dark","02 - Non-fatal injury","07 - SMV other"
"5619","GRANT CARMAN DR @ MEADOWLANDS DR","365052.17200","5023901.26845","-75.73103","45.35247","2017","12/30/2017","5:30:00 PM","01 - Clear","05 - Packed snow","01 - Traffic signal","03 - At intersection","07 - Dark","03 - P.D. only","05 - Turning movement"
"5620","GRANT CARMAN DR @ MEADOWLANDS DR","365052.17200","5023901.26845","-75.73103","45.35247","2017","12/18/2017","6:05:00 PM","03 - Snow","03 - Loose snow","01 - Traffic signal","02 - Intersection related","07 - Dark","03 - P.D. only","03 - Rear end"
"5621","GRANT CARMAN DR @ MEADOWLANDS DR","365052.16747","5023900.79734","-75.73103","45.35246","2017","12/15/2017","7:26:00 PM","03 - Snow","03 - Loose snow","01 - Traffic signal","02 - Intersection related","07 - Dark","02 - Non-fatal injury","03 - Rear end"
"5622","GRANT CARMAN DR @ VIEWMOUNT DR","365434.37025","5023082.84599","-75.72625","45.34507","2017","6/28/2017","7:38:00 PM","01 - Clear","01 - Dry","02 - Stop sign","03 - At intersection","01 - Daylight","02 - Non-fatal injury","02 - Angle"
"5623","GRANT CARMAN DR @ VIEWMOUNT DR","365436.37694","5023082.17710","-75.72622","45.34507","2017","12/15/2017","5:21:00 PM","03 - Snow","03 - Loose snow","02 - Stop sign","02 - Intersection related","07 - Dark","03 - P.D. only","02 - Angle"
"5624","GRANVILLE ST btwn MONTFORT ST & MONTREAL RD","370819.29321","5033493.94095","-75.65615","45.43826","2017","1/7/2017","3:06:00 AM","01 - Clear","01 - Dry","10 - No control","04 - At/near private drive","07 - Dark","03 - P.D. only","07 - SMV other"
"5625","GRASSY PLAINS DR @ APPLE CREEK CRES E/BIRCHFIE","355834.57515","5015467.61643","-75.84953","45.27731","2017","8/6/2017","6:38:00 AM","01 - Clear","01 - Dry","02 - Stop sign","03 - At intersection","03 - Dawn","03 - P.D. only","07 - SMV other"
"5626","GRASSY PLAINS DR @ STONEHAVEN DR","356204.97225","5015965.10000","-75.84476","45.28176","2017","11/16/2017","5:31:00 PM","01 - Clear","02 - Wet","01 - Traffic signal","02 - Intersection related","07 - Dark","02 - Non-fatal injury","07 - SMV other"
"5627","GRASSY PLAINS DR @ STONEHAVEN DR","356205.11117","5015964.19441","-75.84475","45.28175","2017","12/22/2017","8:37:00 AM","03 - Snow","06 - Ice","01 - Traffic signal","02 - Intersection related","01 - Daylight","03 - P.D. only","03 - Rear end"
"5628","GRASSY PLAINS DR btwn FARMFIELD CRES & STONEHAVEN DR","356153.48395","5015933.66417","-75.84541","45.28148","2017","1/26/2017","9:54:00 AM","01 - Clear","02 - Wet","10 - No control","04 - At/near private drive","01 - Daylight","03 - P.D. only","99 - Other"
"5629","GRASSY PLAINS DR btwn FARMFIELD CRES & STONEHAVEN DR","356188.91874","5015953.72876","-75.84496","45.28166","2017","2/27/2017","3:06:00 PM","01 - Clear","01 - Dry","10 - No control","01 - Non intersection","01 - Daylight","03 - P.D. only","03 - Rear end"
"5630","GRASSY PLAINS DR btwn GRANITE CRT & SUNNYBROOKE DR","355345.23464","5015615.72612","-75.85575","45.27868","2017","11/26/2017","8:48:00 PM","03 - Snow","03 - Loose snow","10 - No control","01 - Non intersection","07 - Dark","03 - P.D. only","06 - SMV unattended vehicle"
"5631","GRASSY PLAINS DR btwn MEADOWBREEZE DR & FARMFIELD CRES","356070.36919","5015831.77602","-75.84648","45.28057","2017","12/19/2017","11:40:00 AM","01 - Clear","04 - Slush","10 - No control","01 - Non intersection","01 - Daylight","03 - P.D. only","06 - SMV unattended vehicle"
"5632","GRAVELLE CRES btwn INNES RD & INNES RD","377681.84142","5032697.75314","-75.56856","45.43042","2017","2/15/2017","12:00:00 AM","03 - Snow","03 - Loose snow","10 - No control","01 - Non intersection","00 - Unknown","03 - P.D. only","06 - SMV unattended vehicle"
"5633","GRAY CRES btwn BELLROCK DR & DRYSDALE ST","352137.15790","5019741.96971","-75.89624","45.31603","2017","11/18/2017","12:00:00 AM","00 - Unknown","00 - Unknown","10 - No control","01 - Non intersection","00 - Unknown","03 - P.D. only","06 - SMV unattended vehicle"
"5634","GREAT LAKES AVE @ MARITIME WAY","351737.61100","5019489.62300","-75.90136","45.31379","2017","9/7/2017","4:25:00 PM","01 - Clear","01 - Dry","02 - Stop sign","03 - At intersection","01 - Daylight","03 - P.D. only","02 - Angle"
"5635","GREEN ST @ LARKIN DR","363110.67490","5016468.07457","-75.75668","45.28575","2017","4/3/2017","6:53:00 PM","01 - Clear","01 - Dry","02 - Stop sign","02 - Intersection related","01 - Daylight","03 - P.D. only","03 - Rear end"
"5636","GREEN VALLEY CRES btwn PRINCE OF WALES DR & END","367124.78019","5026646.23736","-75.70423","45.37699","2017","2/3/2017","9:47:00 AM","01 - Clear","01 - Dry","10 - No control","01 - Non intersection","01 - Daylight","03 - P.D. only","04 - Sideswipe"
"5637","GREENACRE CRES btwn ELMRIDGE DR & BURFIELD AVE","375000.38321","5034002.58764","-75.60264","45.44243","2017","8/26/2017","1:00:00 PM","01 - Clear","01 - Dry","10 - No control","01 - Non intersection","01 - Daylight","03 - P.D. only","06 - SMV unattended vehicle"
"5638","GREENBANK RD @ 207 S OF BELLMAN DR/GREENBANK S","361336.67626","5020828.14840","-75.77879","45.32513","2017","6/21/2017","4:40:00 PM","01 - Clear","01 - Dry","01 - Traffic signal","03 - At intersection","01 - Daylight","03 - P.D. only","05 - Turning movement"
"5639","GREENBANK RD @ 207 S OF BELLMAN DR/GREENBANK S","361338.68294","5020828.81729","-75.77877","45.32513","2017","5/31/2017","4:10:00 PM","01 - Clear","01 - Dry","01 - Traffic signal","02 - Intersection related","01 - Daylight","03 - P.D. only","04 - Sideswipe"
"5640","GREENBANK RD @ 207 S OF BELLMAN DR/GREENBANK S","361338.01405","5020827.47950","-75.77878","45.32512","2017","12/5/2017","11:38:00 AM","01 - Clear","02 - Wet","01 - Traffic signal","03 - At intersection","01 - Daylight","03 - P.D. only","05 - Turning movement"
"5641","GREENBANK RD @ 220 N OF STRANDHERD DR","363850.95353","5014984.18570","-75.74742","45.27233","2017","8/10/2017","11:15:00 AM","01 - Clear","01 - Dry","01 - Traffic signal","03 - At intersection","01 - Daylight","02 - Non-fatal injury","05 - Turning movement"
"5642","GREENBANK RD @ BELLMAN DR/BATEMAN DR","361256.88751","5021017.06001","-75.77979","45.32683","2017","9/20/2017","3:30:00 PM","01 - Clear","01 - Dry","01 - Traffic signal","03 - At intersection","01 - Daylight","02 - Non-fatal injury","05 - Turning movement"
"5643","GREENBANK RD @ BELLMAN DR/BATEMAN DR","361255.67216","5021017.48890","-75.77981","45.32684","2017","4/2/2017","2:12:00 PM","01 - Clear","01 - Dry","01 - Traffic signal","03 - At intersection","01 - Daylight","03 - P.D. only","05 - Turning movement"
"5644","GREENBANK RD @ BERRIGAN DR/WESSEX RD","363723.34725","5015275.08691","-75.74901","45.27496","2017","6/5/2017","9:02:00 PM","02 - Rain","02 - Wet","01 - Traffic signal","03 - At intersection","05 - Dusk","03 - P.D. only","02 - Angle"
"5645","GREENBANK RD @ BERRIGAN DR/WESSEX RD","363722.67836","5015276.42470","-75.74902","45.27498","2017","5/18/2017","8:29:00 PM","02 - Rain","02 - Wet","01 - Traffic signal","02 - Intersection related","05 - Dusk","03 - P.D. only","07 - SMV other"
"5646","GREENBANK RD @ BERRIGAN DR/WESSEX RD","363724.95762","5015275.46776","-75.74899","45.27497","2017","7/24/2017","1:00:00 PM","02 - Rain","02 - Wet","01 - Traffic signal","03 - At intersection","01 - Daylight","03 - P.D. only","05 - Turning movement"
"5647","GREENBANK RD @ BERRIGAN DR/WESSEX RD","363724.29053","5015277.33794","-75.74900","45.27498","2017","8/10/2017","4:12:00 PM","01 - Clear","01 - Dry","01 - Traffic signal","02 - Intersection related","01 - Daylight","03 - P.D. only","03 - Rear end"
"5648","GREENBANK RD @ BERRIGAN DR/WESSEX RD","363721.10659","5015277.28307","-75.74904","45.27498","2017","1/4/2017","10:49:00 PM","01 - Clear","06 - Ice","01 - Traffic signal","02 - Intersection related","07 - Dark","03 - P.D. only","03 - Rear end"
"5649","GREENBANK RD @ BERRIGAN DR/WESSEX RD","363724.68504","5015276.42470","-75.74899","45.27498","2017","2/14/2017","10:27:00 PM","03 - Snow","03 - Loose snow","01 - Traffic signal","03 - At intersection","07 - Dark","03 - P.D. only","02 - Angle"
"5650","GREENBANK RD @ BERRIGAN DR/WESSEX RD","363723.46659","5015276.53466","-75.74901","45.27498","2017","1/5/2017","9:57:00 PM","01 - Clear","02 - Wet","01 - Traffic signal","03 - At intersection","07 - Dark","03 - P.D. only","05 - Turning movement"
"5651","GREENBANK RD @ BERRIGAN DR/WESSEX RD","363724.01615","5015275.75580","-75.74900","45.27497","2017","2/16/2017","9:36:00 AM","03 - Snow","03 - Loose snow","01 - Traffic signal","02 - Intersection related","01 - Daylight","03 - P.D. only","05 - Turning movement"
"5652","GREENBANK RD @ BERRIGAN DR/WESSEX RD","363724.01883","5015276.44979","-75.74900","45.27498","2017","4/4/2017","6:00:00 PM","02 - Rain","02 - Wet","01 - Traffic signal","02 - Intersection related","01 - Daylight","03 - P.D. only","03 - Rear end"
"5653","GREENBANK RD @ CANFIELD RD/CRAIG HENRY DR","361107.95572","5021364.17342","-75.78165","45.32997","2017","7/21/2017","3:02:00 PM","01 - Clear","01 - Dry","01 - Traffic signal","03 - At intersection","01 - Daylight","03 - P.D. only","05 - Turning movement"
"5654","GREENBANK RD @ CANFIELD RD/CRAIG HENRY DR","361105.76132","5021364.26278","-75.78168","45.32997","2017","7/26/2017","9:50:00 PM","01 - Clear","01 - Dry","01 - Traffic signal","03 - At intersection","07 - Dark","02 - Non-fatal injury","02 - Angle"
"5655","GREENBANK RD @ CANFIELD RD/CRAIG HENRY DR","361107.11130","5021364.70815","-75.78166","45.32997","2017","8/20/2017","12:19:00 PM","01 - Clear","01 - Dry","01 - Traffic signal","03 - At intersection","01 - Daylight","02 - Non-fatal injury","02 - Angle"
"5656","GREENBANK RD @ CANFIELD RD/CRAIG HENRY DR","361108.37966","5021363.47200","-75.78164","45.32996","2017","10/11/2017","1:12:00 PM","01 - Clear","01 - Dry","01 - Traffic signal","02 - Intersection related","01 - Daylight","03 - P.D. only","04 - Sideswipe"
"5657","GREENBANK RD @ CANFIELD RD/CRAIG HENRY DR","361105.00756","5021365.16130","-75.78169","45.32998","2017","12/1/2017","10:12:00 PM","01 - Clear","01 - Dry","01 - Traffic signal","03 - At intersection","07 - Dark","02 - Non-fatal injury","05 - Turning movement"
"5658","GREENBANK RD @ CANFIELD RD/CRAIG HENRY DR","361107.68227","5021363.93328","-75.78165","45.32997","2017","2/11/2017","6:47:00 PM","01 - Clear","02 - Wet","01 - Traffic signal","02 - Intersection related","07 - Dark","02 - Non-fatal injury","03 - Rear end"
"5659","GREENBANK RD @ CANFIELD RD/CRAIG HENRY DR","361108.35204","5021363.15461","-75.78164","45.32996","2017","3/23/2017","2:21:00 PM","01 - Clear","01 - Dry","01 - Traffic signal","02 - Intersection related","01 - Daylight","03 - P.D. only","02 - Angle"
"5660","GREENBANK RD @ CANFIELD RD/CRAIG HENRY DR","361107.01425","5021365.83019","-75.78166","45.32998","2017","3/16/2017","7:31:00 PM","01 - Clear","03 - Loose snow","01 - Traffic signal","02 - Intersection related","07 - Dark","03 - P.D. only","03 - Rear end"
"5661","GREENBANK RD @ HALF MOON BAY","364651.59550","5013125.00410","-75.73744","45.25554","2017","8/30/2017","7:16:00 PM","01 - Clear","01 - Dry","02 - Stop sign","03 - At intersection","01 - Daylight","03 - P.D. only","05 - Turning movement"
"5662","GREENBANK RD @ HALF MOON BAY","364651.59550","5013125.00410","-75.73744","45.25554","2017","7/23/2017","10:20:00 AM","01 - Clear","01 - Dry","02 - Stop sign","03 - At intersection","01 - Daylight","03 - P.D. only","07 - SMV other"
"5663","GREENBANK RD @ HALF MOON BAY","364651.59550","5013125.00410","-75.73744","45.25554","2017","1/5/2017","8:42:00 AM","04 - Freezing Rain","06 - Ice","02 - Stop sign","03 - At intersection","01 - Daylight","03 - P.D. only","02 - Angle"
"5664","GREENBANK RD @ HALF MOON BAY","364651.59550","5013125.00410","-75.73744","45.25554","2017","12/22/2017","12:34:00 PM","03 - Snow","03 - Loose snow","02 - Stop sign","03 - At intersection","01 - Daylight","03 - P.D. only","07 - SMV other"
"5665","GREENBANK RD @ HARRISON ST/ASHGROVE CRES","360840.01615","5022007.49450","-75.78499","45.33578","2017","5/22/2017","8:45:00 AM","01 - Clear","01 - Dry","01 - Traffic signal","02 - Intersection related","01 - Daylight","03 - P.D. only","03 - Rear end"
"5666","GREENBANK RD @ HARRISON ST/ASHGROVE CRES","360839.62155","5022007.58041","-75.78500","45.33578","2017","10/7/2017","3:00:00 PM","02 - Rain","02 - Wet","01 - Traffic signal","02 - Intersection related","01 - Daylight","03 - P.D. only","03 - Rear end"
"5667","GREENBANK RD @ HIGHBURY PARK DR","363615.92570","5015523.95076","-75.75035","45.27721","2017","7/14/2017","10:40:00 PM","02 - Rain","02 - Wet","01 - Traffic signal","03 - At intersection","07 - Dark","03 - P.D. only","03 - Rear end"
"5668","GREENBANK RD @ HIGHBURY PARK DR","363614.49201","5015524.24324","-75.75037","45.27721","2017","12/20/2017","6:21:00 PM","01 - Clear","06 - Ice","01 - Traffic signal","03 - At intersection","07 - Dark","03 - P.D. only","03 - Rear end"
"5669","GREENBANK RD @ HWY 417 GREENBA IC129R25","360522.80802","5023339.12253","-75.78889","45.34778","2017","8/2/2017","11:18:00 AM","01 - Clear","01 - Dry","10 - No control","02 - Intersection related","01 - Daylight","02 - Non-fatal injury","03 - Rear end"
"5670","GREENBANK RD @ HWY 417 IC129 RAMP57/IRIS ST","360532.31234","5023312.49400","-75.78877","45.34754","2017","5/31/2017","7:20:00 PM","01 - Clear","01 - Dry","01 - Traffic signal","03 - At intersection","01 - Daylight","03 - P.D. only","02 - Angle"
"5671","GREENBANK RD @ HWY 417 IC129 RAMP57/IRIS ST","360530.30566","5023312.49400","-75.78880","45.34754","2017","5/20/2017","3:45:00 PM","01 - Clear","01 - Dry","01 - Traffic signal","02 - Intersection related","01 - Daylight","03 - P.D. only","03 - Rear end"
"5672","GREENBANK RD @ HWY 417 IC129 RAMP57/IRIS ST","360532.31234","5023311.82510","-75.78877","45.34754","2017","5/1/2017","10:54:00 AM","02 - Rain","02 - Wet","01 - Traffic signal","02 - Intersection related","01 - Daylight","03 - P.D. only","03 - Rear end"
"5673","GREENBANK RD @ HWY 417 IC129 RAMP57/IRIS ST","360532.12617","5023311.90460","-75.78878","45.34754","2017","7/3/2017","3:30:00 PM","01 - Clear","01 - Dry","01 - Traffic signal","02 - Intersection related","01 - Daylight","03 - P.D. only","04 - Sideswipe"
"5674","GREENBANK RD @ HWY 417 IC129 RAMP57/IRIS ST","360531.94044","5023312.94292","-75.78878","45.34755","2017","7/19/2017","12:45:00 PM","01 - Clear","01 - Dry","01 - Traffic signal","02 - Intersection related","01 - Daylight","03 - P.D. only","03 - Rear end"
"5675","GREENBANK RD @ HWY 417 IC129 RAMP57/IRIS ST","360530.97289","5023312.52147","-75.78879","45.34754","2017","9/11/2017","1:52:00 PM","01 - Clear","01 - Dry","01 - Traffic signal","02 - Intersection related","01 - Daylight","03 - P.D. only","03 - Rear end"
"5676","GREENBANK RD @ HWY 417 IC129 RAMP57/IRIS ST","360531.64345","5023311.15621","-75.78878","45.34753","2017","11/27/2017","7:16:00 PM","01 - Clear","01 - Dry","01 - Traffic signal","02 - Intersection related","07 - Dark","03 - P.D. only","03 - Rear end"
"5677","GREENBANK RD @ HWY 417 IC129 RAMP57/IRIS ST","360531.27684","5023313.25018","-75.78879","45.34755","2017","11/21/2017","12:45:00 PM","01 - Clear","01 - Dry","01 - Traffic signal","02 - Intersection related","01 - Daylight","02 - Non-fatal injury","03 - Rear end"
"5678","GREENBANK RD @ HWY 417 IC129 RAMP57/IRIS ST","360531.64345","5023313.16290","-75.78878","45.34755","2017","12/4/2017","8:29:00 AM","01 - Clear","01 - Dry","01 - Traffic signal","02 - Intersection related","01 - Daylight","03 - P.D. only","04 - Sideswipe"
"5679","GREENBANK RD @ HWY 417 IC129 RAMP57/IRIS ST","360531.36684","5023312.11317","-75.78879","45.34754","2017","11/18/2017","4:50:00 PM","02 - Rain","02 - Wet","01 - Traffic signal","02 - Intersection related","05 - Dusk","03 - P.D. only","03 - Rear end"
"5680","GREENBANK RD @ HWY 417 IC129 RAMP57/IRIS ST","360531.40144","5023312.56251","-75.78879","45.34754","2017","12/10/2017","7:17:00 PM","01 - Clear","02 - Wet","01 - Traffic signal","03 - At intersection","07 - Dark","03 - P.D. only","05 - Turning movement"
"5681","GREENBANK RD @ HWY 417 IC129 RAMP57/IRIS ST","360532.26479","5023313.68874","-75.78877","45.34756","2017","12/5/2017","6:15:00 AM","02 - Rain","02 - Wet","01 - Traffic signal","02 - Intersection related","07 - Dark","02 - Non-fatal injury","03 - Rear end"
"5682","GREENBANK RD @ HWY 417 IC129 RAMP57/IRIS ST","360531.40304","5023311.41474","-75.78879","45.34753","2017","1/19/2017","6:39:00 PM","01 - Clear","04 - Slush","01 - Traffic signal","02 - Intersection related","07 - Dark","03 - P.D. only","03 - Rear end"
"5683","GREENBANK RD @ HWY 417 IC129 RAMP57/IRIS ST","360531.44479","5023312.45221","-75.78878","45.34754","2017","2/14/2017","5:21:00 PM","01 - Clear","01 - Dry","01 - Traffic signal","03 - At intersection","05 - Dusk","03 - P.D. only","02 - Angle"
"5684","GREENBANK RD @ HWY 417 IC129 RAMP57/IRIS ST","360531.64345","5023313.16290","-75.78878","45.34755","2017","2/18/2017","4:10:00 PM","01 - Clear","01 - Dry","01 - Traffic signal","02 - Intersection related","01 - Daylight","03 - P.D. only","04 - Sideswipe"
"5685","GREENBANK RD @ HWY 417 IC129 RAMP57/IRIS ST","360530.30566","5023312.49400","-75.78880","45.34754","2017","3/10/2017","10:36:00 AM","01 - Clear","01 - Dry","01 - Traffic signal","02 - Intersection related","01 - Daylight","03 - P.D. only","03 - Rear end"
"5686","GREENBANK RD @ HWY 417 IC129 RAMP57/IRIS ST","360531.64345","5023313.16290","-75.78878","45.34755","2017","4/23/2017","7:35:00 AM","01 - Clear","01 - Dry","01 - Traffic signal","02 - Intersection related","01 - Daylight","03 - P.D. only","99 - Other"
"5687","GREENBANK RD @ HWY 417 IC129 RAMP57/IRIS ST","360531.64345","5023313.16290","-75.78878","45.34755","2017","3/2/2017","6:22:00 AM","05 - Drifting Snow","06 - Ice","01 - Traffic signal","03 - At intersection","03 - Dawn","03 - P.D. only","02 - Angle"
"5688","GREENBANK RD @ HWY 417 IC129 RAMP57/IRIS ST","360531.66853","5023312.34347","-75.78878","45.34754","2017","3/30/2017","6:34:00 PM","01 - Clear","01 - Dry","01 - Traffic signal","02 - Intersection related","07 - Dark","03 - P.D. only","03 - Rear end"
"5689","GREENBANK RD @ HWY 417 IC129 RAMP57/IRIS ST","360531.43167","5023312.42004","-75.78878","45.34754","2017","12/27/2017","12:30:00 PM","01 - Clear","06 - Ice","01 - Traffic signal","02 - Intersection related","01 - Daylight","03 - P.D. only","03 - Rear end"
"5690","GREENBANK RD @ JOCKVALE RD","364121.35335","5014331.08220","-75.74405","45.26644","2017","6/16/2017","8:54:00 PM","01 - Clear","01 - Dry","01 - Traffic signal","02 - Intersection related","05 - Dusk","03 - P.D. only","03 - Rear end"
"5691","GREENBANK RD @ JOCKVALE RD","364122.69114","5014330.41330","-75.74403","45.26643","2017","6/6/2017","7:50:00 PM","01 - Clear","01 - Dry","01 - Traffic signal","02 - Intersection related","01 - Daylight","02 - Non-fatal injury","03 - Rear end"
"5692","GREENBANK RD @ JOCKVALE RD","364122.02225","5014332.41999","-75.74404","45.26645","2017","5/4/2017","10:10:00 AM","01 - Clear","01 - Dry","01 - Traffic signal","02 - Intersection related","01 - Daylight","03 - P.D. only","04 - Sideswipe"
"5693","GREENBANK RD @ JOCKVALE RD","364121.91369","5014331.32397","-75.74404","45.26644","2017","9/19/2017","5:05:00 PM","01 - Clear","01 - Dry","01 - Traffic signal","03 - At intersection","01 - Daylight","03 - P.D. only","03 - Rear end"
"5694","GREENBANK RD @ JOCKVALE RD","364122.16117","5014331.12336","-75.74404","45.26644","2017","11/3/2017","4:35:00 PM","02 - Rain","02 - Wet","01 - Traffic signal","03 - At intersection","05 - Dusk","03 - P.D. only","03 - Rear end"
"5695","GREENBANK RD @ JOCKVALE RD","364120.74105","5014330.17661","-75.74406","45.26643","2017","12/7/2017","5:04:00 PM","01 - Clear","01 - Dry","01 - Traffic signal","02 - Intersection related","07 - Dark","02 - Non-fatal injury","03 - Rear end"
"5696","GREENBANK RD @ JOCKVALE RD","364123.18874","5014332.28947","-75.74403","45.26645","2017","2/15/2017","6:31:00 PM","03 - Snow","05 - Packed snow","01 - Traffic signal","02 - Intersection related","07 - Dark","03 - P.D. only","03 - Rear end"
"5697","GREENBANK RD @ JOCKVALE RD","364121.14135","5014329.32040","-75.74405","45.26642","2017","1/21/2017","11:44:00 AM","01 - Clear","06 - Ice","01 - Traffic signal","02 - Intersection related","01 - Daylight","03 - P.D. only","03 - Rear end"
"5698","GREENBANK RD @ KILBIRNIE DR","365285.25590","5011656.86110","-75.72955","45.24227","2017","8/19/2017","11:36:00 AM","01 - Clear","01 - Dry","02 - Stop sign","03 - At intersection","01 - Daylight","02 - Non-fatal injury","02 - Angle"
"5699","GREENBANK RD @ LARKIN DR","363176.20453","5016505.26997","-75.75584","45.28608","2017","12/12/2017","3:35:00 PM","03 - Snow","03 - Loose snow","01 - Traffic signal","02 - Intersection related","01 - Daylight","03 - P.D. only","03 - Rear end"
"5700","GREENBANK RD @ LARKIN DR","363176.67790","5016506.21671","-75.75583","45.28609","2017","12/22/2017","10:58:00 AM","03 - Snow","03 - Loose snow","01 - Traffic signal","03 - At intersection","01 - Daylight","02 - Non-fatal injury","05 - Turning movement"
"5701","GREENBANK RD @ LISA AVE","360555.67844","5022892.15431","-75.78852","45.34376","2017","5/18/2017","5:45:00 PM","01 - Clear","01 - Dry","01 - Traffic signal","03 - At intersection","01 - Daylight","03 - P.D. only","05 - Turning movement"
"5702","GREENBANK RD @ LISA AVE","360554.51289","5022893.70811","-75.78854","45.34377","2017","9/1/2017","4:37:00 PM","01 - Clear","01 - Dry","01 - Traffic signal","03 - At intersection","01 - Daylight","02 - Non-fatal injury","02 - Angle"
"5703","GREENBANK RD @ LISA AVE","360555.95715","5022892.21005","-75.78852","45.34376","2017","8/4/2017","10:55:00 PM","02 - Rain","02 - Wet","01 - Traffic signal","02 - Intersection related","07 - Dark","03 - P.D. only","05 - Turning movement"
"5704","GREENBANK RD @ LISA AVE","360555.95715","5022894.77415","-75.78852","45.34378","2017","8/5/2017","5:27:00 PM","01 - Clear","01 - Dry","01 - Traffic signal","02 - Intersection related","01 - Daylight","02 - Non-fatal injury","02 - Angle"