"Record","Location","X","Y","Longitude","Latitude","Year","Date","Time","Environment","Road_Surface","Traffic_Control","Collision_Location","Light","Collision_Classification","Impact_type"
"5705","GREENBANK RD @ LISA AVE","360554.91956","5022893.41299","-75.78853","45.34377","2017","9/6/2017","2:50:00 PM","01 - Clear","01 - Dry","01 - Traffic signal","02 - Intersection related","01 - Daylight","03 - P.D. only","03 - Rear end"
"5706","GREENBANK RD @ LISA AVE","360554.19720","5022893.73105","-75.78854","45.34377","2017","11/11/2017","12:43:00 PM","01 - Clear","01 - Dry","01 - Traffic signal","02 - Intersection related","01 - Daylight","03 - P.D. only","03 - Rear end"
"5707","GREENBANK RD @ LISA AVE","360553.31149","5022895.46703","-75.78855","45.34379","2017","11/23/2017","9:00:00 AM","01 - Clear","02 - Wet","01 - Traffic signal","02 - Intersection related","01 - Daylight","03 - P.D. only","03 - Rear end"
"5708","GREENBANK RD @ LISA AVE","360555.67844","5022892.15431","-75.78852","45.34376","2017","2/16/2017","7:31:00 AM","03 - Snow","03 - Loose snow","01 - Traffic signal","02 - Intersection related","01 - Daylight","03 - P.D. only","03 - Rear end"
"5709","GREENBANK RD @ LISA AVE","360553.17416","5022893.86733","-75.78855","45.34378","2017","2/10/2017","11:17:00 AM","01 - Clear","01 - Dry","01 - Traffic signal","02 - Intersection related","01 - Daylight","02 - Non-fatal injury","03 - Rear end"
"5710","GREENBANK RD @ LISA AVE","360553.67176","5022893.49210","-75.78855","45.34377","2017","4/7/2017","12:36:00 PM","01 - Clear","02 - Wet","01 - Traffic signal","02 - Intersection related","01 - Daylight","03 - P.D. only","03 - Rear end"
"5711","GREENBANK RD @ LISA AVE","360555.67844","5022893.49210","-75.78852","45.34377","2017","4/21/2017","12:11:00 AM","02 - Rain","02 - Wet","01 - Traffic signal","03 - At intersection","07 - Dark","03 - P.D. only","02 - Angle"
"5712","GREENBANK RD @ MALVERN DR/FOXFIELD DR","363311.68636","5016194.43321","-75.75415","45.28327","2017","6/20/2017","2:30:00 PM","01 - Clear","01 - Dry","01 - Traffic signal","03 - At intersection","01 - Daylight","03 - P.D. only","05 - Turning movement"
"5713","GREENBANK RD @ MALVERN DR/FOXFIELD DR","363311.64859","5016194.38587","-75.75415","45.28327","2017","9/30/2017","5:29:00 PM","01 - Clear","01 - Dry","01 - Traffic signal","02 - Intersection related","01 - Daylight","03 - P.D. only","03 - Rear end"
"5714","GREENBANK RD @ MALVERN DR/FOXFIELD DR","363311.79112","5016194.44642","-75.75415","45.28327","2017","10/30/2017","6:32:00 PM","01 - Clear","01 - Dry","01 - Traffic signal","03 - At intersection","07 - Dark","03 - P.D. only","03 - Rear end"
"5715","GREENBANK RD @ MALVERN DR/FOXFIELD DR","363312.03983","5016194.50339","-75.75414","45.28327","2017","9/12/2017","1:18:00 PM","01 - Clear","01 - Dry","01 - Traffic signal","02 - Intersection related","01 - Daylight","03 - P.D. only","03 - Rear end"
"5716","GREENBANK RD @ MALVERN DR/FOXFIELD DR","363311.20850","5016194.19435","-75.75415","45.28327","2017","12/8/2017","10:48:00 AM","01 - Clear","01 - Dry","01 - Traffic signal","03 - At intersection","01 - Daylight","02 - Non-fatal injury","02 - Angle"
"5717","GREENBANK RD @ MALVERN DR/FOXFIELD DR","363311.39952","5016194.82355","-75.75415","45.28327","2017","1/27/2017","11:10:00 AM","01 - Clear","01 - Dry","01 - Traffic signal","03 - At intersection","01 - Daylight","02 - Non-fatal injury","05 - Turning movement"
"5718","GREENBANK RD @ MALVERN DR/FOXFIELD DR","363311.35195","5016195.10220","-75.75415","45.28328","2017","2/15/2017","1:23:00 PM","01 - Clear","02 - Wet","01 - Traffic signal","03 - At intersection","01 - Daylight","02 - Non-fatal injury","05 - Turning movement"
"5719","GREENBANK RD @ MALVERN DR/FOXFIELD DR","363311.52688","5016194.25693","-75.75415","45.28327","2017","2/15/2017","10:35:00 AM","03 - Snow","05 - Packed snow","01 - Traffic signal","02 - Intersection related","01 - Daylight","03 - P.D. only","07 - SMV other"
"5720","GREENBANK RD @ MALVERN DR/FOXFIELD DR","363312.68974","5016195.10220","-75.75414","45.28328","2017","4/5/2017","1:36:00 PM","01 - Clear","01 - Dry","01 - Traffic signal","03 - At intersection","01 - Daylight","02 - Non-fatal injury","05 - Turning movement"
"5721","GREENBANK RD @ MALVERN DR/FOXFIELD DR","363312.02085","5016195.10220","-75.75414","45.28328","2017","3/29/2017","2:24:00 PM","01 - Clear","01 - Dry","01 - Traffic signal","03 - At intersection","01 - Daylight","03 - P.D. only","05 - Turning movement"
"5722","GREENBANK RD @ MALVERN DR/FOXFIELD DR","363310.68306","5016193.76440","-75.75416","45.28326","2017","4/13/2017","8:05:00 PM","01 - Clear","01 - Dry","01 - Traffic signal","03 - At intersection","07 - Dark","02 - Non-fatal injury","05 - Turning movement"
"5723","GREENBANK RD @ MARKETPLACE AVE","364007.71794","5014600.59470","-75.74547","45.26887","2017","8/1/2017","9:00:00 AM","01 - Clear","01 - Dry","01 - Traffic signal","02 - Intersection related","01 - Daylight","03 - P.D. only","04 - Sideswipe"
"5724","GREENBANK RD @ MARKETPLACE AVE","364007.40915","5014602.42629","-75.74547","45.26889","2017","12/12/2017","3:09:00 PM","03 - Snow","03 - Loose snow","01 - Traffic signal","02 - Intersection related","01 - Daylight","03 - P.D. only","03 - Rear end"
"5725","GREENBANK RD @ MARKETPLACE AVE","364009.21427","5014600.47286","-75.74545","45.26887","2017","1/6/2017","11:39:00 AM","01 - Clear","01 - Dry","01 - Traffic signal","02 - Intersection related","01 - Daylight","02 - Non-fatal injury","03 - Rear end"
"5726","GREENBANK RD @ MEADOWBANK DR","360765.34335","5022185.83290","-75.78593","45.33739","2017","6/30/2017","3:12:00 PM","01 - Clear","02 - Wet","02 - Stop sign","02 - Intersection related","01 - Daylight","03 - P.D. only","03 - Rear end"
"5727","GREENBANK RD @ MEADOWBANK DR","360766.28292","5022187.18922","-75.78592","45.33740","2017","11/3/2017","8:22:00 AM","02 - Rain","02 - Wet","02 - Stop sign","02 - Intersection related","01 - Daylight","03 - P.D. only","03 - Rear end"
"5728","GREENBANK RD @ MEADOWBANK DR","360766.48149","5022186.96521","-75.78591","45.33740","2017","12/21/2017","8:04:00 AM","01 - Clear","06 - Ice","02 - Stop sign","02 - Intersection related","01 - Daylight","03 - P.D. only","03 - Rear end"
"5729","GREENBANK RD @ PRINCE OF WALES DR","366201.69120","5009544.50690","-75.71813","45.22319","2017","2/5/2017","10:08:00 PM","03 - Snow","05 - Packed snow","02 - Stop sign","03 - At intersection","07 - Dark","03 - P.D. only","02 - Angle"
"5730","GREENBANK RD @ STRANDHERD DR","363935.35614","5014783.74830","-75.74637","45.27052","2017","6/23/2017","8:09:00 AM","02 - Rain","02 - Wet","01 - Traffic signal","02 - Intersection related","01 - Daylight","03 - P.D. only","03 - Rear end"
"5731","GREENBANK RD @ STRANDHERD DR","363934.01835","5014785.08610","-75.74638","45.27054","2017","6/9/2017","5:50:00 PM","01 - Clear","01 - Dry","01 - Traffic signal","02 - Intersection related","01 - Daylight","03 - P.D. only","03 - Rear end"
"5732","GREENBANK RD @ STRANDHERD DR","363934.19340","5014784.41720","-75.74638","45.27053","2017","5/17/2017","9:42:00 PM","01 - Clear","01 - Dry","01 - Traffic signal","03 - At intersection","07 - Dark","02 - Non-fatal injury","05 - Turning movement"
"5733","GREENBANK RD @ STRANDHERD DR","363933.68388","5014784.41719","-75.74639","45.27053","2017","5/13/2017","4:26:00 PM","01 - Clear","01 - Dry","01 - Traffic signal","02 - Intersection related","01 - Daylight","03 - P.D. only","03 - Rear end"
"5734","GREENBANK RD @ STRANDHERD DR","363934.21938","5014783.61399","-75.74638","45.27052","2017","7/20/2017","12:02:00 PM","01 - Clear","01 - Dry","01 - Traffic signal","02 - Intersection related","01 - Daylight","03 - P.D. only","04 - Sideswipe"
"5735","GREENBANK RD @ STRANDHERD DR","363934.51690","5014785.64602","-75.74638","45.27054","2017","8/5/2017","3:10:00 PM","01 - Clear","01 - Dry","01 - Traffic signal","03 - At intersection","01 - Daylight","03 - P.D. only","05 - Turning movement"
"5736","GREENBANK RD @ STRANDHERD DR","363934.68724","5014785.75499","-75.74638","45.27054","2017","7/12/2017","9:25:00 AM","01 - Clear","01 - Dry","01 - Traffic signal","02 - Intersection related","01 - Daylight","03 - P.D. only","03 - Rear end"
"5737","GREENBANK RD @ STRANDHERD DR","363933.08240","5014784.71795","-75.74640","45.27053","2017","8/10/2017","11:39:00 AM","01 - Clear","01 - Dry","01 - Traffic signal","03 - At intersection","01 - Daylight","03 - P.D. only","03 - Rear end"
"5738","GREENBANK RD @ STRANDHERD DR","363933.46192","5014785.08313","-75.74639","45.27054","2017","8/25/2017","4:47:00 PM","01 - Clear","01 - Dry","01 - Traffic signal","02 - Intersection related","01 - Daylight","03 - P.D. only","03 - Rear end"
"5739","GREENBANK RD @ STRANDHERD DR","363933.34945","5014783.07941","-75.74639","45.27052","2017","7/11/2017","5:07:00 AM","01 - Clear","01 - Dry","01 - Traffic signal","02 - Intersection related","03 - Dawn","03 - P.D. only","03 - Rear end"
"5740","GREENBANK RD @ STRANDHERD DR","363934.96595","5014783.77617","-75.74637","45.27052","2017","7/24/2017","10:10:00 PM","02 - Rain","02 - Wet","01 - Traffic signal","03 - At intersection","07 - Dark","03 - P.D. only","05 - Turning movement"
"5741","GREENBANK RD @ STRANDHERD DR","363933.68390","5014784.64066","-75.74639","45.27053","2017","9/12/2017","4:29:00 PM","01 - Clear","01 - Dry","01 - Traffic signal","02 - Intersection related","01 - Daylight","03 - P.D. only","03 - Rear end"
"5742","GREENBANK RD @ STRANDHERD DR","363933.23697","5014783.29988","-75.74639","45.27052","2017","9/12/2017","8:17:00 AM","01 - Clear","01 - Dry","01 - Traffic signal","02 - Intersection related","01 - Daylight","03 - P.D. only","03 - Rear end"
"5743","GREENBANK RD @ STRANDHERD DR","363934.15727","5014784.65389","-75.74638","45.27053","2017","10/28/2017","11:20:00 AM","01 - Clear","01 - Dry","01 - Traffic signal","02 - Intersection related","01 - Daylight","03 - P.D. only","03 - Rear end"
"5744","GREENBANK RD @ STRANDHERD DR","363934.01963","5014784.27233","-75.74638","45.27053","2017","10/8/2017","10:30:00 AM","02 - Rain","02 - Wet","01 - Traffic signal","02 - Intersection related","01 - Daylight","03 - P.D. only","03 - Rear end"
"5745","GREENBANK RD @ STRANDHERD DR","363933.20600","5014784.17825","-75.74639","45.27053","2017","11/9/2017","9:44:00 PM","01 - Clear","02 - Wet","01 - Traffic signal","03 - At intersection","07 - Dark","03 - P.D. only","05 - Turning movement"
"5746","GREENBANK RD @ STRANDHERD DR","363934.68724","5014785.75499","-75.74638","45.27054","2017","11/18/2017","3:56:00 PM","01 - Clear","01 - Dry","01 - Traffic signal","02 - Intersection related","01 - Daylight","03 - P.D. only","03 - Rear end"
"5747","GREENBANK RD @ STRANDHERD DR","363934.63969","5014784.17825","-75.74638","45.27053","2017","11/3/2017","3:29:00 PM","01 - Clear","01 - Dry","01 - Traffic signal","02 - Intersection related","01 - Daylight","03 - P.D. only","03 - Rear end"
"5748","GREENBANK RD @ STRANDHERD DR","363934.01835","5014783.74830","-75.74638","45.27052","2017","11/18/2017","6:44:00 PM","02 - Rain","02 - Wet","01 - Traffic signal","02 - Intersection related","07 - Dark","02 - Non-fatal injury","03 - Rear end"
"5749","GREENBANK RD @ STRANDHERD DR","363934.63065","5014783.70714","-75.74638","45.27052","2017","12/8/2017","5:58:00 PM","01 - Clear","01 - Dry","01 - Traffic signal","02 - Intersection related","07 - Dark","03 - P.D. only","03 - Rear end"
"5750","GREENBANK RD @ STRANDHERD DR","363933.21053","5014783.70714","-75.74639","45.27052","2017","11/30/2017","7:20:00 AM","01 - Clear","01 - Dry","01 - Traffic signal","02 - Intersection related","01 - Daylight","03 - P.D. only","03 - Rear end"
"5751","GREENBANK RD @ STRANDHERD DR","363933.68390","5014783.70714","-75.74639","45.27052","2017","12/9/2017","4:15:00 PM","01 - Clear","01 - Dry","01 - Traffic signal","02 - Intersection related","05 - Dusk","03 - P.D. only","03 - Rear end"
"5752","GREENBANK RD @ STRANDHERD DR","363932.93343","5014784.79243","-75.74640","45.27053","2017","2/14/2017","11:00:00 PM","03 - Snow","03 - Loose snow","01 - Traffic signal","03 - At intersection","07 - Dark","02 - Non-fatal injury","05 - Turning movement"
"5753","GREENBANK RD @ STRANDHERD DR","363934.15727","5014784.18051","-75.74638","45.27053","2017","1/4/2017","7:05:00 PM","03 - Snow","03 - Loose snow","01 - Traffic signal","02 - Intersection related","07 - Dark","02 - Non-fatal injury","03 - Rear end"
"5754","GREENBANK RD @ STRANDHERD DR","363934.01835","5014784.41720","-75.74638","45.27053","2017","2/15/2017","6:57:00 PM","03 - Snow","04 - Slush","01 - Traffic signal","03 - At intersection","07 - Dark","02 - Non-fatal injury","05 - Turning movement"
"5755","GREENBANK RD @ STRANDHERD DR","363932.68056","5014784.41720","-75.74640","45.27053","2017","3/2/2017","12:08:00 PM","01 - Clear","01 - Dry","01 - Traffic signal","02 - Intersection related","01 - Daylight","03 - P.D. only","03 - Rear end"
"5756","GREENBANK RD @ STRANDHERD DR","363934.01835","5014785.75499","-75.74638","45.27054","2017","3/24/2017","9:00:00 AM","03 - Snow","03 - Loose snow","01 - Traffic signal","02 - Intersection related","01 - Daylight","03 - P.D. only","03 - Rear end"
"5757","GREENBANK RD @ STRANDHERD DR","363934.68724","5014783.74830","-75.74638","45.27052","2017","4/8/2017","11:26:00 AM","01 - Clear","01 - Dry","01 - Traffic signal","02 - Intersection related","01 - Daylight","02 - Non-fatal injury","03 - Rear end"
"5758","GREENBANK RD @ STRANDHERD DR","363932.68056","5014784.41720","-75.74640","45.27053","2017","2/21/2017","12:50:00 PM","01 - Clear","01 - Dry","01 - Traffic signal","02 - Intersection related","01 - Daylight","03 - P.D. only","03 - Rear end"
"5759","GREENBANK RD @ STRANDHERD DR","363933.68390","5014784.79243","-75.74639","45.27053","2017","3/24/2017","12:07:00 PM","02 - Rain","02 - Wet","01 - Traffic signal","02 - Intersection related","01 - Daylight","03 - P.D. only","03 - Rear end"
"5760","GREENBANK RD @ STRANDHERD DR","363934.01835","5014785.08610","-75.74638","45.27054","2017","2/22/2017","6:44:00 PM","01 - Clear","01 - Dry","01 - Traffic signal","03 - At intersection","07 - Dark","03 - P.D. only","05 - Turning movement"
"5761","GREENBANK RD @ STRANDHERD DR","363934.01835","5014783.07941","-75.74638","45.27052","2017","3/12/2017","3:12:00 PM","01 - Clear","01 - Dry","01 - Traffic signal","02 - Intersection related","01 - Daylight","03 - P.D. only","04 - Sideswipe"
"5762","GREENBANK RD @ STRANDHERD DR","363935.09830","5014784.20637","-75.74637","45.27053","2017","12/22/2017","12:35:00 PM","03 - Snow","03 - Loose snow","01 - Traffic signal","02 - Intersection related","01 - Daylight","03 - P.D. only","04 - Sideswipe"
"5763","GREENBANK RD @ WEST HUNT CLUB RD","361480.68034","5020502.47920","-75.77699","45.32218","2017","5/18/2017","2:20:00 PM","01 - Clear","01 - Dry","01 - Traffic signal","02 - Intersection related","01 - Daylight","03 - P.D. only","03 - Rear end"
"5764","GREENBANK RD @ WEST HUNT CLUB RD","361478.87537","5020501.28971","-75.77702","45.32217","2017","5/31/2017","1:04:00 PM","01 - Clear","01 - Dry","01 - Traffic signal","02 - Intersection related","01 - Daylight","02 - Non-fatal injury","03 - Rear end"
"5765","GREENBANK RD @ WEST HUNT CLUB RD","361477.87249","5020502.17845","-75.77703","45.32218","2017","6/16/2017","11:25:00 PM","01 - Clear","01 - Dry","01 - Traffic signal","02 - Intersection related","07 - Dark","03 - P.D. only","03 - Rear end"
"5766","GREENBANK RD @ WEST HUNT CLUB RD","361479.67700","5020501.57694","-75.77701","45.32218","2017","7/20/2017","9:28:00 PM","01 - Clear","01 - Dry","01 - Traffic signal","02 - Intersection related","07 - Dark","03 - P.D. only","03 - Rear end"
"5767","GREENBANK RD @ WEST HUNT CLUB RD","361480.78688","5020501.36932","-75.77699","45.32217","2017","8/27/2017","11:35:00 AM","01 - Clear","01 - Dry","01 - Traffic signal","02 - Intersection related","01 - Daylight","02 - Non-fatal injury","03 - Rear end"
"5768","GREENBANK RD @ WEST HUNT CLUB RD","361480.34293","5020501.36932","-75.77700","45.32217","2017","8/29/2017","3:36:00 PM","01 - Clear","01 - Dry","01 - Traffic signal","02 - Intersection related","01 - Daylight","03 - P.D. only","03 - Rear end"
"5769","GREENBANK RD @ WEST HUNT CLUB RD","361479.07550","5020502.77995","-75.77701","45.32219","2017","7/19/2017","10:28:00 AM","01 - Clear","01 - Dry","01 - Traffic signal","02 - Intersection related","01 - Daylight","03 - P.D. only","03 - Rear end"
"5770","GREENBANK RD @ WEST HUNT CLUB RD","361479.67700","5020502.16022","-75.77701","45.32218","2017","7/15/2017","8:48:00 PM","01 - Clear","01 - Dry","01 - Traffic signal","03 - At intersection","05 - Dusk","03 - P.D. only","05 - Turning movement"
"5771","GREENBANK RD @ WEST HUNT CLUB RD","361478.59152","5020503.29331","-75.77702","45.32219","2017","10/18/2017","7:27:00 AM","01 - Clear","01 - Dry","01 - Traffic signal","02 - Intersection related","01 - Daylight","03 - P.D. only","03 - Rear end"
"5772","GREENBANK RD @ WEST HUNT CLUB RD","361478.72121","5020503.19605","-75.77702","45.32219","2017","9/19/2017","1:36:00 PM","01 - Clear","01 - Dry","01 - Traffic signal","02 - Intersection related","01 - Daylight","03 - P.D. only","03 - Rear end"
"5773","GREENBANK RD @ WEST HUNT CLUB RD","361479.67700","5020501.76235","-75.77701","45.32218","2017","11/24/2017","3:42:00 PM","01 - Clear","01 - Dry","01 - Traffic signal","02 - Intersection related","01 - Daylight","03 - P.D. only","03 - Rear end"
"5774","GREENBANK RD @ WEST HUNT CLUB RD","361479.67700","5020501.76235","-75.77701","45.32218","2017","12/12/2017","8:26:00 AM","03 - Snow","05 - Packed snow","01 - Traffic signal","02 - Intersection related","01 - Daylight","03 - P.D. only","07 - SMV other"
"5775","GREENBANK RD @ WEST HUNT CLUB RD","361479.67700","5020503.66263","-75.77701","45.32219","2017","11/6/2017","9:09:00 PM","01 - Clear","01 - Dry","01 - Traffic signal","03 - At intersection","07 - Dark","02 - Non-fatal injury","03 - Rear end"
"5776","GREENBANK RD @ WEST HUNT CLUB RD","361479.67700","5020502.71815","-75.77701","45.32219","2017","12/7/2017","5:09:00 PM","01 - Clear","01 - Dry","01 - Traffic signal","02 - Intersection related","07 - Dark","03 - P.D. only","03 - Rear end"
"5777","GREENBANK RD @ WEST HUNT CLUB RD","361479.34255","5020501.81030","-75.77701","45.32218","2017","2/16/2017","7:44:00 AM","03 - Snow","06 - Ice","01 - Traffic signal","02 - Intersection related","01 - Daylight","03 - P.D. only","03 - Rear end"
"5778","GREENBANK RD @ WEST HUNT CLUB RD","361481.09840","5020501.97753","-75.77699","45.32218","2017","2/15/2017","6:40:00 PM","03 - Snow","04 - Slush","01 - Traffic signal","02 - Intersection related","07 - Dark","03 - P.D. only","04 - Sideswipe"
"5779","GREENBANK RD @ WEST HUNT CLUB RD","361479.34255","5020502.47920","-75.77701","45.32218","2017","2/16/2017","7:02:00 AM","03 - Snow","06 - Ice","01 - Traffic signal","03 - At intersection","03 - Dawn","03 - P.D. only","02 - Angle"
"5780","GREENBANK RD @ WEST HUNT CLUB RD","361480.22345","5020501.93275","-75.77700","45.32218","2017","1/27/2017","4:55:00 PM","02 - Rain","02 - Wet","01 - Traffic signal","02 - Intersection related","05 - Dusk","03 - P.D. only","03 - Rear end"
"5781","GREENBANK RD @ WEST HUNT CLUB RD","361480.01145","5020502.47920","-75.77700","45.32218","2017","3/14/2017","8:11:00 PM","03 - Snow","03 - Loose snow","01 - Traffic signal","02 - Intersection related","07 - Dark","02 - Non-fatal injury","07 - SMV other"
"5782","GREENBANK RD @ WEST HUNT CLUB RD","361478.17606","5020502.85443","-75.77703","45.32219","2017","3/29/2017","3:33:00 PM","01 - Clear","01 - Dry","01 - Traffic signal","02 - Intersection related","01 - Daylight","03 - P.D. only","03 - Rear end"
"5783","GREENBANK RD @ WEST HUNT CLUB RD","361480.01145","5020503.14810","-75.77700","45.32219","2017","3/28/2017","9:47:00 PM","01 - Clear","01 - Dry","01 - Traffic signal","02 - Intersection related","07 - Dark","03 - P.D. only","03 - Rear end"
"5784","GREENBANK RD @ WEST HUNT CLUB RD","361480.01145","5020501.81030","-75.77700","45.32218","2017","3/13/2017","7:20:00 AM","01 - Clear","01 - Dry","01 - Traffic signal","02 - Intersection related","01 - Daylight","03 - P.D. only","03 - Rear end"
"5785","GREENBANK RD @ WEST HUNT CLUB RD","361480.01145","5020501.81030","-75.77700","45.32218","2017","3/10/2017","8:09:00 AM","01 - Clear","01 - Dry","01 - Traffic signal","02 - Intersection related","01 - Daylight","02 - Non-fatal injury","03 - Rear end"
"5786","GREENBANK RD @ WEST HUNT CLUB RD","361480.68034","5020502.47920","-75.77699","45.32218","2017","4/5/2017","4:18:00 PM","01 - Clear","01 - Dry","01 - Traffic signal","02 - Intersection related","01 - Daylight","03 - P.D. only","03 - Rear end"
"5787","GREENBANK RD btwn 220 N OF STRANDHERD DR & STRANDHERD DR","363926.81505","5014803.67092","-75.74647","45.27070","2017","9/3/2017","3:24:00 PM","01 - Clear","01 - Dry","10 - No control","01 - Non intersection","01 - Daylight","02 - Non-fatal injury","03 - Rear end"
"5788","GREENBANK RD btwn BANNER RD & CANFIELD RD","361076.24502","5021436.73320","-75.78205","45.33062","2017","2/19/2017","3:17:00 AM","01 - Clear","02 - Wet","10 - No control","01 - Non intersection","07 - Dark","02 - Non-fatal injury","07 - SMV other"
"5789","GREENBANK RD btwn BARNSDALE RD & VIEWBANK RD","365703.89649","5010652.34612","-75.72434","45.23320","2017","10/27/2017","10:03:00 AM","01 - Clear","01 - Dry","10 - No control","01 - Non intersection","01 - Daylight","02 - Non-fatal injury","07 - SMV other"
"5790","GREENBANK RD btwn BATEMAN DR/BELLMAN DR & GREENBANK SQUARE SC","361290.45476","5020943.91030","-75.77937","45.32617","2017","5/10/2017","10:50:00 AM","01 - Clear","01 - Dry","10 - No control","01 - Non intersection","01 - Daylight","03 - P.D. only","99 - Other"
"5791","GREENBANK RD btwn BATEMAN DR/BELLMAN DR & GREENBANK SQUARE SC","361299.48487","5020919.16114","-75.77926","45.32595","2017","7/11/2017","12:50:00 PM","01 - Clear","01 - Dry","10 - No control","04 - At/near private drive","01 - Daylight","02 - Non-fatal injury","02 - Angle"
"5792","GREENBANK RD btwn BATEMAN DR/BELLMAN DR & GREENBANK SQUARE SC","361322.14742","5020862.88914","-75.77897","45.32544","2017","10/24/2017","3:40:00 PM","01 - Clear","01 - Dry","10 - No control","01 - Non intersection","01 - Daylight","03 - P.D. only","07 - SMV other"
"5793","GREENBANK RD btwn BATEMAN DR/BELLMAN DR & GREENBANK SQUARE SC","361263.30272","5020999.50074","-75.77971","45.32667","2017","9/23/2017","5:30:00 PM","01 - Clear","01 - Dry","10 - No control","04 - At/near private drive","01 - Daylight","02 - Non-fatal injury","02 - Angle"
"5794","GREENBANK RD btwn BATEMAN DR/BELLMAN DR & GREENBANK SQUARE SC","361278.43910","5020969.83412","-75.77952","45.32641","2017","2/12/2017","1:35:00 PM","03 - Snow","03 - Loose snow","10 - No control","04 - At/near private drive","01 - Daylight","03 - P.D. only","03 - Rear end"
"5795","GREENBANK RD btwn BATEMAN DR/BELLMAN DR & GREENBANK SQUARE SC","361292.69801","5020927.80785","-75.77934","45.32603","2017","3/24/2017","8:00:00 AM","01 - Clear","04 - Slush","10 - No control","01 - Non intersection","01 - Daylight","03 - P.D. only","03 - Rear end"
"5796","GREENBANK RD btwn BATEMAN DR/BELLMAN DR & GREENBANK SQUARE SC","361325.69056","5020857.60214","-75.77893","45.32539","2017","3/24/2017","11:15:00 AM","03 - Snow","04 - Slush","10 - No control","01 - Non intersection","01 - Daylight","03 - P.D. only","03 - Rear end"
"5797","GREENBANK RD btwn CANFIELD RD & BELLMAN DR","361210.79736","5021121.90945","-75.78037","45.32778","2017","9/4/2017","5:05:00 PM","02 - Rain","02 - Wet","10 - No control","04 - At/near private drive","01 - Daylight","02 - Non-fatal injury","02 - Angle"
"5798","GREENBANK RD btwn CANFIELD RD & BELLMAN DR","361111.26532","5021349.20734","-75.78161","45.32983","2017","10/31/2017","8:53:00 AM","01 - Clear","01 - Dry","10 - No control","01 - Non intersection","01 - Daylight","03 - P.D. only","04 - Sideswipe"
"5799","GREENBANK RD btwn CANFIELD RD & BELLMAN DR","361218.88286","5021109.12770","-75.78026","45.32766","2017","11/27/2017","12:30:00 PM","01 - Clear","01 - Dry","10 - No control","01 - Non intersection","01 - Daylight","03 - P.D. only","03 - Rear end"
"5800","GREENBANK RD btwn CANFIELD RD & BELLMAN DR","361200.99768","5021146.19270","-75.78049","45.32800","2017","2/22/2017","1:32:00 PM","01 - Clear","02 - Wet","10 - No control","04 - At/near private drive","01 - Daylight","03 - P.D. only","02 - Angle"
"5801","GREENBANK RD btwn FALLOWFIELD RD & LARKIN DR","363091.04359","5016709.71283","-75.75690","45.28792","2017","6/22/2017","8:53:00 AM","01 - Clear","01 - Dry","10 - No control","01 - Non intersection","01 - Daylight","02 - Non-fatal injury","05 - Turning movement"
"5802","GREENBANK RD btwn FALLOWFIELD RD & LARKIN DR","363166.08717","5016531.29745","-75.75596","45.28631","2017","11/21/2017","2:05:00 PM","01 - Clear","02 - Wet","10 - No control","01 - Non intersection","01 - Daylight","02 - Non-fatal injury","03 - Rear end"
"5803","GREENBANK RD btwn FALLOWFIELD RD & LARKIN DR","363101.22528","5016688.72770","-75.75677","45.28774","2017","12/13/2017","11:42:00 PM","01 - Clear","05 - Packed snow","10 - No control","01 - Non intersection","07 - Dark","03 - P.D. only","07 - SMV other"
"5804","GREENBANK RD btwn GIBBARD AVE & WEST HUNT CLUB RD","361439.05573","5020593.99652","-75.77751","45.32301","2017","11/9/2017","6:40:00 PM","03 - Snow","02 - Wet","10 - No control","01 - Non intersection","07 - Dark","03 - P.D. only","04 - Sideswipe"
"5805","GREENBANK RD btwn GIBBARD AVE & WEST HUNT CLUB RD","361435.35031","5020602.34162","-75.77756","45.32309","2017","3/24/2017","7:42:00 PM","03 - Snow","04 - Slush","10 - No control","01 - Non intersection","07 - Dark","03 - P.D. only","07 - SMV other"
"5806","GREENBANK RD btwn GIBBARD AVE & WEST HUNT CLUB RD","361440.01153","5020593.51863","-75.77750","45.32301","2017","12/27/2017","4:03:00 PM","01 - Clear","01 - Dry","10 - No control","01 - Non intersection","05 - Dusk","03 - P.D. only","04 - Sideswipe"
"5807","GREENBANK RD btwn GREENBANK SQUARE SC & GIBBARD AVE","361341.85435","5020816.42942","-75.77873","45.32502","2017","8/13/2017","3:52:00 PM","01 - Clear","01 - Dry","10 - No control","01 - Non intersection","01 - Daylight","03 - P.D. only","03 - Rear end"
"5808","GREENBANK RD btwn GREENBANK SQUARE SC & GIBBARD AVE","361405.09506","5020676.39224","-75.77794","45.32375","2017","7/6/2017","10:25:00 AM","01 - Clear","01 - Dry","10 - No control","04 - At/near private drive","01 - Daylight","02 - Non-fatal injury","05 - Turning movement"