"Record","Location","X","Y","Longitude","Latitude","Year","Date","Time","Environment","Road_Surface","Traffic_Control","Collision_Location","Light","Collision_Classification","Impact_type"
"5809","GREENBANK RD btwn GREENBANK SQUARE SC & GIBBARD AVE","361400.53217","5020685.53635","-75.77800","45.32384","2017","9/10/2017","3:22:00 PM","01 - Clear","01 - Dry","10 - No control","04 - At/near private drive","01 - Daylight","02 - Non-fatal injury","07 - SMV other"
"5810","GREENBANK RD btwn GREENBANK SQUARE SC & GIBBARD AVE","361412.51652","5020655.10681","-75.77785","45.32356","2017","1/5/2017","4:15:00 PM","01 - Clear","04 - Slush","10 - No control","04 - At/near private drive","05 - Dusk","03 - P.D. only","02 - Angle"
"5811","GREENBANK RD btwn HARRISON ST & BANNER RD","360983.91872","5021659.44292","-75.78320","45.33263","2017","10/24/2017","3:45:00 PM","01 - Clear","01 - Dry","10 - No control","01 - Non intersection","01 - Daylight","03 - P.D. only","07 - SMV other"
"5812","GREENBANK RD btwn HARRISON ST & BANNER RD","360877.58176","5021915.05625","-75.78453","45.33494","2017","9/12/2017","8:32:00 AM","01 - Clear","01 - Dry","10 - No control","01 - Non intersection","01 - Daylight","03 - P.D. only","03 - Rear end"
"5813","GREENBANK RD btwn HARRISON ST & BANNER RD","360858.07635","5021960.00286","-75.78477","45.33535","2017","12/13/2017","4:20:00 PM","01 - Clear","02 - Wet","10 - No control","01 - Non intersection","05 - Dusk","03 - P.D. only","07 - SMV other"
"5814","GREENBANK RD btwn HARRISON ST & BANNER RD","360877.47434","5021912.51122","-75.78453","45.33492","2017","4/14/2017","6:13:00 PM","01 - Clear","01 - Dry","10 - No control","01 - Non intersection","01 - Daylight","02 - Non-fatal injury","03 - Rear end"
"5815","GREENBANK RD btwn HARRISON ST & BANNER RD","360844.02953","5021994.11657","-75.78495","45.33566","2017","3/22/2017","7:12:00 PM","01 - Clear","01 - Dry","10 - No control","01 - Non intersection","07 - Dark","03 - P.D. only","03 - Rear end"
"5816","GREENBANK RD btwn HWY 417 IC129 RAMP57/IRIS ST & HWY417 IC129 RAMP25","360526.29228","5023328.54751","-75.78885","45.34769","2017","4/24/2017","2:48:00 PM","01 - Clear","01 - Dry","10 - No control","01 - Non intersection","01 - Daylight","03 - P.D. only","04 - Sideswipe"
"5817","GREENBANK RD btwn HWY417 IC129 RAMP35 & HWY417 IC129 RAMP25","360513.85385","5023359.87038","-75.78900","45.34797","2017","7/7/2017","4:00:00 PM","02 - Rain","02 - Wet","10 - No control","07 - Overpass or bridge","01 - Daylight","03 - P.D. only","04 - Sideswipe"
"5818","GREENBANK RD btwn HWY417 IC129 RAMP35 & HWY417 IC129 RAMP25","360514.46291","5023360.64463","-75.78900","45.34798","2017","12/29/2017","4:07:00 PM","01 - Clear","01 - Dry","10 - No control","01 - Non intersection","05 - Dusk","03 - P.D. only","03 - Rear end"
"5819","GREENBANK RD btwn JOCKVALE RD & CAMBRIAN RD","364484.06724","5013508.51081","-75.73953","45.25900","2017","6/17/2017","2:58:00 AM","01 - Clear","02 - Wet","10 - No control","01 - Non intersection","07 - Dark","03 - P.D. only","07 - SMV other"
"5820","GREENBANK RD btwn JOCKVALE RD & CAMBRIAN RD","364323.80664","5013864.82336","-75.74153","45.26222","2017","11/11/2017","12:15:00 PM","01 - Clear","01 - Dry","10 - No control","04 - At/near private drive","01 - Daylight","03 - P.D. only","02 - Angle"
"5821","GREENBANK RD btwn JOCKVALE RD & CAMBRIAN RD","364254.46372","5014029.40996","-75.74239","45.26371","2017","11/27/2017","8:02:00 AM","05 - Drifting Snow","06 - Ice","10 - No control","01 - Non intersection","01 - Daylight","03 - P.D. only","03 - Rear end"
"5822","GREENBANK RD btwn JOCKVALE RD & CAMBRIAN RD","364159.48044","5014243.45678","-75.74358","45.26564","2017","11/27/2017","8:01:00 AM","01 - Clear","02 - Wet","10 - No control","01 - Non intersection","01 - Daylight","03 - P.D. only","03 - Rear end"
"5823","GREENBANK RD btwn JOCKVALE RD & CAMBRIAN RD","364381.71497","5013360.83607","-75.74085","45.25768","2017","1/15/2017","1:14:00 AM","01 - Clear","02 - Wet","10 - No control","01 - Non intersection","07 - Dark","03 - P.D. only","07 - SMV other"
"5824","GREENBANK RD btwn JOCKVALE RD & CAMBRIAN RD","364370.39663","5013407.54479","-75.74099","45.25810","2017","4/23/2017","12:43:00 AM","01 - Clear","01 - Dry","10 - No control","01 - Non intersection","07 - Dark","03 - P.D. only","07 - SMV other"
"5825","GREENBANK RD btwn JOCKVALE RD & CAMBRIAN RD","364499.27833","5013205.60404","-75.73937","45.25628","2017","3/22/2017","11:12:00 AM","01 - Clear","01 - Dry","10 - No control","01 - Non intersection","01 - Daylight","03 - P.D. only","03 - Rear end"
"5826","GREENBANK RD btwn LARKIN DR & MALVERN DR","363221.15951","5016401.43668","-75.75528","45.28514","2017","6/26/2017","3:45:00 PM","01 - Clear","01 - Dry","10 - No control","01 - Non intersection","01 - Daylight","03 - P.D. only","04 - Sideswipe"
"5827","GREENBANK RD btwn LARKIN DR & MALVERN DR","363195.44885","5016464.21876","-75.75560","45.28571","2017","9/12/2017","5:50:00 PM","01 - Clear","01 - Dry","10 - No control","04 - At/near private drive","01 - Daylight","03 - P.D. only","05 - Turning movement"
"5828","GREENBANK RD btwn LARKIN DR & MALVERN DR","363269.21148","5016294.09885","-75.75468","45.28417","2017","3/20/2017","5:09:00 PM","01 - Clear","01 - Dry","10 - No control","01 - Non intersection","01 - Daylight","03 - P.D. only","03 - Rear end"
"5829","GREENBANK RD btwn LISA AVE & BASELINE RD","360551.66507","5022822.58909","-75.78858","45.34313","2017","1/28/2017","10:29:00 AM","03 - Snow","02 - Wet","10 - No control","01 - Non intersection","01 - Daylight","03 - P.D. only","04 - Sideswipe"
"5830","GREENBANK RD btwn MONTEREY DR & MEADOWBANK DR","360675.10365","5022397.40343","-75.78705","45.33930","2017","9/2/2017","5:34:00 AM","01 - Clear","01 - Dry","10 - No control","01 - Non intersection","07 - Dark","03 - P.D. only","07 - SMV other"
"5831","GREENBANK RD btwn MONTEREY DR & MEADOWBANK DR","360676.92665","5022401.22325","-75.78703","45.33933","2017","10/29/2017","3:33:00 PM","02 - Rain","02 - Wet","10 - No control","01 - Non intersection","01 - Daylight","02 - Non-fatal injury","01 - Approaching"
"5832","GREENBANK RD btwn MONTEREY DR & MEADOWBANK DR","360657.94534","5022442.98052","-75.78727","45.33971","2017","10/29/2017","3:01:00 AM","02 - Rain","02 - Wet","10 - No control","01 - Non intersection","07 - Dark","03 - P.D. only","03 - Rear end"
"5833","GREENBANK RD btwn NE/OT BOUNDARY & MONTEREY DR","360635.47694","5022493.53030","-75.78755","45.34017","2017","5/7/2017","12:45:00 PM","01 - Clear","02 - Wet","10 - No control","01 - Non intersection","01 - Daylight","02 - Non-fatal injury","03 - Rear end"
"5834","GREENBANK RD btwn NE/OT BOUNDARY & MONTEREY DR","360643.56244","5022474.34488","-75.78745","45.33999","2017","11/5/2017","10:44:00 AM","02 - Rain","02 - Wet","10 - No control","01 - Non intersection","01 - Daylight","03 - P.D. only","03 - Rear end"
"5835","GREENBANK RD btwn STRANDHERD DR & MARKETPLACE AVE","363993.97463","5014636.30331","-75.74564","45.26919","2017","5/13/2017","7:15:00 PM","01 - Clear","01 - Dry","10 - No control","01 - Non intersection","01 - Daylight","03 - P.D. only","04 - Sideswipe"
"5836","GREENBANK RD btwn STRANDHERD DR & MARKETPLACE AVE","363968.52960","5014699.38331","-75.74595","45.26976","2017","1/19/2017","5:50:00 PM","01 - Clear","02 - Wet","10 - No control","01 - Non intersection","07 - Dark","02 - Non-fatal injury","04 - Sideswipe"
"5837","GREENBANK RD btwn VIEWBANK RD & PRINCE OF WALES DR","366109.47131","5009679.92777","-75.71929","45.22441","2017","6/26/2017","9:00:00 PM","02 - Rain","02 - Wet","10 - No control","01 - Non intersection","05 - Dusk","03 - P.D. only","07 - SMV other"
"5838","GREENBANK RD btwn WEST HUNT CLUB RD & FALLOWFIELD RD","363018.13389","5016878.27470","-75.75781","45.28945","2017","6/7/2017","7:58:00 AM","01 - Clear","01 - Dry","10 - No control","01 - Non intersection","01 - Daylight","03 - P.D. only","03 - Rear end"
"5839","GREENBANK RD btwn WEST HUNT CLUB RD & FALLOWFIELD RD","361521.48302","5020407.49592","-75.77648","45.32133","2017","5/15/2017","6:38:00 AM","01 - Clear","01 - Dry","10 - No control","01 - Non intersection","01 - Daylight","03 - P.D. only","03 - Rear end"
"5840","GREENBANK RD btwn WEST HUNT CLUB RD & FALLOWFIELD RD","362880.89159","5017191.48279","-75.75952","45.29228","2017","8/26/2017","5:07:00 AM","01 - Clear","01 - Dry","10 - No control","01 - Non intersection","07 - Dark","03 - P.D. only","07 - SMV other"
"5841","GREENBANK RD btwn WEST HUNT CLUB RD & FALLOWFIELD RD","361558.64140","5020322.54393","-75.77602","45.32056","2017","8/18/2017","1:13:00 AM","02 - Rain","02 - Wet","10 - No control","01 - Non intersection","07 - Dark","03 - P.D. only","07 - SMV other"
"5842","GREENBANK RD btwn WEST HUNT CLUB RD & FALLOWFIELD RD","363039.17194","5016835.91395","-75.75755","45.28906","2017","8/10/2017","6:20:00 PM","01 - Clear","01 - Dry","10 - No control","01 - Non intersection","01 - Daylight","03 - P.D. only","03 - Rear end"
"5843","GREENBANK RD btwn WEST HUNT CLUB RD & FALLOWFIELD RD","363072.98339","5016751.18440","-75.75713","45.28830","2017","7/10/2017","5:28:00 PM","01 - Clear","01 - Dry","10 - No control","01 - Non intersection","01 - Daylight","03 - P.D. only","07 - SMV other"
"5844","GREENBANK RD btwn WEST HUNT CLUB RD & FALLOWFIELD RD","362672.50776","5017668.29139","-75.76212","45.29658","2017","9/15/2017","3:35:00 PM","01 - Clear","01 - Dry","10 - No control","01 - Non intersection","01 - Daylight","03 - P.D. only","07 - SMV other"
"5845","GREENBANK RD btwn WEST HUNT CLUB RD & FALLOWFIELD RD","362886.90313","5017193.46481","-75.75945","45.29229","2017","11/26/2017","7:41:00 PM","03 - Snow","03 - Loose snow","10 - No control","01 - Non intersection","07 - Dark","03 - P.D. only","07 - SMV other"
"5846","GREENBANK RD btwn WEST HUNT CLUB RD & FALLOWFIELD RD","361519.44031","5020408.92890","-75.77651","45.32134","2017","12/6/2017","2:48:00 PM","01 - Clear","01 - Dry","10 - No control","01 - Non intersection","01 - Daylight","03 - P.D. only","07 - SMV other"
"5847","GREENBANK RD btwn WEST HUNT CLUB RD & FALLOWFIELD RD","362689.55128","5017652.40970","-75.76191","45.29644","2017","12/13/2017","9:29:00 AM","01 - Clear","06 - Ice","10 - No control","01 - Non intersection","01 - Daylight","02 - Non-fatal injury","07 - SMV other"
"5848","GREENBANK RD btwn WEST HUNT CLUB RD & FALLOWFIELD RD","363001.41149","5016918.40848","-75.75802","45.28981","2017","12/13/2017","9:58:00 AM","03 - Snow","05 - Packed snow","10 - No control","01 - Non intersection","01 - Daylight","02 - Non-fatal injury","07 - SMV other"
"5849","GREENBANK RD btwn WEST HUNT CLUB RD & FALLOWFIELD RD","361517.89507","5020413.56359","-75.77653","45.32138","2017","11/21/2017","7:10:00 PM","01 - Clear","01 - Dry","10 - No control","01 - Non intersection","07 - Dark","02 - Non-fatal injury","03 - Rear end"
"5850","GREENBANK RD btwn WEST HUNT CLUB RD & FALLOWFIELD RD","362286.53664","5018572.79326","-75.76694","45.30475","2017","1/29/2017","1:40:00 AM","03 - Snow","03 - Loose snow","10 - No control","01 - Non intersection","07 - Dark","03 - P.D. only","07 - SMV other"
"5851","GREENBANK RD btwn WEST HUNT CLUB RD & FALLOWFIELD RD","361870.62981","5019591.49867","-75.77213","45.31396","2017","2/14/2017","8:57:00 PM","03 - Snow","03 - Loose snow","10 - No control","01 - Non intersection","07 - Dark","02 - Non-fatal injury","01 - Approaching"
"5852","GREENBANK RD btwn WEST HUNT CLUB RD & FALLOWFIELD RD","362684.56934","5017654.09533","-75.76197","45.29646","2017","1/27/2017","8:30:00 PM","03 - Snow","06 - Ice","10 - No control","01 - Non intersection","07 - Dark","03 - P.D. only","07 - SMV other"
"5853","GREENBANK RD btwn WEST HUNT CLUB RD & FALLOWFIELD RD","362680.12960","5017649.21310","-75.76203","45.29641","2017","2/7/2017","8:39:00 AM","03 - Snow","03 - Loose snow","10 - No control","01 - Non intersection","01 - Daylight","02 - Non-fatal injury","01 - Approaching"
"5854","GREENBANK RD btwn WEST HUNT CLUB RD & FALLOWFIELD RD","362690.32067","5017648.26513","-75.76190","45.29640","2017","2/7/2017","1:24:00 PM","05 - Drifting Snow","03 - Loose snow","10 - No control","01 - Non intersection","01 - Daylight","02 - Non-fatal injury","01 - Approaching"
"5855","GREENBANK RD btwn WEST HUNT CLUB RD & FALLOWFIELD RD","362882.67792","5017191.74638","-75.75950","45.29228","2017","1/27/2017","8:08:00 PM","04 - Freezing Rain","06 - Ice","10 - No control","01 - Non intersection","07 - Dark","03 - P.D. only","07 - SMV other"
"5856","GREENBANK RD btwn WEST HUNT CLUB RD & FALLOWFIELD RD","362981.96325","5016966.79006","-75.75826","45.29025","2017","1/4/2017","9:11:00 PM","03 - Snow","06 - Ice","10 - No control","01 - Non intersection","07 - Dark","03 - P.D. only","07 - SMV other"
"5857","GREENBANK RD btwn WEST HUNT CLUB RD & FALLOWFIELD RD","363041.87789","5016825.35147","-75.75751","45.28897","2017","1/19/2017","10:33:00 AM","01 - Clear","02 - Wet","10 - No control","01 - Non intersection","01 - Daylight","02 - Non-fatal injury","01 - Approaching"
"5858","GREENBANK RD btwn WEST HUNT CLUB RD & FALLOWFIELD RD","362251.41521","5018663.09219","-75.76738","45.30557","2017","3/24/2017","9:55:00 PM","03 - Snow","03 - Loose snow","10 - No control","01 - Non intersection","07 - Dark","02 - Non-fatal injury","07 - SMV other"
"5859","GREENBANK RD btwn WEST HUNT CLUB RD & FALLOWFIELD RD","362269.98052","5018621.62397","-75.76714","45.30520","2017","3/24/2017","9:37:00 PM","03 - Snow","03 - Loose snow","10 - No control","01 - Non intersection","07 - Dark","03 - P.D. only","07 - SMV other"
"5860","GREENBANK RD btwn WEST HUNT CLUB RD & FALLOWFIELD RD","361679.21134","5020046.34434","-75.77451","45.31806","2017","12/19/2017","8:51:00 AM","03 - Snow","03 - Loose snow","10 - No control","01 - Non intersection","01 - Daylight","02 - Non-fatal injury","07 - SMV other"
"5861","GREENBANK RD NB btwn TO BE DETERMINED & HWY417 IC129 RAMP51","360559.06820","5023219.51741","-75.78844","45.34671","2017","5/23/2017","11:02:00 AM","01 - Clear","01 - Dry","10 - No control","01 - Non intersection","01 - Daylight","03 - P.D. only","03 - Rear end"
"5862","GREENBANK RD SB btwn HWY417 IC129 RAMP53 & MORRISON DR","360534.31903","5023248.94885","-75.78876","45.34697","2017","5/23/2017","2:10:00 PM","01 - Clear","01 - Dry","10 - No control","01 - Non intersection","01 - Daylight","03 - P.D. only","04 - Sideswipe"
"5863","GREENBANK RD SB btwn TO BE DETERMINED & MORRISON DR","360552.33396","5022991.81986","-75.78855","45.34466","2017","11/24/2017","8:52:00 AM","01 - Clear","01 - Dry","10 - No control","01 - Non intersection","01 - Daylight","02 - Non-fatal injury","03 - Rear end"
"5864","GREENCREST PL @ NORTHVIEW RD","365290.03375","5025022.51560","-75.72785","45.36254","2017","1/30/2017","5:37:00 PM","01 - Clear","01 - Dry","02 - Stop sign","03 - At intersection","05 - Dusk","03 - P.D. only","02 - Angle"
"5865","GREENFIELD AVE @ MAIN ST","368892.66225","5030816.33831","-75.68112","45.41435","2017","10/25/2017","12:03:00 PM","01 - Clear","01 - Dry","01 - Traffic signal","02 - Intersection related","01 - Daylight","03 - P.D. only","04 - Sideswipe"
"5866","GREENFIELD AVE @ MAIN ST","368890.76875","5030815.39157","-75.68114","45.41434","2017","12/11/2017","12:19:00 PM","01 - Clear","01 - Dry","01 - Traffic signal","03 - At intersection","01 - Daylight","03 - P.D. only","02 - Angle"
"5867","GREENFIELD AVE @ MAIN ST","368892.04995","5030816.57500","-75.68113","45.41435","2017","12/10/2017","1:58:00 AM","03 - Snow","04 - Slush","01 - Traffic signal","03 - At intersection","07 - Dark","03 - P.D. only","05 - Turning movement"
"5868","GREENFIELD AVE @ MAIN ST","368892.04995","5030817.24390","-75.68113","45.41436","2017","11/17/2017","4:20:00 PM","01 - Clear","01 - Dry","01 - Traffic signal","03 - At intersection","05 - Dusk","03 - P.D. only","04 - Sideswipe"
"5869","GREENFIELD AVE @ MAIN ST","368893.21644","5030816.19977","-75.68111","45.41435","2017","1/10/2017","12:55:00 PM","01 - Clear","01 - Dry","01 - Traffic signal","03 - At intersection","01 - Daylight","03 - P.D. only","02 - Angle"
"5870","GREENFIELD AVE btwn HAVELOCK ST & MONTCALM ST","368973.10016","5030904.36569","-75.68008","45.41513","2017","11/7/2017","12:00:00 AM","01 - Clear","01 - Dry","10 - No control","01 - Non intersection","00 - Unknown","03 - P.D. only","06 - SMV unattended vehicle"
"5871","GREENHAVEN CRES @ WEST RIDGE DR N","349821.78155","5012594.22903","-75.92642","45.25187","2017","10/17/2017","4:08:00 PM","01 - Clear","01 - Dry","10 - No control","02 - Intersection related","01 - Daylight","03 - P.D. only","03 - Rear end"
"5872","GREENLAND RD @ ROCK FOREST RD","340388.11847","5037979.46194","-76.04477","45.48083","2017","12/18/2017","6:49:00 AM","03 - Snow","03 - Loose snow","10 - No control","02 - Intersection related","07 - Dark","03 - P.D. only","07 - SMV other"
"5873","GREENLAND RD btwn Continuation of GREENLAND RD & Continuation of GREEN","343742.35728","5034016.70988","-76.00218","45.44500","2017","5/6/2017","8:48:00 AM","02 - Rain","02 - Wet","10 - No control","01 - Non intersection","01 - Daylight","03 - P.D. only","07 - SMV other"
"5874","GREENLAND RD btwn MAST LANE & EAGLE CREEK CRT","341014.71418","5037241.18719","-76.03681","45.47416","2017","4/21/2017","7:30:00 AM","01 - Clear","01 - Dry","10 - No control","01 - Non intersection","01 - Daylight","03 - P.D. only","07 - SMV other"
"5875","GREENLAND RD btwn PINE VALLEY CRT & VANCES SIDE RD","341700.03579","5036412.49112","-76.02811","45.46667","2017","12/31/2017","5:45:00 PM","01 - Clear","02 - Wet","10 - No control","01 - Non intersection","07 - Dark","03 - P.D. only","07 - SMV other"
"5876","GREENLAND RD btwn ROCK FOREST RD & MAST LANE","340860.95107","5037422.36462","-76.03877","45.47580","2017","1/28/2017","6:50:00 PM","01 - Clear","02 - Wet","10 - No control","01 - Non intersection","07 - Dark","03 - P.D. only","07 - SMV other"
"5877","GREENSAND PL @ HUNTSVILLE DR","348545.41100","5020070.14200","-75.94202","45.31922","2017","9/12/2017","10:14:00 AM","01 - Clear","01 - Dry","10 - No control","02 - Intersection related","01 - Daylight","03 - P.D. only","06 - SMV unattended vehicle"
"5878","GREENVIEW AVE btwn DON ST & CARLING AVE","359837.90668","5024986.88815","-75.79745","45.36267","2017","9/24/2017","4:12:00 PM","01 - Clear","01 - Dry","10 - No control","01 - Non intersection","01 - Daylight","03 - P.D. only","01 - Approaching"
"5879","GREENVIEW AVE btwn DON ST & CARLING AVE","359919.76247","5024916.50711","-75.79641","45.36203","2017","9/18/2017","2:06:00 PM","01 - Clear","01 - Dry","10 - No control","01 - Non intersection","01 - Daylight","03 - P.D. only","01 - Approaching"
"5880","GREGOIRE RD btwn VICTORIA ST & RAY WILSON RD","391575.33911","5012997.53123","-75.39448","45.25159","2017","2/5/2017","11:24:00 AM","01 - Clear","03 - Loose snow","10 - No control","01 - Non intersection","01 - Daylight","03 - P.D. only","07 - SMV other"
"5881","GRENFELL CRES @ SLACK RD","365825.69980","5020853.72979","-75.72153","45.32498","2017","12/12/2017","9:43:00 AM","03 - Snow","03 - Loose snow","02 - Stop sign","02 - Intersection related","01 - Daylight","03 - P.D. only","02 - Angle"
"5882","GRENFELL CRES @ WOODROFFE AVE","364544.69164","5019226.80720","-75.73807","45.31045","2017","11/27/2017","6:25:00 PM","01 - Clear","01 - Dry","02 - Stop sign","03 - At intersection","07 - Dark","03 - P.D. only","02 - Angle"
"5883","GRENON AVE @ RICHMOND RD","359806.67050","5024032.80004","-75.79795","45.35408","2017","10/20/2017","12:17:00 PM","01 - Clear","01 - Dry","01 - Traffic signal","03 - At intersection","01 - Daylight","03 - P.D. only","05 - Turning movement"
"5884","GRENON AVE @ RICHMOND RD","359806.67050","5024034.63580","-75.79795","45.35410","2017","2/10/2017","8:20:00 AM","01 - Clear","02 - Wet","01 - Traffic signal","02 - Intersection related","01 - Daylight","02 - Non-fatal injury","03 - Rear end"
"5885","GRENON AVE @ RICHMOND RD","359808.34274","5024034.17900","-75.79793","45.35410","2017","3/27/2017","3:34:00 PM","02 - Rain","02 - Wet","01 - Traffic signal","03 - At intersection","01 - Daylight","03 - P.D. only","01 - Approaching"
"5886","GRENON AVE btwn CARLING AVE & MICHELE DR","359630.73897","5024261.29908","-75.80017","45.35615","2017","3/25/2017","12:00:00 AM","01 - Clear","03 - Loose snow","10 - No control","01 - Non intersection","00 - Unknown","03 - P.D. only","06 - SMV unattended vehicle"
"5887","GRENON AVE btwn MICHELE DR & RICHMOND RD","359720.91745","5024089.68378","-75.79904","45.35460","2017","1/19/2017","12:04:00 PM","01 - Clear","04 - Slush","10 - No control","01 - Non intersection","01 - Daylight","03 - P.D. only","99 - Other"
"5888","GRENON AVE btwn MICHELE DR & RICHMOND RD","359692.40074","5024120.39160","-75.79940","45.35488","2017","3/24/2017","7:32:00 PM","03 - Snow","03 - Loose snow","10 - No control","01 - Non intersection","07 - Dark","03 - P.D. only","06 - SMV unattended vehicle"
"5889","GRENWICH CIRC btwn Continuation of GRENWICH CIRC & Continuation of GRE","364248.48124","5025681.91304","-75.74107","45.36856","2017","11/13/2017","10:12:00 AM","01 - Clear","01 - Dry","10 - No control","01 - Non intersection","01 - Daylight","03 - P.D. only","07 - SMV other"
"5890","GREY FOX DR btwn TO BE DETERMINED & MARCH RD","336341.34965","5016476.89731","-76.09791","45.28754","2017","10/22/2017","9:17:00 PM","01 - Clear","01 - Dry","10 - No control","01 - Non intersection","07 - Dark","03 - P.D. only","07 - SMV other"
"5891","GREY NUNS DR @ MEADOWVIEW CRES W","379718.20170","5037059.42926","-75.54187","45.46944","2017","11/21/2017","4:38:00 PM","01 - Clear","01 - Dry","10 - No control","02 - Intersection related","05 - Dusk","03 - P.D. only","07 - SMV other"
"5892","GREY SEAL CIRC btwn BOOKTON PL & NORTH BLUFF DR","369429.82395","5016366.08100","-75.67615","45.28428","2017","3/7/2017","12:00:00 AM","04 - Freezing Rain","06 - Ice","10 - No control","01 - Non intersection","07 - Dark","03 - P.D. only","06 - SMV unattended vehicle"
"5893","GREY'S CREEK RD @ SNAKE ISLAND RD","381964.11795","5009057.41430","-75.51752","45.21725","2017","3/4/2017","12:24:00 PM","01 - Clear","01 - Dry","02 - Stop sign","02 - Intersection related","01 - Daylight","03 - P.D. only","07 - SMV other"
"5894","GROSVENOR AVE @ SUNNYSIDE AVE","368540.34062","5028464.54990","-75.68592","45.39322","2017","9/19/2017","5:00:00 PM","01 - Clear","01 - Dry","02 - Stop sign","03 - At intersection","01 - Daylight","02 - Non-fatal injury","02 - Angle"
"5895","GROVE AVE @ SENECA ST","368346.02999","5028070.68052","-75.68846","45.38969","2017","12/29/2017","6:00:00 PM","01 - Clear","02 - Wet","02 - Stop sign","02 - Intersection related","07 - Dark","03 - P.D. only","07 - SMV other"
"5896","GROVEMONT DR btwn YORKWOOD PL & AQUAPASS PL","366577.95207","5014767.66659","-75.71269","45.27015","2017","4/30/2017","12:00:00 AM","02 - Rain","02 - Wet","10 - No control","01 - Non intersection","00 - Unknown","03 - P.D. only","06 - SMV unattended vehicle"
"5897","GUIGUES AVE @ KING EDWARD AVE","368202.03592","5032902.25634","-75.68967","45.43318","2017","9/10/2017","4:25:00 PM","01 - Clear","01 - Dry","02 - Stop sign","02 - Intersection related","01 - Daylight","03 - P.D. only","04 - Sideswipe"
"5898","GUIGUES AVE @ KING EDWARD AVE","368200.75555","5032902.82309","-75.68969","45.43318","2017","9/22/2017","9:14:00 PM","01 - Clear","01 - Dry","02 - Stop sign","02 - Intersection related","07 - Dark","02 - Non-fatal injury","05 - Turning movement"
"5899","GUIGUES AVE btwn CUMBERLAND ST & KING EDWARD AVE","368152.58949","5032870.26872","-75.69031","45.43290","2017","1/17/2017","12:00:00 AM","04 - Freezing Rain","04 - Slush","10 - No control","01 - Non intersection","00 - Unknown","03 - P.D. only","06 - SMV unattended vehicle"
"5900","GUIGUES AVE btwn CUMBERLAND ST & KING EDWARD AVE","368140.83143","5032863.30615","-75.69046","45.43283","2017","3/29/2017","12:00:00 AM","01 - Clear","01 - Dry","10 - No control","01 - Non intersection","00 - Unknown","03 - P.D. only","06 - SMV unattended vehicle"
"5901","GULF PL btwn HOCHELAGA ST & THE ROCKERY PRIV","373135.39728","5034406.81148","-75.62642","45.44625","2017","9/13/2017","12:00:00 AM","01 - Clear","01 - Dry","10 - No control","01 - Non intersection","00 - Unknown","03 - P.D. only","06 - SMV unattended vehicle"
"5902","GURDWARA RD btwn LASER ST & END (2)","367118.21647","5022465.96438","-75.70484","45.33937","2017","10/30/2017","12:00:00 AM","01 - Clear","01 - Dry","10 - No control","01 - Non intersection","00 - Unknown","03 - P.D. only","06 - SMV unattended vehicle"
"5903","HAANEL DR btwn TIMM DR & ROBERTSON RD","354917.66307","5019330.06643","-75.86082","45.31213","2017","8/16/2017","10:20:00 PM","01 - Clear","01 - Dry","10 - No control","01 - Non intersection","07 - Dark","03 - P.D. only","07 - SMV other"
"5904","HADLEY CIRC @ MOODIE DR","357137.65164","5020301.14860","-75.83241","45.32071","2017","4/25/2017","3:40:00 PM","02 - Rain","02 - Wet","02 - Stop sign","02 - Intersection related","01 - Daylight","03 - P.D. only","02 - Angle"
"5905","HAIG DR @ RUSSELL RD","372730.73060","5029659.93853","-75.63225","45.40358","2017","3/26/2017","2:17:00 PM","01 - Clear","01 - Dry","01 - Traffic signal","02 - Intersection related","01 - Daylight","03 - P.D. only","03 - Rear end"
"5906","HAIG DR @ SMYTH RD","372565.72824","5029298.54840","-75.63440","45.40035","2017","6/26/2017","1:57:00 PM","01 - Clear","01 - Dry","01 - Traffic signal","03 - At intersection","01 - Daylight","02 - Non-fatal injury","02 - Angle"
"5907","HAIG DR @ SMYTH RD","372564.39045","5029299.21730","-75.63442","45.40035","2017","5/4/2017","4:19:00 PM","01 - Clear","01 - Dry","01 - Traffic signal","03 - At intersection","01 - Daylight","02 - Non-fatal injury","05 - Turning movement"
"5908","HAIG DR @ SMYTH RD","372564.39045","5029299.21730","-75.63442","45.40035","2017","7/5/2017","8:20:00 PM","01 - Clear","01 - Dry","01 - Traffic signal","03 - At intersection","01 - Daylight","02 - Non-fatal injury","05 - Turning movement"
"5909","HAIG DR @ SMYTH RD","372565.83356","5029298.70782","-75.63440","45.40035","2017","2/7/2017","1:20:00 AM","03 - Snow","05 - Packed snow","01 - Traffic signal","02 - Intersection related","07 - Dark","02 - Non-fatal injury","05 - Turning movement"
"5910","HAIG DR btwn FLEMING AVE & KILBORN AVE","372531.48909","5028133.16305","-75.63500","45.38986","2017","1/11/2017","12:00:00 AM","01 - Clear","02 - Wet","10 - No control","01 - Non intersection","00 - Unknown","03 - P.D. only","06 - SMV unattended vehicle"
"5911","HAIG DR btwn RAGLAN AVE & SAUNDERSON DR","372547.64109","5029465.85166","-75.63461","45.40185","2017","10/12/2017","3:11:00 PM","01 - Clear","01 - Dry","10 - No control","01 - Non intersection","01 - Daylight","02 - Non-fatal injury","06 - SMV unattended vehicle"