"Record","Location","X","Y","Longitude","Latitude","Year","Date","Time","Environment","Road_Surface","Traffic_Control","Collision_Location","Light","Collision_Classification","Impact_type"
"5912","HAIG DR btwn RAGLAN AVE & SMYTH RD","372556.72934","5029372.18185","-75.63451","45.40101","2017","6/15/2017","2:53:00 PM","01 - Clear","01 - Dry","10 - No control","01 - Non intersection","01 - Daylight","03 - P.D. only","06 - SMV unattended vehicle"
"5913","HAILEYBURY ST/ LEAMINGTON WAY @ PAUL METIVIER DR","365199.32300","5014348.60000","-75.73031","45.26650","2017","6/12/2017","5:10:00 PM","01 - Clear","01 - Dry","02 - Stop sign","03 - At intersection","01 - Daylight","02 - Non-fatal injury","02 - Angle"
"5914","HALF MOON BAY btwn ESPIN HTS & TUCANA WAY","364973.29000","5013437.42600","-75.73330","45.25832","2017","12/21/2017","4:00:00 PM","01 - Clear","03 - Loose snow","10 - No control","01 - Non intersection","05 - Dusk","03 - P.D. only","01 - Approaching"
"5915","HALIBURTON HGTS @ SHINNY AVE","352904.31080","5014335.48600","-75.88698","45.26733","2017","12/27/2017","8:30:00 AM","01 - Clear","06 - Ice","10 - No control","03 - At intersection","01 - Daylight","03 - P.D. only","02 - Angle"
"5916","HALIFAX DR @ WALKLEY RD","373642.98653","5027899.16817","-75.62084","45.38765","2017","2/15/2017","8:24:00 AM","03 - Snow","04 - Slush","01 - Traffic signal","02 - Intersection related","01 - Daylight","03 - P.D. only","05 - Turning movement"
"5917","HALIFAX DR @ WALKLEY RD","373644.07145","5027899.54340","-75.62083","45.38765","2017","3/11/2017","4:30:00 PM","01 - Clear","01 - Dry","01 - Traffic signal","02 - Intersection related","01 - Daylight","03 - P.D. only","03 - Rear end"
"5918","HALIFAX DR @ WALKLEY RD","373642.98653","5027899.91863","-75.62084","45.38766","2017","2/23/2017","11:53:00 PM","01 - Clear","01 - Dry","01 - Traffic signal","02 - Intersection related","07 - Dark","02 - Non-fatal injury","03 - Rear end"
"5919","HALIFAX DR @ WALKLEY RD","373644.68375","5027899.30671","-75.62082","45.38765","2017","12/28/2017","4:05:00 PM","01 - Clear","01 - Dry","01 - Traffic signal","03 - At intersection","05 - Dusk","03 - P.D. only","02 - Angle"
"5920","HALL RD btwn LEITRIM RD & END","383945.14994","5027133.91972","-75.48942","45.37968","2017","10/2/2017","12:08:00 PM","01 - Clear","01 - Dry","10 - No control","01 - Non intersection","01 - Daylight","03 - P.D. only","07 - SMV other"
"5921","HALLEY ST btwn PEPPERRALL CRES & TARTAN DR","363024.40826","5014381.61401","-75.75802","45.26698","2017","4/21/2017","7:31:00 PM","02 - Rain","02 - Wet","10 - No control","01 - Non intersection","05 - Dusk","03 - P.D. only","99 - Other"
"5922","HALLEY ST btwn TARTAN DR & ALFA ST","362586.00706","5013970.38430","-75.76366","45.26332","2017","12/1/2017","8:51:00 AM","01 - Clear","01 - Dry","10 - No control","04 - At/near private drive","01 - Daylight","03 - P.D. only","99 - Other"
"5923","HALTON TER btwn BANNOCK CRES & FLAMBOROUGH WAY","349232.44741","5023331.07132","-75.93297","45.34852","2017","2/26/2017","4:43:00 AM","03 - Snow","03 - Loose snow","10 - No control","01 - Non intersection","07 - Dark","03 - P.D. only","06 - SMV unattended vehicle"
"5924","HALTON TER btwn DUNOLLIE CRES & MCBRIEN ST","348699.29993","5024088.63387","-75.93970","45.35537","2017","4/5/2017","11:50:00 AM","01 - Clear","01 - Dry","10 - No control","01 - Non intersection","01 - Daylight","03 - P.D. only","99 - Other"
"5925","HALTON TERR/MAXWELL BRIDGE RD @ MARCH RD","348932.06642","5024423.10153","-75.93670","45.35836","2017","6/22/2017","10:59:00 AM","01 - Clear","01 - Dry","01 - Traffic signal","02 - Intersection related","01 - Daylight","03 - P.D. only","99 - Other"
"5926","HALTON TERR/MAXWELL BRIDGE RD @ MARCH RD","348932.12799","5024423.02726","-75.93670","45.35836","2017","11/28/2017","10:03:00 PM","02 - Rain","02 - Wet","01 - Traffic signal","03 - At intersection","07 - Dark","02 - Non-fatal injury","07 - SMV other"
"5927","HALTON TERR/MAXWELL BRIDGE RD @ MARCH RD","348930.41706","5024420.76258","-75.93672","45.35834","2017","4/19/2017","2:14:00 PM","02 - Rain","02 - Wet","01 - Traffic signal","03 - At intersection","01 - Daylight","02 - Non-fatal injury","02 - Angle"
"5928","HALYARD WAY btwn BRETTONWOOD RIDGE & CLONRUSH WAY","348994.78060","5018418.50080","-75.93644","45.30433","2017","5/17/2017","7:00:00 AM","01 - Clear","01 - Dry","10 - No control","04 - At/near private drive","01 - Daylight","03 - P.D. only","99 - Other"
"5929","HALYARD WAY btwn BRETTONWOOD RIDGE & CLONRUSH WAY","349087.88000","5018525.09930","-75.93524","45.30528","2017","6/21/2017","8:58:00 AM","01 - Clear","01 - Dry","10 - No control","04 - At/near private drive","01 - Daylight","03 - P.D. only","06 - SMV unattended vehicle"
"5930","HAMILTON AVE   N btwn ARMSTRONG ST & WELLINGTON ST W","365023.70769","5029359.35588","-75.73072","45.40158","2017","5/22/2017","2:15:00 PM","02 - Rain","02 - Wet","10 - No control","01 - Non intersection","01 - Daylight","03 - P.D. only","06 - SMV unattended vehicle"
"5931","HAMILTON AVE   N btwn ARMSTRONG ST & WELLINGTON ST W","365075.16158","5029237.16131","-75.73008","45.40048","2017","8/10/2017","7:54:00 PM","01 - Clear","01 - Dry","10 - No control","01 - Non intersection","01 - Daylight","03 - P.D. only","06 - SMV unattended vehicle"
"5932","HAMILTON AVE   N btwn ARMSTRONG ST & WELLINGTON ST W","365028.07298","5029344.46195","-75.73067","45.40145","2017","10/21/2017","10:24:00 PM","01 - Clear","01 - Dry","10 - No control","01 - Non intersection","07 - Dark","03 - P.D. only","02 - Angle"
"5933","HAMILTON AVE   N btwn WELLINGTON ST W & TYNDALL ST","365167.95513","5029024.76923","-75.72892","45.39856","2017","7/29/2017","10:00:00 PM","01 - Clear","01 - Dry","10 - No control","01 - Non intersection","99 - Other","03 - P.D. only","06 - SMV unattended vehicle"
"5934","HAMILTON ST @ MCBEAN ST","356880.26466","5006102.60122","-75.83718","45.19297","2017","1/21/2017","2:05:00 AM","01 - Clear","02 - Wet","02 - Stop sign","03 - At intersection","07 - Dark","03 - P.D. only","02 - Angle"
"5935","HAMLET RD @ OTHELLO AVE","373262.93436","5029288.17111","-75.62550","45.40018","2017","9/8/2017","3:29:00 PM","01 - Clear","01 - Dry","03 - Yield sign","03 - At intersection","01 - Daylight","03 - P.D. only","02 - Angle"
"5936","HANCOCK CRES @ PRINCESS LOUISE DR S","384076.77362","5038193.20640","-75.48596","45.47916","2017","5/8/2017","1:55:00 PM","01 - Clear","01 - Dry","02 - Stop sign","02 - Intersection related","01 - Daylight","02 - Non-fatal injury","07 - SMV other"
"5937","HANNAH ST btwn ETHEL ST & CARILLON ST","370151.18976","5033426.82235","-75.66470","45.43772","2017","5/18/2017","12:00:00 AM","01 - Clear","01 - Dry","10 - No control","01 - Non intersection","00 - Unknown","03 - P.D. only","06 - SMV unattended vehicle"
"5938","HARBOUR ST btwn CREEK DR & FITZROY ST","326926.49566","5036906.34660","-76.21701","45.47173","2017","7/2/2017","3:49:00 AM","01 - Clear","01 - Dry","10 - No control","01 - Non intersection","07 - Dark","03 - P.D. only","06 - SMV unattended vehicle"
"5939","HARBOUR ST btwn LEARMONTH AVE & TO BE DETERMINED","328047.61508","5035483.12328","-76.20274","45.45889","2017","3/8/2017","6:29:00 AM","01 - Clear","06 - Ice","10 - No control","01 - Non intersection","01 - Daylight","02 - Non-fatal injury","07 - SMV other"
"5940","HARDING RD @ SAMUEL DR W","372872.23111","5027856.19327","-75.63069","45.38734","2017","1/25/2017","9:22:00 AM","01 - Clear","02 - Wet","02 - Stop sign","02 - Intersection related","01 - Daylight","03 - P.D. only","03 - Rear end"
"5941","HARDING RD @ WALKLEY RD","373149.06515","5027607.86640","-75.62719","45.38508","2017","6/30/2017","5:05:00 PM","01 - Clear","01 - Dry","01 - Traffic signal","03 - At intersection","01 - Daylight","02 - Non-fatal injury","05 - Turning movement"
"5942","HARDING RD @ WALKLEY RD","373148.28377","5027607.86491","-75.62720","45.38508","2017","7/31/2017","8:34:00 AM","01 - Clear","01 - Dry","01 - Traffic signal","03 - At intersection","01 - Daylight","02 - Non-fatal injury","02 - Angle"
"5943","HARDING RD @ WALKLEY RD","373147.52769","5027607.63304","-75.62721","45.38507","2017","7/25/2017","2:45:00 PM","01 - Clear","01 - Dry","01 - Traffic signal","02 - Intersection related","01 - Daylight","02 - Non-fatal injury","03 - Rear end"
"5944","HARDING RD @ WALKLEY RD","373148.28377","5027609.65262","-75.62720","45.38509","2017","9/12/2017","3:56:00 PM","01 - Clear","01 - Dry","01 - Traffic signal","03 - At intersection","01 - Daylight","03 - P.D. only","05 - Turning movement"
"5945","HARDING RD @ WALKLEY RD","373149.06515","5027609.20420","-75.62719","45.38509","2017","4/12/2017","1:17:00 PM","01 - Clear","01 - Dry","01 - Traffic signal","03 - At intersection","01 - Daylight","02 - Non-fatal injury","02 - Angle"
"5946","HARKNESS AVE @ WEXFORD WAY","369305.33339","5025430.43123","-75.67655","45.36585","2017","8/31/2017","12:00:00 AM","01 - Clear","01 - Dry","02 - Stop sign","02 - Intersection related","00 - Unknown","03 - P.D. only","06 - SMV unattended vehicle"
"5947","HARMATTAN AVE btwn MONCAO LANE & ROSEHILL AVE","350446.53711","5016772.57111","-75.91808","45.28943","2017","8/18/2017","7:50:00 AM","02 - Rain","02 - Wet","10 - No control","01 - Non intersection","01 - Daylight","03 - P.D. only","06 - SMV unattended vehicle"
"5948","HARMER AVE   N btwn BYRON AVE & KENORA ST","364894.90654","5028814.66396","-75.73244","45.39669","2017","11/7/2017","1:04:00 PM","01 - Clear","01 - Dry","10 - No control","01 - Non intersection","01 - Daylight","02 - Non-fatal injury","07 - SMV other"
"5949","HARMER AVE   N btwn WELLINGTON ST W & BYRON AVE","364854.23520","5028908.07088","-75.73294","45.39754","2017","8/28/2017","8:31:00 AM","01 - Clear","01 - Dry","10 - No control","01 - Non intersection","01 - Daylight","03 - P.D. only","07 - SMV other"
"5950","HARMER AVE   N btwn WELLINGTON ST W & BYRON AVE","364802.94469","5029030.80247","-75.73358","45.39864","2017","11/10/2017","2:03:00 PM","01 - Clear","01 - Dry","10 - No control","01 - Non intersection","01 - Daylight","03 - P.D. only","06 - SMV unattended vehicle"
"5951","HARRIS PL @ ROWLEY AVE","364279.64302","5023500.24984","-75.74093","45.34893","2017","12/17/2017","9:43:00 AM","01 - Clear","05 - Packed snow","02 - Stop sign","03 - At intersection","01 - Daylight","03 - P.D. only","04 - Sideswipe"
"5952","HARRY DOUGLAS DR btwn QUARTZ CRES & IBER RD","351507.83972","5015109.80880","-75.90471","45.27439","2017","4/18/2017","7:16:00 AM","01 - Clear","01 - Dry","10 - No control","01 - Non intersection","01 - Daylight","02 - Non-fatal injury","06 - SMV unattended vehicle"
"5953","HART RD @ ST. JOSEPH BLVD","377602.06865","5035610.91900","-75.56915","45.45663","2017","5/10/2017","5:18:00 PM","01 - Clear","01 - Dry","02 - Stop sign","02 - Intersection related","01 - Daylight","03 - P.D. only","07 - SMV other"
"5954","HARTHILL WAY btwn TARTAN DR & BROXBURN CRES","362580.39408","5013745.05564","-75.76375","45.26129","2017","7/21/2017","6:32:00 PM","01 - Clear","01 - Dry","10 - No control","01 - Non intersection","01 - Daylight","02 - Non-fatal injury","03 - Rear end"
"5955","HARTHILL WAY btwn TARTAN DR & BROXBURN CRES","362579.84512","5013749.00962","-75.76376","45.26133","2017","1/16/2017","12:00:00 AM","01 - Clear","01 - Dry","10 - No control","01 - Non intersection","00 - Unknown","03 - P.D. only","06 - SMV unattended vehicle"
"5956","HARTLEIGH AVE btwn LAWN AVE & CARLING AVE","361338.27018","5025651.94742","-75.77822","45.36853","2017","12/17/2017","6:30:00 AM","01 - Clear","03 - Loose snow","10 - No control","04 - At/near private drive","07 - Dark","03 - P.D. only","06 - SMV unattended vehicle"
"5957","HARVARD AVE btwn CAMERON AVE & CHESLEY ST","368894.39667","5028209.21365","-75.68144","45.39089","2017","4/24/2017","12:00:00 AM","01 - Clear","01 - Dry","10 - No control","01 - Non intersection","00 - Unknown","03 - P.D. only","06 - SMV unattended vehicle"
"5958","HARVARD AVE btwn CHESLEY ST & RALEIGH ST","368948.03442","5028151.80670","-75.68076","45.39037","2017","4/27/2017","12:00:00 AM","02 - Rain","02 - Wet","10 - No control","01 - Non intersection","00 - Unknown","03 - P.D. only","06 - SMV unattended vehicle"
"5959","HARVEST VALLEY AVE btwn SPARKMAN AVE & END","384768.99729","5034420.51320","-75.47772","45.44514","2017","10/31/2017","5:09:00 PM","01 - Clear","01 - Dry","10 - No control","01 - Non intersection","01 - Daylight","02 - Non-fatal injury","07 - SMV other"
"5960","HARVEST VALLEY AVE btwn SPARKMAN AVE & END","384834.98214","5034452.02386","-75.47687","45.44542","2017","12/29/2017","7:19:00 PM","01 - Clear","03 - Loose snow","10 - No control","01 - Non intersection","07 - Dark","03 - P.D. only","06 - SMV unattended vehicle"
"5961","HARVEST VALLEY AVE btwn SPARKMAN AVE & TENTH LINE RD","384774.22780","5034423.40470","-75.47765","45.44517","2017","12/27/2017","12:58:00 PM","03 - Snow","05 - Packed snow","10 - No control","04 - At/near private drive","01 - Daylight","03 - P.D. only","02 - Angle"
"5962","HARVEST VALLEY AVE W @ LAKERIDGE DR","385017.36284","5034534.20854","-75.47453","45.44613","2017","5/25/2017","11:04:00 PM","02 - Rain","02 - Wet","02 - Stop sign","02 - Intersection related","07 - Dark","03 - P.D. only","03 - Rear end"
"5963","HARVEST VALLEY AVE/SWEETVALLEY DR @ TENTH LINE RD","384697.19960","5034388.90190","-75.47864","45.44486","2017","6/15/2017","11:26:00 PM","02 - Rain","02 - Wet","02 - Stop sign","02 - Intersection related","07 - Dark","03 - P.D. only","03 - Rear end"
"5964","HARVEST VALLEY AVE/SWEETVALLEY DR @ TENTH LINE RD","384697.19960","5034388.90190","-75.47864","45.44486","2017","3/3/2017","9:55:00 PM","01 - Clear","01 - Dry","02 - Stop sign","03 - At intersection","07 - Dark","03 - P.D. only","02 - Angle"
"5965","HARVEY ST @ MAIN ST","368925.28350","5030742.35205","-75.68071","45.41368","2017","8/21/2017","1:30:00 PM","01 - Clear","01 - Dry","02 - Stop sign","03 - At intersection","01 - Daylight","02 - Non-fatal injury","05 - Turning movement"
"5966","HARVEY ST btwn ECHO DR & MAIN ST","368827.82755","5030708.13870","-75.68196","45.41338","2017","4/13/2017","12:00:00 AM","01 - Clear","01 - Dry","10 - No control","01 - Non intersection","00 - Unknown","03 - P.D. only","06 - SMV unattended vehicle"
"5967","HARWOOD AVE @ PINECREST RD","360209.34065","5024121.17740","-75.79280","45.35485","2017","3/7/2017","1:09:00 AM","01 - Clear","06 - Ice","02 - Stop sign","03 - At intersection","07 - Dark","03 - P.D. only","02 - Angle"
"5968","HATCHLEY RD @ DEVONWOOD CIRC W","375561.43763","5020355.73510","-75.59742","45.31959","2017","1/9/2017","4:04:00 PM","01 - Clear","06 - Ice","02 - Stop sign","02 - Intersection related","05 - Dusk","03 - P.D. only","01 - Approaching"
"5969","HATFIELD CRES btwn TO BE DETERMINED & TAMMY ST (2)","383131.64826","5037666.98263","-75.49813","45.47453","2017","1/1/2017","7:29:00 PM","03 - Snow","03 - Loose snow","10 - No control","04 - At/near private drive","07 - Dark","03 - P.D. only","06 - SMV unattended vehicle"
"5970","HAWKBIRCH ST @ MEADOWBREEZE DR","356351.55940","5015325.91240","-75.84295","45.27600","2017","11/27/2017","7:15:00 AM","03 - Snow","05 - Packed snow","10 - No control","02 - Intersection related","03 - Dawn","03 - P.D. only","07 - SMV other"
"5971","HAWTHORNE AVE @ MAIN ST","368971.04405","5030634.57389","-75.68014","45.41270","2017","5/18/2017","9:11:00 PM","01 - Clear","01 - Dry","01 - Traffic signal","03 - At intersection","07 - Dark","03 - P.D. only","05 - Turning movement"
"5972","HAWTHORNE AVE @ MAIN ST","368970.70960","5030631.38377","-75.68015","45.41268","2017","12/11/2017","10:42:00 AM","01 - Clear","01 - Dry","01 - Traffic signal","02 - Intersection related","01 - Daylight","03 - P.D. only","05 - Turning movement"
"5973","HAWTHORNE AVE @ MAIN ST","368969.28948","5030631.85714","-75.68016","45.41268","2017","12/13/2017","4:10:00 PM","01 - Clear","04 - Slush","01 - Traffic signal","03 - At intersection","05 - Dusk","03 - P.D. only","05 - Turning movement"
"5974","HAWTHORNE AVE @ MAIN ST","368969.70626","5030633.23610","-75.68016","45.41269","2017","12/5/2017","7:30:00 AM","01 - Clear","01 - Dry","01 - Traffic signal","02 - Intersection related","03 - Dawn","03 - P.D. only","04 - Sideswipe"
"5975","HAWTHORNE AVE @ MAIN ST","368970.37515","5030633.23610","-75.68015","45.41269","2017","3/24/2017","10:44:00 AM","03 - Snow","03 - Loose snow","01 - Traffic signal","03 - At intersection","01 - Daylight","03 - P.D. only","05 - Turning movement"
"5976","HAWTHORNE AVE btwn ISABELLA ST & COLONEL BY DR","368753.76247","5030518.33128","-75.68293","45.41168","2017","7/28/2017","3:00:00 PM","01 - Clear","01 - Dry","10 - No control","01 - Non intersection","01 - Daylight","03 - P.D. only","07 - SMV other"
"5977","HAWTHORNE AVE/ISABELLA ST @ QUEEN ELIZABETH DR","368666.05174","5030476.96104","-75.68406","45.41131","2017","6/21/2017","3:25:00 PM","01 - Clear","01 - Dry","01 - Traffic signal","02 - Intersection related","01 - Daylight","03 - P.D. only","03 - Rear end"
"5978","HAWTHORNE AVE/ISABELLA ST @ QUEEN ELIZABETH DR","368666.09818","5030476.16620","-75.68406","45.41131","2017","5/20/2017","3:00:00 PM","01 - Clear","01 - Dry","01 - Traffic signal","03 - At intersection","01 - Daylight","02 - Non-fatal injury","07 - SMV other"
"5979","HAWTHORNE AVE/ISABELLA ST @ QUEEN ELIZABETH DR","368665.16440","5030476.41850","-75.68407","45.41131","2017","7/28/2017","7:53:00 AM","01 - Clear","01 - Dry","01 - Traffic signal","03 - At intersection","01 - Daylight","02 - Non-fatal injury","05 - Turning movement"
"5980","HAWTHORNE AVE/ISABELLA ST @ QUEEN ELIZABETH DR","368665.25226","5030476.34258","-75.68407","45.41131","2017","7/21/2017","7:17:00 PM","01 - Clear","01 - Dry","01 - Traffic signal","03 - At intersection","01 - Daylight","03 - P.D. only","02 - Angle"
"5981","HAWTHORNE AVE/ISABELLA ST @ QUEEN ELIZABETH DR","368666.27043","5030476.34344","-75.68406","45.41131","2017","8/26/2017","6:00:00 PM","01 - Clear","01 - Dry","01 - Traffic signal","02 - Intersection related","01 - Daylight","03 - P.D. only","99 - Other"
"5982","HAWTHORNE AVE/ISABELLA ST @ QUEEN ELIZABETH DR","368665.71150","5030475.47930","-75.68406","45.41130","2017","9/21/2017","3:10:00 PM","01 - Clear","01 - Dry","01 - Traffic signal","02 - Intersection related","01 - Daylight","03 - P.D. only","03 - Rear end"
"5983","HAWTHORNE AVE/ISABELLA ST @ QUEEN ELIZABETH DR","368664.96824","5030476.64385","-75.68407","45.41131","2017","11/1/2017","7:21:00 PM","02 - Rain","02 - Wet","01 - Traffic signal","03 - At intersection","07 - Dark","02 - Non-fatal injury","07 - SMV other"
"5984","HAWTHORNE AVE/ISABELLA ST @ QUEEN ELIZABETH DR","368664.98488","5030477.75286","-75.68407","45.41132","2017","2/7/2017","2:45:00 PM","01 - Clear","02 - Wet","01 - Traffic signal","02 - Intersection related","01 - Daylight","03 - P.D. only","03 - Rear end"
"5985","HAWTHORNE AVE/ISABELLA ST @ QUEEN ELIZABETH DR","368664.96824","5030477.31275","-75.68407","45.41132","2017","4/13/2017","8:48:00 PM","01 - Clear","01 - Dry","01 - Traffic signal","02 - Intersection related","07 - Dark","03 - P.D. only","04 - Sideswipe"
"5986","HAWTHORNE AVE/ISABELLA ST @ QUEEN ELIZABETH DR","368665.71149","5030476.57216","-75.68406","45.41131","2017","6/26/2017","1:00:00 AM","01 - Clear","01 - Dry","01 - Traffic signal","02 - Intersection related","07 - Dark","03 - P.D. only","03 - Rear end"
"5987","HAWTHORNE AVE/ISABELLA ST @ QUEEN ELIZABETH DR","368665.23360","5030476.81115","-75.68407","45.41131","2017","12/31/2017","12:21:00 AM","01 - Clear","06 - Ice","01 - Traffic signal","03 - At intersection","07 - Dark","03 - P.D. only","02 - Angle"
"5988","HAWTHORNE AVE/ISABELLA ST @ QUEEN ELIZABETH DR","368665.71145","5030476.57216","-75.68406","45.41131","2017","7/7/2017","8:30:00 AM","01 - Clear","01 - Dry","01 - Traffic signal","02 - Intersection related","01 - Daylight","03 - P.D. only","02 - Angle"
"5989","HAWTHORNE RD @ HUNT CLUB RD","375508.08435","5026407.19810","-75.59724","45.37404","2017","5/20/2017","12:52:00 PM","01 - Clear","01 - Dry","01 - Traffic signal","03 - At intersection","01 - Daylight","02 - Non-fatal injury","07 - SMV other"
"5990","HAWTHORNE RD @ HUNT CLUB RD","375509.42214","5026405.86030","-75.59722","45.37403","2017","5/27/2017","7:01:00 PM","01 - Clear","01 - Dry","01 - Traffic signal","02 - Intersection related","01 - Daylight","02 - Non-fatal injury","03 - Rear end"
"5991","HAWTHORNE RD @ HUNT CLUB RD","375508.75324","5026406.52920","-75.59723","45.37403","2017","5/23/2017","2:35:00 PM","01 - Clear","01 - Dry","01 - Traffic signal","02 - Intersection related","01 - Daylight","02 - Non-fatal injury","03 - Rear end"
"5992","HAWTHORNE RD @ HUNT CLUB RD","375508.75324","5026406.52920","-75.59723","45.37403","2017","5/5/2017","11:30:00 AM","01 - Clear","02 - Wet","01 - Traffic signal","02 - Intersection related","01 - Daylight","03 - P.D. only","04 - Sideswipe"
"5993","HAWTHORNE RD @ HUNT CLUB RD","375509.42214","5026406.52920","-75.59722","45.37403","2017","6/8/2017","3:17:00 PM","01 - Clear","01 - Dry","01 - Traffic signal","03 - At intersection","01 - Daylight","02 - Non-fatal injury","05 - Turning movement"
"5994","HAWTHORNE RD @ HUNT CLUB RD","375508.75324","5026406.52920","-75.59723","45.37403","2017","4/24/2017","11:56:00 AM","01 - Clear","01 - Dry","01 - Traffic signal","02 - Intersection related","01 - Daylight","03 - P.D. only","03 - Rear end"
"5995","HAWTHORNE RD @ HUNT CLUB RD","375507.41545","5026406.52920","-75.59725","45.37403","2017","4/26/2017","5:28:00 PM","01 - Clear","01 - Dry","01 - Traffic signal","02 - Intersection related","01 - Daylight","03 - P.D. only","03 - Rear end"
"5996","HAWTHORNE RD @ HUNT CLUB RD","375508.25940","5026405.51020","-75.59724","45.37402","2017","5/2/2017","3:50:00 PM","01 - Clear","02 - Wet","01 - Traffic signal","02 - Intersection related","01 - Daylight","03 - P.D. only","03 - Rear end"
"5997","HAWTHORNE RD @ HUNT CLUB RD","375506.84510","5026407.05606","-75.59726","45.37404","2017","6/14/2017","11:28:00 AM","01 - Clear","01 - Dry","01 - Traffic signal","02 - Intersection related","01 - Daylight","03 - P.D. only","02 - Angle"
"5998","HAWTHORNE RD @ HUNT CLUB RD","375508.35873","5026407.44244","-75.59724","45.37404","2017","8/10/2017","7:45:00 PM","01 - Clear","01 - Dry","01 - Traffic signal","03 - At intersection","01 - Daylight","03 - P.D. only","03 - Rear end"
"5999","HAWTHORNE RD @ HUNT CLUB RD","375508.08435","5026406.52920","-75.59724","45.37403","2017","7/7/2017","3:38:00 PM","01 - Clear","01 - Dry","01 - Traffic signal","02 - Intersection related","01 - Daylight","03 - P.D. only","03 - Rear end"
"6000","HAWTHORNE RD @ HUNT CLUB RD","375506.47398","5026404.93430","-75.59726","45.37402","2017","7/22/2017","12:25:00 PM","01 - Clear","01 - Dry","01 - Traffic signal","02 - Intersection related","01 - Daylight","02 - Non-fatal injury","03 - Rear end"
"6001","HAWTHORNE RD @ HUNT CLUB RD","375508.35780","5026407.28294","-75.59724","45.37404","2017","10/7/2017","8:53:00 AM","01 - Clear","01 - Dry","01 - Traffic signal","03 - At intersection","01 - Daylight","02 - Non-fatal injury","03 - Rear end"
"6002","HAWTHORNE RD @ HUNT CLUB RD","375507.20345","5026407.62210","-75.59725","45.37404","2017","9/24/2017","11:11:00 AM","01 - Clear","01 - Dry","01 - Traffic signal","02 - Intersection related","01 - Daylight","02 - Non-fatal injury","03 - Rear end"
"6003","HAWTHORNE RD @ HUNT CLUB RD","375507.74990","5026407.88605","-75.59724","45.37405","2017","10/21/2017","2:42:00 PM","01 - Clear","01 - Dry","01 - Traffic signal","02 - Intersection related","01 - Daylight","03 - P.D. only","03 - Rear end"
"6004","HAWTHORNE RD @ HUNT CLUB RD","375507.20716","5026407.34331","-75.59725","45.37404","2017","10/18/2017","5:45:00 PM","01 - Clear","01 - Dry","01 - Traffic signal","02 - Intersection related","01 - Daylight","03 - P.D. only","03 - Rear end"
"6005","HAWTHORNE RD @ HUNT CLUB RD","375507.41545","5026406.52920","-75.59725","45.37403","2017","11/24/2017","3:27:00 PM","01 - Clear","01 - Dry","01 - Traffic signal","02 - Intersection related","01 - Daylight","03 - P.D. only","04 - Sideswipe"
"6006","HAWTHORNE RD @ HUNT CLUB RD","375506.72135","5026405.79643","-75.59726","45.37403","2017","11/4/2017","3:27:00 PM","01 - Clear","01 - Dry","01 - Traffic signal","02 - Intersection related","01 - Daylight","03 - P.D. only","03 - Rear end"
"6007","HAWTHORNE RD @ HUNT CLUB RD","375507.41545","5026407.86699","-75.59725","45.37405","2017","12/1/2017","2:31:00 PM","01 - Clear","01 - Dry","01 - Traffic signal","02 - Intersection related","01 - Daylight","03 - P.D. only","03 - Rear end"
"6008","HAWTHORNE RD @ HUNT CLUB RD","375508.70569","5026405.33446","-75.59723","45.37402","2017","11/3/2017","12:58:00 PM","02 - Rain","02 - Wet","01 - Traffic signal","02 - Intersection related","01 - Daylight","03 - P.D. only","04 - Sideswipe"
"6009","HAWTHORNE RD @ HUNT CLUB RD","375506.89153","5026405.67083","-75.59725","45.37403","2017","1/5/2017","9:26:00 AM","01 - Clear","06 - Ice","01 - Traffic signal","02 - Intersection related","01 - Daylight","03 - P.D. only","03 - Rear end"
"6010","HAWTHORNE RD @ HUNT CLUB RD","375507.04857","5026407.18759","-75.59725","45.37404","2017","1/14/2017","11:30:00 AM","01 - Clear","01 - Dry","01 - Traffic signal","03 - At intersection","01 - Daylight","03 - P.D. only","05 - Turning movement"
"6011","HAWTHORNE RD @ HUNT CLUB RD","375508.50037","5026405.40350","-75.59723","45.37402","2017","2/13/2017","1:04:00 PM","01 - Clear","04 - Slush","01 - Traffic signal","02 - Intersection related","01 - Daylight","03 - P.D. only","03 - Rear end"
"6012","HAWTHORNE RD @ HUNT CLUB RD","375508.29635","5026407.07565","-75.59724","45.37404","2017","2/3/2017","5:15:00 PM","01 - Clear","01 - Dry","01 - Traffic signal","02 - Intersection related","05 - Dusk","03 - P.D. only","03 - Rear end"
"6013","HAWTHORNE RD @ HUNT CLUB RD","375508.60827","5026407.38757","-75.59723","45.37404","2017","1/5/2017","4:20:00 PM","01 - Clear","06 - Ice","01 - Traffic signal","02 - Intersection related","05 - Dusk","02 - Non-fatal injury","03 - Rear end"
"6014","HAWTHORNE RD @ HUNT CLUB RD","375507.74990","5026406.80057","-75.59724","45.37404","2017","1/20/2017","1:41:00 PM","01 - Clear","02 - Wet","01 - Traffic signal","02 - Intersection related","01 - Daylight","03 - P.D. only","99 - Other"
"6015","HAWTHORNE RD @ HUNT CLUB RD","375508.08435","5026406.52920","-75.59724","45.37403","2017","4/9/2017","1:15:00 PM","01 - Clear","01 - Dry","01 - Traffic signal","02 - Intersection related","01 - Daylight","03 - P.D. only","03 - Rear end"