"Record","Location","X","Y","Longitude","Latitude","Year","Date","Time","Environment","Road_Surface","Traffic_Control","Collision_Location","Light","Collision_Classification","Impact_type"
"6016","HAWTHORNE RD @ HUNT CLUB RD","375508.75324","5026408.53589","-75.59723","45.37405","2017","3/22/2017","6:12:00 PM","01 - Clear","01 - Dry","01 - Traffic signal","02 - Intersection related","05 - Dusk","03 - P.D. only","03 - Rear end"
"6017","HAWTHORNE RD @ HUNT CLUB RD","375507.24040","5026408.56721","-75.59725","45.37405","2017","3/4/2017","10:48:00 PM","01 - Clear","01 - Dry","01 - Traffic signal","02 - Intersection related","07 - Dark","02 - Non-fatal injury","03 - Rear end"
"6018","HAWTHORNE RD @ HUNT CLUB RD","375507.41545","5026405.86030","-75.59725","45.37403","2017","3/16/2017","3:53:00 PM","01 - Clear","01 - Dry","01 - Traffic signal","02 - Intersection related","01 - Daylight","02 - Non-fatal injury","03 - Rear end"
"6019","HAWTHORNE RD @ HUNT CLUB RD","375506.99943","5026405.40350","-75.59725","45.37402","2017","2/27/2017","4:40:00 PM","01 - Clear","01 - Dry","01 - Traffic signal","02 - Intersection related","01 - Daylight","03 - P.D. only","03 - Rear end"
"6020","HAWTHORNE RD @ HUNT CLUB RD","375506.31621","5026406.76815","-75.59726","45.37404","2017","12/27/2017","10:24:00 AM","01 - Clear","02 - Wet","01 - Traffic signal","03 - At intersection","01 - Daylight","03 - P.D. only","05 - Turning movement"
"6021","HAWTHORNE RD @ HUNT CLUB RD","375506.84798","5026406.75468","-75.59726","45.37404","2017","12/12/2017","2:21:00 PM","03 - Snow","04 - Slush","01 - Traffic signal","03 - At intersection","01 - Daylight","03 - P.D. only","03 - Rear end"
"6022","HAWTHORNE RD @ HUNT CLUB RD","375507.74954","5026406.52908","-75.59724","45.37403","2017","12/21/2017","12:30:00 PM","01 - Clear","01 - Dry","01 - Traffic signal","03 - At intersection","01 - Daylight","03 - P.D. only","99 - Other"
"6023","HAWTHORNE RD @ LEITRIM RD","377038.33020","5022709.28655","-75.57824","45.34061","2017","8/17/2017","5:16:00 PM","01 - Clear","01 - Dry","01 - Traffic signal","02 - Intersection related","01 - Daylight","03 - P.D. only","03 - Rear end"
"6024","HAWTHORNE RD @ LEITRIM RD","377038.42725","5022708.83340","-75.57824","45.34061","2017","7/11/2017","5:02:00 PM","02 - Rain","02 - Wet","01 - Traffic signal","02 - Intersection related","01 - Daylight","03 - P.D. only","02 - Angle"
"6025","HAWTHORNE RD @ LEITRIM RD","377041.39559","5022699.81707","-75.57821","45.34053","2017","10/18/2017","7:35:00 PM","01 - Clear","01 - Dry","01 - Traffic signal","02 - Intersection related","07 - Dark","03 - P.D. only","03 - Rear end"
"6026","HAWTHORNE RD @ RIDEAU RD","378618.23025","5018941.02485","-75.55865","45.30654","2017","1/26/2017","10:08:00 AM","01 - Clear","02 - Wet","02 - Stop sign","02 - Intersection related","01 - Daylight","02 - Non-fatal injury","03 - Rear end"
"6027","HAWTHORNE RD @ STEVENAGE DR","375139.28801","5027313.53680","-75.60182","45.38223","2017","6/14/2017","12:45:00 PM","01 - Clear","01 - Dry","01 - Traffic signal","03 - At intersection","01 - Daylight","03 - P.D. only","05 - Turning movement"
"6028","HAWTHORNE RD @ STEVENAGE DR","375136.66763","5027313.51501","-75.60185","45.38223","2017","8/16/2017","6:07:00 PM","01 - Clear","01 - Dry","01 - Traffic signal","02 - Intersection related","01 - Daylight","03 - P.D. only","04 - Sideswipe"
"6029","HAWTHORNE RD @ STEVENAGE DR","375137.07495","5027311.53011","-75.60185","45.38221","2017","4/21/2017","4:28:00 AM","02 - Rain","02 - Wet","01 - Traffic signal","03 - At intersection","07 - Dark","02 - Non-fatal injury","05 - Turning movement"
"6030","HAWTHORNE RD @ STEVENAGE DR","375136.74049","5027313.53695","-75.60185","45.38223","2017","3/29/2017","8:17:00 AM","01 - Clear","01 - Dry","01 - Traffic signal","02 - Intersection related","01 - Daylight","03 - P.D. only","03 - Rear end"
"6031","HAWTHORNE RD btwn AGES DR & STEVENAGE DR","375114.94563","5027364.17783","-75.60212","45.38269","2017","8/1/2017","10:30:00 PM","01 - Clear","01 - Dry","10 - No control","04 - At/near private drive","07 - Dark","03 - P.D. only","07 - SMV other"
"6032","HAWTHORNE RD btwn AGES DR & STEVENAGE DR","375001.89253","5027639.17387","-75.60353","45.38517","2017","10/20/2017","4:07:00 PM","01 - Clear","01 - Dry","10 - No control","04 - At/near private drive","01 - Daylight","03 - P.D. only","05 - Turning movement"
"6033","HAWTHORNE RD btwn BLAIS RD & RIDEAU RD","378311.29100","5019685.10212","-75.56245","45.31327","2017","9/6/2017","7:04:00 AM","01 - Clear","01 - Dry","10 - No control","01 - Non intersection","03 - Dawn","03 - P.D. only","04 - Sideswipe"
"6034","HAWTHORNE RD btwn BLAIS RD & RIDEAU RD","378505.39877","5019220.74596","-75.56005","45.30907","2017","11/19/2017","7:35:00 AM","03 - Snow","06 - Ice","10 - No control","01 - Non intersection","01 - Daylight","02 - Non-fatal injury","07 - SMV other"
"6035","HAWTHORNE RD btwn BLAIS RD & RIDEAU RD","378544.64367","5019128.97397","-75.55956","45.30824","2017","12/22/2017","10:09:00 PM","01 - Clear","03 - Loose snow","10 - No control","01 - Non intersection","07 - Dark","03 - P.D. only","07 - SMV other"
"6036","HAWTHORNE RD btwn DAVIDSON RD & LEITRIM RD","376329.49690","5024409.60860","-75.58704","45.35598","2017","5/24/2017","4:44:00 PM","01 - Clear","01 - Dry","10 - No control","01 - Non intersection","01 - Daylight","03 - P.D. only","03 - Rear end"
"6037","HAWTHORNE RD btwn DAVIDSON RD & LEITRIM RD","376844.24247","5023175.19483","-75.58065","45.34482","2017","11/1/2017","5:10:00 PM","02 - Rain","02 - Wet","10 - No control","01 - Non intersection","07 - Dark","02 - Non-fatal injury","03 - Rear end"
"6038","HAWTHORNE RD btwn HAWTHORNE RD & WHYTE SIDE RD","376243.91693","5024603.23092","-75.58811","45.35773","2017","2/7/2017","8:17:00 AM","05 - Drifting Snow","01 - Dry","10 - No control","01 - Non intersection","01 - Daylight","03 - P.D. only","01 - Approaching"
"6039","HAWTHORNE RD btwn HAWTHORNE RD & WHYTE SIDE RD","375904.55025","5025427.34122","-75.59232","45.36518","2017","4/16/2017","10:31:00 PM","01 - Clear","02 - Wet","10 - No control","01 - Non intersection","07 - Dark","03 - P.D. only","03 - Rear end"
"6040","HAWTHORNE RD btwn HUNT CLUB RD & HAWTHORNE RD","375513.00358","5026393.68388","-75.59718","45.37392","2017","8/6/2017","4:26:00 PM","01 - Clear","01 - Dry","10 - No control","01 - Non intersection","01 - Daylight","03 - P.D. only","03 - Rear end"
"6041","HAWTHORNE RD btwn HUNT CLUB RD & HAWTHORNE RD","375518.78669","5026381.78004","-75.59711","45.37381","2017","3/3/2017","5:19:00 PM","01 - Clear","01 - Dry","10 - No control","01 - Non intersection","01 - Daylight","03 - P.D. only","05 - Turning movement"
"6042","HAWTHORNE RD btwn LEITRIM RD & LOUISEIZE RD","377404.99519","5021823.91993","-75.57370","45.33261","2017","6/23/2017","11:36:00 AM","02 - Rain","02 - Wet","10 - No control","04 - At/near private drive","01 - Daylight","03 - P.D. only","05 - Turning movement"
"6043","HAWTHORNE RD btwn LEITRIM RD & LOUISEIZE RD","377236.67043","5022245.95137","-75.57578","45.33642","2017","11/27/2017","3:56:00 PM","01 - Clear","01 - Dry","10 - No control","01 - Non intersection","01 - Daylight","03 - P.D. only","03 - Rear end"
"6044","HAWTHORNE RD btwn LEITRIM RD & LOUISEIZE RD","377078.24668","5022615.94007","-75.57775","45.33977","2017","1/5/2017","11:01:00 AM","01 - Clear","06 - Ice","10 - No control","01 - Non intersection","01 - Daylight","03 - P.D. only","03 - Rear end"
"6045","HAWTHORNE RD btwn RUSSELL RD & AGES DR","374912.54388","5027859.34182","-75.60464","45.38716","2017","3/24/2017","10:01:00 AM","03 - Snow","03 - Loose snow","10 - No control","01 - Non intersection","01 - Daylight","03 - P.D. only","07 - SMV other"
"6046","HAWTHORNE RD btwn STEVENAGE DR & HUNT CLUB RD","375464.60609","5026512.21482","-75.59778","45.37499","2017","5/15/2017","2:40:00 PM","01 - Clear","01 - Dry","10 - No control","01 - Non intersection","01 - Daylight","03 - P.D. only","07 - SMV other"
"6047","HAWTHORNE RD btwn STEVENAGE DR & HUNT CLUB RD","375488.26740","5026454.01778","-75.59749","45.37446","2017","8/11/2017","3:56:00 PM","01 - Clear","01 - Dry","10 - No control","01 - Non intersection","01 - Daylight","02 - Non-fatal injury","04 - Sideswipe"
"6048","HAWTHORNE RD btwn STEVENAGE DR & HUNT CLUB RD","375273.48075","5026972.18663","-75.60015","45.37915","2017","9/12/2017","8:21:00 AM","01 - Clear","01 - Dry","10 - No control","04 - At/near private drive","01 - Daylight","03 - P.D. only","02 - Angle"
"6049","HAWTHORNE RD btwn STEVENAGE DR & HUNT CLUB RD","375469.17285","5026501.69758","-75.59772","45.37489","2017","9/5/2017","12:46:00 PM","01 - Clear","01 - Dry","10 - No control","01 - Non intersection","01 - Daylight","02 - Non-fatal injury","04 - Sideswipe"
"6050","HAWTHORNE RD btwn STEVENAGE DR & HUNT CLUB RD","375495.50147","5026433.80874","-75.59740","45.37428","2017","1/14/2017","6:09:00 PM","01 - Clear","01 - Dry","10 - No control","01 - Non intersection","07 - Dark","03 - P.D. only","05 - Turning movement"
"6051","HAWTHORNE RD btwn WHYTE SIDE RD & DAVIDSON RD","376266.71560","5024553.29671","-75.58782","45.35728","2017","8/15/2017","11:15:00 PM","01 - Clear","01 - Dry","10 - No control","01 - Non intersection","07 - Dark","03 - P.D. only","03 - Rear end"
"6052","HAWTHORNE RD/RUSSELL RD @ WALKLEY RD","374675.74724","5028499.54130","-75.60757","45.39295","2017","7/11/2017","9:32:00 AM","01 - Clear","01 - Dry","01 - Traffic signal","02 - Intersection related","01 - Daylight","03 - P.D. only","03 - Rear end"
"6053","HAWTHORNE RD/RUSSELL RD @ WALKLEY RD","374674.74390","5028500.82335","-75.60758","45.39296","2017","8/14/2017","9:16:00 AM","01 - Clear","01 - Dry","01 - Traffic signal","02 - Intersection related","01 - Daylight","03 - P.D. only","03 - Rear end"
"6054","HAWTHORNE RD/RUSSELL RD @ WALKLEY RD","374673.07166","5028498.87240","-75.60760","45.39294","2017","6/27/2017","5:00:00 PM","01 - Clear","01 - Dry","01 - Traffic signal","02 - Intersection related","01 - Daylight","03 - P.D. only","04 - Sideswipe"
"6055","HAWTHORNE RD/RUSSELL RD @ WALKLEY RD","374674.83394","5028500.05743","-75.60758","45.39295","2017","10/20/2017","2:42:00 PM","01 - Clear","01 - Dry","01 - Traffic signal","02 - Intersection related","01 - Daylight","03 - P.D. only","04 - Sideswipe"
"6056","HAWTHORNE RD/RUSSELL RD @ WALKLEY RD","374675.07835","5028499.54130","-75.60758","45.39295","2017","11/23/2017","6:23:00 AM","01 - Clear","01 - Dry","01 - Traffic signal","02 - Intersection related","03 - Dawn","03 - P.D. only","04 - Sideswipe"
"6057","HAWTHORNE RD/RUSSELL RD @ WALKLEY RD","374675.07835","5028499.54130","-75.60758","45.39295","2017","11/30/2017","8:37:00 PM","02 - Rain","02 - Wet","01 - Traffic signal","03 - At intersection","07 - Dark","03 - P.D. only","02 - Angle"
"6058","HAWTHORNE RD/RUSSELL RD @ WALKLEY RD","374674.84390","5028499.07184","-75.60758","45.39294","2017","11/10/2017","4:45:00 PM","01 - Clear","01 - Dry","01 - Traffic signal","03 - At intersection","05 - Dusk","03 - P.D. only","04 - Sideswipe"
"6059","HAWTHORNE RD/RUSSELL RD @ WALKLEY RD","374676.12247","5028500.39528","-75.60756","45.39296","2017","1/5/2017","2:17:00 PM","01 - Clear","03 - Loose snow","01 - Traffic signal","02 - Intersection related","01 - Daylight","03 - P.D. only","03 - Rear end"
"6060","HAWTHORNE RD/RUSSELL RD @ WALKLEY RD","374675.18408","5028503.58508","-75.60758","45.39298","2017","2/5/2017","3:29:00 PM","05 - Drifting Snow","05 - Packed snow","01 - Traffic signal","02 - Intersection related","01 - Daylight","03 - P.D. only","03 - Rear end"
"6061","HAWTHORNE RD/RUSSELL RD @ WALKLEY RD","374675.44406","5028499.54572","-75.60757","45.39295","2017","1/17/2017","2:00:00 PM","01 - Clear","01 - Dry","01 - Traffic signal","03 - At intersection","01 - Daylight","03 - P.D. only","04 - Sideswipe"
"6062","HAWTHORNE RD/RUSSELL RD @ WALKLEY RD","374675.29035","5028499.54130","-75.60757","45.39295","2017","2/2/2017","8:49:00 AM","01 - Clear","01 - Dry","01 - Traffic signal","02 - Intersection related","01 - Daylight","03 - P.D. only","03 - Rear end"
"6063","HAWTHORNE RD/RUSSELL RD @ WALKLEY RD","374675.07835","5028499.54130","-75.60758","45.39295","2017","3/14/2017","3:45:00 PM","01 - Clear","01 - Dry","01 - Traffic signal","02 - Intersection related","01 - Daylight","03 - P.D. only","04 - Sideswipe"
"6064","HAWTHORNE RD/RUSSELL RD @ WALKLEY RD","374675.74724","5028498.87240","-75.60757","45.39294","2017","4/15/2017","4:18:00 PM","02 - Rain","02 - Wet","01 - Traffic signal","02 - Intersection related","01 - Daylight","02 - Non-fatal injury","03 - Rear end"
"6065","HAWTHORNE RD/RUSSELL RD @ WALKLEY RD","374674.23440","5028498.52230","-75.60759","45.39294","2017","3/24/2017","9:39:00 AM","03 - Snow","03 - Loose snow","01 - Traffic signal","02 - Intersection related","01 - Daylight","03 - P.D. only","03 - Rear end"
"6066","HAWTHORNE RD/RUSSELL RD @ WALKLEY RD","374674.09298","5028499.03908","-75.60759","45.39294","2017","3/29/2017","4:57:00 PM","01 - Clear","01 - Dry","01 - Traffic signal","02 - Intersection related","01 - Daylight","03 - P.D. only","03 - Rear end"
"6067","HAWTHORNE RD/RUSSELL RD @ WALKLEY RD","374675.07835","5028500.21020","-75.60758","45.39295","2017","3/28/2017","11:25:00 AM","01 - Clear","02 - Wet","01 - Traffic signal","03 - At intersection","01 - Daylight","02 - Non-fatal injury","05 - Turning movement"
"6068","HAWTHORNE RD/RUSSELL RD @ WALKLEY RD","374674.13908","5028499.03184","-75.60759","45.39294","2017","12/28/2017","12:05:00 PM","01 - Clear","01 - Dry","01 - Traffic signal","02 - Intersection related","01 - Daylight","03 - P.D. only","03 - Rear end"
"6069","HAZEL ST @ MAIN ST","369167.04885","5030172.88400","-75.67770","45.40853","2017","10/25/2017","3:20:00 PM","01 - Clear","01 - Dry","01 - Traffic signal","02 - Intersection related","01 - Daylight","02 - Non-fatal injury","02 - Angle"
"6070","HAZEL ST @ MAIN ST","369166.79825","5030173.85979","-75.67770","45.40854","2017","12/23/2017","4:51:00 PM","01 - Clear","03 - Loose snow","01 - Traffic signal","02 - Intersection related","05 - Dusk","03 - P.D. only","03 - Rear end"
"6071","HAZELDEAN RD @ 246 E OF CASTLEFRANK RD/FARMBOY","352859.45205","5017842.89989","-75.88722","45.29890","2017","3/10/2017","2:26:00 PM","01 - Clear","01 - Dry","01 - Traffic signal","02 - Intersection related","01 - Daylight","02 - Non-fatal injury","02 - Angle"
"6072","HAZELDEAN RD @ CARBROOKE ST/IRWIN GATE","353417.55555","5018264.72990","-75.88006","45.30265","2017","12/18/2017","5:40:00 PM","03 - Snow","03 - Loose snow","01 - Traffic signal","02 - Intersection related","07 - Dark","02 - Non-fatal injury","05 - Turning movement"
"6073","HAZELDEAN RD @ CARBROOKE ST/IRWIN GATE","353418.64905","5018265.82340","-75.88004","45.30266","2017","12/22/2017","6:28:00 PM","03 - Snow","02 - Wet","01 - Traffic signal","03 - At intersection","07 - Dark","02 - Non-fatal injury","05 - Turning movement"
"6074","HAZELDEAN RD @ CARBROOKE ST/IRWIN GATE","353417.62150","5018265.69999","-75.88006","45.30266","2017","12/28/2017","12:37:00 PM","01 - Clear","01 - Dry","01 - Traffic signal","03 - At intersection","01 - Daylight","03 - P.D. only","02 - Angle"
"6075","HAZELDEAN RD @ EDGEWATER ST","352324.05666","5017350.76856","-75.89409","45.29450","2017","5/13/2017","5:30:00 PM","02 - Rain","02 - Wet","01 - Traffic signal","02 - Intersection related","01 - Daylight","02 - Non-fatal injury","03 - Rear end"
"6076","HAZELDEAN RD @ EDGEWATER ST","352322.26200","5017352.01510","-75.89411","45.29451","2017","6/28/2017","7:36:00 PM","02 - Rain","02 - Wet","01 - Traffic signal","02 - Intersection related","01 - Daylight","03 - P.D. only","04 - Sideswipe"
"6077","HAZELDEAN RD @ EDGEWATER ST","352324.56149","5017352.63974","-75.89408","45.29452","2017","9/15/2017","2:24:00 PM","01 - Clear","01 - Dry","01 - Traffic signal","03 - At intersection","01 - Daylight","03 - P.D. only","02 - Angle"
"6078","HAZELDEAN RD @ EDGEWATER ST","352323.60570","5017350.73494","-75.89409","45.29450","2017","12/26/2017","2:18:00 PM","01 - Clear","04 - Slush","01 - Traffic signal","02 - Intersection related","01 - Daylight","03 - P.D. only","03 - Rear end"
"6079","HAZELDEAN RD @ FRINGEWOOD DR","350756.08188","5015911.34542","-75.91421","45.28166","2017","7/21/2017","4:11:00 PM","01 - Clear","01 - Dry","01 - Traffic signal","03 - At intersection","01 - Daylight","02 - Non-fatal injury","02 - Angle"
"6080","HAZELDEAN RD @ HAZELDEAN RD 1","351379.78525","5016478.80483","-75.90621","45.28672","2017","5/31/2017","9:07:00 PM","02 - Rain","02 - Wet","01 - Traffic signal","03 - At intersection","07 - Dark","03 - P.D. only","05 - Turning movement"
"6081","HAZELDEAN RD @ HAZELDEAN RD 2","351546.28165","5016628.44324","-75.90407","45.28806","2017","11/28/2017","4:37:00 PM","01 - Clear","01 - Dry","01 - Traffic signal","03 - At intersection","05 - Dusk","03 - P.D. only","05 - Turning movement"
"6082","HAZELDEAN RD @ HAZELDEAN RD 2","351545.54984","5016628.81358","-75.90408","45.28806","2017","3/8/2017","8:33:00 PM","01 - Clear","01 - Dry","01 - Traffic signal","02 - Intersection related","07 - Dark","02 - Non-fatal injury","03 - Rear end"
"6083","HAZELDEAN RD @ HUNTMAR DR/IBER RD","350942.47781","5016078.45939","-75.91182","45.28315","2017","8/21/2017","5:22:00 PM","01 - Clear","01 - Dry","01 - Traffic signal","02 - Intersection related","01 - Daylight","03 - P.D. only","03 - Rear end"
"6084","HAZELDEAN RD @ HUNTMAR DR/IBER RD","350944.01802","5016078.24877","-75.91180","45.28315","2017","8/29/2017","7:34:00 AM","01 - Clear","01 - Dry","01 - Traffic signal","03 - At intersection","01 - Daylight","02 - Non-fatal injury","02 - Angle"
"6085","HAZELDEAN RD @ HUNTMAR DR/IBER RD","350946.94596","5016079.44190","-75.91176","45.28316","2017","8/10/2017","7:50:00 AM","01 - Clear","01 - Dry","01 - Traffic signal","02 - Intersection related","01 - Daylight","02 - Non-fatal injury","03 - Rear end"
"6086","HAZELDEAN RD @ HUNTMAR DR/IBER RD","350941.65115","5016079.66889","-75.91183","45.28316","2017","11/7/2017","7:35:00 PM","01 - Clear","01 - Dry","01 - Traffic signal","03 - At intersection","07 - Dark","03 - P.D. only","03 - Rear end"
"6087","HAZELDEAN RD @ HUNTMAR DR/IBER RD","350944.27014","5016080.10110","-75.91180","45.28316","2017","12/11/2017","7:08:00 PM","01 - Clear","01 - Dry","01 - Traffic signal","03 - At intersection","07 - Dark","03 - P.D. only","05 - Turning movement"
"6088","HAZELDEAN RD @ HUNTMAR DR/IBER RD","350941.84743","5016079.05697","-75.91183","45.28315","2017","2/15/2017","9:02:00 PM","03 - Snow","02 - Wet","01 - Traffic signal","02 - Intersection related","07 - Dark","03 - P.D. only","03 - Rear end"
"6089","HAZELDEAN RD @ HUNTMAR DR/IBER RD","350940.88116","5016077.71546","-75.91184","45.28314","2017","1/5/2017","11:25:00 AM","01 - Clear","02 - Wet","01 - Traffic signal","02 - Intersection related","01 - Daylight","03 - P.D. only","03 - Rear end"
"6090","HAZELDEAN RD @ HUNTMAR DR/IBER RD","350942.26345","5016078.76330","-75.91182","45.28315","2017","3/8/2017","4:10:00 PM","01 - Clear","01 - Dry","01 - Traffic signal","02 - Intersection related","01 - Daylight","03 - P.D. only","03 - Rear end"
"6091","HAZELDEAN RD @ HUNTMAR DR/IBER RD","350943.60124","5016079.43220","-75.91181","45.28316","2017","3/8/2017","7:12:00 AM","01 - Clear","02 - Wet","01 - Traffic signal","02 - Intersection related","01 - Daylight","02 - Non-fatal injury","03 - Rear end"
"6092","HAZELDEAN RD @ HWY 7 HAZELDEAN IC RAMP 24","346572.84860","5012283.07170","-75.96784","45.24927","2017","3/24/2017","6:56:00 AM","03 - Snow","03 - Loose snow","02 - Stop sign","02 - Intersection related","01 - Daylight","03 - P.D. only","07 - SMV other"
"6093","HAZELDEAN RD @ JOHNWOODS ST/VICTOR ST","350188.11851","5015395.42730","-75.92150","45.27705","2017","5/30/2017","6:28:00 PM","01 - Clear","01 - Dry","01 - Traffic signal","02 - Intersection related","01 - Daylight","03 - P.D. only","03 - Rear end"
"6094","HAZELDEAN RD @ SPRINGBROOK DR","349870.92305","5015111.77649","-75.92557","45.27452","2017","5/10/2017","4:40:00 PM","01 - Clear","01 - Dry","01 - Traffic signal","03 - At intersection","01 - Daylight","03 - P.D. only","05 - Turning movement"
"6095","HAZELDEAN RD @ SPRINGBROOK DR","349869.58526","5015110.43870","-75.92558","45.27451","2017","3/15/2017","1:50:00 PM","03 - Snow","05 - Packed snow","01 - Traffic signal","02 - Intersection related","01 - Daylight","03 - P.D. only","04 - Sideswipe"
"6096","HAZELDEAN RD @ SWEETNAM DR","350475.92075","5015655.77250","-75.91781","45.27937","2017","12/6/2017","3:35:00 PM","01 - Clear","01 - Dry","02 - Stop sign","03 - At intersection","01 - Daylight","02 - Non-fatal injury","02 - Angle"
"6097","HAZELDEAN RD @ TERRY FOX DR","352207.94545","5017242.45100","-75.89558","45.29354","2017","5/10/2017","5:17:00 PM","01 - Clear","01 - Dry","01 - Traffic signal","02 - Intersection related","01 - Daylight","03 - P.D. only","03 - Rear end"
"6098","HAZELDEAN RD @ TERRY FOX DR","352208.61434","5017241.78210","-75.89557","45.29353","2017","4/25/2017","12:09:00 PM","01 - Clear","01 - Dry","01 - Traffic signal","03 - At intersection","01 - Daylight","02 - Non-fatal injury","02 - Angle"
"6099","HAZELDEAN RD @ TERRY FOX DR","352207.61100","5017242.45100","-75.89558","45.29354","2017","5/21/2017","8:43:00 PM","02 - Rain","02 - Wet","01 - Traffic signal","02 - Intersection related","07 - Dark","02 - Non-fatal injury","02 - Angle"
"6100","HAZELDEAN RD @ TERRY FOX DR","352207.27655","5017241.78210","-75.89559","45.29353","2017","6/19/2017","11:20:00 AM","01 - Clear","01 - Dry","01 - Traffic signal","02 - Intersection related","01 - Daylight","03 - P.D. only","03 - Rear end"
"6101","HAZELDEAN RD @ TERRY FOX DR","352207.27655","5017243.11990","-75.89559","45.29354","2017","5/2/2017","12:51:00 PM","02 - Rain","02 - Wet","01 - Traffic signal","02 - Intersection related","01 - Daylight","03 - P.D. only","03 - Rear end"
"6102","HAZELDEAN RD @ TERRY FOX DR","352207.27655","5017241.78210","-75.89559","45.29353","2017","5/25/2017","8:04:00 AM","01 - Clear","01 - Dry","01 - Traffic signal","02 - Intersection related","01 - Daylight","03 - P.D. only","03 - Rear end"
"6103","HAZELDEAN RD @ TERRY FOX DR","352207.94545","5017243.78879","-75.89558","45.29355","2017","6/28/2017","8:54:00 PM","02 - Rain","02 - Wet","01 - Traffic signal","02 - Intersection related","05 - Dusk","03 - P.D. only","03 - Rear end"
"6104","HAZELDEAN RD @ TERRY FOX DR","352208.08437","5017241.74094","-75.89558","45.29353","2017","8/17/2017","5:45:00 PM","01 - Clear","01 - Dry","01 - Traffic signal","02 - Intersection related","01 - Daylight","03 - P.D. only","03 - Rear end"
"6105","HAZELDEAN RD @ TERRY FOX DR","352207.61100","5017242.21431","-75.89558","45.29353","2017","8/29/2017","10:37:00 AM","01 - Clear","01 - Dry","01 - Traffic signal","02 - Intersection related","01 - Daylight","03 - P.D. only","03 - Rear end"
"6106","HAZELDEAN RD @ TERRY FOX DR","352208.27693","5017242.67298","-75.89558","45.29354","2017","9/1/2017","1:20:00 PM","01 - Clear","01 - Dry","01 - Traffic signal","02 - Intersection related","01 - Daylight","02 - Non-fatal injury","03 - Rear end"
"6107","HAZELDEAN RD @ TERRY FOX DR","352208.08437","5017242.21431","-75.89558","45.29353","2017","8/24/2017","11:55:00 AM","01 - Clear","01 - Dry","01 - Traffic signal","03 - At intersection","01 - Daylight","02 - Non-fatal injury","03 - Rear end"
"6108","HAZELDEAN RD @ TERRY FOX DR","352208.00297","5017242.13309","-75.89558","45.29353","2017","7/28/2017","7:17:00 PM","01 - Clear","01 - Dry","01 - Traffic signal","03 - At intersection","01 - Daylight","02 - Non-fatal injury","03 - Rear end"
"6109","HAZELDEAN RD @ TERRY FOX DR","352207.06826","5017242.72237","-75.89559","45.29354","2017","10/15/2017","12:40:00 PM","01 - Clear","01 - Dry","01 - Traffic signal","02 - Intersection related","01 - Daylight","02 - Non-fatal injury","03 - Rear end"
"6110","HAZELDEAN RD @ TERRY FOX DR","352208.61434","5017241.78210","-75.89557","45.29353","2017","10/22/2017","1:48:00 AM","01 - Clear","01 - Dry","01 - Traffic signal","03 - At intersection","07 - Dark","03 - P.D. only","07 - SMV other"
"6111","HAZELDEAN RD @ TERRY FOX DR","352208.10358","5017243.04146","-75.89558","45.29354","2017","9/19/2017","4:08:00 PM","01 - Clear","01 - Dry","01 - Traffic signal","02 - Intersection related","01 - Daylight","03 - P.D. only","03 - Rear end"
"6112","HAZELDEAN RD @ TERRY FOX DR","352207.61354","5017242.44942","-75.89558","45.29354","2017","9/13/2017","6:18:00 PM","01 - Clear","01 - Dry","01 - Traffic signal","02 - Intersection related","01 - Daylight","03 - P.D. only","04 - Sideswipe"
"6113","HAZELDEAN RD @ TERRY FOX DR","352209.28324","5017243.11990","-75.89556","45.29354","2017","11/11/2017","7:35:00 PM","01 - Clear","01 - Dry","01 - Traffic signal","02 - Intersection related","07 - Dark","02 - Non-fatal injury","03 - Rear end"
"6114","HAZELDEAN RD @ TERRY FOX DR","352208.91144","5017243.51666","-75.89557","45.29355","2017","2/17/2017","4:30:00 AM","01 - Clear","06 - Ice","01 - Traffic signal","02 - Intersection related","07 - Dark","03 - P.D. only","03 - Rear end"
"6115","HAZELDEAN RD @ TERRY FOX DR","352208.46937","5017242.45100","-75.89557","45.29354","2017","1/9/2017","7:18:00 PM","03 - Snow","04 - Slush","01 - Traffic signal","02 - Intersection related","07 - Dark","03 - P.D. only","03 - Rear end"
"6116","HAZELDEAN RD @ TERRY FOX DR","352208.15745","5017242.45100","-75.89558","45.29354","2017","1/28/2017","11:26:00 AM","03 - Snow","02 - Wet","01 - Traffic signal","02 - Intersection related","01 - Daylight","03 - P.D. only","03 - Rear end"
"6117","HAZELDEAN RD @ TERRY FOX DR","352208.36147","5017244.32717","-75.89557","45.29355","2017","4/3/2017","11:51:00 AM","01 - Clear","01 - Dry","01 - Traffic signal","02 - Intersection related","01 - Daylight","03 - P.D. only","03 - Rear end"
"6118","HAZELDEAN RD @ TERRY FOX DR","352207.61100","5017242.07577","-75.89558","45.29353","2017","2/28/2017","11:10:00 AM","01 - Clear","01 - Dry","01 - Traffic signal","02 - Intersection related","01 - Daylight","03 - P.D. only","03 - Rear end"
"6119","HAZELDEAN RD @ TERRY FOX DR","352207.61091","5017242.45092","-75.89558","45.29354","2017","3/16/2017","7:00:00 PM","01 - Clear","01 - Dry","01 - Traffic signal","02 - Intersection related","07 - Dark","03 - P.D. only","03 - Rear end"
"6120","HAZELDEAN RD @ TERRY FOX DR","352207.27655","5017241.78210","-75.89559","45.29353","2017","3/27/2017","9:07:00 AM","02 - Rain","02 - Wet","01 - Traffic signal","03 - At intersection","01 - Daylight","03 - P.D. only","02 - Angle"
"6121","HAZELDEAN RD @ TERRY FOX DR","352208.61434","5017243.78879","-75.89557","45.29355","2017","3/17/2017","7:30:00 AM","01 - Clear","01 - Dry","01 - Traffic signal","03 - At intersection","01 - Daylight","02 - Non-fatal injury","02 - Angle"