"Record","Location","X","Y","Longitude","Latitude","Year","Date","Time","Environment","Road_Surface","Traffic_Control","Collision_Location","Light","Collision_Classification","Impact_type"
"6122","HAZELDEAN RD @ TERRY FOX DR","352208.61434","5017241.11321","-75.89557","45.29352","2017","4/11/2017","4:19:00 PM","01 - Clear","01 - Dry","01 - Traffic signal","02 - Intersection related","01 - Daylight","03 - P.D. only","03 - Rear end"
"6123","HAZELDEAN RD @ TERRY FOX DR","352207.61100","5017242.21205","-75.89558","45.29353","2017","12/19/2017","7:24:00 PM","03 - Snow","02 - Wet","01 - Traffic signal","02 - Intersection related","07 - Dark","03 - P.D. only","03 - Rear end"
"6124","HAZELDEAN RD @ TERRY FOX DR","352207.13310","5017242.68995","-75.89559","45.29354","2017","12/19/2017","6:14:00 PM","01 - Clear","04 - Slush","01 - Traffic signal","02 - Intersection related","07 - Dark","03 - P.D. only","04 - Sideswipe"
"6125","HAZELDEAN RD @ YOUNG RD","352465.61404","5017480.44750","-75.89227","45.29566","2017","5/19/2017","3:50:00 PM","01 - Clear","01 - Dry","02 - Stop sign","02 - Intersection related","01 - Daylight","03 - P.D. only","03 - Rear end"
"6126","HAZELDEAN RD @ YOUNG RD","352465.61404","5017481.11640","-75.89227","45.29567","2017","5/29/2017","4:17:00 PM","01 - Clear","01 - Dry","02 - Stop sign","02 - Intersection related","01 - Daylight","03 - P.D. only","03 - Rear end"
"6127","HAZELDEAN RD @ YOUNG RD","352464.27625","5017479.77860","-75.89229","45.29565","2017","6/30/2017","3:31:00 PM","02 - Rain","02 - Wet","02 - Stop sign","03 - At intersection","01 - Daylight","03 - P.D. only","03 - Rear end"
"6128","HAZELDEAN RD @ YOUNG RD","352465.04226","5017482.06205","-75.89228","45.29568","2017","10/16/2017","8:45:00 AM","01 - Clear","01 - Dry","02 - Stop sign","02 - Intersection related","01 - Daylight","03 - P.D. only","07 - SMV other"
"6129","HAZELDEAN RD btwn 246 E OF CASTLEFRANK RD & IRWIN GT","352928.31225","5017903.46007","-75.88633","45.29944","2017","6/9/2017","3:10:00 AM","01 - Clear","01 - Dry","10 - No control","01 - Non intersection","07 - Dark","02 - Non-fatal injury","07 - SMV other"
"6130","HAZELDEAN RD btwn 246 E OF CASTLEFRANK RD & IRWIN GT","352972.76468","5017944.29391","-75.88576","45.29980","2017","6/5/2017","2:15:00 PM","01 - Clear","02 - Wet","10 - No control","04 - At/near private drive","01 - Daylight","03 - P.D. only","02 - Angle"
"6131","HAZELDEAN RD btwn 246 E OF CASTLEFRANK RD & IRWIN GT","353296.46473","5018189.66421","-75.88161","45.30199","2017","7/18/2017","12:51:00 PM","01 - Clear","01 - Dry","10 - No control","01 - Non intersection","01 - Daylight","03 - P.D. only","03 - Rear end"
"6132","HAZELDEAN RD btwn 246 E OF CASTLEFRANK RD & IRWIN GT","352930.80519","5017907.89820","-75.88630","45.29948","2017","10/16/2017","8:30:00 PM","01 - Clear","01 - Dry","10 - No control","01 - Non intersection","07 - Dark","03 - P.D. only","07 - SMV other"
"6133","HAZELDEAN RD btwn 246 E OF CASTLEFRANK RD & IRWIN GT","353324.83984","5018206.55589","-75.88125","45.30214","2017","11/29/2017","10:40:00 AM","01 - Clear","01 - Dry","10 - No control","01 - Non intersection","01 - Daylight","03 - P.D. only","03 - Rear end"
"6134","HAZELDEAN RD btwn CARP RD & Continuation of HAZELDEAN RD","348946.44714","5014489.64044","-75.93740","45.26898","2017","4/18/2017","5:10:00 PM","01 - Clear","01 - Dry","10 - No control","04 - At/near private drive","01 - Daylight","03 - P.D. only","02 - Angle"
"6135","HAZELDEAN RD btwn CASTLEFRANK RD & 246 E OF CASTLEFRANK RD","352788.34196","5017777.09262","-75.88813","45.29831","2017","8/22/2017","12:44:00 PM","01 - Clear","02 - Wet","10 - No control","01 - Non intersection","01 - Daylight","02 - Non-fatal injury","02 - Angle"
"6136","HAZELDEAN RD btwn CASTLEFRANK RD & 246 E OF CASTLEFRANK RD","352692.92827","5017688.80913","-75.88935","45.29752","2017","3/7/2017","5:40:00 PM","02 - Rain","02 - Wet","10 - No control","01 - Non intersection","01 - Daylight","02 - Non-fatal injury","03 - Rear end"
"6137","HAZELDEAN RD btwn EDGEWATER ST & YOUNG RD","352362.10194","5017385.12921","-75.89360","45.29481","2017","7/22/2017","4:31:00 PM","01 - Clear","01 - Dry","10 - No control","01 - Non intersection","01 - Daylight","03 - P.D. only","03 - Rear end"
"6138","HAZELDEAN RD btwn GO/KA BOUNDARY & HUNTMAR DR/IBER RD","351158.22368","5016276.61718","-75.90905","45.28492","2017","10/15/2017","1:00:00 PM","01 - Clear","02 - Wet","10 - No control","04 - At/near private drive","01 - Daylight","02 - Non-fatal injury","02 - Angle"
"6139","HAZELDEAN RD btwn GO/KA BOUNDARY & HUNTMAR DR/IBER RD","351089.15222","5016214.51384","-75.90994","45.28436","2017","10/20/2017","3:44:00 PM","01 - Clear","01 - Dry","10 - No control","01 - Non intersection","01 - Daylight","02 - Non-fatal injury","03 - Rear end"
"6140","HAZELDEAN RD btwn GO/KA BOUNDARY & HUNTMAR DR/IBER RD","351146.72548","5016262.92188","-75.90920","45.28479","2017","1/8/2017","1:40:00 PM","03 - Snow","02 - Wet","10 - No control","01 - Non intersection","01 - Daylight","03 - P.D. only","05 - Turning movement"
"6141","HAZELDEAN RD btwn GO/KA BOUNDARY & HUNTMAR DR/IBER RD","351092.67684","5016215.70791","-75.90989","45.28437","2017","12/16/2017","1:56:00 AM","03 - Snow","03 - Loose snow","10 - No control","01 - Non intersection","07 - Dark","03 - P.D. only","07 - SMV other"
"6142","HAZELDEAN RD btwn GO/KA BOUNDARY & KINCARDINE DR","351589.83620","5016669.38422","-75.90351","45.28842","2017","7/6/2017","2:32:00 PM","01 - Clear","01 - Dry","10 - No control","01 - Non intersection","01 - Daylight","03 - P.D. only","04 - Sideswipe"
"6143","HAZELDEAN RD btwn GO/KA BOUNDARY & KINCARDINE DR","351597.83266","5016678.41838","-75.90341","45.28850","2017","12/20/2017","4:56:00 PM","01 - Clear","01 - Dry","10 - No control","01 - Non intersection","05 - Dusk","02 - Non-fatal injury","05 - Turning movement"
"6144","HAZELDEAN RD btwn JINKINSON RD/HAZELDEAN IC RAMP 62 & KITTIWAKE DR","347047.58131","5012553.98259","-75.96177","45.25168","2017","8/2/2017","5:48:00 AM","01 - Clear","01 - Dry","10 - No control","01 - Non intersection","03 - Dawn","03 - P.D. only","07 - SMV other"
"6145","HAZELDEAN RD btwn JINKINSON RD/HAZELDEAN IC RAMP 62 & KITTIWAKE DR","348446.44203","5013825.99028","-75.94383","45.26304","2017","10/3/2017","4:27:00 PM","01 - Clear","01 - Dry","10 - No control","01 - Non intersection","01 - Daylight","03 - P.D. only","03 - Rear end"
"6146","HAZELDEAN RD btwn JINKINSON RD/HAZELDEAN IC RAMP 62 & KITTIWAKE DR","346943.25189","5012454.05933","-75.96310","45.25078","2017","3/15/2017","11:31:00 AM","03 - Snow","03 - Loose snow","10 - No control","01 - Non intersection","01 - Daylight","03 - P.D. only","07 - SMV other"
"6147","HAZELDEAN RD btwn RAMP & RAMP","346868.30810","5012393.56376","-75.96406","45.25024","2017","12/5/2017","1:03:00 PM","02 - Rain","02 - Wet","10 - No control","01 - Non intersection","01 - Daylight","03 - P.D. only","01 - Approaching"
"6148","HAZELDEAN RD btwn YOUNG RD & CASTLEFRANK RD","352605.30285","5017607.87268","-75.89048","45.29680","2017","5/23/2017","6:28:00 PM","01 - Clear","01 - Dry","10 - No control","01 - Non intersection","01 - Daylight","03 - P.D. only","03 - Rear end"
"6149","HEARST WAY btwn CHIMO DR & COHEN AVE","352993.80357","5019711.78586","-75.88532","45.31570","2017","11/7/2017","7:41:00 PM","01 - Clear","01 - Dry","10 - No control","01 - Non intersection","07 - Dark","02 - Non-fatal injury","07 - SMV other"
"6150","HEATHERINGTON RD @ FAIRLEA CRES S/ANGELA PRIV","371876.40874","5026501.52840","-75.64359","45.37524","2017","11/9/2017","10:16:00 PM","01 - Clear","02 - Wet","02 - Stop sign","03 - At intersection","07 - Dark","02 - Non-fatal injury","07 - SMV other"
"6151","HEATHERINGTON RD btwn ALBION RD N & BANNERHILL PRIV","371344.32849","5026269.18266","-75.65041","45.37321","2017","5/1/2017","12:00:00 AM","02 - Rain","02 - Wet","10 - No control","01 - Non intersection","00 - Unknown","03 - P.D. only","06 - SMV unattended vehicle"
"6152","HEATHERINGTON RD btwn FAIRLEA CRES & ANGELA PRIV","371846.30841","5026600.52506","-75.64396","45.37614","2017","1/19/2017","2:14:00 PM","04 - Freezing Rain","06 - Ice","10 - No control","01 - Non intersection","01 - Daylight","03 - P.D. only","01 - Approaching"
"6153","HEATHERINGTON RD btwn WALKLEY RD & FAIRLEA CRES","371804.70658","5026705.23583","-75.64448","45.37708","2017","5/7/2017","6:14:00 PM","01 - Clear","02 - Wet","10 - No control","01 - Non intersection","01 - Daylight","03 - P.D. only","99 - Other"
"6154","HEATHERSTONE CRES btwn ARIA CRT & SPRINGRIDGE DR","385714.21994","5038681.43983","-75.46494","45.48337","2017","5/2/2017","2:14:00 PM","01 - Clear","02 - Wet","10 - No control","04 - At/near private drive","01 - Daylight","02 - Non-fatal injury","02 - Angle"
"6155","HELEN RAPP WAY btwn MABERLY WAY & MABERLY WAY","375492.80190","5019384.58140","-75.59844","45.31085","2017","6/1/2017","3:12:00 PM","01 - Clear","01 - Dry","10 - No control","01 - Non intersection","01 - Daylight","03 - P.D. only","06 - SMV unattended vehicle"
"6156","HELENIUM LANE @ WILLOW ASTER CIR","383493.71300","5033813.01200","-75.49412","45.43982","2017","12/21/2017","12:00:00 AM","01 - Clear","05 - Packed snow","10 - No control","02 - Intersection related","00 - Unknown","03 - P.D. only","06 - SMV unattended vehicle"
"6157","HEMLOCK PRIV @ AVIATION PKWY ON RAMP","371604.71127","5034914.60062","-75.64592","45.45097","2017","8/21/2017","4:00:00 PM","01 - Clear","01 - Dry","10 - No control","03 - At intersection","01 - Daylight","03 - P.D. only","04 - Sideswipe"
"6158","HEMLOCK RD @ LANSDOWNE RD","369848.29223","5034512.80627","-75.66842","45.44752","2017","2/14/2017","5:34:00 PM","04 - Freezing Rain","03 - Loose snow","02 - Stop sign","02 - Intersection related","07 - Dark","03 - P.D. only","01 - Approaching"
"6159","HEMLOCK RD @ LANSDOWNE RD","369848.52346","5034511.57170","-75.66842","45.44751","2017","3/8/2017","7:32:00 AM","04 - Freezing Rain","06 - Ice","02 - Stop sign","02 - Intersection related","01 - Daylight","03 - P.D. only","03 - Rear end"
"6160","HEMLOCK RD @ LANSDOWNE RD","369851.02774","5034509.69553","-75.66839","45.44749","2017","3/8/2017","7:55:00 AM","04 - Freezing Rain","06 - Ice","02 - Stop sign","02 - Intersection related","01 - Daylight","03 - P.D. only","03 - Rear end"
"6161","HEMLOCK RD @ ST. LAURENT BLVD","371145.70890","5034780.00290","-75.65180","45.44980","2017","8/10/2017","4:00:00 PM","01 - Clear","01 - Dry","01 - Traffic signal","03 - At intersection","01 - Daylight","03 - P.D. only","05 - Turning movement"
"6162","HEMLOCK RD @ ST. LAURENT BLVD","371145.81377","5034781.46359","-75.65180","45.44981","2017","9/25/2017","3:54:00 PM","01 - Clear","01 - Dry","01 - Traffic signal","02 - Intersection related","01 - Daylight","03 - P.D. only","04 - Sideswipe"
"6163","HEMLOCK RD @ ST. LAURENT BLVD","371145.70890","5034782.27424","-75.65180","45.44982","2017","12/13/2017","3:26:00 PM","01 - Clear","02 - Wet","01 - Traffic signal","02 - Intersection related","01 - Daylight","03 - P.D. only","03 - Rear end"
"6164","HEMLOCK RD @ ST. LAURENT BLVD","371145.70890","5034782.41191","-75.65180","45.44982","2017","1/18/2017","3:52:00 PM","02 - Rain","02 - Wet","01 - Traffic signal","02 - Intersection related","01 - Daylight","03 - P.D. only","05 - Turning movement"
"6165","HEMLOCK RD btwn LANSDOWNE RD S & WHITEMARL DR","370005.11778","5034628.16787","-75.66640","45.44854","2017","7/11/2017","3:27:00 PM","02 - Rain","02 - Wet","10 - No control","01 - Non intersection","01 - Daylight","03 - P.D. only","03 - Rear end"
"6166","HEMLOCK RD btwn ST. LAURENT BLVD & LONDON TER","371175.47479","5034780.92890","-75.65142","45.44981","2017","11/30/2017","4:48:00 PM","04 - Freezing Rain","02 - Wet","10 - No control","04 - At/near private drive","05 - Dusk","03 - P.D. only","02 - Angle"
"6167","HEMMINGWOOD WAY @ NORTHGATE ST","362062.67640","5023090.62313","-75.76927","45.34542","2017","2/13/2017","11:34:00 AM","01 - Clear","02 - Wet","02 - Stop sign","02 - Intersection related","01 - Daylight","03 - P.D. only","04 - Sideswipe"
"6168","HENDERSON AVE btwn LAURIER AVE E & OSGOODE ST","368912.13634","5031909.07032","-75.68073","45.42418","2017","2/3/2017","9:05:00 AM","01 - Clear","01 - Dry","10 - No control","01 - Non intersection","01 - Daylight","03 - P.D. only","06 - SMV unattended vehicle"
"6169","HENEY ST btwn CHARLOTTE ST & WURTEMBURG ST","369168.50896","5033100.09045","-75.67730","45.43487","2017","3/30/2017","12:00:00 AM","01 - Clear","01 - Dry","10 - No control","01 - Non intersection","00 - Unknown","03 - P.D. only","06 - SMV unattended vehicle"
"6170","HENLEY ST @ TAVISTOCK RD","360896.68284","5024583.52320","-75.78398","45.35895","2017","3/23/2017","9:07:00 AM","01 - Clear","01 - Dry","02 - Stop sign","03 - At intersection","01 - Daylight","03 - P.D. only","05 - Turning movement"
"6171","HENN DR @ TRIM RD","388624.89910","5032209.06585","-75.42881","45.42479","2017","1/28/2017","6:13:00 PM","01 - Clear","02 - Wet","02 - Stop sign","02 - Intersection related","07 - Dark","03 - P.D. only","03 - Rear end"
"6172","HENNEPIN ST @ KENNEVALE DR","362269.17950","5014471.49371","-75.76764","45.26785","2017","11/30/2017","4:31:00 PM","02 - Rain","02 - Wet","02 - Stop sign","03 - At intersection","05 - Dusk","02 - Non-fatal injury","07 - SMV other"
"6173","HENNEPIN ST btwn KENNEVALE DR & SARRAZIN WAY","362321.16935","5014407.66046","-75.76698","45.26727","2017","12/23/2017","3:40:00 AM","03 - Snow","04 - Slush","10 - No control","04 - At/near private drive","07 - Dark","03 - P.D. only","06 - SMV unattended vehicle"
"6174","HENNESSY CRES E @ VALIN ST E","385266.70555","5037698.34271","-75.47082","45.47457","2017","9/10/2017","8:15:00 PM","01 - Clear","01 - Dry","02 - Stop sign","03 - At intersection","07 - Dark","03 - P.D. only","02 - Angle"
"6175","HENNESSY CRES/VARENNES BLVD @ VALIN ST","385176.55564","5037685.49202","-75.47198","45.47447","2017","9/13/2017","12:46:00 PM","01 - Clear","01 - Dry","02 - Stop sign","03 - At intersection","01 - Daylight","03 - P.D. only","02 - Angle"
"6176","HENRI LAUZON ST btwn WILDBERRY CRT & FORESTCREST ST","380124.63043","5036443.70526","-75.53677","45.46386","2017","8/22/2017","9:28:00 PM","01 - Clear","01 - Dry","10 - No control","04 - At/near private drive","07 - Dark","03 - P.D. only","06 - SMV unattended vehicle"
"6177","HENRY FARM DR @ MAITLAND AVE","363848.69320","5025152.74166","-75.74624","45.36383","2017","9/8/2017","1:11:00 PM","01 - Clear","01 - Dry","02 - Stop sign","02 - Intersection related","01 - Daylight","02 - Non-fatal injury","03 - Rear end"
"6178","HENRY FARM DR @ MAITLAND AVE","363849.16657","5025152.28151","-75.74623","45.36383","2017","12/24/2017","4:33:00 PM","01 - Clear","01 - Dry","02 - Stop sign","02 - Intersection related","05 - Dusk","03 - P.D. only","07 - SMV other"
"6179","HENRY FARM DR @ TERREBONNE DR","363885.02096","5024897.17581","-75.74580","45.36153","2017","2/14/2017","9:28:00 AM","03 - Snow","03 - Loose snow","02 - Stop sign","03 - At intersection","01 - Daylight","03 - P.D. only","02 - Angle"
"6180","HENRY FARM DR btwn TERREBONNE DR & BASELINE RD","363953.01206","5024756.44691","-75.74495","45.36026","2017","2/15/2017","3:21:00 PM","03 - Snow","03 - Loose snow","10 - No control","01 - Non intersection","01 - Daylight","03 - P.D. only","06 - SMV unattended vehicle"
"6181","HEPATICA WAY @ MASKINONGE CR E","384077.33310","5034257.60700","-75.48659","45.44375","2017","12/19/2017","4:37:00 PM","99 - Other","03 - Loose snow","10 - No control","02 - Intersection related","05 - Dusk","03 - P.D. only","06 - SMV unattended vehicle"
"6182","HEPATICA WAY btwn GENEVRIERS ST & MAGNOLIA ST","384489.91100","5034602.51900","-75.48126","45.44681","2017","10/29/2017","3:15:00 PM","01 - Clear","01 - Dry","10 - No control","04 - At/near private drive","01 - Daylight","03 - P.D. only","06 - SMV unattended vehicle"
"6183","HERON RD @ 155 W OF BANK ST/CANADIAN TIRE SC","369848.10679","5026832.84458","-75.66944","45.37842","2017","10/23/2017","4:49:00 PM","01 - Clear","01 - Dry","01 - Traffic signal","03 - At intersection","01 - Daylight","03 - P.D. only","05 - Turning movement"
"6184","HERON RD @ ALTA VISTA DR","370494.30848","5026905.21652","-75.66118","45.37901","2017","5/11/2017","9:50:00 AM","01 - Clear","01 - Dry","01 - Traffic signal","02 - Intersection related","01 - Daylight","03 - P.D. only","03 - Rear end"
"6185","HERON RD @ ALTA VISTA DR","370492.38795","5026902.53710","-75.66120","45.37898","2017","6/24/2017","12:08:00 PM","01 - Clear","01 - Dry","01 - Traffic signal","02 - Intersection related","01 - Daylight","03 - P.D. only","03 - Rear end"
"6186","HERON RD @ ALTA VISTA DR","370492.38795","5026901.86820","-75.66120","45.37898","2017","5/21/2017","3:46:00 PM","01 - Clear","01 - Dry","01 - Traffic signal","02 - Intersection related","01 - Daylight","03 - P.D. only","07 - SMV other"
"6187","HERON RD @ ALTA VISTA DR","370490.79932","5026902.53710","-75.66122","45.37898","2017","8/15/2017","6:43:00 AM","02 - Rain","02 - Wet","01 - Traffic signal","02 - Intersection related","01 - Daylight","03 - P.D. only","03 - Rear end"
"6188","HERON RD @ ALTA VISTA DR","370492.72240","5026901.41978","-75.66120","45.37897","2017","8/30/2017","9:43:00 AM","01 - Clear","01 - Dry","01 - Traffic signal","02 - Intersection related","01 - Daylight","02 - Non-fatal injury","04 - Sideswipe"
"6189","HERON RD @ ALTA VISTA DR","370493.05685","5026903.87489","-75.66120","45.37900","2017","7/1/2017","9:34:00 PM","01 - Clear","02 - Wet","01 - Traffic signal","03 - At intersection","07 - Dark","02 - Non-fatal injury","05 - Turning movement"
"6190","HERON RD @ ALTA VISTA DR","370492.72240","5026902.53710","-75.66120","45.37898","2017","10/4/2017","4:16:00 PM","01 - Clear","01 - Dry","01 - Traffic signal","02 - Intersection related","01 - Daylight","03 - P.D. only","03 - Rear end"
"6191","HERON RD @ ALTA VISTA DR","370491.00566","5026900.82036","-75.66122","45.37897","2017","1/5/2017","5:23:00 PM","03 - Snow","06 - Ice","01 - Traffic signal","02 - Intersection related","05 - Dusk","03 - P.D. only","03 - Rear end"
"6192","HERON RD @ ALTA VISTA DR","370493.72574","5026903.87489","-75.66119","45.37900","2017","3/8/2017","4:00:00 AM","02 - Rain","02 - Wet","01 - Traffic signal","03 - At intersection","07 - Dark","02 - Non-fatal injury","07 - SMV other"
"6193","HERON RD @ ALTA VISTA DR","370492.72240","5026902.29815","-75.66120","45.37898","2017","12/21/2017","3:27:00 PM","01 - Clear","06 - Ice","01 - Traffic signal","02 - Intersection related","01 - Daylight","03 - P.D. only","03 - Rear end"
"6194","HERON RD @ ALTA VISTA DR","370492.24903","5026903.72053","-75.66121","45.37899","2017","12/16/2017","4:46:00 PM","01 - Clear","02 - Wet","01 - Traffic signal","02 - Intersection related","05 - Dusk","03 - P.D. only","03 - Rear end"
"6195","HERON RD @ BAYCREST DR","371143.50732","5026978.87857","-75.65288","45.37961","2017","8/21/2017","4:00:00 PM","01 - Clear","01 - Dry","01 - Traffic signal","02 - Intersection related","01 - Daylight","03 - P.D. only","04 - Sideswipe"
"6196","HERON RD @ BAYCREST DR","371143.72930","5026979.54450","-75.65288","45.37962","2017","10/3/2017","8:25:00 AM","01 - Clear","01 - Dry","01 - Traffic signal","03 - At intersection","01 - Daylight","02 - Non-fatal injury","05 - Turning movement"
"6197","HERON RD @ BAYCREST DR","371143.25140","5026978.34976","-75.65288","45.37961","2017","11/8/2017","4:49:00 PM","01 - Clear","01 - Dry","01 - Traffic signal","03 - At intersection","05 - Dusk","03 - P.D. only","05 - Turning movement"
"6198","HERON RD @ BAYCREST DR","371146.08738","5026979.17943","-75.65285","45.37961","2017","2/13/2017","3:36:00 PM","03 - Snow","06 - Ice","01 - Traffic signal","02 - Intersection related","01 - Daylight","03 - P.D. only","03 - Rear end"
"6199","HERON RD @ BAYCREST DR","371142.87093","5026977.82776","-75.65289","45.37960","2017","1/5/2017","7:10:00 PM","01 - Clear","06 - Ice","01 - Traffic signal","02 - Intersection related","07 - Dark","03 - P.D. only","03 - Rear end"
"6200","HERON RD @ BRIAR HILL DR/SANDALWOOD DR","371453.06225","5027011.19991","-75.64892","45.37987","2017","2/15/2017","6:05:00 PM","03 - Snow","04 - Slush","01 - Traffic signal","02 - Intersection related","07 - Dark","03 - P.D. only","03 - Rear end"
"6201","HERON RD @ BRIAR HILL DR/SANDALWOOD DR","371455.23506","5027013.26253","-75.64890","45.37989","2017","12/31/2017","6:33:00 PM","01 - Clear","02 - Wet","01 - Traffic signal","03 - At intersection","07 - Dark","03 - P.D. only","03 - Rear end"
"6202","HERON RD @ BRONSON AVE RAMP 52","368689.71034","5026696.68920","-75.68425","45.37730","2017","4/14/2017","2:05:00 PM","01 - Clear","01 - Dry","10 - No control","02 - Intersection related","01 - Daylight","03 - P.D. only","03 - Rear end"
"6203","HERON RD @ FINN CRT","370830.62620","5026945.32695","-75.65688","45.37934","2017","8/24/2017","9:47:00 PM","01 - Clear","01 - Dry","01 - Traffic signal","02 - Intersection related","07 - Dark","03 - P.D. only","04 - Sideswipe"
"6204","HERON RD @ FINN CRT","370831.48914","5026945.11115","-75.65687","45.37934","2017","9/7/2017","9:28:00 AM","01 - Clear","01 - Dry","01 - Traffic signal","02 - Intersection related","01 - Daylight","03 - P.D. only","04 - Sideswipe"
"6205","HERON RD @ JUNCTION AVE","369217.73592","5026760.52660","-75.67750","45.37782","2017","8/5/2017","5:46:00 AM","01 - Clear","01 - Dry","02 - Stop sign","02 - Intersection related","03 - Dawn","02 - Non-fatal injury","01 - Approaching"
"6206","HERON RD @ JUNCTION AVE","369217.85495","5026762.92919","-75.67749","45.37785","2017","7/8/2017","7:54:00 PM","01 - Clear","01 - Dry","02 - Stop sign","03 - At intersection","01 - Daylight","02 - Non-fatal injury","05 - Turning movement"
"6207","HERON RD @ KALADAR AVE","369684.72006","5026804.53760","-75.67153","45.37818","2017","6/20/2017","9:50:00 AM","01 - Clear","01 - Dry","01 - Traffic signal","02 - Intersection related","01 - Daylight","03 - P.D. only","03 - Rear end"
"6208","HERON RD @ KALADAR AVE","369686.05785","5026805.87539","-75.67151","45.37819","2017","5/2/2017","7:20:00 AM","01 - Clear","01 - Dry","01 - Traffic signal","02 - Intersection related","01 - Daylight","03 - P.D. only","99 - Other"
"6209","HERON RD @ KALADAR AVE","369686.36443","5026804.53760","-75.67151","45.37818","2017","8/13/2017","7:39:00 PM","01 - Clear","01 - Dry","01 - Traffic signal","02 - Intersection related","01 - Daylight","03 - P.D. only","03 - Rear end"
"6210","HERON RD @ KALADAR AVE","369685.38895","5026805.20650","-75.67152","45.37818","2017","11/27/2017","4:25:00 PM","01 - Clear","01 - Dry","01 - Traffic signal","02 - Intersection related","05 - Dusk","03 - P.D. only","05 - Turning movement"
"6211","HERON RD @ KALADAR AVE","369685.72314","5026804.53899","-75.67152","45.37818","2017","1/5/2017","12:35:00 PM","01 - Clear","06 - Ice","01 - Traffic signal","02 - Intersection related","01 - Daylight","03 - P.D. only","03 - Rear end"
"6212","HERON RD @ KALADAR AVE","369686.09460","5026803.58323","-75.67151","45.37817","2017","12/19/2017","4:55:00 PM","01 - Clear","01 - Dry","01 - Traffic signal","02 - Intersection related","07 - Dark","03 - P.D. only","03 - Rear end"
"6213","HERON RD @ WALKLEY RD","372266.84065","5027081.44791","-75.63852","45.38043","2017","6/25/2017","2:48:00 AM","01 - Clear","01 - Dry","01 - Traffic signal","02 - Intersection related","07 - Dark","03 - P.D. only","07 - SMV other"
"6214","HERON RD @ WALKLEY RD","372266.22835","5027083.21791","-75.63853","45.38044","2017","10/8/2017","12:33:00 PM","01 - Clear","01 - Dry","01 - Traffic signal","03 - At intersection","01 - Daylight","03 - P.D. only","02 - Angle"
"6215","HERON RD @ WALKLEY RD","372268.84734","5027082.78570","-75.63850","45.38044","2017","1/5/2017","9:15:00 AM","01 - Clear","06 - Ice","01 - Traffic signal","02 - Intersection related","01 - Daylight","02 - Non-fatal injury","03 - Rear end"
"6216","HERON RD @ WALKLEY RD","372266.17176","5027082.11681","-75.63853","45.38043","2017","4/15/2017","4:47:00 AM","01 - Clear","01 - Dry","01 - Traffic signal","03 - At intersection","07 - Dark","02 - Non-fatal injury","07 - SMV other"
"6217","HERON RD btwn BANK ST & EDGE HILL PL","370143.77771","5026873.51778","-75.66566","45.37876","2017","8/24/2017","10:12:00 PM","01 - Clear","01 - Dry","10 - No control","01 - Non intersection","07 - Dark","02 - Non-fatal injury","03 - Rear end"
"6218","HERON RD btwn BANK ST & EDGE HILL PL","370006.69010","5026853.03830","-75.66741","45.37858","2017","1/24/2017","8:56:00 AM","03 - Snow","06 - Ice","10 - No control","01 - Non intersection","01 - Daylight","03 - P.D. only","07 - SMV other"
"6219","HERON RD btwn BAYCREST DR & SANDALWOOD DR","371243.72930","5026992.25353","-75.65160","45.37972","2017","11/1/2017","9:02:00 AM","02 - Rain","02 - Wet","10 - No control","04 - At/near private drive","01 - Daylight","03 - P.D. only","05 - Turning movement"
"6220","HERON RD btwn CLEMENTINE BLVD & FALCON AVE","369591.54669","5026793.26936","-75.67272","45.37808","2017","9/13/2017","5:00:00 PM","01 - Clear","01 - Dry","10 - No control","01 - Non intersection","01 - Daylight","03 - P.D. only","03 - Rear end"
"6221","HERON RD btwn EVANS BLVD & ALTA VISTA DR","370477.52250","5026901.34726","-75.66139","45.37897","2017","9/29/2017","8:47:00 AM","01 - Clear","01 - Dry","10 - No control","01 - Non intersection","01 - Daylight","02 - Non-fatal injury","07 - SMV other"
"6222","HERON RD btwn FINN CRT & BAYCREST DR","370967.55718","5026960.26547","-75.65513","45.37946","2017","5/2/2017","6:02:00 PM","02 - Rain","02 - Wet","10 - No control","04 - At/near private drive","01 - Daylight","03 - P.D. only","05 - Turning movement"
"6223","HERON RD btwn HUNTLEY AVE & CLEMENTINE BLVD","369523.28509","5026784.15263","-75.67359","45.37801","2017","1/30/2017","7:34:00 PM","06 - Strong wind","06 - Ice","10 - No control","01 - Non intersection","07 - Dark","03 - P.D. only","07 - SMV other"
"6224","HERON RD btwn SANDALWOOD DR & JEFFERSON ST","371501.55783","5027015.44243","-75.64830","45.37990","2017","12/9/2017","11:22:00 PM","03 - Snow","03 - Loose snow","10 - No control","01 - Non intersection","07 - Dark","03 - P.D. only","07 - SMV other"
"6225","HERON RD btwn WILDWOOD AVE & BANK ST","369969.29860","5026849.53551","-75.66789","45.37856","2017","5/9/2017","9:01:00 PM","01 - Clear","01 - Dry","10 - No control","01 - Non intersection","05 - Dusk","03 - P.D. only","04 - Sideswipe"
"6226","HERON RD btwn WILDWOOD AVE & BANK ST","369965.61967","5026848.86661","-75.66794","45.37855","2017","1/17/2017","9:56:00 AM","01 - Clear","01 - Dry","10 - No control","01 - Non intersection","01 - Daylight","03 - P.D. only","03 - Rear end"