"Record","Location","X","Y","Longitude","Latitude","Year","Date","Time","Environment","Road_Surface","Traffic_Control","Collision_Location","Light","Collision_Classification","Impact_type"
"6227","HERON RD EB btwn DATA CENTRE RD & JUNCTION AVE","369134.97074","5026745.04391","-75.67855","45.37769","2017","3/30/2017","4:45:00 PM","01 - Clear","01 - Dry","10 - No control","04 - At/near private drive","01 - Daylight","03 - P.D. only","02 - Angle"
"6228","HERON RD EB btwn PRINCE OF WALES DR & HERON RD EB OFF RAMP/VINCENT MAS","367372.48400","5026486.64733","-75.70109","45.37553","2017","4/7/2017","4:16:00 PM","02 - Rain","02 - Wet","10 - No control","01 - Non intersection","01 - Daylight","03 - P.D. only","03 - Rear end"
"6229","HERON RD EB btwn RIVERSIDE DR & BRONSON AVE RAMP 35","368419.64666","5026663.19060","-75.68770","45.37702","2017","4/6/2017","5:06:00 PM","02 - Rain","02 - Wet","10 - No control","01 - Non intersection","01 - Daylight","03 - P.D. only","03 - Rear end"
"6230","HERON RD WB btwn HERON RD WB OFF RAMP/VINCENT MASSEY PARK & RIVERSIDE","368018.11518","5026636.75893","-75.69283","45.37682","2017","11/15/2017","10:52:00 AM","01 - Clear","01 - Dry","10 - No control","01 - Non intersection","01 - Daylight","03 - P.D. only","07 - SMV other"
"6231","HERON RD WB btwn HERON RD WB OFF RAMP/VINCENT MASSEY PARK & RIVERSIDE","368028.61179","5026638.12070","-75.69269","45.37683","2017","3/17/2017","7:15:00 AM","01 - Clear","06 - Ice","10 - No control","01 - Non intersection","01 - Daylight","02 - Non-fatal injury","04 - Sideswipe"
"6232","HERON RD WB btwn PRINCE OF WALES DR & HERON RD WB ON RAMP/VINCENT MASS","367465.64671","5026532.76694","-75.69989","45.37593","2017","12/13/2017","9:45:00 AM","01 - Clear","02 - Wet","10 - No control","01 - Non intersection","01 - Daylight","03 - P.D. only","04 - Sideswipe"
"6233","HERON RD WB btwn PRINCE OF WALES DR & HERON RD WB ON RAMP/VINCENT MASS","367075.97885","5026476.23546","-75.70488","45.37546","2017","4/7/2017","3:17:00 PM","01 - Clear","02 - Wet","10 - No control","01 - Non intersection","01 - Daylight","03 - P.D. only","03 - Rear end"
"6234","HERON RD WB btwn RIVERSIDE DR & BRONSON AVE RAMP 36","368288.66343","5026667.28799","-75.68937","45.37707","2017","5/5/2017","6:14:00 PM","01 - Clear","01 - Dry","10 - No control","01 - Non intersection","01 - Daylight","03 - P.D. only","03 - Rear end"
"6235","HERON RD WB btwn RIVERSIDE DR & BRONSON AVE RAMP 36","368441.91213","5026683.86869","-75.68741","45.37721","2017","8/11/2017","7:20:00 PM","01 - Clear","01 - Dry","10 - No control","01 - Non intersection","01 - Daylight","03 - P.D. only","04 - Sideswipe"
"6236","HERON RD WB btwn RIVERSIDE DR & BRONSON AVE RAMP 36","368459.61001","5026687.32465","-75.68718","45.37724","2017","7/7/2017","8:48:00 AM","01 - Clear","01 - Dry","10 - No control","01 - Non intersection","01 - Daylight","03 - P.D. only","03 - Rear end"
"6237","HERON RD WB btwn RIVERSIDE DR & BRONSON AVE RAMP 36","368236.71185","5026660.48259","-75.69003","45.37701","2017","9/20/2017","5:10:00 PM","01 - Clear","01 - Dry","10 - No control","01 - Non intersection","01 - Daylight","03 - P.D. only","03 - Rear end"
"6238","HERON RD WB btwn TURN LANE & DATA CENTRE RD","368986.00267","5026741.92156","-75.68046","45.37768","2017","2/13/2017","10:10:00 AM","03 - Snow","04 - Slush","10 - No control","01 - Non intersection","01 - Daylight","03 - P.D. only","04 - Sideswipe"
"6239","HERRIDGE ST @ MAIN ST","369218.71180","5030048.92603","-75.67705","45.40741","2017","2/14/2017","7:09:00 PM","03 - Snow","05 - Packed snow","02 - Stop sign","02 - Intersection related","07 - Dark","03 - P.D. only","03 - Rear end"
"6240","HERRIDGE ST @ MAIN ST","369219.18517","5030048.78749","-75.67705","45.40741","2017","12/20/2017","4:30:00 PM","01 - Clear","04 - Slush","02 - Stop sign","03 - At intersection","05 - Dusk","02 - Non-fatal injury","05 - Turning movement"
"6241","HERRIDGE ST @ MCGILLIVRAY ST","369000.16606","5029957.91885","-75.67986","45.40661","2017","1/24/2017","3:45:00 PM","04 - Freezing Rain","06 - Ice","02 - Stop sign","03 - At intersection","01 - Daylight","03 - P.D. only","07 - SMV other"
"6242","HERRIDGE ST btwn GLENORA ST & MAIN ST","369187.62145","5030034.72658","-75.67745","45.40729","2017","11/28/2017","12:10:00 PM","01 - Clear","02 - Wet","10 - No control","04 - At/near private drive","01 - Daylight","03 - P.D. only","02 - Angle"
"6243","HERZBERG RD @ CARLING AVE","352038.09337","5022300.25611","-75.89726","45.33906","2017","10/17/2017","3:17:00 PM","01 - Clear","01 - Dry","01 - Traffic signal","03 - At intersection","01 - Daylight","02 - Non-fatal injury","05 - Turning movement"
"6244","HERZBERG RD @ CARLING AVE","352037.07355","5022301.03925","-75.89728","45.33907","2017","1/17/2017","8:45:00 AM","01 - Clear","01 - Dry","01 - Traffic signal","02 - Intersection related","01 - Daylight","03 - P.D. only","04 - Sideswipe"
"6245","HERZBERG RD @ CARLING AVE","352038.56675","5022300.72949","-75.89726","45.33906","2017","1/19/2017","3:26:00 PM","01 - Clear","01 - Dry","01 - Traffic signal","02 - Intersection related","01 - Daylight","03 - P.D. only","03 - Rear end"
"6246","HERZBERG RD @ CARLING AVE","352036.11906","5022299.36710","-75.89729","45.33905","2017","2/12/2017","9:53:00 PM","03 - Snow","05 - Packed snow","01 - Traffic signal","03 - At intersection","07 - Dark","03 - P.D. only","07 - SMV other"
"6247","HERZBERG RD @ CARLING AVE","352037.95445","5022299.82390","-75.89726","45.33906","2017","4/13/2017","4:24:00 PM","01 - Clear","01 - Dry","01 - Traffic signal","02 - Intersection related","01 - Daylight","03 - P.D. only","03 - Rear end"
"6248","HERZBERG RD @ CARLING AVE","352037.95445","5022300.49280","-75.89726","45.33906","2017","3/3/2017","5:30:00 PM","01 - Clear","01 - Dry","01 - Traffic signal","02 - Intersection related","01 - Daylight","03 - P.D. only","03 - Rear end"
"6249","HERZBERG RD @ CARLING AVE","352037.62000","5022300.25385","-75.89727","45.33906","2017","12/25/2017","4:29:00 PM","01 - Clear","02 - Wet","01 - Traffic signal","02 - Intersection related","05 - Dusk","03 - P.D. only","07 - SMV other"
"6250","HERZBERG RD @ MARCH RD","352324.62554","5021529.15720","-75.89368","45.33210","2017","5/28/2017","1:21:00 PM","01 - Clear","01 - Dry","01 - Traffic signal","02 - Intersection related","01 - Daylight","02 - Non-fatal injury","07 - SMV other"
"6251","HERZBERG RD @ MARCH RD","352323.07575","5021529.58120","-75.89370","45.33211","2017","8/17/2017","2:01:00 PM","01 - Clear","01 - Dry","01 - Traffic signal","02 - Intersection related","01 - Daylight","03 - P.D. only","03 - Rear end"
"6252","HERZBERG RD @ MARCH RD","352322.95627","5021528.71028","-75.89370","45.33210","2017","8/24/2017","12:00:00 PM","01 - Clear","01 - Dry","01 - Traffic signal","02 - Intersection related","01 - Daylight","03 - P.D. only","03 - Rear end"
"6253","HERZBERG RD @ MARCH RD","352323.95665","5021528.48830","-75.89369","45.33210","2017","11/30/2017","7:26:00 AM","01 - Clear","01 - Dry","01 - Traffic signal","02 - Intersection related","01 - Daylight","03 - P.D. only","03 - Rear end"
"6254","HERZBERG RD @ MARCH RD","352322.61886","5021528.48830","-75.89371","45.33210","2017","12/5/2017","12:00:00 PM","01 - Clear","01 - Dry","01 - Traffic signal","03 - At intersection","01 - Daylight","03 - P.D. only","02 - Angle"
"6255","HERZBERG RD @ MARCH RD","352323.62220","5021528.25161","-75.89369","45.33209","2017","12/9/2017","2:10:00 PM","01 - Clear","02 - Wet","01 - Traffic signal","02 - Intersection related","01 - Daylight","03 - P.D. only","03 - Rear end"
"6256","HERZBERG RD @ MARCH RD","352323.95665","5021527.15051","-75.89369","45.33208","2017","3/3/2017","5:15:00 PM","01 - Clear","01 - Dry","01 - Traffic signal","02 - Intersection related","01 - Daylight","02 - Non-fatal injury","03 - Rear end"
"6257","HERZBERG RD @ MARCH RD","352323.62217","5021528.48827","-75.89369","45.33210","2017","12/29/2017","5:26:00 PM","01 - Clear","06 - Ice","01 - Traffic signal","02 - Intersection related","07 - Dark","03 - P.D. only","07 - SMV other"
"6258","HERZBERG RD @ MARCH RD","352324.56895","5021529.67173","-75.89368","45.33211","2017","12/18/2017","7:27:00 AM","01 - Clear","04 - Slush","01 - Traffic signal","03 - At intersection","03 - Dawn","03 - P.D. only","02 - Angle"
"6259","HERZBERG RD @ MARCH RD","352323.62220","5021529.68304","-75.89369","45.33211","2017","12/22/2017","7:59:00 PM","03 - Snow","06 - Ice","01 - Traffic signal","03 - At intersection","07 - Dark","03 - P.D. only","02 - Angle"
"6260","HERZBERG RD @ MARCH RD","352323.62220","5021527.36090","-75.89369","45.33209","2017","12/23/2017","12:00:00 PM","03 - Snow","08 - Loose sand or gravel","01 - Traffic signal","03 - At intersection","01 - Daylight","03 - P.D. only","07 - SMV other"
"6261","HERZBERG RD btwn BAYFIELD AVE & MARCH RD","352148.62478","5022052.64591","-75.89588","45.33682","2017","7/31/2017","5:07:00 PM","01 - Clear","01 - Dry","10 - No control","04 - At/near private drive","01 - Daylight","02 - Non-fatal injury","05 - Turning movement"
"6262","HERZBERG RD btwn LEGGET DR & CARLING AVE","351963.59764","5022468.78984","-75.89820","45.34058","2017","11/9/2017","5:09:00 PM","01 - Clear","01 - Dry","10 - No control","01 - Non intersection","05 - Dusk","03 - P.D. only","03 - Rear end"
"6263","HERZBERG RD btwn LEGGET DR & CARLING AVE","351963.61578","5022472.12079","-75.89820","45.34061","2017","4/21/2017","4:29:00 PM","01 - Clear","01 - Dry","10 - No control","04 - At/near private drive","01 - Daylight","03 - P.D. only","05 - Turning movement"
"6264","HERZBERG RD btwn TERRY FOX DR & Continuation of HERZBERG RD (2)","351656.94095","5023167.37587","-75.90204","45.34689","2017","6/24/2017","7:45:00 PM","02 - Rain","02 - Wet","10 - No control","01 - Non intersection","01 - Daylight","03 - P.D. only","07 - SMV other"
"6265","HERZBERG RD/MARCH VALLEY RD @ SANDHILL RD","351526.76111","5023530.71796","-75.90367","45.35017","2017","2/28/2017","9:44:00 AM","01 - Clear","01 - Dry","02 - Stop sign","02 - Intersection related","01 - Daylight","03 - P.D. only","03 - Rear end"
"6266","HIGH RD btwn EARL ARMSTRONG RD & ALBION RD","374331.75347","5017893.20971","-75.61345","45.29755","2017","3/24/2017","10:58:00 AM","03 - Snow","03 - Loose snow","10 - No control","01 - Non intersection","01 - Daylight","03 - P.D. only","07 - SMV other"
"6267","HIGHCROFT DR @ MANOTICK MAIN ST","368615.70724","5009988.39420","-75.68734","45.22697","2017","6/15/2017","5:41:00 PM","01 - Clear","01 - Dry","02 - Stop sign","03 - At intersection","01 - Daylight","02 - Non-fatal injury","02 - Angle"
"6268","HIGHCROFT DR @ MANOTICK MAIN ST","368615.70724","5009989.06310","-75.68734","45.22697","2017","11/26/2017","12:59:00 PM","01 - Clear","01 - Dry","02 - Stop sign","03 - At intersection","01 - Daylight","02 - Non-fatal injury","05 - Turning movement"
"6269","HIGHFIELD CRES @ RICHMOND RD","359756.66910","5023948.55506","-75.79860","45.35333","2017","7/27/2017","5:50:00 PM","01 - Clear","01 - Dry","02 - Stop sign","03 - At intersection","01 - Daylight","03 - P.D. only","02 - Angle"
"6270","HIGHFIELD CRES btwn LOVITT RD & RICHMOND RD","359814.49467","5023868.03052","-75.79787","45.35260","2017","9/18/2017","6:50:00 AM","01 - Clear","01 - Dry","10 - No control","01 - Non intersection","03 - Dawn","03 - P.D. only","03 - Rear end"
"6271","HIGHGATE RD @ IRIS ST","361634.13965","5023935.75069","-75.77464","45.35306","2017","1/4/2017","5:00:00 PM","03 - Snow","06 - Ice","02 - Stop sign","02 - Intersection related","05 - Dusk","03 - P.D. only","07 - SMV other"
"6272","HIGHGATE RD btwn CHESHIRE RD & BLOOMSBURY CRES","361688.28176","5023837.72059","-75.77396","45.35218","2017","1/13/2017","10:47:00 PM","02 - Rain","05 - Packed snow","10 - No control","01 - Non intersection","07 - Dark","03 - P.D. only","06 - SMV unattended vehicle"
"6273","HIGHGATE RD btwn WESTBURY RD & BASELINE RD","362016.43567","5023550.72580","-75.76981","45.34957","2017","11/14/2017","2:39:00 PM","01 - Clear","01 - Dry","10 - No control","04 - At/near private drive","01 - Daylight","03 - P.D. only","02 - Angle"
"6274","HIGHLAND AVE btwn PRINCETON AVE & AVONDALE AVE","362926.99911","5027484.48676","-75.75773","45.38489","2017","1/17/2017","11:30:00 AM","01 - Clear","01 - Dry","10 - No control","01 - Non intersection","01 - Daylight","03 - P.D. only","06 - SMV unattended vehicle"
"6275","HIGHLAND TER @ SMYTH RD","371358.72704","5029162.54530","-75.64984","45.39924","2017","5/17/2017","4:06:00 PM","01 - Clear","01 - Dry","02 - Stop sign","02 - Intersection related","01 - Daylight","03 - P.D. only","04 - Sideswipe"
"6276","HIGHWAY 17 btwn HUNT LINE RD & OLD BARN RD","325025.27177","5026384.14678","-76.24176","45.37711","2017","7/4/2017","12:30:00 PM","01 - Clear","01 - Dry","10 - No control","01 - Non intersection","01 - Daylight","03 - P.D. only","07 - SMV other"
"6277","HIGHWAY 17 btwn THOMAS ELLIOT RD & GALETTA SIDE RD","320931.25187","5030719.94481","-76.29389","45.41623","2017","1/27/2017","8:30:00 AM","01 - Clear","01 - Dry","10 - No control","04 - At/near private drive","01 - Daylight","03 - P.D. only","05 - Turning movement"
"6278","HIGHWAY 416 btwn HIGHWAY 416 & HWY416 IC57 RAMP52","364669.92378","5008191.77429","-75.73780","45.21115","2017","4/14/2017","8:43:00 PM","01 - Clear","01 - Dry","10 - No control","01 - Non intersection","07 - Dark","03 - P.D. only","07 - SMV other"
"6279","HIGHWAY 416 btwn HIGHWAY 416 & HWY416 IC57 RAMP52","364680.96104","5008166.16226","-75.73766","45.21092","2017","5/25/2017","9:20:00 PM","02 - Rain","02 - Wet","10 - No control","01 - Non intersection","07 - Dark","03 - P.D. only","07 - SMV other"
"6280","HIGHWAY 416 btwn HIGHWAY 416 & HWY416 IC57 RAMP52","364587.43019","5008324.89866","-75.73883","45.21235","2017","3/7/2017","8:29:00 AM","04 - Freezing Rain","02 - Wet","10 - No control","01 - Non intersection","01 - Daylight","03 - P.D. only","04 - Sideswipe"
"6281","HIGHWAY 416 btwn HWY416 IC42 RAMP24 & END","372295.16699","4994171.94661","-75.64263","45.08431","2017","11/17/2017","11:23:00 AM","02 - Rain","06 - Ice","10 - No control","07 - Overpass or bridge","01 - Daylight","02 - Non-fatal injury","03 - Rear end"
"6282","HIGHWAY 416 btwn HWY416 IC42 RAMP24 & END","372382.52503","4994134.20772","-75.64152","45.08396","2017","8/5/2017","7:30:00 AM","01 - Clear","01 - Dry","10 - No control","01 - Non intersection","01 - Daylight","03 - P.D. only","07 - SMV other"
"6283","HIGHWAY 416 btwn HWY416 IC42 RAMP24 & END","372374.85965","4994129.08403","-75.64162","45.08391","2017","11/18/2017","11:23:00 AM","02 - Rain","06 - Ice","10 - No control","07 - Overpass or bridge","01 - Daylight","02 - Non-fatal injury","03 - Rear end"
"6284","HIGHWAY 416 btwn HWY416 IC42 RAMP24 & END","372010.24752","4994304.25393","-75.64623","45.08553","2017","6/4/2017","2:49:00 AM","01 - Clear","01 - Dry","10 - No control","01 - Non intersection","07 - Dark","03 - P.D. only","07 - SMV other"
"6285","HIGHWAY 416 btwn HWY416 IC42 RAMP24 & END","372414.74718","4994114.01989","-75.64112","45.08378","2017","2/7/2017","8:50:00 AM","01 - Clear","01 - Dry","10 - No control","07 - Overpass or bridge","01 - Daylight","03 - P.D. only","07 - SMV other"
"6286","HIGHWAY 416 btwn HWY416 IC42 RAMP24 & END","372239.56379","4994192.60564","-75.64333","45.08450","2017","1/17/2017","8:45:00 AM","01 - Clear","01 - Dry","10 - No control","01 - Non intersection","01 - Daylight","03 - P.D. only","07 - SMV other"
"6287","HIGHWAY 416 btwn HWY416 IC42 RAMP24 & END","372319.86568","4994159.27987","-75.64232","45.08419","2017","11/17/2017","11:23:00 AM","02 - Rain","06 - Ice","10 - No control","01 - Non intersection","01 - Daylight","03 - P.D. only","07 - SMV other"
"6288","HIGHWAY 416 btwn HWY416 IC42 RAMP34 & HWY416 IC42 RAMP43","371384.62881","4995306.61233","-75.65404","45.09460","2017","12/15/2017","10:40:00 PM","03 - Snow","03 - Loose snow","10 - No control","01 - Non intersection","07 - Dark","03 - P.D. only","07 - SMV other"
"6289","HIGHWAY 416 btwn HWY416 IC42 RAMP34 & HWY416 IC42 RAMP43","371357.22385","4995366.45692","-75.65438","45.09515","2017","8/14/2017","6:55:00 AM","01 - Clear","01 - Dry","10 - No control","01 - Non intersection","01 - Daylight","02 - Non-fatal injury","07 - SMV other"
"6290","HIGHWAY 416 btwn HWY416 IC42 RAMP34 & HWY416 IC42 RAMP43","371369.66325","4995337.52793","-75.65423","45.09488","2017","6/19/2017","9:48:00 PM","01 - Clear","01 - Dry","10 - No control","01 - Non intersection","07 - Dark","03 - P.D. only","07 - SMV other"
"6291","HIGHWAY 416 btwn HWY416 IC42 RAMP42 & HWY416 IC42 RAMP24","371568.02956","4994980.95684","-75.65176","45.09166","2017","12/9/2017","3:05:00 AM","01 - Clear","01 - Dry","10 - No control","01 - Non intersection","07 - Dark","03 - P.D. only","07 - SMV other"
"6292","HIGHWAY 416 btwn HWY416 IC42 RAMP43 & END","372113.13329","4994197.34666","-75.64494","45.08455","2017","11/18/2017","12:10:00 PM","04 - Freezing Rain","06 - Ice","10 - No control","01 - Non intersection","01 - Daylight","03 - P.D. only","03 - Rear end"
"6293","HIGHWAY 416 btwn HWY416 IC42 RAMP43 & END","372227.43352","4994163.47993","-75.64349","45.08424","2017","11/18/2017","12:00:00 PM","04 - Freezing Rain","06 - Ice","10 - No control","01 - Non intersection","01 - Daylight","02 - Non-fatal injury","03 - Rear end"
"6294","HIGHWAY 416 btwn HWY416 IC42 RAMP43 & END","372104.66661","4994210.04669","-75.64504","45.08467","2017","11/18/2017","12:05:00 PM","04 - Freezing Rain","06 - Ice","10 - No control","01 - Non intersection","01 - Daylight","03 - P.D. only","07 - SMV other"
"6295","HIGHWAY 416 btwn HWY416 IC42 RAMP43 & END","372477.08036","4994045.79042","-75.64033","45.08316","2017","12/4/2017","10:00:00 PM","01 - Clear","01 - Dry","10 - No control","01 - Non intersection","07 - Dark","03 - P.D. only","07 - SMV other"
"6296","HIGHWAY 416 btwn HWY416 IC42 RAMP43 & END","372257.06692","4994142.31322","-75.64312","45.08405","2017","11/18/2017","11:50:00 AM","04 - Freezing Rain","06 - Ice","10 - No control","01 - Non intersection","01 - Daylight","02 - Non-fatal injury","04 - Sideswipe"
"6297","HIGHWAY 416 btwn HWY416 IC42 RAMP43 & END","372398.34081","4994081.87829","-75.64133","45.08349","2017","1/13/2017","11:15:00 PM","01 - Clear","01 - Dry","10 - No control","01 - Non intersection","07 - Dark","03 - P.D. only","07 - SMV other"
"6298","HIGHWAY 416 btwn HWY416 IC49 RAMP24 & HWY416 IC42 RAMP42","370154.14732","4997248.47661","-75.66942","45.11219","2017","11/18/2017","1:27:00 AM","01 - Clear","01 - Dry","10 - No control","01 - Non intersection","07 - Dark","03 - P.D. only","07 - SMV other"
"6299","HIGHWAY 416 btwn HWY416 IC49 RAMP24 & HWY416 IC42 RAMP42","370501.49773","4996834.04539","-75.66506","45.10843","2017","9/9/2017","7:12:00 AM","01 - Clear","01 - Dry","10 - No control","01 - Non intersection","01 - Daylight","02 - Non-fatal injury","07 - SMV other"
"6300","HIGHWAY 416 btwn HWY416 IC49 RAMP24 & HWY416 IC42 RAMP42","369696.10453","4998717.82585","-75.67505","45.12546","2017","5/22/2017","10:00:00 AM","01 - Clear","01 - Dry","10 - No control","01 - Non intersection","01 - Daylight","02 - Non-fatal injury","07 - SMV other"
"6301","HIGHWAY 416 btwn HWY416 IC49 RAMP24 & HWY416 IC42 RAMP42","369698.83803","4998656.92299","-75.67502","45.12491","2017","6/22/2017","12:05:00 AM","01 - Clear","01 - Dry","10 - No control","01 - Non intersection","07 - Dark","03 - P.D. only","07 - SMV other"
"6302","HIGHWAY 416 btwn HWY416 IC49 RAMP42 & HWY416 IC49 RAMP24","369292.03159","5000861.69869","-75.67991","45.14478","2017","11/14/2017","8:04:00 AM","01 - Clear","01 - Dry","10 - No control","01 - Non intersection","01 - Daylight","03 - P.D. only","07 - SMV other"
"6303","HIGHWAY 416 btwn HWY416 IC49 RAMP42 & HWY416 IC49 RAMP24","369295.20001","5000853.30690","-75.67987","45.14471","2017","5/22/2017","10:00:00 PM","01 - Clear","01 - Dry","10 - No control","01 - Non intersection","07 - Dark","03 - P.D. only","07 - SMV other"
"6304","HIGHWAY 416 btwn HWY416 IC49 RAMP42 & HWY416 IC49 RAMP24","369300.11815","5000819.32395","-75.67981","45.14440","2017","5/6/2017","1:15:00 AM","02 - Rain","02 - Wet","10 - No control","01 - Non intersection","07 - Dark","02 - Non-fatal injury","07 - SMV other"
"6305","HIGHWAY 416 btwn HWY416 IC49 RAMP43 & HWY416 IC42 RAMP34","369674.88420","4998812.44566","-75.67531","45.12631","2017","8/11/2017","11:30:00 PM","01 - Clear","01 - Dry","10 - No control","01 - Non intersection","07 - Dark","02 - Non-fatal injury","07 - SMV other"
"6306","HIGHWAY 416 btwn HWY416 IC49 RAMP43 & HWY416 IC42 RAMP34","369651.62959","4998699.49741","-75.67562","45.12529","2017","1/30/2017","3:30:00 PM","01 - Clear","01 - Dry","10 - No control","01 - Non intersection","01 - Daylight","03 - P.D. only","04 - Sideswipe"
"6307","HIGHWAY 416 btwn HWY416 IC49 RAMP43 & HWY416 IC42 RAMP34","369663.20701","4998858.29972","-75.67545","45.12672","2017","3/7/2017","5:06:00 PM","01 - Clear","02 - Wet","10 - No control","01 - Non intersection","01 - Daylight","03 - P.D. only","07 - SMV other"
"6308","HIGHWAY 416 btwn HWY416 IC57 RAMP24 & HWY416 IC49 RAMP42","367685.73577","5003911.79783","-75.69995","45.17237","2017","10/26/2017","6:30:00 AM","01 - Clear","01 - Dry","10 - No control","01 - Non intersection","07 - Dark","02 - Non-fatal injury","03 - Rear end"
"6309","HIGHWAY 416 btwn HWY416 IC57 RAMP24 & HWY416 IC49 RAMP42","365293.08093","5007125.32668","-75.73000","45.20150","2017","8/4/2017","6:00:00 AM","01 - Clear","01 - Dry","10 - No control","01 - Non intersection","03 - Dawn","03 - P.D. only","07 - SMV other"
"6310","HIGHWAY 416 btwn HWY416 IC57 RAMP24 & HWY416 IC49 RAMP42","366523.07993","5005223.38379","-75.71458","45.18428","2017","11/1/2017","5:00:00 AM","01 - Clear","01 - Dry","10 - No control","01 - Non intersection","07 - Dark","03 - P.D. only","07 - SMV other"
"6311","HIGHWAY 416 btwn HWY416 IC57 RAMP24 & HWY416 IC49 RAMP42","369045.51765","5001630.38739","-75.68295","45.15172","2017","3/24/2017","7:20:00 PM","03 - Snow","04 - Slush","10 - No control","01 - Non intersection","07 - Dark","03 - P.D. only","04 - Sideswipe"
"6312","HIGHWAY 416 btwn HWY416 IC57 RAMP24 & HWY416 IC49 RAMP42","365791.92835","5006284.77928","-75.72375","45.19389","2017","1/24/2017","6:50:00 PM","03 - Snow","04 - Slush","10 - No control","01 - Non intersection","07 - Dark","03 - P.D. only","07 - SMV other"
"6313","HIGHWAY 416 btwn HWY416 IC57 RAMP24 & HWY416 IC49 RAMP42","365794.47337","5006264.22020","-75.72372","45.19371","2017","4/30/2017","11:59:00 AM","02 - Rain","02 - Wet","10 - No control","01 - Non intersection","01 - Daylight","03 - P.D. only","07 - SMV other"
"6314","HIGHWAY 416 btwn HWY416 IC57 RAMP34 & HWY416 IC57 RAMP43","364610.65700","5008212.09433","-75.73855","45.21134","2017","4/14/2017","8:43:00 PM","01 - Clear","01 - Dry","10 - No control","01 - Non intersection","07 - Dark","03 - P.D. only","07 - SMV other"
"6315","HIGHWAY 416 btwn HWY416 IC57 RAMP34 & HWY416 IC57 RAMP43","364609.74605","5008209.61757","-75.73856","45.21131","2017","6/7/2017","9:33:00 PM","01 - Clear","01 - Dry","10 - No control","01 - Non intersection","07 - Dark","03 - P.D. only","07 - SMV other"
"6316","HIGHWAY 416 btwn HWY416 IC57 RAMP53 & HWY416 IC49 RAMP34","366163.15967","5005579.07365","-75.71911","45.18751","2017","2/7/2017","8:10:00 AM","01 - Clear","02 - Wet","10 - No control","01 - Non intersection","01 - Daylight","03 - P.D. only","07 - SMV other"
"6317","HIGHWAY 416 btwn HWY416 IC66 RAMP24 & HWY416 IC57 RAMP62","361333.22937","5012299.01496","-75.77981","45.24838","2017","12/20/2017","7:47:00 AM","01 - Clear","06 - Ice","10 - No control","01 - Non intersection","03 - Dawn","03 - P.D. only","07 - SMV other"
"6318","HIGHWAY 416 btwn HWY416 IC66 RAMP24 & HWY416 IC57 RAMP62","363806.68632","5009889.56614","-75.74859","45.22650","2017","12/20/2017","7:29:00 AM","01 - Clear","06 - Ice","10 - No control","01 - Non intersection","03 - Dawn","03 - P.D. only","07 - SMV other"
"6319","HIGHWAY 416 btwn HWY416 IC66 RAMP24 & HWY416 IC57 RAMP62","363854.34875","5009813.38241","-75.74799","45.22581","2017","3/24/2017","4:45:00 PM","02 - Rain","02 - Wet","10 - No control","01 - Non intersection","01 - Daylight","03 - P.D. only","07 - SMV other"
"6320","HIGHWAY 416 btwn HWY416 IC66 RAMP24 & HWY416 IC57 RAMP62","363810.44013","5009877.52348","-75.74854","45.22639","2017","5/4/2017","3:30:00 PM","01 - Clear","01 - Dry","10 - No control","01 - Non intersection","01 - Daylight","03 - P.D. only","07 - SMV other"
"6321","HIGHWAY 416 btwn HWY416 IC66 RAMP24 & HWY416 IC57 RAMP62","363805.40977","5009894.57976","-75.74860","45.22654","2017","5/8/2017","12:54:00 PM","01 - Clear","01 - Dry","10 - No control","01 - Non intersection","01 - Daylight","02 - Non-fatal injury","07 - SMV other"
"6322","HIGHWAY 416 btwn HWY416 IC66 RAMP24 & HWY416 IC57 RAMP62","363811.21211","5009880.13331","-75.74853","45.22641","2017","6/28/2017","4:15:00 PM","00 - Unknown","02 - Wet","10 - No control","01 - Non intersection","01 - Daylight","02 - Non-fatal injury","03 - Rear end"
"6323","HIGHWAY 416 btwn HWY416 IC66 RAMP24 & HWY416 IC57 RAMP62","363810.43646","5009869.68932","-75.74854","45.22632","2017","1/4/2017","4:30:00 AM","03 - Snow","04 - Slush","10 - No control","01 - Non intersection","07 - Dark","03 - P.D. only","07 - SMV other"
"6324","HIGHWAY 416 btwn HWY416 IC66 RAMP34 & HWY416 IC66 RAMP63","359962.77060","5014907.62151","-75.79698","45.27196","2017","12/23/2017","12:58:00 AM","01 - Clear","02 - Wet","10 - No control","01 - Non intersection","07 - Dark","03 - P.D. only","07 - SMV other"
"6325","HIGHWAY 416 btwn HWY416 IC66 RAMP34 & HWY416 IC66 RAMP63","359902.29028","5015005.40130","-75.79774","45.27285","2017","3/29/2017","9:30:00 PM","01 - Clear","01 - Dry","10 - No control","01 - Non intersection","07 - Dark","03 - P.D. only","07 - SMV other"
"6326","HIGHWAY 416 btwn HWY416 IC66 RAMP34 & HWY416 IC66 RAMP63","359891.25330","5015024.30297","-75.79788","45.27302","2017","6/17/2017","3:10:00 PM","01 - Clear","01 - Dry","10 - No control","01 - Non intersection","01 - Daylight","03 - P.D. only","07 - SMV other"
"6327","HIGHWAY 416 btwn HWY416 IC66 RAMP34 & HWY416 IC72 RAMP53","360291.33012","5017977.66549","-75.79245","45.29956","2017","8/16/2017","1:46:00 PM","01 - Clear","01 - Dry","10 - No control","01 - Non intersection","01 - Daylight","02 - Non-fatal injury","07 - SMV other"
"6328","HIGHWAY 416 btwn HWY416 IC66 RAMP34 & HWY416 IC72 RAMP53","360288.68464","5018057.55448","-75.79247","45.30028","2017","11/30/2017","7:30:00 PM","01 - Clear","01 - Dry","10 - No control","01 - Non intersection","07 - Dark","03 - P.D. only","99 - Other"