"Record","Location","X","Y","Longitude","Latitude","Year","Date","Time","Environment","Road_Surface","Traffic_Control","Collision_Location","Light","Collision_Classification","Impact_type"
"6329","HIGHWAY 416 btwn HWY416 IC66 RAMP34 & HWY416 IC72 RAMP53","359491.10794","5015642.73967","-75.80291","45.27861","2017","12/16/2017","3:30:00 PM","01 - Clear","01 - Dry","10 - No control","01 - Non intersection","01 - Daylight","03 - P.D. only","03 - Rear end"
"6330","HIGHWAY 416 btwn HWY416 IC66 RAMP34 & HWY416 IC72 RAMP53","360273.95120","5017838.79732","-75.79268","45.29831","2017","9/12/2017","7:50:00 PM","01 - Clear","01 - Dry","10 - No control","01 - Non intersection","07 - Dark","03 - P.D. only","07 - SMV other"
"6331","HIGHWAY 416 btwn HWY416 IC66 RAMP34 & HWY416 IC72 RAMP53","360218.82219","5017696.84804","-75.79340","45.29704","2017","3/24/2017","10:16:00 PM","01 - Clear","02 - Wet","10 - No control","01 - Non intersection","07 - Dark","03 - P.D. only","07 - SMV other"
"6332","HIGHWAY 416 btwn HWY416 IC66 RAMP34 & HWY416 IC72 RAMP53","360238.85336","5017746.41392","-75.79314","45.29748","2017","4/11/2017","12:10:00 PM","01 - Clear","01 - Dry","10 - No control","01 - Non intersection","01 - Daylight","03 - P.D. only","07 - SMV other"
"6333","HIGHWAY 416 btwn HWY416 IC66 RAMP52 & HWY416 IC66 RAMP24","360182.27748","5014595.08531","-75.79421","45.26913","2017","10/22/2017","11:15:00 PM","01 - Clear","01 - Dry","10 - No control","01 - Non intersection","07 - Dark","02 - Non-fatal injury","07 - SMV other"
"6334","HIGHWAY 416 btwn HWY416 IC66 RAMP52 & HWY416 IC66 RAMP24","360136.55526","5014683.65037","-75.79479","45.26993","2017","8/22/2017","1:00:00 PM","02 - Rain","02 - Wet","10 - No control","01 - Non intersection","01 - Daylight","02 - Non-fatal injury","07 - SMV other"
"6335","HIGHWAY 416 btwn HWY416 IC66 RAMP53 & HWY416 IC57 RAMP34","361769.49177","5012003.94644","-75.77429","45.24569","2017","11/18/2017","11:50:00 AM","04 - Freezing Rain","06 - Ice","10 - No control","01 - Non intersection","01 - Daylight","03 - P.D. only","03 - Rear end"
"6336","HIGHWAY 416 btwn HWY416 IC66 RAMP53 & HWY416 IC57 RAMP34","361121.55707","5012513.27803","-75.78248","45.25033","2017","9/6/2017","7:38:00 PM","01 - Clear","01 - Dry","10 - No control","01 - Non intersection","05 - Dusk","03 - P.D. only","07 - SMV other"
"6337","HIGHWAY 416 btwn HWY416 IC66 RAMP53 & HWY416 IC57 RAMP34","363781.15405","5009867.43940","-75.74892","45.22630","2017","9/6/2017","8:50:00 PM","01 - Clear","01 - Dry","10 - No control","01 - Non intersection","07 - Dark","03 - P.D. only","07 - SMV other"
"6338","HIGHWAY 416 btwn HWY416 IC66 RAMP53 & HWY416 IC57 RAMP34","361921.89208","5011972.19638","-75.77235","45.24539","2017","11/18/2017","11:50:00 AM","04 - Freezing Rain","06 - Ice","10 - No control","01 - Non intersection","01 - Daylight","03 - P.D. only","03 - Rear end"
"6339","HIGHWAY 416 btwn HWY416 IC66 RAMP53 & HWY416 IC57 RAMP34","361464.69116","5012118.24667","-75.77816","45.24674","2017","11/18/2017","11:50:00 AM","04 - Freezing Rain","06 - Ice","10 - No control","01 - Non intersection","01 - Daylight","03 - P.D. only","07 - SMV other"
"6340","HIGHWAY 416 btwn HWY416 IC66 RAMP53 & HWY416 IC57 RAMP34","360439.83481","5014126.65754","-75.79098","45.26490","2017","2/5/2017","12:05:00 PM","03 - Snow","02 - Wet","10 - No control","01 - Non intersection","01 - Daylight","02 - Non-fatal injury","03 - Rear end"
"6341","HIGHWAY 416 btwn HWY416 IC66 RAMP53 & HWY416 IC57 RAMP34","363835.56134","5009740.25490","-75.74824","45.22515","2017","1/2/2017","7:27:00 PM","01 - Clear","01 - Dry","10 - No control","01 - Non intersection","07 - Dark","03 - P.D. only","07 - SMV other"
"6342","HIGHWAY 416 btwn HWY416 IC66 RAMP62 & HWY416 IC66 RAMP52","359997.28101","5014910.41609","-75.79654","45.27198","2017","11/8/2017","7:30:00 AM","01 - Clear","01 - Dry","10 - No control","01 - Non intersection","01 - Daylight","03 - P.D. only","07 - SMV other"
"6343","HIGHWAY 416 btwn HWY416 IC66 RAMP62 & HWY416 IC66 RAMP52","359999.02678","5014895.44806","-75.79652","45.27185","2017","12/1/2017","8:15:00 AM","01 - Clear","02 - Wet","10 - No control","01 - Non intersection","01 - Daylight","03 - P.D. only","07 - SMV other"
"6344","HIGHWAY 416 btwn HWY416 IC66 RAMP62 & HWY416 IC66 RAMP52","359932.73533","5015009.82095","-75.79735","45.27288","2017","11/6/2017","6:30:00 AM","02 - Rain","02 - Wet","10 - No control","01 - Non intersection","03 - Dawn","03 - P.D. only","07 - SMV other"
"6345","HIGHWAY 416 btwn HWY416 IC66 RAMP62 & HWY416 IC66 RAMP52","359998.71325","5014898.29835","-75.79652","45.27188","2017","9/2/2017","7:50:00 PM","01 - Clear","02 - Wet","10 - No control","01 - Non intersection","05 - Dusk","03 - P.D. only","07 - SMV other"
"6346","HIGHWAY 416 btwn HWY416 IC66 RAMP62 & HWY416 IC66 RAMP52","359998.35213","5014912.45409","-75.79652","45.27200","2017","11/6/2017","6:32:00 AM","07 - Fog, mist, smoke, dust","02 - Wet","10 - No control","01 - Non intersection","03 - Dawn","03 - P.D. only","07 - SMV other"
"6347","HIGHWAY 416 btwn HWY416 IC66 RAMP62 & HWY416 IC66 RAMP52","360000.13739","5014907.26641","-75.79650","45.27196","2017","4/7/2017","2:46:00 AM","02 - Rain","02 - Wet","10 - No control","01 - Non intersection","07 - Dark","02 - Non-fatal injury","07 - SMV other"
"6348","HIGHWAY 416 btwn HWY416 IC66 RAMP62 & HWY416 IC66 RAMP52","359960.95458","5014963.14540","-75.79699","45.27246","2017","1/15/2017","8:10:00 PM","01 - Clear","01 - Dry","10 - No control","01 - Non intersection","07 - Dark","03 - P.D. only","07 - SMV other"
"6349","HIGHWAY 416 btwn HWY416 IC66 RAMP62 & HWY416 IC72 RAMP24","360310.20139","5017867.44685","-75.79222","45.29857","2017","12/12/2017","7:16:00 AM","03 - Snow","03 - Loose snow","10 - No control","01 - Non intersection","03 - Dawn","02 - Non-fatal injury","03 - Rear end"
"6350","HIGHWAY 416 btwn HWY416 IC66 RAMP62 & HWY416 IC72 RAMP24","360284.80133","5017773.46666","-75.79255","45.29772","2017","12/12/2017","7:16:00 AM","03 - Snow","05 - Packed snow","10 - No control","01 - Non intersection","03 - Dawn","02 - Non-fatal injury","03 - Rear end"
"6351","HIGHWAY 416 btwn HWY416 IC66 RAMP62 & HWY416 IC72 RAMP24","360024.78349","5017396.15342","-75.79591","45.29435","2017","11/25/2017","12:45:00 PM","01 - Clear","01 - Dry","10 - No control","01 - Non intersection","01 - Daylight","03 - P.D. only","07 - SMV other"
"6352","HIGHWAY 416 btwn HWY416 IC66 RAMP62 & HWY416 IC72 RAMP24","360080.85870","5017457.13733","-75.79519","45.29489","2017","12/18/2017","11:45:00 AM","03 - Snow","03 - Loose snow","10 - No control","01 - Non intersection","01 - Daylight","03 - P.D. only","07 - SMV other"
"6353","HIGHWAY 416 btwn HWY416 IC66 RAMP62 & HWY416 IC72 RAMP24","359679.68607","5015418.71622","-75.80053","45.27658","2017","12/19/2017","6:38:00 AM","01 - Clear","03 - Loose snow","10 - No control","01 - Non intersection","07 - Dark","03 - P.D. only","07 - SMV other"
"6354","HIGHWAY 416 btwn HWY416 IC66 RAMP62 & HWY416 IC72 RAMP24","360309.03779","5017879.72645","-75.79223","45.29868","2017","10/1/2017","7:50:00 PM","01 - Clear","01 - Dry","10 - No control","01 - Non intersection","07 - Dark","02 - Non-fatal injury","03 - Rear end"
"6355","HIGHWAY 416 btwn HWY416 IC66 RAMP62 & HWY416 IC72 RAMP24","359637.51299","5015494.68409","-75.80106","45.27727","2017","3/31/2017","11:25:00 PM","03 - Snow","04 - Slush","10 - No control","01 - Non intersection","07 - Dark","03 - P.D. only","07 - SMV other"
"6356","HIGHWAY 416 btwn HWY416 IC66 RAMP62 & HWY416 IC72 RAMP24","359628.01559","5015493.65025","-75.80118","45.27726","2017","3/14/2017","2:50:00 PM","03 - Snow","03 - Loose snow","10 - No control","01 - Non intersection","01 - Daylight","03 - P.D. only","04 - Sideswipe"
"6357","HIGHWAY 416 btwn HWY416 IC66 RAMP62 & HWY416 IC72 RAMP24","360314.66515","5017890.54744","-75.79216","45.29877","2017","2/13/2017","6:40:00 AM","01 - Clear","04 - Slush","10 - No control","01 - Non intersection","03 - Dawn","03 - P.D. only","07 - SMV other"
"6358","HIGHWAY 416 btwn HWY416 IC66 RAMP62 & HWY416 IC72 RAMP24","360307.33749","5017954.62786","-75.79224","45.29935","2017","3/24/2017","1:15:00 PM","03 - Snow","03 - Loose snow","10 - No control","01 - Non intersection","01 - Daylight","03 - P.D. only","07 - SMV other"
"6359","HIGHWAY 416 btwn HWY416 IC66 RAMP62 & HWY416 IC72 RAMP24","360310.10851","5017891.78137","-75.79222","45.29879","2017","5/1/2017","1:40:00 AM","02 - Rain","02 - Wet","10 - No control","01 - Non intersection","07 - Dark","03 - P.D. only","07 - SMV other"
"6360","HIGHWAY 416 btwn HWY416 IC66 RAMP62 & HWY416 IC72 RAMP24","360312.27490","5017864.20584","-75.79219","45.29854","2017","4/30/2017","10:30:00 PM","02 - Rain","02 - Wet","10 - No control","01 - Non intersection","07 - Dark","03 - P.D. only","07 - SMV other"
"6361","HIGHWAY 416 btwn HWY416 IC66 RAMP62 & HWY416 IC72 RAMP24","360316.51300","5017943.61943","-75.79213","45.29925","2017","2/11/2017","10:35:00 AM","01 - Clear","01 - Dry","10 - No control","01 - Non intersection","01 - Daylight","03 - P.D. only","07 - SMV other"
"6362","HIGHWAY 416 btwn HWY416 IC66 RAMP62 & HWY416 IC72 RAMP24","360307.29610","5017829.39397","-75.79226","45.29823","2017","3/29/2017","5:15:00 PM","01 - Clear","01 - Dry","10 - No control","01 - Non intersection","01 - Daylight","02 - Non-fatal injury","07 - SMV other"
"6363","HIGHWAY 416 btwn HWY416 IC66 RAMP62 & HWY416 IC72 RAMP24","360321.35566","5017980.21550","-75.79206","45.29958","2017","2/15/2017","7:15:00 PM","03 - Snow","04 - Slush","10 - No control","01 - Non intersection","07 - Dark","03 - P.D. only","07 - SMV other"
"6364","HIGHWAY 416 btwn HWY416 IC66 RAMP62 & HWY416 IC72 RAMP24","360307.05467","5017870.60567","-75.79226","45.29860","2017","4/6/2017","9:54:00 PM","02 - Rain","02 - Wet","10 - No control","01 - Non intersection","07 - Dark","03 - P.D. only","07 - SMV other"
"6365","HIGHWAY 416 btwn HWY416 IC66 RAMP62 & HWY416 IC72 RAMP24","360260.34502","5017691.16896","-75.79287","45.29698","2017","5/29/2017","7:04:00 PM","01 - Clear","01 - Dry","10 - No control","01 - Non intersection","01 - Daylight","03 - P.D. only","03 - Rear end"
"6366","HIGHWAY 416 btwn HWY416 IC66 RAMP62 & HWY416 IC72 RAMP24","360288.32342","5017774.58539","-75.79251","45.29773","2017","3/15/2017","8:45:00 AM","03 - Snow","03 - Loose snow","10 - No control","01 - Non intersection","01 - Daylight","03 - P.D. only","07 - SMV other"
"6367","HIGHWAY 416 btwn HWY416 IC66 RAMP63 & HWY416 IC66 RAMP53","360143.64279","5014615.96821","-75.79470","45.26932","2017","1/3/2017","10:10:00 AM","04 - Freezing Rain","06 - Ice","10 - No control","01 - Non intersection","01 - Daylight","03 - P.D. only","07 - SMV other"
"6368","HIGHWAY 416 btwn HWY416 IC72 RAMP34 & HWY416 IC72 RAMP63","359398.30464","5019707.03946","-75.80364","45.31519","2017","11/23/2017","9:50:00 PM","01 - Clear","01 - Dry","10 - No control","01 - Non intersection","07 - Dark","03 - P.D. only","07 - SMV other"
"6369","HIGHWAY 416 btwn HWY416 IC72 RAMP34 & HWY416 IC72 RAMP63","359436.71939","5019641.77821","-75.80316","45.31460","2017","6/19/2017","5:25:00 PM","01 - Clear","01 - Dry","10 - No control","01 - Non intersection","01 - Daylight","03 - P.D. only","04 - Sideswipe"
"6370","HIGHWAY 416 btwn HWY416 IC72 RAMP62 & HWY416 IC72 RAMP24","359454.58729","5019664.89324","-75.80293","45.31481","2017","11/20/2017","10:00:00 PM","01 - Clear","01 - Dry","10 - No control","01 - Non intersection","07 - Dark","03 - P.D. only","07 - SMV other"
"6371","HIGHWAY 416 btwn HWY416 IC72 RAMP62 & HWY416 IC72 RAMP24","359454.55235","5019670.72797","-75.80293","45.31486","2017","11/24/2017","7:30:00 PM","01 - Clear","01 - Dry","10 - No control","01 - Non intersection","07 - Dark","03 - P.D. only","07 - SMV other"
"6372","HIGHWAY 416 btwn HWY416 IC72 RAMP62 & HWY416 IC72 RAMP24","359453.74740","5019655.40963","-75.80294","45.31472","2017","6/7/2017","10:45:00 PM","01 - Clear","01 - Dry","10 - No control","01 - Non intersection","07 - Dark","03 - P.D. only","04 - Sideswipe"
"6373","HIGHWAY 416 btwn HWY416 IC72 RAMP62 & HWY416 IC72 RAMP24","359453.78596","5019662.40909","-75.80294","45.31479","2017","3/31/2017","11:30:00 PM","03 - Snow","04 - Slush","10 - No control","01 - Non intersection","07 - Dark","03 - P.D. only","07 - SMV other"
"6374","HIGHWAY 416 btwn HWY416 IC72 RAMP62 & HWY416 IC72 RAMP24","359457.41343","5019657.96764","-75.80289","45.31475","2017","2/13/2017","12:50:00 AM","01 - Clear","03 - Loose snow","10 - No control","01 - Non intersection","07 - Dark","03 - P.D. only","07 - SMV other"
"6375","HIGHWAY 416 btwn HWY416 IC72 RAMP63 & HWY416 IC72 RAMP53","359601.32691","5019345.26422","-75.80109","45.31192","2017","12/19/2017","11:06:00 PM","02 - Rain","02 - Wet","10 - No control","01 - Non intersection","07 - Dark","02 - Non-fatal injury","07 - SMV other"
"6376","HIGHWAY 416 btwn HWY416 IC72 RAMP63 & HWY416 IC72 RAMP53","359715.67295","5019149.06284","-75.79966","45.31015","2017","7/14/2017","3:00:00 PM","01 - Clear","01 - Dry","10 - No control","01 - Non intersection","01 - Daylight","03 - P.D. only","04 - Sideswipe"
"6377","HIGHWAY 416 btwn HWY416 IC75A RAMP26 & HWY416 IC72 RAMP62","358980.02676","5021441.63751","-75.80879","45.33083","2017","12/7/2017","6:35:00 AM","03 - Snow","06 - Ice","10 - No control","01 - Non intersection","07 - Dark","03 - P.D. only","07 - SMV other"
"6378","HIGHWAY 416 btwn HWY416 IC75A RAMP26 & HWY416 IC72 RAMP62","358907.64706","5021601.84055","-75.80969","45.33228","2017","10/11/2017","8:35:00 PM","01 - Clear","01 - Dry","10 - No control","01 - Non intersection","07 - Dark","02 - Non-fatal injury","04 - Sideswipe"
"6379","HIGHWAY 416 btwn HWY416 IC75A RAMP26 & HWY416 IC72 RAMP62","358909.45694","5021585.51295","-75.80967","45.33213","2017","9/11/2017","2:10:00 PM","01 - Clear","01 - Dry","10 - No control","01 - Non intersection","01 - Daylight","03 - P.D. only","03 - Rear end"
"6380","HIGHWAY 416 btwn HWY416 IC75A RAMP26 & HWY416 IC72 RAMP62","358924.62945","5021560.07776","-75.80948","45.33190","2017","1/10/2017","4:35:00 PM","03 - Snow","03 - Loose snow","10 - No control","01 - Non intersection","05 - Dusk","03 - P.D. only","07 - SMV other"
"6381","HIGHWAY 416 btwn HWY416 IC75A RAMP43 & HWY416 IC72 RAMP34","358760.81561","5021823.05254","-75.81154","45.33428","2017","1/23/2017","2:30:00 PM","01 - Clear","01 - Dry","10 - No control","01 - Non intersection","01 - Daylight","03 - P.D. only","07 - SMV other"
"6382","HIGHWAY 416 btwn HWY416 IC75A RAMP43 & HWY416 IC72 RAMP34","359163.88216","5020904.40368","-75.80650","45.32598","2017","2/23/2017","12:39:00 PM","01 - Clear","01 - Dry","10 - No control","01 - Non intersection","01 - Daylight","03 - P.D. only","07 - SMV other"
"6383","HIGHWAY 416 btwn HWY416 IC75A RAMP43 & HWY416 IC72 RAMP34","358762.37392","5021828.03042","-75.81152","45.33433","2017","1/3/2017","10:15:00 AM","04 - Freezing Rain","04 - Slush","10 - No control","01 - Non intersection","01 - Daylight","03 - P.D. only","07 - SMV other"
"6384","HIGHWAY 416 btwn HWY416 IC75A RAMP43 & HWY416 IC72 RAMP34","358812.17331","5021716.99593","-75.81090","45.33332","2017","2/6/2017","7:20:00 PM","03 - Snow","03 - Loose snow","10 - No control","01 - Non intersection","07 - Dark","03 - P.D. only","04 - Sideswipe"
"6385","HIGHWAY 416 btwn HWY416 IC75B RAMP25 & HWY416 IC75A RAMP26","358669.93733","5022140.21756","-75.81267","45.33714","2017","3/24/2017","12:45:00 PM","03 - Snow","03 - Loose snow","10 - No control","01 - Non intersection","01 - Daylight","03 - P.D. only","07 - SMV other"
"6386","HIGHWAY 416 btwn HWY416 IC75B RAMP25 & HWY416 IC75A RAMP26","358871.77283","5021691.42936","-75.81014","45.33309","2017","3/24/2017","11:55:00 PM","01 - Clear","04 - Slush","10 - No control","01 - Non intersection","07 - Dark","03 - P.D. only","07 - SMV other"
"6387","HIGHWAY 416 btwn HWY417 IC131 RAMP53 & HWY416 IC75A RAMP43","358496.31807","5022325.68628","-75.81486","45.33882","2017","12/7/2017","7:00:00 AM","03 - Snow","06 - Ice","10 - No control","01 - Non intersection","03 - Dawn","03 - P.D. only","07 - SMV other"
"6388","HIGHWAY 416 btwn HWY417 IC131 RAMP53 & HWY416 IC75A RAMP43","358641.78624","5022060.51854","-75.81303","45.33643","2017","7/8/2017","3:30:00 AM","02 - Rain","02 - Wet","10 - No control","01 - Non intersection","07 - Dark","03 - P.D. only","07 - SMV other"
"6389","HIGHWAY 417 @ HWY 417 CARP IC144R25","347905.53183","5016275.51652","-75.95051","45.28511","2017","1/8/2017","5:00:00 PM","01 - Clear","03 - Loose snow","10 - No control","03 - At intersection","05 - Dusk","03 - P.D. only","04 - Sideswipe"
"6390","HIGHWAY 417 @ HWY 417 NICHOLAS IC118R57","369062.24581","5030770.91909","-75.67896","45.41392","2017","9/12/2017","4:30:00 PM","01 - Clear","01 - Dry","10 - No control","02 - Intersection related","01 - Daylight","03 - P.D. only","03 - Rear end"
"6391","HIGHWAY 417 @ HWY 417 ST.LAURE IC115R26","372508.46719","5031525.77138","-75.63483","45.42039","2017","1/13/2017","8:58:00 AM","01 - Clear","02 - Wet","10 - No control","02 - Intersection related","01 - Daylight","03 - P.D. only","04 - Sideswipe"
"6392","HIGHWAY 417 btwn Continuation of HIGHWAY 417 & HWY417 IC134 RAMP51","355768.46811","5021850.93928","-75.84971","45.33476","2017","7/24/2017","1:45:00 PM","02 - Rain","02 - Wet","10 - No control","01 - Non intersection","01 - Daylight","03 - P.D. only","04 - Sideswipe"
"6393","HIGHWAY 417 btwn Continuation of HIGHWAY 417 & HWY417 IC134 RAMP51","355630.27144","5021785.36317","-75.85148","45.33418","2017","11/8/2017","9:27:00 AM","01 - Clear","01 - Dry","10 - No control","01 - Non intersection","01 - Daylight","02 - Non-fatal injury","04 - Sideswipe"
"6394","HIGHWAY 417 btwn Continuation of HIGHWAY 417 & HWY417 IC134 RAMP51","355073.50457","5021446.29161","-75.85862","45.33116","2017","12/14/2017","5:45:00 PM","01 - Clear","02 - Wet","10 - No control","01 - Non intersection","07 - Dark","03 - P.D. only","03 - Rear end"
"6395","HIGHWAY 417 btwn Continuation of HIGHWAY 417 & HWY417 IC134 RAMP51","355750.28947","5021847.49097","-75.84995","45.33473","2017","7/20/2017","4:40:00 PM","01 - Clear","01 - Dry","10 - No control","01 - Non intersection","01 - Daylight","03 - P.D. only","03 - Rear end"
"6396","HIGHWAY 417 btwn Continuation of HIGHWAY 417 & HWY417 IC134 RAMP51","355798.10150","5021876.33933","-75.84933","45.33498","2017","7/24/2017","2:35:00 PM","02 - Rain","02 - Wet","10 - No control","01 - Non intersection","01 - Daylight","03 - P.D. only","04 - Sideswipe"
"6397","HIGHWAY 417 btwn Continuation of HIGHWAY 417 & HWY417 IC134 RAMP51","355525.04296","5021715.83591","-75.85283","45.33356","2017","10/10/2017","7:30:00 AM","01 - Clear","01 - Dry","10 - No control","01 - Non intersection","01 - Daylight","02 - Non-fatal injury","03 - Rear end"
"6398","HIGHWAY 417 btwn Continuation of HIGHWAY 417 & HWY417 IC134 RAMP51","355627.73510","5021768.32276","-75.85152","45.33402","2017","9/12/2017","7:21:00 AM","01 - Clear","01 - Dry","10 - No control","01 - Non intersection","01 - Daylight","03 - P.D. only","03 - Rear end"
"6399","HIGHWAY 417 btwn Continuation of HIGHWAY 417 & HWY417 IC134 RAMP51","355713.37229","5021832.09446","-75.85042","45.33459","2017","12/23/2017","2:10:00 PM","03 - Snow","03 - Loose snow","10 - No control","01 - Non intersection","01 - Daylight","03 - P.D. only","07 - SMV other"
"6400","HIGHWAY 417 btwn Continuation of HIGHWAY 417 & HWY417 IC134 RAMP51","355356.59220","5021616.10943","-75.85499","45.33267","2017","9/5/2017","9:40:00 AM","01 - Clear","01 - Dry","10 - No control","01 - Non intersection","01 - Daylight","03 - P.D. only","04 - Sideswipe"
"6401","HIGHWAY 417 btwn Continuation of HIGHWAY 417 & HWY417 IC134 RAMP51","355744.66596","5021846.50728","-75.85002","45.33472","2017","11/21/2017","5:15:00 AM","01 - Clear","01 - Dry","10 - No control","01 - Non intersection","07 - Dark","03 - P.D. only","07 - SMV other"
"6402","HIGHWAY 417 btwn Continuation of HIGHWAY 417 & HWY417 IC134 RAMP51","355709.02828","5021832.70305","-75.85047","45.33460","2017","11/19/2017","6:10:00 AM","04 - Freezing Rain","03 - Loose snow","10 - No control","01 - Non intersection","07 - Dark","03 - P.D. only","04 - Sideswipe"
"6403","HIGHWAY 417 btwn Continuation of HIGHWAY 417 & HWY417 IC134 RAMP51","355694.52051","5021805.92711","-75.85066","45.33436","2017","3/14/2017","4:30:00 PM","03 - Snow","03 - Loose snow","10 - No control","01 - Non intersection","01 - Daylight","03 - P.D. only","07 - SMV other"
"6404","HIGHWAY 417 btwn Continuation of HIGHWAY 417 & HWY417 IC134 RAMP51","355730.32704","5021836.95643","-75.85020","45.33463","2017","6/20/2017","3:30:00 AM","02 - Rain","02 - Wet","10 - No control","01 - Non intersection","07 - Dark","03 - P.D. only","07 - SMV other"
"6405","HIGHWAY 417 btwn Continuation of HIGHWAY 417 & HWY417 IC134 RAMP51","354957.32097","5021377.98114","-75.86011","45.33056","2017","1/16/2017","11:10:00 AM","01 - Clear","01 - Dry","10 - No control","01 - Non intersection","01 - Daylight","03 - P.D. only","03 - Rear end"
"6406","HIGHWAY 417 btwn Continuation of HIGHWAY 417 & HWY417 IC134 RAMP51","355569.15755","5021738.62045","-75.85227","45.33376","2017","4/13/2017","2:30:00 PM","01 - Clear","01 - Dry","10 - No control","01 - Non intersection","01 - Daylight","03 - P.D. only","04 - Sideswipe"
"6407","HIGHWAY 417 btwn Continuation of HIGHWAY 417 & HWY417 IC134 RAMP51","355784.37742","5021859.12076","-75.84951","45.33483","2017","2/15/2017","8:05:00 AM","03 - Snow","03 - Loose snow","10 - No control","01 - Non intersection","01 - Daylight","03 - P.D. only","03 - Rear end"
"6408","HIGHWAY 417 btwn Continuation of HIGHWAY 417 & HWY417 IC134 RAMP51","355754.06568","5021863.42592","-75.84990","45.33487","2017","3/20/2017","6:40:00 AM","01 - Clear","01 - Dry","10 - No control","01 - Non intersection","01 - Daylight","03 - P.D. only","07 - SMV other"
"6409","HIGHWAY 417 btwn Continuation of HIGHWAY 417 & HWY417 IC134 RAMP51","355529.19511","5021707.37309","-75.85278","45.33348","2017","2/13/2017","8:30:00 AM","01 - Clear","06 - Ice","10 - No control","01 - Non intersection","01 - Daylight","03 - P.D. only","07 - SMV other"
"6410","HIGHWAY 417 btwn Continuation of HIGHWAY 417 & HWY417 IC134 RAMP51","354940.27176","5021367.61927","-75.86033","45.33047","2017","7/9/2017","12:22:00 PM","01 - Clear","01 - Dry","10 - No control","01 - Non intersection","01 - Daylight","03 - P.D. only","04 - Sideswipe"
"6411","HIGHWAY 417 btwn Continuation of HIGHWAY 417 & HWY417 IC134 RAMP51","355679.06164","5021809.73363","-75.85086","45.33439","2017","1/30/2017","4:45:00 PM","01 - Clear","01 - Dry","10 - No control","01 - Non intersection","05 - Dusk","03 - P.D. only","03 - Rear end"
"6412","HIGHWAY 417 btwn Continuation of HIGHWAY 417 & HWY417 IC155 RAMP26","339417.04423","5019379.12480","-76.05850","45.31351","2017","11/23/2017","6:30:00 PM","01 - Clear","01 - Dry","10 - No control","01 - Non intersection","07 - Dark","03 - P.D. only","07 - SMV other"
"6413","HIGHWAY 417 btwn Continuation of HIGHWAY 417 & HWY417 IC155 RAMP26","339404.53296","5019376.53097","-76.05866","45.31349","2017","12/20/2017","3:15:00 PM","01 - Clear","01 - Dry","10 - No control","01 - Non intersection","01 - Daylight","03 - P.D. only","03 - Rear end"
"6414","HIGHWAY 417 btwn HIGHWAY 417 & HIGHWAY 417 (1)","375181.57532","5030526.97538","-75.60082","45.41114","2017","7/19/2017","7:00:00 PM","01 - Clear","01 - Dry","10 - No control","01 - Non intersection","01 - Daylight","03 - P.D. only","07 - SMV other"
"6415","HIGHWAY 417 btwn HIGHWAY 417 & HIGHWAY 417 (1)","375264.50771","5030443.25850","-75.59977","45.41038","2017","9/25/2017","4:41:00 PM","01 - Clear","01 - Dry","10 - No control","01 - Non intersection","01 - Daylight","03 - P.D. only","03 - Rear end"
"6416","HIGHWAY 417 btwn HIGHWAY 417 & HIGHWAY 417 (1)","375303.40071","5030347.09408","-75.59929","45.40951","2017","1/24/2017","5:00:00 PM","03 - Snow","02 - Wet","10 - No control","01 - Non intersection","05 - Dusk","03 - P.D. only","04 - Sideswipe"
"6417","HIGHWAY 417 btwn HIGHWAY 417 & HIGHWAY 417 (1)","375365.17856","5030168.92327","-75.59853","45.40790","2017","3/23/2017","11:30:00 PM","01 - Clear","01 - Dry","10 - No control","01 - Non intersection","07 - Dark","03 - P.D. only","04 - Sideswipe"
"6418","HIGHWAY 417 btwn HIGHWAY 417 & HIGHWAY 417 (1)","375365.69793","5030168.96190","-75.59852","45.40790","2017","1/24/2017","12:05:00 PM","03 - Snow","04 - Slush","10 - No control","01 - Non intersection","01 - Daylight","03 - P.D. only","07 - SMV other"
"6419","HIGHWAY 417 btwn HIGHWAY 417 & HIGHWAY 417 (1)","375432.30079","5029935.84288","-75.59770","45.40580","2017","1/18/2017","6:00:00 AM","04 - Freezing Rain","06 - Ice","10 - No control","01 - Non intersection","07 - Dark","03 - P.D. only","04 - Sideswipe"
"6420","HIGHWAY 417 btwn HIGHWAY 417 & HIGHWAY 417 (1)","375335.72685","5030288.08655","-75.59888","45.40897","2017","3/21/2017","12:23:00 AM","02 - Rain","02 - Wet","10 - No control","01 - Non intersection","07 - Dark","02 - Non-fatal injury","03 - Rear end"
"6421","HIGHWAY 417 btwn HIGHWAY 417 & HIGHWAY 417 (1)","375334.87792","5030260.94942","-75.59890","45.40873","2017","1/21/2017","11:50:00 PM","01 - Clear","01 - Dry","10 - No control","01 - Non intersection","07 - Dark","02 - Non-fatal injury","03 - Rear end"
"6422","HIGHWAY 417 btwn HIGHWAY 417 & HIGHWAY 417 (2)","375246.61096","5030509.48361","-75.59999","45.41098","2017","11/4/2017","7:30:00 AM","01 - Clear","01 - Dry","10 - No control","01 - Non intersection","01 - Daylight","03 - P.D. only","04 - Sideswipe"
"6423","HIGHWAY 417 btwn HIGHWAY 417 & HIGHWAY 417 (2)","375201.50259","5030564.26305","-75.60056","45.41147","2017","10/30/2017","5:00:00 AM","02 - Rain","02 - Wet","10 - No control","01 - Non intersection","07 - Dark","03 - P.D. only","07 - SMV other"
"6424","HIGHWAY 417 btwn HIGHWAY 417 & HIGHWAY 417 (2)","375305.12974","5030432.50576","-75.59925","45.41028","2017","10/5/2017","7:45:00 AM","01 - Clear","01 - Dry","10 - No control","01 - Non intersection","01 - Daylight","03 - P.D. only","03 - Rear end"
"6425","HIGHWAY 417 btwn HIGHWAY 417 & HIGHWAY 417 (2)","375320.77108","5030439.74203","-75.59905","45.41034","2017","6/3/2017","9:30:00 PM","01 - Clear","01 - Dry","10 - No control","01 - Non intersection","07 - Dark","03 - P.D. only","07 - SMV other"
"6426","HIGHWAY 417 btwn HIGHWAY 417 & HIGHWAY 417 (2)","375304.91360","5030456.78405","-75.59925","45.41050","2017","1/29/2017","12:52:00 AM","03 - Snow","03 - Loose snow","10 - No control","01 - Non intersection","07 - Dark","03 - P.D. only","07 - SMV other"