"Record","Location","X","Y","Longitude","Latitude","Year","Date","Time","Environment","Road_Surface","Traffic_Control","Collision_Location","Light","Collision_Classification","Impact_type"
"6427","HIGHWAY 417 btwn HIGHWAY 417 & HIGHWAY 417 (2)","375396.59422","5030175.92686","-75.59812","45.40796","2017","3/31/2017","11:00:00 AM","01 - Clear","01 - Dry","10 - No control","01 - Non intersection","01 - Daylight","03 - P.D. only","04 - Sideswipe"
"6428","HIGHWAY 417 btwn HIGHWAY 417 & HIGHWAY 417 (2)","375323.63803","5030414.49583","-75.59902","45.41011","2017","4/15/2017","10:00:00 PM","02 - Rain","02 - Wet","10 - No control","01 - Non intersection","07 - Dark","03 - P.D. only","03 - Rear end"
"6429","HIGHWAY 417 btwn HIGHWAY 417 & HIGHWAY 417 (2)","375216.58910","5030552.86863","-75.60037","45.41137","2017","2/6/2017","7:45:00 AM","01 - Clear","01 - Dry","10 - No control","01 - Non intersection","01 - Daylight","03 - P.D. only","03 - Rear end"
"6430","HIGHWAY 417 btwn HIGHWAY 417 & HIGHWAY 417 (2)","375285.01185","5030475.67210","-75.59951","45.41067","2017","5/1/2017","8:26:00 PM","02 - Rain","02 - Wet","10 - No control","01 - Non intersection","05 - Dusk","03 - P.D. only","07 - SMV other"
"6431","HIGHWAY 417 btwn HIGHWAY 417 & HIGHWAY 417 (2)","375397.91323","5030247.74146","-75.59810","45.40861","2017","5/17/2017","4:30:00 PM","01 - Clear","01 - Dry","10 - No control","01 - Non intersection","01 - Daylight","03 - P.D. only","03 - Rear end"
"6432","HIGHWAY 417 btwn HIGHWAY 417 & HWY417 IC110 RAMP54","375506.77433","5029786.49612","-75.59677","45.40444","2017","2/1/2017","4:00:00 PM","01 - Clear","01 - Dry","10 - No control","01 - Non intersection","01 - Daylight","03 - P.D. only","99 - Other"
"6433","HIGHWAY 417 btwn HIGHWAY 417 & HWY417 IC110 RAMP54","375526.67657","5029753.87278","-75.59652","45.40415","2017","1/9/2017","5:21:00 PM","01 - Clear","02 - Wet","10 - No control","01 - Non intersection","05 - Dusk","03 - P.D. only","03 - Rear end"
"6434","HIGHWAY 417 btwn HIGHWAY 417 & HWY417 IC110 RAMP66","375502.18397","5029873.27416","-75.59682","45.40523","2017","5/15/2017","6:22:00 PM","01 - Clear","01 - Dry","10 - No control","01 - Non intersection","01 - Daylight","02 - Non-fatal injury","03 - Rear end"
"6435","HIGHWAY 417 btwn HIGHWAY 417 & HWY417 IC115 RAMP61","372582.42907","5031535.63171","-75.63388","45.42047","2017","4/13/2017","4:37:00 PM","01 - Clear","01 - Dry","10 - No control","01 - Non intersection","01 - Daylight","03 - P.D. only","04 - Sideswipe"
"6436","HIGHWAY 417 btwn HIGHWAY 417 & HWY417 IC129 RAMP51","360041.34573","5023224.80009","-75.79505","45.34679","2017","11/22/2017","5:45:00 PM","01 - Clear","01 - Dry","10 - No control","01 - Non intersection","07 - Dark","03 - P.D. only","03 - Rear end"
"6437","HIGHWAY 417 btwn HIGHWAY 417 & HWY417 IC129 RAMP51","359814.64403","5023141.15465","-75.79795","45.34606","2017","10/18/2017","11:30:00 AM","01 - Clear","01 - Dry","10 - No control","01 - Non intersection","01 - Daylight","03 - P.D. only","03 - Rear end"
"6438","HIGHWAY 417 btwn HIGHWAY 417 & HWY417 IC129 RAMP51","359976.67180","5023191.61834","-75.79588","45.34650","2017","7/29/2017","10:39:00 PM","01 - Clear","01 - Dry","10 - No control","01 - Non intersection","07 - Dark","03 - P.D. only","04 - Sideswipe"
"6439","HIGHWAY 417 btwn HIGHWAY 417 & HWY417 IC129 RAMP51","360041.58999","5023224.76994","-75.79505","45.34679","2017","11/9/2017","7:30:00 AM","01 - Clear","01 - Dry","10 - No control","01 - Non intersection","01 - Daylight","03 - P.D. only","03 - Rear end"
"6440","HIGHWAY 417 btwn HIGHWAY 417 & HWY417 IC129 RAMP51","359885.33024","5023158.60653","-75.79705","45.34621","2017","9/2/2017","9:30:00 AM","01 - Clear","01 - Dry","10 - No control","01 - Non intersection","01 - Daylight","03 - P.D. only","04 - Sideswipe"
"6441","HIGHWAY 417 btwn HIGHWAY 417 & HWY417 IC129 RAMP51","360036.27719","5023220.35599","-75.79511","45.34675","2017","10/3/2017","9:00:00 AM","01 - Clear","01 - Dry","10 - No control","01 - Non intersection","01 - Daylight","03 - P.D. only","04 - Sideswipe"
"6442","HIGHWAY 417 btwn HIGHWAY 417 & HWY417 IC129 RAMP51","360027.98131","5023214.06029","-75.79522","45.34670","2017","3/1/2017","8:30:00 AM","02 - Rain","02 - Wet","10 - No control","01 - Non intersection","01 - Daylight","03 - P.D. only","04 - Sideswipe"
"6443","HIGHWAY 417 btwn HIGHWAY 417 & HWY417 IC129 RAMP51","359892.28229","5023156.07488","-75.79696","45.34619","2017","6/14/2017","9:13:00 PM","01 - Clear","01 - Dry","10 - No control","01 - Non intersection","05 - Dusk","03 - P.D. only","03 - Rear end"
"6444","HIGHWAY 417 btwn HIGHWAY 417 & HWY417 IC129 RAMP51","359858.04406","5023146.42747","-75.79740","45.34610","2017","4/29/2017","4:52:00 PM","01 - Clear","01 - Dry","10 - No control","01 - Non intersection","01 - Daylight","03 - P.D. only","07 - SMV other"
"6445","HIGHWAY 417 btwn HIGHWAY 417 & HWY417 IC129 RAMP51","360011.66462","5023204.69955","-75.79543","45.34662","2017","6/9/2017","5:00:00 PM","01 - Clear","01 - Dry","10 - No control","01 - Non intersection","01 - Daylight","03 - P.D. only","07 - SMV other"
"6446","HIGHWAY 417 btwn HIGHWAY 417 & HWY417 IC129 RAMP51","359836.01648","5023142.02081","-75.79768","45.34607","2017","5/21/2017","4:50:00 PM","99 - Other","01 - Dry","10 - No control","01 - Non intersection","01 - Daylight","03 - P.D. only","07 - SMV other"
"6447","HIGHWAY 417 btwn HIGHWAY 417 & HWY417 IC140 RAMP36","350135.30865","5018160.41393","-75.92192","45.30193","2017","2/18/2017","7:50:00 PM","01 - Clear","01 - Dry","10 - No control","01 - Non intersection","07 - Dark","03 - P.D. only","03 - Rear end"
"6448","HIGHWAY 417 btwn HIGHWAY 417 & HWY417 IC140 RAMP36","350023.10498","5018093.15507","-75.92336","45.30134","2017","7/1/2017","8:00:00 AM","02 - Rain","02 - Wet","10 - No control","01 - Non intersection","01 - Daylight","03 - P.D. only","07 - SMV other"
"6449","HIGHWAY 417 btwn HIGHWAY 417 & HWY417 IC140 RAMP51","349615.02272","5017801.45828","-75.92859","45.29874","2017","8/18/2017","5:58:00 AM","02 - Rain","02 - Wet","10 - No control","01 - Non intersection","03 - Dawn","02 - Non-fatal injury","07 - SMV other"
"6450","HIGHWAY 417 btwn HIGHWAY 417 & HWY417 IC140 RAMP51","349662.02146","5017836.02589","-75.92798","45.29905","2017","9/2/2017","12:20:00 AM","01 - Clear","01 - Dry","10 - No control","01 - Non intersection","07 - Dark","03 - P.D. only","07 - SMV other"
"6451","HIGHWAY 417 btwn HIGHWAY 417 & HWY417 IC140 RAMP51","349728.54769","5017872.65632","-75.92713","45.29937","2017","7/24/2017","6:52:00 AM","02 - Rain","02 - Wet","10 - No control","01 - Non intersection","01 - Daylight","03 - P.D. only","07 - SMV other"
"6452","HIGHWAY 417 btwn HIGHWAY 417 & HWY417 IC140 RAMP51","350323.82833","5018196.39536","-75.91951","45.30225","2017","1/8/2017","6:00:00 PM","01 - Clear","01 - Dry","10 - No control","01 - Non intersection","07 - Dark","02 - Non-fatal injury","04 - Sideswipe"
"6453","HIGHWAY 417 btwn HIGHWAY 417 & HWY417 IC140 RAMP51","349470.24818","5017680.31605","-75.93044","45.29766","2017","6/29/2017","3:32:00 PM","02 - Rain","02 - Wet","10 - No control","01 - Non intersection","01 - Daylight","02 - Non-fatal injury","04 - Sideswipe"
"6454","HIGHWAY 417 btwn HIGHWAY 417 & HWY417 IC140 RAMP51","349717.83282","5017871.51095","-75.92727","45.29936","2017","1/3/2017","7:00:00 AM","04 - Freezing Rain","04 - Slush","10 - No control","01 - Non intersection","03 - Dawn","03 - P.D. only","07 - SMV other"
"6455","HIGHWAY 417 btwn HWY 417 ANDERSON IC104R61 & HWY 417 BOUNDARY IC96R16","381539.28586","5025627.26586","-75.52037","45.36639","2017","12/1/2017","5:15:00 PM","01 - Clear","01 - Dry","10 - No control","01 - Non intersection","07 - Dark","03 - P.D. only","07 - SMV other"
"6456","HIGHWAY 417 btwn HWY 417 ANDERSON IC104R61 & HWY 417 BOUNDARY IC96R16","384987.56691","5024979.67155","-75.47646","45.36017","2017","12/3/2017","7:55:00 PM","01 - Clear","01 - Dry","10 - No control","01 - Non intersection","07 - Dark","02 - Non-fatal injury","03 - Rear end"
"6457","HIGHWAY 417 btwn HWY 417 ANDERSON IC104R61 & HWY 417 BOUNDARY IC96R16","384981.15038","5024992.64034","-75.47654","45.36029","2017","11/27/2017","7:25:00 AM","01 - Clear","02 - Wet","10 - No control","01 - Non intersection","01 - Daylight","03 - P.D. only","03 - Rear end"
"6458","HIGHWAY 417 btwn HWY 417 ANDERSON IC104R61 & HWY 417 BOUNDARY IC96R16","381523.24414","5025631.00286","-75.52057","45.36642","2017","8/6/2017","12:05:00 AM","01 - Clear","01 - Dry","10 - No control","01 - Non intersection","07 - Dark","02 - Non-fatal injury","07 - SMV other"
"6459","HIGHWAY 417 btwn HWY 417 ANDERSON IC104R61 & HWY 417 BOUNDARY IC96R16","381437.27352","5025641.34896","-75.52167","45.36653","2017","9/13/2017","3:14:00 PM","01 - Clear","01 - Dry","10 - No control","01 - Non intersection","01 - Daylight","03 - P.D. only","99 - Other"
"6460","HIGHWAY 417 btwn HWY 417 ANDERSON IC104R61 & HWY 417 BOUNDARY IC96R16","381552.37826","5025629.19151","-75.52020","45.36640","2017","8/27/2017","8:15:00 PM","01 - Clear","01 - Dry","10 - No control","01 - Non intersection","07 - Dark","03 - P.D. only","07 - SMV other"
"6461","HIGHWAY 417 btwn HWY 417 ANDERSON IC104R61 & HWY 417 BOUNDARY IC96R16","386908.25830","5023956.45647","-75.45212","45.35075","2017","12/20/2017","7:58:00 AM","01 - Clear","02 - Wet","10 - No control","01 - Non intersection","01 - Daylight","03 - P.D. only","03 - Rear end"
"6462","HIGHWAY 417 btwn HWY 417 ANDERSON IC104R61 & HWY 417 BOUNDARY IC96R16","383493.77807","5025382.79406","-75.49546","45.36397","2017","12/7/2017","7:10:00 AM","01 - Clear","02 - Wet","10 - No control","01 - Non intersection","03 - Dawn","03 - P.D. only","03 - Rear end"
"6463","HIGHWAY 417 btwn HWY 417 ANDERSON IC104R61 & HWY 417 BOUNDARY IC96R16","385025.15985","5024965.58938","-75.47598","45.36004","2017","9/28/2017","7:28:00 AM","01 - Clear","01 - Dry","10 - No control","01 - Non intersection","01 - Daylight","03 - P.D. only","03 - Rear end"
"6464","HIGHWAY 417 btwn HWY 417 ANDERSON IC104R61 & HWY 417 BOUNDARY IC96R16","383565.03767","5025342.73762","-75.49456","45.36360","2017","10/2/2017","7:30:00 AM","01 - Clear","01 - Dry","10 - No control","01 - Non intersection","01 - Daylight","03 - P.D. only","03 - Rear end"
"6465","HIGHWAY 417 btwn HWY 417 ANDERSON IC104R61 & HWY 417 BOUNDARY IC96R16","381585.78172","5025632.93062","-75.51977","45.36643","2017","1/14/2017","5:56:00 PM","01 - Clear","01 - Dry","10 - No control","01 - Non intersection","07 - Dark","03 - P.D. only","07 - SMV other"
"6466","HIGHWAY 417 btwn HWY 417 ANDERSON IC104R61 & HWY 417 BOUNDARY IC96R16","382931.98442","5025455.13027","-75.50262","45.36468","2017","1/14/2017","5:55:00 PM","01 - Clear","01 - Dry","10 - No control","01 - Non intersection","07 - Dark","03 - P.D. only","07 - SMV other"
"6467","HIGHWAY 417 btwn HWY 417 ANDERSON IC104R61 & HWY 417 BOUNDARY IC96R16","384585.57817","5025219.59164","-75.48155","45.36238","2017","4/10/2017","9:20:00 PM","01 - Clear","02 - Wet","10 - No control","01 - Non intersection","07 - Dark","02 - Non-fatal injury","07 - SMV other"
"6468","HIGHWAY 417 btwn HWY 417 ANDERSON IC104R61 & HWY 417 BOUNDARY IC96R16","381556.02256","5025626.49661","-75.52015","45.36638","2017","1/28/2017","4:58:00 AM","01 - Clear","01 - Dry","10 - No control","01 - Non intersection","07 - Dark","03 - P.D. only","07 - SMV other"
"6469","HIGHWAY 417 btwn HWY 417 ANDERSON IC104R61 & HWY 417 BOUNDARY IC96R16","384581.00879","5025210.03650","-75.48161","45.36229","2017","10/29/2017","5:30:00 AM","02 - Rain","02 - Wet","10 - No control","01 - Non intersection","07 - Dark","03 - P.D. only","07 - SMV other"
"6470","HIGHWAY 417 btwn HWY 417 ANDERSON IC104R61 & HWY 417 BOUNDARY IC96R16","385007.45960","5024986.86547","-75.47621","45.36024","2017","1/31/2017","8:30:00 PM","01 - Clear","01 - Dry","10 - No control","01 - Non intersection","07 - Dark","03 - P.D. only","07 - SMV other"
"6471","HIGHWAY 417 btwn HWY 417 ANDERSON IC104R61 & HWY 417 BOUNDARY IC96R16","383299.12374","5025403.61941","-75.49794","45.36418","2017","3/15/2017","8:00:00 AM","03 - Snow","03 - Loose snow","10 - No control","01 - Non intersection","01 - Daylight","03 - P.D. only","07 - SMV other"
"6472","HIGHWAY 417 btwn HWY 417 ANDERSON IC104R61 & HWY 417 BOUNDARY IC96R16","385154.97623","5024871.99409","-75.47434","45.35919","2017","3/31/2017","7:30:00 PM","03 - Snow","04 - Slush","10 - No control","01 - Non intersection","07 - Dark","03 - P.D. only","04 - Sideswipe"
"6473","HIGHWAY 417 btwn HWY 417 ANDERSON IC104R61 & HWY 417 BOUNDARY IC96R16","381541.20175","5025618.27376","-75.52035","45.36631","2017","2/6/2017","12:10:00 PM","01 - Clear","01 - Dry","10 - No control","01 - Non intersection","01 - Daylight","03 - P.D. only","07 - SMV other"
"6474","HIGHWAY 417 btwn HWY 417 ANDERSON IC104R61 & HWY 417 BOUNDARY IC96R16","383892.79683","5025310.79363","-75.49038","45.36328","2017","2/13/2017","10:40:00 PM","01 - Clear","01 - Dry","10 - No control","01 - Non intersection","07 - Dark","03 - P.D. only","07 - SMV other"
"6475","HIGHWAY 417 btwn HWY 417 ANDERSON IC104R61 & HWY 417 BOUNDARY IC96R16","381534.76678","5025626.69537","-75.52043","45.36638","2017","2/20/2017","5:31:00 AM","01 - Clear","01 - Dry","10 - No control","01 - Non intersection","07 - Dark","03 - P.D. only","07 - SMV other"
"6476","HIGHWAY 417 btwn HWY 417 ANDERSON IC104R61 & HWY 417 BOUNDARY IC96R16","386370.54333","5024054.37863","-75.45896","45.35169","2017","2/28/2017","6:15:00 AM","01 - Clear","01 - Dry","10 - No control","01 - Non intersection","03 - Dawn","03 - P.D. only","03 - Rear end"
"6477","HIGHWAY 417 btwn HWY 417 ANDERSON IC104R61 & HWY 417 BOUNDARY IC96R16","384906.06106","5025054.57619","-75.47749","45.36086","2017","3/2/2017","6:30:00 AM","03 - Snow","02 - Wet","10 - No control","01 - Non intersection","01 - Daylight","03 - P.D. only","03 - Rear end"
"6478","HIGHWAY 417 btwn HWY 417 ANDERSON IC104R61 & HWY 417 BOUNDARY IC96R16","381571.91753","5025622.11796","-75.51995","45.36634","2017","1/17/2017","1:00:00 AM","01 - Clear","01 - Dry","10 - No control","01 - Non intersection","07 - Dark","03 - P.D. only","07 - SMV other"
"6479","HIGHWAY 417 btwn HWY 417 ANDERSON IC104R61 & HWY 417 BOUNDARY IC96R16","384606.81896","5025205.41700","-75.48128","45.36225","2017","4/9/2017","5:35:00 AM","01 - Clear","01 - Dry","10 - No control","01 - Non intersection","03 - Dawn","03 - P.D. only","07 - SMV other"
"6480","HIGHWAY 417 btwn HWY417 IC104 RAMP15 & HWY417 IC96 RAMP51","384871.56210","5024984.37046","-75.47794","45.36023","2017","10/3/2017","5:05:00 PM","01 - Clear","01 - Dry","10 - No control","01 - Non intersection","01 - Daylight","03 - P.D. only","03 - Rear end"
"6481","HIGHWAY 417 btwn HWY417 IC104 RAMP15 & HWY417 IC96 RAMP51","384863.10538","5024991.21350","-75.47805","45.36029","2017","9/12/2017","11:55:00 PM","01 - Clear","01 - Dry","10 - No control","01 - Non intersection","07 - Dark","03 - P.D. only","04 - Sideswipe"
"6482","HIGHWAY 417 btwn HWY417 IC104 RAMP15 & HWY417 IC96 RAMP51","381442.74439","5025602.51858","-75.52160","45.36618","2017","7/10/2017","5:00:00 PM","01 - Clear","01 - Dry","10 - No control","01 - Non intersection","01 - Daylight","02 - Non-fatal injury","03 - Rear end"
"6483","HIGHWAY 417 btwn HWY417 IC104 RAMP15 & HWY417 IC96 RAMP51","381441.51605","5025602.08117","-75.52162","45.36617","2017","12/5/2017","2:42:00 PM","01 - Clear","01 - Dry","10 - No control","01 - Non intersection","01 - Daylight","03 - P.D. only","03 - Rear end"
"6484","HIGHWAY 417 btwn HWY417 IC104 RAMP15 & HWY417 IC96 RAMP51","383504.96898","5025269.46538","-75.49534","45.36295","2017","11/22/2017","2:30:00 PM","01 - Clear","01 - Dry","10 - No control","01 - Non intersection","01 - Daylight","03 - P.D. only","07 - SMV other"
"6485","HIGHWAY 417 btwn HWY417 IC104 RAMP15 & HWY417 IC96 RAMP51","381386.90594","5025612.24119","-75.52232","45.36627","2017","12/5/2017","2:55:00 PM","01 - Clear","01 - Dry","10 - No control","01 - Non intersection","01 - Daylight","03 - P.D. only","04 - Sideswipe"
"6486","HIGHWAY 417 btwn HWY417 IC104 RAMP15 & HWY417 IC96 RAMP51","386741.95916","5023938.24622","-75.45424","45.35060","2017","9/22/2017","11:40:00 PM","01 - Clear","01 - Dry","10 - No control","01 - Non intersection","07 - Dark","03 - P.D. only","07 - SMV other"
"6487","HIGHWAY 417 btwn HWY417 IC104 RAMP15 & HWY417 IC96 RAMP51","381409.03997","5025604.10232","-75.52203","45.36619","2017","10/22/2017","4:20:00 PM","01 - Clear","01 - Dry","10 - No control","01 - Non intersection","01 - Daylight","03 - P.D. only","07 - SMV other"
"6488","HIGHWAY 417 btwn HWY417 IC104 RAMP15 & HWY417 IC96 RAMP51","381412.29128","5025598.31461","-75.52199","45.36614","2017","2/2/2017","8:55:00 PM","01 - Clear","01 - Dry","10 - No control","01 - Non intersection","07 - Dark","03 - P.D. only","07 - SMV other"
"6489","HIGHWAY 417 btwn HWY417 IC104 RAMP15 & HWY417 IC96 RAMP51","382735.40901","5025408.58165","-75.50514","45.36429","2017","4/2/2017","2:15:00 AM","01 - Clear","01 - Dry","10 - No control","01 - Non intersection","07 - Dark","03 - P.D. only","07 - SMV other"
"6490","HIGHWAY 417 btwn HWY417 IC104 RAMP15 & HWY417 IC96 RAMP51","381432.51010","5025605.27136","-75.52173","45.36620","2017","2/9/2017","9:30:00 PM","01 - Clear","01 - Dry","10 - No control","01 - Non intersection","07 - Dark","03 - P.D. only","07 - SMV other"
"6491","HIGHWAY 417 btwn HWY417 IC104 RAMP15 & HWY417 IC96 RAMP51","384853.57920","5024993.66292","-75.47817","45.36032","2017","3/24/2017","2:00:00 AM","01 - Clear","01 - Dry","10 - No control","01 - Non intersection","07 - Dark","03 - P.D. only","07 - SMV other"
"6492","HIGHWAY 417 btwn HWY417 IC104 RAMP15 & HWY417 IC96 RAMP51","381413.79835","5025607.41065","-75.52197","45.36622","2017","2/3/2017","11:24:00 PM","01 - Clear","01 - Dry","10 - No control","01 - Non intersection","07 - Dark","03 - P.D. only","07 - SMV other"
"6493","HIGHWAY 417 btwn HWY417 IC104 RAMP15 & HWY417 IC96 RAMP51","384773.37490","5025031.90330","-75.47919","45.36067","2017","1/10/2017","9:36:00 PM","03 - Snow","03 - Loose snow","10 - No control","01 - Non intersection","07 - Dark","03 - P.D. only","03 - Rear end"
"6494","HIGHWAY 417 btwn HWY417 IC104 RAMP15 & HWY417 IC96 RAMP51","381516.55505","5025591.89106","-75.52066","45.36607","2017","2/16/2017","4:25:00 PM","01 - Clear","01 - Dry","10 - No control","01 - Non intersection","01 - Daylight","02 - Non-fatal injury","03 - Rear end"
"6495","HIGHWAY 417 btwn HWY417 IC104 RAMP16 & HWY417 IC104 RAMP61","380162.67292","5025922.75427","-75.53789","45.36920","2017","12/2/2017","7:54:00 AM","01 - Clear","01 - Dry","10 - No control","01 - Non intersection","01 - Daylight","03 - P.D. only","07 - SMV other"
"6496","HIGHWAY 417 btwn HWY417 IC104 RAMP16 & HWY417 IC104 RAMP61","380226.50437","5025910.85205","-75.53708","45.36908","2017","1/21/2017","6:30:00 AM","04 - Freezing Rain","06 - Ice","10 - No control","01 - Non intersection","07 - Dark","03 - P.D. only","07 - SMV other"
"6497","HIGHWAY 417 btwn HWY417 IC104 RAMP51 & HWY417 IC104 RAMP15","379861.92269","5025943.20543","-75.54173","45.36941","2017","5/31/2017","9:56:00 PM","01 - Clear","02 - Wet","10 - No control","01 - Non intersection","07 - Dark","02 - Non-fatal injury","07 - SMV other"
"6498","HIGHWAY 417 btwn HWY417 IC110 RAMP54 & HWY417 IC110 RAMP65","375764.01952","5029287.95838","-75.59356","45.39993","2017","1/29/2017","3:30:00 AM","03 - Snow","06 - Ice","10 - No control","01 - Non intersection","07 - Dark","03 - P.D. only","07 - SMV other"
"6499","HIGHWAY 417 btwn HWY417 IC110 RAMP55 & HWY417 IC104 RAMP51","377979.36221","5026361.87294","-75.56570","45.37338","2017","12/8/2017","9:50:00 AM","01 - Clear","01 - Dry","10 - No control","01 - Non intersection","01 - Daylight","03 - P.D. only","04 - Sideswipe"
"6500","HIGHWAY 417 btwn HWY417 IC110 RAMP55 & HWY417 IC104 RAMP51","377831.03062","5026395.15736","-75.56759","45.37369","2017","11/7/2017","3:00:00 PM","01 - Clear","01 - Dry","10 - No control","01 - Non intersection","01 - Daylight","03 - P.D. only","03 - Rear end"
"6501","HIGHWAY 417 btwn HWY417 IC110 RAMP55 & HWY417 IC104 RAMP51","377408.76036","5026558.58654","-75.57295","45.37521","2017","11/15/2017","5:20:00 PM","01 - Clear","01 - Dry","10 - No control","01 - Non intersection","07 - Dark","03 - P.D. only","04 - Sideswipe"
"6502","HIGHWAY 417 btwn HWY417 IC110 RAMP55 & HWY417 IC104 RAMP51","377287.05178","5026706.75350","-75.57449","45.37655","2017","11/15/2017","5:10:00 PM","01 - Clear","01 - Dry","10 - No control","01 - Non intersection","07 - Dark","03 - P.D. only","04 - Sideswipe"
"6503","HIGHWAY 417 btwn HWY417 IC110 RAMP55 & HWY417 IC104 RAMP51","377786.38664","5026403.98549","-75.56816","45.37378","2017","9/13/2017","5:15:00 PM","01 - Clear","01 - Dry","10 - No control","01 - Non intersection","01 - Daylight","03 - P.D. only","04 - Sideswipe"
"6504","HIGHWAY 417 btwn HWY417 IC110 RAMP55 & HWY417 IC104 RAMP51","377854.04695","5026383.71545","-75.56729","45.37359","2017","11/14/2017","10:55:00 PM","01 - Clear","01 - Dry","10 - No control","01 - Non intersection","07 - Dark","03 - P.D. only","07 - SMV other"
"6505","HIGHWAY 417 btwn HWY417 IC110 RAMP55 & HWY417 IC104 RAMP51","376385.38934","5027617.43664","-75.58586","45.38484","2017","10/24/2017","3:10:00 PM","01 - Clear","01 - Dry","10 - No control","01 - Non intersection","01 - Daylight","03 - P.D. only","04 - Sideswipe"
"6506","HIGHWAY 417 btwn HWY417 IC110 RAMP55 & HWY417 IC104 RAMP51","376782.23800","5027323.32786","-75.58084","45.38215","2017","11/19/2017","12:26:00 AM","04 - Freezing Rain","06 - Ice","10 - No control","01 - Non intersection","07 - Dark","03 - P.D. only","07 - SMV other"
"6507","HIGHWAY 417 btwn HWY417 IC110 RAMP55 & HWY417 IC104 RAMP51","376577.48483","5027483.08314","-75.58343","45.38361","2017","9/24/2017","1:02:00 PM","01 - Clear","01 - Dry","10 - No control","01 - Non intersection","01 - Daylight","03 - P.D. only","03 - Rear end"
"6508","HIGHWAY 417 btwn HWY417 IC110 RAMP55 & HWY417 IC104 RAMP51","377822.44928","5026393.38260","-75.56770","45.37368","2017","2/15/2017","7:32:00 AM","05 - Drifting Snow","03 - Loose snow","10 - No control","01 - Non intersection","01 - Daylight","03 - P.D. only","07 - SMV other"
"6509","HIGHWAY 417 btwn HWY417 IC110 RAMP55 & HWY417 IC104 RAMP51","377850.94203","5026393.34839","-75.56733","45.37367","2017","6/26/2017","8:15:00 AM","01 - Clear","01 - Dry","10 - No control","01 - Non intersection","01 - Daylight","03 - P.D. only","07 - SMV other"
"6510","HIGHWAY 417 btwn HWY417 IC110 RAMP55 & HWY417 IC104 RAMP51","377184.08449","5026791.40486","-75.57579","45.37732","2017","5/13/2017","6:38:00 PM","02 - Rain","02 - Wet","10 - No control","01 - Non intersection","01 - Daylight","03 - P.D. only","07 - SMV other"
"6511","HIGHWAY 417 btwn HWY417 IC110 RAMP55 & HWY417 IC104 RAMP51","377204.07902","5026775.57304","-75.57553","45.37718","2017","6/7/2017","10:55:00 AM","01 - Clear","01 - Dry","10 - No control","01 - Non intersection","01 - Daylight","03 - P.D. only","07 - SMV other"
"6512","HIGHWAY 417 btwn HWY417 IC110 RAMP55 & HWY417 IC104 RAMP51","377881.04596","5026381.66248","-75.56695","45.37357","2017","3/14/2017","10:25:00 PM","03 - Snow","02 - Wet","10 - No control","01 - Non intersection","07 - Dark","03 - P.D. only","07 - SMV other"
"6513","HIGHWAY 417 btwn HWY417 IC110 RAMP55 & HWY417 IC104 RAMP51","376894.19006","5027212.07374","-75.57943","45.38114","2017","5/31/2017","4:08:00 PM","01 - Clear","01 - Dry","10 - No control","01 - Non intersection","01 - Daylight","03 - P.D. only","03 - Rear end"
"6514","HIGHWAY 417 btwn HWY417 IC110 RAMP64 & HWY417 IC104 RAMP16","378015.44530","5026431.35643","-75.56523","45.37400","2017","7/13/2017","4:00:00 PM","01 - Clear","01 - Dry","10 - No control","01 - Non intersection","01 - Daylight","02 - Non-fatal injury","03 - Rear end"
"6515","HIGHWAY 417 btwn HWY417 IC110 RAMP64 & HWY417 IC104 RAMP16","376886.11359","5027311.08480","-75.57952","45.38203","2017","9/13/2017","7:30:00 AM","01 - Clear","01 - Dry","10 - No control","01 - Non intersection","01 - Daylight","03 - P.D. only","03 - Rear end"
"6516","HIGHWAY 417 btwn HWY417 IC110 RAMP64 & HWY417 IC104 RAMP16","376761.24737","5027406.59267","-75.58110","45.38290","2017","12/21/2017","9:55:00 AM","01 - Clear","01 - Dry","10 - No control","01 - Non intersection","01 - Daylight","03 - P.D. only","04 - Sideswipe"
"6517","HIGHWAY 417 btwn HWY417 IC110 RAMP64 & HWY417 IC104 RAMP16","378003.58759","5026439.53156","-75.56538","45.37407","2017","11/28/2017","7:55:00 AM","01 - Clear","01 - Dry","10 - No control","01 - Non intersection","01 - Daylight","03 - P.D. only","03 - Rear end"
"6518","HIGHWAY 417 btwn HWY417 IC110 RAMP64 & HWY417 IC104 RAMP16","379199.18006","5026147.69810","-75.55016","45.37132","2017","8/13/2017","10:30:00 PM","01 - Clear","01 - Dry","10 - No control","01 - Non intersection","07 - Dark","02 - Non-fatal injury","03 - Rear end"
"6519","HIGHWAY 417 btwn HWY417 IC110 RAMP64 & HWY417 IC104 RAMP16","378012.27564","5026425.00149","-75.56527","45.37394","2017","12/1/2017","7:01:00 AM","01 - Clear","02 - Wet","10 - No control","01 - Non intersection","03 - Dawn","03 - P.D. only","07 - SMV other"
"6520","HIGHWAY 417 btwn HWY417 IC110 RAMP64 & HWY417 IC104 RAMP16","377064.45709","5027140.47952","-75.57726","45.38048","2017","11/7/2017","1:30:00 PM","01 - Clear","01 - Dry","10 - No control","01 - Non intersection","01 - Daylight","03 - P.D. only","03 - Rear end"
"6521","HIGHWAY 417 btwn HWY417 IC110 RAMP64 & HWY417 IC104 RAMP16","376662.31586","5027470.17830","-75.58235","45.38349","2017","11/30/2017","7:49:00 AM","01 - Clear","01 - Dry","10 - No control","01 - Non intersection","01 - Daylight","02 - Non-fatal injury","03 - Rear end"
"6522","HIGHWAY 417 btwn HWY417 IC110 RAMP64 & HWY417 IC104 RAMP16","376953.47350","5027265.22002","-75.57866","45.38161","2017","9/26/2017","8:30:00 AM","01 - Clear","01 - Dry","10 - No control","01 - Non intersection","01 - Daylight","02 - Non-fatal injury","03 - Rear end"
"6523","HIGHWAY 417 btwn HWY417 IC110 RAMP64 & HWY417 IC104 RAMP16","377049.60282","5027137.89452","-75.57745","45.38046","2017","3/24/2017","8:37:00 PM","03 - Snow","04 - Slush","10 - No control","01 - Non intersection","07 - Dark","03 - P.D. only","04 - Sideswipe"
"6524","HIGHWAY 417 btwn HWY417 IC110 RAMP64 & HWY417 IC104 RAMP16","376967.44724","5027235.59569","-75.57849","45.38134","2017","4/26/2017","11:13:00 AM","01 - Clear","01 - Dry","10 - No control","01 - Non intersection","01 - Daylight","03 - P.D. only","07 - SMV other"