"Record","Location","X","Y","Longitude","Latitude","Year","Date","Time","Environment","Road_Surface","Traffic_Control","Collision_Location","Light","Collision_Classification","Impact_type"
"6525","HIGHWAY 417 btwn HWY417 IC110 RAMP64 & HWY417 IC104 RAMP16","378034.48224","5026420.92881","-75.56499","45.37390","2017","3/20/2017","2:20:00 PM","01 - Clear","01 - Dry","10 - No control","01 - Non intersection","01 - Daylight","03 - P.D. only","04 - Sideswipe"
"6526","HIGHWAY 417 btwn HWY417 IC110 RAMP64 & HWY417 IC104 RAMP16","378030.91547","5026427.13619","-75.56503","45.37396","2017","3/6/2017","5:33:00 PM","04 - Freezing Rain","06 - Ice","10 - No control","01 - Non intersection","01 - Daylight","03 - P.D. only","07 - SMV other"
"6527","HIGHWAY 417 btwn HWY417 IC110 RAMP66 & HWY417 IC110 RAMP56","375825.17923","5029208.55650","-75.59279","45.39921","2017","10/23/2017","7:45:00 AM","01 - Clear","01 - Dry","10 - No control","01 - Non intersection","01 - Daylight","03 - P.D. only","03 - Rear end"
"6528","HIGHWAY 417 btwn HWY417 IC110 RAMP66 & HWY417 IC110 RAMP56","375823.02977","5029231.58169","-75.59281","45.39942","2017","3/6/2017","11:50:00 PM","04 - Freezing Rain","02 - Wet","10 - No control","01 - Non intersection","07 - Dark","03 - P.D. only","03 - Rear end"
"6529","HIGHWAY 417 btwn HWY417 IC112 RAMP55 & HIGHWAY 417","375079.49931","5030607.83028","-75.60211","45.41188","2017","8/2/2017","7:00:00 AM","01 - Clear","01 - Dry","10 - No control","01 - Non intersection","01 - Daylight","03 - P.D. only","04 - Sideswipe"
"6530","HIGHWAY 417 btwn HWY417 IC112 RAMP55 & HIGHWAY 417","375009.91846","5030646.97010","-75.60300","45.41224","2017","11/21/2017","9:30:00 PM","01 - Clear","01 - Dry","10 - No control","01 - Non intersection","07 - Dark","02 - Non-fatal injury","04 - Sideswipe"
"6531","HIGHWAY 417 btwn HWY417 IC112 RAMP55 & HIGHWAY 417","375004.53043","5030641.39126","-75.60307","45.41219","2017","3/26/2017","8:00:00 PM","02 - Rain","02 - Wet","10 - No control","01 - Non intersection","07 - Dark","03 - P.D. only","99 - Other"
"6532","HIGHWAY 417 btwn HWY417 IC112 RAMP55 & HIGHWAY 417","375048.74274","5030630.93576","-75.60250","45.41209","2017","3/15/2017","7:00:00 AM","03 - Snow","06 - Ice","10 - No control","01 - Non intersection","01 - Daylight","03 - P.D. only","04 - Sideswipe"
"6533","HIGHWAY 417 btwn HWY417 IC112 RAMP55 & HIGHWAY 417","375008.23912","5030634.82448","-75.60302","45.41213","2017","2/22/2017","11:51:00 PM","01 - Clear","06 - Ice","10 - No control","01 - Non intersection","07 - Dark","03 - P.D. only","07 - SMV other"
"6534","HIGHWAY 417 btwn HWY417 IC112 RAMP56 & HWY417 IC112 RAMP64","374660.22578","5030765.19819","-75.60745","45.41334","2017","2/12/2017","7:45:00 PM","03 - Snow","03 - Loose snow","10 - No control","01 - Non intersection","07 - Dark","03 - P.D. only","03 - Rear end"
"6535","HIGHWAY 417 btwn HWY417 IC112 RAMP56 & HWY417 IC112 RAMP64","374659.08974","5030759.92483","-75.60746","45.41329","2017","3/25/2017","9:00:00 AM","01 - Clear","02 - Wet","10 - No control","01 - Non intersection","01 - Daylight","03 - P.D. only","07 - SMV other"
"6536","HIGHWAY 417 btwn HWY417 IC112 RAMP56 & HWY417 IC112 RAMP64","374537.23740","5030811.63272","-75.60901","45.41377","2017","1/10/2017","11:30:00 PM","02 - Rain","04 - Slush","10 - No control","01 - Non intersection","07 - Dark","03 - P.D. only","04 - Sideswipe"
"6537","HIGHWAY 417 btwn HWY417 IC112 RAMP64 & HIGHWAY 417","375084.94290","5030657.98218","-75.60204","45.41233","2017","10/19/2017","8:30:00 AM","01 - Clear","01 - Dry","10 - No control","01 - Non intersection","01 - Daylight","03 - P.D. only","03 - Rear end"
"6538","HIGHWAY 417 btwn HWY417 IC112 RAMP64 & HIGHWAY 417","375077.31892","5030666.68594","-75.60213","45.41241","2017","11/4/2017","9:45:00 PM","01 - Clear","01 - Dry","10 - No control","01 - Non intersection","07 - Dark","02 - Non-fatal injury","07 - SMV other"
"6539","HIGHWAY 417 btwn HWY417 IC112 RAMP66 & HWY417 IC112 RAMP56","374351.96171","5030956.14348","-75.61136","45.41508","2017","12/10/2017","12:05:00 AM","03 - Snow","03 - Loose snow","10 - No control","01 - Non intersection","07 - Dark","03 - P.D. only","04 - Sideswipe"
"6540","HIGHWAY 417 btwn HWY417 IC112 RAMP66 & HWY417 IC112 RAMP56","374438.51958","5030877.29689","-75.61026","45.41437","2017","1/10/2017","11:33:00 PM","03 - Snow","04 - Slush","10 - No control","01 - Non intersection","07 - Dark","03 - P.D. only","03 - Rear end"
"6541","HIGHWAY 417 btwn HWY417 IC112 RAMP66 & HWY417 IC112 RAMP56","374386.68953","5030924.83283","-75.61092","45.41480","2017","1/3/2017","7:00:00 PM","04 - Freezing Rain","06 - Ice","10 - No control","01 - Non intersection","07 - Dark","03 - P.D. only","04 - Sideswipe"
"6542","HIGHWAY 417 btwn HWY417 IC112 RAMP66 & HWY417 IC113 RAMP65","374141.15586","5031565.68122","-75.61396","45.42059","2017","10/23/2017","6:50:00 AM","07 - Fog, mist, smoke, dust","01 - Dry","10 - No control","01 - Non intersection","03 - Dawn","03 - P.D. only","03 - Rear end"
"6543","HIGHWAY 417 btwn HWY417 IC112 RAMP66 & HWY417 IC113 RAMP65","374200.43296","5031318.36128","-75.61324","45.41836","2017","10/11/2017","8:10:00 AM","01 - Clear","01 - Dry","10 - No control","01 - Non intersection","01 - Daylight","03 - P.D. only","03 - Rear end"
"6544","HIGHWAY 417 btwn HWY417 IC112 RAMP66 & HWY417 IC113 RAMP65","374194.66044","5031331.66693","-75.61331","45.41848","2017","11/26/2017","7:25:00 PM","03 - Snow","03 - Loose snow","10 - No control","01 - Non intersection","07 - Dark","03 - P.D. only","03 - Rear end"
"6545","HIGHWAY 417 btwn HWY417 IC112 RAMP66 & HWY417 IC113 RAMP65","374139.12068","5031583.43431","-75.61399","45.42075","2017","11/26/2017","7:00:00 PM","03 - Snow","03 - Loose snow","10 - No control","01 - Non intersection","07 - Dark","03 - P.D. only","07 - SMV other"
"6546","HIGHWAY 417 btwn HWY417 IC112 RAMP66 & HWY417 IC113 RAMP65","374238.74950","5031150.63601","-75.61278","45.41685","2017","11/6/2017","10:53:00 AM","01 - Clear","01 - Dry","10 - No control","01 - Non intersection","01 - Daylight","03 - P.D. only","04 - Sideswipe"
"6547","HIGHWAY 417 btwn HWY417 IC112 RAMP66 & HWY417 IC113 RAMP65","374187.12222","5031373.53536","-75.61340","45.41886","2017","9/26/2017","7:20:00 AM","01 - Clear","01 - Dry","10 - No control","01 - Non intersection","01 - Daylight","03 - P.D. only","03 - Rear end"
"6548","HIGHWAY 417 btwn HWY417 IC112 RAMP66 & HWY417 IC113 RAMP65","374239.70074","5031141.66517","-75.61276","45.41676","2017","12/18/2017","9:00:00 PM","03 - Snow","03 - Loose snow","10 - No control","01 - Non intersection","07 - Dark","03 - P.D. only","07 - SMV other"
"6549","HIGHWAY 417 btwn HWY417 IC112 RAMP66 & HWY417 IC113 RAMP65","374200.03549","5031328.71417","-75.61325","45.41845","2017","11/27/2017","6:20:00 AM","01 - Clear","01 - Dry","10 - No control","01 - Non intersection","07 - Dark","03 - P.D. only","03 - Rear end"
"6550","HIGHWAY 417 btwn HWY417 IC112 RAMP66 & HWY417 IC113 RAMP65","374184.07708","5031393.05038","-75.61344","45.41903","2017","11/26/2017","6:56:00 PM","03 - Snow","04 - Slush","10 - No control","01 - Non intersection","07 - Dark","03 - P.D. only","03 - Rear end"
"6551","HIGHWAY 417 btwn HWY417 IC112 RAMP66 & HWY417 IC113 RAMP65","374195.83242","5031318.73209","-75.61330","45.41836","2017","5/10/2017","9:35:00 PM","01 - Clear","01 - Dry","10 - No control","01 - Non intersection","07 - Dark","03 - P.D. only","04 - Sideswipe"
"6552","HIGHWAY 417 btwn HWY417 IC112 RAMP66 & HWY417 IC113 RAMP65","374164.40903","5031508.44601","-75.61368","45.42007","2017","2/12/2017","1:30:00 PM","03 - Snow","03 - Loose snow","10 - No control","01 - Non intersection","01 - Daylight","03 - P.D. only","04 - Sideswipe"
"6553","HIGHWAY 417 btwn HWY417 IC112 RAMP66 & HWY417 IC113 RAMP65","374196.98471","5031324.00522","-75.61328","45.41841","2017","1/7/2017","11:30:00 PM","01 - Clear","01 - Dry","10 - No control","01 - Non intersection","07 - Dark","03 - P.D. only","07 - SMV other"
"6554","HIGHWAY 417 btwn HWY417 IC112 RAMP66 & HWY417 IC113 RAMP65","374156.45811","5031535.66640","-75.61377","45.42032","2017","2/12/2017","7:50:00 PM","05 - Drifting Snow","03 - Loose snow","10 - No control","01 - Non intersection","07 - Dark","03 - P.D. only","07 - SMV other"
"6555","HIGHWAY 417 btwn HWY417 IC113 RAMP62 & HWY417 IC113 RAMP65","373952.60448","5031795.07728","-75.61634","45.42267","2017","5/15/2017","1:45:00 PM","01 - Clear","01 - Dry","10 - No control","01 - Non intersection","01 - Daylight","02 - Non-fatal injury","07 - SMV other"
"6556","HIGHWAY 417 btwn HWY417 IC113 RAMP62 & HWY417 IC113 RAMP65","373995.59112","5031751.56683","-75.61580","45.42228","2017","2/12/2017","9:30:00 PM","03 - Snow","03 - Loose snow","10 - No control","01 - Non intersection","07 - Dark","03 - P.D. only","04 - Sideswipe"
"6557","HIGHWAY 417 btwn HWY417 IC113 RAMP62 & HWY417 IC113 RAMP65","374033.69120","5031713.46675","-75.61532","45.42193","2017","2/12/2017","10:42:00 PM","03 - Snow","03 - Loose snow","10 - No control","01 - Non intersection","07 - Dark","03 - P.D. only","04 - Sideswipe"
"6558","HIGHWAY 417 btwn HWY417 IC113 RAMP85 & HWY417 IC112 RAMP54","374141.38792","5031352.22045","-75.61399","45.41867","2017","7/10/2017","8:30:00 PM","01 - Clear","01 - Dry","10 - No control","01 - Non intersection","05 - Dusk","03 - P.D. only","07 - SMV other"
"6559","HIGHWAY 417 btwn HWY417 IC113 RAMP85 & HWY417 IC112 RAMP54","374113.00633","5031468.55062","-75.61434","45.41972","2017","11/26/2017","5:53:00 PM","03 - Snow","03 - Loose snow","10 - No control","01 - Non intersection","07 - Dark","03 - P.D. only","03 - Rear end"
"6560","HIGHWAY 417 btwn HWY417 IC113 RAMP85 & HWY417 IC112 RAMP54","374126.40725","5031415.20029","-75.61417","45.41924","2017","12/5/2017","5:10:00 PM","01 - Clear","02 - Wet","10 - No control","01 - Non intersection","07 - Dark","03 - P.D. only","04 - Sideswipe"
"6561","HIGHWAY 417 btwn HWY417 IC113 RAMP85 & HWY417 IC112 RAMP54","374148.20726","5031326.00104","-75.61391","45.41843","2017","12/16/2017","12:45:00 PM","01 - Clear","01 - Dry","10 - No control","01 - Non intersection","01 - Daylight","02 - Non-fatal injury","03 - Rear end"
"6562","HIGHWAY 417 btwn HWY417 IC113 RAMP85 & HWY417 IC112 RAMP54","374153.65514","5031308.51272","-75.61384","45.41827","2017","8/13/2017","9:39:00 AM","01 - Clear","01 - Dry","10 - No control","01 - Non intersection","01 - Daylight","01 - Fatal injury","07 - SMV other"
"6563","HIGHWAY 417 btwn HWY417 IC113 RAMP85 & HWY417 IC112 RAMP54","374130.00005","5031421.79877","-75.61413","45.41930","2017","1/19/2017","11:40:00 AM","07 - Fog, mist, smoke, dust","02 - Wet","10 - No control","01 - Non intersection","01 - Daylight","03 - P.D. only","04 - Sideswipe"
"6564","HIGHWAY 417 btwn HWY417 IC113 RAMP85 & HWY417 IC112 RAMP54","374152.41686","5031331.74190","-75.61385","45.41848","2017","2/23/2017","12:15:00 PM","01 - Clear","01 - Dry","10 - No control","01 - Non intersection","01 - Daylight","03 - P.D. only","04 - Sideswipe"
"6565","HIGHWAY 417 btwn HWY417 IC113 RAMP85 & HWY417 IC112 RAMP54","374135.81694","5031388.53030","-75.61406","45.41900","2017","2/6/2017","7:20:00 AM","01 - Clear","02 - Wet","10 - No control","01 - Non intersection","01 - Daylight","03 - P.D. only","07 - SMV other"
"6566","HIGHWAY 417 btwn HWY417 IC113 RAMP85 & HWY417 IC112 RAMP54","374124.34383","5031426.67117","-75.61420","45.41934","2017","5/3/2017","4:15:00 PM","01 - Clear","01 - Dry","10 - No control","01 - Non intersection","01 - Daylight","03 - P.D. only","03 - Rear end"
"6567","HIGHWAY 417 btwn HWY417 IC115 RAMP25 & REGIONAL ROAD 174","373056.88381","5031601.37447","-75.62781","45.42102","2017","12/14/2017","8:22:00 PM","01 - Clear","01 - Dry","10 - No control","01 - Non intersection","07 - Dark","02 - Non-fatal injury","07 - SMV other"
"6568","HIGHWAY 417 btwn HWY417 IC115 RAMP25 & REGIONAL ROAD 174","373202.72098","5031664.00426","-75.62594","45.42157","2017","12/13/2017","7:29:00 PM","01 - Clear","02 - Wet","10 - No control","01 - Non intersection","07 - Dark","03 - P.D. only","07 - SMV other"
"6569","HIGHWAY 417 btwn HWY417 IC115 RAMP25 & REGIONAL ROAD 174","373049.43308","5031594.91489","-75.62791","45.42096","2017","6/13/2017","4:50:00 PM","01 - Clear","01 - Dry","10 - No control","01 - Non intersection","01 - Daylight","03 - P.D. only","03 - Rear end"
"6570","HIGHWAY 417 btwn HWY417 IC115 RAMP25 & REGIONAL ROAD 174","373251.90760","5031692.21013","-75.62531","45.42182","2017","2/2/2017","6:05:00 PM","01 - Clear","01 - Dry","10 - No control","01 - Non intersection","07 - Dark","02 - Non-fatal injury","04 - Sideswipe"
"6571","HIGHWAY 417 btwn HWY417 IC115 RAMP25 & REGIONAL ROAD 174","372915.11153","5031560.98184","-75.62963","45.42067","2017","5/6/2017","12:15:00 PM","01 - Clear","01 - Dry","10 - No control","01 - Non intersection","01 - Daylight","03 - P.D. only","04 - Sideswipe"
"6572","HIGHWAY 417 btwn HWY417 IC115 RAMP25 & REGIONAL ROAD 174","373042.11179","5031595.90691","-75.62800","45.42097","2017","5/9/2017","3:40:00 PM","01 - Clear","01 - Dry","10 - No control","01 - Non intersection","01 - Daylight","03 - P.D. only","04 - Sideswipe"
"6573","HIGHWAY 417 btwn HWY417 IC115 RAMP36 & HWY417 IC115 RAMP26","372071.99522","5031476.47243","-75.64041","45.41999","2017","7/20/2017","1:30:00 AM","01 - Clear","01 - Dry","10 - No control","01 - Non intersection","07 - Dark","03 - P.D. only","04 - Sideswipe"
"6574","HIGHWAY 417 btwn HWY417 IC115 RAMP36 & HWY417 IC115 RAMP26","372292.13217","5031503.56085","-75.63760","45.42021","2017","11/26/2017","7:30:00 PM","03 - Snow","03 - Loose snow","10 - No control","01 - Non intersection","07 - Dark","03 - P.D. only","03 - Rear end"
"6575","HIGHWAY 417 btwn HWY417 IC115 RAMP36 & HWY417 IC115 RAMP26","372236.52754","5031498.60882","-75.63831","45.42017","2017","7/26/2017","9:30:00 AM","01 - Clear","01 - Dry","10 - No control","01 - Non intersection","01 - Daylight","03 - P.D. only","03 - Rear end"
"6576","HIGHWAY 417 btwn HWY417 IC115 RAMP36 & HWY417 IC115 RAMP26","372406.05249","5031514.39402","-75.63614","45.42030","2017","11/8/2017","8:00:00 AM","01 - Clear","01 - Dry","10 - No control","01 - Non intersection","01 - Daylight","03 - P.D. only","04 - Sideswipe"
"6577","HIGHWAY 417 btwn HWY417 IC115 RAMP36 & HWY417 IC115 RAMP26","372410.54385","5031513.36683","-75.63608","45.42029","2017","9/16/2017","4:40:00 PM","01 - Clear","01 - Dry","10 - No control","01 - Non intersection","01 - Daylight","03 - P.D. only","03 - Rear end"
"6578","HIGHWAY 417 btwn HWY417 IC115 RAMP36 & HWY417 IC115 RAMP26","372281.99428","5031499.37824","-75.63773","45.42017","2017","12/12/2017","8:55:00 PM","03 - Snow","03 - Loose snow","10 - No control","01 - Non intersection","07 - Dark","03 - P.D. only","03 - Rear end"
"6579","HIGHWAY 417 btwn HWY417 IC115 RAMP36 & HWY417 IC115 RAMP26","372445.68649","5031522.98277","-75.63563","45.42037","2017","5/17/2017","4:00:00 PM","01 - Clear","01 - Dry","10 - No control","01 - Non intersection","01 - Daylight","03 - P.D. only","03 - Rear end"
"6580","HIGHWAY 417 btwn HWY417 IC115 RAMP36 & HWY417 IC115 RAMP26","372396.43680","5031512.64927","-75.63626","45.42028","2017","1/4/2017","5:35:00 AM","01 - Clear","04 - Slush","10 - No control","01 - Non intersection","07 - Dark","03 - P.D. only","07 - SMV other"
"6581","HIGHWAY 417 btwn HWY417 IC115 RAMP36 & HWY417 IC115 RAMP26","372232.87051","5031495.30843","-75.63835","45.42014","2017","6/16/2017","3:50:00 PM","01 - Clear","01 - Dry","10 - No control","01 - Non intersection","01 - Daylight","03 - P.D. only","03 - Rear end"
"6582","HIGHWAY 417 btwn HWY417 IC115 RAMP51 & HWY417 IC115 RAMP35","372348.53038","5031485.98473","-75.63688","45.42005","2017","11/15/2017","5:54:00 PM","01 - Clear","01 - Dry","10 - No control","01 - Non intersection","07 - Dark","03 - P.D. only","03 - Rear end"
"6583","HIGHWAY 417 btwn HWY417 IC115 RAMP51 & HWY417 IC115 RAMP35","372328.06103","5031480.10978","-75.63714","45.42000","2017","11/19/2017","6:00:00 AM","03 - Snow","03 - Loose snow","10 - No control","01 - Non intersection","07 - Dark","03 - P.D. only","04 - Sideswipe"
"6584","HIGHWAY 417 btwn HWY417 IC115 RAMP51 & HWY417 IC115 RAMP35","372299.85660","5031479.31251","-75.63750","45.41999","2017","9/7/2017","4:25:00 PM","01 - Clear","01 - Dry","10 - No control","01 - Non intersection","01 - Daylight","03 - P.D. only","04 - Sideswipe"
"6585","HIGHWAY 417 btwn HWY417 IC115 RAMP51 & HWY417 IC115 RAMP35","372364.26375","5031483.83119","-75.63668","45.42003","2017","12/26/2017","11:10:00 AM","01 - Clear","04 - Slush","10 - No control","01 - Non intersection","01 - Daylight","03 - P.D. only","07 - SMV other"
"6586","HIGHWAY 417 btwn HWY417 IC115 RAMP51 & HWY417 IC115 RAMP35","372158.94027","5031464.90116","-75.63930","45.41988","2017","1/10/2017","9:50:00 PM","03 - Snow","03 - Loose snow","10 - No control","01 - Non intersection","07 - Dark","03 - P.D. only","07 - SMV other"
"6587","HIGHWAY 417 btwn HWY417 IC115 RAMP51 & HWY417 IC115 RAMP35","372187.91696","5031465.85946","-75.63893","45.41988","2017","2/26/2017","12:05:00 AM","01 - Clear","01 - Dry","10 - No control","01 - Non intersection","07 - Dark","03 - P.D. only","03 - Rear end"
"6588","HIGHWAY 417 btwn HWY417 IC115 RAMP51 & HWY417 IC115 RAMP35","372354.68546","5031488.20173","-75.63680","45.42007","2017","1/3/2017","9:22:00 PM","04 - Freezing Rain","04 - Slush","10 - No control","01 - Non intersection","07 - Dark","03 - P.D. only","04 - Sideswipe"
"6589","HIGHWAY 417 btwn HWY417 IC115 RAMP51 & HWY417 IC115 RAMP35","372392.00527","5031493.49241","-75.63632","45.42011","2017","3/28/2017","12:44:00 PM","01 - Clear","01 - Dry","10 - No control","01 - Non intersection","01 - Daylight","03 - P.D. only","03 - Rear end"
"6590","HIGHWAY 417 btwn HWY417 IC115 RAMP51 & HWY417 IC115 RAMP35","372151.40182","5031463.31949","-75.63940","45.41986","2017","4/19/2017","11:15:00 AM","02 - Rain","02 - Wet","10 - No control","01 - Non intersection","01 - Daylight","03 - P.D. only","04 - Sideswipe"
"6591","HIGHWAY 417 btwn HWY417 IC115 RAMP61 & REGIONAL ROAD 174","373002.86903","5031623.92448","-75.62850","45.42123","2017","10/16/2017","10:50:00 AM","01 - Clear","01 - Dry","10 - No control","01 - Non intersection","01 - Daylight","03 - P.D. only","99 - Other"
"6592","HIGHWAY 417 btwn HWY417 IC115 RAMP61 & REGIONAL ROAD 174","373141.03105","5031668.36435","-75.62673","45.42161","2017","11/26/2017","6:20:00 PM","04 - Freezing Rain","06 - Ice","10 - No control","01 - Non intersection","07 - Dark","03 - P.D. only","03 - Rear end"
"6593","HIGHWAY 417 btwn HWY417 IC115 RAMP61 & REGIONAL ROAD 174","373169.10473","5031682.81888","-75.62637","45.42174","2017","9/7/2017","7:20:00 AM","02 - Rain","02 - Wet","10 - No control","01 - Non intersection","01 - Daylight","02 - Non-fatal injury","07 - SMV other"
"6594","HIGHWAY 417 btwn HWY417 IC115 RAMP61 & REGIONAL ROAD 174","373232.77274","5031706.98125","-75.62555","45.42195","2017","2/12/2017","9:30:00 PM","03 - Snow","03 - Loose snow","10 - No control","01 - Non intersection","07 - Dark","03 - P.D. only","07 - SMV other"
"6595","HIGHWAY 417 btwn HWY417 IC115 RAMP61 & REGIONAL ROAD 174","373118.21140","5031667.73614","-75.62702","45.42161","2017","5/8/2017","8:10:00 AM","01 - Clear","01 - Dry","10 - No control","01 - Non intersection","01 - Daylight","02 - Non-fatal injury","03 - Rear end"
"6596","HIGHWAY 417 btwn HWY417 IC115 RAMP61 & REGIONAL ROAD 174","373216.28346","5031704.10418","-75.62576","45.42193","2017","7/5/2017","7:17:00 AM","01 - Clear","01 - Dry","10 - No control","01 - Non intersection","01 - Daylight","03 - P.D. only","03 - Rear end"
"6597","HIGHWAY 417 btwn HWY417 IC115 RAMP61 & REGIONAL ROAD 174","373223.71716","5031706.31476","-75.62567","45.42194","2017","2/14/2017","7:45:00 PM","03 - Snow","03 - Loose snow","10 - No control","01 - Non intersection","07 - Dark","03 - P.D. only","04 - Sideswipe"
"6598","HIGHWAY 417 btwn HWY417 IC115 RAMP61 & REGIONAL ROAD 174","373069.92395","5031643.58402","-75.62764","45.42140","2017","12/20/2017","6:11:00 PM","01 - Clear","02 - Wet","10 - No control","01 - Non intersection","07 - Dark","03 - P.D. only","03 - Rear end"
"6599","HIGHWAY 417 btwn HWY417 IC115 RAMP61 & REGIONAL ROAD 174","373226.69310","5031706.87241","-75.62563","45.42195","2017","12/18/2017","6:37:00 AM","01 - Clear","01 - Dry","10 - No control","01 - Non intersection","07 - Dark","03 - P.D. only","03 - Rear end"
"6600","HIGHWAY 417 btwn HWY417 IC115 RAMP61 & REGIONAL ROAD 174","372995.28009","5031619.39712","-75.62860","45.42119","2017","5/17/2017","9:00:00 AM","01 - Clear","01 - Dry","10 - No control","01 - Non intersection","01 - Daylight","03 - P.D. only","04 - Sideswipe"
"6601","HIGHWAY 417 btwn HWY417 IC115 RAMP61 & REGIONAL ROAD 174","373132.59509","5031660.84954","-75.62684","45.42154","2017","2/2/2017","6:50:00 AM","01 - Clear","01 - Dry","10 - No control","01 - Non intersection","03 - Dawn","03 - P.D. only","03 - Rear end"
"6602","HIGHWAY 417 btwn HWY417 IC117 RAMP25 & HWY417 IC115 RAMP51","372017.68666","5031446.10815","-75.64111","45.41972","2017","12/20/2017","6:10:00 PM","01 - Clear","01 - Dry","10 - No control","01 - Non intersection","07 - Dark","03 - P.D. only","04 - Sideswipe"
"6603","HIGHWAY 417 btwn HWY417 IC117 RAMP25 & HWY417 IC115 RAMP51","371523.44535","5031393.28390","-75.64743","45.41929","2017","9/28/2017","9:05:00 AM","01 - Clear","02 - Wet","10 - No control","01 - Non intersection","01 - Daylight","03 - P.D. only","03 - Rear end"
"6604","HIGHWAY 417 btwn HWY417 IC117 RAMP25 & HWY417 IC115 RAMP51","371532.14982","5031398.48640","-75.64732","45.41934","2017","7/15/2017","4:50:00 PM","01 - Clear","01 - Dry","10 - No control","01 - Non intersection","01 - Daylight","02 - Non-fatal injury","04 - Sideswipe"
"6605","HIGHWAY 417 btwn HWY417 IC117 RAMP25 & HWY417 IC115 RAMP51","371526.13006","5031393.00220","-75.64740","45.41929","2017","12/17/2017","1:15:00 PM","01 - Clear","01 - Dry","10 - No control","01 - Non intersection","01 - Daylight","03 - P.D. only","03 - Rear end"
"6606","HIGHWAY 417 btwn HWY417 IC117 RAMP25 & HWY417 IC115 RAMP51","371396.64270","5031382.78354","-75.64905","45.41921","2017","12/11/2017","4:45:00 PM","01 - Clear","01 - Dry","10 - No control","01 - Non intersection","05 - Dusk","03 - P.D. only","03 - Rear end"
"6607","HIGHWAY 417 btwn HWY417 IC117 RAMP25 & HWY417 IC115 RAMP51","371381.08086","5031379.40739","-75.64925","45.41918","2017","12/6/2017","3:15:00 PM","01 - Clear","01 - Dry","10 - No control","01 - Non intersection","01 - Daylight","02 - Non-fatal injury","03 - Rear end"
"6608","HIGHWAY 417 btwn HWY417 IC117 RAMP25 & HWY417 IC115 RAMP51","371759.85417","5031422.50636","-75.64441","45.41953","2017","9/13/2017","4:07:00 PM","01 - Clear","01 - Dry","10 - No control","01 - Non intersection","01 - Daylight","03 - P.D. only","03 - Rear end"
"6609","HIGHWAY 417 btwn HWY417 IC117 RAMP25 & HWY417 IC115 RAMP51","371534.12562","5031397.14679","-75.64730","45.41933","2017","7/11/2017","4:12:00 PM","01 - Clear","02 - Wet","10 - No control","01 - Non intersection","01 - Daylight","03 - P.D. only","03 - Rear end"
"6610","HIGHWAY 417 btwn HWY417 IC117 RAMP25 & HWY417 IC115 RAMP51","371516.47920","5031393.71463","-75.64752","45.41930","2017","12/29/2017","2:40:00 PM","01 - Clear","01 - Dry","10 - No control","01 - Non intersection","01 - Daylight","03 - P.D. only","03 - Rear end"
"6611","HIGHWAY 417 btwn HWY417 IC117 RAMP25 & HWY417 IC115 RAMP51","371531.39608","5031396.85189","-75.64733","45.41932","2017","12/27/2017","4:50:00 PM","01 - Clear","01 - Dry","10 - No control","01 - Non intersection","07 - Dark","03 - P.D. only","04 - Sideswipe"
"6612","HIGHWAY 417 btwn HWY417 IC117 RAMP25 & HWY417 IC115 RAMP51","371519.37788","5031394.46482","-75.64748","45.41930","2017","12/7/2017","5:45:00 PM","01 - Clear","01 - Dry","10 - No control","01 - Non intersection","07 - Dark","03 - P.D. only","03 - Rear end"
"6613","HIGHWAY 417 btwn HWY417 IC117 RAMP25 & HWY417 IC115 RAMP51","371481.34190","5031391.02145","-75.64797","45.41928","2017","12/13/2017","3:15:00 PM","01 - Clear","01 - Dry","10 - No control","01 - Non intersection","01 - Daylight","03 - P.D. only","03 - Rear end"
"6614","HIGHWAY 417 btwn HWY417 IC117 RAMP25 & HWY417 IC115 RAMP51","371830.34654","5031433.44884","-75.64351","45.41962","2017","8/23/2017","3:38:00 PM","01 - Clear","01 - Dry","10 - No control","01 - Non intersection","01 - Daylight","03 - P.D. only","04 - Sideswipe"
"6615","HIGHWAY 417 btwn HWY417 IC117 RAMP25 & HWY417 IC115 RAMP51","371555.32777","5031401.01779","-75.64702","45.41936","2017","6/30/2017","10:51:00 AM","01 - Clear","01 - Dry","10 - No control","01 - Non intersection","01 - Daylight","02 - Non-fatal injury","03 - Rear end"
"6616","HIGHWAY 417 btwn HWY417 IC117 RAMP25 & HWY417 IC115 RAMP51","371526.80521","5031397.39464","-75.64739","45.41933","2017","3/6/2017","9:26:00 PM","02 - Rain","04 - Slush","10 - No control","01 - Non intersection","07 - Dark","03 - P.D. only","04 - Sideswipe"
"6617","HIGHWAY 417 btwn HWY417 IC117 RAMP25 & HWY417 IC115 RAMP51","371537.28008","5031396.44404","-75.64726","45.41932","2017","1/3/2017","9:00:00 PM","04 - Freezing Rain","06 - Ice","10 - No control","01 - Non intersection","07 - Dark","03 - P.D. only","07 - SMV other"
"6618","HIGHWAY 417 btwn HWY417 IC117 RAMP25 & HWY417 IC115 RAMP51","371360.48821","5031379.69586","-75.64952","45.41919","2017","6/23/2017","3:45:00 PM","01 - Clear","01 - Dry","10 - No control","01 - Non intersection","01 - Daylight","03 - P.D. only","03 - Rear end"
"6619","HIGHWAY 417 btwn HWY417 IC117 RAMP25 & HWY417 IC115 RAMP51","371298.77337","5031373.54262","-75.65031","45.41914","2017","2/23/2017","12:27:00 PM","01 - Clear","01 - Dry","10 - No control","01 - Non intersection","01 - Daylight","03 - P.D. only","04 - Sideswipe"
"6620","HIGHWAY 417 btwn HWY417 IC117 RAMP26 & HWY417 IC117 RAMP61","370904.75508","5031253.05113","-75.65536","45.41809","2017","2/17/2017","10:30:00 PM","01 - Clear","01 - Dry","10 - No control","01 - Non intersection","07 - Dark","03 - P.D. only","04 - Sideswipe"
"6621","HIGHWAY 417 btwn HWY417 IC117 RAMP26 & HWY417 IC117 RAMP61","370940.62235","5031272.19043","-75.65490","45.41826","2017","7/2/2017","10:30:00 AM","01 - Clear","01 - Dry","10 - No control","01 - Non intersection","01 - Daylight","03 - P.D. only","03 - Rear end"
"6622","HIGHWAY 417 btwn HWY417 IC117 RAMP36 & HWY417 IC117 RAMP26","370676.28669","5031176.04343","-75.65829","45.41742","2017","12/17/2017","10:58:00 AM","01 - Clear","01 - Dry","10 - No control","01 - Non intersection","01 - Daylight","03 - P.D. only","04 - Sideswipe"
"6623","HIGHWAY 417 btwn HWY417 IC117 RAMP36 & HWY417 IC117 RAMP26","370684.66987","5031181.23263","-75.65818","45.41746","2017","12/28/2017","5:45:00 PM","01 - Clear","06 - Ice","10 - No control","01 - Non intersection","07 - Dark","03 - P.D. only","07 - SMV other"