"Record","Location","X","Y","Longitude","Latitude","Year","Date","Time","Environment","Road_Surface","Traffic_Control","Collision_Location","Light","Collision_Classification","Impact_type"
"6624","HIGHWAY 417 btwn HWY417 IC117 RAMP36 & HWY417 IC117 RAMP26","370459.96330","5031147.40972","-75.66105","45.41718","2017","4/12/2017","5:31:00 PM","01 - Clear","02 - Wet","10 - No control","01 - Non intersection","01 - Daylight","03 - P.D. only","04 - Sideswipe"
"6625","HIGHWAY 417 btwn HWY417 IC117 RAMP36 & HWY417 IC117 RAMP26","370491.10126","5031152.29565","-75.66065","45.41722","2017","1/30/2017","6:45:00 AM","01 - Clear","01 - Dry","10 - No control","01 - Non intersection","07 - Dark","03 - P.D. only","03 - Rear end"
"6626","HIGHWAY 417 btwn HWY417 IC117 RAMP36 & HWY417 IC117 RAMP26","370586.51001","5031165.13619","-75.65943","45.41733","2017","3/20/2017","8:35:00 AM","01 - Clear","01 - Dry","10 - No control","01 - Non intersection","01 - Daylight","03 - P.D. only","03 - Rear end"
"6627","HIGHWAY 417 btwn HWY417 IC117 RAMP36 & HWY417 IC117 RAMP26","370656.61736","5031173.66343","-75.65854","45.41740","2017","3/29/2017","7:30:00 AM","01 - Clear","01 - Dry","10 - No control","01 - Non intersection","01 - Daylight","03 - P.D. only","03 - Rear end"
"6628","HIGHWAY 417 btwn HWY417 IC117 RAMP36 & HWY417 IC117 RAMP26","370523.50578","5031156.34662","-75.66024","45.41726","2017","2/8/2017","9:15:00 AM","01 - Clear","02 - Wet","10 - No control","01 - Non intersection","01 - Daylight","03 - P.D. only","99 - Other"
"6629","HIGHWAY 417 btwn HWY417 IC117 RAMP36 & HWY417 IC117 RAMP26","370695.70542","5031181.99515","-75.65804","45.41747","2017","5/9/2017","7:20:00 PM","01 - Clear","01 - Dry","10 - No control","01 - Non intersection","01 - Daylight","03 - P.D. only","04 - Sideswipe"
"6630","HIGHWAY 417 btwn HWY417 IC117 RAMP36 & HWY417 IC117 RAMP26","370512.25494","5031159.26455","-75.66038","45.41728","2017","1/23/2017","9:30:00 AM","01 - Clear","01 - Dry","10 - No control","01 - Non intersection","01 - Daylight","03 - P.D. only","04 - Sideswipe"
"6631","HIGHWAY 417 btwn HWY417 IC117 RAMP51 & HWY417 IC117 RAMP35","370630.67450","5031160.46464","-75.65887","45.41728","2017","7/14/2017","4:29:00 PM","01 - Clear","01 - Dry","10 - No control","01 - Non intersection","01 - Daylight","02 - Non-fatal injury","03 - Rear end"
"6632","HIGHWAY 417 btwn HWY417 IC117 RAMP51 & HWY417 IC117 RAMP35","370727.55941","5031174.92558","-75.65763","45.41740","2017","12/14/2017","5:30:00 PM","01 - Clear","01 - Dry","10 - No control","01 - Non intersection","07 - Dark","03 - P.D. only","03 - Rear end"
"6633","HIGHWAY 417 btwn HWY417 IC117 RAMP51 & HWY417 IC117 RAMP35","370846.67870","5031208.85183","-75.65610","45.41770","2017","12/17/2017","1:30:00 PM","01 - Clear","01 - Dry","10 - No control","01 - Non intersection","01 - Daylight","03 - P.D. only","03 - Rear end"
"6634","HIGHWAY 417 btwn HWY417 IC117 RAMP51 & HWY417 IC117 RAMP35","370649.88398","5031165.26623","-75.65862","45.41732","2017","9/22/2017","4:20:00 PM","01 - Clear","01 - Dry","10 - No control","01 - Non intersection","01 - Daylight","03 - P.D. only","03 - Rear end"
"6635","HIGHWAY 417 btwn HWY417 IC117 RAMP51 & HWY417 IC117 RAMP35","370625.32932","5031162.52318","-75.65894","45.41730","2017","8/15/2017","3:20:00 PM","01 - Clear","01 - Dry","10 - No control","01 - Non intersection","01 - Daylight","03 - P.D. only","04 - Sideswipe"
"6636","HIGHWAY 417 btwn HWY417 IC117 RAMP51 & HWY417 IC117 RAMP35","370619.68672","5031161.67166","-75.65901","45.41729","2017","8/8/2017","3:30:00 PM","01 - Clear","01 - Dry","10 - No control","01 - Non intersection","01 - Daylight","02 - Non-fatal injury","03 - Rear end"
"6637","HIGHWAY 417 btwn HWY417 IC117 RAMP51 & HWY417 IC117 RAMP35","370612.21853","5031157.06343","-75.65911","45.41725","2017","9/28/2017","9:05:00 AM","01 - Clear","01 - Dry","10 - No control","01 - Non intersection","01 - Daylight","03 - P.D. only","07 - SMV other"
"6638","HIGHWAY 417 btwn HWY417 IC117 RAMP51 & HWY417 IC117 RAMP35","370702.74700","5031170.42295","-75.65795","45.41737","2017","7/5/2017","11:42:00 AM","01 - Clear","01 - Dry","10 - No control","01 - Non intersection","01 - Daylight","03 - P.D. only","03 - Rear end"
"6639","HIGHWAY 417 btwn HWY417 IC117 RAMP51 & HWY417 IC117 RAMP35","370488.37713","5031143.63324","-75.66069","45.41714","2017","2/5/2017","10:00:00 AM","03 - Snow","04 - Slush","10 - No control","01 - Non intersection","01 - Daylight","03 - P.D. only","03 - Rear end"
"6640","HIGHWAY 417 btwn HWY417 IC117 RAMP51 & HWY417 IC117 RAMP35","370611.52824","5031157.73481","-75.65911","45.41726","2017","2/13/2017","7:00:00 AM","03 - Snow","06 - Ice","10 - No control","01 - Non intersection","03 - Dawn","02 - Non-fatal injury","03 - Rear end"
"6641","HIGHWAY 417 btwn HWY417 IC117 RAMP51 & HWY417 IC117 RAMP35","370603.51594","5031155.39412","-75.65922","45.41724","2017","2/10/2017","2:28:00 PM","01 - Clear","01 - Dry","10 - No control","01 - Non intersection","01 - Daylight","03 - P.D. only","04 - Sideswipe"
"6642","HIGHWAY 417 btwn HWY417 IC117 RAMP51 & HWY417 IC117 RAMP35","370617.00734","5031162.85277","-75.65904","45.41731","2017","6/23/2017","3:47:00 PM","01 - Clear","01 - Dry","10 - No control","01 - Non intersection","01 - Daylight","03 - P.D. only","03 - Rear end"
"6643","HIGHWAY 417 btwn HWY417 IC117 RAMP51 & HWY417 IC117 RAMP35","370589.94285","5031150.34295","-75.65939","45.41720","2017","1/3/2017","9:35:00 AM","03 - Snow","04 - Slush","10 - No control","01 - Non intersection","01 - Daylight","03 - P.D. only","03 - Rear end"
"6644","HIGHWAY 417 btwn HWY417 IC117 RAMP51 & HWY417 IC117 RAMP35","370536.06959","5031148.83057","-75.66008","45.41719","2017","6/27/2017","4:15:00 PM","01 - Clear","01 - Dry","10 - No control","01 - Non intersection","01 - Daylight","03 - P.D. only","03 - Rear end"
"6645","HIGHWAY 417 btwn HWY417 IC117 RAMP51 & HWY417 IC117 RAMP35","370655.79396","5031166.62500","-75.65855","45.41734","2017","4/1/2017","9:15:00 AM","03 - Snow","02 - Wet","10 - No control","01 - Non intersection","01 - Daylight","03 - P.D. only","07 - SMV other"
"6646","HIGHWAY 417 btwn HWY417 IC117 RAMP51 & HWY417 IC117 RAMP35","370517.21305","5031148.35586","-75.66032","45.41718","2017","1/12/2017","5:25:00 PM","02 - Rain","02 - Wet","10 - No control","01 - Non intersection","05 - Dusk","03 - P.D. only","03 - Rear end"
"6647","HIGHWAY 417 btwn HWY417 IC117 RAMP51 & HWY417 IC117 RAMP35","370709.14675","5031170.77720","-75.65787","45.41737","2017","7/5/2017","5:47:00 PM","01 - Clear","01 - Dry","10 - No control","01 - Non intersection","01 - Daylight","02 - Non-fatal injury","03 - Rear end"
"6648","HIGHWAY 417 btwn HWY417 IC117 RAMP51 & HWY417 IC117 RAMP35","370514.92803","5031144.87771","-75.66035","45.41715","2017","1/3/2017","10:10:00 PM","04 - Freezing Rain","04 - Slush","10 - No control","01 - Non intersection","07 - Dark","03 - P.D. only","04 - Sideswipe"
"6649","HIGHWAY 417 btwn HWY417 IC117 RAMP51 & HWY417 IC117 RAMP35","370663.42666","5031164.85052","-75.65845","45.41732","2017","7/5/2017","5:00:00 PM","01 - Clear","01 - Dry","10 - No control","01 - Non intersection","01 - Daylight","03 - P.D. only","03 - Rear end"
"6650","HIGHWAY 417 btwn HWY417 IC117 RAMP61 & HWY417 IC115 RAMP36","371860.37092","5031453.75689","-75.64312","45.41980","2017","9/15/2017","11:41:00 AM","01 - Clear","01 - Dry","10 - No control","01 - Non intersection","01 - Daylight","02 - Non-fatal injury","03 - Rear end"
"6651","HIGHWAY 417 btwn HWY417 IC117 RAMP61 & HWY417 IC115 RAMP36","371561.11979","5031420.44290","-75.64695","45.41953","2017","12/27/2017","10:25:00 PM","01 - Clear","06 - Ice","10 - No control","01 - Non intersection","07 - Dark","02 - Non-fatal injury","07 - SMV other"
"6652","HIGHWAY 417 btwn HWY417 IC117 RAMP61 & HWY417 IC115 RAMP36","371562.87449","5031422.52512","-75.64692","45.41955","2017","10/20/2017","6:45:00 AM","01 - Clear","01 - Dry","10 - No control","01 - Non intersection","03 - Dawn","03 - P.D. only","04 - Sideswipe"
"6653","HIGHWAY 417 btwn HWY417 IC117 RAMP61 & HWY417 IC115 RAMP36","371344.71027","5031396.88064","-75.64972","45.41934","2017","11/29/2017","3:45:00 PM","01 - Clear","01 - Dry","10 - No control","01 - Non intersection","01 - Daylight","03 - P.D. only","04 - Sideswipe"
"6654","HIGHWAY 417 btwn HWY417 IC117 RAMP61 & HWY417 IC115 RAMP36","371519.84566","5031422.40144","-75.64747","45.41956","2017","12/20/2017","6:15:00 PM","01 - Clear","06 - Ice","10 - No control","01 - Non intersection","07 - Dark","03 - P.D. only","03 - Rear end"
"6655","HIGHWAY 417 btwn HWY417 IC117 RAMP61 & HWY417 IC115 RAMP36","371724.43245","5031441.81347","-75.64486","45.41971","2017","9/28/2017","7:23:00 AM","01 - Clear","01 - Dry","10 - No control","01 - Non intersection","01 - Daylight","03 - P.D. only","03 - Rear end"
"6656","HIGHWAY 417 btwn HWY417 IC117 RAMP61 & HWY417 IC115 RAMP36","371828.39788","5031449.91194","-75.64353","45.41977","2017","9/29/2017","6:58:00 AM","01 - Clear","01 - Dry","10 - No control","01 - Non intersection","01 - Daylight","03 - P.D. only","03 - Rear end"
"6657","HIGHWAY 417 btwn HWY417 IC117 RAMP61 & HWY417 IC115 RAMP36","371357.08336","5031401.17734","-75.64956","45.41938","2017","2/1/2017","3:35:00 PM","01 - Clear","01 - Dry","10 - No control","01 - Non intersection","01 - Daylight","03 - P.D. only","03 - Rear end"
"6658","HIGHWAY 417 btwn HWY417 IC117 RAMP61 & HWY417 IC115 RAMP36","371566.95197","5031421.67671","-75.64687","45.41954","2017","3/20/2017","9:00:00 AM","01 - Clear","01 - Dry","10 - No control","01 - Non intersection","01 - Daylight","03 - P.D. only","04 - Sideswipe"
"6659","HIGHWAY 417 btwn HWY417 IC117 RAMP61 & HWY417 IC115 RAMP36","371876.34313","5031457.13405","-75.64292","45.41983","2017","4/15/2017","1:06:00 PM","01 - Clear","01 - Dry","10 - No control","01 - Non intersection","01 - Daylight","03 - P.D. only","03 - Rear end"
"6660","HIGHWAY 417 btwn HWY417 IC117 RAMP61 & HWY417 IC115 RAMP36","371773.83398","5031448.09142","-75.64423","45.41976","2017","5/17/2017","4:57:00 PM","01 - Clear","01 - Dry","10 - No control","01 - Non intersection","01 - Daylight","02 - Non-fatal injury","03 - Rear end"
"6661","HIGHWAY 417 btwn HWY417 IC117 RAMP61 & HWY417 IC115 RAMP36","371246.03935","5031385.63258","-75.65098","45.41925","2017","6/9/2017","1:50:00 PM","01 - Clear","01 - Dry","10 - No control","01 - Non intersection","01 - Daylight","03 - P.D. only","03 - Rear end"
"6662","HIGHWAY 417 btwn HWY417 IC117 RAMP61 & HWY417 IC115 RAMP36","371631.56796","5031427.02190","-75.64605","45.41959","2017","2/1/2017","8:30:00 AM","01 - Clear","02 - Wet","10 - No control","01 - Non intersection","01 - Daylight","03 - P.D. only","04 - Sideswipe"
"6663","HIGHWAY 417 btwn HWY417 IC117 RAMP61 & HWY417 IC115 RAMP36","371585.16623","5031428.19128","-75.64664","45.41960","2017","1/3/2017","10:50:00 AM","03 - Snow","04 - Slush","10 - No control","01 - Non intersection","01 - Daylight","03 - P.D. only","07 - SMV other"
"6664","HIGHWAY 417 btwn HWY417 IC117 RAMP61 & HWY417 IC115 RAMP36","371501.72288","5031416.44288","-75.64771","45.41950","2017","2/7/2017","11:20:00 PM","04 - Freezing Rain","03 - Loose snow","10 - No control","01 - Non intersection","07 - Dark","03 - P.D. only","03 - Rear end"
"6665","HIGHWAY 417 btwn HWY417 IC117 RAMP61 & HWY417 IC115 RAMP36","371972.16975","5031467.75641","-75.64169","45.41992","2017","2/8/2017","6:10:00 AM","01 - Clear","04 - Slush","10 - No control","01 - Non intersection","07 - Dark","03 - P.D. only","07 - SMV other"
"6666","HIGHWAY 417 btwn HWY417 IC117 RAMP61 & HWY417 IC115 RAMP36","371471.06754","5031410.62276","-75.64810","45.41945","2017","5/30/2017","7:00:00 PM","01 - Clear","02 - Wet","10 - No control","01 - Non intersection","01 - Daylight","03 - P.D. only","04 - Sideswipe"
"6667","HIGHWAY 417 btwn HWY417 IC117 RAMP61 & HWY417 IC115 RAMP36","371497.48954","5031414.32621","-75.64776","45.41948","2017","2/8/2017","12:40:00 AM","04 - Freezing Rain","05 - Packed snow","10 - No control","01 - Non intersection","07 - Dark","03 - P.D. only","04 - Sideswipe"
"6668","HIGHWAY 417 btwn HWY417 IC117 RAMP61 & HWY417 IC115 RAMP36","371559.11054","5031423.86252","-75.64697","45.41956","2017","1/18/2017","1:30:00 AM","03 - Snow","04 - Slush","10 - No control","01 - Non intersection","07 - Dark","03 - P.D. only","07 - SMV other"
"6669","HIGHWAY 417 btwn HWY417 IC117 RAMP61 & HWY417 IC115 RAMP36","371784.66068","5031445.16071","-75.64409","45.41973","2017","6/6/2017","7:00:00 AM","01 - Clear","01 - Dry","10 - No control","01 - Non intersection","01 - Daylight","02 - Non-fatal injury","03 - Rear end"
"6670","HIGHWAY 417 btwn HWY417 IC117 RAMP61 & HWY417 IC115 RAMP36","371564.22191","5031423.51733","-75.64691","45.41956","2017","5/1/2017","6:30:00 AM","02 - Rain","02 - Wet","10 - No control","01 - Non intersection","01 - Daylight","03 - P.D. only","07 - SMV other"
"6671","HIGHWAY 417 btwn HWY417 IC118 RAMP35 & HWY417 IC117 RAMP51","369794.37686","5031135.96544","-75.66956","45.41714","2017","11/9/2017","5:26:00 PM","01 - Clear","01 - Dry","10 - No control","01 - Non intersection","07 - Dark","03 - P.D. only","03 - Rear end"
"6672","HIGHWAY 417 btwn HWY417 IC118 RAMP35 & HWY417 IC117 RAMP51","370192.05337","5031101.87246","-75.66448","45.41680","2017","11/16/2017","5:30:00 PM","01 - Clear","01 - Dry","10 - No control","01 - Non intersection","07 - Dark","03 - P.D. only","03 - Rear end"
"6673","HIGHWAY 417 btwn HWY417 IC118 RAMP35 & HWY417 IC117 RAMP51","370200.23951","5031101.12043","-75.66438","45.41679","2017","8/3/2017","4:15:00 PM","01 - Clear","01 - Dry","10 - No control","01 - Non intersection","01 - Daylight","03 - P.D. only","03 - Rear end"
"6674","HIGHWAY 417 btwn HWY417 IC118 RAMP35 & HWY417 IC117 RAMP51","369813.80784","5031134.53078","-75.66931","45.41713","2017","11/26/2017","9:00:00 PM","04 - Freezing Rain","06 - Ice","10 - No control","01 - Non intersection","07 - Dark","03 - P.D. only","03 - Rear end"
"6675","HIGHWAY 417 btwn HWY417 IC118 RAMP35 & HWY417 IC117 RAMP51","370164.54587","5031097.71175","-75.66483","45.41676","2017","11/2/2017","8:15:00 AM","02 - Rain","02 - Wet","10 - No control","01 - Non intersection","01 - Daylight","03 - P.D. only","99 - Other"
"6676","HIGHWAY 417 btwn HWY417 IC118 RAMP35 & HWY417 IC117 RAMP51","370120.07382","5031098.78595","-75.66540","45.41678","2017","10/23/2017","7:40:00 AM","01 - Clear","01 - Dry","10 - No control","01 - Non intersection","01 - Daylight","03 - P.D. only","99 - Other"
"6677","HIGHWAY 417 btwn HWY417 IC118 RAMP35 & HWY417 IC117 RAMP51","369812.21147","5031136.33840","-75.66933","45.41714","2017","9/22/2017","6:06:00 PM","01 - Clear","01 - Dry","10 - No control","01 - Non intersection","01 - Daylight","03 - P.D. only","04 - Sideswipe"
"6678","HIGHWAY 417 btwn HWY417 IC118 RAMP35 & HWY417 IC117 RAMP51","370148.05974","5031097.12084","-75.66504","45.41676","2017","10/24/2017","8:00:00 AM","02 - Rain","02 - Wet","10 - No control","01 - Non intersection","01 - Daylight","03 - P.D. only","03 - Rear end"
"6679","HIGHWAY 417 btwn HWY417 IC118 RAMP35 & HWY417 IC117 RAMP51","370170.87496","5031099.78376","-75.66475","45.41678","2017","12/14/2017","5:40:00 PM","03 - Snow","03 - Loose snow","10 - No control","01 - Non intersection","07 - Dark","03 - P.D. only","03 - Rear end"
"6680","HIGHWAY 417 btwn HWY417 IC118 RAMP35 & HWY417 IC117 RAMP51","370145.43409","5031096.50701","-75.66508","45.41675","2017","11/4/2017","8:30:00 AM","01 - Clear","01 - Dry","10 - No control","01 - Non intersection","01 - Daylight","03 - P.D. only","03 - Rear end"
"6681","HIGHWAY 417 btwn HWY417 IC118 RAMP35 & HWY417 IC117 RAMP51","370157.41580","5031102.35172","-75.66492","45.41680","2017","9/29/2017","9:20:00 AM","01 - Clear","01 - Dry","10 - No control","01 - Non intersection","01 - Daylight","03 - P.D. only","04 - Sideswipe"
"6682","HIGHWAY 417 btwn HWY417 IC118 RAMP35 & HWY417 IC117 RAMP51","370185.02590","5031099.21451","-75.66457","45.41677","2017","9/14/2017","5:55:00 PM","01 - Clear","01 - Dry","10 - No control","01 - Non intersection","01 - Daylight","03 - P.D. only","04 - Sideswipe"
"6683","HIGHWAY 417 btwn HWY417 IC118 RAMP35 & HWY417 IC117 RAMP51","369877.75204","5031129.36091","-75.66849","45.41707","2017","10/20/2017","4:20:00 PM","01 - Clear","01 - Dry","10 - No control","01 - Non intersection","01 - Daylight","03 - P.D. only","03 - Rear end"
"6684","HIGHWAY 417 btwn HWY417 IC118 RAMP35 & HWY417 IC117 RAMP51","370116.28577","5031101.52175","-75.66545","45.41680","2017","11/2/2017","3:00:00 PM","02 - Rain","02 - Wet","10 - No control","01 - Non intersection","01 - Daylight","03 - P.D. only","03 - Rear end"
"6685","HIGHWAY 417 btwn HWY417 IC118 RAMP35 & HWY417 IC117 RAMP51","370181.29569","5031099.66123","-75.66462","45.41678","2017","8/17/2017","5:30:00 PM","01 - Clear","01 - Dry","10 - No control","01 - Non intersection","01 - Daylight","03 - P.D. only","03 - Rear end"
"6686","HIGHWAY 417 btwn HWY417 IC118 RAMP35 & HWY417 IC117 RAMP51","370128.76646","5031096.09919","-75.66529","45.41675","2017","10/19/2017","5:05:00 PM","01 - Clear","01 - Dry","10 - No control","01 - Non intersection","01 - Daylight","03 - P.D. only","03 - Rear end"
"6687","HIGHWAY 417 btwn HWY417 IC118 RAMP35 & HWY417 IC117 RAMP51","370146.41745","5031097.11564","-75.66507","45.41676","2017","5/19/2017","3:41:00 PM","01 - Clear","01 - Dry","10 - No control","01 - Non intersection","01 - Daylight","03 - P.D. only","03 - Rear end"
"6688","HIGHWAY 417 btwn HWY417 IC118 RAMP35 & HWY417 IC117 RAMP51","370246.90699","5031105.59413","-75.66378","45.41682","2017","2/21/2017","12:12:00 PM","01 - Clear","01 - Dry","10 - No control","01 - Non intersection","01 - Daylight","02 - Non-fatal injury","03 - Rear end"
"6689","HIGHWAY 417 btwn HWY417 IC118 RAMP35 & HWY417 IC117 RAMP51","369848.47792","5031133.55969","-75.66887","45.41711","2017","4/6/2017","4:08:00 PM","02 - Rain","02 - Wet","10 - No control","01 - Non intersection","01 - Daylight","03 - P.D. only","03 - Rear end"
"6690","HIGHWAY 417 btwn HWY417 IC118 RAMP35 & HWY417 IC117 RAMP51","369810.17981","5031135.70532","-75.66936","45.41714","2017","3/14/2017","5:10:00 PM","03 - Snow","03 - Loose snow","10 - No control","01 - Non intersection","01 - Daylight","03 - P.D. only","04 - Sideswipe"
"6691","HIGHWAY 417 btwn HWY417 IC118 RAMP35 & HWY417 IC117 RAMP51","370417.05627","5031132.59715","-75.66160","45.41705","2017","5/27/2017","3:39:00 PM","01 - Clear","01 - Dry","10 - No control","01 - Non intersection","01 - Daylight","02 - Non-fatal injury","03 - Rear end"
"6692","HIGHWAY 417 btwn HWY417 IC118 RAMP35 & HWY417 IC117 RAMP51","370172.53606","5031097.56021","-75.66473","45.41676","2017","2/13/2017","7:58:00 AM","03 - Snow","06 - Ice","10 - No control","01 - Non intersection","01 - Daylight","03 - P.D. only","03 - Rear end"
"6693","HIGHWAY 417 btwn HWY417 IC118 RAMP35 & HWY417 IC117 RAMP51","370114.22724","5031094.86592","-75.66548","45.41674","2017","3/16/2017","3:17:00 PM","01 - Clear","01 - Dry","10 - No control","01 - Non intersection","01 - Daylight","03 - P.D. only","03 - Rear end"
"6694","HIGHWAY 417 btwn HWY417 IC118 RAMP35 & HWY417 IC117 RAMP51","370117.96535","5031095.38653","-75.66543","45.41674","2017","4/16/2017","4:40:00 AM","02 - Rain","02 - Wet","10 - No control","01 - Non intersection","07 - Dark","03 - P.D. only","07 - SMV other"
"6695","HIGHWAY 417 btwn HWY417 IC118 RAMP35 & HWY417 IC117 RAMP51","369843.38955","5031134.14115","-75.66893","45.41712","2017","7/4/2017","3:20:00 PM","01 - Clear","01 - Dry","10 - No control","01 - Non intersection","01 - Daylight","03 - P.D. only","03 - Rear end"
"6696","HIGHWAY 417 btwn HWY417 IC118 RAMP57 & HWY417 IC118 RAMP35","369333.61019","5030956.55741","-75.67547","45.41557","2017","10/3/2017","3:40:00 PM","01 - Clear","01 - Dry","10 - No control","01 - Non intersection","01 - Daylight","03 - P.D. only","03 - Rear end"
"6697","HIGHWAY 417 btwn HWY417 IC118 RAMP57 & HWY417 IC118 RAMP35","369403.01842","5031003.47144","-75.67457","45.41598","2017","9/25/2017","4:32:00 PM","01 - Clear","01 - Dry","10 - No control","01 - Non intersection","01 - Daylight","02 - Non-fatal injury","03 - Rear end"
"6698","HIGHWAY 417 btwn HWY417 IC118 RAMP57 & HWY417 IC118 RAMP35","369458.02400","5031037.04720","-75.67387","45.41628","2017","7/17/2017","3:30:00 PM","01 - Clear","01 - Dry","10 - No control","01 - Non intersection","01 - Daylight","03 - P.D. only","03 - Rear end"
"6699","HIGHWAY 417 btwn HWY417 IC118 RAMP57 & HWY417 IC118 RAMP35","369349.96538","5030966.31043","-75.67526","45.41565","2017","7/12/2017","3:35:00 PM","01 - Clear","01 - Dry","10 - No control","01 - Non intersection","01 - Daylight","03 - P.D. only","03 - Rear end"
"6700","HIGHWAY 417 btwn HWY417 IC118 RAMP57 & HWY417 IC118 RAMP35","369338.78836","5030956.89697","-75.67540","45.41557","2017","9/11/2017","3:35:00 PM","01 - Clear","01 - Dry","10 - No control","01 - Non intersection","01 - Daylight","03 - P.D. only","03 - Rear end"
"6701","HIGHWAY 417 btwn HWY417 IC118 RAMP57 & HWY417 IC118 RAMP35","369270.15314","5030914.31635","-75.67628","45.41519","2017","5/30/2017","2:14:00 PM","01 - Clear","01 - Dry","10 - No control","01 - Non intersection","01 - Daylight","03 - P.D. only","03 - Rear end"
"6702","HIGHWAY 417 btwn HWY417 IC118 RAMP57 & HWY417 IC118 RAMP35","369598.85958","5031103.36965","-75.67206","45.41687","2017","2/23/2017","3:34:00 PM","01 - Clear","01 - Dry","10 - No control","01 - Non intersection","01 - Daylight","03 - P.D. only","04 - Sideswipe"
"6703","HIGHWAY 417 btwn HWY417 IC118 RAMP57 & HWY417 IC118 RAMP35","369409.33039","5031004.20903","-75.67449","45.41599","2017","6/29/2017","8:45:00 AM","01 - Clear","01 - Dry","10 - No control","01 - Non intersection","01 - Daylight","03 - P.D. only","04 - Sideswipe"
"6704","HIGHWAY 417 btwn HWY417 IC118 RAMP67 & HWY417 IC117 RAMP36","369847.32499","5031154.81436","-75.66888","45.41730","2017","11/21/2017","5:55:00 PM","01 - Clear","01 - Dry","10 - No control","01 - Non intersection","07 - Dark","03 - P.D. only","04 - Sideswipe"
"6705","HIGHWAY 417 btwn HWY417 IC118 RAMP67 & HWY417 IC117 RAMP36","369770.62883","5031159.93424","-75.66986","45.41736","2017","12/20/2017","5:03:00 PM","01 - Clear","01 - Dry","10 - No control","01 - Non intersection","07 - Dark","03 - P.D. only","04 - Sideswipe"
"6706","HIGHWAY 417 btwn HWY417 IC118 RAMP67 & HWY417 IC117 RAMP36","370149.79579","5031109.97173","-75.66502","45.41687","2017","9/29/2017","4:45:00 PM","01 - Clear","01 - Dry","10 - No control","01 - Non intersection","01 - Daylight","03 - P.D. only","03 - Rear end"
"6707","HIGHWAY 417 btwn HWY417 IC118 RAMP67 & HWY417 IC117 RAMP36","370181.63894","5031114.22933","-75.66461","45.41691","2017","12/14/2017","9:17:00 AM","01 - Clear","01 - Dry","10 - No control","01 - Non intersection","01 - Daylight","03 - P.D. only","03 - Rear end"
"6708","HIGHWAY 417 btwn HWY417 IC118 RAMP67 & HWY417 IC117 RAMP36","370175.81390","5031116.63501","-75.66469","45.41693","2017","9/29/2017","8:35:00 AM","01 - Clear","01 - Dry","10 - No control","01 - Non intersection","01 - Daylight","03 - P.D. only","03 - Rear end"
"6709","HIGHWAY 417 btwn HWY417 IC118 RAMP67 & HWY417 IC117 RAMP36","370214.84454","5031118.26546","-75.66419","45.41694","2017","8/3/2017","4:45:00 PM","01 - Clear","01 - Dry","10 - No control","01 - Non intersection","01 - Daylight","03 - P.D. only","03 - Rear end"
"6710","HIGHWAY 417 btwn HWY417 IC118 RAMP67 & HWY417 IC117 RAMP36","369844.17962","5031153.07403","-75.66892","45.41729","2017","12/18/2017","8:15:00 PM","03 - Snow","03 - Loose snow","10 - No control","01 - Non intersection","07 - Dark","03 - P.D. only","04 - Sideswipe"
"6711","HIGHWAY 417 btwn HWY417 IC118 RAMP67 & HWY417 IC117 RAMP36","369775.01945","5031158.96984","-75.66980","45.41735","2017","9/20/2017","12:30:00 PM","01 - Clear","01 - Dry","10 - No control","01 - Non intersection","01 - Daylight","03 - P.D. only","04 - Sideswipe"
"6712","HIGHWAY 417 btwn HWY417 IC118 RAMP67 & HWY417 IC117 RAMP36","369844.14998","5031152.69769","-75.66892","45.41729","2017","11/21/2017","9:14:00 PM","02 - Rain","02 - Wet","10 - No control","01 - Non intersection","07 - Dark","03 - P.D. only","04 - Sideswipe"
"6713","HIGHWAY 417 btwn HWY417 IC118 RAMP67 & HWY417 IC117 RAMP36","370166.60356","5031112.40308","-75.66481","45.41689","2017","9/20/2017","8:30:00 AM","01 - Clear","01 - Dry","10 - No control","01 - Non intersection","01 - Daylight","02 - Non-fatal injury","04 - Sideswipe"
"6714","HIGHWAY 417 btwn HWY417 IC118 RAMP67 & HWY417 IC117 RAMP36","370173.64604","5031110.35269","-75.66472","45.41687","2017","9/16/2017","10:02:00 PM","01 - Clear","01 - Dry","10 - No control","01 - Non intersection","07 - Dark","03 - P.D. only","04 - Sideswipe"
"6715","HIGHWAY 417 btwn HWY417 IC118 RAMP67 & HWY417 IC117 RAMP36","369844.92302","5031155.01236","-75.66891","45.41731","2017","12/27/2017","10:52:00 PM","01 - Clear","06 - Ice","10 - No control","01 - Non intersection","07 - Dark","03 - P.D. only","03 - Rear end"
"6716","HIGHWAY 417 btwn HWY417 IC118 RAMP67 & HWY417 IC117 RAMP36","370118.75646","5031109.26870","-75.66542","45.41687","2017","9/14/2017","8:30:00 AM","01 - Clear","01 - Dry","10 - No control","01 - Non intersection","01 - Daylight","02 - Non-fatal injury","03 - Rear end"
"6717","HIGHWAY 417 btwn HWY417 IC118 RAMP67 & HWY417 IC117 RAMP36","369844.34094","5031156.75333","-75.66892","45.41732","2017","12/29/2017","10:36:00 PM","01 - Clear","06 - Ice","10 - No control","01 - Non intersection","07 - Dark","03 - P.D. only","07 - SMV other"
"6718","HIGHWAY 417 btwn HWY417 IC118 RAMP67 & HWY417 IC117 RAMP36","370177.34281","5031113.70700","-75.66467","45.41690","2017","9/11/2017","8:25:00 AM","01 - Clear","01 - Dry","10 - No control","01 - Non intersection","01 - Daylight","02 - Non-fatal injury","03 - Rear end"
"6719","HIGHWAY 417 btwn HWY417 IC118 RAMP67 & HWY417 IC117 RAMP36","370133.36266","5031116.75919","-75.66523","45.41694","2017","9/22/2017","8:50:00 AM","01 - Clear","01 - Dry","10 - No control","01 - Non intersection","01 - Daylight","03 - P.D. only","03 - Rear end"
"6720","HIGHWAY 417 btwn HWY417 IC118 RAMP67 & HWY417 IC117 RAMP36","369835.64880","5031154.94787","-75.66903","45.41731","2017","8/23/2017","10:45:00 AM","01 - Clear","01 - Dry","10 - No control","01 - Non intersection","01 - Daylight","03 - P.D. only","04 - Sideswipe"
"6721","HIGHWAY 417 btwn HWY417 IC118 RAMP67 & HWY417 IC117 RAMP36","369852.44156","5031153.80015","-75.66881","45.41730","2017","11/10/2017","1:15:00 PM","01 - Clear","01 - Dry","10 - No control","01 - Non intersection","01 - Daylight","03 - P.D. only","07 - SMV other"