"Record","Location","X","Y","Longitude","Latitude","Year","Date","Time","Environment","Road_Surface","Traffic_Control","Collision_Location","Light","Collision_Classification","Impact_type"
"6722","HIGHWAY 417 btwn HWY417 IC118 RAMP67 & HWY417 IC117 RAMP36","370097.50395","5031114.37919","-75.66569","45.41692","2017","2/2/2017","7:45:00 AM","01 - Clear","02 - Wet","10 - No control","01 - Non intersection","01 - Daylight","03 - P.D. only","03 - Rear end"
"6723","HIGHWAY 417 btwn HWY417 IC118 RAMP67 & HWY417 IC117 RAMP36","370139.12490","5031109.30878","-75.66516","45.41687","2017","12/14/2017","5:33:00 PM","01 - Clear","02 - Wet","10 - No control","01 - Non intersection","07 - Dark","03 - P.D. only","03 - Rear end"
"6724","HIGHWAY 417 btwn HWY417 IC118 RAMP67 & HWY417 IC117 RAMP36","370188.87134","5031114.99081","-75.66452","45.41691","2017","12/12/2017","3:39:00 PM","03 - Snow","04 - Slush","10 - No control","01 - Non intersection","01 - Daylight","03 - P.D. only","07 - SMV other"
"6725","HIGHWAY 417 btwn HWY417 IC118 RAMP67 & HWY417 IC117 RAMP36","370246.45336","5031119.80590","-75.66378","45.41695","2017","10/19/2017","8:30:00 AM","01 - Clear","01 - Dry","10 - No control","01 - Non intersection","01 - Daylight","03 - P.D. only","04 - Sideswipe"
"6726","HIGHWAY 417 btwn HWY417 IC118 RAMP67 & HWY417 IC117 RAMP36","370156.00350","5031115.80693","-75.66494","45.41693","2017","8/12/2017","6:00:00 AM","01 - Clear","02 - Wet","10 - No control","01 - Non intersection","03 - Dawn","02 - Non-fatal injury","07 - SMV other"
"6727","HIGHWAY 417 btwn HWY417 IC118 RAMP67 & HWY417 IC117 RAMP36","370176.02359","5031117.18409","-75.66468","45.41694","2017","8/15/2017","9:30:00 AM","01 - Clear","01 - Dry","10 - No control","01 - Non intersection","01 - Daylight","02 - Non-fatal injury","03 - Rear end"
"6728","HIGHWAY 417 btwn HWY417 IC118 RAMP67 & HWY417 IC117 RAMP36","369767.02658","5031158.06437","-75.66990","45.41734","2017","12/15/2017","8:45:00 PM","03 - Snow","03 - Loose snow","10 - No control","01 - Non intersection","07 - Dark","02 - Non-fatal injury","07 - SMV other"
"6729","HIGHWAY 417 btwn HWY417 IC118 RAMP67 & HWY417 IC117 RAMP36","370170.86081","5031109.50204","-75.66475","45.41687","2017","11/6/2017","9:00:00 AM","02 - Rain","02 - Wet","10 - No control","01 - Non intersection","01 - Daylight","03 - P.D. only","03 - Rear end"
"6730","HIGHWAY 417 btwn HWY417 IC118 RAMP67 & HWY417 IC117 RAMP36","369805.03086","5031156.06966","-75.66942","45.41732","2017","10/11/2017","10:10:00 PM","01 - Clear","01 - Dry","10 - No control","01 - Non intersection","07 - Dark","03 - P.D. only","04 - Sideswipe"
"6731","HIGHWAY 417 btwn HWY417 IC118 RAMP67 & HWY417 IC117 RAMP36","369820.97866","5031154.24120","-75.66922","45.41730","2017","7/6/2017","11:45:00 AM","01 - Clear","01 - Dry","10 - No control","01 - Non intersection","01 - Daylight","03 - P.D. only","04 - Sideswipe"
"6732","HIGHWAY 417 btwn HWY417 IC118 RAMP67 & HWY417 IC117 RAMP36","369842.84622","5031154.21663","-75.66894","45.41730","2017","1/6/2017","10:12:00 PM","01 - Clear","01 - Dry","10 - No control","01 - Non intersection","07 - Dark","02 - Non-fatal injury","07 - SMV other"
"6733","HIGHWAY 417 btwn HWY417 IC118 RAMP67 & HWY417 IC117 RAMP36","370385.70675","5031143.76496","-75.66200","45.41716","2017","4/1/2017","11:30:00 AM","02 - Rain","02 - Wet","10 - No control","01 - Non intersection","01 - Daylight","03 - P.D. only","03 - Rear end"
"6734","HIGHWAY 417 btwn HWY417 IC118 RAMP67 & HWY417 IC117 RAMP36","369819.27922","5031155.61499","-75.66924","45.41731","2017","4/28/2017","9:03:00 AM","01 - Clear","01 - Dry","10 - No control","01 - Non intersection","01 - Daylight","03 - P.D. only","03 - Rear end"
"6735","HIGHWAY 417 btwn HWY417 IC118 RAMP67 & HWY417 IC117 RAMP36","369967.80787","5031136.14346","-75.66734","45.41713","2017","5/30/2017","5:00:00 AM","01 - Clear","01 - Dry","10 - No control","01 - Non intersection","03 - Dawn","02 - Non-fatal injury","07 - SMV other"
"6736","HIGHWAY 417 btwn HWY417 IC118 RAMP67 & HWY417 IC117 RAMP36","369875.61186","5031149.00135","-75.66852","45.41725","2017","5/27/2017","7:50:00 AM","01 - Clear","01 - Dry","10 - No control","01 - Non intersection","01 - Daylight","03 - P.D. only","04 - Sideswipe"
"6737","HIGHWAY 417 btwn HWY417 IC118 RAMP67 & HWY417 IC117 RAMP36","370020.54922","5031122.53548","-75.66667","45.41700","2017","4/19/2017","11:30:00 PM","01 - Clear","02 - Wet","10 - No control","01 - Non intersection","07 - Dark","03 - P.D. only","04 - Sideswipe"
"6738","HIGHWAY 417 btwn HWY417 IC118 RAMP67 & HWY417 IC117 RAMP36","370093.04283","5031117.71105","-75.66574","45.41695","2017","5/5/2017","5:50:00 PM","02 - Rain","02 - Wet","10 - No control","01 - Non intersection","01 - Daylight","03 - P.D. only","04 - Sideswipe"
"6739","HIGHWAY 417 btwn HWY417 IC118 RAMP67 & HWY417 IC117 RAMP36","369841.44879","5031151.75302","-75.66895","45.41728","2017","5/26/2017","3:05:00 PM","02 - Rain","02 - Wet","10 - No control","01 - Non intersection","01 - Daylight","02 - Non-fatal injury","03 - Rear end"
"6740","HIGHWAY 417 btwn HWY417 IC118 RAMP67 & HWY417 IC117 RAMP36","370171.17087","5031111.98189","-75.66475","45.41689","2017","2/1/2017","6:10:00 AM","03 - Snow","04 - Slush","10 - No control","01 - Non intersection","07 - Dark","03 - P.D. only","04 - Sideswipe"
"6741","HIGHWAY 417 btwn HWY417 IC118 RAMP76 & HWY417 IC118 RAMP67","369525.14268","5031091.91520","-75.67300","45.41677","2017","7/27/2017","11:45:00 PM","01 - Clear","01 - Dry","10 - No control","01 - Non intersection","07 - Dark","03 - P.D. only","04 - Sideswipe"
"6742","HIGHWAY 417 btwn HWY417 IC118 RAMP76 & HWY417 IC118 RAMP67","369429.88372","5031041.11585","-75.67423","45.41632","2017","1/6/2017","10:50:00 PM","01 - Clear","01 - Dry","10 - No control","01 - Non intersection","07 - Dark","03 - P.D. only","03 - Rear end"
"6743","HIGHWAY 417 btwn HWY417 IC119A RAMP67 & HWY417 IC118 RAMP76","369181.29872","5030874.45751","-75.67742","45.41484","2017","12/27/2017","8:00:00 AM","01 - Clear","06 - Ice","10 - No control","01 - Non intersection","01 - Daylight","03 - P.D. only","99 - Other"
"6744","HIGHWAY 417 btwn HWY417 IC119A RAMP67 & HWY417 IC118 RAMP76","368884.92509","5030682.79927","-75.68124","45.41315","2017","10/30/2017","5:40:00 AM","02 - Rain","02 - Wet","10 - No control","01 - Non intersection","07 - Dark","03 - P.D. only","04 - Sideswipe"
"6745","HIGHWAY 417 btwn HWY417 IC119A RAMP67 & HWY417 IC118 RAMP76","368948.63740","5030714.66515","-75.68042","45.41343","2017","9/7/2017","5:30:00 PM","02 - Rain","02 - Wet","10 - No control","01 - Non intersection","01 - Daylight","03 - P.D. only","03 - Rear end"
"6746","HIGHWAY 417 btwn HWY417 IC119A RAMP67 & HWY417 IC118 RAMP76","368710.19786","5030597.49645","-75.68348","45.41240","2017","11/21/2017","10:20:00 PM","01 - Clear","01 - Dry","10 - No control","01 - Non intersection","07 - Dark","03 - P.D. only","03 - Rear end"
"6747","HIGHWAY 417 btwn HWY417 IC119A RAMP67 & HWY417 IC118 RAMP76","368716.43782","5030599.25162","-75.68340","45.41241","2017","10/31/2017","8:30:00 AM","01 - Clear","01 - Dry","10 - No control","01 - Non intersection","01 - Daylight","03 - P.D. only","04 - Sideswipe"
"6748","HIGHWAY 417 btwn HWY417 IC119A RAMP67 & HWY417 IC118 RAMP76","368713.36461","5030600.66893","-75.68344","45.41242","2017","7/13/2017","12:00:00 PM","01 - Clear","01 - Dry","10 - No control","01 - Non intersection","01 - Daylight","03 - P.D. only","04 - Sideswipe"
"6749","HIGHWAY 417 btwn HWY417 IC119A RAMP67 & HWY417 IC118 RAMP76","368776.97363","5030629.67707","-75.68262","45.41268","2017","7/20/2017","4:30:00 PM","01 - Clear","01 - Dry","10 - No control","01 - Non intersection","01 - Daylight","03 - P.D. only","03 - Rear end"
"6750","HIGHWAY 417 btwn HWY417 IC119A RAMP67 & HWY417 IC118 RAMP76","368947.21874","5030716.69005","-75.68044","45.41345","2017","9/26/2017","7:25:00 AM","01 - Clear","01 - Dry","10 - No control","01 - Non intersection","01 - Daylight","02 - Non-fatal injury","03 - Rear end"
"6751","HIGHWAY 417 btwn HWY417 IC119A RAMP67 & HWY417 IC118 RAMP76","368706.81750","5030596.05646","-75.68352","45.41238","2017","7/15/2017","12:40:00 AM","02 - Rain","02 - Wet","10 - No control","01 - Non intersection","07 - Dark","03 - P.D. only","07 - SMV other"
"6752","HIGHWAY 417 btwn HWY417 IC119A RAMP67 & HWY417 IC118 RAMP76","368713.51708","5030598.08657","-75.68344","45.41240","2017","9/26/2017","3:05:00 PM","01 - Clear","01 - Dry","10 - No control","01 - Non intersection","01 - Daylight","03 - P.D. only","03 - Rear end"
"6753","HIGHWAY 417 btwn HWY417 IC119A RAMP67 & HWY417 IC118 RAMP76","368674.72150","5030578.57506","-75.68393","45.41223","2017","1/1/2017","12:15:00 AM","01 - Clear","03 - Loose snow","10 - No control","01 - Non intersection","07 - Dark","03 - P.D. only","04 - Sideswipe"
"6754","HIGHWAY 417 btwn HWY417 IC119A RAMP67 & HWY417 IC118 RAMP76","368710.07985","5030601.06675","-75.68348","45.41243","2017","5/17/2017","11:15:00 AM","01 - Clear","01 - Dry","10 - No control","01 - Non intersection","01 - Daylight","03 - P.D. only","04 - Sideswipe"
"6755","HIGHWAY 417 btwn HWY417 IC119A RAMP67 & HWY417 IC118 RAMP76","368681.67452","5030587.08502","-75.68384","45.41230","2017","5/23/2017","9:20:00 AM","01 - Clear","01 - Dry","10 - No control","01 - Non intersection","01 - Daylight","03 - P.D. only","04 - Sideswipe"
"6756","HIGHWAY 417 btwn HWY417 IC119A RAMP67 & HWY417 IC118 RAMP76","368947.11602","5030719.81919","-75.68044","45.41347","2017","7/7/2017","5:20:00 PM","02 - Rain","02 - Wet","10 - No control","01 - Non intersection","01 - Daylight","03 - P.D. only","03 - Rear end"
"6757","HIGHWAY 417 btwn HWY417 IC119A RAMP67 & HWY417 IC118 RAMP76","368962.13826","5030724.93020","-75.68024","45.41352","2017","1/3/2017","11:05:00 PM","03 - Snow","03 - Loose snow","10 - No control","01 - Non intersection","07 - Dark","03 - P.D. only","07 - SMV other"
"6758","HIGHWAY 417 btwn HWY417 IC119A RAMP67 & HWY417 IC118 RAMP76","368683.34358","5030584.15190","-75.68382","45.41228","2017","6/2/2017","3:30:00 PM","01 - Clear","01 - Dry","10 - No control","01 - Non intersection","01 - Daylight","03 - P.D. only","03 - Rear end"
"6759","HIGHWAY 417 btwn HWY417 IC119A RAMP67 & HWY417 IC118 RAMP76","368953.48866","5030716.89444","-75.68036","45.41345","2017","1/17/2017","9:50:00 PM","03 - Snow","04 - Slush","10 - No control","01 - Non intersection","07 - Dark","03 - P.D. only","07 - SMV other"
"6760","HIGHWAY 417 btwn HWY417 IC119A RAMP75 & HWY417 IC118 RAMP57","368897.96281","5030672.58381","-75.68107","45.41305","2017","11/21/2017","4:38:00 PM","01 - Clear","01 - Dry","10 - No control","01 - Non intersection","05 - Dusk","03 - P.D. only","03 - Rear end"
"6761","HIGHWAY 417 btwn HWY417 IC119A RAMP75 & HWY417 IC118 RAMP57","368910.32389","5030670.38087","-75.68091","45.41303","2017","9/2/2017","4:30:00 PM","01 - Clear","01 - Dry","10 - No control","01 - Non intersection","01 - Daylight","03 - P.D. only","03 - Rear end"
"6762","HIGHWAY 417 btwn HWY417 IC119A RAMP75 & HWY417 IC118 RAMP57","368929.85810","5030688.62294","-75.68066","45.41319","2017","10/5/2017","4:30:00 PM","01 - Clear","01 - Dry","10 - No control","01 - Non intersection","01 - Daylight","03 - P.D. only","03 - Rear end"
"6763","HIGHWAY 417 btwn HWY417 IC119A RAMP75 & HWY417 IC118 RAMP57","368719.28482","5030580.47280","-75.68336","45.41224","2017","8/24/2017","12:27:00 PM","01 - Clear","01 - Dry","10 - No control","01 - Non intersection","01 - Daylight","03 - P.D. only","04 - Sideswipe"
"6764","HIGHWAY 417 btwn HWY417 IC119A RAMP75 & HWY417 IC118 RAMP57","368919.66564","5030680.65246","-75.68079","45.41312","2017","8/14/2017","1:00:00 PM","01 - Clear","01 - Dry","10 - No control","01 - Non intersection","01 - Daylight","03 - P.D. only","03 - Rear end"
"6765","HIGHWAY 417 btwn HWY417 IC119A RAMP75 & HWY417 IC118 RAMP57","368935.33680","5030684.98225","-75.68059","45.41316","2017","11/19/2017","1:28:00 AM","04 - Freezing Rain","04 - Slush","10 - No control","01 - Non intersection","07 - Dark","03 - P.D. only","07 - SMV other"
"6766","HIGHWAY 417 btwn HWY417 IC119A RAMP75 & HWY417 IC118 RAMP57","368927.96740","5030686.36985","-75.68069","45.41317","2017","8/23/2017","1:24:00 PM","01 - Clear","01 - Dry","10 - No control","01 - Non intersection","01 - Daylight","03 - P.D. only","03 - Rear end"
"6767","HIGHWAY 417 btwn HWY417 IC119A RAMP75 & HWY417 IC118 RAMP57","368919.01381","5030677.93357","-75.68080","45.41310","2017","11/3/2017","3:36:00 PM","01 - Clear","01 - Dry","10 - No control","01 - Non intersection","01 - Daylight","03 - P.D. only","03 - Rear end"
"6768","HIGHWAY 417 btwn HWY417 IC119A RAMP75 & HWY417 IC118 RAMP57","368829.29139","5030635.01630","-75.68195","45.41272","2017","10/18/2017","3:45:00 PM","01 - Clear","01 - Dry","10 - No control","01 - Non intersection","01 - Daylight","03 - P.D. only","03 - Rear end"
"6769","HIGHWAY 417 btwn HWY417 IC119A RAMP75 & HWY417 IC118 RAMP57","368712.98085","5030572.37961","-75.68345","45.41217","2017","10/28/2017","9:59:00 PM","02 - Rain","02 - Wet","10 - No control","01 - Non intersection","07 - Dark","02 - Non-fatal injury","03 - Rear end"
"6770","HIGHWAY 417 btwn HWY417 IC119A RAMP75 & HWY417 IC118 RAMP57","368925.70054","5030680.11356","-75.68071","45.41312","2017","10/8/2017","9:00:00 AM","02 - Rain","02 - Wet","10 - No control","01 - Non intersection","01 - Daylight","03 - P.D. only","04 - Sideswipe"
"6771","HIGHWAY 417 btwn HWY417 IC119A RAMP75 & HWY417 IC118 RAMP57","368930.91195","5030688.36513","-75.68065","45.41319","2017","11/22/2017","3:30:00 PM","01 - Clear","01 - Dry","10 - No control","01 - Non intersection","01 - Daylight","03 - P.D. only","03 - Rear end"
"6772","HIGHWAY 417 btwn HWY417 IC119A RAMP75 & HWY417 IC118 RAMP57","368865.44411","5030647.86276","-75.68149","45.41283","2017","8/21/2017","3:36:00 PM","01 - Clear","01 - Dry","10 - No control","01 - Non intersection","01 - Daylight","03 - P.D. only","03 - Rear end"
"6773","HIGHWAY 417 btwn HWY417 IC119A RAMP75 & HWY417 IC118 RAMP57","368928.71282","5030685.73969","-75.68068","45.41317","2017","9/17/2017","2:41:00 PM","01 - Clear","01 - Dry","10 - No control","01 - Non intersection","01 - Daylight","03 - P.D. only","04 - Sideswipe"
"6774","HIGHWAY 417 btwn HWY417 IC119A RAMP75 & HWY417 IC118 RAMP57","368894.61660","5030665.99981","-75.68111","45.41299","2017","8/17/2017","11:00:00 AM","01 - Clear","01 - Dry","10 - No control","01 - Non intersection","01 - Daylight","03 - P.D. only","04 - Sideswipe"
"6775","HIGHWAY 417 btwn HWY417 IC119A RAMP75 & HWY417 IC118 RAMP57","368926.66158","5030685.75697","-75.68070","45.41317","2017","10/4/2017","4:30:00 PM","01 - Clear","01 - Dry","10 - No control","01 - Non intersection","01 - Daylight","03 - P.D. only","03 - Rear end"
"6776","HIGHWAY 417 btwn HWY417 IC119A RAMP75 & HWY417 IC118 RAMP57","368836.78772","5030635.31878","-75.68186","45.41272","2017","8/2/2017","10:35:00 AM","01 - Clear","01 - Dry","10 - No control","01 - Non intersection","01 - Daylight","03 - P.D. only","04 - Sideswipe"
"6777","HIGHWAY 417 btwn HWY417 IC119A RAMP75 & HWY417 IC118 RAMP57","368932.02347","5030685.53504","-75.68063","45.41317","2017","12/13/2017","3:25:00 PM","01 - Clear","02 - Wet","10 - No control","01 - Non intersection","01 - Daylight","03 - P.D. only","04 - Sideswipe"
"6778","HIGHWAY 417 btwn HWY417 IC119A RAMP75 & HWY417 IC118 RAMP57","368919.89999","5030678.65752","-75.68079","45.41311","2017","12/18/2017","12:50:00 PM","03 - Snow","04 - Slush","10 - No control","01 - Non intersection","01 - Daylight","03 - P.D. only","07 - SMV other"
"6779","HIGHWAY 417 btwn HWY417 IC119A RAMP75 & HWY417 IC118 RAMP57","368902.77674","5030671.16931","-75.68101","45.41304","2017","12/6/2017","5:20:00 PM","01 - Clear","01 - Dry","10 - No control","01 - Non intersection","07 - Dark","03 - P.D. only","03 - Rear end"
"6780","HIGHWAY 417 btwn HWY417 IC119A RAMP75 & HWY417 IC118 RAMP57","368921.12209","5030681.34004","-75.68077","45.41313","2017","11/28/2017","4:30:00 PM","01 - Clear","01 - Dry","10 - No control","01 - Non intersection","05 - Dusk","03 - P.D. only","03 - Rear end"
"6781","HIGHWAY 417 btwn HWY417 IC119A RAMP75 & HWY417 IC118 RAMP57","368927.23778","5030681.47975","-75.68070","45.41313","2017","12/18/2017","7:15:00 PM","03 - Snow","03 - Loose snow","10 - No control","01 - Non intersection","07 - Dark","03 - P.D. only","07 - SMV other"
"6782","HIGHWAY 417 btwn HWY417 IC119A RAMP75 & HWY417 IC118 RAMP57","368716.22779","5030573.41638","-75.68340","45.41218","2017","7/21/2017","3:35:00 PM","01 - Clear","01 - Dry","10 - No control","01 - Non intersection","01 - Daylight","03 - P.D. only","03 - Rear end"
"6783","HIGHWAY 417 btwn HWY417 IC119A RAMP75 & HWY417 IC118 RAMP57","368700.27656","5030569.30687","-75.68361","45.41214","2017","8/1/2017","10:29:00 PM","01 - Clear","01 - Dry","10 - No control","01 - Non intersection","07 - Dark","02 - Non-fatal injury","03 - Rear end"
"6784","HIGHWAY 417 btwn HWY417 IC119A RAMP75 & HWY417 IC118 RAMP57","368920.10601","5030686.65007","-75.68079","45.41318","2017","12/7/2017","4:30:00 PM","01 - Clear","01 - Dry","10 - No control","01 - Non intersection","05 - Dusk","03 - P.D. only","03 - Rear end"
"6785","HIGHWAY 417 btwn HWY417 IC119A RAMP75 & HWY417 IC118 RAMP57","368928.18103","5030688.65301","-75.68068","45.41320","2017","12/5/2017","5:18:00 PM","01 - Clear","01 - Dry","10 - No control","01 - Non intersection","07 - Dark","03 - P.D. only","03 - Rear end"
"6786","HIGHWAY 417 btwn HWY417 IC119A RAMP75 & HWY417 IC118 RAMP57","368647.73483","5030540.70194","-75.68428","45.41189","2017","12/4/2017","5:07:00 PM","01 - Clear","01 - Dry","10 - No control","01 - Non intersection","07 - Dark","03 - P.D. only","03 - Rear end"
"6787","HIGHWAY 417 btwn HWY417 IC119A RAMP75 & HWY417 IC118 RAMP57","368811.72834","5030625.11926","-75.68218","45.41263","2017","2/13/2017","9:10:00 AM","01 - Clear","02 - Wet","10 - No control","01 - Non intersection","01 - Daylight","02 - Non-fatal injury","99 - Other"
"6788","HIGHWAY 417 btwn HWY417 IC119A RAMP75 & HWY417 IC118 RAMP57","368970.43254","5030709.42261","-75.68014","45.41338","2017","5/30/2017","3:30:00 PM","01 - Clear","01 - Dry","10 - No control","01 - Non intersection","01 - Daylight","03 - P.D. only","03 - Rear end"
"6789","HIGHWAY 417 btwn HWY417 IC119A RAMP75 & HWY417 IC118 RAMP57","368811.61341","5030623.98728","-75.68218","45.41262","2017","3/31/2017","10:25:00 PM","03 - Snow","04 - Slush","10 - No control","01 - Non intersection","07 - Dark","03 - P.D. only","04 - Sideswipe"
"6790","HIGHWAY 417 btwn HWY417 IC119A RAMP75 & HWY417 IC118 RAMP57","368721.88815","5030576.35550","-75.68333","45.41220","2017","6/1/2017","1:53:00 PM","01 - Clear","01 - Dry","10 - No control","01 - Non intersection","01 - Daylight","03 - P.D. only","04 - Sideswipe"
"6791","HIGHWAY 417 btwn HWY417 IC119A RAMP75 & HWY417 IC118 RAMP57","368870.25857","5030651.04446","-75.68143","45.41286","2017","3/23/2017","4:30:00 PM","01 - Clear","01 - Dry","10 - No control","01 - Non intersection","01 - Daylight","03 - P.D. only","04 - Sideswipe"
"6792","HIGHWAY 417 btwn HWY417 IC119A RAMP75 & HWY417 IC118 RAMP57","369002.96697","5030737.04010","-75.67972","45.41362","2017","1/31/2017","3:20:00 PM","01 - Clear","01 - Dry","10 - No control","01 - Non intersection","01 - Daylight","03 - P.D. only","03 - Rear end"
"6793","HIGHWAY 417 btwn HWY417 IC119A RAMP75 & HWY417 IC118 RAMP57","368922.75229","5030683.15919","-75.68075","45.41315","2017","6/4/2017","3:20:00 PM","01 - Clear","01 - Dry","10 - No control","01 - Non intersection","01 - Daylight","03 - P.D. only","99 - Other"
"6794","HIGHWAY 417 btwn HWY417 IC119A RAMP75 & HWY417 IC118 RAMP57","368879.30895","5030658.75775","-75.68131","45.41293","2017","6/26/2017","4:10:00 PM","01 - Clear","01 - Dry","10 - No control","01 - Non intersection","01 - Daylight","03 - P.D. only","03 - Rear end"
"6795","HIGHWAY 417 btwn HWY417 IC119A RAMP75 & HWY417 IC118 RAMP57","368933.04820","5030690.71624","-75.68062","45.41321","2017","7/5/2017","3:30:00 PM","01 - Clear","01 - Dry","10 - No control","01 - Non intersection","01 - Daylight","03 - P.D. only","03 - Rear end"
"6796","HIGHWAY 417 btwn HWY417 IC119A RAMP75 & HWY417 IC118 RAMP57","368927.62313","5030684.34548","-75.68069","45.41316","2017","2/18/2017","3:30:00 PM","01 - Clear","01 - Dry","10 - No control","01 - Non intersection","01 - Daylight","03 - P.D. only","03 - Rear end"
"6797","HIGHWAY 417 btwn HWY417 IC119A RAMP75 & HWY417 IC118 RAMP57","368906.36633","5030671.58094","-75.68096","45.41304","2017","8/8/2017","4:25:00 PM","01 - Clear","01 - Dry","10 - No control","01 - Non intersection","01 - Daylight","02 - Non-fatal injury","03 - Rear end"
"6798","HIGHWAY 417 btwn HWY417 IC119A RAMP75 & HWY417 IC118 RAMP57","368862.76713","5030649.89464","-75.68152","45.41285","2017","3/4/2017","8:41:00 AM","01 - Clear","01 - Dry","10 - No control","01 - Non intersection","01 - Daylight","03 - P.D. only","03 - Rear end"
"6799","HIGHWAY 417 btwn HWY417 IC119A RAMP75 & HWY417 IC118 RAMP57","368956.92778","5030702.34029","-75.68031","45.41332","2017","7/4/2017","3:15:00 PM","01 - Clear","01 - Dry","10 - No control","01 - Non intersection","01 - Daylight","02 - Non-fatal injury","03 - Rear end"
"6800","HIGHWAY 417 btwn HWY417 IC119A RAMP75 & HWY417 IC118 RAMP57","368928.05016","5030688.54272","-75.68068","45.41319","2017","3/4/2017","8:41:00 AM","01 - Clear","01 - Dry","10 - No control","01 - Non intersection","01 - Daylight","02 - Non-fatal injury","07 - SMV other"
"6801","HIGHWAY 417 btwn HWY417 IC119A RAMP75 & HWY417 IC118 RAMP57","368695.73344","5030561.52221","-75.68367","45.41207","2017","3/29/2017","3:25:00 PM","01 - Clear","01 - Dry","10 - No control","01 - Non intersection","01 - Daylight","03 - P.D. only","03 - Rear end"
"6802","HIGHWAY 417 btwn HWY417 IC119A RAMP75 & HWY417 IC118 RAMP57","368923.90771","5030684.56025","-75.68074","45.41316","2017","7/4/2017","3:20:00 PM","01 - Clear","01 - Dry","10 - No control","01 - Non intersection","01 - Daylight","03 - P.D. only","03 - Rear end"
"6803","HIGHWAY 417 btwn HWY417 IC119A RAMP75 & HWY417 IC118 RAMP57","368937.22857","5030691.86515","-75.68057","45.41322","2017","1/7/2017","9:40:00 PM","01 - Clear","01 - Dry","10 - No control","01 - Non intersection","07 - Dark","03 - P.D. only","07 - SMV other"
"6804","HIGHWAY 417 btwn HWY417 IC119B RAMP57 & HWY417 IC119A RAMP75","368443.80010","5030436.43335","-75.68690","45.41097","2017","8/24/2017","4:15:00 PM","01 - Clear","01 - Dry","10 - No control","01 - Non intersection","01 - Daylight","03 - P.D. only","03 - Rear end"
"6805","HIGHWAY 417 btwn HWY417 IC119B RAMP57 & HWY417 IC119A RAMP75","368582.62541","5030510.86474","-75.68512","45.41163","2017","11/2/2017","4:35:00 PM","02 - Rain","02 - Wet","10 - No control","01 - Non intersection","05 - Dusk","03 - P.D. only","03 - Rear end"
"6806","HIGHWAY 417 btwn HWY417 IC119B RAMP57 & HWY417 IC119A RAMP75","368406.54317","5030412.15072","-75.68738","45.41076","2017","8/22/2017","3:00:00 PM","01 - Clear","01 - Dry","10 - No control","01 - Non intersection","01 - Daylight","03 - P.D. only","03 - Rear end"
"6807","HIGHWAY 417 btwn HWY417 IC119B RAMP57 & HWY417 IC119A RAMP75","368394.60514","5030405.93565","-75.68754","45.41070","2017","8/28/2017","5:30:00 PM","01 - Clear","01 - Dry","10 - No control","01 - Non intersection","01 - Daylight","03 - P.D. only","03 - Rear end"
"6808","HIGHWAY 417 btwn HWY417 IC119B RAMP57 & HWY417 IC119A RAMP75","368420.05616","5030422.05137","-75.68721","45.41084","2017","8/17/2017","3:30:00 PM","01 - Clear","01 - Dry","10 - No control","01 - Non intersection","01 - Daylight","03 - P.D. only","03 - Rear end"
"6809","HIGHWAY 417 btwn HWY417 IC119B RAMP57 & HWY417 IC119A RAMP75","368198.05108","5030278.80046","-75.69006","45.40957","2017","8/22/2017","3:00:00 PM","01 - Clear","00 - Unknown","10 - No control","01 - Non intersection","01 - Daylight","02 - Non-fatal injury","03 - Rear end"
"6810","HIGHWAY 417 btwn HWY417 IC119B RAMP57 & HWY417 IC119A RAMP75","368586.11167","5030512.73394","-75.68507","45.41164","2017","1/3/2017","9:35:00 PM","04 - Freezing Rain","03 - Loose snow","10 - No control","01 - Non intersection","07 - Dark","03 - P.D. only","07 - SMV other"
"6811","HIGHWAY 417 btwn HWY417 IC119B RAMP57 & HWY417 IC119A RAMP75","368448.20295","5030441.36086","-75.68685","45.41101","2017","5/2/2017","3:30:00 PM","02 - Rain","02 - Wet","10 - No control","01 - Non intersection","01 - Daylight","03 - P.D. only","03 - Rear end"
"6812","HIGHWAY 417 btwn HWY417 IC119B RAMP57 & HWY417 IC119A RAMP75","368419.51350","5030421.06816","-75.68721","45.41083","2017","3/23/2017","3:50:00 PM","01 - Clear","01 - Dry","10 - No control","01 - Non intersection","01 - Daylight","02 - Non-fatal injury","03 - Rear end"
"6813","HIGHWAY 417 btwn HWY417 IC119B RAMP57 & HWY417 IC119A RAMP75","368579.00465","5030510.49751","-75.68517","45.41162","2017","3/23/2017","4:30:00 PM","01 - Clear","01 - Dry","10 - No control","01 - Non intersection","01 - Daylight","03 - P.D. only","03 - Rear end"
"6814","HIGHWAY 417 btwn HWY417 IC119B RAMP57 & HWY417 IC119A RAMP75","368580.42279","5030510.26726","-75.68515","45.41162","2017","4/24/2017","3:33:00 PM","01 - Clear","01 - Dry","10 - No control","01 - Non intersection","01 - Daylight","03 - P.D. only","03 - Rear end"
"6815","HIGHWAY 417 btwn HWY417 IC119B RAMP76 & HWY417 IC119A RAMP67","368565.50127","5030519.82912","-75.68534","45.41171","2017","9/1/2017","3:54:00 PM","01 - Clear","01 - Dry","10 - No control","01 - Non intersection","01 - Daylight","03 - P.D. only","03 - Rear end"
"6816","HIGHWAY 417 btwn HWY417 IC119B RAMP76 & HWY417 IC119A RAMP67","368435.72470","5030448.96388","-75.68700","45.41108","2017","7/14/2017","8:24:00 AM","01 - Clear","01 - Dry","10 - No control","01 - Non intersection","01 - Daylight","02 - Non-fatal injury","03 - Rear end"
"6817","HIGHWAY 417 btwn HWY417 IC119B RAMP76 & HWY417 IC119A RAMP67","368578.61567","5030527.61912","-75.68517","45.41178","2017","9/22/2017","2:30:00 PM","01 - Clear","01 - Dry","10 - No control","01 - Non intersection","01 - Daylight","03 - P.D. only","04 - Sideswipe"
"6818","HIGHWAY 417 btwn HWY417 IC119B RAMP76 & HWY417 IC119A RAMP67","368288.51318","5030355.37671","-75.68890","45.41025","2017","12/13/2017","3:00:00 PM","01 - Clear","01 - Dry","10 - No control","01 - Non intersection","01 - Daylight","03 - P.D. only","03 - Rear end"
"6819","HIGHWAY 417 btwn HWY417 IC119B RAMP76 & HWY417 IC119A RAMP67","368571.83014","5030524.13331","-75.68526","45.41175","2017","12/28/2017","8:20:00 PM","01 - Clear","01 - Dry","10 - No control","01 - Non intersection","07 - Dark","03 - P.D. only","03 - Rear end"