"Record","Location","X","Y","Longitude","Latitude","Year","Date","Time","Environment","Road_Surface","Traffic_Control","Collision_Location","Light","Collision_Classification","Impact_type"
"6820","HIGHWAY 417 btwn HWY417 IC119B RAMP76 & HWY417 IC119A RAMP67","368405.39472","5030426.43087","-75.68739","45.41088","2017","11/27/2017","5:20:00 PM","01 - Clear","01 - Dry","10 - No control","01 - Non intersection","07 - Dark","03 - P.D. only","03 - Rear end"
"6821","HIGHWAY 417 btwn HWY417 IC119B RAMP76 & HWY417 IC119A RAMP67","368283.45320","5030353.70527","-75.68896","45.41024","2017","10/10/2017","3:45:00 PM","01 - Clear","01 - Dry","10 - No control","01 - Non intersection","01 - Daylight","03 - P.D. only","03 - Rear end"
"6822","HIGHWAY 417 btwn HWY417 IC119B RAMP76 & HWY417 IC119A RAMP67","368433.86586","5030445.12052","-75.68703","45.41105","2017","8/30/2017","2:10:00 PM","01 - Clear","01 - Dry","10 - No control","01 - Non intersection","01 - Daylight","03 - P.D. only","04 - Sideswipe"
"6823","HIGHWAY 417 btwn HWY417 IC119B RAMP76 & HWY417 IC119A RAMP67","368451.70489","5030454.21213","-75.68680","45.41113","2017","5/19/2017","12:56:00 PM","01 - Clear","01 - Dry","10 - No control","01 - Non intersection","01 - Daylight","03 - P.D. only","03 - Rear end"
"6824","HIGHWAY 417 btwn HWY417 IC119B RAMP76 & HWY417 IC119A RAMP67","368292.73139","5030358.44789","-75.68884","45.41028","2017","3/13/2017","12:13:00 AM","01 - Clear","01 - Dry","10 - No control","01 - Non intersection","07 - Dark","03 - P.D. only","03 - Rear end"
"6825","HIGHWAY 417 btwn HWY417 IC119B RAMP76 & HWY417 IC119A RAMP67","368161.69870","5030274.38689","-75.69053","45.40954","2017","2/14/2017","4:45:00 PM","03 - Snow","03 - Loose snow","10 - No control","01 - Non intersection","01 - Daylight","03 - P.D. only","03 - Rear end"
"6826","HIGHWAY 417 btwn HWY417 IC119B RAMP76 & HWY417 IC119A RAMP67","368538.17431","5030507.48116","-75.68569","45.41160","2017","2/9/2017","6:45:00 AM","01 - Clear","01 - Dry","10 - No control","01 - Non intersection","03 - Dawn","03 - P.D. only","03 - Rear end"
"6827","HIGHWAY 417 btwn HWY417 IC119B RAMP76 & HWY417 IC119A RAMP67","368236.19898","5030323.12255","-75.68957","45.40997","2017","6/14/2017","10:10:00 PM","01 - Clear","01 - Dry","10 - No control","01 - Non intersection","07 - Dark","02 - Non-fatal injury","03 - Rear end"
"6828","HIGHWAY 417 btwn HWY417 IC119B RAMP76 & HWY417 IC119A RAMP67","368434.68151","5030447.94688","-75.68702","45.41107","2017","1/3/2017","5:40:00 PM","04 - Freezing Rain","06 - Ice","10 - No control","01 - Non intersection","07 - Dark","03 - P.D. only","07 - SMV other"
"6829","HIGHWAY 417 btwn HWY417 IC119B RAMP76 & HWY417 IC119A RAMP67","368186.50857","5030289.59902","-75.69021","45.40967","2017","4/26/2017","3:35:00 PM","01 - Clear","01 - Dry","10 - No control","01 - Non intersection","01 - Daylight","03 - P.D. only","03 - Rear end"
"6830","HIGHWAY 417 btwn HWY417 IC120A RAMP52 & HWY417 IC119B RAMP57","367836.65140","5030022.52082","-75.69471","45.40730","2017","9/6/2017","10:05:00 PM","01 - Clear","01 - Dry","10 - No control","01 - Non intersection","07 - Dark","03 - P.D. only","04 - Sideswipe"
"6831","HIGHWAY 417 btwn HWY417 IC120A RAMP52 & HWY417 IC119B RAMP57","367908.74795","5030074.16026","-75.69378","45.40776","2017","11/2/2017","5:00:00 PM","02 - Rain","02 - Wet","10 - No control","01 - Non intersection","05 - Dusk","02 - Non-fatal injury","03 - Rear end"
"6832","HIGHWAY 417 btwn HWY417 IC120A RAMP52 & HWY417 IC119B RAMP57","367915.34941","5030081.09058","-75.69370","45.40782","2017","10/23/2017","7:10:00 AM","01 - Clear","01 - Dry","10 - No control","01 - Non intersection","01 - Daylight","03 - P.D. only","04 - Sideswipe"
"6833","HIGHWAY 417 btwn HWY417 IC120A RAMP52 & HWY417 IC119B RAMP57","368091.39584","5030198.74872","-75.69143","45.40886","2017","6/30/2017","8:38:00 AM","01 - Clear","02 - Wet","10 - No control","01 - Non intersection","01 - Daylight","03 - P.D. only","03 - Rear end"
"6834","HIGHWAY 417 btwn HWY417 IC120A RAMP52 & HWY417 IC119B RAMP57","368036.44546","5030159.08251","-75.69214","45.40851","2017","3/17/2017","2:15:00 PM","01 - Clear","01 - Dry","10 - No control","01 - Non intersection","01 - Daylight","03 - P.D. only","04 - Sideswipe"
"6835","HIGHWAY 417 btwn HWY417 IC120A RAMP52 & HWY417 IC119B RAMP57","367885.12493","5030055.90493","-75.69409","45.40760","2017","6/8/2017","6:50:00 AM","01 - Clear","01 - Dry","10 - No control","01 - Non intersection","01 - Daylight","03 - P.D. only","04 - Sideswipe"
"6836","HIGHWAY 417 btwn HWY417 IC120A RAMP52 & HWY417 IC119B RAMP57","367901.29602","5030071.87567","-75.69388","45.40774","2017","3/17/2017","11:50:00 PM","01 - Clear","01 - Dry","10 - No control","01 - Non intersection","07 - Dark","03 - P.D. only","04 - Sideswipe"
"6837","HIGHWAY 417 btwn HWY417 IC120A RAMP52 & HWY417 IC119B RAMP57","368059.67063","5030173.78632","-75.69184","45.40864","2017","3/22/2017","10:05:00 AM","01 - Clear","01 - Dry","10 - No control","01 - Non intersection","01 - Daylight","03 - P.D. only","03 - Rear end"
"6838","HIGHWAY 417 btwn HWY417 IC120A RAMP52 & HWY417 IC119B RAMP57","367765.88125","5029984.40298","-75.69562","45.40696","2017","2/15/2017","4:40:00 AM","03 - Snow","03 - Loose snow","10 - No control","01 - Non intersection","07 - Dark","03 - P.D. only","04 - Sideswipe"
"6839","HIGHWAY 417 btwn HWY417 IC120B RAMP36 & HWY417 IC119B RAMP76","367927.33240","5030111.52436","-75.69354","45.40809","2017","8/25/2017","5:14:00 PM","01 - Clear","01 - Dry","10 - No control","01 - Non intersection","01 - Daylight","02 - Non-fatal injury","03 - Rear end"
"6840","HIGHWAY 417 btwn HWY417 IC120B RAMP36 & HWY417 IC119B RAMP76","368072.55728","5030211.42401","-75.69167","45.40898","2017","8/9/2017","3:22:00 PM","01 - Clear","01 - Dry","10 - No control","01 - Non intersection","01 - Daylight","03 - P.D. only","03 - Rear end"
"6841","HIGHWAY 417 btwn HWY417 IC120B RAMP36 & HWY417 IC119B RAMP76","367924.54771","5030112.27295","-75.69358","45.40810","2017","11/19/2017","7:30:00 AM","03 - Snow","03 - Loose snow","10 - No control","01 - Non intersection","01 - Daylight","03 - P.D. only","04 - Sideswipe"
"6842","HIGHWAY 417 btwn HWY417 IC120B RAMP36 & HWY417 IC119B RAMP76","367738.36601","5029986.76284","-75.69597","45.40699","2017","9/16/2017","9:45:00 AM","01 - Clear","01 - Dry","10 - No control","01 - Non intersection","01 - Daylight","03 - P.D. only","04 - Sideswipe"
"6843","HIGHWAY 417 btwn HWY417 IC120B RAMP36 & HWY417 IC119B RAMP76","368086.44943","5030225.50251","-75.69149","45.40910","2017","9/12/2017","3:25:00 PM","01 - Clear","02 - Wet","10 - No control","01 - Non intersection","01 - Daylight","03 - P.D. only","04 - Sideswipe"
"6844","HIGHWAY 417 btwn HWY417 IC120B RAMP36 & HWY417 IC119B RAMP76","367729.64598","5029983.21091","-75.69608","45.40696","2017","6/22/2017","10:40:00 AM","01 - Clear","01 - Dry","10 - No control","01 - Non intersection","01 - Daylight","03 - P.D. only","04 - Sideswipe"
"6845","HIGHWAY 417 btwn HWY417 IC120B RAMP36 & HWY417 IC119B RAMP76","367929.80874","5030113.33374","-75.69351","45.40811","2017","6/2/2017","9:10:00 AM","01 - Clear","01 - Dry","10 - No control","01 - Non intersection","01 - Daylight","03 - P.D. only","03 - Rear end"
"6846","HIGHWAY 417 btwn HWY417 IC120B RAMP36 & HWY417 IC119B RAMP76","367957.16963","5030129.70104","-75.69316","45.40825","2017","2/19/2017","3:15:00 PM","01 - Clear","01 - Dry","10 - No control","01 - Non intersection","01 - Daylight","02 - Non-fatal injury","03 - Rear end"
"6847","HIGHWAY 417 btwn HWY417 IC121A RAMP16 & HWY417 IC121A RAMP61","367065.96696","5029686.19622","-75.70460","45.40434","2017","12/29/2017","8:45:00 PM","01 - Clear","01 - Dry","10 - No control","01 - Non intersection","07 - Dark","03 - P.D. only","03 - Rear end"
"6848","HIGHWAY 417 btwn HWY417 IC121A RAMP16 & HWY417 IC121A RAMP61","367278.72221","5029767.50496","-75.70187","45.40506","2017","9/23/2017","2:00:00 PM","01 - Clear","01 - Dry","10 - No control","01 - Non intersection","01 - Daylight","03 - P.D. only","03 - Rear end"
"6849","HIGHWAY 417 btwn HWY417 IC121A RAMP16 & HWY417 IC121A RAMP61","367284.25900","5029767.07448","-75.70180","45.40505","2017","7/31/2017","4:35:00 PM","01 - Clear","01 - Dry","10 - No control","01 - Non intersection","01 - Daylight","03 - P.D. only","03 - Rear end"
"6850","HIGHWAY 417 btwn HWY417 IC121A RAMP16 & HWY417 IC121A RAMP61","367491.10047","5029861.43511","-75.69915","45.40588","2017","9/12/2017","4:05:00 PM","01 - Clear","01 - Dry","10 - No control","01 - Non intersection","01 - Daylight","03 - P.D. only","03 - Rear end"
"6851","HIGHWAY 417 btwn HWY417 IC121A RAMP16 & HWY417 IC121A RAMP61","366978.38542","5029655.66933","-75.70572","45.40408","2017","7/28/2017","2:45:00 PM","01 - Clear","01 - Dry","10 - No control","01 - Non intersection","01 - Daylight","03 - P.D. only","03 - Rear end"
"6852","HIGHWAY 417 btwn HWY417 IC121A RAMP16 & HWY417 IC121A RAMP61","367296.32019","5029769.00510","-75.70165","45.40507","2017","10/22/2017","5:35:00 PM","01 - Clear","01 - Dry","10 - No control","01 - Non intersection","01 - Daylight","02 - Non-fatal injury","07 - SMV other"
"6853","HIGHWAY 417 btwn HWY417 IC121A RAMP16 & HWY417 IC121A RAMP61","367248.09233","5029754.69656","-75.70226","45.40494","2017","11/10/2017","8:40:00 AM","01 - Clear","01 - Dry","10 - No control","01 - Non intersection","01 - Daylight","02 - Non-fatal injury","03 - Rear end"
"6854","HIGHWAY 417 btwn HWY417 IC121A RAMP16 & HWY417 IC121A RAMP61","367248.06009","5029751.22506","-75.70226","45.40491","2017","10/22/2017","5:35:00 PM","01 - Clear","01 - Dry","10 - No control","01 - Non intersection","01 - Daylight","03 - P.D. only","03 - Rear end"
"6855","HIGHWAY 417 btwn HWY417 IC121A RAMP16 & HWY417 IC121A RAMP61","367242.22499","5029750.79216","-75.70234","45.40491","2017","7/19/2017","8:30:00 AM","01 - Clear","01 - Dry","10 - No control","01 - Non intersection","01 - Daylight","03 - P.D. only","04 - Sideswipe"
"6856","HIGHWAY 417 btwn HWY417 IC121A RAMP16 & HWY417 IC121A RAMP61","367286.62259","5029767.75893","-75.70177","45.40506","2017","7/13/2017","2:49:00 PM","01 - Clear","01 - Dry","10 - No control","01 - Non intersection","01 - Daylight","03 - P.D. only","03 - Rear end"
"6857","HIGHWAY 417 btwn HWY417 IC121A RAMP16 & HWY417 IC121A RAMP61","367277.19956","5029765.07891","-75.70189","45.40503","2017","7/10/2017","4:35:00 PM","01 - Clear","01 - Dry","10 - No control","01 - Non intersection","01 - Daylight","03 - P.D. only","03 - Rear end"
"6858","HIGHWAY 417 btwn HWY417 IC121A RAMP16 & HWY417 IC121A RAMP61","367450.26124","5029843.78137","-75.69967","45.40573","2017","8/31/2017","5:09:00 PM","01 - Clear","01 - Dry","10 - No control","01 - Non intersection","01 - Daylight","03 - P.D. only","03 - Rear end"
"6859","HIGHWAY 417 btwn HWY417 IC121A RAMP16 & HWY417 IC121A RAMP61","367293.09648","5029772.73153","-75.70169","45.40510","2017","8/18/2017","7:45:00 AM","02 - Rain","02 - Wet","10 - No control","01 - Non intersection","01 - Daylight","03 - P.D. only","03 - Rear end"
"6860","HIGHWAY 417 btwn HWY417 IC121A RAMP16 & HWY417 IC121A RAMP61","367493.20294","5029862.97198","-75.69912","45.40590","2017","10/2/2017","3:50:00 PM","01 - Clear","01 - Dry","10 - No control","01 - Non intersection","01 - Daylight","02 - Non-fatal injury","03 - Rear end"
"6861","HIGHWAY 417 btwn HWY417 IC121A RAMP16 & HWY417 IC121A RAMP61","366982.87287","5029656.66464","-75.70566","45.40409","2017","5/18/2017","8:03:00 AM","01 - Clear","01 - Dry","10 - No control","01 - Non intersection","01 - Daylight","03 - P.D. only","03 - Rear end"
"6862","HIGHWAY 417 btwn HWY417 IC121A RAMP16 & HWY417 IC121A RAMP61","367305.61227","5029775.95669","-75.70153","45.40513","2017","5/18/2017","8:50:00 AM","01 - Clear","01 - Dry","10 - No control","01 - Non intersection","01 - Daylight","03 - P.D. only","04 - Sideswipe"
"6863","HIGHWAY 417 btwn HWY417 IC121A RAMP16 & HWY417 IC121A RAMP61","367055.34592","5029680.84055","-75.70473","45.40430","2017","5/20/2017","4:30:00 PM","01 - Clear","01 - Dry","10 - No control","01 - Non intersection","01 - Daylight","03 - P.D. only","03 - Rear end"
"6864","HIGHWAY 417 btwn HWY417 IC121A RAMP16 & HWY417 IC121A RAMP61","367115.32094","5029705.97242","-75.70397","45.40452","2017","1/18/2017","9:30:00 AM","02 - Rain","02 - Wet","10 - No control","01 - Non intersection","01 - Daylight","03 - P.D. only","03 - Rear end"
"6865","HIGHWAY 417 btwn HWY417 IC121A RAMP16 & HWY417 IC121A RAMP61","367429.20821","5029828.11499","-75.69994","45.40559","2017","5/18/2017","8:15:00 AM","01 - Clear","01 - Dry","10 - No control","01 - Non intersection","01 - Daylight","03 - P.D. only","04 - Sideswipe"
"6866","HIGHWAY 417 btwn HWY417 IC121A RAMP16 & HWY417 IC121A RAMP61","367084.78137","5029691.42783","-75.70436","45.40439","2017","4/26/2017","3:10:00 PM","01 - Clear","01 - Dry","10 - No control","01 - Non intersection","01 - Daylight","03 - P.D. only","03 - Rear end"
"6867","HIGHWAY 417 btwn HWY417 IC121A RAMP16 & HWY417 IC121A RAMP61","367380.38869","5029808.88209","-75.70057","45.40542","2017","6/9/2017","9:20:00 PM","01 - Clear","01 - Dry","10 - No control","01 - Non intersection","07 - Dark","03 - P.D. only","03 - Rear end"
"6868","HIGHWAY 417 btwn HWY417 IC121A RAMP16 & HWY417 IC121A RAMP61","367282.39367","5029771.68360","-75.70182","45.40509","2017","5/26/2017","7:40:00 AM","99 - Other","02 - Wet","10 - No control","01 - Non intersection","01 - Daylight","03 - P.D. only","03 - Rear end"
"6869","HIGHWAY 417 btwn HWY417 IC121A RAMP16 & HWY417 IC121A RAMP61","367283.92915","5029765.58006","-75.70180","45.40504","2017","2/28/2017","3:40:00 PM","01 - Clear","01 - Dry","10 - No control","01 - Non intersection","01 - Daylight","03 - P.D. only","03 - Rear end"
"6870","HIGHWAY 417 btwn HWY417 IC121A RAMP16 & HWY417 IC121A RAMP61","367252.30070","5029754.86481","-75.70221","45.40495","2017","4/28/2017","2:35:00 PM","01 - Clear","01 - Dry","10 - No control","01 - Non intersection","01 - Daylight","03 - P.D. only","03 - Rear end"
"6871","HIGHWAY 417 btwn HWY417 IC121A RAMP16 & HWY417 IC121A RAMP61","367290.16652","5029770.36698","-75.70172","45.40508","2017","2/17/2017","10:22:00 PM","01 - Clear","01 - Dry","10 - No control","01 - Non intersection","07 - Dark","03 - P.D. only","03 - Rear end"
"6872","HIGHWAY 417 btwn HWY417 IC121A RAMP51 & HWY417 IC120A RAMP52","367250.27945","5029728.55822","-75.70224","45.40471","2017","9/25/2017","3:50:00 PM","01 - Clear","01 - Dry","10 - No control","01 - Non intersection","01 - Daylight","03 - P.D. only","03 - Rear end"
"6873","HIGHWAY 417 btwn HWY417 IC121A RAMP51 & HWY417 IC120A RAMP52","367261.02565","5029732.63305","-75.70210","45.40474","2017","8/9/2017","6:40:00 AM","01 - Clear","01 - Dry","10 - No control","01 - Non intersection","01 - Daylight","03 - P.D. only","03 - Rear end"
"6874","HIGHWAY 417 btwn HWY417 IC121A RAMP51 & HWY417 IC120A RAMP52","367535.08397","5029851.62720","-75.69859","45.40579","2017","7/26/2017","7:15:00 AM","01 - Clear","01 - Dry","10 - No control","01 - Non intersection","01 - Daylight","03 - P.D. only","04 - Sideswipe"
"6875","HIGHWAY 417 btwn HWY417 IC121A RAMP51 & HWY417 IC120A RAMP52","367243.24562","5029725.01304","-75.70233","45.40468","2017","8/9/2017","6:42:00 AM","01 - Clear","01 - Dry","10 - No control","01 - Non intersection","01 - Daylight","03 - P.D. only","04 - Sideswipe"
"6876","HIGHWAY 417 btwn HWY417 IC121A RAMP51 & HWY417 IC120A RAMP52","367260.51739","5029733.39673","-75.70211","45.40475","2017","8/18/2017","6:09:00 AM","02 - Rain","02 - Wet","10 - No control","01 - Non intersection","03 - Dawn","03 - P.D. only","07 - SMV other"
"6877","HIGHWAY 417 btwn HWY417 IC121A RAMP51 & HWY417 IC120A RAMP52","367084.78802","5029668.83146","-75.70436","45.40419","2017","8/29/2017","3:50:00 PM","01 - Clear","01 - Dry","10 - No control","01 - Non intersection","01 - Daylight","03 - P.D. only","03 - Rear end"
"6878","HIGHWAY 417 btwn HWY417 IC121A RAMP51 & HWY417 IC120A RAMP52","367253.67032","5029732.00781","-75.70220","45.40474","2017","10/25/2017","5:30:00 PM","01 - Clear","01 - Dry","10 - No control","01 - Non intersection","01 - Daylight","03 - P.D. only","04 - Sideswipe"
"6879","HIGHWAY 417 btwn HWY417 IC121A RAMP51 & HWY417 IC120A RAMP52","367239.27184","5029721.53562","-75.70238","45.40465","2017","11/29/2017","3:45:00 PM","01 - Clear","01 - Dry","10 - No control","01 - Non intersection","01 - Daylight","03 - P.D. only","04 - Sideswipe"
"6880","HIGHWAY 417 btwn HWY417 IC121A RAMP51 & HWY417 IC120A RAMP52","367216.66923","5029715.53126","-75.70267","45.40459","2017","12/12/2017","5:35:00 AM","03 - Snow","03 - Loose snow","10 - No control","01 - Non intersection","07 - Dark","03 - P.D. only","07 - SMV other"
"6881","HIGHWAY 417 btwn HWY417 IC121A RAMP51 & HWY417 IC120A RAMP52","367694.75124","5029938.89311","-75.69653","45.40656","2017","4/19/2017","2:45:00 PM","02 - Rain","02 - Wet","10 - No control","01 - Non intersection","01 - Daylight","02 - Non-fatal injury","04 - Sideswipe"
"6882","HIGHWAY 417 btwn HWY417 IC121A RAMP51 & HWY417 IC120A RAMP52","367691.46191","5029933.99114","-75.69658","45.40652","2017","1/6/2017","3:55:00 PM","01 - Clear","01 - Dry","10 - No control","01 - Non intersection","01 - Daylight","03 - P.D. only","04 - Sideswipe"
"6883","HIGHWAY 417 btwn HWY417 IC121A RAMP51 & HWY417 IC120A RAMP52","367182.78370","5029701.33391","-75.70310","45.40447","2017","4/28/2017","5:00:00 PM","01 - Clear","01 - Dry","10 - No control","01 - Non intersection","01 - Daylight","03 - P.D. only","03 - Rear end"
"6884","HIGHWAY 417 btwn HWY417 IC121A RAMP51 & HWY417 IC120A RAMP52","367247.76095","5029726.19124","-75.70227","45.40469","2017","3/15/2017","9:50:00 AM","03 - Snow","03 - Loose snow","10 - No control","01 - Non intersection","01 - Daylight","03 - P.D. only","07 - SMV other"
"6885","HIGHWAY 417 btwn HWY417 IC121A RAMP61 & HWY417 IC120B RAMP36","367546.73689","5029888.80335","-75.69843","45.40612","2017","12/12/2017","2:20:00 PM","03 - Snow","03 - Loose snow","10 - No control","01 - Non intersection","01 - Daylight","03 - P.D. only","07 - SMV other"
"6886","HIGHWAY 417 btwn HWY417 IC121A RAMP61 & HWY417 IC120B RAMP36","367536.26639","5029882.24669","-75.69857","45.40607","2017","11/16/2017","7:05:00 PM","02 - Rain","02 - Wet","10 - No control","01 - Non intersection","07 - Dark","03 - P.D. only","04 - Sideswipe"
"6887","HIGHWAY 417 btwn HWY417 IC121A RAMP61 & HWY417 IC120B RAMP36","367658.61076","5029948.31978","-75.69700","45.40665","2017","5/27/2017","3:25:00 PM","01 - Clear","01 - Dry","10 - No control","01 - Non intersection","01 - Daylight","03 - P.D. only","03 - Rear end"
"6888","HIGHWAY 417 btwn HWY417 IC121A RAMP61 & HWY417 IC120B RAMP36","367547.51561","5029888.38934","-75.69842","45.40612","2017","4/18/2017","3:55:00 PM","01 - Clear","01 - Dry","10 - No control","01 - Non intersection","01 - Daylight","03 - P.D. only","03 - Rear end"
"6889","HIGHWAY 417 btwn HWY417 IC121A RAMP61 & HWY417 IC120B RAMP36","367563.64188","5029892.84329","-75.69822","45.40616","2017","3/31/2017","3:35:00 PM","03 - Snow","02 - Wet","10 - No control","01 - Non intersection","01 - Daylight","02 - Non-fatal injury","03 - Rear end"
"6890","HIGHWAY 417 btwn HWY417 IC121A RAMP61 & HWY417 IC120B RAMP36","367543.65709","5029888.65730","-75.69847","45.40612","2017","2/6/2017","7:00:00 AM","01 - Clear","01 - Dry","10 - No control","01 - Non intersection","03 - Dawn","03 - P.D. only","07 - SMV other"
"6891","HIGHWAY 417 btwn HWY417 IC121B RAMP16 & HWY417 IC121A RAMP16","366591.28620","5029540.56121","-75.71068","45.40308","2017","8/29/2017","4:45:00 PM","01 - Clear","01 - Dry","10 - No control","01 - Non intersection","01 - Daylight","03 - P.D. only","03 - Rear end"
"6892","HIGHWAY 417 btwn HWY417 IC121B RAMP16 & HWY417 IC121A RAMP16","366764.75043","5029587.87068","-75.70846","45.40349","2017","11/17/2017","6:30:00 PM","01 - Clear","01 - Dry","10 - No control","01 - Non intersection","07 - Dark","03 - P.D. only","03 - Rear end"
"6893","HIGHWAY 417 btwn HWY417 IC121B RAMP16 & HWY417 IC121A RAMP16","366723.79295","5029574.14454","-75.70898","45.40337","2017","11/9/2017","5:50:00 PM","02 - Rain","02 - Wet","10 - No control","01 - Non intersection","07 - Dark","03 - P.D. only","03 - Rear end"
"6894","HIGHWAY 417 btwn HWY417 IC121B RAMP16 & HWY417 IC121A RAMP16","366848.96812","5029614.21416","-75.70738","45.40372","2017","12/14/2017","6:30:00 PM","01 - Clear","02 - Wet","10 - No control","01 - Non intersection","07 - Dark","03 - P.D. only","03 - Rear end"
"6895","HIGHWAY 417 btwn HWY417 IC121B RAMP16 & HWY417 IC121A RAMP16","366745.07911","5029583.13282","-75.70871","45.40344","2017","10/20/2017","3:30:00 PM","01 - Clear","01 - Dry","10 - No control","01 - Non intersection","01 - Daylight","03 - P.D. only","04 - Sideswipe"
"6896","HIGHWAY 417 btwn HWY417 IC121B RAMP16 & HWY417 IC121A RAMP16","366924.50456","5029634.09395","-75.70641","45.40389","2017","2/14/2017","4:42:00 AM","01 - Clear","01 - Dry","10 - No control","01 - Non intersection","07 - Dark","03 - P.D. only","04 - Sideswipe"
"6897","HIGHWAY 417 btwn HWY417 IC121B RAMP16 & HWY417 IC121A RAMP16","366661.13408","5029558.01713","-75.70979","45.40323","2017","1/17/2017","10:15:00 PM","03 - Snow","03 - Loose snow","10 - No control","01 - Non intersection","07 - Dark","03 - P.D. only","03 - Rear end"
"6898","HIGHWAY 417 btwn HWY417 IC121B RAMP16 & HWY417 IC121A RAMP16","366862.50240","5029614.11126","-75.70721","45.40371","2017","1/26/2017","5:45:00 PM","01 - Clear","01 - Dry","10 - No control","01 - Non intersection","07 - Dark","03 - P.D. only","03 - Rear end"
"6899","HIGHWAY 417 btwn HWY417 IC121B RAMP16 & HWY417 IC121A RAMP16","366663.01320","5029555.88916","-75.70976","45.40321","2017","2/7/2017","10:54:00 PM","04 - Freezing Rain","04 - Slush","10 - No control","01 - Non intersection","07 - Dark","03 - P.D. only","07 - SMV other"
"6900","HIGHWAY 417 btwn HWY417 IC121B RAMP16 & HWY417 IC121A RAMP16","366769.18009","5029584.79030","-75.70840","45.40346","2017","4/29/2017","2:51:00 PM","01 - Clear","01 - Dry","10 - No control","01 - Non intersection","01 - Daylight","03 - P.D. only","03 - Rear end"
"6901","HIGHWAY 417 btwn HWY417 IC121B RAMP16 & HWY417 IC121A RAMP16","366759.54371","5029586.25065","-75.70853","45.40347","2017","6/8/2017","3:00:00 PM","01 - Clear","01 - Dry","10 - No control","01 - Non intersection","01 - Daylight","03 - P.D. only","03 - Rear end"
"6902","HIGHWAY 417 btwn HWY417 IC121B RAMP16 & HWY417 IC121A RAMP16","366881.48340","5029619.53219","-75.70696","45.40376","2017","3/8/2017","3:14:00 PM","01 - Clear","01 - Dry","10 - No control","01 - Non intersection","01 - Daylight","03 - P.D. only","03 - Rear end"
"6903","HIGHWAY 417 btwn HWY417 IC121B RAMP16 & HWY417 IC121A RAMP16","366853.47372","5029614.33123","-75.70732","45.40372","2017","5/18/2017","8:30:00 AM","01 - Clear","01 - Dry","10 - No control","01 - Non intersection","01 - Daylight","03 - P.D. only","03 - Rear end"
"6904","HIGHWAY 417 btwn HWY417 IC121B RAMP16 & HWY417 IC121A RAMP16","366903.17266","5029631.11737","-75.70668","45.40386","2017","2/3/2017","6:50:00 PM","01 - Clear","01 - Dry","10 - No control","01 - Non intersection","07 - Dark","03 - P.D. only","03 - Rear end"
"6905","HIGHWAY 417 btwn HWY417 IC121B RAMP16 & HWY417 IC121A RAMP16","366859.12512","5029614.45771","-75.70725","45.40372","2017","2/10/2017","9:40:00 AM","01 - Clear","01 - Dry","10 - No control","01 - Non intersection","01 - Daylight","02 - Non-fatal injury","03 - Rear end"
"6906","HIGHWAY 417 btwn HWY417 IC121B RAMP51 & HWY417 IC121A RAMP51","367024.24825","5029647.46682","-75.70514","45.40400","2017","12/4/2017","5:45:00 PM","01 - Clear","01 - Dry","10 - No control","01 - Non intersection","07 - Dark","03 - P.D. only","03 - Rear end"
"6907","HIGHWAY 417 btwn HWY417 IC121B RAMP51 & HWY417 IC121A RAMP51","367026.54642","5029646.39380","-75.70511","45.40399","2017","11/29/2017","8:30:00 PM","01 - Clear","01 - Dry","10 - No control","01 - Non intersection","07 - Dark","03 - P.D. only","99 - Other"
"6908","HIGHWAY 417 btwn HWY417 IC121B RAMP51 & HWY417 IC121A RAMP51","366687.59246","5029545.31710","-75.70945","45.40311","2017","1/17/2017","10:46:00 PM","03 - Snow","03 - Loose snow","10 - No control","01 - Non intersection","07 - Dark","02 - Non-fatal injury","07 - SMV other"
"6909","HIGHWAY 417 btwn HWY417 IC121B RAMP51 & HWY417 IC121A RAMP51","367035.22274","5029653.90468","-75.70500","45.40406","2017","1/26/2017","5:26:00 PM","01 - Clear","01 - Dry","10 - No control","01 - Non intersection","05 - Dusk","03 - P.D. only","03 - Rear end"
"6910","HIGHWAY 417 btwn HWY417 IC121B RAMP51 & HWY417 IC121A RAMP51","366752.43444","5029566.01468","-75.70862","45.40329","2017","5/16/2017","5:00:00 PM","01 - Clear","01 - Dry","10 - No control","01 - Non intersection","01 - Daylight","03 - P.D. only","03 - Rear end"
"6911","HIGHWAY 417 btwn HWY417 IC121B RAMP51 & HWY417 IC121A RAMP51","367036.56289","5029653.02404","-75.70498","45.40405","2017","2/16/2017","7:00:00 PM","01 - Clear","02 - Wet","10 - No control","01 - Non intersection","07 - Dark","02 - Non-fatal injury","03 - Rear end"
"6912","HIGHWAY 417 btwn HWY417 IC121B RAMP51 & HWY417 IC121A RAMP51","366864.86092","5029598.65822","-75.70718","45.40357","2017","2/4/2017","12:22:00 PM","01 - Clear","01 - Dry","10 - No control","01 - Non intersection","01 - Daylight","03 - P.D. only","03 - Rear end"
"6913","HIGHWAY 417 btwn HWY417 IC121B RAMP51 & HWY417 IC121A RAMP51","366992.36333","5029641.10274","-75.70554","45.40394","2017","1/13/2017","4:30:00 PM","01 - Clear","01 - Dry","10 - No control","01 - Non intersection","01 - Daylight","03 - P.D. only","03 - Rear end"
"6914","HIGHWAY 417 btwn HWY417 IC122 RAMP15 & HWY417 IC121B RAMP51","366554.42676","5029506.48666","-75.71115","45.40277","2017","11/22/2017","5:05:00 PM","01 - Clear","01 - Dry","10 - No control","01 - Non intersection","05 - Dusk","03 - P.D. only","04 - Sideswipe"
"6915","HIGHWAY 417 btwn HWY417 IC122 RAMP15 & HWY417 IC121B RAMP51","365798.44390","5029180.67939","-75.72085","45.39991","2017","12/14/2017","6:20:00 AM","01 - Clear","02 - Wet","10 - No control","01 - Non intersection","07 - Dark","03 - P.D. only","04 - Sideswipe"
"6916","HIGHWAY 417 btwn HWY417 IC122 RAMP15 & HWY417 IC121B RAMP51","366524.83929","5029498.73582","-75.71153","45.40270","2017","7/26/2017","6:50:00 AM","01 - Clear","01 - Dry","10 - No control","01 - Non intersection","01 - Daylight","03 - P.D. only","03 - Rear end"