"Record","Location","X","Y","Longitude","Latitude","Year","Date","Time","Environment","Road_Surface","Traffic_Control","Collision_Location","Light","Collision_Classification","Impact_type"
"6917","HIGHWAY 417 btwn HWY417 IC122 RAMP15 & HWY417 IC121B RAMP51","366539.31457","5029499.88746","-75.71135","45.40271","2017","7/13/2017","4:00:00 PM","01 - Clear","01 - Dry","10 - No control","01 - Non intersection","01 - Daylight","03 - P.D. only","03 - Rear end"
"6918","HIGHWAY 417 btwn HWY417 IC122 RAMP15 & HWY417 IC121B RAMP51","366055.65633","5029313.18809","-75.71755","45.40108","2017","7/18/2017","9:30:00 PM","01 - Clear","01 - Dry","10 - No control","01 - Non intersection","07 - Dark","03 - P.D. only","03 - Rear end"
"6919","HIGHWAY 417 btwn HWY417 IC122 RAMP15 & HWY417 IC121B RAMP51","365795.04385","5029177.54215","-75.72090","45.39988","2017","11/19/2017","1:20:00 AM","04 - Freezing Rain","06 - Ice","10 - No control","01 - Non intersection","07 - Dark","03 - P.D. only","07 - SMV other"
"6920","HIGHWAY 417 btwn HWY417 IC122 RAMP15 & HWY417 IC121B RAMP51","366460.85416","5029475.43080","-75.71235","45.40250","2017","11/15/2017","4:46:00 PM","01 - Clear","01 - Dry","10 - No control","01 - Non intersection","05 - Dusk","03 - P.D. only","03 - Rear end"
"6921","HIGHWAY 417 btwn HWY417 IC122 RAMP15 & HWY417 IC121B RAMP51","365784.07701","5029166.97098","-75.72104","45.39978","2017","10/24/2017","8:15:00 AM","02 - Rain","02 - Wet","10 - No control","01 - Non intersection","01 - Daylight","03 - P.D. only","04 - Sideswipe"
"6922","HIGHWAY 417 btwn HWY417 IC122 RAMP15 & HWY417 IC121B RAMP51","365787.68389","5029170.02065","-75.72099","45.39981","2017","11/22/2017","5:45:00 PM","01 - Clear","01 - Dry","10 - No control","01 - Non intersection","07 - Dark","03 - P.D. only","03 - Rear end"
"6923","HIGHWAY 417 btwn HWY417 IC122 RAMP15 & HWY417 IC121B RAMP51","366558.31091","5029507.23426","-75.71111","45.40278","2017","7/27/2017","4:00:00 PM","01 - Clear","01 - Dry","10 - No control","01 - Non intersection","01 - Daylight","02 - Non-fatal injury","04 - Sideswipe"
"6924","HIGHWAY 417 btwn HWY417 IC122 RAMP15 & HWY417 IC121B RAMP51","365694.77914","5029114.11183","-75.72218","45.39932","2017","8/6/2017","2:30:00 PM","01 - Clear","01 - Dry","10 - No control","01 - Non intersection","01 - Daylight","03 - P.D. only","03 - Rear end"
"6925","HIGHWAY 417 btwn HWY417 IC122 RAMP15 & HWY417 IC121B RAMP51","366457.73006","5029477.21170","-75.71239","45.40252","2017","11/21/2017","7:00:00 AM","01 - Clear","02 - Wet","10 - No control","01 - Non intersection","03 - Dawn","03 - P.D. only","03 - Rear end"
"6926","HIGHWAY 417 btwn HWY417 IC122 RAMP15 & HWY417 IC121B RAMP51","366557.85935","5029505.50917","-75.71111","45.40276","2017","7/25/2017","10:25:00 PM","01 - Clear","01 - Dry","10 - No control","01 - Non intersection","07 - Dark","03 - P.D. only","03 - Rear end"
"6927","HIGHWAY 417 btwn HWY417 IC122 RAMP15 & HWY417 IC121B RAMP51","365801.11094","5029180.30588","-75.72082","45.39990","2017","9/20/2017","5:05:00 PM","01 - Clear","01 - Dry","10 - No control","01 - Non intersection","01 - Daylight","03 - P.D. only","03 - Rear end"
"6928","HIGHWAY 417 btwn HWY417 IC122 RAMP15 & HWY417 IC121B RAMP51","366459.12127","5029476.50545","-75.71238","45.40251","2017","8/28/2017","3:00:00 PM","01 - Clear","01 - Dry","10 - No control","01 - Non intersection","01 - Daylight","03 - P.D. only","03 - Rear end"
"6929","HIGHWAY 417 btwn HWY417 IC122 RAMP15 & HWY417 IC121B RAMP51","366557.71118","5029506.93083","-75.71111","45.40278","2017","2/10/2017","4:35:00 PM","01 - Clear","01 - Dry","10 - No control","01 - Non intersection","01 - Daylight","03 - P.D. only","03 - Rear end"
"6930","HIGHWAY 417 btwn HWY417 IC122 RAMP15 & HWY417 IC121B RAMP51","366457.84997","5029478.47039","-75.71239","45.40253","2017","4/1/2017","1:13:00 AM","03 - Snow","02 - Wet","10 - No control","01 - Non intersection","07 - Dark","03 - P.D. only","07 - SMV other"
"6931","HIGHWAY 417 btwn HWY417 IC122 RAMP15 & HWY417 IC121B RAMP51","366556.44118","5029503.12082","-75.71113","45.40274","2017","2/10/2017","3:03:00 PM","01 - Clear","01 - Dry","10 - No control","01 - Non intersection","01 - Daylight","03 - P.D. only","03 - Rear end"
"6932","HIGHWAY 417 btwn HWY417 IC122 RAMP15 & HWY417 IC121B RAMP51","366563.08270","5029507.86099","-75.71104","45.40278","2017","4/13/2017","5:05:00 PM","01 - Clear","01 - Dry","10 - No control","01 - Non intersection","01 - Daylight","02 - Non-fatal injury","03 - Rear end"
"6933","HIGHWAY 417 btwn HWY417 IC122 RAMP15 & HWY417 IC121B RAMP51","366532.88756","5029494.99591","-75.71143","45.40267","2017","5/29/2017","8:35:00 AM","02 - Rain","02 - Wet","10 - No control","01 - Non intersection","01 - Daylight","03 - P.D. only","03 - Rear end"
"6934","HIGHWAY 417 btwn HWY417 IC122 RAMP15 & HWY417 IC121B RAMP51","366463.85775","5029473.89321","-75.71232","45.40249","2017","3/23/2017","7:51:00 PM","01 - Clear","01 - Dry","10 - No control","01 - Non intersection","07 - Dark","03 - P.D. only","04 - Sideswipe"
"6935","HIGHWAY 417 btwn HWY417 IC122 RAMP15 & HWY417 IC121B RAMP51","366065.26287","5029317.19128","-75.71743","45.40111","2017","4/13/2017","7:00:00 AM","01 - Clear","01 - Dry","10 - No control","01 - Non intersection","01 - Daylight","03 - P.D. only","03 - Rear end"
"6936","HIGHWAY 417 btwn HWY417 IC122 RAMP15 & HWY417 IC121B RAMP51","365806.48324","5029183.87660","-75.72075","45.39993","2017","4/24/2017","8:00:00 AM","01 - Clear","01 - Dry","10 - No control","01 - Non intersection","01 - Daylight","03 - P.D. only","03 - Rear end"
"6937","HIGHWAY 417 btwn HWY417 IC122 RAMP15 & HWY417 IC121B RAMP51","365915.27588","5029238.06482","-75.71935","45.40041","2017","2/13/2017","7:40:00 AM","01 - Clear","06 - Ice","10 - No control","01 - Non intersection","01 - Daylight","03 - P.D. only","03 - Rear end"
"6938","HIGHWAY 417 btwn HWY417 IC122 RAMP15 & HWY417 IC121B RAMP51","365744.33817","5029148.66363","-75.72155","45.39962","2017","5/18/2017","7:46:00 AM","01 - Clear","01 - Dry","10 - No control","01 - Non intersection","01 - Daylight","03 - P.D. only","03 - Rear end"
"6939","HIGHWAY 417 btwn HWY417 IC122 RAMP15 & HWY417 IC121B RAMP51","365872.30746","5029222.18979","-75.71990","45.40027","2017","2/13/2017","7:45:00 AM","01 - Clear","06 - Ice","10 - No control","01 - Non intersection","01 - Daylight","02 - Non-fatal injury","03 - Rear end"
"6940","HIGHWAY 417 btwn HWY417 IC122 RAMP15 & HWY417 IC121B RAMP51","366540.69450","5029499.56968","-75.71133","45.40271","2017","6/21/2017","5:20:00 PM","01 - Clear","01 - Dry","10 - No control","01 - Non intersection","01 - Daylight","03 - P.D. only","03 - Rear end"
"6941","HIGHWAY 417 btwn HWY417 IC122 RAMP15 & HWY417 IC121B RAMP51","366460.30034","5029480.72132","-75.71236","45.40255","2017","7/5/2017","4:15:00 PM","01 - Clear","01 - Dry","10 - No control","01 - Non intersection","01 - Daylight","02 - Non-fatal injury","03 - Rear end"
"6942","HIGHWAY 417 btwn HWY417 IC122 RAMP15 & HWY417 IC121B RAMP51","365815.77582","5029188.45704","-75.72063","45.39998","2017","5/18/2017","7:45:00 AM","01 - Clear","01 - Dry","10 - No control","01 - Non intersection","01 - Daylight","02 - Non-fatal injury","04 - Sideswipe"
"6943","HIGHWAY 417 btwn HWY417 IC122 RAMP15 & HWY417 IC121B RAMP51","365795.64620","5029176.40701","-75.72089","45.39987","2017","6/6/2017","11:50:00 AM","01 - Clear","01 - Dry","10 - No control","01 - Non intersection","01 - Daylight","03 - P.D. only","03 - Rear end"
"6944","HIGHWAY 417 btwn HWY417 IC122 RAMP15 & HWY417 IC121B RAMP51","366462.80101","5029482.63631","-75.71233","45.40257","2017","6/21/2017","4:40:00 PM","01 - Clear","01 - Dry","10 - No control","01 - Non intersection","01 - Daylight","03 - P.D. only","03 - Rear end"
"6945","HIGHWAY 417 btwn HWY417 IC122 RAMP15 & HWY417 IC121B RAMP51","366392.51430","5029455.47588","-75.71323","45.40233","2017","1/8/2017","5:00:00 PM","01 - Clear","02 - Wet","10 - No control","01 - Non intersection","05 - Dusk","03 - P.D. only","07 - SMV other"
"6946","HIGHWAY 417 btwn HWY417 IC122 RAMP16 & HWY417 IC122 RAMP61","365345.53215","5028893.55740","-75.72667","45.39736","2017","12/9/2017","8:40:00 PM","03 - Snow","03 - Loose snow","10 - No control","01 - Non intersection","07 - Dark","03 - P.D. only","04 - Sideswipe"
"6947","HIGHWAY 417 btwn HWY417 IC122 RAMP16 & HWY417 IC122 RAMP61","365187.77268","5028772.23528","-75.72870","45.39628","2017","7/23/2017","2:05:00 PM","01 - Clear","01 - Dry","10 - No control","01 - Non intersection","01 - Daylight","03 - P.D. only","07 - SMV other"
"6948","HIGHWAY 417 btwn HWY417 IC122 RAMP16 & HWY417 IC122 RAMP61","365307.68071","5028879.04289","-75.72716","45.39724","2017","10/28/2017","10:00:00 PM","02 - Rain","02 - Wet","10 - No control","01 - Non intersection","07 - Dark","03 - P.D. only","03 - Rear end"
"6949","HIGHWAY 417 btwn HWY417 IC122 RAMP16 & HWY417 IC122 RAMP61","365261.48473","5028844.82522","-75.72775","45.39693","2017","12/4/2017","5:15:00 PM","01 - Clear","01 - Dry","10 - No control","01 - Non intersection","07 - Dark","03 - P.D. only","03 - Rear end"
"6950","HIGHWAY 417 btwn HWY417 IC122 RAMP16 & HWY417 IC122 RAMP61","365323.96157","5028891.58961","-75.72695","45.39735","2017","11/13/2017","7:32:00 AM","01 - Clear","01 - Dry","10 - No control","01 - Non intersection","01 - Daylight","03 - P.D. only","04 - Sideswipe"
"6951","HIGHWAY 417 btwn HWY417 IC122 RAMP16 & HWY417 IC122 RAMP61","365338.16077","5028897.66959","-75.72676","45.39740","2017","10/30/2017","12:45:00 AM","02 - Rain","02 - Wet","10 - No control","01 - Non intersection","07 - Dark","03 - P.D. only","07 - SMV other"
"6952","HIGHWAY 417 btwn HWY417 IC122 RAMP16 & HWY417 IC122 RAMP61","365241.27367","5028823.64256","-75.72801","45.39674","2017","9/17/2017","1:15:00 PM","01 - Clear","01 - Dry","10 - No control","01 - Non intersection","01 - Daylight","02 - Non-fatal injury","04 - Sideswipe"
"6953","HIGHWAY 417 btwn HWY417 IC122 RAMP16 & HWY417 IC122 RAMP61","365242.07371","5028837.10715","-75.72800","45.39686","2017","9/13/2017","6:10:00 PM","01 - Clear","01 - Dry","10 - No control","01 - Non intersection","01 - Daylight","03 - P.D. only","03 - Rear end"
"6954","HIGHWAY 417 btwn HWY417 IC122 RAMP16 & HWY417 IC122 RAMP61","365307.39658","5028876.31545","-75.72716","45.39721","2017","3/24/2017","10:20:00 AM","03 - Snow","04 - Slush","10 - No control","01 - Non intersection","01 - Daylight","03 - P.D. only","07 - SMV other"
"6955","HIGHWAY 417 btwn HWY417 IC122 RAMP16 & HWY417 IC122 RAMP61","365349.56312","5028909.56740","-75.72662","45.39751","2017","1/3/2017","8:10:00 PM","04 - Freezing Rain","04 - Slush","10 - No control","01 - Non intersection","07 - Dark","03 - P.D. only","07 - SMV other"
"6956","HIGHWAY 417 btwn HWY417 IC122 RAMP16 & HWY417 IC122 RAMP61","365336.94272","5028898.85691","-75.72678","45.39741","2017","2/20/2017","4:30:00 PM","01 - Clear","01 - Dry","10 - No control","01 - Non intersection","01 - Daylight","02 - Non-fatal injury","03 - Rear end"
"6957","HIGHWAY 417 btwn HWY417 IC122 RAMP16 & HWY417 IC122 RAMP61","365611.72692","5029083.51277","-75.72325","45.39905","2017","1/6/2017","5:35:00 PM","01 - Clear","02 - Wet","10 - No control","01 - Non intersection","05 - Dusk","03 - P.D. only","03 - Rear end"
"6958","HIGHWAY 417 btwn HWY417 IC122 RAMP16 & HWY417 IC122 RAMP61","365352.52820","5028905.07096","-75.72658","45.39747","2017","6/8/2017","2:59:00 PM","01 - Clear","01 - Dry","10 - No control","01 - Non intersection","01 - Daylight","02 - Non-fatal injury","03 - Rear end"
"6959","HIGHWAY 417 btwn HWY417 IC122 RAMP51 & HWY417 IC122 RAMP15","365311.85892","5028861.87562","-75.72711","45.39708","2017","10/10/2017","4:50:00 PM","01 - Clear","01 - Dry","10 - No control","01 - Non intersection","01 - Daylight","03 - P.D. only","03 - Rear end"
"6960","HIGHWAY 417 btwn HWY417 IC122 RAMP51 & HWY417 IC122 RAMP15","365341.29881","5028879.97543","-75.72673","45.39724","2017","12/12/2017","5:30:00 AM","03 - Snow","03 - Loose snow","10 - No control","01 - Non intersection","07 - Dark","03 - P.D. only","04 - Sideswipe"
"6961","HIGHWAY 417 btwn HWY417 IC122 RAMP51 & HWY417 IC122 RAMP15","365273.61226","5028832.75391","-75.72760","45.39682","2017","12/12/2017","7:10:00 PM","03 - Snow","03 - Loose snow","10 - No control","01 - Non intersection","07 - Dark","03 - P.D. only","04 - Sideswipe"
"6962","HIGHWAY 417 btwn HWY417 IC122 RAMP51 & HWY417 IC122 RAMP15","365316.68960","5028864.87210","-75.72704","45.39711","2017","12/14/2017","7:10:00 AM","01 - Clear","01 - Dry","10 - No control","01 - Non intersection","03 - Dawn","03 - P.D. only","03 - Rear end"
"6963","HIGHWAY 417 btwn HWY417 IC122 RAMP51 & HWY417 IC122 RAMP15","365600.32053","5029058.95255","-75.72340","45.39883","2017","12/28/2017","9:30:00 AM","01 - Clear","06 - Ice","10 - No control","01 - Non intersection","01 - Daylight","03 - P.D. only","04 - Sideswipe"
"6964","HIGHWAY 417 btwn HWY417 IC122 RAMP51 & HWY417 IC122 RAMP15","365317.92507","5028863.20594","-75.72703","45.39709","2017","11/19/2017","2:55:00 AM","04 - Freezing Rain","04 - Slush","10 - No control","01 - Non intersection","07 - Dark","03 - P.D. only","07 - SMV other"
"6965","HIGHWAY 417 btwn HWY417 IC122 RAMP51 & HWY417 IC122 RAMP15","365306.20221","5028857.92144","-75.72718","45.39705","2017","9/12/2017","3:50:00 PM","01 - Clear","01 - Dry","10 - No control","01 - Non intersection","01 - Daylight","03 - P.D. only","03 - Rear end"
"6966","HIGHWAY 417 btwn HWY417 IC122 RAMP51 & HWY417 IC122 RAMP15","365301.73653","5028855.39454","-75.72724","45.39702","2017","11/13/2017","10:55:00 AM","01 - Clear","01 - Dry","10 - No control","01 - Non intersection","01 - Daylight","03 - P.D. only","04 - Sideswipe"
"6967","HIGHWAY 417 btwn HWY417 IC122 RAMP51 & HWY417 IC122 RAMP15","365311.60000","5028863.10548","-75.72711","45.39709","2017","3/28/2017","9:59:00 PM","01 - Clear","01 - Dry","10 - No control","01 - Non intersection","07 - Dark","03 - P.D. only","03 - Rear end"
"6968","HIGHWAY 417 btwn HWY417 IC122 RAMP51 & HWY417 IC122 RAMP15","365368.18982","5028894.32737","-75.72638","45.39737","2017","1/3/2017","8:44:00 PM","04 - Freezing Rain","02 - Wet","10 - No control","01 - Non intersection","07 - Dark","02 - Non-fatal injury","07 - SMV other"
"6969","HIGHWAY 417 btwn HWY417 IC122 RAMP51 & HWY417 IC122 RAMP15","365246.76934","5028806.32821","-75.72794","45.39659","2017","6/19/2017","5:55:00 PM","01 - Clear","01 - Dry","10 - No control","01 - Non intersection","01 - Daylight","03 - P.D. only","03 - Rear end"
"6970","HIGHWAY 417 btwn HWY417 IC122 RAMP51 & HWY417 IC122 RAMP15","365308.65493","5028855.33565","-75.72715","45.39702","2017","1/5/2017","11:50:00 AM","01 - Clear","02 - Wet","10 - No control","01 - Non intersection","01 - Daylight","03 - P.D. only","07 - SMV other"
"6971","HIGHWAY 417 btwn HWY417 IC122 RAMP51 & HWY417 IC122 RAMP15","365456.12527","5028957.84972","-75.72525","45.39793","2017","1/9/2017","8:20:00 AM","01 - Clear","06 - Ice","10 - No control","01 - Non intersection","01 - Daylight","03 - P.D. only","03 - Rear end"
"6972","HIGHWAY 417 btwn HWY417 IC122 RAMP61 & HWY417 IC121B RAMP16","365808.01510","5029207.59956","-75.72073","45.40015","2017","8/3/2017","4:16:00 PM","01 - Clear","01 - Dry","10 - No control","01 - Non intersection","01 - Daylight","03 - P.D. only","03 - Rear end"
"6973","HIGHWAY 417 btwn HWY417 IC122 RAMP61 & HWY417 IC121B RAMP16","365809.17169","5029205.94203","-75.72071","45.40013","2017","7/26/2017","3:15:00 PM","01 - Clear","01 - Dry","10 - No control","01 - Non intersection","01 - Daylight","03 - P.D. only","03 - Rear end"
"6974","HIGHWAY 417 btwn HWY417 IC122 RAMP61 & HWY417 IC121B RAMP16","366450.70249","5029491.15920","-75.71248","45.40264","2017","12/8/2017","11:55:00 AM","01 - Clear","01 - Dry","10 - No control","01 - Non intersection","01 - Daylight","03 - P.D. only","03 - Rear end"
"6975","HIGHWAY 417 btwn HWY417 IC122 RAMP61 & HWY417 IC121B RAMP16","365810.05675","5029207.53730","-75.72070","45.40015","2017","12/11/2017","1:00:00 PM","01 - Clear","01 - Dry","10 - No control","01 - Non intersection","01 - Daylight","03 - P.D. only","03 - Rear end"
"6976","HIGHWAY 417 btwn HWY417 IC122 RAMP61 & HWY417 IC121B RAMP16","366078.82381","5029346.28745","-75.71725","45.40137","2017","9/23/2017","1:40:00 PM","01 - Clear","01 - Dry","10 - No control","01 - Non intersection","01 - Daylight","03 - P.D. only","04 - Sideswipe"
"6977","HIGHWAY 417 btwn HWY417 IC122 RAMP61 & HWY417 IC121B RAMP16","365811.47634","5029206.00945","-75.72068","45.40013","2017","11/3/2017","6:56:00 PM","01 - Clear","01 - Dry","10 - No control","01 - Non intersection","07 - Dark","03 - P.D. only","03 - Rear end"
"6978","HIGHWAY 417 btwn HWY417 IC122 RAMP61 & HWY417 IC121B RAMP16","365931.32445","5029275.55306","-75.71914","45.40075","2017","11/28/2017","6:30:00 PM","01 - Clear","01 - Dry","10 - No control","01 - Non intersection","07 - Dark","03 - P.D. only","03 - Rear end"
"6979","HIGHWAY 417 btwn HWY417 IC122 RAMP61 & HWY417 IC121B RAMP16","366078.71638","5029349.84487","-75.71725","45.40140","2017","12/27/2017","5:20:00 PM","01 - Clear","01 - Dry","10 - No control","01 - Non intersection","07 - Dark","02 - Non-fatal injury","03 - Rear end"
"6980","HIGHWAY 417 btwn HWY417 IC122 RAMP61 & HWY417 IC121B RAMP16","365662.75363","5029113.86596","-75.72259","45.39932","2017","7/22/2017","7:30:00 PM","01 - Clear","01 - Dry","10 - No control","01 - Non intersection","01 - Daylight","03 - P.D. only","04 - Sideswipe"
"6981","HIGHWAY 417 btwn HWY417 IC122 RAMP61 & HWY417 IC121B RAMP16","366459.62989","5029492.43549","-75.71237","45.40265","2017","11/22/2017","2:49:00 PM","01 - Clear","01 - Dry","10 - No control","01 - Non intersection","01 - Daylight","03 - P.D. only","03 - Rear end"
"6982","HIGHWAY 417 btwn HWY417 IC122 RAMP61 & HWY417 IC121B RAMP16","366470.80838","5029501.45215","-75.71222","45.40273","2017","11/26/2017","6:40:00 PM","05 - Drifting Snow","03 - Loose snow","10 - No control","01 - Non intersection","07 - Dark","03 - P.D. only","07 - SMV other"
"6983","HIGHWAY 417 btwn HWY417 IC122 RAMP61 & HWY417 IC121B RAMP16","365922.16667","5029274.43641","-75.71926","45.40074","2017","9/4/2017","9:30:00 AM","00 - Unknown","01 - Dry","10 - No control","01 - Non intersection","01 - Daylight","03 - P.D. only","04 - Sideswipe"
"6984","HIGHWAY 417 btwn HWY417 IC122 RAMP61 & HWY417 IC121B RAMP16","365813.13756","5029209.47010","-75.72066","45.40016","2017","11/26/2017","9:20:00 AM","01 - Clear","01 - Dry","10 - No control","01 - Non intersection","01 - Daylight","03 - P.D. only","03 - Rear end"
"6985","HIGHWAY 417 btwn HWY417 IC122 RAMP61 & HWY417 IC121B RAMP16","366096.92554","5029350.14359","-75.71702","45.40141","2017","12/14/2017","6:00:00 PM","01 - Clear","01 - Dry","10 - No control","01 - Non intersection","07 - Dark","03 - P.D. only","04 - Sideswipe"
"6986","HIGHWAY 417 btwn HWY417 IC122 RAMP61 & HWY417 IC121B RAMP16","366032.39798","5029323.22314","-75.71785","45.40117","2017","12/31/2017","9:00:00 AM","01 - Clear","06 - Ice","10 - No control","01 - Non intersection","01 - Daylight","03 - P.D. only","07 - SMV other"
"6987","HIGHWAY 417 btwn HWY417 IC122 RAMP61 & HWY417 IC121B RAMP16","366551.30590","5029524.77597","-75.71119","45.40294","2017","8/8/2017","4:30:00 PM","01 - Clear","01 - Dry","10 - No control","01 - Non intersection","01 - Daylight","03 - P.D. only","03 - Rear end"
"6988","HIGHWAY 417 btwn HWY417 IC122 RAMP61 & HWY417 IC121B RAMP16","366026.89463","5029328.25024","-75.71792","45.40121","2017","12/31/2017","7:34:00 AM","04 - Freezing Rain","06 - Ice","10 - No control","01 - Non intersection","03 - Dawn","03 - P.D. only","03 - Rear end"
"6989","HIGHWAY 417 btwn HWY417 IC122 RAMP61 & HWY417 IC121B RAMP16","366382.45955","5029474.30013","-75.71336","45.40250","2017","12/15/2017","9:55:00 AM","01 - Clear","02 - Wet","10 - No control","01 - Non intersection","01 - Daylight","02 - Non-fatal injury","03 - Rear end"
"6990","HIGHWAY 417 btwn HWY417 IC122 RAMP61 & HWY417 IC121B RAMP16","366047.76244","5029330.72974","-75.71765","45.40124","2017","12/17/2017","5:53:00 PM","01 - Clear","01 - Dry","10 - No control","01 - Non intersection","07 - Dark","03 - P.D. only","07 - SMV other"
"6991","HIGHWAY 417 btwn HWY417 IC122 RAMP61 & HWY417 IC121B RAMP16","365835.34052","5029222.82335","-75.72037","45.40028","2017","4/21/2017","5:00:00 PM","01 - Clear","01 - Dry","10 - No control","01 - Non intersection","01 - Daylight","02 - Non-fatal injury","03 - Rear end"
"6992","HIGHWAY 417 btwn HWY417 IC122 RAMP61 & HWY417 IC121B RAMP16","365814.53017","5029210.38717","-75.72064","45.40017","2017","4/2/2017","6:35:00 AM","01 - Clear","01 - Dry","10 - No control","01 - Non intersection","03 - Dawn","02 - Non-fatal injury","07 - SMV other"
"6993","HIGHWAY 417 btwn HWY417 IC122 RAMP61 & HWY417 IC121B RAMP16","366457.13376","5029493.75722","-75.71240","45.40267","2017","4/20/2017","4:30:00 PM","01 - Clear","01 - Dry","10 - No control","01 - Non intersection","01 - Daylight","03 - P.D. only","03 - Rear end"
"6994","HIGHWAY 417 btwn HWY417 IC122 RAMP61 & HWY417 IC121B RAMP16","365768.69753","5029181.11925","-75.72123","45.39991","2017","5/18/2017","3:05:00 PM","01 - Clear","01 - Dry","10 - No control","01 - Non intersection","01 - Daylight","03 - P.D. only","03 - Rear end"
"6995","HIGHWAY 417 btwn HWY417 IC122 RAMP61 & HWY417 IC121B RAMP16","365744.25312","5029163.72590","-75.72155","45.39976","2017","4/25/2017","5:50:00 PM","02 - Rain","02 - Wet","10 - No control","01 - Non intersection","01 - Daylight","03 - P.D. only","03 - Rear end"
"6996","HIGHWAY 417 btwn HWY417 IC122 RAMP61 & HWY417 IC121B RAMP16","366377.87977","5029469.68600","-75.71341","45.40246","2017","3/16/2017","3:30:00 PM","01 - Clear","01 - Dry","10 - No control","01 - Non intersection","01 - Daylight","03 - P.D. only","03 - Rear end"
"6997","HIGHWAY 417 btwn HWY417 IC122 RAMP61 & HWY417 IC121B RAMP16","365694.14132","5029140.03467","-75.72219","45.39955","2017","5/16/2017","5:20:00 PM","01 - Clear","01 - Dry","10 - No control","01 - Non intersection","01 - Daylight","03 - P.D. only","03 - Rear end"
"6998","HIGHWAY 417 btwn HWY417 IC122 RAMP61 & HWY417 IC121B RAMP16","365809.31124","5029210.00873","-75.72071","45.40017","2017","5/1/2017","4:21:00 PM","02 - Rain","02 - Wet","10 - No control","01 - Non intersection","01 - Daylight","03 - P.D. only","03 - Rear end"
"6999","HIGHWAY 417 btwn HWY417 IC122 RAMP61 & HWY417 IC121B RAMP16","366538.67928","5029519.86824","-75.71135","45.40289","2017","3/31/2017","9:00:00 PM","03 - Snow","03 - Loose snow","10 - No control","01 - Non intersection","07 - Dark","03 - P.D. only","07 - SMV other"
"7000","HIGHWAY 417 btwn HWY417 IC122 RAMP61 & HWY417 IC121B RAMP16","366074.81483","5029342.59403","-75.71730","45.40134","2017","3/7/2017","6:10:00 PM","02 - Rain","02 - Wet","10 - No control","01 - Non intersection","05 - Dusk","03 - P.D. only","04 - Sideswipe"
"7001","HIGHWAY 417 btwn HWY417 IC122 RAMP61 & HWY417 IC121B RAMP16","365704.02533","5029144.40552","-75.72206","45.39959","2017","1/21/2017","4:00:00 PM","01 - Clear","02 - Wet","10 - No control","01 - Non intersection","01 - Daylight","03 - P.D. only","04 - Sideswipe"
"7002","HIGHWAY 417 btwn HWY417 IC122 RAMP61 & HWY417 IC121B RAMP16","365808.37053","5029206.52487","-75.72072","45.40014","2017","4/2/2017","1:45:00 PM","01 - Clear","01 - Dry","10 - No control","01 - Non intersection","01 - Daylight","02 - Non-fatal injury","03 - Rear end"
"7003","HIGHWAY 417 btwn HWY417 IC122 RAMP61 & HWY417 IC121B RAMP16","365770.17154","5029185.30610","-75.72121","45.39995","2017","6/15/2017","4:00:00 PM","01 - Clear","01 - Dry","10 - No control","01 - Non intersection","01 - Daylight","03 - P.D. only","03 - Rear end"
"7004","HIGHWAY 417 btwn HWY417 IC122 RAMP61 & HWY417 IC121B RAMP16","366457.28443","5029496.11596","-75.71240","45.40269","2017","1/7/2017","5:00:00 PM","01 - Clear","01 - Dry","10 - No control","01 - Non intersection","05 - Dusk","03 - P.D. only","03 - Rear end"
"7005","HIGHWAY 417 btwn HWY417 IC122 RAMP61 & HWY417 IC121B RAMP16","366547.77856","5029525.80641","-75.71124","45.40295","2017","1/7/2017","11:40:00 PM","01 - Clear","01 - Dry","10 - No control","01 - Non intersection","07 - Dark","03 - P.D. only","99 - Other"
"7006","HIGHWAY 417 btwn HWY417 IC122 RAMP61 & HWY417 IC121B RAMP16","366459.41330","5029498.08644","-75.71237","45.40270","2017","2/19/2017","3:00:00 PM","01 - Clear","01 - Dry","10 - No control","01 - Non intersection","01 - Daylight","03 - P.D. only","04 - Sideswipe"
"7007","HIGHWAY 417 btwn HWY417 IC122 RAMP61 & HWY417 IC121B RAMP16","365744.03720","5029168.95552","-75.72155","45.39981","2017","2/13/2017","9:35:00 AM","01 - Clear","06 - Ice","10 - No control","01 - Non intersection","01 - Daylight","03 - P.D. only","03 - Rear end"
"7008","HIGHWAY 417 btwn HWY417 IC122 RAMP61 & HWY417 IC121B RAMP16","365714.82449","5029152.09999","-75.72192","45.39966","2017","1/7/2017","5:20:00 PM","01 - Clear","06 - Ice","10 - No control","01 - Non intersection","05 - Dusk","03 - P.D. only","03 - Rear end"
"7009","HIGHWAY 417 btwn HWY417 IC122 RAMP61 & HWY417 IC121B RAMP16","366472.30113","5029498.93778","-75.71220","45.40271","2017","6/23/2017","12:54:00 PM","01 - Clear","01 - Dry","10 - No control","01 - Non intersection","01 - Daylight","02 - Non-fatal injury","03 - Rear end"
"7010","HIGHWAY 417 btwn HWY417 IC122 RAMP61 & HWY417 IC121B RAMP16","365787.15478","5029195.20694","-75.72099","45.40004","2017","2/10/2017","11:05:00 PM","03 - Snow","03 - Loose snow","10 - No control","01 - Non intersection","07 - Dark","03 - P.D. only","99 - Other"
"7011","HIGHWAY 417 btwn HWY417 IC122 RAMP61 & HWY417 IC121B RAMP16","365810.02376","5029206.15030","-75.72070","45.40013","2017","7/2/2017","1:46:00 PM","01 - Clear","01 - Dry","10 - No control","01 - Non intersection","01 - Daylight","03 - P.D. only","03 - Rear end"
"7012","HIGHWAY 417 btwn HWY417 IC122 RAMP61 & HWY417 IC121B RAMP16","366389.19313","5029470.53643","-75.71327","45.40246","2017","2/13/2017","7:00:00 AM","05 - Drifting Snow","06 - Ice","10 - No control","01 - Non intersection","03 - Dawn","02 - Non-fatal injury","03 - Rear end"
"7013","HIGHWAY 417 btwn HWY417 IC122 RAMP61 & HWY417 IC121B RAMP16","365727.67948","5029157.38525","-75.72176","45.39970","2017","2/3/2017","7:23:00 PM","01 - Clear","01 - Dry","10 - No control","01 - Non intersection","07 - Dark","03 - P.D. only","04 - Sideswipe"
"7014","HIGHWAY 417 btwn HWY417 IC122 RAMP61 & HWY417 IC121B RAMP16","366092.88155","5029349.97103","-75.71707","45.40140","2017","7/2/2017","1:00:00 PM","01 - Clear","01 - Dry","10 - No control","01 - Non intersection","01 - Daylight","03 - P.D. only","04 - Sideswipe"