"Record","Location","X","Y","Longitude","Latitude","Year","Date","Time","Environment","Road_Surface","Traffic_Control","Collision_Location","Light","Collision_Classification","Impact_type"
"7015","HIGHWAY 417 btwn HWY417 IC122 RAMP61 & HWY417 IC121B RAMP16","365824.51717","5029212.65153","-75.72051","45.40019","2017","2/3/2017","7:26:00 PM","01 - Clear","01 - Dry","10 - No control","01 - Non intersection","07 - Dark","03 - P.D. only","04 - Sideswipe"
"7016","HIGHWAY 417 btwn HWY417 IC123 RAMP62 & HWY417 IC122 RAMP16","365092.55233","5028641.56028","-75.72993","45.39512","2017","9/3/2017","3:42:00 AM","01 - Clear","01 - Dry","10 - No control","01 - Non intersection","07 - Dark","03 - P.D. only","07 - SMV other"
"7017","HIGHWAY 417 btwn HWY417 IC123 RAMP62 & HWY417 IC122 RAMP16","365121.59919","5028695.69095","-75.72956","45.39560","2017","11/19/2017","9:23:00 AM","03 - Snow","03 - Loose snow","10 - No control","01 - Non intersection","01 - Daylight","03 - P.D. only","07 - SMV other"
"7018","HIGHWAY 417 btwn HWY417 IC123 RAMP62 & HWY417 IC122 RAMP16","365119.17503","5028691.97592","-75.72959","45.39557","2017","11/3/2017","6:20:00 PM","01 - Clear","01 - Dry","10 - No control","01 - Non intersection","07 - Dark","03 - P.D. only","03 - Rear end"
"7019","HIGHWAY 417 btwn HWY417 IC123 RAMP62 & HWY417 IC122 RAMP16","365114.46836","5028680.24202","-75.72965","45.39546","2017","12/31/2017","12:30:00 PM","01 - Clear","01 - Dry","10 - No control","01 - Non intersection","01 - Daylight","03 - P.D. only","07 - SMV other"
"7020","HIGHWAY 417 btwn HWY417 IC123 RAMP62 & HWY417 IC122 RAMP16","365116.82948","5028689.65856","-75.72962","45.39555","2017","11/29/2017","8:00:00 AM","02 - Rain","02 - Wet","10 - No control","01 - Non intersection","01 - Daylight","03 - P.D. only","03 - Rear end"
"7021","HIGHWAY 417 btwn HWY417 IC123 RAMP62 & HWY417 IC122 RAMP16","364948.75982","5028387.84199","-75.73180","45.39285","2017","9/2/2017","2:05:00 PM","01 - Clear","01 - Dry","10 - No control","01 - Non intersection","01 - Daylight","03 - P.D. only","03 - Rear end"
"7022","HIGHWAY 417 btwn HWY417 IC123 RAMP62 & HWY417 IC122 RAMP16","365026.85771","5028525.80928","-75.73079","45.39408","2017","8/2/2017","5:30:00 PM","01 - Clear","01 - Dry","10 - No control","01 - Non intersection","01 - Daylight","03 - P.D. only","03 - Rear end"
"7023","HIGHWAY 417 btwn HWY417 IC123 RAMP62 & HWY417 IC122 RAMP16","365018.66234","5028516.04473","-75.73089","45.39399","2017","12/14/2017","7:40:00 AM","01 - Clear","01 - Dry","10 - No control","01 - Non intersection","03 - Dawn","03 - P.D. only","03 - Rear end"
"7024","HIGHWAY 417 btwn HWY417 IC123 RAMP62 & HWY417 IC122 RAMP16","365135.96716","5028709.58182","-75.72937","45.39573","2017","7/24/2017","6:00:00 AM","02 - Rain","02 - Wet","10 - No control","01 - Non intersection","01 - Daylight","03 - P.D. only","07 - SMV other"
"7025","HIGHWAY 417 btwn HWY417 IC123 RAMP62 & HWY417 IC122 RAMP16","365133.91210","5028720.89375","-75.72939","45.39583","2017","12/28/2017","7:10:00 AM","01 - Clear","06 - Ice","10 - No control","01 - Non intersection","03 - Dawn","03 - P.D. only","07 - SMV other"
"7026","HIGHWAY 417 btwn HWY417 IC123 RAMP62 & HWY417 IC122 RAMP16","365102.11373","5028671.13831","-75.72981","45.39538","2017","7/17/2017","7:19:00 PM","01 - Clear","01 - Dry","10 - No control","01 - Non intersection","01 - Daylight","03 - P.D. only","04 - Sideswipe"
"7027","HIGHWAY 417 btwn HWY417 IC123 RAMP62 & HWY417 IC122 RAMP16","364913.77940","5028313.06098","-75.73226","45.39218","2017","11/15/2017","10:55:00 AM","01 - Clear","01 - Dry","10 - No control","01 - Non intersection","01 - Daylight","03 - P.D. only","99 - Other"
"7028","HIGHWAY 417 btwn HWY417 IC123 RAMP62 & HWY417 IC122 RAMP16","364873.33568","5028249.34818","-75.73278","45.39161","2017","11/25/2017","6:00:00 PM","02 - Rain","02 - Wet","10 - No control","01 - Non intersection","07 - Dark","03 - P.D. only","03 - Rear end"
"7029","HIGHWAY 417 btwn HWY417 IC123 RAMP62 & HWY417 IC122 RAMP16","365114.32988","5028685.46275","-75.72965","45.39551","2017","10/26/2017","3:24:00 PM","01 - Clear","01 - Dry","10 - No control","01 - Non intersection","01 - Daylight","03 - P.D. only","03 - Rear end"
"7030","HIGHWAY 417 btwn HWY417 IC123 RAMP62 & HWY417 IC122 RAMP16","365136.22621","5028715.43912","-75.72937","45.39578","2017","11/26/2017","8:55:00 AM","01 - Clear","01 - Dry","10 - No control","01 - Non intersection","01 - Daylight","03 - P.D. only","07 - SMV other"
"7031","HIGHWAY 417 btwn HWY417 IC123 RAMP62 & HWY417 IC122 RAMP16","364884.12184","5028276.68073","-75.73264","45.39185","2017","9/23/2017","9:20:00 AM","01 - Clear","01 - Dry","10 - No control","01 - Non intersection","01 - Daylight","03 - P.D. only","04 - Sideswipe"
"7032","HIGHWAY 417 btwn HWY417 IC123 RAMP62 & HWY417 IC122 RAMP16","365137.16230","5028717.67910","-75.72935","45.39580","2017","7/2/2017","12:40:00 PM","01 - Clear","01 - Dry","10 - No control","01 - Non intersection","01 - Daylight","03 - P.D. only","03 - Rear end"
"7033","HIGHWAY 417 btwn HWY417 IC123 RAMP62 & HWY417 IC122 RAMP16","365019.38625","5028518.95138","-75.73088","45.39402","2017","6/1/2017","9:42:00 PM","01 - Clear","01 - Dry","10 - No control","01 - Non intersection","07 - Dark","03 - P.D. only","03 - Rear end"
"7034","HIGHWAY 417 btwn HWY417 IC123 RAMP62 & HWY417 IC122 RAMP16","365112.66286","5028688.35507","-75.72967","45.39554","2017","3/24/2017","9:20:00 AM","03 - Snow","04 - Slush","10 - No control","01 - Non intersection","01 - Daylight","03 - P.D. only","07 - SMV other"
"7035","HIGHWAY 417 btwn HWY417 IC123 RAMP62 & HWY417 IC122 RAMP16","365130.26298","5028705.18654","-75.72944","45.39569","2017","4/29/2017","12:55:00 PM","01 - Clear","00 - Unknown","10 - No control","01 - Non intersection","01 - Daylight","03 - P.D. only","03 - Rear end"
"7036","HIGHWAY 417 btwn HWY417 IC123 RAMP62 & HWY417 IC122 RAMP16","365120.97718","5028696.29800","-75.72956","45.39561","2017","1/9/2017","7:44:00 AM","01 - Clear","01 - Dry","10 - No control","01 - Non intersection","03 - Dawn","03 - P.D. only","07 - SMV other"
"7037","HIGHWAY 417 btwn HWY417 IC123 RAMP62 & HWY417 IC122 RAMP16","365132.58978","5028712.47886","-75.72941","45.39575","2017","6/26/2017","3:15:00 PM","01 - Clear","01 - Dry","10 - No control","01 - Non intersection","01 - Daylight","02 - Non-fatal injury","03 - Rear end"
"7038","HIGHWAY 417 btwn HWY417 IC123 RAMP62 & HWY417 IC122 RAMP16","365136.85595","5028710.87917","-75.72936","45.39574","2017","2/2/2017","6:20:00 PM","01 - Clear","02 - Wet","10 - No control","01 - Non intersection","07 - Dark","03 - P.D. only","07 - SMV other"
"7039","HIGHWAY 417 btwn HWY417 IC123 RAMP62 & HWY417 IC122 RAMP16","365131.68849","5028711.66485","-75.72942","45.39574","2017","4/5/2017","8:05:00 PM","01 - Clear","01 - Dry","10 - No control","01 - Non intersection","07 - Dark","03 - P.D. only","04 - Sideswipe"
"7040","HIGHWAY 417 btwn HWY417 IC124 RAMP55 & HWY417 IC124 RAMP65","364504.14506","5027597.06406","-75.73757","45.38577","2017","3/16/2017","5:15:00 PM","01 - Clear","01 - Dry","10 - No control","01 - Non intersection","01 - Daylight","03 - P.D. only","03 - Rear end"
"7041","HIGHWAY 417 btwn HWY417 IC124 RAMP57 & HWY417 IC124 RAMP55","364101.52473","5027069.30778","-75.74278","45.38105","2017","10/24/2017","7:30:00 AM","02 - Rain","02 - Wet","10 - No control","01 - Non intersection","01 - Daylight","03 - P.D. only","03 - Rear end"
"7042","HIGHWAY 417 btwn HWY417 IC124 RAMP57 & HWY417 IC124 RAMP55","364364.97502","5027415.78292","-75.73937","45.38415","2017","10/2/2017","4:45:00 PM","01 - Clear","01 - Dry","10 - No control","01 - Non intersection","01 - Daylight","03 - P.D. only","03 - Rear end"
"7043","HIGHWAY 417 btwn HWY417 IC124 RAMP57 & HWY417 IC124 RAMP55","364108.89278","5027079.76231","-75.74268","45.38115","2017","9/14/2017","2:20:00 PM","01 - Clear","01 - Dry","10 - No control","01 - Non intersection","01 - Daylight","02 - Non-fatal injury","03 - Rear end"
"7044","HIGHWAY 417 btwn HWY417 IC124 RAMP57 & HWY417 IC124 RAMP55","364122.98962","5027101.39311","-75.74250","45.38134","2017","11/21/2017","8:50:00 AM","02 - Rain","02 - Wet","10 - No control","01 - Non intersection","01 - Daylight","03 - P.D. only","04 - Sideswipe"
"7045","HIGHWAY 417 btwn HWY417 IC124 RAMP57 & HWY417 IC124 RAMP55","364121.70893","5027098.00646","-75.74252","45.38131","2017","12/13/2017","5:32:00 PM","01 - Clear","02 - Wet","10 - No control","01 - Non intersection","07 - Dark","03 - P.D. only","03 - Rear end"
"7046","HIGHWAY 417 btwn HWY417 IC124 RAMP57 & HWY417 IC124 RAMP55","364107.46166","5027091.35203","-75.74270","45.38125","2017","12/15/2017","9:00:00 AM","01 - Clear","02 - Wet","10 - No control","01 - Non intersection","01 - Daylight","03 - P.D. only","03 - Rear end"
"7047","HIGHWAY 417 btwn HWY417 IC124 RAMP57 & HWY417 IC124 RAMP55","364101.25328","5027073.74878","-75.74278","45.38109","2017","12/31/2017","6:44:00 AM","01 - Clear","06 - Ice","10 - No control","01 - Non intersection","07 - Dark","03 - P.D. only","07 - SMV other"
"7048","HIGHWAY 417 btwn HWY417 IC124 RAMP57 & HWY417 IC124 RAMP55","364111.97281","5027095.49687","-75.74264","45.38129","2017","12/30/2017","12:05:00 AM","01 - Clear","06 - Ice","10 - No control","01 - Non intersection","07 - Dark","02 - Non-fatal injury","07 - SMV other"
"7049","HIGHWAY 417 btwn HWY417 IC124 RAMP57 & HWY417 IC124 RAMP55","364125.59422","5027101.26533","-75.74247","45.38134","2017","5/11/2017","12:17:00 PM","01 - Clear","01 - Dry","10 - No control","01 - Non intersection","01 - Daylight","03 - P.D. only","99 - Other"
"7050","HIGHWAY 417 btwn HWY417 IC124 RAMP57 & HWY417 IC124 RAMP55","364014.79352","5026966.01370","-75.74390","45.38013","2017","6/24/2017","1:20:00 PM","01 - Clear","01 - Dry","10 - No control","01 - Non intersection","01 - Daylight","03 - P.D. only","03 - Rear end"
"7051","HIGHWAY 417 btwn HWY417 IC124 RAMP57 & HWY417 IC124 RAMP55","364331.99927","5027383.87603","-75.73980","45.38387","2017","2/10/2017","5:50:00 AM","01 - Clear","01 - Dry","10 - No control","01 - Non intersection","07 - Dark","01 - Fatal injury","99 - Other"
"7052","HIGHWAY 417 btwn HWY417 IC124 RAMP57 & HWY417 IC124 RAMP55","364115.39842","5027094.50566","-75.74260","45.38128","2017","6/9/2017","6:48:00 AM","01 - Clear","01 - Dry","10 - No control","01 - Non intersection","01 - Daylight","03 - P.D. only","03 - Rear end"
"7053","HIGHWAY 417 btwn HWY417 IC124 RAMP57 & HWY417 IC124 RAMP55","363987.27680","5026925.79695","-75.74425","45.37977","2017","6/24/2017","1:15:00 PM","01 - Clear","01 - Dry","10 - No control","01 - Non intersection","01 - Daylight","03 - P.D. only","99 - Other"
"7054","HIGHWAY 417 btwn HWY417 IC124 RAMP57 & HWY417 IC124 RAMP55","364143.43635","5027125.67606","-75.74224","45.38156","2017","2/10/2017","6:05:00 AM","01 - Clear","01 - Dry","10 - No control","01 - Non intersection","07 - Dark","03 - P.D. only","03 - Rear end"
"7055","HIGHWAY 417 btwn HWY417 IC124 RAMP57 & HWY417 IC124 RAMP55","364119.24421","5027095.97365","-75.74255","45.38129","2017","5/11/2017","7:50:00 AM","01 - Clear","01 - Dry","10 - No control","01 - Non intersection","01 - Daylight","03 - P.D. only","03 - Rear end"
"7056","HIGHWAY 417 btwn HWY417 IC124 RAMP57 & HWY417 IC124 RAMP55","364376.88364","5027439.96897","-75.73922","45.38437","2017","4/6/2017","9:10:00 AM","02 - Rain","02 - Wet","10 - No control","01 - Non intersection","01 - Daylight","03 - P.D. only","04 - Sideswipe"
"7057","HIGHWAY 417 btwn HWY417 IC124 RAMP57 & HWY417 IC124 RAMP55","364097.89806","5027070.83858","-75.74282","45.38107","2017","7/4/2017","5:00:00 PM","01 - Clear","01 - Dry","10 - No control","01 - Non intersection","01 - Daylight","03 - P.D. only","03 - Rear end"
"7058","HIGHWAY 417 btwn HWY417 IC124 RAMP57 & HWY417 IC124 RAMP55","364120.57242","5027098.93679","-75.74253","45.38132","2017","5/25/2017","4:45:00 PM","02 - Rain","02 - Wet","10 - No control","01 - Non intersection","01 - Daylight","03 - P.D. only","03 - Rear end"
"7059","HIGHWAY 417 btwn HWY417 IC124 RAMP65 & HWY417 IC122 RAMP51","365131.26923","5028672.67838","-75.72943","45.39539","2017","12/14/2017","7:27:00 AM","01 - Clear","01 - Dry","10 - No control","01 - Non intersection","03 - Dawn","03 - P.D. only","03 - Rear end"
"7060","HIGHWAY 417 btwn HWY417 IC124 RAMP65 & HWY417 IC122 RAMP51","365123.81884","5028668.95882","-75.72953","45.39536","2017","9/14/2017","5:15:00 PM","01 - Clear","01 - Dry","10 - No control","01 - Non intersection","01 - Daylight","03 - P.D. only","03 - Rear end"
"7061","HIGHWAY 417 btwn HWY417 IC124 RAMP65 & HWY417 IC122 RAMP51","364892.87897","5028250.22278","-75.73253","45.39161","2017","7/26/2017","3:28:00 PM","01 - Clear","01 - Dry","10 - No control","01 - Non intersection","01 - Daylight","02 - Non-fatal injury","03 - Rear end"
"7062","HIGHWAY 417 btwn HWY417 IC124 RAMP65 & HWY417 IC122 RAMP51","365108.56340","5028632.60652","-75.72973","45.39504","2017","11/16/2017","10:30:00 AM","01 - Clear","01 - Dry","10 - No control","01 - Non intersection","01 - Daylight","03 - P.D. only","04 - Sideswipe"
"7063","HIGHWAY 417 btwn HWY417 IC124 RAMP65 & HWY417 IC122 RAMP51","364721.04502","5027923.14024","-75.73476","45.38868","2017","12/21/2017","8:00:00 PM","01 - Clear","01 - Dry","10 - No control","01 - Non intersection","07 - Dark","02 - Non-fatal injury","07 - SMV other"
"7064","HIGHWAY 417 btwn HWY417 IC124 RAMP65 & HWY417 IC122 RAMP51","364960.28544","5028374.21998","-75.73165","45.39272","2017","8/22/2017","4:00:00 PM","01 - Clear","01 - Dry","10 - No control","01 - Non intersection","01 - Daylight","02 - Non-fatal injury","04 - Sideswipe"
"7065","HIGHWAY 417 btwn HWY417 IC124 RAMP65 & HWY417 IC122 RAMP51","365096.30535","5028614.09551","-75.72989","45.39487","2017","8/15/2017","5:20:00 PM","01 - Clear","01 - Dry","10 - No control","01 - Non intersection","01 - Daylight","03 - P.D. only","03 - Rear end"
"7066","HIGHWAY 417 btwn HWY417 IC124 RAMP65 & HWY417 IC122 RAMP51","365125.38333","5028664.72330","-75.72951","45.39532","2017","12/31/2017","6:45:00 AM","01 - Clear","06 - Ice","10 - No control","01 - Non intersection","07 - Dark","03 - P.D. only","07 - SMV other"
"7067","HIGHWAY 417 btwn HWY417 IC124 RAMP65 & HWY417 IC122 RAMP51","365076.47360","5028591.22503","-75.73014","45.39467","2017","12/15/2017","8:55:00 AM","01 - Clear","06 - Ice","10 - No control","01 - Non intersection","01 - Daylight","02 - Non-fatal injury","03 - Rear end"
"7068","HIGHWAY 417 btwn HWY417 IC124 RAMP65 & HWY417 IC122 RAMP51","365129.09291","5028665.93289","-75.72946","45.39533","2017","8/2/2017","3:05:00 PM","01 - Clear","01 - Dry","10 - No control","01 - Non intersection","01 - Daylight","03 - P.D. only","07 - SMV other"
"7069","HIGHWAY 417 btwn HWY417 IC124 RAMP65 & HWY417 IC122 RAMP51","364776.05729","5028023.55623","-75.73405","45.38958","2017","9/13/2017","4:40:00 PM","01 - Clear","01 - Dry","10 - No control","01 - Non intersection","01 - Daylight","03 - P.D. only","03 - Rear end"
"7070","HIGHWAY 417 btwn HWY417 IC124 RAMP65 & HWY417 IC122 RAMP51","364981.85083","5028407.55801","-75.73138","45.39302","2017","12/23/2017","12:50:00 PM","03 - Snow","03 - Loose snow","10 - No control","01 - Non intersection","01 - Daylight","03 - P.D. only","04 - Sideswipe"
"7071","HIGHWAY 417 btwn HWY417 IC124 RAMP65 & HWY417 IC122 RAMP51","365126.88005","5028667.39111","-75.72949","45.39535","2017","12/11/2017","4:50:00 PM","01 - Clear","01 - Dry","10 - No control","01 - Non intersection","07 - Dark","03 - P.D. only","03 - Rear end"
"7072","HIGHWAY 417 btwn HWY417 IC124 RAMP65 & HWY417 IC122 RAMP51","364869.11955","5028207.39586","-75.73284","45.39123","2017","10/21/2017","3:42:00 PM","01 - Clear","01 - Dry","10 - No control","01 - Non intersection","01 - Daylight","03 - P.D. only","03 - Rear end"
"7073","HIGHWAY 417 btwn HWY417 IC124 RAMP65 & HWY417 IC122 RAMP51","365061.64568","5028553.54564","-75.73034","45.39433","2017","11/3/2017","7:20:00 PM","01 - Clear","01 - Dry","10 - No control","01 - Non intersection","07 - Dark","03 - P.D. only","03 - Rear end"
"7074","HIGHWAY 417 btwn HWY417 IC124 RAMP65 & HWY417 IC122 RAMP51","365125.64746","5028664.33119","-75.72951","45.39532","2017","12/20/2017","6:21:00 AM","03 - Snow","06 - Ice","10 - No control","01 - Non intersection","07 - Dark","03 - P.D. only","07 - SMV other"
"7075","HIGHWAY 417 btwn HWY417 IC124 RAMP65 & HWY417 IC122 RAMP51","364961.04251","5028374.69793","-75.73164","45.39273","2017","11/28/2017","5:28:00 PM","01 - Clear","01 - Dry","10 - No control","01 - Non intersection","07 - Dark","03 - P.D. only","03 - Rear end"
"7076","HIGHWAY 417 btwn HWY417 IC124 RAMP65 & HWY417 IC122 RAMP51","365115.64619","5028645.32922","-75.72964","45.39515","2017","12/20/2017","4:30:00 PM","01 - Clear","01 - Dry","10 - No control","01 - Non intersection","05 - Dusk","03 - P.D. only","04 - Sideswipe"
"7077","HIGHWAY 417 btwn HWY417 IC124 RAMP65 & HWY417 IC122 RAMP51","364805.57797","5028079.31745","-75.73367","45.39008","2017","8/29/2017","9:35:00 AM","01 - Clear","01 - Dry","10 - No control","01 - Non intersection","01 - Daylight","03 - P.D. only","03 - Rear end"
"7078","HIGHWAY 417 btwn HWY417 IC124 RAMP65 & HWY417 IC122 RAMP51","365176.58893","5028732.55955","-75.72885","45.39593","2017","10/23/2017","3:15:00 AM","01 - Clear","01 - Dry","10 - No control","01 - Non intersection","07 - Dark","03 - P.D. only","07 - SMV other"
"7079","HIGHWAY 417 btwn HWY417 IC124 RAMP65 & HWY417 IC122 RAMP51","364853.14928","5028174.03951","-75.73305","45.39093","2017","12/5/2017","8:50:00 AM","02 - Rain","02 - Wet","10 - No control","01 - Non intersection","01 - Daylight","03 - P.D. only","03 - Rear end"
"7080","HIGHWAY 417 btwn HWY417 IC124 RAMP65 & HWY417 IC122 RAMP51","365166.95498","5028716.20295","-75.72897","45.39578","2017","12/10/2017","9:52:00 AM","01 - Clear","02 - Wet","10 - No control","01 - Non intersection","01 - Daylight","03 - P.D. only","04 - Sideswipe"
"7081","HIGHWAY 417 btwn HWY417 IC124 RAMP65 & HWY417 IC122 RAMP51","364958.05002","5028371.25436","-75.73168","45.39270","2017","5/4/2017","4:40:00 PM","01 - Clear","01 - Dry","10 - No control","01 - Non intersection","01 - Daylight","03 - P.D. only","03 - Rear end"
"7082","HIGHWAY 417 btwn HWY417 IC124 RAMP65 & HWY417 IC122 RAMP51","364716.04495","5027912.90039","-75.73483","45.38859","2017","4/18/2017","5:35:00 PM","01 - Clear","01 - Dry","10 - No control","01 - Non intersection","01 - Daylight","03 - P.D. only","03 - Rear end"
"7083","HIGHWAY 417 btwn HWY417 IC124 RAMP65 & HWY417 IC122 RAMP51","365124.66289","5028662.31011","-75.72952","45.39530","2017","5/11/2017","7:51:00 AM","01 - Clear","01 - Dry","10 - No control","01 - Non intersection","01 - Daylight","03 - P.D. only","03 - Rear end"
"7084","HIGHWAY 417 btwn HWY417 IC124 RAMP65 & HWY417 IC122 RAMP51","365126.81261","5028669.66378","-75.72949","45.39537","2017","3/15/2017","8:00:00 AM","03 - Snow","03 - Loose snow","10 - No control","01 - Non intersection","01 - Daylight","03 - P.D. only","03 - Rear end"
"7085","HIGHWAY 417 btwn HWY417 IC124 RAMP65 & HWY417 IC122 RAMP51","364722.28022","5027934.41326","-75.73475","45.38879","2017","5/26/2017","8:15:00 PM","01 - Clear","01 - Dry","10 - No control","01 - Non intersection","05 - Dusk","03 - P.D. only","99 - Other"
"7086","HIGHWAY 417 btwn HWY417 IC124 RAMP65 & HWY417 IC122 RAMP51","364952.34465","5028363.34074","-75.73176","45.39263","2017","6/21/2017","5:35:00 PM","01 - Clear","01 - Dry","10 - No control","01 - Non intersection","01 - Daylight","03 - P.D. only","04 - Sideswipe"
"7087","HIGHWAY 417 btwn HWY417 IC124 RAMP65 & HWY417 IC122 RAMP51","364971.07195","5028390.81866","-75.73151","45.39287","2017","5/24/2017","5:00:00 PM","01 - Clear","01 - Dry","10 - No control","01 - Non intersection","01 - Daylight","03 - P.D. only","03 - Rear end"
"7088","HIGHWAY 417 btwn HWY417 IC124 RAMP65 & HWY417 IC122 RAMP51","364727.58897","5027932.39193","-75.73468","45.38877","2017","5/10/2017","7:30:00 AM","01 - Clear","01 - Dry","10 - No control","01 - Non intersection","01 - Daylight","03 - P.D. only","03 - Rear end"
"7089","HIGHWAY 417 btwn HWY417 IC124 RAMP65 & HWY417 IC122 RAMP51","364893.45552","5028247.23304","-75.73252","45.39159","2017","3/23/2017","12:15:00 PM","01 - Clear","01 - Dry","10 - No control","01 - Non intersection","01 - Daylight","03 - P.D. only","03 - Rear end"
"7090","HIGHWAY 417 btwn HWY417 IC124 RAMP65 & HWY417 IC122 RAMP51","365129.91879","5028675.02383","-75.72945","45.39541","2017","6/8/2017","3:14:00 PM","01 - Clear","01 - Dry","10 - No control","01 - Non intersection","01 - Daylight","03 - P.D. only","03 - Rear end"
"7091","HIGHWAY 417 btwn HWY417 IC124 RAMP65 & HWY417 IC122 RAMP51","365090.80970","5028595.22742","-75.72996","45.39470","2017","1/12/2017","4:55:00 PM","02 - Rain","02 - Wet","10 - No control","01 - Non intersection","05 - Dusk","03 - P.D. only","03 - Rear end"
"7092","HIGHWAY 417 btwn HWY417 IC124 RAMP65 & HWY417 IC122 RAMP51","365153.88086","5028704.79561","-75.72914","45.39568","2017","1/3/2017","11:03:00 AM","02 - Rain","04 - Slush","10 - No control","01 - Non intersection","01 - Daylight","03 - P.D. only","04 - Sideswipe"
"7093","HIGHWAY 417 btwn HWY417 IC124 RAMP65 & HWY417 IC122 RAMP51","364960.81134","5028371.80742","-75.73165","45.39270","2017","6/21/2017","4:15:00 PM","01 - Clear","01 - Dry","10 - No control","01 - Non intersection","01 - Daylight","03 - P.D. only","04 - Sideswipe"
"7094","HIGHWAY 417 btwn HWY417 IC124 RAMP65 & HWY417 IC122 RAMP51","365056.79235","5028539.67305","-75.73040","45.39420","2017","1/9/2017","7:40:00 AM","01 - Clear","06 - Ice","10 - No control","01 - Non intersection","03 - Dawn","03 - P.D. only","03 - Rear end"
"7095","HIGHWAY 417 btwn HWY417 IC124 RAMP65 & HWY417 IC122 RAMP51","365168.46984","5028722.94904","-75.72895","45.39584","2017","1/3/2017","8:25:00 AM","03 - Snow","04 - Slush","10 - No control","01 - Non intersection","01 - Daylight","03 - P.D. only","04 - Sideswipe"
"7096","HIGHWAY 417 btwn HWY417 IC124 RAMP65 & HWY417 IC122 RAMP51","365076.05406","5028582.21814","-75.73015","45.39458","2017","1/9/2017","9:12:00 AM","01 - Clear","01 - Dry","10 - No control","01 - Non intersection","01 - Daylight","03 - P.D. only","03 - Rear end"
"7097","HIGHWAY 417 btwn HWY417 IC124 RAMP65 & HWY417 IC122 RAMP51","365104.54481","5028619.84509","-75.72978","45.39492","2017","5/30/2017","3:10:00 PM","01 - Clear","01 - Dry","10 - No control","01 - Non intersection","01 - Daylight","03 - P.D. only","03 - Rear end"
"7098","HIGHWAY 417 btwn HWY417 IC124 RAMP65 & HWY417 IC122 RAMP51","364793.70564","5028057.65164","-75.73382","45.38989","2017","3/16/2017","4:30:00 PM","01 - Clear","01 - Dry","10 - No control","01 - Non intersection","01 - Daylight","02 - Non-fatal injury","03 - Rear end"
"7099","HIGHWAY 417 btwn HWY417 IC124 RAMP65 & HWY417 IC122 RAMP51","364670.30381","5027838.42010","-75.73542","45.38793","2017","5/4/2017","2:55:00 PM","01 - Clear","01 - Dry","10 - No control","01 - Non intersection","01 - Daylight","02 - Non-fatal injury","03 - Rear end"
"7100","HIGHWAY 417 btwn HWY417 IC124 RAMP65 & HWY417 IC122 RAMP51","365104.89975","5028634.83912","-75.72978","45.39506","2017","6/2/2017","10:30:00 AM","01 - Clear","01 - Dry","10 - No control","01 - Non intersection","01 - Daylight","02 - Non-fatal injury","04 - Sideswipe"
"7101","HIGHWAY 417 btwn HWY417 IC124 RAMP65 & HWY417 IC122 RAMP51","365074.69999","5028574.82955","-75.73017","45.39452","2017","1/9/2017","7:53:00 AM","01 - Clear","01 - Dry","10 - No control","01 - Non intersection","03 - Dawn","03 - P.D. only","03 - Rear end"
"7102","HIGHWAY 417 btwn HWY417 IC124 RAMP67 & HWY417 IC123 RAMP62","364732.30291","5027980.35381","-75.73461","45.38920","2017","12/15/2017","8:43:00 AM","01 - Clear","06 - Ice","10 - No control","01 - Non intersection","01 - Daylight","03 - P.D. only","03 - Rear end"
"7103","HIGHWAY 417 btwn HWY417 IC124 RAMP67 & HWY417 IC123 RAMP62","364722.80978","5027967.80488","-75.73474","45.38909","2017","9/9/2017","10:20:00 PM","01 - Clear","01 - Dry","10 - No control","01 - Non intersection","07 - Dark","03 - P.D. only","04 - Sideswipe"
"7104","HIGHWAY 417 btwn HWY417 IC124 RAMP67 & HWY417 IC123 RAMP62","364724.41793","5027973.78508","-75.73472","45.38914","2017","10/26/2017","7:30:00 PM","01 - Clear","01 - Dry","10 - No control","01 - Non intersection","07 - Dark","02 - Non-fatal injury","03 - Rear end"
"7105","HIGHWAY 417 btwn HWY417 IC124 RAMP67 & HWY417 IC123 RAMP62","364722.98142","5027968.79555","-75.73473","45.38910","2017","10/24/2017","7:07:00 AM","01 - Clear","01 - Dry","10 - No control","01 - Non intersection","07 - Dark","03 - P.D. only","03 - Rear end"
"7106","HIGHWAY 417 btwn HWY417 IC124 RAMP67 & HWY417 IC123 RAMP62","364622.80683","5027804.80255","-75.73603","45.38763","2017","7/17/2017","3:12:00 PM","01 - Clear","01 - Dry","10 - No control","01 - Non intersection","01 - Daylight","03 - P.D. only","04 - Sideswipe"
"7107","HIGHWAY 417 btwn HWY417 IC124 RAMP67 & HWY417 IC123 RAMP62","364751.28303","5028016.65046","-75.73437","45.38952","2017","11/11/2017","2:57:00 PM","01 - Clear","01 - Dry","10 - No control","01 - Non intersection","01 - Daylight","03 - P.D. only","04 - Sideswipe"
"7108","HIGHWAY 417 btwn HWY417 IC124 RAMP67 & HWY417 IC123 RAMP62","364611.03185","5027786.80750","-75.73619","45.38747","2017","12/20/2017","4:26:00 PM","01 - Clear","01 - Dry","10 - No control","01 - Non intersection","05 - Dusk","03 - P.D. only","03 - Rear end"
"7109","HIGHWAY 417 btwn HWY417 IC124 RAMP67 & HWY417 IC123 RAMP62","364749.50091","5028019.16199","-75.73439","45.38955","2017","11/22/2017","10:52:00 AM","01 - Clear","01 - Dry","10 - No control","01 - Non intersection","01 - Daylight","03 - P.D. only","03 - Rear end"
"7110","HIGHWAY 417 btwn HWY417 IC124 RAMP67 & HWY417 IC123 RAMP62","364792.65992","5028095.86347","-75.73383","45.39023","2017","9/10/2017","1:45:00 PM","01 - Clear","01 - Dry","10 - No control","01 - Non intersection","01 - Daylight","03 - P.D. only","03 - Rear end"
"7111","HIGHWAY 417 btwn HWY417 IC124 RAMP67 & HWY417 IC123 RAMP62","364714.16921","5027950.23151","-75.73485","45.38893","2017","12/27/2017","6:25:00 PM","01 - Clear","01 - Dry","10 - No control","01 - Non intersection","07 - Dark","03 - P.D. only","03 - Rear end"
"7112","HIGHWAY 417 btwn HWY417 IC124 RAMP67 & HWY417 IC123 RAMP62","364738.58301","5027999.71710","-75.73453","45.38937","2017","11/11/2017","3:05:00 PM","01 - Clear","01 - Dry","10 - No control","01 - Non intersection","01 - Daylight","03 - P.D. only","04 - Sideswipe"
"7113","HIGHWAY 417 btwn HWY417 IC124 RAMP67 & HWY417 IC123 RAMP62","364765.50594","5028048.04524","-75.73418","45.38980","2017","8/10/2017","11:20:00 PM","01 - Clear","01 - Dry","10 - No control","01 - Non intersection","07 - Dark","03 - P.D. only","04 - Sideswipe"