"Record","Location","X","Y","Longitude","Latitude","Year","Date","Time","Environment","Road_Surface","Traffic_Control","Collision_Location","Light","Collision_Classification","Impact_type"
"7114","HIGHWAY 417 btwn HWY417 IC124 RAMP67 & HWY417 IC123 RAMP62","364720.19235","5027963.61535","-75.73477","45.38905","2017","10/23/2017","5:15:00 PM","01 - Clear","01 - Dry","10 - No control","01 - Non intersection","01 - Daylight","02 - Non-fatal injury","04 - Sideswipe"
"7115","HIGHWAY 417 btwn HWY417 IC124 RAMP67 & HWY417 IC123 RAMP62","364768.36584","5028048.38421","-75.73415","45.38981","2017","7/20/2017","4:45:00 PM","01 - Clear","01 - Dry","10 - No control","01 - Non intersection","01 - Daylight","03 - P.D. only","03 - Rear end"
"7116","HIGHWAY 417 btwn HWY417 IC124 RAMP67 & HWY417 IC123 RAMP62","364711.05041","5027947.32312","-75.73489","45.38890","2017","8/2/2017","5:30:00 PM","01 - Clear","01 - Dry","10 - No control","01 - Non intersection","01 - Daylight","02 - Non-fatal injury","03 - Rear end"
"7117","HIGHWAY 417 btwn HWY417 IC124 RAMP67 & HWY417 IC123 RAMP62","364738.50739","5027994.65867","-75.73453","45.38933","2017","12/30/2017","2:13:00 PM","01 - Clear","02 - Wet","10 - No control","01 - Non intersection","01 - Daylight","03 - P.D. only","03 - Rear end"
"7118","HIGHWAY 417 btwn HWY417 IC124 RAMP67 & HWY417 IC123 RAMP62","364787.20439","5028089.28563","-75.73390","45.39017","2017","10/21/2017","6:30:00 PM","01 - Clear","01 - Dry","10 - No control","01 - Non intersection","07 - Dark","03 - P.D. only","03 - Rear end"
"7119","HIGHWAY 417 btwn HWY417 IC124 RAMP67 & HWY417 IC123 RAMP62","364791.99303","5028099.73405","-75.73384","45.39027","2017","12/15/2017","9:00:00 AM","01 - Clear","01 - Dry","10 - No control","01 - Non intersection","01 - Daylight","03 - P.D. only","07 - SMV other"
"7120","HIGHWAY 417 btwn HWY417 IC124 RAMP67 & HWY417 IC123 RAMP62","364768.62612","5028055.88634","-75.73414","45.38988","2017","1/19/2017","8:23:00 PM","01 - Clear","01 - Dry","10 - No control","01 - Non intersection","07 - Dark","03 - P.D. only","03 - Rear end"
"7121","HIGHWAY 417 btwn HWY417 IC124 RAMP67 & HWY417 IC123 RAMP62","364623.47163","5027806.56029","-75.73602","45.38764","2017","2/13/2017","8:50:00 AM","03 - Snow","05 - Packed snow","10 - No control","01 - Non intersection","01 - Daylight","03 - P.D. only","04 - Sideswipe"
"7122","HIGHWAY 417 btwn HWY417 IC124 RAMP67 & HWY417 IC123 RAMP62","364737.28985","5027991.01676","-75.73455","45.38929","2017","2/17/2017","4:30:00 PM","01 - Clear","01 - Dry","10 - No control","01 - Non intersection","01 - Daylight","03 - P.D. only","03 - Rear end"
"7123","HIGHWAY 417 btwn HWY417 IC124 RAMP67 & HWY417 IC123 RAMP62","364663.05961","5027865.52908","-75.73551","45.38817","2017","1/30/2017","2:40:00 PM","01 - Clear","01 - Dry","10 - No control","01 - Non intersection","01 - Daylight","03 - P.D. only","04 - Sideswipe"
"7124","HIGHWAY 417 btwn HWY417 IC124 RAMP67 & HWY417 IC123 RAMP62","364733.60524","5027969.61927","-75.73460","45.38910","2017","5/7/2017","3:00:00 AM","02 - Rain","02 - Wet","10 - No control","01 - Non intersection","07 - Dark","02 - Non-fatal injury","03 - Rear end"
"7125","HIGHWAY 417 btwn HWY417 IC124 RAMP67 & HWY417 IC123 RAMP62","364650.31341","5027837.04640","-75.73568","45.38792","2017","5/26/2017","9:20:00 PM","01 - Clear","01 - Dry","10 - No control","01 - Non intersection","07 - Dark","03 - P.D. only","03 - Rear end"
"7126","HIGHWAY 417 btwn HWY417 IC124 RAMP67 & HWY417 IC123 RAMP62","364791.05534","5028098.57254","-75.73385","45.39026","2017","1/17/2017","10:45:00 PM","03 - Snow","04 - Slush","10 - No control","01 - Non intersection","07 - Dark","03 - P.D. only","07 - SMV other"
"7127","HIGHWAY 417 btwn HWY417 IC124 RAMP67 & HWY417 IC123 RAMP62","364724.09040","5027973.59317","-75.73472","45.38914","2017","1/4/2017","8:30:00 AM","01 - Clear","01 - Dry","10 - No control","01 - Non intersection","01 - Daylight","03 - P.D. only","03 - Rear end"
"7128","HIGHWAY 417 btwn HWY417 IC124 RAMP67 & HWY417 IC123 RAMP62","364709.20756","5027943.53806","-75.73491","45.38887","2017","3/13/2017","8:00:00 PM","01 - Clear","01 - Dry","10 - No control","01 - Non intersection","07 - Dark","03 - P.D. only","04 - Sideswipe"
"7129","HIGHWAY 417 btwn HWY417 IC124 RAMP67 & HWY417 IC123 RAMP62","364798.39613","5028108.25665","-75.73375","45.39034","2017","1/7/2017","6:00:00 PM","01 - Clear","01 - Dry","10 - No control","01 - Non intersection","07 - Dark","03 - P.D. only","03 - Rear end"
"7130","HIGHWAY 417 btwn HWY417 IC124 RAMP67 & HWY417 IC123 RAMP62","364773.11296","5028060.98265","-75.73408","45.38992","2017","2/24/2017","6:00:00 PM","02 - Rain","02 - Wet","10 - No control","01 - Non intersection","07 - Dark","03 - P.D. only","03 - Rear end"
"7131","HIGHWAY 417 btwn HWY417 IC124 RAMP76 & HWY417 IC124 RAMP67","364392.50732","5027482.19106","-75.73901","45.38475","2017","11/11/2017","4:00:00 PM","01 - Clear","01 - Dry","10 - No control","01 - Non intersection","01 - Daylight","03 - P.D. only","03 - Rear end"
"7132","HIGHWAY 417 btwn HWY417 IC124 RAMP76 & HWY417 IC124 RAMP67","364269.08270","5027336.53277","-75.74061","45.38345","2017","12/30/2017","2:05:00 PM","01 - Clear","02 - Wet","10 - No control","01 - Non intersection","01 - Daylight","03 - P.D. only","03 - Rear end"
"7133","HIGHWAY 417 btwn HWY417 IC124 RAMP76 & HWY417 IC124 RAMP67","364477.34184","5027598.49446","-75.73792","45.38578","2017","11/26/2017","6:51:00 PM","03 - Snow","03 - Loose snow","10 - No control","01 - Non intersection","07 - Dark","03 - P.D. only","04 - Sideswipe"
"7134","HIGHWAY 417 btwn HWY417 IC124 RAMP76 & HWY417 IC124 RAMP67","364456.05612","5027571.35946","-75.73819","45.38554","2017","11/19/2017","4:20:00 AM","04 - Freezing Rain","04 - Slush","10 - No control","01 - Non intersection","07 - Dark","03 - P.D. only","04 - Sideswipe"
"7135","HIGHWAY 417 btwn HWY417 IC124 RAMP76 & HWY417 IC124 RAMP67","364413.66972","5027515.05541","-75.73874","45.38504","2017","3/23/2017","3:58:00 PM","01 - Clear","01 - Dry","10 - No control","01 - Non intersection","01 - Daylight","03 - P.D. only","03 - Rear end"
"7136","HIGHWAY 417 btwn HWY417 IC124 RAMP76 & HWY417 IC124 RAMP67","364496.92039","5027622.67039","-75.73766","45.38600","2017","2/10/2017","10:00:00 AM","01 - Clear","01 - Dry","10 - No control","01 - Non intersection","01 - Daylight","03 - P.D. only","04 - Sideswipe"
"7137","HIGHWAY 417 btwn HWY417 IC124 RAMP76 & HWY417 IC124 RAMP67","364229.32729","5027280.45906","-75.74112","45.38294","2017","1/16/2017","2:30:00 PM","01 - Clear","01 - Dry","10 - No control","01 - Non intersection","01 - Daylight","03 - P.D. only","04 - Sideswipe"
"7138","HIGHWAY 417 btwn HWY417 IC124 RAMP76 & HWY417 IC124 RAMP67","364447.91708","5027565.99391","-75.73830","45.38549","2017","6/23/2017","3:35:00 PM","01 - Clear","01 - Dry","10 - No control","01 - Non intersection","01 - Daylight","03 - P.D. only","04 - Sideswipe"
"7139","HIGHWAY 417 btwn HWY417 IC124 RAMP76 & HWY417 IC124 RAMP67","364175.17702","5027218.03980","-75.74182","45.38239","2017","1/26/2017","5:25:00 PM","01 - Clear","01 - Dry","10 - No control","01 - Non intersection","05 - Dusk","03 - P.D. only","04 - Sideswipe"
"7140","HIGHWAY 417 btwn HWY417 IC124 RAMP76 & HWY417 IC124 RAMP67","364211.54725","5027254.21234","-75.74135","45.38271","2017","1/16/2017","2:40:00 PM","01 - Clear","01 - Dry","10 - No control","01 - Non intersection","01 - Daylight","03 - P.D. only","03 - Rear end"
"7141","HIGHWAY 417 btwn HWY417 IC124 RAMP76 & HWY417 IC124 RAMP67","364192.54312","5027216.69291","-75.74160","45.38237","2017","2/8/2017","2:30:00 PM","01 - Clear","01 - Dry","10 - No control","01 - Non intersection","01 - Daylight","03 - P.D. only","03 - Rear end"
"7142","HIGHWAY 417 btwn HWY417 IC124 RAMP76 & HWY417 IC124 RAMP67","364259.02737","5027318.65441","-75.74074","45.38329","2017","2/2/2017","7:00:00 AM","01 - Clear","01 - Dry","10 - No control","01 - Non intersection","03 - Dawn","03 - P.D. only","04 - Sideswipe"
"7143","HIGHWAY 417 btwn HWY417 IC124 RAMP76 & HWY417 IC124 RAMP67","364459.91847","5027580.18470","-75.73814","45.38562","2017","4/11/2017","3:30:00 PM","01 - Clear","01 - Dry","10 - No control","01 - Non intersection","01 - Daylight","03 - P.D. only","03 - Rear end"
"7144","HIGHWAY 417 btwn HWY417 IC124 RAMP76 & HWY417 IC124 RAMP67","364356.90874","5027438.34609","-75.73947","45.38435","2017","2/1/2017","2:38:00 PM","01 - Clear","01 - Dry","10 - No control","01 - Non intersection","01 - Daylight","03 - P.D. only","03 - Rear end"
"7145","HIGHWAY 417 btwn HWY417 IC124 RAMP76 & HWY417 IC124 RAMP67","364286.15441","5027340.52354","-75.74039","45.38348","2017","3/20/2017","8:14:00 AM","01 - Clear","01 - Dry","10 - No control","01 - Non intersection","01 - Daylight","03 - P.D. only","03 - Rear end"
"7146","HIGHWAY 417 btwn HWY417 IC124 RAMP76 & HWY417 IC124 RAMP67","364462.09924","5027579.59019","-75.73811","45.38562","2017","6/13/2017","1:30:00 PM","01 - Clear","01 - Dry","10 - No control","01 - Non intersection","01 - Daylight","03 - P.D. only","07 - SMV other"
"7147","HIGHWAY 417 btwn HWY417 IC124 RAMP76 & HWY417 IC124 RAMP67","364368.16334","5027454.28356","-75.73933","45.38450","2017","6/6/2017","10:15:00 PM","01 - Clear","01 - Dry","10 - No control","01 - Non intersection","07 - Dark","03 - P.D. only","04 - Sideswipe"
"7148","HIGHWAY 417 btwn HWY417 IC124 RAMP76 & HWY417 IC124 RAMP67","364332.98231","5027406.02318","-75.73978","45.38406","2017","6/13/2017","1:30:00 PM","01 - Clear","01 - Dry","10 - No control","01 - Non intersection","01 - Daylight","03 - P.D. only","03 - Rear end"
"7149","HIGHWAY 417 btwn HWY417 IC124 RAMP76 & HWY417 IC124 RAMP67","364456.77725","5027569.22787","-75.73818","45.38552","2017","6/15/2017","5:45:00 PM","01 - Clear","01 - Dry","10 - No control","01 - Non intersection","01 - Daylight","03 - P.D. only","04 - Sideswipe"
"7150","HIGHWAY 417 btwn HWY417 IC126 RAMP16 & HWY417 IC126 RAMP61","363102.79860","5025784.28521","-75.75568","45.36958","2017","11/30/2017","3:40:00 PM","02 - Rain","02 - Wet","10 - No control","01 - Non intersection","01 - Daylight","03 - P.D. only","04 - Sideswipe"
"7151","HIGHWAY 417 btwn HWY417 IC126 RAMP16 & HWY417 IC126 RAMP61","363132.44680","5025818.69868","-75.75530","45.36988","2017","12/14/2017","6:28:00 PM","01 - Clear","01 - Dry","10 - No control","01 - Non intersection","07 - Dark","03 - P.D. only","03 - Rear end"
"7152","HIGHWAY 417 btwn HWY417 IC126 RAMP16 & HWY417 IC126 RAMP61","363124.91368","5025816.41752","-75.75540","45.36986","2017","12/18/2017","8:15:00 PM","03 - Snow","03 - Loose snow","10 - No control","01 - Non intersection","07 - Dark","03 - P.D. only","07 - SMV other"
"7153","HIGHWAY 417 btwn HWY417 IC126 RAMP16 & HWY417 IC126 RAMP61","363116.79549","5025799.25687","-75.75550","45.36971","2017","7/16/2017","1:11:00 AM","01 - Clear","01 - Dry","10 - No control","01 - Non intersection","07 - Dark","02 - Non-fatal injury","07 - SMV other"
"7154","HIGHWAY 417 btwn HWY417 IC126 RAMP16 & HWY417 IC126 RAMP61","363132.31049","5025817.12113","-75.75530","45.36987","2017","12/27/2017","5:05:00 PM","01 - Clear","01 - Dry","10 - No control","01 - Non intersection","07 - Dark","03 - P.D. only","03 - Rear end"
"7155","HIGHWAY 417 btwn HWY417 IC126 RAMP16 & HWY417 IC126 RAMP61","363110.71169","5025795.68379","-75.75558","45.36968","2017","10/6/2017","7:15:00 PM","01 - Clear","01 - Dry","10 - No control","01 - Non intersection","07 - Dark","03 - P.D. only","03 - Rear end"
"7156","HIGHWAY 417 btwn HWY417 IC126 RAMP16 & HWY417 IC126 RAMP61","363081.39726","5025756.08896","-75.75596","45.36932","2017","8/1/2017","5:15:00 PM","01 - Clear","01 - Dry","10 - No control","01 - Non intersection","01 - Daylight","03 - P.D. only","03 - Rear end"
"7157","HIGHWAY 417 btwn HWY417 IC126 RAMP16 & HWY417 IC126 RAMP61","363134.51106","5025816.45165","-75.75527","45.36986","2017","7/28/2017","4:10:00 PM","01 - Clear","01 - Dry","10 - No control","01 - Non intersection","01 - Daylight","03 - P.D. only","03 - Rear end"
"7158","HIGHWAY 417 btwn HWY417 IC126 RAMP16 & HWY417 IC126 RAMP61","363120.23671","5025804.15048","-75.75546","45.36975","2017","10/6/2017","3:37:00 PM","01 - Clear","01 - Dry","10 - No control","01 - Non intersection","01 - Daylight","03 - P.D. only","03 - Rear end"
"7159","HIGHWAY 417 btwn HWY417 IC126 RAMP16 & HWY417 IC126 RAMP61","363124.01807","5025810.78417","-75.75541","45.36981","2017","12/31/2017","4:34:00 AM","01 - Clear","06 - Ice","10 - No control","01 - Non intersection","07 - Dark","03 - P.D. only","07 - SMV other"
"7160","HIGHWAY 417 btwn HWY417 IC126 RAMP16 & HWY417 IC126 RAMP61","363108.17319","5025792.64620","-75.75561","45.36965","2017","10/24/2017","6:34:00 PM","01 - Clear","01 - Dry","10 - No control","01 - Non intersection","07 - Dark","03 - P.D. only","03 - Rear end"
"7161","HIGHWAY 417 btwn HWY417 IC126 RAMP16 & HWY417 IC126 RAMP61","363119.73197","5025794.86856","-75.75546","45.36967","2017","11/30/2017","6:35:00 PM","02 - Rain","02 - Wet","10 - No control","01 - Non intersection","07 - Dark","02 - Non-fatal injury","03 - Rear end"
"7162","HIGHWAY 417 btwn HWY417 IC126 RAMP16 & HWY417 IC126 RAMP61","363115.57769","5025804.54776","-75.75552","45.36976","2017","12/25/2017","3:11:00 AM","03 - Snow","03 - Loose snow","10 - No control","01 - Non intersection","07 - Dark","03 - P.D. only","07 - SMV other"
"7163","HIGHWAY 417 btwn HWY417 IC126 RAMP16 & HWY417 IC126 RAMP61","363117.86806","5025802.75852","-75.75549","45.36974","2017","8/27/2017","3:30:00 PM","01 - Clear","01 - Dry","10 - No control","01 - Non intersection","01 - Daylight","03 - P.D. only","03 - Rear end"
"7164","HIGHWAY 417 btwn HWY417 IC126 RAMP16 & HWY417 IC126 RAMP61","363103.81003","5025785.14736","-75.75567","45.36958","2017","10/26/2017","6:50:00 PM","01 - Clear","01 - Dry","10 - No control","01 - Non intersection","07 - Dark","03 - P.D. only","03 - Rear end"
"7165","HIGHWAY 417 btwn HWY417 IC126 RAMP16 & HWY417 IC126 RAMP61","363100.62793","5025785.99338","-75.75571","45.36959","2017","7/6/2017","4:10:00 PM","01 - Clear","01 - Dry","10 - No control","01 - Non intersection","01 - Daylight","02 - Non-fatal injury","03 - Rear end"
"7166","HIGHWAY 417 btwn HWY417 IC126 RAMP16 & HWY417 IC126 RAMP61","363125.28467","5025813.07815","-75.75539","45.36983","2017","2/24/2017","12:00:00 PM","01 - Clear","01 - Dry","10 - No control","01 - Non intersection","01 - Daylight","03 - P.D. only","07 - SMV other"
"7167","HIGHWAY 417 btwn HWY417 IC126 RAMP16 & HWY417 IC126 RAMP61","363099.56574","5025779.55591","-75.75572","45.36953","2017","6/1/2017","6:10:00 PM","01 - Clear","01 - Dry","10 - No control","01 - Non intersection","01 - Daylight","03 - P.D. only","03 - Rear end"
"7168","HIGHWAY 417 btwn HWY417 IC126 RAMP16 & HWY417 IC126 RAMP61","363088.32534","5025763.29635","-75.75587","45.36939","2017","6/8/2017","8:30:00 AM","01 - Clear","01 - Dry","10 - No control","01 - Non intersection","01 - Daylight","03 - P.D. only","03 - Rear end"
"7169","HIGHWAY 417 btwn HWY417 IC126 RAMP16 & HWY417 IC126 RAMP61","363126.26012","5025817.08653","-75.75538","45.36987","2017","1/24/2017","12:00:00 PM","03 - Snow","05 - Packed snow","10 - No control","01 - Non intersection","01 - Daylight","03 - P.D. only","07 - SMV other"
"7170","HIGHWAY 417 btwn HWY417 IC126 RAMP16 & HWY417 IC126 RAMP61","363122.88156","5025809.34423","-75.75542","45.36980","2017","6/12/2017","4:10:00 PM","01 - Clear","01 - Dry","10 - No control","01 - Non intersection","01 - Daylight","03 - P.D. only","07 - SMV other"
"7171","HIGHWAY 417 btwn HWY417 IC126 RAMP16 & HWY417 IC126 RAMP61","363114.11693","5025793.64625","-75.75554","45.36966","2017","2/7/2017","11:58:00 PM","02 - Rain","03 - Loose snow","10 - No control","01 - Non intersection","07 - Dark","03 - P.D. only","07 - SMV other"
"7172","HIGHWAY 417 btwn HWY417 IC126 RAMP25 & HWY417 IC124 RAMP57","363660.83445","5026499.19465","-75.74847","45.37596","2017","10/6/2017","3:17:00 PM","01 - Clear","01 - Dry","10 - No control","01 - Non intersection","01 - Daylight","03 - P.D. only","03 - Rear end"
"7173","HIGHWAY 417 btwn HWY417 IC126 RAMP25 & HWY417 IC124 RAMP57","363669.83057","5026502.06426","-75.74836","45.37599","2017","8/22/2017","5:45:00 PM","02 - Rain","02 - Wet","10 - No control","01 - Non intersection","01 - Daylight","03 - P.D. only","03 - Rear end"
"7174","HIGHWAY 417 btwn HWY417 IC126 RAMP25 & HWY417 IC124 RAMP57","363598.36940","5026414.03403","-75.74928","45.37520","2017","9/16/2017","2:57:00 PM","01 - Clear","01 - Dry","10 - No control","01 - Non intersection","01 - Daylight","02 - Non-fatal injury","03 - Rear end"
"7175","HIGHWAY 417 btwn HWY417 IC126 RAMP25 & HWY417 IC124 RAMP57","363667.38567","5026498.26010","-75.74839","45.37595","2017","11/27/2017","5:37:00 PM","01 - Clear","01 - Dry","10 - No control","01 - Non intersection","07 - Dark","03 - P.D. only","03 - Rear end"
"7176","HIGHWAY 417 btwn HWY417 IC126 RAMP25 & HWY417 IC124 RAMP57","363382.44864","5026113.06394","-75.75207","45.37251","2017","12/16/2017","11:28:00 AM","01 - Clear","04 - Slush","10 - No control","01 - Non intersection","01 - Daylight","03 - P.D. only","03 - Rear end"
"7177","HIGHWAY 417 btwn HWY417 IC126 RAMP25 & HWY417 IC124 RAMP57","363663.59229","5026497.34617","-75.74844","45.37595","2017","11/22/2017","3:14:00 PM","01 - Clear","01 - Dry","10 - No control","01 - Non intersection","01 - Daylight","03 - P.D. only","03 - Rear end"
"7178","HIGHWAY 417 btwn HWY417 IC126 RAMP25 & HWY417 IC124 RAMP57","363649.63531","5026486.68750","-75.74862","45.37585","2017","12/21/2017","10:15:00 AM","01 - Clear","01 - Dry","10 - No control","01 - Non intersection","01 - Daylight","03 - P.D. only","03 - Rear end"
"7179","HIGHWAY 417 btwn HWY417 IC126 RAMP25 & HWY417 IC124 RAMP57","363525.76889","5026311.07951","-75.75022","45.37428","2017","9/7/2017","4:10:00 PM","02 - Rain","02 - Wet","10 - No control","01 - Non intersection","01 - Daylight","03 - P.D. only","03 - Rear end"
"7180","HIGHWAY 417 btwn HWY417 IC126 RAMP25 & HWY417 IC124 RAMP57","363663.83502","5026498.98492","-75.74843","45.37596","2017","11/4/2017","2:20:00 AM","01 - Clear","01 - Dry","10 - No control","01 - Non intersection","07 - Dark","03 - P.D. only","04 - Sideswipe"
"7181","HIGHWAY 417 btwn HWY417 IC126 RAMP25 & HWY417 IC124 RAMP57","363666.09024","5026500.34664","-75.74841","45.37597","2017","10/24/2017","6:30:00 AM","02 - Rain","02 - Wet","10 - No control","01 - Non intersection","07 - Dark","03 - P.D. only","03 - Rear end"
"7182","HIGHWAY 417 btwn HWY417 IC126 RAMP25 & HWY417 IC124 RAMP57","363659.36667","5026490.59855","-75.74849","45.37589","2017","9/22/2017","3:00:00 PM","01 - Clear","01 - Dry","10 - No control","01 - Non intersection","01 - Daylight","03 - P.D. only","03 - Rear end"
"7183","HIGHWAY 417 btwn HWY417 IC126 RAMP25 & HWY417 IC124 RAMP57","363626.61649","5026444.31806","-75.74892","45.37547","2017","11/17/2017","6:42:00 PM","01 - Clear","01 - Dry","10 - No control","01 - Non intersection","07 - Dark","03 - P.D. only","03 - Rear end"
"7184","HIGHWAY 417 btwn HWY417 IC126 RAMP25 & HWY417 IC124 RAMP57","363661.90861","5026496.16490","-75.74846","45.37593","2017","11/7/2017","9:20:00 AM","01 - Clear","01 - Dry","10 - No control","01 - Non intersection","01 - Daylight","03 - P.D. only","03 - Rear end"
"7185","HIGHWAY 417 btwn HWY417 IC126 RAMP25 & HWY417 IC124 RAMP57","363668.84046","5026497.56515","-75.74837","45.37595","2017","11/10/2017","2:38:00 PM","01 - Clear","01 - Dry","10 - No control","01 - Non intersection","01 - Daylight","02 - Non-fatal injury","03 - Rear end"
"7186","HIGHWAY 417 btwn HWY417 IC126 RAMP25 & HWY417 IC124 RAMP57","363662.17162","5026489.68890","-75.74846","45.37588","2017","11/15/2017","5:34:00 PM","01 - Clear","01 - Dry","10 - No control","01 - Non intersection","07 - Dark","03 - P.D. only","03 - Rear end"
"7187","HIGHWAY 417 btwn HWY417 IC126 RAMP25 & HWY417 IC124 RAMP57","363488.18123","5026263.74437","-75.75071","45.37386","2017","6/1/2017","8:20:00 AM","01 - Clear","01 - Dry","10 - No control","01 - Non intersection","01 - Daylight","03 - P.D. only","03 - Rear end"
"7188","HIGHWAY 417 btwn HWY417 IC126 RAMP25 & HWY417 IC124 RAMP57","363351.94757","5026080.82119","-75.75247","45.37222","2017","4/26/2017","8:27:00 AM","02 - Rain","02 - Wet","10 - No control","01 - Non intersection","01 - Daylight","03 - P.D. only","04 - Sideswipe"
"7189","HIGHWAY 417 btwn HWY417 IC126 RAMP25 & HWY417 IC124 RAMP57","363532.81925","5026318.01494","-75.75013","45.37434","2017","5/16/2017","7:23:00 AM","01 - Clear","01 - Dry","10 - No control","01 - Non intersection","01 - Daylight","02 - Non-fatal injury","03 - Rear end"
"7190","HIGHWAY 417 btwn HWY417 IC126 RAMP25 & HWY417 IC124 RAMP57","363582.68168","5026385.42300","-75.74948","45.37495","2017","1/12/2017","3:28:00 PM","01 - Clear","01 - Dry","10 - No control","01 - Non intersection","01 - Daylight","03 - P.D. only","03 - Rear end"
"7191","HIGHWAY 417 btwn HWY417 IC126 RAMP25 & HWY417 IC124 RAMP57","363667.94452","5026500.59626","-75.74838","45.37597","2017","6/16/2017","10:53:00 PM","01 - Clear","01 - Dry","10 - No control","01 - Non intersection","07 - Dark","03 - P.D. only","07 - SMV other"
"7192","HIGHWAY 417 btwn HWY417 IC126 RAMP25 & HWY417 IC124 RAMP57","363835.88811","5026716.68883","-75.74621","45.37790","2017","1/9/2017","8:00:00 AM","01 - Clear","06 - Ice","10 - No control","01 - Non intersection","01 - Daylight","03 - P.D. only","03 - Rear end"
"7193","HIGHWAY 417 btwn HWY417 IC126 RAMP25 & HWY417 IC124 RAMP57","363499.91774","5026278.91203","-75.75055","45.37399","2017","1/9/2017","9:00:00 AM","01 - Clear","01 - Dry","10 - No control","01 - Non intersection","01 - Daylight","03 - P.D. only","03 - Rear end"
"7194","HIGHWAY 417 btwn HWY417 IC126 RAMP25 & HWY417 IC124 RAMP57","363469.57554","5026231.82240","-75.75095","45.37357","2017","2/18/2017","12:15:00 PM","01 - Clear","01 - Dry","10 - No control","01 - Non intersection","01 - Daylight","03 - P.D. only","03 - Rear end"
"7195","HIGHWAY 417 btwn HWY417 IC126 RAMP25 & HWY417 IC124 RAMP57","363349.45447","5026071.48458","-75.75250","45.37214","2017","2/18/2017","1:44:00 PM","01 - Clear","01 - Dry","10 - No control","01 - Non intersection","01 - Daylight","03 - P.D. only","03 - Rear end"
"7196","HIGHWAY 417 btwn HWY417 IC126 RAMP51 & HWY417 IC126 RAMP25","363272.63701","5025969.25081","-75.75349","45.37123","2017","10/7/2017","1:36:00 PM","01 - Clear","02 - Wet","10 - No control","01 - Non intersection","01 - Daylight","03 - P.D. only","03 - Rear end"
"7197","HIGHWAY 417 btwn HWY417 IC126 RAMP51 & HWY417 IC126 RAMP25","363257.97765","5025949.29548","-75.75368","45.37105","2017","8/9/2017","4:29:00 PM","01 - Clear","01 - Dry","10 - No control","01 - Non intersection","01 - Daylight","03 - P.D. only","07 - SMV other"
"7198","HIGHWAY 417 btwn HWY417 IC126 RAMP51 & HWY417 IC126 RAMP25","363271.00012","5025972.72568","-75.75351","45.37126","2017","10/10/2017","8:30:00 AM","01 - Clear","01 - Dry","10 - No control","01 - Non intersection","01 - Daylight","03 - P.D. only","03 - Rear end"
"7199","HIGHWAY 417 btwn HWY417 IC126 RAMP51 & HWY417 IC126 RAMP25","363268.13746","5025966.47387","-75.75355","45.37120","2017","7/17/2017","9:25:00 AM","01 - Clear","01 - Dry","10 - No control","01 - Non intersection","01 - Daylight","03 - P.D. only","03 - Rear end"
"7200","HIGHWAY 417 btwn HWY417 IC126 RAMP51 & HWY417 IC126 RAMP25","363270.05167","5025970.72416","-75.75352","45.37124","2017","12/12/2017","1:30:00 PM","01 - Clear","01 - Dry","10 - No control","01 - Non intersection","01 - Daylight","03 - P.D. only","03 - Rear end"
"7201","HIGHWAY 417 btwn HWY417 IC126 RAMP51 & HWY417 IC126 RAMP25","363265.08143","5025959.01649","-75.75359","45.37113","2017","7/24/2017","6:05:00 AM","02 - Rain","02 - Wet","10 - No control","01 - Non intersection","01 - Daylight","03 - P.D. only","07 - SMV other"
"7202","HIGHWAY 417 btwn HWY417 IC126 RAMP51 & HWY417 IC126 RAMP25","363260.83923","5025952.43479","-75.75364","45.37108","2017","12/19/2017","6:50:00 AM","03 - Snow","03 - Loose snow","10 - No control","01 - Non intersection","07 - Dark","03 - P.D. only","04 - Sideswipe"
"7203","HIGHWAY 417 btwn HWY417 IC126 RAMP51 & HWY417 IC126 RAMP25","363266.94273","5025963.59559","-75.75356","45.37118","2017","10/19/2017","5:30:00 PM","01 - Clear","01 - Dry","10 - No control","01 - Non intersection","01 - Daylight","03 - P.D. only","03 - Rear end"
"7204","HIGHWAY 417 btwn HWY417 IC126 RAMP51 & HWY417 IC126 RAMP25","363268.12594","5025967.98480","-75.75355","45.37122","2017","9/3/2017","2:15:00 PM","02 - Rain","02 - Wet","10 - No control","01 - Non intersection","01 - Daylight","03 - P.D. only","04 - Sideswipe"
"7205","HIGHWAY 417 btwn HWY417 IC126 RAMP51 & HWY417 IC126 RAMP25","363268.52167","5025958.35716","-75.75355","45.37113","2017","12/12/2017","6:20:00 PM","03 - Snow","05 - Packed snow","10 - No control","01 - Non intersection","07 - Dark","03 - P.D. only","03 - Rear end"
"7206","HIGHWAY 417 btwn HWY417 IC126 RAMP51 & HWY417 IC126 RAMP25","363263.08188","5025964.37692","-75.75361","45.37118","2017","2/12/2017","2:30:00 PM","03 - Snow","03 - Loose snow","10 - No control","01 - Non intersection","01 - Daylight","02 - Non-fatal injury","04 - Sideswipe"
"7207","HIGHWAY 417 btwn HWY417 IC126 RAMP51 & HWY417 IC126 RAMP25","363254.43266","5025948.83285","-75.75373","45.37104","2017","6/11/2017","4:10:00 PM","01 - Clear","01 - Dry","10 - No control","01 - Non intersection","01 - Daylight","03 - P.D. only","03 - Rear end"
"7208","HIGHWAY 417 btwn HWY417 IC126 RAMP51 & HWY417 IC126 RAMP25","363267.56334","5025960.15644","-75.75356","45.37114","2017","5/22/2017","1:00:00 AM","02 - Rain","02 - Wet","10 - No control","01 - Non intersection","07 - Dark","02 - Non-fatal injury","07 - SMV other"
"7209","HIGHWAY 417 btwn HWY417 IC126 RAMP61 & HWY417 IC124 RAMP76","364104.12861","5027115.89841","-75.74274","45.38147","2017","9/23/2017","1:25:00 PM","01 - Clear","01 - Dry","10 - No control","01 - Non intersection","01 - Daylight","03 - P.D. only","03 - Rear end"
"7210","HIGHWAY 417 btwn HWY417 IC126 RAMP61 & HWY417 IC124 RAMP76","363675.03537","5026535.56795","-75.74829","45.37629","2017","11/24/2017","7:04:00 PM","01 - Clear","01 - Dry","10 - No control","01 - Non intersection","07 - Dark","03 - P.D. only","03 - Rear end"
"7211","HIGHWAY 417 btwn HWY417 IC126 RAMP61 & HWY417 IC124 RAMP76","363589.00646","5026425.58946","-75.74940","45.37531","2017","12/1/2017","7:44:00 AM","01 - Clear","02 - Wet","10 - No control","01 - Non intersection","03 - Dawn","03 - P.D. only","03 - Rear end"