"Record","Location","X","Y","Longitude","Latitude","Year","Date","Time","Environment","Road_Surface","Traffic_Control","Collision_Location","Light","Collision_Classification","Impact_type"
"7212","HIGHWAY 417 btwn HWY417 IC126 RAMP61 & HWY417 IC124 RAMP76","364102.87573","5027114.46797","-75.74276","45.38146","2017","7/18/2017","8:34:00 AM","01 - Clear","01 - Dry","10 - No control","01 - Non intersection","01 - Daylight","02 - Non-fatal injury","03 - Rear end"
"7213","HIGHWAY 417 btwn HWY417 IC126 RAMP61 & HWY417 IC124 RAMP76","364101.17797","5027114.37011","-75.74278","45.38146","2017","11/19/2017","1:41:00 AM","03 - Snow","06 - Ice","10 - No control","01 - Non intersection","07 - Dark","03 - P.D. only","04 - Sideswipe"
"7214","HIGHWAY 417 btwn HWY417 IC126 RAMP61 & HWY417 IC124 RAMP76","363676.78527","5026536.69575","-75.74826","45.37630","2017","12/30/2017","2:00:00 PM","01 - Clear","02 - Wet","10 - No control","01 - Non intersection","01 - Daylight","03 - P.D. only","04 - Sideswipe"
"7215","HIGHWAY 417 btwn HWY417 IC126 RAMP61 & HWY417 IC124 RAMP76","364104.71917","5027121.49806","-75.74273","45.38152","2017","12/25/2017","6:30:00 AM","03 - Snow","03 - Loose snow","10 - No control","01 - Non intersection","07 - Dark","03 - P.D. only","07 - SMV other"
"7216","HIGHWAY 417 btwn HWY417 IC126 RAMP61 & HWY417 IC124 RAMP76","363683.92239","5026551.38252","-75.74817","45.37643","2017","8/8/2017","4:20:00 PM","01 - Clear","01 - Dry","10 - No control","01 - Non intersection","01 - Daylight","03 - P.D. only","03 - Rear end"
"7217","HIGHWAY 417 btwn HWY417 IC126 RAMP61 & HWY417 IC124 RAMP76","363654.26688","5026512.87619","-75.74856","45.37609","2017","12/5/2017","5:10:00 AM","02 - Rain","02 - Wet","10 - No control","01 - Non intersection","07 - Dark","03 - P.D. only","07 - SMV other"
"7218","HIGHWAY 417 btwn HWY417 IC126 RAMP61 & HWY417 IC124 RAMP76","364103.10889","5027116.26600","-75.74275","45.38148","2017","12/26/2017","3:33:00 PM","01 - Clear","01 - Dry","10 - No control","01 - Non intersection","01 - Daylight","03 - P.D. only","04 - Sideswipe"
"7219","HIGHWAY 417 btwn HWY417 IC126 RAMP61 & HWY417 IC124 RAMP76","363680.59737","5026541.77477","-75.74822","45.37634","2017","9/1/2017","5:15:00 PM","01 - Clear","01 - Dry","10 - No control","01 - Non intersection","01 - Daylight","03 - P.D. only","03 - Rear end"
"7220","HIGHWAY 417 btwn HWY417 IC126 RAMP61 & HWY417 IC124 RAMP76","363678.83524","5026537.37738","-75.74824","45.37630","2017","8/23/2017","9:00:00 PM","01 - Clear","01 - Dry","10 - No control","01 - Non intersection","07 - Dark","03 - P.D. only","03 - Rear end"
"7221","HIGHWAY 417 btwn HWY417 IC126 RAMP61 & HWY417 IC124 RAMP76","364076.41274","5027083.64351","-75.74310","45.38119","2017","12/30/2017","2:15:00 PM","01 - Clear","01 - Dry","10 - No control","01 - Non intersection","01 - Daylight","03 - P.D. only","03 - Rear end"
"7222","HIGHWAY 417 btwn HWY417 IC126 RAMP61 & HWY417 IC124 RAMP76","364107.15370","5027119.46199","-75.74270","45.38151","2017","11/17/2017","9:12:00 AM","01 - Clear","01 - Dry","10 - No control","01 - Non intersection","01 - Daylight","03 - P.D. only","03 - Rear end"
"7223","HIGHWAY 417 btwn HWY417 IC126 RAMP61 & HWY417 IC124 RAMP76","364102.26764","5027116.26168","-75.74276","45.38148","2017","8/1/2017","3:49:00 PM","01 - Clear","01 - Dry","10 - No control","01 - Non intersection","01 - Daylight","03 - P.D. only","03 - Rear end"
"7224","HIGHWAY 417 btwn HWY417 IC126 RAMP61 & HWY417 IC124 RAMP76","363674.83265","5026532.61750","-75.74829","45.37626","2017","11/7/2017","5:00:00 PM","01 - Clear","01 - Dry","10 - No control","01 - Non intersection","05 - Dusk","03 - P.D. only","03 - Rear end"
"7225","HIGHWAY 417 btwn HWY417 IC126 RAMP61 & HWY417 IC124 RAMP76","363678.20183","5026540.63952","-75.74825","45.37633","2017","9/11/2017","6:35:00 AM","01 - Clear","01 - Dry","10 - No control","01 - Non intersection","03 - Dawn","03 - P.D. only","03 - Rear end"
"7226","HIGHWAY 417 btwn HWY417 IC126 RAMP61 & HWY417 IC124 RAMP76","363580.47550","5026413.52556","-75.74951","45.37520","2017","6/15/2017","7:10:00 PM","01 - Clear","01 - Dry","10 - No control","01 - Non intersection","01 - Daylight","03 - P.D. only","99 - Other"
"7227","HIGHWAY 417 btwn HWY417 IC126 RAMP61 & HWY417 IC124 RAMP76","363361.05974","5026125.38274","-75.75234","45.37262","2017","1/9/2017","7:45:00 AM","01 - Clear","06 - Ice","10 - No control","01 - Non intersection","03 - Dawn","03 - P.D. only","03 - Rear end"
"7228","HIGHWAY 417 btwn HWY417 IC126 RAMP61 & HWY417 IC124 RAMP76","364050.37810","5027034.82077","-75.74344","45.38075","2017","1/26/2017","6:10:00 PM","01 - Clear","01 - Dry","10 - No control","01 - Non intersection","07 - Dark","03 - P.D. only","03 - Rear end"
"7229","HIGHWAY 417 btwn HWY417 IC126 RAMP61 & HWY417 IC124 RAMP76","363401.44583","5026185.80516","-75.75182","45.37316","2017","5/9/2017","5:35:00 PM","01 - Clear","01 - Dry","10 - No control","01 - Non intersection","01 - Daylight","03 - P.D. only","03 - Rear end"
"7230","HIGHWAY 417 btwn HWY417 IC126 RAMP61 & HWY417 IC124 RAMP76","363575.74656","5026401.73614","-75.74957","45.37509","2017","3/6/2017","5:23:00 PM","02 - Rain","02 - Wet","10 - No control","01 - Non intersection","01 - Daylight","03 - P.D. only","03 - Rear end"
"7231","HIGHWAY 417 btwn HWY417 IC126 RAMP61 & HWY417 IC124 RAMP76","363653.55599","5026510.70622","-75.74856","45.37607","2017","7/9/2017","12:35:00 PM","01 - Clear","01 - Dry","10 - No control","01 - Non intersection","01 - Daylight","03 - P.D. only","03 - Rear end"
"7232","HIGHWAY 417 btwn HWY417 IC126 RAMP61 & HWY417 IC124 RAMP76","363673.47195","5026541.15173","-75.74831","45.37634","2017","6/7/2017","8:41:00 AM","01 - Clear","01 - Dry","10 - No control","01 - Non intersection","01 - Daylight","03 - P.D. only","03 - Rear end"
"7233","HIGHWAY 417 btwn HWY417 IC126 RAMP61 & HWY417 IC124 RAMP76","363978.78288","5026949.22024","-75.74436","45.37998","2017","1/17/2017","5:20:00 PM","01 - Clear","01 - Dry","10 - No control","01 - Non intersection","05 - Dusk","03 - P.D. only","03 - Rear end"
"7234","HIGHWAY 417 btwn HWY417 IC126 RAMP61 & HWY417 IC124 RAMP76","363673.72557","5026534.88049","-75.74830","45.37628","2017","4/4/2017","4:25:00 PM","02 - Rain","02 - Wet","10 - No control","01 - Non intersection","01 - Daylight","03 - P.D. only","03 - Rear end"
"7235","HIGHWAY 417 btwn HWY417 IC126 RAMP61 & HWY417 IC124 RAMP76","363680.64454","5026542.92968","-75.74821","45.37635","2017","6/16/2017","11:16:00 PM","01 - Clear","01 - Dry","10 - No control","01 - Non intersection","07 - Dark","03 - P.D. only","07 - SMV other"
"7236","HIGHWAY 417 btwn HWY417 IC126 RAMP61 & HWY417 IC124 RAMP76","363670.85907","5026530.63820","-75.74834","45.37624","2017","7/6/2017","4:09:00 PM","01 - Clear","01 - Dry","10 - No control","01 - Non intersection","01 - Daylight","03 - P.D. only","03 - Rear end"
"7237","HIGHWAY 417 btwn HWY417 IC126 RAMP61 & HWY417 IC124 RAMP76","363671.49950","5026539.77596","-75.74833","45.37633","2017","2/2/2017","5:35:00 PM","01 - Clear","01 - Dry","10 - No control","01 - Non intersection","07 - Dark","03 - P.D. only","03 - Rear end"
"7238","HIGHWAY 417 btwn HWY417 IC126 RAMP61 & HWY417 IC124 RAMP76","364100.31674","5027116.16808","-75.74279","45.38148","2017","5/23/2017","9:18:00 PM","01 - Clear","01 - Dry","10 - No control","01 - Non intersection","07 - Dark","03 - P.D. only","03 - Rear end"
"7239","HIGHWAY 417 btwn HWY417 IC126 RAMP61 & HWY417 IC124 RAMP76","364089.73471","5027098.18130","-75.74293","45.38132","2017","1/7/2017","5:09:00 PM","01 - Clear","01 - Dry","10 - No control","01 - Non intersection","05 - Dusk","03 - P.D. only","03 - Rear end"
"7240","HIGHWAY 417 btwn HWY417 IC127 RAMP16 & HWY417 IC127 RAMP63","361972.07301","5024734.83978","-75.77024","45.36023","2017","11/30/2017","3:16:00 PM","01 - Clear","01 - Dry","10 - No control","01 - Non intersection","01 - Daylight","03 - P.D. only","04 - Sideswipe"
"7241","HIGHWAY 417 btwn HWY417 IC127 RAMP16 & HWY417 IC127 RAMP63","362035.39436","5024790.75379","-75.76942","45.36072","2017","11/24/2017","4:30:00 PM","01 - Clear","01 - Dry","10 - No control","01 - Non intersection","05 - Dusk","03 - P.D. only","04 - Sideswipe"
"7242","HIGHWAY 417 btwn HWY417 IC127 RAMP16 & HWY417 IC127 RAMP63","361999.72128","5024752.43889","-75.76988","45.36038","2017","11/19/2017","9:23:00 AM","03 - Snow","05 - Packed snow","10 - No control","01 - Non intersection","01 - Daylight","03 - P.D. only","03 - Rear end"
"7243","HIGHWAY 417 btwn HWY417 IC127 RAMP16 & HWY417 IC127 RAMP63","362020.60567","5024778.40712","-75.76961","45.36061","2017","4/25/2017","9:35:00 PM","02 - Rain","02 - Wet","10 - No control","01 - Non intersection","07 - Dark","02 - Non-fatal injury","04 - Sideswipe"
"7244","HIGHWAY 417 btwn HWY417 IC127 RAMP16 & HWY417 IC127 RAMP63","361882.33368","5024666.67290","-75.77139","45.35962","2017","1/20/2017","3:44:00 PM","01 - Clear","01 - Dry","10 - No control","01 - Non intersection","01 - Daylight","03 - P.D. only","03 - Rear end"
"7245","HIGHWAY 417 btwn HWY417 IC127 RAMP25 & HWY417 IC126 RAMP51","363181.99782","5025847.91107","-75.75466","45.37014","2017","11/3/2017","5:00:00 PM","01 - Clear","01 - Dry","10 - No control","01 - Non intersection","05 - Dusk","02 - Non-fatal injury","03 - Rear end"
"7246","HIGHWAY 417 btwn HWY417 IC127 RAMP25 & HWY417 IC126 RAMP51","363181.75898","5025842.65829","-75.75467","45.37009","2017","12/1/2017","7:30:00 AM","01 - Clear","02 - Wet","10 - No control","01 - Non intersection","03 - Dawn","03 - P.D. only","04 - Sideswipe"
"7247","HIGHWAY 417 btwn HWY417 IC127 RAMP25 & HWY417 IC126 RAMP51","363174.55378","5025839.23189","-75.75476","45.37006","2017","9/30/2017","4:00:00 PM","01 - Clear","01 - Dry","10 - No control","01 - Non intersection","01 - Daylight","03 - P.D. only","03 - Rear end"
"7248","HIGHWAY 417 btwn HWY417 IC127 RAMP25 & HWY417 IC126 RAMP51","363153.58046","5025805.60133","-75.75503","45.36976","2017","12/20/2017","11:33:00 AM","01 - Clear","01 - Dry","10 - No control","01 - Non intersection","01 - Daylight","03 - P.D. only","04 - Sideswipe"
"7249","HIGHWAY 417 btwn HWY417 IC127 RAMP25 & HWY417 IC126 RAMP51","362948.06502","5025527.81250","-75.75769","45.36728","2017","9/11/2017","10:45:00 AM","01 - Clear","01 - Dry","10 - No control","01 - Non intersection","01 - Daylight","03 - P.D. only","04 - Sideswipe"
"7250","HIGHWAY 417 btwn HWY417 IC127 RAMP25 & HWY417 IC126 RAMP51","363144.87741","5025795.65752","-75.75514","45.36968","2017","10/30/2017","7:00:00 AM","02 - Rain","02 - Wet","10 - No control","01 - Non intersection","07 - Dark","03 - P.D. only","03 - Rear end"
"7251","HIGHWAY 417 btwn HWY417 IC127 RAMP25 & HWY417 IC126 RAMP51","363011.95223","5025606.82215","-75.75686","45.36799","2017","11/23/2017","4:45:00 PM","01 - Clear","01 - Dry","10 - No control","01 - Non intersection","05 - Dusk","03 - P.D. only","03 - Rear end"
"7252","HIGHWAY 417 btwn HWY417 IC127 RAMP25 & HWY417 IC126 RAMP51","363115.19909","5025756.72008","-75.75553","45.36933","2017","7/21/2017","3:30:00 PM","01 - Clear","01 - Dry","10 - No control","01 - Non intersection","01 - Daylight","02 - Non-fatal injury","03 - Rear end"
"7253","HIGHWAY 417 btwn HWY417 IC127 RAMP25 & HWY417 IC126 RAMP51","362805.36515","5025356.20831","-75.75953","45.36575","2017","11/23/2017","4:35:00 PM","01 - Clear","01 - Dry","10 - No control","01 - Non intersection","05 - Dusk","03 - P.D. only","03 - Rear end"
"7254","HIGHWAY 417 btwn HWY417 IC127 RAMP25 & HWY417 IC126 RAMP51","363108.85562","5025746.06481","-75.75561","45.36923","2017","9/18/2017","6:27:00 AM","01 - Clear","01 - Dry","10 - No control","01 - Non intersection","03 - Dawn","03 - P.D. only","04 - Sideswipe"
"7255","HIGHWAY 417 btwn HWY417 IC127 RAMP25 & HWY417 IC126 RAMP51","363156.03320","5025820.32604","-75.75500","45.36990","2017","7/23/2017","2:30:00 PM","01 - Clear","01 - Dry","10 - No control","01 - Non intersection","01 - Daylight","03 - P.D. only","03 - Rear end"
"7256","HIGHWAY 417 btwn HWY417 IC127 RAMP25 & HWY417 IC126 RAMP51","362905.99227","5025464.20641","-75.75823","45.36671","2017","11/10/2017","3:00:00 PM","01 - Clear","01 - Dry","10 - No control","01 - Non intersection","01 - Daylight","03 - P.D. only","03 - Rear end"
"7257","HIGHWAY 417 btwn HWY417 IC127 RAMP25 & HWY417 IC126 RAMP51","362580.23682","5025183.88850","-75.76242","45.36422","2017","8/21/2017","5:05:00 PM","01 - Clear","01 - Dry","10 - No control","01 - Non intersection","01 - Daylight","03 - P.D. only","04 - Sideswipe"
"7258","HIGHWAY 417 btwn HWY417 IC127 RAMP25 & HWY417 IC126 RAMP51","362676.72986","5025255.22057","-75.76118","45.36485","2017","9/8/2017","3:20:00 PM","01 - Clear","01 - Dry","10 - No control","01 - Non intersection","01 - Daylight","03 - P.D. only","03 - Rear end"
"7259","HIGHWAY 417 btwn HWY417 IC127 RAMP25 & HWY417 IC126 RAMP51","363106.66557","5025746.05759","-75.75564","45.36923","2017","8/14/2017","4:25:00 PM","01 - Clear","01 - Dry","10 - No control","01 - Non intersection","01 - Daylight","03 - P.D. only","03 - Rear end"
"7260","HIGHWAY 417 btwn HWY417 IC127 RAMP25 & HWY417 IC126 RAMP51","362876.73075","5025428.76930","-75.75861","45.36640","2017","10/20/2017","1:30:00 PM","01 - Clear","01 - Dry","10 - No control","01 - Non intersection","01 - Daylight","03 - P.D. only","03 - Rear end"
"7261","HIGHWAY 417 btwn HWY417 IC127 RAMP25 & HWY417 IC126 RAMP51","362883.08701","5025443.53461","-75.75853","45.36653","2017","8/13/2017","4:20:00 PM","01 - Clear","01 - Dry","10 - No control","01 - Non intersection","01 - Daylight","03 - P.D. only","03 - Rear end"
"7262","HIGHWAY 417 btwn HWY417 IC127 RAMP25 & HWY417 IC126 RAMP51","362817.12391","5025364.19449","-75.75938","45.36582","2017","9/23/2017","5:00:00 PM","01 - Clear","01 - Dry","10 - No control","01 - Non intersection","01 - Daylight","03 - P.D. only","03 - Rear end"
"7263","HIGHWAY 417 btwn HWY417 IC127 RAMP25 & HWY417 IC126 RAMP51","362927.71284","5025491.13821","-75.75795","45.36695","2017","8/2/2017","12:15:00 PM","01 - Clear","01 - Dry","10 - No control","01 - Non intersection","01 - Daylight","03 - P.D. only","03 - Rear end"
"7264","HIGHWAY 417 btwn HWY417 IC127 RAMP25 & HWY417 IC126 RAMP51","362573.82641","5025181.75605","-75.76250","45.36420","2017","11/21/2017","3:43:00 PM","01 - Clear","01 - Dry","10 - No control","01 - Non intersection","01 - Daylight","03 - P.D. only","03 - Rear end"
"7265","HIGHWAY 417 btwn HWY417 IC127 RAMP25 & HWY417 IC126 RAMP51","363154.16465","5025812.89790","-75.75502","45.36983","2017","12/1/2017","5:00:00 PM","01 - Clear","01 - Dry","10 - No control","01 - Non intersection","07 - Dark","02 - Non-fatal injury","03 - Rear end"
"7266","HIGHWAY 417 btwn HWY417 IC127 RAMP25 & HWY417 IC126 RAMP51","362977.84700","5025563.09993","-75.75730","45.36760","2017","12/16/2017","4:00:00 PM","01 - Clear","02 - Wet","10 - No control","01 - Non intersection","05 - Dusk","03 - P.D. only","03 - Rear end"
"7267","HIGHWAY 417 btwn HWY417 IC127 RAMP25 & HWY417 IC126 RAMP51","363172.32382","5025835.41815","-75.75479","45.37003","2017","8/16/2017","4:00:00 PM","01 - Clear","01 - Dry","10 - No control","01 - Non intersection","01 - Daylight","03 - P.D. only","03 - Rear end"
"7268","HIGHWAY 417 btwn HWY417 IC127 RAMP25 & HWY417 IC126 RAMP51","362721.50760","5025291.72702","-75.76061","45.36518","2017","6/24/2017","2:42:00 PM","01 - Clear","01 - Dry","10 - No control","01 - Non intersection","01 - Daylight","03 - P.D. only","03 - Rear end"
"7269","HIGHWAY 417 btwn HWY417 IC127 RAMP25 & HWY417 IC126 RAMP51","362992.63551","5025590.38928","-75.75711","45.36784","2017","6/26/2017","2:38:00 PM","01 - Clear","01 - Dry","10 - No control","01 - Non intersection","01 - Daylight","03 - P.D. only","04 - Sideswipe"
"7270","HIGHWAY 417 btwn HWY417 IC127 RAMP25 & HWY417 IC126 RAMP51","362848.30324","5025398.85879","-75.75898","45.36613","2017","6/27/2017","11:45:00 PM","01 - Clear","01 - Dry","10 - No control","01 - Non intersection","07 - Dark","03 - P.D. only","03 - Rear end"
"7271","HIGHWAY 417 btwn HWY417 IC127 RAMP25 & HWY417 IC126 RAMP51","362749.47286","5025310.47395","-75.76025","45.36534","2017","7/2/2017","5:37:00 PM","01 - Clear","01 - Dry","10 - No control","01 - Non intersection","01 - Daylight","03 - P.D. only","04 - Sideswipe"
"7272","HIGHWAY 417 btwn HWY417 IC127 RAMP25 & HWY417 IC126 RAMP51","362921.96550","5025494.14329","-75.75802","45.36698","2017","1/28/2017","12:53:00 PM","03 - Snow","02 - Wet","10 - No control","01 - Non intersection","01 - Daylight","03 - P.D. only","03 - Rear end"
"7273","HIGHWAY 417 btwn HWY417 IC127 RAMP25 & HWY417 IC126 RAMP51","362736.82488","5025308.28015","-75.76041","45.36532","2017","4/10/2017","3:30:00 PM","01 - Clear","01 - Dry","10 - No control","01 - Non intersection","01 - Daylight","03 - P.D. only","03 - Rear end"
"7274","HIGHWAY 417 btwn HWY417 IC127 RAMP25 & HWY417 IC126 RAMP51","363157.85067","5025818.81908","-75.75497","45.36988","2017","3/29/2017","9:31:00 PM","01 - Clear","01 - Dry","10 - No control","01 - Non intersection","07 - Dark","03 - P.D. only","07 - SMV other"
"7275","HIGHWAY 417 btwn HWY417 IC127 RAMP25 & HWY417 IC126 RAMP51","363141.16212","5025790.36221","-75.75519","45.36963","2017","1/27/2017","3:56:00 PM","03 - Snow","02 - Wet","10 - No control","01 - Non intersection","01 - Daylight","03 - P.D. only","03 - Rear end"
"7276","HIGHWAY 417 btwn HWY417 IC127 RAMP25 & HWY417 IC126 RAMP51","362888.40688","5025443.01533","-75.75846","45.36652","2017","6/23/2017","4:10:00 PM","01 - Clear","01 - Dry","10 - No control","01 - Non intersection","01 - Daylight","03 - P.D. only","03 - Rear end"
"7277","HIGHWAY 417 btwn HWY417 IC127 RAMP25 & HWY417 IC126 RAMP51","362668.89297","5025253.38592","-75.76128","45.36484","2017","5/15/2017","10:48:00 PM","01 - Clear","01 - Dry","10 - No control","01 - Non intersection","07 - Dark","03 - P.D. only","03 - Rear end"
"7278","HIGHWAY 417 btwn HWY417 IC127 RAMP25 & HWY417 IC126 RAMP51","363108.35406","5025753.64831","-75.75561","45.36930","2017","3/23/2017","5:00:00 AM","01 - Clear","01 - Dry","10 - No control","01 - Non intersection","07 - Dark","03 - P.D. only","07 - SMV other"
"7279","HIGHWAY 417 btwn HWY417 IC127 RAMP25 & HWY417 IC126 RAMP51","362401.17349","5025038.54507","-75.76472","45.36292","2017","2/12/2017","5:10:00 PM","05 - Drifting Snow","03 - Loose snow","10 - No control","01 - Non intersection","07 - Dark","03 - P.D. only","03 - Rear end"
"7280","HIGHWAY 417 btwn HWY417 IC127 RAMP25 & HWY417 IC126 RAMP51","362825.71576","5025367.27501","-75.75927","45.36585","2017","5/5/2017","3:20:00 PM","02 - Rain","02 - Wet","10 - No control","01 - Non intersection","01 - Daylight","03 - P.D. only","03 - Rear end"
"7281","HIGHWAY 417 btwn HWY417 IC127 RAMP25 & HWY417 IC126 RAMP51","362868.77425","5025414.61709","-75.75871","45.36627","2017","6/18/2017","3:43:00 PM","01 - Clear","01 - Dry","10 - No control","01 - Non intersection","01 - Daylight","02 - Non-fatal injury","03 - Rear end"
"7282","HIGHWAY 417 btwn HWY417 IC127 RAMP25 & HWY417 IC126 RAMP51","362881.12531","5025430.48160","-75.75855","45.36641","2017","6/2/2017","7:00:00 AM","01 - Clear","01 - Dry","10 - No control","01 - Non intersection","01 - Daylight","02 - Non-fatal injury","03 - Rear end"
"7283","HIGHWAY 417 btwn HWY417 IC127 RAMP25 & HWY417 IC126 RAMP51","363118.29114","5025749.74440","-75.75549","45.36926","2017","1/14/2017","5:00:00 PM","01 - Clear","01 - Dry","10 - No control","01 - Non intersection","05 - Dusk","02 - Non-fatal injury","04 - Sideswipe"
"7284","HIGHWAY 417 btwn HWY417 IC127 RAMP35 & HWY417 IC127 RAMP25","362190.06387","5024879.84400","-75.76744","45.36151","2017","7/13/2017","4:15:00 PM","01 - Clear","01 - Dry","10 - No control","01 - Non intersection","01 - Daylight","03 - P.D. only","03 - Rear end"
"7285","HIGHWAY 417 btwn HWY417 IC127 RAMP35 & HWY417 IC127 RAMP25","362157.86454","5024853.40582","-75.76785","45.36128","2017","9/29/2017","8:40:00 AM","01 - Clear","01 - Dry","10 - No control","01 - Non intersection","01 - Daylight","03 - P.D. only","03 - Rear end"
"7286","HIGHWAY 417 btwn HWY417 IC127 RAMP35 & HWY417 IC127 RAMP25","362154.91813","5024852.45755","-75.76789","45.36127","2017","9/29/2017","6:45:00 PM","01 - Clear","01 - Dry","10 - No control","01 - Non intersection","01 - Daylight","02 - Non-fatal injury","03 - Rear end"
"7287","HIGHWAY 417 btwn HWY417 IC127 RAMP35 & HWY417 IC127 RAMP25","362158.51647","5024854.57422","-75.76784","45.36129","2017","9/30/2017","3:45:00 PM","01 - Clear","01 - Dry","10 - No control","01 - Non intersection","01 - Daylight","03 - P.D. only","03 - Rear end"
"7288","HIGHWAY 417 btwn HWY417 IC127 RAMP35 & HWY417 IC127 RAMP25","362223.97381","5024900.41773","-75.76700","45.36170","2017","12/14/2017","10:47:00 PM","01 - Clear","01 - Dry","10 - No control","01 - Non intersection","07 - Dark","03 - P.D. only","04 - Sideswipe"
"7289","HIGHWAY 417 btwn HWY417 IC127 RAMP35 & HWY417 IC127 RAMP25","362200.04428","5024885.67558","-75.76731","45.36157","2017","8/26/2017","3:15:00 PM","01 - Clear","01 - Dry","10 - No control","01 - Non intersection","01 - Daylight","03 - P.D. only","03 - Rear end"
"7290","HIGHWAY 417 btwn HWY417 IC127 RAMP35 & HWY417 IC127 RAMP25","362144.94674","5024843.82472","-75.76802","45.36119","2017","3/31/2017","9:00:00 PM","03 - Snow","04 - Slush","10 - No control","01 - Non intersection","07 - Dark","03 - P.D. only","07 - SMV other"
"7291","HIGHWAY 417 btwn HWY417 IC127 RAMP35 & HWY417 IC127 RAMP25","362186.88969","5024872.08236","-75.76748","45.36144","2017","6/12/2017","12:59:00 PM","01 - Clear","01 - Dry","10 - No control","01 - Non intersection","01 - Daylight","02 - Non-fatal injury","04 - Sideswipe"
"7292","HIGHWAY 417 btwn HWY417 IC127 RAMP35 & HWY417 IC127 RAMP25","362166.37339","5024856.78251","-75.76774","45.36131","2017","4/29/2017","2:16:00 PM","01 - Clear","01 - Dry","10 - No control","01 - Non intersection","01 - Daylight","03 - P.D. only","03 - Rear end"
"7293","HIGHWAY 417 btwn HWY417 IC127 RAMP63 & HWY417 IC127 RAMP67","362170.73175","5024888.80078","-75.76768","45.36160","2017","12/22/2017","4:50:00 PM","01 - Clear","02 - Wet","10 - No control","01 - Non intersection","07 - Dark","03 - P.D. only","03 - Rear end"
"7294","HIGHWAY 417 btwn HWY417 IC127 RAMP63 & HWY417 IC127 RAMP67","362173.23538","5024899.28294","-75.76765","45.36169","2017","11/18/2017","10:02:00 AM","03 - Snow","04 - Slush","10 - No control","01 - Non intersection","01 - Daylight","03 - P.D. only","03 - Rear end"
"7295","HIGHWAY 417 btwn HWY417 IC127 RAMP63 & HWY417 IC127 RAMP67","362182.47458","5024894.92199","-75.76753","45.36165","2017","3/17/2017","10:55:00 PM","01 - Clear","01 - Dry","10 - No control","01 - Non intersection","07 - Dark","03 - P.D. only","07 - SMV other"
"7296","HIGHWAY 417 btwn HWY417 IC127 RAMP67 & HWY417 IC126 RAMP16","362759.01368","5025355.70246","-75.76012","45.36575","2017","9/6/2017","3:22:00 PM","01 - Clear","01 - Dry","10 - No control","01 - Non intersection","01 - Daylight","03 - P.D. only","03 - Rear end"
"7297","HIGHWAY 417 btwn HWY417 IC127 RAMP67 & HWY417 IC126 RAMP16","362722.86199","5025313.24310","-75.76059","45.36537","2017","8/25/2017","2:30:00 PM","01 - Clear","01 - Dry","10 - No control","01 - Non intersection","01 - Daylight","03 - P.D. only","03 - Rear end"
"7298","HIGHWAY 417 btwn HWY417 IC127 RAMP67 & HWY417 IC126 RAMP16","362986.38170","5025634.00158","-75.75719","45.36823","2017","11/30/2017","5:16:00 PM","02 - Rain","02 - Wet","10 - No control","01 - Non intersection","07 - Dark","03 - P.D. only","03 - Rear end"
"7299","HIGHWAY 417 btwn HWY417 IC127 RAMP67 & HWY417 IC126 RAMP16","362714.35862","5025313.56847","-75.76070","45.36537","2017","11/29/2017","5:15:00 PM","01 - Clear","01 - Dry","10 - No control","01 - Non intersection","07 - Dark","03 - P.D. only","04 - Sideswipe"
"7300","HIGHWAY 417 btwn HWY417 IC127 RAMP67 & HWY417 IC126 RAMP16","362777.06270","5025357.58277","-75.75989","45.36576","2017","9/12/2017","5:15:00 PM","01 - Clear","01 - Dry","10 - No control","01 - Non intersection","01 - Daylight","03 - P.D. only","03 - Rear end"
"7301","HIGHWAY 417 btwn HWY417 IC127 RAMP67 & HWY417 IC126 RAMP16","363031.74424","5025685.28444","-75.75660","45.36869","2017","8/15/2017","4:17:00 PM","01 - Clear","01 - Dry","10 - No control","01 - Non intersection","01 - Daylight","03 - P.D. only","03 - Rear end"
"7302","HIGHWAY 417 btwn HWY417 IC127 RAMP67 & HWY417 IC126 RAMP16","362806.42707","5025393.11747","-75.75951","45.36608","2017","7/28/2017","3:50:00 PM","01 - Clear","01 - Dry","10 - No control","01 - Non intersection","01 - Daylight","02 - Non-fatal injury","03 - Rear end"
"7303","HIGHWAY 417 btwn HWY417 IC127 RAMP67 & HWY417 IC126 RAMP16","362566.24238","5025196.10872","-75.76260","45.36433","2017","11/2/2017","5:57:00 PM","02 - Rain","02 - Wet","10 - No control","01 - Non intersection","07 - Dark","03 - P.D. only","03 - Rear end"
"7304","HIGHWAY 417 btwn HWY417 IC127 RAMP67 & HWY417 IC126 RAMP16","362728.84421","5025323.56253","-75.76051","45.36546","2017","7/10/2017","4:00:00 PM","02 - Rain","02 - Wet","10 - No control","01 - Non intersection","01 - Daylight","03 - P.D. only","03 - Rear end"
"7305","HIGHWAY 417 btwn HWY417 IC127 RAMP67 & HWY417 IC126 RAMP16","363026.57154","5025678.01480","-75.75667","45.36863","2017","5/19/2017","7:10:00 PM","01 - Clear","01 - Dry","10 - No control","01 - Non intersection","01 - Daylight","03 - P.D. only","03 - Rear end"
"7306","HIGHWAY 417 btwn HWY417 IC127 RAMP67 & HWY417 IC126 RAMP16","362928.09208","5025540.06450","-75.75794","45.36739","2017","5/6/2017","4:35:00 AM","02 - Rain","02 - Wet","10 - No control","01 - Non intersection","07 - Dark","02 - Non-fatal injury","03 - Rear end"
"7307","HIGHWAY 417 btwn HWY417 IC127 RAMP67 & HWY417 IC126 RAMP16","362712.53384","5025313.54382","-75.76072","45.36537","2017","2/23/2017","10:18:00 PM","01 - Clear","01 - Dry","10 - No control","01 - Non intersection","07 - Dark","02 - Non-fatal injury","03 - Rear end"
"7308","HIGHWAY 417 btwn HWY417 IC127 RAMP67 & HWY417 IC126 RAMP16","362974.87963","5025613.26146","-75.75733","45.36805","2017","1/13/2017","8:20:00 AM","01 - Clear","01 - Dry","10 - No control","01 - Non intersection","01 - Daylight","02 - Non-fatal injury","04 - Sideswipe"
"7309","HIGHWAY 417 btwn HWY417 IC127 RAMP67 & HWY417 IC126 RAMP16","363015.96561","5025657.21329","-75.75680","45.36844","2017","4/13/2017","6:55:00 PM","01 - Clear","01 - Dry","10 - No control","01 - Non intersection","01 - Daylight","03 - P.D. only","03 - Rear end"