"Record","Location","X","Y","Longitude","Latitude","Year","Date","Time","Environment","Road_Surface","Traffic_Control","Collision_Location","Light","Collision_Classification","Impact_type"
"7310","HIGHWAY 417 btwn HWY417 IC127 RAMP67 & HWY417 IC126 RAMP16","362881.93737","5025478.77291","-75.75854","45.36685","2017","2/22/2017","4:15:00 PM","01 - Clear","02 - Wet","10 - No control","01 - Non intersection","01 - Daylight","03 - P.D. only","03 - Rear end"
"7311","HIGHWAY 417 btwn HWY417 IC127 RAMP67 & HWY417 IC126 RAMP16","362752.15779","5025345.56830","-75.76021","45.36566","2017","1/3/2017","11:40:00 AM","03 - Snow","04 - Slush","10 - No control","01 - Non intersection","01 - Daylight","03 - P.D. only","04 - Sideswipe"
"7312","HIGHWAY 417 btwn HWY417 IC127 RAMP67 & HWY417 IC126 RAMP16","362447.95274","5025111.87370","-75.76412","45.36358","2017","3/22/2017","5:40:00 PM","01 - Clear","01 - Dry","10 - No control","01 - Non intersection","01 - Daylight","03 - P.D. only","03 - Rear end"
"7313","HIGHWAY 417 btwn HWY417 IC129 RAMP25 & HWY417 IC129 RAMP35","360479.30448","5023542.44471","-75.78942","45.34962","2017","7/18/2017","8:00:00 AM","01 - Clear","01 - Dry","10 - No control","01 - Non intersection","01 - Daylight","03 - P.D. only","03 - Rear end"
"7314","HIGHWAY 417 btwn HWY417 IC129 RAMP25 & HWY417 IC129 RAMP35","360494.41306","5023556.65278","-75.78923","45.34974","2017","12/21/2017","12:00:00 PM","01 - Clear","01 - Dry","10 - No control","01 - Non intersection","01 - Daylight","02 - Non-fatal injury","03 - Rear end"
"7315","HIGHWAY 417 btwn HWY417 IC129 RAMP25 & HWY417 IC129 RAMP35","360623.25005","5023645.31430","-75.78758","45.35053","2017","11/27/2017","6:30:00 PM","01 - Clear","01 - Dry","10 - No control","01 - Non intersection","07 - Dark","03 - P.D. only","03 - Rear end"
"7316","HIGHWAY 417 btwn HWY417 IC129 RAMP25 & HWY417 IC129 RAMP35","360783.00809","5023782.11787","-75.78552","45.35175","2017","10/24/2017","7:40:00 AM","02 - Rain","02 - Wet","10 - No control","01 - Non intersection","01 - Daylight","03 - P.D. only","99 - Other"
"7317","HIGHWAY 417 btwn HWY417 IC129 RAMP25 & HWY417 IC129 RAMP35","360518.17984","5023570.13933","-75.78892","45.34986","2017","12/18/2017","8:40:00 AM","03 - Snow","03 - Loose snow","10 - No control","01 - Non intersection","01 - Daylight","03 - P.D. only","03 - Rear end"
"7318","HIGHWAY 417 btwn HWY417 IC129 RAMP25 & HWY417 IC129 RAMP35","360556.29267","5023604.56130","-75.78843","45.35017","2017","4/6/2017","7:30:00 AM","02 - Rain","02 - Wet","10 - No control","01 - Non intersection","01 - Daylight","03 - P.D. only","03 - Rear end"
"7319","HIGHWAY 417 btwn HWY417 IC129 RAMP25 & TRANSIT","361541.57442","5024374.30376","-75.77577","45.35702","2017","9/1/2017","1:58:00 PM","01 - Clear","01 - Dry","10 - No control","01 - Non intersection","01 - Daylight","03 - P.D. only","03 - Rear end"
"7320","HIGHWAY 417 btwn HWY417 IC129 RAMP25 & TRANSIT","361617.65437","5024434.69968","-75.77480","45.35755","2017","10/10/2017","5:44:00 PM","01 - Clear","01 - Dry","10 - No control","01 - Non intersection","01 - Daylight","03 - P.D. only","03 - Rear end"
"7321","HIGHWAY 417 btwn HWY417 IC129 RAMP25 & TRANSIT","361700.58813","5024496.74395","-75.77373","45.35811","2017","9/21/2017","9:25:00 AM","01 - Clear","01 - Dry","10 - No control","01 - Non intersection","01 - Daylight","03 - P.D. only","03 - Rear end"
"7322","HIGHWAY 417 btwn HWY417 IC129 RAMP25 & TRANSIT","361752.64109","5024533.18468","-75.77306","45.35843","2017","10/19/2017","6:29:00 PM","01 - Clear","01 - Dry","10 - No control","01 - Non intersection","07 - Dark","02 - Non-fatal injury","03 - Rear end"
"7323","HIGHWAY 417 btwn HWY417 IC129 RAMP25 & TRANSIT","361171.74775","5024075.23715","-75.78053","45.35436","2017","12/21/2017","11:45:00 AM","01 - Clear","01 - Dry","10 - No control","01 - Non intersection","01 - Daylight","03 - P.D. only","03 - Rear end"
"7324","HIGHWAY 417 btwn HWY417 IC129 RAMP25 & TRANSIT","361785.83908","5024557.01880","-75.77263","45.35864","2017","10/1/2017","2:15:00 PM","01 - Clear","01 - Dry","10 - No control","01 - Non intersection","01 - Daylight","03 - P.D. only","03 - Rear end"
"7325","HIGHWAY 417 btwn HWY417 IC129 RAMP25 & TRANSIT","361369.04881","5024228.08132","-75.77799","45.35572","2017","9/3/2017","2:40:00 PM","02 - Rain","02 - Wet","10 - No control","01 - Non intersection","01 - Daylight","03 - P.D. only","03 - Rear end"
"7326","HIGHWAY 417 btwn HWY417 IC129 RAMP25 & TRANSIT","361179.34059","5024080.02045","-75.78043","45.35440","2017","4/29/2017","3:23:00 PM","01 - Clear","01 - Dry","10 - No control","01 - Non intersection","01 - Daylight","02 - Non-fatal injury","03 - Rear end"
"7327","HIGHWAY 417 btwn HWY417 IC129 RAMP25 & TRANSIT","360888.51283","5023861.68937","-75.78417","45.35246","2017","5/2/2017","7:40:00 AM","01 - Clear","01 - Dry","10 - No control","01 - Non intersection","01 - Daylight","03 - P.D. only","03 - Rear end"
"7328","HIGHWAY 417 btwn HWY417 IC129 RAMP25 & TRANSIT","361819.24415","5024581.98226","-75.77221","45.35886","2017","6/20/2017","12:05:00 AM","01 - Clear","01 - Dry","10 - No control","01 - Non intersection","07 - Dark","02 - Non-fatal injury","03 - Rear end"
"7329","HIGHWAY 417 btwn HWY417 IC129 RAMP25 & TRANSIT","361466.84037","5024302.20599","-75.77674","45.35637","2017","5/26/2017","3:32:00 PM","01 - Clear","02 - Wet","10 - No control","01 - Non intersection","01 - Daylight","03 - P.D. only","04 - Sideswipe"
"7330","HIGHWAY 417 btwn HWY417 IC129 RAMP25 & TRANSIT","361746.66436","5024535.22810","-75.77314","45.35845","2017","4/26/2017","9:30:00 AM","01 - Clear","01 - Dry","10 - No control","01 - Non intersection","01 - Daylight","03 - P.D. only","03 - Rear end"
"7331","HIGHWAY 417 btwn HWY417 IC129 RAMP25 & TRANSIT","361753.77484","5024532.61453","-75.77305","45.35842","2017","1/16/2017","7:02:00 AM","01 - Clear","01 - Dry","10 - No control","01 - Non intersection","03 - Dawn","03 - P.D. only","03 - Rear end"
"7332","HIGHWAY 417 btwn HWY417 IC129 RAMP25 & TRANSIT","361198.75178","5024103.71040","-75.78018","45.35461","2017","3/17/2017","2:50:00 PM","01 - Clear","01 - Dry","10 - No control","01 - Non intersection","01 - Daylight","03 - P.D. only","04 - Sideswipe"
"7333","HIGHWAY 417 btwn HWY417 IC129 RAMP25 & TRANSIT","361593.00429","5024410.50327","-75.77511","45.35734","2017","6/23/2017","6:20:00 PM","01 - Clear","01 - Dry","10 - No control","01 - Non intersection","01 - Daylight","02 - Non-fatal injury","03 - Rear end"
"7334","HIGHWAY 417 btwn HWY417 IC129 RAMP25 & TRANSIT","361407.35094","5024255.92945","-75.77750","45.35596","2017","5/12/2017","11:15:00 PM","01 - Clear","01 - Dry","10 - No control","01 - Non intersection","07 - Dark","03 - P.D. only","04 - Sideswipe"
"7335","HIGHWAY 417 btwn HWY417 IC129 RAMP25 & TRANSIT","361534.29598","5024361.81070","-75.77587","45.35691","2017","4/13/2017","6:18:00 PM","01 - Clear","01 - Dry","10 - No control","01 - Non intersection","01 - Daylight","03 - P.D. only","03 - Rear end"
"7336","HIGHWAY 417 btwn HWY417 IC129 RAMP25 & TRANSIT","361410.74242","5024267.36118","-75.77746","45.35607","2017","5/31/2017","3:56:00 PM","01 - Clear","01 - Dry","10 - No control","01 - Non intersection","01 - Daylight","02 - Non-fatal injury","03 - Rear end"
"7337","HIGHWAY 417 btwn HWY417 IC129 RAMP25 & TRANSIT","361346.18810","5024215.72362","-75.77828","45.35561","2017","3/24/2017","9:16:00 AM","03 - Snow","03 - Loose snow","10 - No control","01 - Non intersection","01 - Daylight","03 - P.D. only","03 - Rear end"
"7338","HIGHWAY 417 btwn HWY417 IC129 RAMP25 & TRANSIT","361591.24582","5024413.66844","-75.77513","45.35737","2017","6/14/2017","8:44:00 PM","01 - Clear","01 - Dry","10 - No control","01 - Non intersection","05 - Dusk","03 - P.D. only","04 - Sideswipe"
"7339","HIGHWAY 417 btwn HWY417 IC129 RAMP25 & TRANSIT","361649.50426","5024450.74432","-75.77439","45.35770","2017","5/16/2017","6:50:00 AM","01 - Clear","01 - Dry","10 - No control","01 - Non intersection","01 - Daylight","03 - P.D. only","03 - Rear end"
"7340","HIGHWAY 417 btwn HWY417 IC129 RAMP25 & TRANSIT","361665.29854","5024469.05945","-75.77418","45.35786","2017","5/17/2017","8:00:00 AM","01 - Clear","01 - Dry","10 - No control","01 - Non intersection","01 - Daylight","03 - P.D. only","03 - Rear end"
"7341","HIGHWAY 417 btwn HWY417 IC129 RAMP25 & TRANSIT","361764.43467","5024538.78717","-75.77291","45.35848","2017","1/17/2017","8:05:00 AM","01 - Clear","01 - Dry","10 - No control","01 - Non intersection","01 - Daylight","03 - P.D. only","03 - Rear end"
"7342","HIGHWAY 417 btwn HWY417 IC129 RAMP26 & HWY417 IC129 RAMP61","360566.97732","5023639.07277","-75.78829","45.35048","2017","12/30/2017","8:30:00 PM","01 - Clear","01 - Dry","10 - No control","01 - Non intersection","07 - Dark","03 - P.D. only","07 - SMV other"
"7343","HIGHWAY 417 btwn HWY417 IC129 RAMP26 & HWY417 IC129 RAMP61","360591.57459","5023662.20086","-75.78798","45.35069","2017","12/13/2017","9:58:00 PM","01 - Clear","01 - Dry","10 - No control","01 - Non intersection","07 - Dark","02 - Non-fatal injury","07 - SMV other"
"7344","HIGHWAY 417 btwn HWY417 IC129 RAMP26 & HWY417 IC129 RAMP61","360684.84073","5023733.46106","-75.78678","45.35132","2017","11/11/2017","2:15:00 PM","01 - Clear","01 - Dry","10 - No control","01 - Non intersection","01 - Daylight","03 - P.D. only","07 - SMV other"
"7345","HIGHWAY 417 btwn HWY417 IC129 RAMP51 & HWY417 IC129 RAMP35","360290.15653","5023391.79076","-75.79185","45.34828","2017","12/7/2017","9:00:00 AM","03 - Snow","02 - Wet","10 - No control","01 - Non intersection","01 - Daylight","03 - P.D. only","03 - Rear end"
"7346","HIGHWAY 417 btwn HWY417 IC129 RAMP51 & HWY417 IC129 RAMP35","360293.63276","5023400.69832","-75.79181","45.34836","2017","7/14/2017","7:30:00 PM","02 - Rain","02 - Wet","10 - No control","01 - Non intersection","01 - Daylight","03 - P.D. only","04 - Sideswipe"
"7347","HIGHWAY 417 btwn HWY417 IC129 RAMP51 & HWY417 IC129 RAMP35","360232.02838","5023350.28719","-75.79260","45.34791","2017","11/10/2017","6:00:00 PM","01 - Clear","01 - Dry","10 - No control","01 - Non intersection","07 - Dark","03 - P.D. only","03 - Rear end"
"7348","HIGHWAY 417 btwn HWY417 IC129 RAMP51 & HWY417 IC129 RAMP35","360300.60529","5023407.86602","-75.79172","45.34842","2017","2/1/2017","9:23:00 AM","01 - Clear","02 - Wet","10 - No control","01 - Non intersection","01 - Daylight","03 - P.D. only","03 - Rear end"
"7349","HIGHWAY 417 btwn HWY417 IC129 RAMP51 & HWY417 IC129 RAMP35","360277.06575","5023394.56508","-75.79202","45.34830","2017","4/28/2017","3:50:00 PM","01 - Clear","01 - Dry","10 - No control","01 - Non intersection","01 - Daylight","02 - Non-fatal injury","03 - Rear end"
"7350","HIGHWAY 417 btwn HWY417 IC129 RAMP51 & HWY417 IC129 RAMP35","360147.42248","5023286.70447","-75.79369","45.34734","2017","4/19/2017","7:35:00 AM","01 - Clear","01 - Dry","10 - No control","01 - Non intersection","01 - Daylight","03 - P.D. only","03 - Rear end"
"7351","HIGHWAY 417 btwn HWY417 IC129 RAMP51 & HWY417 IC129 RAMP35","360360.38324","5023453.74021","-75.79095","45.34883","2017","1/9/2017","7:00:00 AM","01 - Clear","01 - Dry","10 - No control","01 - Non intersection","07 - Dark","03 - P.D. only","03 - Rear end"
"7352","HIGHWAY 417 btwn HWY417 IC129 RAMP51 & HWY417 IC129 RAMP35","360160.67547","5023298.25927","-75.79352","45.34745","2017","1/17/2017","9:40:00 AM","01 - Clear","01 - Dry","10 - No control","01 - Non intersection","01 - Daylight","02 - Non-fatal injury","03 - Rear end"
"7353","HIGHWAY 417 btwn HWY417 IC129 RAMP51 & HWY417 IC129 RAMP35","360303.85582","5023409.45400","-75.79168","45.34843","2017","5/24/2017","8:02:00 AM","01 - Clear","01 - Dry","10 - No control","01 - Non intersection","01 - Daylight","03 - P.D. only","03 - Rear end"
"7354","HIGHWAY 417 btwn HWY417 IC129 RAMP61 & TRANSIT","361199.75303","5024131.75183","-75.78016","45.35486","2017","7/21/2017","4:30:00 PM","01 - Clear","01 - Dry","10 - No control","01 - Non intersection","01 - Daylight","03 - P.D. only","03 - Rear end"
"7355","HIGHWAY 417 btwn HWY417 IC129 RAMP61 & TRANSIT","361240.85850","5024169.38668","-75.77963","45.35520","2017","9/22/2017","5:00:00 PM","01 - Clear","01 - Dry","10 - No control","01 - Non intersection","01 - Daylight","03 - P.D. only","04 - Sideswipe"
"7356","HIGHWAY 417 btwn HWY417 IC129 RAMP61 & TRANSIT","361346.05194","5024246.90306","-75.77828","45.35589","2017","10/13/2017","10:05:00 AM","01 - Clear","01 - Dry","10 - No control","01 - Non intersection","01 - Daylight","02 - Non-fatal injury","03 - Rear end"
"7357","HIGHWAY 417 btwn HWY417 IC129 RAMP61 & TRANSIT","361204.35532","5024136.77255","-75.78010","45.35491","2017","8/13/2017","8:34:00 AM","01 - Clear","01 - Dry","10 - No control","01 - Non intersection","01 - Daylight","03 - P.D. only","03 - Rear end"
"7358","HIGHWAY 417 btwn HWY417 IC129 RAMP61 & TRANSIT","361304.71374","5024220.82203","-75.77881","45.35566","2017","8/10/2017","3:35:00 PM","01 - Clear","01 - Dry","10 - No control","01 - Non intersection","01 - Daylight","02 - Non-fatal injury","03 - Rear end"
"7359","HIGHWAY 417 btwn HWY417 IC129 RAMP61 & TRANSIT","361343.30016","5024248.99259","-75.77832","45.35591","2017","7/9/2017","12:02:00 PM","01 - Clear","01 - Dry","10 - No control","01 - Non intersection","01 - Daylight","01 - Fatal injury","04 - Sideswipe"
"7360","HIGHWAY 417 btwn HWY417 IC129 RAMP61 & TRANSIT","361351.51730","5024252.45165","-75.77821","45.35594","2017","6/9/2017","4:55:00 PM","01 - Clear","01 - Dry","10 - No control","01 - Non intersection","01 - Daylight","02 - Non-fatal injury","03 - Rear end"
"7361","HIGHWAY 417 btwn HWY417 IC129 RAMP61 & TRANSIT","361346.72244","5024242.33174","-75.77827","45.35585","2017","4/8/2017","10:30:00 AM","01 - Clear","01 - Dry","10 - No control","01 - Non intersection","01 - Daylight","03 - P.D. only","03 - Rear end"
"7362","HIGHWAY 417 btwn HWY417 IC129 RAMP61 & TRANSIT","361399.47604","5024285.72160","-75.77760","45.35623","2017","5/15/2017","3:00:00 PM","01 - Clear","01 - Dry","10 - No control","01 - Non intersection","01 - Daylight","02 - Non-fatal injury","03 - Rear end"
"7363","HIGHWAY 417 btwn HWY417 IC129 RAMP61 & TRANSIT","361295.17002","5024209.14397","-75.77894","45.35555","2017","5/16/2017","9:40:00 PM","01 - Clear","01 - Dry","10 - No control","01 - Non intersection","07 - Dark","03 - P.D. only","03 - Rear end"
"7364","HIGHWAY 417 btwn HWY417 IC129 RAMP61 & TRANSIT","361384.82482","5024273.36498","-75.77779","45.35612","2017","4/1/2017","8:20:00 AM","02 - Rain","02 - Wet","10 - No control","01 - Non intersection","01 - Daylight","03 - P.D. only","03 - Rear end"
"7365","HIGHWAY 417 btwn HWY417 IC129 RAMP61 & TRANSIT","361334.93157","5024241.07696","-75.77843","45.35584","2017","2/9/2017","6:20:00 PM","01 - Clear","01 - Dry","10 - No control","01 - Non intersection","07 - Dark","02 - Non-fatal injury","04 - Sideswipe"
"7366","HIGHWAY 417 btwn HWY417 IC129 RAMP61 & TRANSIT","361377.76393","5024271.97868","-75.77788","45.35611","2017","3/21/2017","4:30:00 PM","01 - Clear","01 - Dry","10 - No control","01 - Non intersection","01 - Daylight","03 - P.D. only","03 - Rear end"
"7367","HIGHWAY 417 btwn HWY417 IC129 RAMP61 & TRANSIT","361442.53130","5024326.11684","-75.77704","45.35659","2017","2/23/2017","10:20:00 PM","01 - Clear","01 - Dry","10 - No control","01 - Non intersection","07 - Dark","03 - P.D. only","03 - Rear end"
"7368","HIGHWAY 417 btwn HWY417 IC129 RAMP76 & HWY417 IC129 RAMP26","360392.37432","5023506.57699","-75.79054","45.34930","2017","11/19/2017","3:21:00 PM","01 - Clear","06 - Ice","10 - No control","01 - Non intersection","01 - Daylight","03 - P.D. only","07 - SMV other"
"7369","HIGHWAY 417 btwn HWY417 IC129 RAMP76 & HWY417 IC129 RAMP26","360374.52310","5023495.02291","-75.79077","45.34920","2017","11/15/2017","6:00:00 PM","01 - Clear","01 - Dry","10 - No control","01 - Non intersection","07 - Dark","03 - P.D. only","03 - Rear end"
"7370","HIGHWAY 417 btwn HWY417 IC129 RAMP76 & HWY417 IC129 RAMP26","360357.12780","5023476.23189","-75.79099","45.34903","2017","8/5/2017","11:15:00 PM","01 - Clear","01 - Dry","10 - No control","01 - Non intersection","07 - Dark","03 - P.D. only","04 - Sideswipe"
"7371","HIGHWAY 417 btwn HWY417 IC130 RAMP26 & HIGHWAY 417","359487.68830","5023116.85712","-75.80213","45.34587","2017","5/18/2017","1:38:00 PM","01 - Clear","01 - Dry","10 - No control","01 - Non intersection","01 - Daylight","02 - Non-fatal injury","04 - Sideswipe"
"7372","HIGHWAY 417 btwn HWY417 IC130 RAMP26 & HIGHWAY 417","359439.42820","5023109.23710","-75.80274","45.34580","2017","5/18/2017","12:58:00 PM","01 - Clear","01 - Dry","10 - No control","01 - Non intersection","01 - Daylight","03 - P.D. only","99 - Other"
"7373","HIGHWAY 417 btwn HWY417 IC130 RAMP26 & HIGHWAY 417","359421.90269","5023108.41948","-75.80297","45.34580","2017","6/17/2017","10:30:00 AM","01 - Clear","01 - Dry","10 - No control","01 - Non intersection","01 - Daylight","03 - P.D. only","04 - Sideswipe"
"7374","HIGHWAY 417 btwn HWY417 IC130 RAMP26 & HIGHWAY 417","359569.19496","5023123.60418","-75.80108","45.34592","2017","2/1/2017","10:15:00 PM","01 - Clear","01 - Dry","10 - No control","01 - Non intersection","07 - Dark","03 - P.D. only","03 - Rear end"
"7375","HIGHWAY 417 btwn HWY417 IC130 RAMP35 & HWY417 IC130 RAMP25","359283.78174","5023073.50611","-75.80473","45.34549","2017","12/6/2017","7:55:00 AM","01 - Clear","01 - Dry","10 - No control","01 - Non intersection","01 - Daylight","03 - P.D. only","04 - Sideswipe"
"7376","HIGHWAY 417 btwn HWY417 IC130 RAMP35 & HWY417 IC130 RAMP25","359160.49729","5023055.73992","-75.80631","45.34534","2017","10/24/2017","10:45:00 AM","02 - Rain","02 - Wet","10 - No control","01 - Non intersection","01 - Daylight","03 - P.D. only","03 - Rear end"
"7377","HIGHWAY 417 btwn HWY417 IC130 RAMP35 & HWY417 IC130 RAMP25","359165.52393","5023058.72723","-75.80624","45.34537","2017","8/4/2017","5:35:00 PM","01 - Clear","01 - Dry","10 - No control","01 - Non intersection","01 - Daylight","03 - P.D. only","04 - Sideswipe"
"7378","HIGHWAY 417 btwn HWY417 IC130 RAMP35 & HWY417 IC130 RAMP25","359320.46565","5023069.70961","-75.80426","45.34545","2017","3/21/2017","8:59:00 AM","01 - Clear","01 - Dry","10 - No control","01 - Non intersection","01 - Daylight","03 - P.D. only","04 - Sideswipe"
"7379","HIGHWAY 417 btwn HWY417 IC131 RAMP53 & HWY417 IC131 RAMP51","357861.31944","5022728.00702","-75.82292","45.34249","2017","7/20/2017","11:45:00 AM","01 - Clear","01 - Dry","10 - No control","01 - Non intersection","01 - Daylight","03 - P.D. only","04 - Sideswipe"
"7380","HIGHWAY 417 btwn HWY417 IC131 RAMP53 & HWY417 IC131 RAMP51","357927.61376","5022732.71363","-75.82207","45.34253","2017","12/5/2017","7:30:00 AM","02 - Rain","02 - Wet","10 - No control","01 - Non intersection","03 - Dawn","03 - P.D. only","04 - Sideswipe"
"7381","HIGHWAY 417 btwn HWY417 IC131 RAMP53 & HWY417 IC131 RAMP51","357831.03745","5022723.58654","-75.82331","45.34245","2017","1/9/2017","6:40:00 AM","01 - Clear","01 - Dry","10 - No control","01 - Non intersection","07 - Dark","03 - P.D. only","03 - Rear end"
"7382","HIGHWAY 417 btwn HWY417 IC131 RAMP55 & HWY417 IC130 RAMP35","358917.95900","5023011.21223","-75.80941","45.34496","2017","11/4/2017","6:10:00 PM","01 - Clear","01 - Dry","10 - No control","01 - Non intersection","07 - Dark","03 - P.D. only","03 - Rear end"
"7383","HIGHWAY 417 btwn HWY417 IC131 RAMP55 & HWY417 IC130 RAMP35","358916.85259","5023015.22106","-75.80942","45.34500","2017","11/30/2017","7:00:00 AM","01 - Clear","01 - Dry","10 - No control","01 - Non intersection","03 - Dawn","03 - P.D. only","03 - Rear end"
"7384","HIGHWAY 417 btwn HWY417 IC131 RAMP55 & HWY417 IC130 RAMP35","358843.63416","5022990.73543","-75.81036","45.34478","2017","9/27/2017","8:35:00 AM","01 - Clear","00 - Unknown","10 - No control","01 - Non intersection","01 - Daylight","03 - P.D. only","04 - Sideswipe"
"7385","HIGHWAY 417 btwn HWY417 IC131 RAMP55 & HWY417 IC130 RAMP35","358844.78110","5022988.61349","-75.81034","45.34476","2017","1/31/2017","6:30:00 AM","01 - Clear","01 - Dry","10 - No control","01 - Non intersection","07 - Dark","03 - P.D. only","03 - Rear end"
"7386","HIGHWAY 417 btwn HWY417 IC131 RAMP55 & HWY417 IC130 RAMP35","358931.02320","5023016.75562","-75.80924","45.34501","2017","1/4/2017","12:44:00 AM","03 - Snow","05 - Packed snow","10 - No control","01 - Non intersection","07 - Dark","03 - P.D. only","07 - SMV other"
"7387","HIGHWAY 417 btwn HWY417 IC131 RAMP66 & HWY417 IC130 RAMP26","359196.37097","5023080.53969","-75.80585","45.34556","2017","12/13/2017","7:00:00 PM","01 - Clear","02 - Wet","10 - No control","01 - Non intersection","07 - Dark","03 - P.D. only","03 - Rear end"
"7388","HIGHWAY 417 btwn HWY417 IC131 RAMP66 & HWY417 IC130 RAMP26","358935.23809","5023041.94276","-75.80918","45.34523","2017","11/1/2017","11:15:00 AM","02 - Rain","02 - Wet","10 - No control","01 - Non intersection","01 - Daylight","03 - P.D. only","07 - SMV other"
"7389","HIGHWAY 417 btwn HWY417 IC131 RAMP66 & HWY417 IC130 RAMP26","359006.08199","5023056.23371","-75.80828","45.34536","2017","11/22/2017","6:20:00 PM","01 - Clear","01 - Dry","10 - No control","01 - Non intersection","07 - Dark","03 - P.D. only","03 - Rear end"
"7390","HIGHWAY 417 btwn HWY417 IC131 RAMP66 & HWY417 IC130 RAMP26","359002.59127","5023051.83718","-75.80832","45.34532","2017","12/19/2017","5:33:00 PM","01 - Clear","01 - Dry","10 - No control","01 - Non intersection","07 - Dark","03 - P.D. only","03 - Rear end"
"7391","HIGHWAY 417 btwn HWY417 IC131 RAMP66 & HWY417 IC130 RAMP26","359170.40893","5023079.72022","-75.80618","45.34556","2017","10/5/2017","7:40:00 AM","01 - Clear","01 - Dry","10 - No control","01 - Non intersection","01 - Daylight","03 - P.D. only","04 - Sideswipe"
"7392","HIGHWAY 417 btwn HWY417 IC131 RAMP66 & HWY417 IC130 RAMP26","359149.78711","5023071.82303","-75.80644","45.34549","2017","9/2/2017","4:25:00 AM","01 - Clear","01 - Dry","10 - No control","01 - Non intersection","07 - Dark","03 - P.D. only","07 - SMV other"
"7393","HIGHWAY 417 btwn HWY417 IC131 RAMP66 & HWY417 IC130 RAMP26","359183.44309","5023080.26778","-75.80601","45.34556","2017","9/21/2017","6:15:00 PM","01 - Clear","01 - Dry","10 - No control","01 - Non intersection","01 - Daylight","03 - P.D. only","03 - Rear end"
"7394","HIGHWAY 417 btwn HWY417 IC131 RAMP66 & HWY417 IC130 RAMP26","359025.48117","5023057.51467","-75.80803","45.34537","2017","11/19/2017","9:35:00 AM","03 - Snow","04 - Slush","10 - No control","01 - Non intersection","01 - Daylight","03 - P.D. only","07 - SMV other"
"7395","HIGHWAY 417 btwn HWY417 IC131 RAMP66 & HWY417 IC130 RAMP26","359182.69572","5023078.08126","-75.80602","45.34554","2017","12/26/2017","4:30:00 PM","01 - Clear","01 - Dry","10 - No control","01 - Non intersection","05 - Dusk","03 - P.D. only","03 - Rear end"
"7396","HIGHWAY 417 btwn HWY417 IC131 RAMP66 & HWY417 IC130 RAMP26","359000.82658","5023051.38690","-75.80834","45.34531","2017","12/7/2017","6:52:00 AM","03 - Snow","05 - Packed snow","10 - No control","01 - Non intersection","07 - Dark","03 - P.D. only","07 - SMV other"
"7397","HIGHWAY 417 btwn HWY417 IC131 RAMP66 & HWY417 IC130 RAMP26","358915.94201","5023038.47832","-75.80943","45.34521","2017","7/12/2017","9:25:00 AM","01 - Clear","01 - Dry","10 - No control","01 - Non intersection","01 - Daylight","03 - P.D. only","04 - Sideswipe"
"7398","HIGHWAY 417 btwn HWY417 IC131 RAMP66 & HWY417 IC130 RAMP26","359005.45031","5023057.04568","-75.80829","45.34537","2017","4/25/2017","3:30:00 PM","02 - Rain","02 - Wet","10 - No control","01 - Non intersection","01 - Daylight","03 - P.D. only","07 - SMV other"
"7399","HIGHWAY 417 btwn HWY417 IC134 RAMP25 & HWY417 IC131 RAMP53","357331.19074","5022608.20603","-75.82970","45.34145","2017","9/20/2017","8:00:00 AM","01 - Clear","01 - Dry","10 - No control","01 - Non intersection","01 - Daylight","03 - P.D. only","03 - Rear end"
"7400","HIGHWAY 417 btwn HWY417 IC134 RAMP25 & HWY417 IC131 RAMP53","357296.19820","5022587.62298","-75.83015","45.34127","2017","10/11/2017","6:30:00 AM","01 - Clear","01 - Dry","10 - No control","01 - Non intersection","03 - Dawn","03 - P.D. only","03 - Rear end"
"7401","HIGHWAY 417 btwn HWY417 IC134 RAMP25 & HWY417 IC131 RAMP53","357213.25071","5022572.82796","-75.83121","45.34114","2017","12/14/2017","5:41:00 PM","05 - Drifting Snow","03 - Loose snow","10 - No control","01 - Non intersection","07 - Dark","03 - P.D. only","03 - Rear end"
"7402","HIGHWAY 417 btwn HWY417 IC134 RAMP25 & HWY417 IC131 RAMP53","357276.55513","5022590.06794","-75.83040","45.34129","2017","6/20/2017","9:25:00 AM","01 - Clear","01 - Dry","10 - No control","01 - Non intersection","01 - Daylight","03 - P.D. only","03 - Rear end"
"7403","HIGHWAY 417 btwn HWY417 IC134 RAMP25 & HWY417 IC131 RAMP53","357436.05365","5022633.64106","-75.82836","45.34168","2017","3/3/2017","12:11:00 AM","01 - Clear","01 - Dry","10 - No control","01 - Non intersection","07 - Dark","03 - P.D. only","07 - SMV other"
"7404","HIGHWAY 417 btwn HWY417 IC134 RAMP25 & HWY417 IC131 RAMP53","357312.31137","5022607.61273","-75.82994","45.34145","2017","1/31/2017","6:40:00 AM","01 - Clear","01 - Dry","10 - No control","01 - Non intersection","07 - Dark","03 - P.D. only","03 - Rear end"
"7405","HIGHWAY 417 btwn HWY417 IC134 RAMP26 & HWY417 IC134 RAMP61","356559.73734","5022367.21707","-75.83956","45.33934","2017","7/11/2017","3:50:00 PM","01 - Clear","01 - Dry","10 - No control","01 - Non intersection","01 - Daylight","03 - P.D. only","03 - Rear end"
"7406","HIGHWAY 417 btwn HWY417 IC134 RAMP35 & HWY417 IC134 RAMP25","356421.07734","5022241.79155","-75.84135","45.33822","2017","7/14/2017","12:21:00 PM","01 - Clear","01 - Dry","10 - No control","06 - Underpass or tunnel","01 - Daylight","03 - P.D. only","99 - Other"
"7407","HIGHWAY 417 btwn HWY417 IC134 RAMP35 & HWY417 IC134 RAMP25","356666.61556","5022388.01057","-75.83820","45.33952","2017","9/21/2017","8:40:00 AM","01 - Clear","01 - Dry","10 - No control","01 - Non intersection","01 - Daylight","03 - P.D. only","03 - Rear end"
"7408","HIGHWAY 417 btwn HWY417 IC134 RAMP35 & HWY417 IC134 RAMP25","356483.54361","5022274.58253","-75.84055","45.33852","2017","10/24/2017","9:55:00 AM","02 - Rain","02 - Wet","10 - No control","01 - Non intersection","01 - Daylight","02 - Non-fatal injury","03 - Rear end"
"7409","HIGHWAY 417 btwn HWY417 IC134 RAMP36 & HWY417 IC134 RAMP26","356320.84533","5022240.22981","-75.84263","45.33822","2017","12/13/2017","5:15:00 PM","01 - Clear","02 - Wet","10 - No control","01 - Non intersection","07 - Dark","03 - P.D. only","03 - Rear end"