"Record","Location","X","Y","Longitude","Latitude","Year","Date","Time","Environment","Road_Surface","Traffic_Control","Collision_Location","Light","Collision_Classification","Impact_type"
"7410","HIGHWAY 417 btwn HWY417 IC134 RAMP36 & HWY417 IC134 RAMP26","356358.12482","5022255.30511","-75.84215","45.33835","2017","11/10/2017","9:30:00 AM","01 - Clear","01 - Dry","10 - No control","01 - Non intersection","01 - Daylight","03 - P.D. only","04 - Sideswipe"
"7411","HIGHWAY 417 btwn HWY417 IC134 RAMP36 & HWY417 IC134 RAMP26","356296.03867","5022217.20690","-75.84294","45.33801","2017","12/7/2017","6:50:00 AM","03 - Snow","06 - Ice","10 - No control","01 - Non intersection","07 - Dark","02 - Non-fatal injury","03 - Rear end"
"7412","HIGHWAY 417 btwn HWY417 IC134 RAMP51 & HWY417 IC134 RAMP35","356227.42643","5022127.47390","-75.84383","45.33721","2017","10/24/2017","8:30:00 AM","02 - Rain","02 - Wet","10 - No control","01 - Non intersection","01 - Daylight","03 - P.D. only","03 - Rear end"
"7413","HIGHWAY 417 btwn HWY417 IC134 RAMP51 & HWY417 IC134 RAMP35","356199.10529","5022111.51237","-75.84419","45.33707","2017","9/14/2017","9:21:00 AM","01 - Clear","01 - Dry","10 - No control","01 - Non intersection","01 - Daylight","03 - P.D. only","03 - Rear end"
"7414","HIGHWAY 417 btwn HWY417 IC134 RAMP51 & HWY417 IC134 RAMP35","356241.50474","5022139.31259","-75.84365","45.33732","2017","12/14/2017","6:05:00 PM","03 - Snow","06 - Ice","10 - No control","01 - Non intersection","07 - Dark","03 - P.D. only","03 - Rear end"
"7415","HIGHWAY 417 btwn HWY417 IC134 RAMP51 & HWY417 IC134 RAMP35","356250.04132","5022142.48380","-75.84354","45.33734","2017","9/30/2017","6:50:00 AM","01 - Clear","01 - Dry","10 - No control","01 - Non intersection","03 - Dawn","03 - P.D. only","99 - Other"
"7416","HIGHWAY 417 btwn HWY417 IC134 RAMP51 & HWY417 IC134 RAMP35","356183.91155","5022095.98053","-75.84439","45.33693","2017","12/22/2017","6:30:00 AM","01 - Clear","01 - Dry","10 - No control","01 - Non intersection","07 - Dark","03 - P.D. only","07 - SMV other"
"7417","HIGHWAY 417 btwn HWY417 IC134 RAMP51 & HWY417 IC134 RAMP35","356189.57797","5022104.75043","-75.84431","45.33701","2017","12/18/2017","9:40:00 PM","03 - Snow","03 - Loose snow","10 - No control","01 - Non intersection","07 - Dark","03 - P.D. only","07 - SMV other"
"7418","HIGHWAY 417 btwn HWY417 IC134 RAMP51 & HWY417 IC134 RAMP35","356233.19449","5022136.58927","-75.84376","45.33729","2017","2/12/2017","7:00:00 PM","03 - Snow","03 - Loose snow","10 - No control","01 - Non intersection","07 - Dark","03 - P.D. only","07 - SMV other"
"7419","HIGHWAY 417 btwn HWY417 IC134 RAMP61 & HWY417 IC131 RAMP66","357090.41026","5022593.43967","-75.83277","45.34134","2017","7/20/2017","4:25:00 PM","01 - Clear","01 - Dry","10 - No control","01 - Non intersection","01 - Daylight","02 - Non-fatal injury","03 - Rear end"
"7420","HIGHWAY 417 btwn HWY417 IC134 RAMP61 & HWY417 IC131 RAMP66","357417.21912","5022692.24986","-75.82859","45.34220","2017","5/2/2017","7:50:00 AM","01 - Clear","01 - Dry","10 - No control","01 - Non intersection","01 - Daylight","03 - P.D. only","04 - Sideswipe"
"7421","HIGHWAY 417 btwn HWY417 IC134 RAMP61 & HWY417 IC131 RAMP66","357266.50290","5022643.19875","-75.83052","45.34177","2017","4/2/2017","1:00:00 PM","01 - Clear","01 - Dry","10 - No control","01 - Non intersection","01 - Daylight","03 - P.D. only","07 - SMV other"
"7422","HIGHWAY 417 btwn HWY417 IC134 RAMP61 & HWY417 IC131 RAMP66","357310.34386","5022652.58048","-75.82996","45.34185","2017","3/6/2017","9:50:00 PM","04 - Freezing Rain","06 - Ice","10 - No control","01 - Non intersection","07 - Dark","03 - P.D. only","07 - SMV other"
"7423","HIGHWAY 417 btwn HWY417 IC138 RAMP26 & HWY417 IC138 RAMP61","353119.44736","5020363.20744","-75.88365","45.32156","2017","11/24/2017","12:12:00 PM","01 - Clear","01 - Dry","10 - No control","01 - Non intersection","01 - Daylight","03 - P.D. only","07 - SMV other"
"7424","HIGHWAY 417 btwn HWY417 IC138 RAMP26 & HWY417 IC138 RAMP61","353117.22799","5020349.45396","-75.88368","45.32143","2017","12/3/2017","4:05:00 PM","01 - Clear","01 - Dry","10 - No control","01 - Non intersection","05 - Dusk","03 - P.D. only","03 - Rear end"
"7425","HIGHWAY 417 btwn HWY417 IC138 RAMP26 & HWY417 IC138 RAMP61","353109.37403","5020355.99219","-75.88378","45.32149","2017","8/17/2017","12:10:00 PM","01 - Clear","01 - Dry","10 - No control","01 - Non intersection","01 - Daylight","03 - P.D. only","04 - Sideswipe"
"7426","HIGHWAY 417 btwn HWY417 IC138 RAMP26 & HWY417 IC138 RAMP61","353160.61784","5020393.59882","-75.88313","45.32183","2017","8/12/2017","2:15:00 PM","01 - Clear","01 - Dry","10 - No control","01 - Non intersection","01 - Daylight","03 - P.D. only","99 - Other"
"7427","HIGHWAY 417 btwn HWY417 IC138 RAMP26 & HWY417 IC138 RAMP61","353072.79570","5020329.96364","-75.88425","45.32126","2017","1/3/2017","7:01:00 PM","04 - Freezing Rain","04 - Slush","10 - No control","01 - Non intersection","07 - Dark","03 - P.D. only","07 - SMV other"
"7428","HIGHWAY 417 btwn HWY417 IC138 RAMP36 & HIGHWAY 417","352493.58448","5019925.81812","-75.89168","45.31766","2017","6/28/2017","6:30:00 PM","02 - Rain","02 - Wet","10 - No control","01 - Non intersection","01 - Daylight","03 - P.D. only","03 - Rear end"
"7429","HIGHWAY 417 btwn HWY417 IC138 RAMP51 & HWY417 IC138 RAMP35","352757.71643","5020087.10017","-75.88830","45.31910","2017","11/2/2017","11:20:00 PM","02 - Rain","02 - Wet","10 - No control","01 - Non intersection","07 - Dark","03 - P.D. only","03 - Rear end"
"7430","HIGHWAY 417 btwn HWY417 IC138 RAMP51 & HWY417 IC138 RAMP35","352707.34993","5020048.70509","-75.88894","45.31875","2017","2/12/2017","2:10:00 PM","03 - Snow","03 - Loose snow","10 - No control","01 - Non intersection","01 - Daylight","03 - P.D. only","07 - SMV other"
"7431","HIGHWAY 417 btwn HWY417 IC138 RAMP61 & HWY417 IC134 RAMP36","355879.02388","5021969.55745","-75.84829","45.33581","2017","11/26/2017","10:42:00 PM","03 - Snow","03 - Loose snow","10 - No control","01 - Non intersection","07 - Dark","03 - P.D. only","07 - SMV other"
"7432","HIGHWAY 417 btwn HWY417 IC138 RAMP61 & HWY417 IC134 RAMP36","355460.59941","5021717.70540","-75.85366","45.33358","2017","8/31/2017","8:50:00 AM","01 - Clear","01 - Dry","10 - No control","01 - Non intersection","01 - Daylight","02 - Non-fatal injury","04 - Sideswipe"
"7433","HIGHWAY 417 btwn HWY417 IC138 RAMP61 & HWY417 IC134 RAMP36","355454.33865","5021724.28427","-75.85373","45.33364","2017","9/19/2017","8:20:00 AM","01 - Clear","01 - Dry","10 - No control","01 - Non intersection","01 - Daylight","03 - P.D. only","03 - Rear end"
"7434","HIGHWAY 417 btwn HWY417 IC138 RAMP61 & HWY417 IC134 RAMP36","355725.23823","5021885.99108","-75.85026","45.33507","2017","12/7/2017","6:30:00 AM","03 - Snow","06 - Ice","10 - No control","01 - Non intersection","07 - Dark","03 - P.D. only","03 - Rear end"
"7435","HIGHWAY 417 btwn HWY417 IC138 RAMP61 & HWY417 IC134 RAMP36","355555.60618","5021777.26791","-75.85244","45.33411","2017","8/15/2017","3:45:00 PM","01 - Clear","01 - Dry","10 - No control","01 - Non intersection","01 - Daylight","03 - P.D. only","04 - Sideswipe"
"7436","HIGHWAY 417 btwn HWY417 IC138 RAMP61 & HWY417 IC134 RAMP36","355779.05140","5021912.35654","-75.84957","45.33531","2017","11/23/2017","6:40:00 PM","01 - Clear","01 - Dry","10 - No control","01 - Non intersection","07 - Dark","02 - Non-fatal injury","03 - Rear end"
"7437","HIGHWAY 417 btwn HWY417 IC138 RAMP61 & HWY417 IC134 RAMP36","355697.53764","5021866.08459","-75.85062","45.33490","2017","11/27/2017","9:35:00 AM","01 - Clear","01 - Dry","10 - No control","01 - Non intersection","01 - Daylight","03 - P.D. only","03 - Rear end"
"7438","HIGHWAY 417 btwn HWY417 IC138 RAMP61 & HWY417 IC134 RAMP36","355041.85507","5021492.51708","-75.85902","45.33158","2017","10/26/2017","8:12:00 AM","01 - Clear","01 - Dry","10 - No control","01 - Non intersection","01 - Daylight","03 - P.D. only","03 - Rear end"
"7439","HIGHWAY 417 btwn HWY417 IC138 RAMP61 & HWY417 IC134 RAMP36","355552.98930","5021785.76068","-75.85247","45.33418","2017","1/7/2017","2:51:00 PM","01 - Clear","01 - Dry","10 - No control","01 - Non intersection","01 - Daylight","03 - P.D. only","04 - Sideswipe"
"7440","HIGHWAY 417 btwn HWY417 IC138 RAMP61 & HWY417 IC134 RAMP36","355393.14495","5021682.80831","-75.85452","45.33327","2017","5/12/2017","8:35:00 AM","01 - Clear","01 - Dry","10 - No control","01 - Non intersection","01 - Daylight","03 - P.D. only","03 - Rear end"
"7441","HIGHWAY 417 btwn HWY417 IC138 RAMP61 & HWY417 IC134 RAMP36","353829.52431","5020772.22975","-75.87456","45.32519","2017","2/1/2017","6:40:00 PM","03 - Snow","02 - Wet","10 - No control","01 - Non intersection","07 - Dark","03 - P.D. only","03 - Rear end"
"7442","HIGHWAY 417 btwn HWY417 IC138 RAMP61 & HWY417 IC134 RAMP36","355585.04734","5021798.55569","-75.85206","45.33430","2017","4/18/2017","8:45:00 AM","01 - Clear","01 - Dry","10 - No control","01 - Non intersection","01 - Daylight","02 - Non-fatal injury","03 - Rear end"
"7443","HIGHWAY 417 btwn HWY417 IC138 RAMP61 & HWY417 IC134 RAMP36","355672.01983","5021847.28448","-75.85094","45.33473","2017","4/18/2017","8:15:00 AM","01 - Clear","01 - Dry","10 - No control","01 - Non intersection","01 - Daylight","03 - P.D. only","03 - Rear end"
"7444","HIGHWAY 417 btwn HWY417 IC138 RAMP61 & HWY417 IC134 RAMP36","355805.84700","5021927.51507","-75.84923","45.33544","2017","3/24/2017","6:11:00 PM","03 - Snow","02 - Wet","10 - No control","01 - Non intersection","05 - Dusk","03 - P.D. only","07 - SMV other"
"7445","HIGHWAY 417 btwn HWY417 IC138 RAMP61 & HWY417 IC134 RAMP36","355945.76217","5022014.20404","-75.84743","45.33621","2017","1/30/2017","4:47:00 PM","01 - Clear","01 - Dry","10 - No control","01 - Non intersection","05 - Dusk","03 - P.D. only","03 - Rear end"
"7446","HIGHWAY 417 btwn HWY417 IC138 RAMP61 & HWY417 IC134 RAMP36","355621.05444","5021817.04974","-75.85160","45.33446","2017","7/4/2017","10:50:00 PM","01 - Clear","01 - Dry","10 - No control","01 - Non intersection","07 - Dark","03 - P.D. only","07 - SMV other"
"7447","HIGHWAY 417 btwn HWY417 IC138 RAMP61 & HWY417 IC134 RAMP36","355704.89266","5021866.16426","-75.85052","45.33490","2017","3/2/2017","6:05:00 AM","03 - Snow","02 - Wet","10 - No control","01 - Non intersection","03 - Dawn","03 - P.D. only","03 - Rear end"
"7448","HIGHWAY 417 btwn HWY417 IC138 RAMP61 & HWY417 IC134 RAMP36","354404.05342","5021102.20668","-75.86720","45.32812","2017","5/1/2017","4:20:00 PM","02 - Rain","02 - Wet","10 - No control","01 - Non intersection","01 - Daylight","03 - P.D. only","04 - Sideswipe"
"7449","HIGHWAY 417 btwn HWY417 IC138 RAMP61 & HWY417 IC134 RAMP36","355621.00588","5021822.31808","-75.85160","45.33451","2017","3/15/2017","7:00:00 AM","05 - Drifting Snow","03 - Loose snow","10 - No control","01 - Non intersection","01 - Daylight","03 - P.D. only","04 - Sideswipe"
"7450","HIGHWAY 417 btwn HWY417 IC138 RAMP61 & HWY417 IC134 RAMP36","355575.31130","5021799.17958","-75.85218","45.33430","2017","2/10/2017","10:40:00 PM","03 - Snow","03 - Loose snow","10 - No control","01 - Non intersection","07 - Dark","03 - P.D. only","07 - SMV other"
"7451","HIGHWAY 417 btwn HWY417 IC138 RAMP61 & HWY417 IC134 RAMP36","353779.04908","5020740.36526","-75.87520","45.32490","2017","6/23/2017","6:35:00 AM","02 - Rain","02 - Wet","10 - No control","01 - Non intersection","01 - Daylight","03 - P.D. only","04 - Sideswipe"
"7452","HIGHWAY 417 btwn HWY417 IC138 RAMP61 & HWY417 IC134 RAMP36","354791.45937","5021319.64961","-75.86223","45.33005","2017","3/3/2017","5:10:00 PM","01 - Clear","01 - Dry","10 - No control","07 - Overpass or bridge","01 - Daylight","03 - P.D. only","03 - Rear end"
"7453","HIGHWAY 417 btwn HWY417 IC138 RAMP61 & HWY417 IC134 RAMP36","355610.56746","5021822.19198","-75.85173","45.33451","2017","7/6/2017","7:50:00 AM","01 - Clear","01 - Dry","10 - No control","01 - Non intersection","01 - Daylight","02 - Non-fatal injury","03 - Rear end"
"7454","HIGHWAY 417 btwn HWY417 IC138 RAMP61 & HWY417 IC134 RAMP36","355543.08263","5021779.24028","-75.85260","45.33413","2017","2/8/2017","5:00:00 AM","04 - Freezing Rain","03 - Loose snow","10 - No control","01 - Non intersection","07 - Dark","03 - P.D. only","07 - SMV other"
"7455","HIGHWAY 417 btwn HWY417 IC138 RAMP61 & HWY417 IC134 RAMP36","355733.90683","5021890.46668","-75.85015","45.33511","2017","4/28/2017","2:15:00 PM","01 - Clear","01 - Dry","10 - No control","01 - Non intersection","01 - Daylight","02 - Non-fatal injury","99 - Other"
"7456","HIGHWAY 417 btwn HWY417 IC138 RAMP61 & HWY417 IC134 RAMP36","355802.97919","5021934.06706","-75.84926","45.33550","2017","2/25/2017","1:12:00 AM","01 - Clear","02 - Wet","10 - No control","01 - Non intersection","07 - Dark","03 - P.D. only","07 - SMV other"
"7457","HIGHWAY 417 btwn HWY417 IC138 RAMP61 & HWY417 IC134 RAMP36","354288.11410","5021041.79425","-75.86868","45.32758","2017","3/23/2017","8:25:00 AM","01 - Clear","01 - Dry","10 - No control","01 - Non intersection","01 - Daylight","02 - Non-fatal injury","03 - Rear end"
"7458","HIGHWAY 417 btwn HWY417 IC138 RAMP61 & HWY417 IC134 RAMP36","355492.71363","5021740.25551","-75.85324","45.33378","2017","5/20/2017","1:30:00 PM","01 - Clear","01 - Dry","10 - No control","01 - Non intersection","01 - Daylight","03 - P.D. only","03 - Rear end"
"7459","HIGHWAY 417 btwn HWY417 IC138 RAMP61 & HWY417 IC134 RAMP36","355568.89518","5021796.08711","-75.85227","45.33428","2017","6/1/2017","3:35:00 PM","01 - Clear","01 - Dry","10 - No control","01 - Non intersection","01 - Daylight","03 - P.D. only","03 - Rear end"
"7460","HIGHWAY 417 btwn HWY417 IC139 RAMP15 & HWY417 IC138 RAMP51","352158.32806","5019580.24136","-75.89599","45.31458","2017","12/4/2017","2:35:00 PM","01 - Clear","01 - Dry","10 - No control","01 - Non intersection","01 - Daylight","03 - P.D. only","03 - Rear end"
"7461","HIGHWAY 417 btwn HWY417 IC139 RAMP15 & HWY417 IC138 RAMP51","352227.11987","5019643.74148","-75.89511","45.31514","2017","12/4/2017","2:25:00 PM","01 - Clear","01 - Dry","10 - No control","01 - Non intersection","01 - Daylight","02 - Non-fatal injury","03 - Rear end"
"7462","HIGHWAY 417 btwn HWY417 IC139 RAMP15 & HWY417 IC138 RAMP51","352323.12362","5019732.96724","-75.89387","45.31594","2017","9/28/2017","7:40:00 AM","01 - Clear","01 - Dry","10 - No control","01 - Non intersection","01 - Daylight","02 - Non-fatal injury","03 - Rear end"
"7463","HIGHWAY 417 btwn HWY417 IC139 RAMP15 & HWY417 IC138 RAMP51","352290.76889","5019694.12351","-75.89429","45.31559","2017","9/21/2017","7:30:00 AM","01 - Clear","01 - Dry","10 - No control","01 - Non intersection","01 - Daylight","03 - P.D. only","03 - Rear end"
"7464","HIGHWAY 417 btwn HWY417 IC139 RAMP15 & HWY417 IC138 RAMP51","352218.93349","5019650.81565","-75.89521","45.31521","2017","2/13/2017","12:20:00 PM","01 - Clear","02 - Wet","10 - No control","01 - Non intersection","01 - Daylight","02 - Non-fatal injury","07 - SMV other"
"7465","HIGHWAY 417 btwn HWY417 IC139 RAMP61 & HWY417 IC138 RAMP36","352100.43679","5019592.32683","-75.89673","45.31469","2017","3/24/2017","8:35:00 PM","01 - Clear","04 - Slush","10 - No control","01 - Non intersection","07 - Dark","03 - P.D. only","07 - SMV other"
"7466","HIGHWAY 417 btwn HWY417 IC140 RAMP16 & HWY417 IC140 RAMP61","351096.69834","5018730.10666","-75.90961","45.30700","2017","6/13/2017","10:05:00 AM","01 - Clear","01 - Dry","10 - No control","01 - Non intersection","01 - Daylight","03 - P.D. only","03 - Rear end"
"7467","HIGHWAY 417 btwn HWY417 IC140 RAMP25 & HWY417 IC139 RAMP15","351709.78115","5019202.34673","-75.90174","45.31121","2017","10/30/2017","6:00:00 AM","02 - Rain","02 - Wet","10 - No control","01 - Non intersection","07 - Dark","03 - P.D. only","07 - SMV other"
"7468","HIGHWAY 417 btwn HWY417 IC140 RAMP25 & HWY417 IC139 RAMP15","351727.79363","5019212.63688","-75.90151","45.31130","2017","7/29/2017","3:00:00 PM","01 - Clear","01 - Dry","10 - No control","01 - Non intersection","01 - Daylight","03 - P.D. only","07 - SMV other"
"7469","HIGHWAY 417 btwn HWY417 IC140 RAMP25 & HWY417 IC139 RAMP15","351668.43268","5019158.30199","-75.90228","45.31081","2017","4/30/2017","11:20:00 AM","01 - Clear","01 - Dry","10 - No control","01 - Non intersection","01 - Daylight","03 - P.D. only","07 - SMV other"
"7470","HIGHWAY 417 btwn HWY417 IC140 RAMP35 & HWY417 IC140 RAMP25","351329.14312","5018873.60566","-75.90663","45.30827","2017","12/12/2017","6:20:00 PM","03 - Snow","99 - Other","10 - No control","01 - Non intersection","07 - Dark","02 - Non-fatal injury","04 - Sideswipe"
"7471","HIGHWAY 417 btwn HWY417 IC140 RAMP36 & HWY417 IC140 RAMP16","350569.45777","5018373.80306","-75.91636","45.30383","2017","10/10/2017","7:15:00 PM","01 - Clear","01 - Dry","10 - No control","01 - Non intersection","07 - Dark","02 - Non-fatal injury","03 - Rear end"
"7472","HIGHWAY 417 btwn HWY417 IC140 RAMP36 & HWY417 IC140 RAMP16","350714.31092","5018462.78789","-75.91451","45.30462","2017","6/23/2017","9:25:00 PM","01 - Clear","01 - Dry","10 - No control","01 - Non intersection","07 - Dark","03 - P.D. only","07 - SMV other"
"7473","HIGHWAY 417 btwn HWY417 IC140 RAMP36 & HWY417 IC140 RAMP16","350491.32980","5018335.50318","-75.91736","45.30349","2017","3/6/2017","6:30:00 PM","04 - Freezing Rain","06 - Ice","10 - No control","01 - Non intersection","07 - Dark","03 - P.D. only","03 - Rear end"
"7474","HIGHWAY 417 btwn HWY417 IC140 RAMP36 & HWY417 IC140 RAMP16","350587.73870","5018386.61631","-75.91613","45.30394","2017","2/15/2017","9:45:00 AM","03 - Snow","03 - Loose snow","10 - No control","01 - Non intersection","01 - Daylight","03 - P.D. only","04 - Sideswipe"
"7475","HIGHWAY 417 btwn HWY417 IC140 RAMP51 & HWY417 IC140 RAMP35","350765.59743","5018436.17205","-75.91386","45.30437","2017","3/6/2017","9:59:00 PM","04 - Freezing Rain","06 - Ice","10 - No control","01 - Non intersection","07 - Dark","03 - P.D. only","07 - SMV other"
"7476","HIGHWAY 417 btwn HWY417 IC140 RAMP51 & HWY417 IC140 RAMP35","350787.78333","5018445.93787","-75.91357","45.30446","2017","3/24/2017","10:25:00 PM","01 - Clear","04 - Slush","10 - No control","01 - Non intersection","07 - Dark","03 - P.D. only","07 - SMV other"
"7477","HIGHWAY 417 btwn HWY417 IC140 RAMP51 & HWY417 IC140 RAMP35","350785.73108","5018442.51886","-75.91360","45.30443","2017","3/15/2017","7:20:00 AM","03 - Snow","03 - Loose snow","10 - No control","01 - Non intersection","01 - Daylight","03 - P.D. only","07 - SMV other"
"7478","HIGHWAY 417 btwn HWY417 IC140 RAMP61 & HWY417 IC139 RAMP61","351695.05649","5019235.14382","-75.90193","45.31150","2017","11/10/2017","10:35:00 AM","01 - Clear","01 - Dry","10 - No control","01 - Non intersection","01 - Daylight","03 - P.D. only","99 - Other"
"7479","HIGHWAY 417 btwn HWY417 IC140 RAMP61 & HWY417 IC139 RAMP61","351708.27087","5019253.38959","-75.90176","45.31167","2017","7/7/2017","2:05:00 PM","01 - Clear","01 - Dry","10 - No control","01 - Non intersection","01 - Daylight","02 - Non-fatal injury","07 - SMV other"
"7480","HIGHWAY 417 btwn HWY417 IC140 RAMP61 & HWY417 IC139 RAMP61","351519.15554","5019096.30009","-75.90419","45.31026","2017","6/15/2017","5:36:00 AM","01 - Clear","01 - Dry","10 - No control","01 - Non intersection","03 - Dawn","02 - Non-fatal injury","99 - Other"
"7481","HIGHWAY 417 btwn HWY417 IC142 RAMP16 & HWY417 IC142 RAMP61","349029.22481","5017350.17121","-75.93609","45.29471","2017","3/31/2017","1:00:00 AM","01 - Clear","01 - Dry","10 - No control","01 - Non intersection","07 - Dark","03 - P.D. only","07 - SMV other"
"7482","HIGHWAY 417 btwn HWY417 IC142 RAMP16 & HWY417 IC142 RAMP61","349083.25043","5017396.08893","-75.93540","45.29512","2017","6/11/2017","4:10:00 AM","01 - Clear","01 - Dry","10 - No control","01 - Non intersection","07 - Dark","03 - P.D. only","07 - SMV other"
"7483","HIGHWAY 417 btwn HWY417 IC142 RAMP35 & HWY417 IC142 RAMP25","348951.88923","5017221.98855","-75.93709","45.29356","2017","11/1/2017","2:35:00 PM","02 - Rain","02 - Wet","10 - No control","01 - Non intersection","01 - Daylight","02 - Non-fatal injury","04 - Sideswipe"
"7484","HIGHWAY 417 btwn HWY417 IC142 RAMP35 & HWY417 IC142 RAMP25","348994.99007","5017264.57639","-75.93654","45.29395","2017","3/24/2017","9:03:00 AM","03 - Snow","03 - Loose snow","10 - No control","01 - Non intersection","01 - Daylight","03 - P.D. only","07 - SMV other"
"7485","HIGHWAY 417 btwn HWY417 IC142 RAMP35 & HWY417 IC142 RAMP25","349024.15712","5017293.18823","-75.93616","45.29420","2017","4/13/2017","7:50:00 AM","01 - Clear","01 - Dry","10 - No control","01 - Non intersection","01 - Daylight","03 - P.D. only","04 - Sideswipe"
"7486","HIGHWAY 417 btwn HWY417 IC142 RAMP35 & HWY417 IC142 RAMP25","349213.75220","5017468.78276","-75.93373","45.29577","2017","6/5/2017","5:15:00 AM","01 - Clear","01 - Dry","10 - No control","01 - Non intersection","03 - Dawn","03 - P.D. only","07 - SMV other"
"7487","HIGHWAY 417 btwn HWY417 IC142 RAMP51 & HWY417 IC142 RAMP35","348698.39995","5016995.01632","-75.94034","45.29154","2017","11/9/2017","3:50:00 PM","01 - Clear","01 - Dry","10 - No control","01 - Non intersection","01 - Daylight","03 - P.D. only","07 - SMV other"
"7488","HIGHWAY 417 btwn HWY417 IC142 RAMP51 & HWY417 IC142 RAMP35","348718.88234","5017012.34085","-75.94008","45.29169","2017","11/9/2017","12:50:00 PM","01 - Clear","01 - Dry","10 - No control","01 - Non intersection","01 - Daylight","03 - P.D. only","04 - Sideswipe"
"7489","HIGHWAY 417 btwn HWY417 IC142 RAMP51 & HWY417 IC142 RAMP35","348764.30633","5017058.99784","-75.93950","45.29211","2017","11/2/2017","4:44:00 PM","02 - Rain","02 - Wet","10 - No control","01 - Non intersection","05 - Dusk","03 - P.D. only","07 - SMV other"
"7490","HIGHWAY 417 btwn HWY417 IC142 RAMP51 & HWY417 IC142 RAMP35","348715.64398","5017019.29005","-75.94012","45.29176","2017","6/1/2017","5:46:00 PM","01 - Clear","01 - Dry","10 - No control","01 - Non intersection","01 - Daylight","03 - P.D. only","07 - SMV other"
"7491","HIGHWAY 417 btwn HWY417 IC142 RAMP51 & HWY417 IC142 RAMP35","348743.19640","5017027.45681","-75.93977","45.29183","2017","6/20/2017","5:22:00 AM","02 - Rain","02 - Wet","10 - No control","01 - Non intersection","03 - Dawn","03 - P.D. only","07 - SMV other"
"7492","HIGHWAY 417 btwn HWY417 IC142 RAMP51 & HWY417 IC142 RAMP35","348715.01958","5017009.62053","-75.94013","45.29167","2017","3/6/2017","8:35:00 PM","04 - Freezing Rain","06 - Ice","10 - No control","01 - Non intersection","07 - Dark","03 - P.D. only","07 - SMV other"
"7493","HIGHWAY 417 btwn HWY417 IC144 RAMP16 & HWY417 IC144 RAMP61","347521.63547","5015984.91024","-75.95543","45.28252","2017","8/5/2017","3:05:00 PM","01 - Clear","01 - Dry","10 - No control","01 - Non intersection","01 - Daylight","03 - P.D. only","03 - Rear end"
"7494","HIGHWAY 417 btwn HWY417 IC144 RAMP16 & HWY417 IC144 RAMP61","347527.27054","5015980.48138","-75.95536","45.28248","2017","11/17/2017","2:31:00 PM","01 - Clear","01 - Dry","10 - No control","01 - Non intersection","01 - Daylight","03 - P.D. only","07 - SMV other"
"7495","HIGHWAY 417 btwn HWY417 IC144 RAMP16 & HWY417 IC144 RAMP61","347507.56826","5015959.77007","-75.95561","45.28230","2017","11/4/2017","2:10:00 PM","01 - Clear","01 - Dry","10 - No control","01 - Non intersection","01 - Daylight","03 - P.D. only","03 - Rear end"
"7496","HIGHWAY 417 btwn HWY417 IC144 RAMP16 & HWY417 IC144 RAMP61","347510.95494","5015969.08342","-75.95557","45.28238","2017","11/4/2017","1:55:00 PM","01 - Clear","01 - Dry","10 - No control","01 - Non intersection","01 - Daylight","03 - P.D. only","03 - Rear end"
"7497","HIGHWAY 417 btwn HWY417 IC144 RAMP16 & HWY417 IC144 RAMP61","347560.98714","5016006.80977","-75.95493","45.28272","2017","12/26/2017","10:42:00 AM","01 - Clear","01 - Dry","10 - No control","01 - Non intersection","01 - Daylight","03 - P.D. only","03 - Rear end"
"7498","HIGHWAY 417 btwn HWY417 IC144 RAMP16 & HWY417 IC144 RAMP61","347513.91238","5015970.96183","-75.95553","45.28240","2017","12/26/2017","10:42:00 AM","01 - Clear","01 - Dry","10 - No control","01 - Non intersection","01 - Daylight","02 - Non-fatal injury","03 - Rear end"
"7499","HIGHWAY 417 btwn HWY417 IC144 RAMP16 & HWY417 IC144 RAMP61","347573.51043","5016023.08164","-75.95477","45.28286","2017","1/3/2017","12:25:00 PM","02 - Rain","04 - Slush","10 - No control","01 - Non intersection","01 - Daylight","03 - P.D. only","07 - SMV other"
"7500","HIGHWAY 417 btwn HWY417 IC144 RAMP16 & HWY417 IC144 RAMP61","347502.94159","5015967.71994","-75.95567","45.28237","2017","1/19/2017","7:40:00 PM","01 - Clear","02 - Wet","10 - No control","01 - Non intersection","07 - Dark","02 - Non-fatal injury","07 - SMV other"
"7501","HIGHWAY 417 btwn HWY417 IC144 RAMP16 & HWY417 IC144 RAMP61","347586.82034","5016036.69432","-75.95460","45.28298","2017","1/23/2017","9:30:00 AM","01 - Clear","01 - Dry","10 - No control","01 - Non intersection","01 - Daylight","03 - P.D. only","07 - SMV other"
"7502","HIGHWAY 417 btwn HWY417 IC144 RAMP25 & HWY417 IC142 RAMP51","348283.00809","5016598.40142","-75.94567","45.28800","2017","10/24/2017","7:52:00 AM","02 - Rain","02 - Wet","10 - No control","01 - Non intersection","01 - Daylight","03 - P.D. only","07 - SMV other"
"7503","HIGHWAY 417 btwn HWY417 IC144 RAMP25 & HWY417 IC142 RAMP51","348228.92934","5016558.62696","-75.94637","45.28764","2017","11/26/2017","9:00:00 PM","03 - Snow","04 - Slush","10 - No control","01 - Non intersection","07 - Dark","03 - P.D. only","07 - SMV other"
"7504","HIGHWAY 417 btwn HWY417 IC144 RAMP25 & HWY417 IC142 RAMP51","348220.70325","5016566.21460","-75.94647","45.28771","2017","12/12/2017","9:50:00 AM","03 - Snow","03 - Loose snow","10 - No control","01 - Non intersection","01 - Daylight","03 - P.D. only","04 - Sideswipe"
"7505","HIGHWAY 417 btwn HWY417 IC144 RAMP25 & HWY417 IC142 RAMP51","348230.30527","5016561.50778","-75.94635","45.28767","2017","9/3/2017","10:45:00 AM","02 - Rain","02 - Wet","10 - No control","01 - Non intersection","01 - Daylight","03 - P.D. only","07 - SMV other"
"7506","HIGHWAY 417 btwn HWY417 IC144 RAMP25 & HWY417 IC142 RAMP51","348291.46128","5016604.18725","-75.94557","45.28805","2017","2/1/2017","7:00:00 AM","03 - Snow","03 - Loose snow","10 - No control","01 - Non intersection","03 - Dawn","03 - P.D. only","04 - Sideswipe"
"7507","HIGHWAY 417 btwn HWY417 IC144 RAMP25 & HWY417 IC142 RAMP51","348040.31064","5016400.35818","-75.94878","45.28623","2017","3/24/2017","6:10:00 PM","03 - Snow","02 - Wet","10 - No control","01 - Non intersection","05 - Dusk","03 - P.D. only","04 - Sideswipe"