"Record","Location","X","Y","Longitude","Latitude","Year","Date","Time","Environment","Road_Surface","Traffic_Control","Collision_Location","Light","Collision_Classification","Impact_type"
"7508","HIGHWAY 417 btwn HWY417 IC144 RAMP25 & HWY417 IC142 RAMP51","348408.52416","5016716.78426","-75.94406","45.28905","2017","2/7/2017","12:50:00 AM","03 - Snow","03 - Loose snow","10 - No control","01 - Non intersection","07 - Dark","03 - P.D. only","07 - SMV other"
"7509","HIGHWAY 417 btwn HWY417 IC144 RAMP25 & HWY417 IC142 RAMP51","348142.14282","5016480.15468","-75.94748","45.28694","2017","2/8/2017","5:50:00 AM","01 - Clear","06 - Ice","10 - No control","01 - Non intersection","07 - Dark","03 - P.D. only","03 - Rear end"
"7510","HIGHWAY 417 btwn HWY417 IC144 RAMP25 & HWY417 IC142 RAMP51","348098.73075","5016426.49907","-75.94804","45.28646","2017","3/24/2017","6:30:00 PM","03 - Snow","02 - Wet","10 - No control","01 - Non intersection","05 - Dusk","03 - P.D. only","07 - SMV other"
"7511","HIGHWAY 417 btwn HWY417 IC144 RAMP25 & HWY417 IC142 RAMP51","348295.82437","5016598.81612","-75.94551","45.28800","2017","1/3/2017","2:34:00 PM","04 - Freezing Rain","04 - Slush","10 - No control","01 - Non intersection","01 - Daylight","03 - P.D. only","07 - SMV other"
"7512","HIGHWAY 417 btwn HWY417 IC144 RAMP35 & HWY417 IC144 RAMP25","347476.52376","5015883.82215","-75.95602","45.28161","2017","11/2/2017","4:45:00 PM","02 - Rain","02 - Wet","10 - No control","01 - Non intersection","05 - Dusk","03 - P.D. only","07 - SMV other"
"7513","HIGHWAY 417 btwn HWY417 IC144 RAMP35 & HWY417 IC144 RAMP25","347492.22178","5015895.47178","-75.95581","45.28172","2017","10/30/2017","6:00:00 AM","02 - Rain","02 - Wet","10 - No control","01 - Non intersection","07 - Dark","03 - P.D. only","07 - SMV other"
"7514","HIGHWAY 417 btwn HWY417 IC144 RAMP35 & HWY417 IC144 RAMP25","347538.50468","5015950.45850","-75.95522","45.28221","2017","5/31/2017","12:50:00 PM","01 - Clear","01 - Dry","10 - No control","01 - Non intersection","01 - Daylight","03 - P.D. only","03 - Rear end"
"7515","HIGHWAY 417 btwn HWY417 IC144 RAMP35 & HWY417 IC144 RAMP25","347476.71874","5015878.58040","-75.95601","45.28157","2017","5/1/2017","7:20:00 PM","02 - Rain","02 - Wet","10 - No control","01 - Non intersection","01 - Daylight","03 - P.D. only","07 - SMV other"
"7516","HIGHWAY 417 btwn HWY417 IC144 RAMP35 & HWY417 IC144 RAMP25","347484.56453","5015897.24239","-75.95591","45.28173","2017","4/30/2017","12:55:00 PM","01 - Clear","01 - Dry","10 - No control","01 - Non intersection","01 - Daylight","03 - P.D. only","07 - SMV other"
"7517","HIGHWAY 417 btwn HWY417 IC144 RAMP35 & HWY417 IC144 RAMP25","347494.23846","5015889.27544","-75.95579","45.28166","2017","3/15/2017","6:30:00 AM","05 - Drifting Snow","03 - Loose snow","10 - No control","01 - Non intersection","03 - Dawn","03 - P.D. only","07 - SMV other"
"7518","HIGHWAY 417 btwn HWY417 IC144 RAMP35 & HWY417 IC144 RAMP25","347814.49740","5016185.36832","-75.95168","45.28431","2017","5/5/2017","3:45:00 PM","02 - Rain","02 - Wet","10 - No control","01 - Non intersection","01 - Daylight","02 - Non-fatal injury","04 - Sideswipe"
"7519","HIGHWAY 417 btwn HWY417 IC144 RAMP35 & HWY417 IC144 RAMP25","347496.39226","5015897.25275","-75.95576","45.28173","2017","2/5/2017","7:00:00 PM","03 - Snow","03 - Loose snow","10 - No control","01 - Non intersection","07 - Dark","03 - P.D. only","07 - SMV other"
"7520","HIGHWAY 417 btwn HWY417 IC144 RAMP35 & HWY417 IC144 RAMP25","347505.18660","5015897.43620","-75.95565","45.28174","2017","2/6/2017","5:55:00 PM","03 - Snow","03 - Loose snow","10 - No control","01 - Non intersection","07 - Dark","03 - P.D. only","07 - SMV other"
"7521","HIGHWAY 417 btwn HWY417 IC144 RAMP35 & HWY417 IC144 RAMP25","347543.95419","5015944.73410","-75.95515","45.28216","2017","7/1/2017","7:45:00 AM","02 - Rain","02 - Wet","10 - No control","01 - Non intersection","01 - Daylight","03 - P.D. only","07 - SMV other"
"7522","HIGHWAY 417 btwn HWY417 IC144 RAMP51 & HWY417 IC144 RAMP35","347301.38671","5015721.55475","-75.95826","45.28017","2017","11/14/2017","4:15:00 PM","01 - Clear","01 - Dry","10 - No control","01 - Non intersection","01 - Daylight","03 - P.D. only","99 - Other"
"7523","HIGHWAY 417 btwn HWY417 IC144 RAMP61 & HWY417 IC142 RAMP16","348740.42298","5017100.84146","-75.93980","45.29249","2017","12/28/2017","7:30:00 PM","01 - Clear","01 - Dry","10 - No control","01 - Non intersection","07 - Dark","03 - P.D. only","07 - SMV other"
"7524","HIGHWAY 417 btwn HWY417 IC144 RAMP61 & HWY417 IC142 RAMP16","348774.68377","5017117.70388","-75.93936","45.29264","2017","1/3/2017","7:00:00 PM","04 - Freezing Rain","04 - Slush","10 - No control","01 - Non intersection","07 - Dark","03 - P.D. only","07 - SMV other"
"7525","HIGHWAY 417 btwn HWY417 IC144 RAMP61 & HWY417 IC142 RAMP16","348380.00437","5016757.35407","-75.94442","45.28942","2017","1/5/2017","11:15:00 AM","01 - Clear","01 - Dry","10 - No control","01 - Non intersection","01 - Daylight","03 - P.D. only","03 - Rear end"
"7526","HIGHWAY 417 btwn HWY417 IC145 RAMP55 & HWY417 IC144 RAMP51","346850.52992","5015298.36639","-75.96404","45.27638","2017","3/24/2017","5:25:00 PM","03 - Snow","04 - Slush","10 - No control","01 - Non intersection","05 - Dusk","03 - P.D. only","07 - SMV other"
"7527","HIGHWAY 417 btwn HWY417 IC155 RAMP25 & RAMP","342163.20002","5017558.88671","-76.02361","45.29699","2017","11/4/2017","12:20:00 AM","01 - Clear","01 - Dry","10 - No control","01 - Non intersection","07 - Dark","03 - P.D. only","07 - SMV other"
"7528","HIGHWAY 417 btwn HWY417 IC155 RAMP25 & RAMP","342166.80558","5017551.17438","-76.02357","45.29692","2017","8/13/2017","8:25:00 AM","01 - Clear","01 - Dry","10 - No control","01 - Non intersection","01 - Daylight","03 - P.D. only","07 - SMV other"
"7529","HIGHWAY 417 btwn HWY417 IC155 RAMP25 & RAMP","344345.15309","5015406.28529","-75.99597","45.27750","2017","12/10/2017","6:45:00 AM","03 - Snow","02 - Wet","10 - No control","01 - Non intersection","07 - Dark","03 - P.D. only","07 - SMV other"
"7530","HIGHWAY 417 btwn HWY417 IC155 RAMP25 & RAMP","344305.07553","5015457.73211","-75.99647","45.27797","2017","12/8/2017","5:36:00 AM","99 - Other","02 - Wet","10 - No control","01 - Non intersection","07 - Dark","03 - P.D. only","07 - SMV other"
"7531","HIGHWAY 417 btwn HWY417 IC155 RAMP25 & RAMP","342079.16194","5017602.11813","-76.02468","45.29738","2017","1/3/2017","2:00:00 PM","04 - Freezing Rain","04 - Slush","10 - No control","01 - Non intersection","01 - Daylight","03 - P.D. only","07 - SMV other"
"7532","HIGHWAY 417 btwn HWY417 IC155 RAMP25 & RAMP","344889.43204","5014946.72306","-75.98907","45.27333","2017","1/12/2017","5:10:00 AM","01 - Clear","02 - Wet","10 - No control","01 - Non intersection","07 - Dark","03 - P.D. only","07 - SMV other"
"7533","HIGHWAY 417 btwn HWY417 IC155 RAMP25 & RAMP","344361.32495","5015379.64656","-75.99576","45.27726","2017","3/24/2017","7:10:00 PM","03 - Snow","03 - Loose snow","10 - No control","01 - Non intersection","07 - Dark","03 - P.D. only","07 - SMV other"
"7534","HIGHWAY 417 btwn HWY417 IC155 RAMP25 & RAMP","344347.62196","5015407.65343","-75.99594","45.27751","2017","3/6/2017","7:30:00 PM","04 - Freezing Rain","06 - Ice","10 - No control","01 - Non intersection","07 - Dark","02 - Non-fatal injury","07 - SMV other"
"7535","HIGHWAY 417 btwn HWY417 IC155 RAMP51 & HWY417 IC155 RAMP35","339263.02927","5019379.10198","-76.06046","45.31352","2017","11/1/2017","4:15:00 PM","02 - Rain","02 - Wet","10 - No control","01 - Non intersection","01 - Daylight","03 - P.D. only","07 - SMV other"
"7536","HIGHWAY 417 btwn HWY417 IC155 RAMP51 & HWY417 IC155 RAMP35","339266.02789","5019380.11269","-76.06043","45.31353","2017","11/4/2017","5:05:00 AM","01 - Clear","01 - Dry","10 - No control","01 - Non intersection","07 - Dark","03 - P.D. only","07 - SMV other"
"7537","HIGHWAY 417 btwn HWY417 IC155 RAMP51 & HWY417 IC155 RAMP35","339222.15612","5019396.43195","-76.06098","45.31368","2017","11/8/2017","1:25:00 AM","01 - Clear","01 - Dry","10 - No control","01 - Non intersection","07 - Dark","03 - P.D. only","07 - SMV other"
"7538","HIGHWAY 417 btwn HWY417 IC155 RAMP51 & HWY417 IC155 RAMP35","339268.51122","5019381.00142","-76.06039","45.31353","2017","11/9/2017","5:40:00 AM","01 - Clear","01 - Dry","10 - No control","01 - Non intersection","07 - Dark","03 - P.D. only","07 - SMV other"
"7539","HIGHWAY 417 btwn HWY417 IC155 RAMP51 & HWY417 IC155 RAMP35","339426.88863","5019343.29161","-76.05838","45.31319","2017","1/3/2017","3:30:00 PM","03 - Snow","03 - Loose snow","10 - No control","01 - Non intersection","01 - Daylight","03 - P.D. only","07 - SMV other"
"7540","HIGHWAY 417 btwn HWY417 IC155 RAMP61 & HWY417 IC145 RAMP56","345946.69011","5014803.62074","-75.97560","45.27199","2017","7/19/2017","4:50:00 AM","01 - Clear","01 - Dry","10 - No control","01 - Non intersection","03 - Dawn","03 - P.D. only","07 - SMV other"
"7541","HIGHWAY 417 btwn HWY417 IC155 RAMP61 & HWY417 IC145 RAMP56","344378.50189","5015419.82800","-75.99554","45.27762","2017","11/4/2017","4:20:00 PM","02 - Rain","02 - Wet","10 - No control","01 - Non intersection","01 - Daylight","03 - P.D. only","07 - SMV other"
"7542","HIGHWAY 417 btwn HWY417 IC155 RAMP61 & HWY417 IC145 RAMP56","344360.40176","5015437.85226","-75.99577","45.27778","2017","12/10/2017","9:50:00 PM","01 - Clear","02 - Wet","10 - No control","01 - Non intersection","07 - Dark","03 - P.D. only","07 - SMV other"
"7543","HIGHWAY 417 btwn HWY417 IC155 RAMP61 & HWY417 IC145 RAMP56","344362.81169","5015440.43399","-75.99574","45.27781","2017","7/20/2017","5:40:00 PM","01 - Clear","01 - Dry","10 - No control","01 - Non intersection","01 - Daylight","03 - P.D. only","07 - SMV other"
"7544","HIGHWAY 417 btwn HWY417 IC155 RAMP61 & HWY417 IC145 RAMP56","342179.11641","5017580.15756","-76.02341","45.29718","2017","7/19/2017","10:45:00 PM","01 - Clear","01 - Dry","10 - No control","01 - Non intersection","07 - Dark","03 - P.D. only","07 - SMV other"
"7545","HIGHWAY 417 btwn HWY417 IC155 RAMP61 & HWY417 IC145 RAMP56","345942.53918","5014809.86423","-75.97566","45.27204","2017","12/11/2017","5:38:00 PM","01 - Clear","01 - Dry","10 - No control","01 - Non intersection","07 - Dark","03 - P.D. only","07 - SMV other"
"7546","HIGHWAY 417 btwn HWY417 IC155 RAMP61 & HWY417 IC145 RAMP56","342191.87363","5017575.08583","-76.02325","45.29713","2017","10/12/2017","2:07:00 PM","01 - Clear","01 - Dry","10 - No control","01 - Non intersection","01 - Daylight","03 - P.D. only","07 - SMV other"
"7547","HIGHWAY 417 btwn HWY417 IC155 RAMP61 & HWY417 IC145 RAMP56","345948.58347","5014804.22977","-75.97558","45.27199","2017","11/9/2017","8:30:00 AM","01 - Clear","01 - Dry","10 - No control","01 - Non intersection","01 - Daylight","03 - P.D. only","07 - SMV other"
"7548","HIGHWAY 417 btwn HWY417 IC155 RAMP61 & HWY417 IC145 RAMP56","344365.93592","5015440.47330","-75.99570","45.27781","2017","12/25/2017","10:30:00 PM","01 - Clear","01 - Dry","10 - No control","01 - Non intersection","07 - Dark","03 - P.D. only","07 - SMV other"
"7549","HIGHWAY 417 btwn HWY417 IC155 RAMP61 & HWY417 IC145 RAMP56","342192.16921","5017571.85689","-76.02324","45.29711","2017","9/6/2017","5:20:00 PM","01 - Clear","01 - Dry","10 - No control","01 - Non intersection","01 - Daylight","03 - P.D. only","07 - SMV other"
"7550","HIGHWAY 417 btwn HWY417 IC155 RAMP61 & HWY417 IC145 RAMP56","344786.23503","5015050.33721","-75.99037","45.27427","2017","5/12/2017","8:42:00 PM","01 - Clear","01 - Dry","10 - No control","01 - Non intersection","07 - Dark","03 - P.D. only","03 - Rear end"
"7551","HIGHWAY 417 btwn HWY417 IC155 RAMP61 & HWY417 IC145 RAMP56","344941.09104","5014980.46541","-75.98841","45.27364","2017","4/17/2017","12:45:00 PM","01 - Clear","01 - Dry","10 - No control","01 - Non intersection","01 - Daylight","03 - P.D. only","04 - Sideswipe"
"7552","HIGHWAY 417 btwn HWY417 IC155 RAMP61 & HWY417 IC145 RAMP56","344392.00020","5015409.21727","-75.99537","45.27752","2017","4/3/2017","7:30:00 PM","01 - Clear","01 - Dry","10 - No control","01 - Non intersection","05 - Dusk","02 - Non-fatal injury","07 - SMV other"
"7553","HIGHWAY 417 btwn HWY417 IC155 RAMP61 & HWY417 IC145 RAMP56","344379.06517","5015419.20076","-75.99553","45.27761","2017","4/9/2017","8:00:00 PM","01 - Clear","01 - Dry","10 - No control","01 - Non intersection","05 - Dusk","03 - P.D. only","07 - SMV other"
"7554","HIGHWAY 417 btwn HWY417 IC155 RAMP61 & HWY417 IC145 RAMP56","344135.04754","5015706.98442","-75.99862","45.28022","2017","3/24/2017","10:46:00 AM","03 - Snow","04 - Slush","10 - No control","01 - Non intersection","01 - Daylight","03 - P.D. only","07 - SMV other"
"7555","HIGHWAY 417 btwn HWY417 IC163 RAMP15 & HWY417 IC155 RAMP51","336094.72636","5020201.14380","-76.10082","45.32106","2017","9/22/2017","9:23:00 AM","01 - Clear","01 - Dry","10 - No control","01 - Non intersection","01 - Daylight","03 - P.D. only","07 - SMV other"
"7556","HIGHWAY 417 btwn HWY417 IC163 RAMP15 & HWY417 IC155 RAMP51","335993.82702","5020223.04681","-76.10210","45.32126","2017","9/16/2017","4:05:00 PM","01 - Clear","01 - Dry","10 - No control","01 - Non intersection","01 - Daylight","03 - P.D. only","07 - SMV other"
"7557","HIGHWAY 417 btwn HWY417 IC163 RAMP15 & HWY417 IC155 RAMP51","336096.03758","5020203.36767","-76.10080","45.32108","2017","10/5/2017","4:05:00 PM","02 - Rain","02 - Wet","10 - No control","01 - Non intersection","01 - Daylight","03 - P.D. only","07 - SMV other"
"7558","HIGHWAY 417 btwn HWY417 IC163 RAMP15 & HWY417 IC155 RAMP51","335936.29459","5020241.34307","-76.10284","45.32143","2017","3/14/2017","12:25:00 PM","03 - Snow","03 - Loose snow","10 - No control","01 - Non intersection","01 - Daylight","02 - Non-fatal injury","07 - SMV other"
"7559","HIGHWAY 417 btwn HWY417 IC163 RAMP15 & HWY417 IC155 RAMP51","335938.74111","5020234.91898","-76.10281","45.32137","2017","3/6/2017","9:40:00 PM","04 - Freezing Rain","06 - Ice","10 - No control","01 - Non intersection","07 - Dark","03 - P.D. only","07 - SMV other"
"7560","HIGHWAY 417 btwn HWY417 IC163 RAMP16 & HWY417 IC163 RAMP61","331691.29505","5021399.80006","-76.15692","45.33203","2017","12/29/2017","9:31:00 PM","01 - Clear","01 - Dry","10 - No control","01 - Non intersection","07 - Dark","03 - P.D. only","07 - SMV other"
"7561","HIGHWAY 417 btwn HWY417 IC163 RAMP16 & HWY417 IC163 RAMP61","331631.99992","5021408.35434","-76.15768","45.33211","2017","12/13/2017","7:35:00 AM","03 - Snow","04 - Slush","10 - No control","01 - Non intersection","03 - Dawn","03 - P.D. only","07 - SMV other"
"7562","HIGHWAY 417 btwn HWY417 IC163 RAMP16 & HWY417 IC163 RAMP61","331650.87402","5021410.63113","-76.15744","45.33213","2017","8/24/2017","1:20:00 AM","01 - Clear","01 - Dry","10 - No control","01 - Non intersection","07 - Dark","03 - P.D. only","07 - SMV other"
"7563","HIGHWAY 417 btwn HWY417 IC163 RAMP16 & HWY417 IC163 RAMP61","331613.03394","5021430.27397","-76.15792","45.33231","2017","7/20/2017","7:25:00 PM","01 - Clear","01 - Dry","10 - No control","01 - Non intersection","01 - Daylight","03 - P.D. only","07 - SMV other"
"7564","HIGHWAY 417 btwn HWY417 IC163 RAMP16 & HWY417 IC163 RAMP61","331556.76313","5021433.14504","-76.15864","45.33234","2017","12/22/2017","6:55:00 AM","03 - Snow","02 - Wet","10 - No control","01 - Non intersection","07 - Dark","03 - P.D. only","07 - SMV other"
"7565","HIGHWAY 417 btwn HWY417 IC163 RAMP16 & HWY417 IC163 RAMP61","331612.18559","5021419.85645","-76.15793","45.33222","2017","7/4/2017","8:20:00 PM","01 - Clear","01 - Dry","10 - No control","01 - Non intersection","05 - Dusk","03 - P.D. only","07 - SMV other"
"7566","HIGHWAY 417 btwn HWY417 IC163 RAMP16 & HWY417 IC163 RAMP61","331625.45006","5021410.57837","-76.15776","45.33213","2017","7/2/2017","2:00:00 PM","02 - Rain","02 - Wet","10 - No control","01 - Non intersection","01 - Daylight","03 - P.D. only","07 - SMV other"
"7567","HIGHWAY 417 btwn HWY417 IC163 RAMP16 & HWY417 IC163 RAMP61","331580.92024","5021422.56923","-76.15833","45.33224","2017","3/23/2017","6:15:00 AM","01 - Clear","01 - Dry","10 - No control","01 - Non intersection","03 - Dawn","03 - P.D. only","07 - SMV other"
"7568","HIGHWAY 417 btwn HWY417 IC163 RAMP16 & HWY417 IC163 RAMP61","331634.20732","5021423.68472","-76.15765","45.33225","2017","4/7/2017","6:35:00 AM","03 - Snow","04 - Slush","10 - No control","01 - Non intersection","01 - Daylight","03 - P.D. only","07 - SMV other"
"7569","HIGHWAY 417 btwn HWY417 IC163 RAMP16 & HWY417 IC163 RAMP61","331648.07679","5021413.88508","-76.15747","45.33216","2017","5/27/2017","9:09:00 PM","01 - Clear","01 - Dry","10 - No control","01 - Non intersection","07 - Dark","03 - P.D. only","07 - SMV other"
"7570","HIGHWAY 417 btwn HWY417 IC163 RAMP16 & HWY417 IC163 RAMP61","331682.04888","5021391.37081","-76.15704","45.33196","2017","6/2/2017","9:35:00 PM","01 - Clear","01 - Dry","10 - No control","01 - Non intersection","07 - Dark","03 - P.D. only","07 - SMV other"
"7571","HIGHWAY 417 btwn HWY417 IC163 RAMP16 & HWY417 IC169 RAMP61","329362.79463","5022173.52000","-76.18659","45.33908","2017","11/18/2017","5:35:00 AM","01 - Clear","01 - Dry","10 - No control","01 - Non intersection","07 - Dark","03 - P.D. only","99 - Other"
"7572","HIGHWAY 417 btwn HWY417 IC163 RAMP16 & HWY417 IC169 RAMP61","326761.77751","5024013.36949","-76.21970","45.35572","2017","8/20/2017","2:00:00 AM","01 - Clear","01 - Dry","10 - No control","01 - Non intersection","07 - Dark","03 - P.D. only","07 - SMV other"
"7573","HIGHWAY 417 btwn HWY417 IC163 RAMP16 & HWY417 IC169 RAMP61","327487.47175","5023560.58916","-76.21045","45.35162","2017","5/6/2017","9:05:00 PM","02 - Rain","02 - Wet","10 - No control","01 - Non intersection","07 - Dark","03 - P.D. only","04 - Sideswipe"
"7574","HIGHWAY 417 btwn HWY417 IC163 RAMP16 & HWY417 IC169 RAMP61","330986.45969","5021587.54577","-76.16590","45.33375","2017","3/14/2017","12:00:00 PM","03 - Snow","03 - Loose snow","10 - No control","01 - Non intersection","01 - Daylight","02 - Non-fatal injury","07 - SMV other"
"7575","HIGHWAY 417 btwn HWY417 IC163 RAMP51 & HWY417 IC163 RAMP15","330991.47894","5021530.35030","-76.16584","45.33323","2017","7/12/2017","6:30:00 AM","01 - Clear","01 - Dry","10 - No control","01 - Non intersection","01 - Daylight","03 - P.D. only","07 - SMV other"
"7576","HIGHWAY 417 btwn HWY417 IC163 RAMP51 & HWY417 IC163 RAMP15","330994.14385","5021534.46412","-76.16581","45.33327","2017","11/19/2017","8:00:00 AM","04 - Freezing Rain","06 - Ice","10 - No control","01 - Non intersection","01 - Daylight","03 - P.D. only","07 - SMV other"
"7577","HIGHWAY 417 btwn HWY417 IC163 RAMP51 & HWY417 IC163 RAMP15","331005.20922","5021537.16536","-76.16567","45.33329","2017","10/16/2017","4:30:00 PM","01 - Clear","01 - Dry","10 - No control","01 - Non intersection","01 - Daylight","03 - P.D. only","07 - SMV other"
"7578","HIGHWAY 417 btwn HWY417 IC163 RAMP51 & HWY417 IC163 RAMP15","330954.65126","5021553.74293","-76.16631","45.33344","2017","11/7/2017","9:45:00 PM","01 - Clear","01 - Dry","10 - No control","01 - Non intersection","07 - Dark","03 - P.D. only","07 - SMV other"
"7579","HIGHWAY 417 btwn HWY417 IC163 RAMP51 & HWY417 IC163 RAMP15","331005.04936","5021521.37417","-76.16567","45.33315","2017","11/19/2017","3:55:00 AM","03 - Snow","03 - Loose snow","10 - No control","01 - Non intersection","07 - Dark","03 - P.D. only","07 - SMV other"
"7580","HIGHWAY 417 btwn HWY417 IC163 RAMP51 & HWY417 IC163 RAMP15","330963.28485","5021540.71694","-76.16620","45.33333","2017","5/19/2017","7:40:00 PM","01 - Clear","01 - Dry","10 - No control","01 - Non intersection","01 - Daylight","03 - P.D. only","07 - SMV other"
"7581","HIGHWAY 417 btwn HWY417 IC163 RAMP51 & HWY417 IC163 RAMP15","330900.45500","5021561.42645","-76.16700","45.33352","2017","7/4/2017","2:47:00 AM","01 - Clear","01 - Dry","10 - No control","01 - Non intersection","07 - Dark","03 - P.D. only","07 - SMV other"
"7582","HIGHWAY 417 btwn HWY417 IC163 RAMP61 & HWY417 IC155 RAMP36","336136.13858","5020234.61822","-76.10029","45.32136","2017","7/11/2017","12:30:00 PM","01 - Clear","01 - Dry","10 - No control","01 - Non intersection","01 - Daylight","03 - P.D. only","04 - Sideswipe"
"7583","HIGHWAY 417 btwn HWY417 IC163 RAMP61 & HWY417 IC155 RAMP36","336131.71942","5020242.36597","-76.10034","45.32143","2017","10/1/2017","3:56:00 AM","01 - Clear","01 - Dry","10 - No control","01 - Non intersection","07 - Dark","02 - Non-fatal injury","07 - SMV other"
"7584","HIGHWAY 417 btwn HWY417 IC163 RAMP61 & HWY417 IC155 RAMP36","336143.37363","5020230.25635","-76.10020","45.32132","2017","11/7/2017","7:45:00 PM","01 - Clear","01 - Dry","10 - No control","01 - Non intersection","07 - Dark","03 - P.D. only","07 - SMV other"
"7585","HIGHWAY 417 btwn HWY417 IC163 RAMP61 & HWY417 IC155 RAMP36","336147.75285","5020243.00487","-76.10014","45.32144","2017","3/24/2017","6:05:00 PM","03 - Snow","03 - Loose snow","10 - No control","01 - Non intersection","05 - Dusk","02 - Non-fatal injury","07 - SMV other"
"7586","HIGHWAY 417 btwn HWY417 IC163 RAMP61 & HWY417 IC155 RAMP36","336157.62483","5020223.37368","-76.10002","45.32126","2017","4/20/2017","10:17:00 PM","02 - Rain","02 - Wet","10 - No control","01 - Non intersection","07 - Dark","03 - P.D. only","07 - SMV other"
"7587","HIGHWAY 417 btwn HWY417 IC169 RAMP25 & HWY417 IC163 RAMP51","328519.02420","5022741.55503","-76.19733","45.34422","2017","5/9/2017","7:37:00 AM","01 - Clear","01 - Dry","10 - No control","01 - Non intersection","01 - Daylight","03 - P.D. only","07 - SMV other"
"7588","HIGHWAY 417 btwn HWY417 IC169 RAMP25 & HWY417 IC163 RAMP51","327277.00671","5023651.18007","-76.21314","45.35245","2017","7/1/2017","5:10:00 AM","02 - Rain","02 - Wet","10 - No control","01 - Non intersection","03 - Dawn","02 - Non-fatal injury","07 - SMV other"
"7589","HIGHWAY 417 btwn HWY417 IC169 RAMP26 & HWY417 IC169 RAMP61","325664.72436","5024742.07996","-76.23367","45.36231","2017","12/12/2017","1:00:00 PM","03 - Snow","03 - Loose snow","10 - No control","01 - Non intersection","01 - Daylight","03 - P.D. only","07 - SMV other"
"7590","HIGHWAY 417 btwn HWY417 IC169 RAMP26 & HWY417 IC169 RAMP61","325706.62423","5024693.72822","-76.23313","45.36188","2017","12/18/2017","2:00:00 PM","01 - Clear","04 - Slush","10 - No control","01 - Non intersection","01 - Daylight","02 - Non-fatal injury","07 - SMV other"
"7591","HIGHWAY 417 btwn HWY417 IC169 RAMP35 & HWY417 IC169 RAMP25","325638.41848","5024703.56610","-76.23400","45.36197","2017","10/20/2017","8:30:00 AM","01 - Clear","01 - Dry","10 - No control","01 - Non intersection","01 - Daylight","03 - P.D. only","07 - SMV other"
"7592","HIGHWAY 417 btwn HWY417 IC169 RAMP51 & HWY417 IC169 RAMP35","325349.38436","5025002.85358","-76.23768","45.36467","2017","11/7/2017","6:00:00 AM","01 - Clear","01 - Dry","10 - No control","01 - Non intersection","07 - Dark","03 - P.D. only","03 - Rear end"
"7593","HIGHWAY 417 btwn HWY417 IC180 RAMP26 & HWY417 IC180 RAMP61","318467.92232","5031002.26334","-76.32536","45.41882","2017","2/20/2017","8:05:00 PM","01 - Clear","01 - Dry","10 - No control","01 - Non intersection","07 - Dark","02 - Non-fatal injury","07 - SMV other"
"7594","HIGHWAY 417 btwn HWY417 IC180 RAMP35 & HWY417 IC169 RAMP51","318293.30536","5030972.63649","-76.32759","45.41856","2017","3/2/2017","8:37:00 AM","03 - Snow","05 - Packed snow","10 - No control","01 - Non intersection","01 - Daylight","03 - P.D. only","07 - SMV other"
"7595","HIGHWAY 417 btwn HWY417 IC180 RAMP51 & HWY417 IC180 RAMP35","317899.61765","5031020.18836","-76.33262","45.41899","2017","11/18/2017","6:30:00 PM","01 - Clear","02 - Wet","10 - No control","01 - Non intersection","07 - Dark","03 - P.D. only","07 - SMV other"
"7596","HIGHWAY 417 btwn HWY417 IC180 RAMP51 & HWY417 IC180 RAMP35","317874.13816","5031023.70006","-76.33294","45.41903","2017","11/7/2017","5:57:00 AM","01 - Clear","01 - Dry","10 - No control","01 - Non intersection","07 - Dark","03 - P.D. only","07 - SMV other"
"7597","HIGHWAY 417 btwn HWY417 IC180 RAMP61 & HWY417 IC169 RAMP36","319199.32983","5030946.10417","-76.31601","45.41830","2017","1/3/2017","5:10:00 PM","04 - Freezing Rain","04 - Slush","10 - No control","01 - Non intersection","05 - Dusk","03 - P.D. only","07 - SMV other"
"7598","HIGHWAY 417 btwn HWY417 IC180 RAMP61 & HWY417 IC169 RAMP36","324867.52396","5025573.13829","-76.24381","45.36981","2017","3/14/2017","2:40:00 PM","03 - Snow","03 - Loose snow","10 - No control","01 - Non intersection","01 - Daylight","03 - P.D. only","04 - Sideswipe"
"7599","HIGHWAY 417 btwn HWY417 IC88 RAMP16 & HWY417 IC88 RAMP61","395513.26535","5022497.57913","-75.34259","45.33656","2017","8/21/2017","7:10:00 PM","01 - Clear","01 - Dry","10 - No control","01 - Non intersection","01 - Daylight","03 - P.D. only","03 - Rear end"
"7600","HIGHWAY 417 btwn HWY417 IC88 RAMP16 & HWY417 IC88 RAMP61","395596.88749","5022497.41881","-75.34152","45.33655","2017","12/25/2017","8:25:00 PM","01 - Clear","02 - Wet","10 - No control","01 - Non intersection","07 - Dark","03 - P.D. only","07 - SMV other"
"7601","HIGHWAY 417 btwn HWY417 IC88 RAMP16 & HWY417 IC88 RAMP61","395601.18442","5022502.85843","-75.34147","45.33660","2017","3/6/2017","6:50:00 PM","04 - Freezing Rain","06 - Ice","10 - No control","01 - Non intersection","07 - Dark","03 - P.D. only","07 - SMV other"
"7602","HIGHWAY 417 btwn HWY417 IC88 RAMP51 & HWY417 IC88 RAMP15","395081.43383","5022427.15694","-75.34811","45.33598","2017","1/3/2017","10:00:00 PM","04 - Freezing Rain","06 - Ice","10 - No control","01 - Non intersection","07 - Dark","03 - P.D. only","07 - SMV other"
"7603","HIGHWAY 417 btwn HWY417 IC96 RAMP51 & HIGHWAY 417","387206.91892","5023866.91272","-75.44832","45.34991","2017","7/19/2017","5:00:00 PM","01 - Clear","01 - Dry","10 - No control","01 - Non intersection","01 - Daylight","03 - P.D. only","04 - Sideswipe"
"7604","HIGHWAY 417 btwn HWY417 IC96 RAMP51 & HIGHWAY 417","387233.95327","5023860.49644","-75.44798","45.34984","2017","11/2/2017","5:00:00 PM","02 - Rain","02 - Wet","10 - No control","01 - Non intersection","05 - Dusk","03 - P.D. only","07 - SMV other"
"7605","HIGHWAY 417 btwn HWY417 IC96 RAMP51 & HIGHWAY 417","387266.13644","5023854.89482","-75.44757","45.34979","2017","12/14/2017","3:10:00 PM","01 - Clear","01 - Dry","10 - No control","01 - Non intersection","01 - Daylight","02 - Non-fatal injury","07 - SMV other"
"7606","HIGHWAY 417 btwn HWY417 IC96 RAMP51 & HIGHWAY 417","387254.32586","5023859.76079","-75.44772","45.34984","2017","11/25/2017","5:38:00 PM","01 - Clear","01 - Dry","10 - No control","01 - Non intersection","07 - Dark","03 - P.D. only","07 - SMV other"