"Record","Location","X","Y","Longitude","Latitude","Year","Date","Time","Environment","Road_Surface","Traffic_Control","Collision_Location","Light","Collision_Classification","Impact_type"
"7607","HIGHWAY 417 btwn HWY417 IC96 RAMP51 & HIGHWAY 417","387244.63034","5023859.51515","-75.44784","45.34983","2017","8/4/2017","1:10:00 AM","07 - Fog, mist, smoke, dust","01 - Dry","10 - No control","01 - Non intersection","07 - Dark","03 - P.D. only","07 - SMV other"
"7608","HIGHWAY 417 btwn HWY417 IC96 RAMP51 & HIGHWAY 417","387288.62505","5023850.08881","-75.44728","45.34974","2017","3/14/2017","11:06:00 PM","03 - Snow","03 - Loose snow","10 - No control","01 - Non intersection","07 - Dark","03 - P.D. only","03 - Rear end"
"7609","HIGHWAY 417 btwn HWY417 IC96 RAMP51 & HIGHWAY 417","387199.07974","5023863.25960","-75.44842","45.34987","2017","5/24/2017","9:38:00 PM","01 - Clear","01 - Dry","10 - No control","01 - Non intersection","07 - Dark","03 - P.D. only","07 - SMV other"
"7610","HIGHWAY 417 btwn HWY417 IC96 RAMP51 & HIGHWAY 417","387246.00665","5023851.16998","-75.44783","45.34976","2017","1/16/2017","3:30:00 PM","01 - Clear","01 - Dry","10 - No control","01 - Non intersection","01 - Daylight","03 - P.D. only","07 - SMV other"
"7611","HIGHWAY 417 btwn HWY417 IC96 RAMP61 & HIGHWAY 417","387528.60535","5023861.08719","-75.44422","45.34982","2017","7/11/2017","6:10:00 PM","01 - Clear","01 - Dry","10 - No control","01 - Non intersection","01 - Daylight","02 - Non-fatal injury","03 - Rear end"
"7612","HIGHWAY 417 btwn HWY417 IC96 RAMP61 & HIGHWAY 417","387506.77767","5023866.72958","-75.44450","45.34987","2017","11/26/2017","10:30:00 PM","01 - Clear","02 - Wet","10 - No control","01 - Non intersection","07 - Dark","03 - P.D. only","04 - Sideswipe"
"7613","HIGHWAY 417 btwn HWY417 IC96 RAMP61 & HIGHWAY 417","387550.42613","5023856.56852","-75.44394","45.34977","2017","11/19/2017","7:15:00 AM","03 - Snow","04 - Slush","10 - No control","01 - Non intersection","01 - Daylight","03 - P.D. only","07 - SMV other"
"7614","HIGHWAY 417 btwn HWY417 IC96 RAMP61 & HIGHWAY 417","387610.86967","5023854.76397","-75.44317","45.34975","2017","1/3/2017","12:52:00 PM","04 - Freezing Rain","04 - Slush","10 - No control","01 - Non intersection","01 - Daylight","03 - P.D. only","07 - SMV other"
"7615","HIGHWAY 417 btwn HWY417 IC96 RAMP61 & HIGHWAY 417","387561.09832","5023852.44683","-75.44381","45.34973","2017","7/6/2017","5:15:00 AM","01 - Clear","01 - Dry","10 - No control","01 - Non intersection","03 - Dawn","02 - Non-fatal injury","07 - SMV other"
"7616","HIGHWAY 417 btwn HWY417 IC96 RAMP61 & HIGHWAY 417","387518.86593","5023862.20675","-75.44434","45.34983","2017","3/14/2017","5:10:00 PM","03 - Snow","03 - Loose snow","10 - No control","01 - Non intersection","01 - Daylight","03 - P.D. only","07 - SMV other"
"7617","HIGHWAY 417 btwn HWY417 IC96 RAMP61 & HIGHWAY 417","387481.95776","5023862.40636","-75.44481","45.34983","2017","5/7/2017","11:30:00 PM","01 - Clear","01 - Dry","10 - No control","01 - Non intersection","07 - Dark","03 - P.D. only","07 - SMV other"
"7618","HIGHWAY 417 btwn HWY417 IC96 RAMP61 & HIGHWAY 417","387575.78287","5023847.32593","-75.44362","45.34969","2017","4/26/2017","6:40:00 PM","01 - Clear","01 - Dry","10 - No control","01 - Non intersection","01 - Daylight","03 - P.D. only","07 - SMV other"
"7619","HIGHWAY 417 btwn HWY417 IC96 RAMP61 & HWY417 IC88 RAMP16","391250.10299","5023167.01239","-75.39685","45.34312","2017","8/1/2017","6:15:00 PM","01 - Clear","01 - Dry","10 - No control","01 - Non intersection","01 - Daylight","03 - P.D. only","04 - Sideswipe"
"7620","HIGHWAY 417 btwn HWY417 IC96 RAMP61 & HWY417 IC88 RAMP16","392430.28809","5022905.17929","-75.38184","45.34062","2017","9/13/2017","8:58:00 PM","01 - Clear","01 - Dry","10 - No control","01 - Non intersection","07 - Dark","02 - Non-fatal injury","03 - Rear end"
"7621","HIGHWAY 417 btwn HWY417 IC96 RAMP61 & HWY417 IC88 RAMP16","392423.64039","5022907.98609","-75.38193","45.34065","2017","8/17/2017","2:50:00 PM","01 - Clear","01 - Dry","10 - No control","01 - Non intersection","01 - Daylight","03 - P.D. only","03 - Rear end"
"7622","HIGHWAY 417 btwn HWY417 IC96 RAMP61 & HWY417 IC88 RAMP16","393315.22586","5022669.80549","-75.37060","45.33839","2017","9/13/2017","8:58:00 PM","01 - Clear","01 - Dry","10 - No control","01 - Non intersection","07 - Dark","02 - Non-fatal injury","03 - Rear end"
"7623","HIGHWAY 417 btwn HWY417 IC96 RAMP61 & HWY417 IC88 RAMP16","392400.52785","5022911.62107","-75.38222","45.34068","2017","12/13/2017","7:15:00 AM","05 - Drifting Snow","03 - Loose snow","10 - No control","01 - Non intersection","03 - Dawn","03 - P.D. only","03 - Rear end"
"7624","HIGHWAY 417 btwn HWY417 IC96 RAMP61 & HWY417 IC88 RAMP16","392412.68170","5022897.26906","-75.38207","45.34055","2017","12/20/2017","7:15:00 AM","01 - Clear","01 - Dry","10 - No control","01 - Non intersection","03 - Dawn","03 - P.D. only","04 - Sideswipe"
"7625","HIGHWAY 417 btwn HWY417 IC96 RAMP61 & HWY417 IC88 RAMP16","392974.11555","5022757.75149","-75.37493","45.33923","2017","5/31/2017","1:19:00 PM","01 - Clear","01 - Dry","10 - No control","01 - Non intersection","01 - Daylight","03 - P.D. only","04 - Sideswipe"
"7626","HIGHWAY 417 btwn HWY417 IC96 RAMP61 & HWY417 IC88 RAMP16","392427.47849","5022898.22978","-75.38188","45.34056","2017","2/15/2017","7:45:00 AM","03 - Snow","03 - Loose snow","10 - No control","01 - Non intersection","01 - Daylight","03 - P.D. only","07 - SMV other"
"7627","HIGHWAY 417 btwn HWY417 IC96 RAMP61 & HWY417 IC88 RAMP16","392606.69508","5022856.41680","-75.37960","45.34016","2017","3/15/2017","3:00:00 PM","01 - Clear","01 - Dry","10 - No control","01 - Non intersection","01 - Daylight","03 - P.D. only","99 - Other"
"7628","HIGHWAY 417 btwn HWY417 IC96 RAMP61 & HWY417 IC88 RAMP16","392414.75154","5022896.46507","-75.38204","45.34054","2017","2/19/2017","8:35:00 AM","01 - Clear","01 - Dry","10 - No control","01 - Non intersection","01 - Daylight","03 - P.D. only","07 - SMV other"
"7629","HIGHWAY 417 btwn HWY417 IC96 RAMP61 & HWY417 IC88 RAMP16","392437.04732","5022888.02081","-75.38176","45.34046","2017","3/31/2017","7:15:00 PM","03 - Snow","04 - Slush","10 - No control","01 - Non intersection","07 - Dark","02 - Non-fatal injury","99 - Other"
"7630","HIGHWAY 417 btwn HWY417 IC96 RAMP61 & HWY417 IC88 RAMP16","392437.58141","5022898.03215","-75.38175","45.34055","2017","5/20/2017","1:21:00 PM","01 - Clear","01 - Dry","10 - No control","01 - Non intersection","01 - Daylight","03 - P.D. only","07 - SMV other"
"7631","HIGHWAY 417 btwn HWY417 IC96 RAMP61 & HWY417 IC88 RAMP16","392452.94706","5022900.74743","-75.38156","45.34058","2017","5/23/2017","7:00:00 AM","01 - Clear","01 - Dry","10 - No control","01 - Non intersection","01 - Daylight","03 - P.D. only","04 - Sideswipe"
"7632","HIGHWAY 417 btwn HWY417 IC96 RAMP61 & HWY417 IC88 RAMP16","392459.07436","5022888.83610","-75.38148","45.34047","2017","6/4/2017","7:26:00 AM","01 - Clear","01 - Dry","10 - No control","01 - Non intersection","01 - Daylight","03 - P.D. only","07 - SMV other"
"7633","HIGHWAY 417 btwn HWY417 IC96 RAMP61 & HWY417 IC88 RAMP16","392446.87020","5022896.24390","-75.38163","45.34054","2017","3/24/2017","8:13:00 AM","03 - Snow","03 - Loose snow","10 - No control","01 - Non intersection","01 - Daylight","03 - P.D. only","07 - SMV other"
"7634","HIGHWAY 417 btwn HWY417 IC96 RAMP61 & HWY417 IC88 RAMP16","395329.51768","5022491.83996","-75.34493","45.33653","2017","1/10/2017","10:44:00 PM","04 - Freezing Rain","04 - Slush","10 - No control","01 - Non intersection","07 - Dark","02 - Non-fatal injury","07 - SMV other"
"7635","HIGHWAY 417 btwn RAMP & HWY417 IC129 RAMP76","359828.78990","5023166.55344","-75.79777","45.34629","2017","12/14/2017","10:17:00 AM","01 - Clear","01 - Dry","10 - No control","01 - Non intersection","01 - Daylight","03 - P.D. only","04 - Sideswipe"
"7636","HIGHWAY 417 btwn RAMP & HWY417 IC129 RAMP76","359873.11568","5023179.43240","-75.79720","45.34640","2017","11/18/2017","10:15:00 PM","04 - Freezing Rain","06 - Ice","10 - No control","01 - Non intersection","07 - Dark","03 - P.D. only","04 - Sideswipe"
"7637","HIGHWAY 417 btwn RAMP & HWY417 IC129 RAMP76","359995.96758","5023222.61512","-75.79563","45.34678","2017","11/28/2017","5:21:00 PM","01 - Clear","01 - Dry","10 - No control","01 - Non intersection","07 - Dark","03 - P.D. only","03 - Rear end"
"7638","HIGHWAY 417 btwn RAMP & HWY417 IC129 RAMP76","359986.95282","5023214.60865","-75.79574","45.34671","2017","7/9/2017","5:35:00 PM","01 - Clear","01 - Dry","10 - No control","01 - Non intersection","01 - Daylight","03 - P.D. only","04 - Sideswipe"
"7639","HIGHWAY 417 btwn RAMP & HWY417 IC129 RAMP76","359750.66478","5023147.36818","-75.79877","45.34612","2017","5/11/2017","7:20:00 PM","01 - Clear","01 - Dry","10 - No control","01 - Non intersection","01 - Daylight","03 - P.D. only","04 - Sideswipe"
"7640","HIGHWAY 417 btwn RAMP & HWY417 IC129 RAMP76","360213.07000","5023362.74203","-75.79284","45.34802","2017","4/13/2017","9:10:00 PM","01 - Clear","01 - Dry","10 - No control","01 - Non intersection","07 - Dark","03 - P.D. only","04 - Sideswipe"
"7641","HIGHWAY 417 btwn RAMP & HWY417 IC145 RAMP55","345858.18280","5014764.52239","-75.97674","45.27164","2017","12/8/2017","5:30:00 AM","01 - Clear","01 - Dry","10 - No control","01 - Non intersection","07 - Dark","03 - P.D. only","07 - SMV other"
"7642","HIGHWAY 417 btwn RAMP & HWY417 IC145 RAMP55","345897.63181","5014758.85836","-75.97623","45.27159","2017","12/21/2017","9:21:00 PM","01 - Clear","01 - Dry","10 - No control","01 - Non intersection","07 - Dark","03 - P.D. only","07 - SMV other"
"7643","HIGHWAY 417 btwn RAMP & HWY417 IC145 RAMP55","345875.16797","5014759.88532","-75.97652","45.27160","2017","3/24/2017","6:45:00 PM","03 - Snow","03 - Loose snow","10 - No control","01 - Non intersection","07 - Dark","03 - P.D. only","07 - SMV other"
"7644","HIGHWAY 417 btwn RAMP & HWY417 IC145 RAMP55","345839.42359","5014751.29434","-75.97698","45.27152","2017","6/22/2017","5:05:00 AM","01 - Clear","01 - Dry","10 - No control","01 - Non intersection","03 - Dawn","03 - P.D. only","07 - SMV other"
"7645","HIGHWAY 417 btwn RAMP & HWY417 IC145 RAMP55","345912.43403","5014749.86106","-75.97605","45.27150","2017","1/24/2017","10:15:00 AM","03 - Snow","04 - Slush","10 - No control","01 - Non intersection","01 - Daylight","03 - P.D. only","07 - SMV other"
"7646","HIGHWAY 417 btwn RAMP & HWY417 IC88 RAMP51","392358.38459","5022875.98530","-75.38277","45.34037","2017","11/21/2017","5:00:00 PM","01 - Clear","01 - Dry","10 - No control","01 - Non intersection","07 - Dark","03 - P.D. only","07 - SMV other"
"7647","HIGHWAY 417 btwn RAMP & HWY417 IC88 RAMP51","387596.00882","5023807.33056","-75.44337","45.34932","2017","7/26/2017","10:00:00 PM","01 - Clear","01 - Dry","10 - No control","01 - Non intersection","07 - Dark","03 - P.D. only","07 - SMV other"
"7648","HIGHWAY 417 btwn RAMP & HWY417 IC88 RAMP51","392245.52147","5022883.96747","-75.38421","45.34045","2017","6/13/2017","11:37:00 PM","01 - Clear","01 - Dry","10 - No control","01 - Non intersection","07 - Dark","03 - P.D. only","03 - Rear end"
"7649","HIGHWAY 417 btwn RAMP & HWY417 IC88 RAMP51","392150.45239","5022920.33474","-75.38541","45.34079","2017","1/24/2017","8:40:00 AM","04 - Freezing Rain","06 - Ice","10 - No control","01 - Non intersection","01 - Daylight","03 - P.D. only","07 - SMV other"
"7650","HIGHWAY 417 btwn RAMP & HWY417 IC88 RAMP51","392196.13053","5022905.58365","-75.38483","45.34065","2017","4/3/2017","9:52:00 PM","01 - Clear","01 - Dry","10 - No control","01 - Non intersection","07 - Dark","02 - Non-fatal injury","07 - SMV other"
"7651","HIGHWAY 417 btwn REGIONAL ROAD 174 & HWY417 IC113 RAMP62","373598.19326","5031863.63793","-75.62086","45.42332","2017","10/18/2017","9:45:00 PM","01 - Clear","01 - Dry","10 - No control","01 - Non intersection","07 - Dark","03 - P.D. only","03 - Rear end"
"7652","HIGHWAY 417 btwn REGIONAL ROAD 174 & HWY417 IC113 RAMP85","373456.67308","5031768.24724","-75.62268","45.42248","2017","1/25/2017","5:45:00 AM","01 - Clear","04 - Slush","10 - No control","01 - Non intersection","07 - Dark","03 - P.D. only","04 - Sideswipe"
"7653","HIGHWAY 417 btwn TRANSIT & HWY417 IC127 RAMP16","361680.83541","5024512.02362","-75.77398","45.35825","2017","10/30/2017","9:57:00 PM","01 - Clear","01 - Dry","10 - No control","01 - Non intersection","07 - Dark","03 - P.D. only","04 - Sideswipe"
"7654","HIGHWAY 417 btwn TRANSIT & HWY417 IC127 RAMP16","361522.49766","5024384.81602","-75.77602","45.35711","2017","10/2/2017","4:25:00 PM","01 - Clear","01 - Dry","10 - No control","01 - Non intersection","01 - Daylight","03 - P.D. only","03 - Rear end"
"7655","HIGHWAY 417 btwn TRANSIT & HWY417 IC127 RAMP16","361829.57417","5024630.03354","-75.77207","45.35930","2017","9/25/2017","5:58:00 PM","01 - Clear","01 - Dry","10 - No control","01 - Non intersection","01 - Daylight","03 - P.D. only","03 - Rear end"
"7656","HIGHWAY 417 btwn TRANSIT & HWY417 IC127 RAMP16","361706.29388","5024531.31222","-75.77365","45.35842","2017","11/6/2017","6:55:00 AM","01 - Clear","01 - Dry","10 - No control","01 - Non intersection","03 - Dawn","02 - Non-fatal injury","03 - Rear end"
"7657","HIGHWAY 417 btwn TRANSIT & HWY417 IC127 RAMP35","362003.84927","5024728.28048","-75.76983","45.36016","2017","11/21/2017","3:40:00 PM","01 - Clear","01 - Dry","10 - No control","01 - Non intersection","01 - Daylight","03 - P.D. only","03 - Rear end"
"7658","HIGHWAY 417 btwn TRANSIT & HWY417 IC127 RAMP35","361998.69800","5024726.68831","-75.76990","45.36015","2017","12/18/2017","6:40:00 AM","01 - Clear","01 - Dry","10 - No control","01 - Non intersection","07 - Dark","03 - P.D. only","03 - Rear end"
"7659","HIGHWAY 417 btwn TRANSIT & HWY417 IC127 RAMP35","361893.36457","5024646.29019","-75.77125","45.35944","2017","8/3/2017","4:45:00 PM","01 - Clear","01 - Dry","10 - No control","01 - Non intersection","01 - Daylight","03 - P.D. only","07 - SMV other"
"7660","HIGHWAY 417 btwn TRANSIT & HWY417 IC127 RAMP35","361998.44352","5024721.24468","-75.76990","45.36010","2017","7/21/2017","4:05:00 PM","01 - Clear","01 - Dry","10 - No control","01 - Non intersection","01 - Daylight","03 - P.D. only","03 - Rear end"
"7661","HIGHWAY 417 btwn TRANSIT & HWY417 IC127 RAMP35","361984.43789","5024710.56862","-75.77008","45.36001","2017","11/30/2017","10:24:00 AM","01 - Clear","01 - Dry","10 - No control","01 - Non intersection","01 - Daylight","03 - P.D. only","03 - Rear end"
"7662","HIGHWAY 417 btwn TRANSIT & HWY417 IC127 RAMP35","361994.59282","5024715.72378","-75.76995","45.36005","2017","12/29/2017","7:45:00 AM","01 - Clear","06 - Ice","10 - No control","01 - Non intersection","03 - Dawn","03 - P.D. only","07 - SMV other"
"7663","HIGHWAY 417 btwn TRANSIT & HWY417 IC127 RAMP35","361902.02831","5024649.42935","-75.77114","45.35946","2017","9/8/2017","7:01:00 AM","01 - Clear","01 - Dry","10 - No control","01 - Non intersection","01 - Daylight","03 - P.D. only","03 - Rear end"
"7664","HIGHWAY 417 btwn TRANSIT & HWY417 IC127 RAMP35","361974.83395","5024708.71879","-75.77020","45.35999","2017","11/3/2017","4:32:00 PM","01 - Clear","01 - Dry","10 - No control","01 - Non intersection","05 - Dusk","03 - P.D. only","03 - Rear end"
"7665","HIGHWAY 417 btwn TRANSIT & HWY417 IC127 RAMP35","361979.99997","5024708.36165","-75.77014","45.35999","2017","9/22/2017","4:40:00 PM","01 - Clear","01 - Dry","10 - No control","01 - Non intersection","01 - Daylight","03 - P.D. only","03 - Rear end"
"7666","HIGHWAY 417 btwn TRANSIT & HWY417 IC127 RAMP35","361897.68860","5024646.25816","-75.77120","45.35944","2017","1/12/2017","8:05:00 AM","01 - Clear","01 - Dry","10 - No control","01 - Non intersection","01 - Daylight","03 - P.D. only","03 - Rear end"
"7667","HIGHWAY 417 btwn TRANSIT & HWY417 IC127 RAMP35","362047.81359","5024762.64925","-75.76927","45.36047","2017","6/29/2017","8:00:00 AM","01 - Clear","01 - Dry","10 - No control","01 - Non intersection","01 - Daylight","03 - P.D. only","03 - Rear end"
"7668","HIGHWAY 7 btwn ASHTON STATION RD & OVERPASS RD","340328.15046","5004036.40524","-76.04798","45.17540","2017","5/12/2017","9:59:00 PM","01 - Clear","01 - Dry","10 - No control","01 - Non intersection","07 - Dark","03 - P.D. only","07 - SMV other"
"7669","HIGHWAY 7 btwn ASHTON STATION RD & OVERPASS RD","340415.04360","5004429.28634","-76.04684","45.17893","2017","1/3/2017","8:50:00 AM","04 - Freezing Rain","04 - Slush","10 - No control","01 - Non intersection","01 - Daylight","02 - Non-fatal injury","07 - SMV other"
"7670","HIGHWAY 7 btwn HAZELDEAN IC RAMP 53 & HIGHWAY 7","342364.76246","5008448.59394","-76.02173","45.21500","2017","11/23/2017","6:10:00 PM","01 - Clear","01 - Dry","10 - No control","01 - Non intersection","07 - Dark","03 - P.D. only","07 - SMV other"
"7671","HIGHWAY 7 btwn HAZELDEAN IC RAMP 53 & HIGHWAY 7","342357.45232","5008448.35544","-76.02183","45.21500","2017","11/19/2017","12:27:00 AM","04 - Freezing Rain","06 - Ice","10 - No control","01 - Non intersection","07 - Dark","03 - P.D. only","07 - SMV other"
"7672","HIGHWAY 7 btwn HAZELDEAN IC RAMP 53 & HIGHWAY 7","342366.27022","5008437.44729","-76.02171","45.21490","2017","12/16/2017","7:50:00 PM","01 - Clear","01 - Dry","10 - No control","01 - Non intersection","07 - Dark","03 - P.D. only","07 - SMV other"
"7673","HIGHWAY 7 btwn HAZELDEAN IC RAMP 53 & HIGHWAY 7","342361.32606","5008429.95927","-76.02178","45.21483","2017","12/17/2017","8:45:00 PM","01 - Clear","01 - Dry","10 - No control","01 - Non intersection","07 - Dark","03 - P.D. only","07 - SMV other"
"7674","HIGHWAY 7 btwn HAZELDEAN IC RAMP 53 & HIGHWAY 7","343979.08464","5009765.33664","-76.00108","45.22676","2017","1/1/2017","7:48:00 PM","01 - Clear","01 - Dry","10 - No control","01 - Non intersection","07 - Dark","03 - P.D. only","07 - SMV other"
"7675","HIGHWAY 7 btwn HAZELDEAN IC RAMP 53 & HIGHWAY 7","342356.61212","5008442.34935","-76.02184","45.21494","2017","1/24/2017","4:00:00 PM","03 - Snow","04 - Slush","10 - No control","01 - Non intersection","01 - Daylight","02 - Non-fatal injury","07 - SMV other"
"7676","HIGHWAY 7 btwn HAZELDEAN IC RAMP 53 & HIGHWAY 7","342329.61270","5008419.45985","-76.02218","45.21474","2017","1/18/2017","4:54:00 PM","01 - Clear","06 - Ice","10 - No control","01 - Non intersection","05 - Dusk","02 - Non-fatal injury","07 - SMV other"
"7677","HIGHWAY 7 btwn HAZELDEAN IC RAMP 53 & HIGHWAY 7","342964.17780","5008969.09531","-76.01406","45.21965","2017","3/24/2017","6:45:00 AM","03 - Snow","03 - Loose snow","10 - No control","01 - Non intersection","03 - Dawn","03 - P.D. only","99 - Other"
"7678","HIGHWAY 7 btwn HWY 7 HAZELDEAN RD IC RAMP 34 & HAZELDEAN RD IC RAMP 63","346372.05147","5012507.57561","-75.97038","45.25130","2017","10/4/2017","7:00:00 AM","01 - Clear","01 - Dry","10 - No control","01 - Non intersection","03 - Dawn","02 - Non-fatal injury","04 - Sideswipe"
"7679","HIGHWAY 7 btwn HWY 7 HAZELDEAN RD IC RAMP 34 & HAZELDEAN RD IC RAMP 63","346372.27059","5012462.97616","-75.97038","45.25090","2017","3/15/2017","11:20:00 AM","03 - Snow","03 - Loose snow","10 - No control","01 - Non intersection","01 - Daylight","03 - P.D. only","07 - SMV other"
"7680","HIGHWAY 7 btwn HWY 7 HAZELDEAN RD IC RAMP 63 & HAZELDEAN RD","346324.02653","5012142.76983","-75.97102","45.24802","2017","7/1/2017","7:56:00 PM","02 - Rain","02 - Wet","10 - No control","01 - Non intersection","01 - Daylight","02 - Non-fatal injury","07 - SMV other"
"7681","HIGHWAY 7 btwn HWY417 IC145 RAMP55 & RAMP","346304.72104","5013222.61577","-75.97117","45.25774","2017","11/13/2017","12:42:00 PM","01 - Clear","01 - Dry","10 - No control","01 - Non intersection","01 - Daylight","03 - P.D. only","07 - SMV other"
"7682","HIGHWAY 7 btwn HWY417 IC145 RAMP55 & RAMP","346213.08238","5013787.60595","-75.97229","45.26283","2017","3/31/2017","8:00:00 PM","03 - Snow","04 - Slush","10 - No control","01 - Non intersection","07 - Dark","03 - P.D. only","07 - SMV other"
"7683","HIGHWAY 7 btwn HWY417 IC145 RAMP55 & RAMP","346230.70283","5013664.95673","-75.97208","45.26172","2017","1/12/2017","1:20:00 PM","01 - Clear","02 - Wet","10 - No control","01 - Non intersection","01 - Daylight","03 - P.D. only","03 - Rear end"
"7684","HIGHWAY 7 btwn HWY417 IC145 RAMP55 & RAMP","346211.49317","5013769.79833","-75.97232","45.26267","2017","1/24/2017","4:30:00 PM","03 - Snow","04 - Slush","10 - No control","01 - Non intersection","01 - Daylight","03 - P.D. only","07 - SMV other"
"7685","HIGHWAY 7 btwn OVERPASS RD & RAMP","340527.24574","5005768.94427","-76.04532","45.19098","2017","7/13/2017","12:49:00 PM","01 - Clear","01 - Dry","10 - No control","01 - Non intersection","01 - Daylight","03 - P.D. only","07 - SMV other"
"7686","HIGHWAY 7 btwn OVERPASS RD & RAMP","340527.20804","5005861.80592","-76.04531","45.19182","2017","6/14/2017","3:55:00 PM","01 - Clear","01 - Dry","10 - No control","01 - Non intersection","01 - Daylight","03 - P.D. only","07 - SMV other"
"7687","HIGHWAY 7 btwn OVERPASS RD & RAMP","340506.60229","5005518.13433","-76.04560","45.18873","2017","3/3/2017","1:40:00 PM","01 - Clear","01 - Dry","10 - No control","01 - Non intersection","01 - Daylight","03 - P.D. only","07 - SMV other"
"7688","HIGHWAY 7 btwn RAMP & DWYER HILL RD","340637.01961","5006633.53121","-76.04386","45.19876","2017","12/1/2017","9:00:00 PM","01 - Clear","01 - Dry","10 - No control","01 - Non intersection","07 - Dark","03 - P.D. only","99 - Other"
"7689","HIGHWAY 7 btwn RAMP & DWYER HILL RD","340933.01726","5007133.12458","-76.04006","45.20324","2017","12/23/2017","9:27:00 AM","03 - Snow","03 - Loose snow","10 - No control","01 - Non intersection","01 - Daylight","03 - P.D. only","07 - SMV other"
"7690","HIGHWAY 7 btwn RAMP & DWYER HILL RD","340922.44989","5007124.05726","-76.04019","45.20316","2017","1/18/2017","6:05:00 PM","01 - Clear","06 - Ice","10 - No control","01 - Non intersection","07 - Dark","02 - Non-fatal injury","07 - SMV other"
"7691","HIGHWAY 7 btwn RAMP & DWYER HILL RD","340846.96108","5007002.70287","-76.04116","45.20207","2017","3/17/2017","8:14:00 PM","01 - Clear","01 - Dry","10 - No control","01 - Non intersection","07 - Dark","02 - Non-fatal injury","07 - SMV other"
"7692","HIGHWAY 7 btwn TO BE DETERMINED & RAMP","345959.21861","5011505.89974","-75.97572","45.24231","2017","4/3/2017","7:45:00 PM","01 - Clear","01 - Dry","10 - No control","01 - Non intersection","07 - Dark","03 - P.D. only","07 - SMV other"
"7693","HIGHWAY 7 btwn TO BE DETERMINED & RAMP","345854.46088","5011407.39008","-75.97706","45.24143","2017","1/10/2017","4:30:00 PM","03 - Snow","03 - Loose snow","10 - No control","01 - Non intersection","01 - Daylight","03 - P.D. only","07 - SMV other"
"7694","HIGHWAY 7 btwn TO BE DETERMINED & RAMP","346152.39858","5011692.86022","-75.97324","45.24398","2017","3/2/2017","7:25:00 AM","03 - Snow","05 - Packed snow","10 - No control","01 - Non intersection","01 - Daylight","03 - P.D. only","04 - Sideswipe"
"7695","HIGHWAY LANE btwn ROCKDALE RD & END","395243.91871","5022930.67879","-75.34595","45.34049","2017","10/28/2017","8:00:00 PM","01 - Clear","01 - Dry","10 - No control","01 - Non intersection","07 - Dark","03 - P.D. only","07 - SMV other"
"7696","HILLIARD AVE @ MILLBROOK CRES","365991.95303","5025319.88953","-75.71886","45.36515","2017","1/13/2017","2:31:00 PM","01 - Clear","03 - Loose snow","03 - Yield sign","02 - Intersection related","01 - Daylight","03 - P.D. only","02 - Angle"
"7697","HILLMAN MARSH WAY @ CEDAR CREEK DR","375620.74275","5020259.75041","-75.59668","45.31872","2017","3/22/2017","10:27:00 AM","01 - Clear","01 - Dry","02 - Stop sign","03 - At intersection","01 - Daylight","03 - P.D. only","02 - Angle"
"7698","HILLMAN MARSH WAY btwn CEDAR CREEK DR & OLD CROW WAY","375605.38066","5020114.52377","-75.59690","45.31741","2017","2/28/2017","7:20:00 AM","01 - Clear","01 - Dry","10 - No control","04 - At/near private drive","01 - Daylight","02 - Non-fatal injury","02 - Angle"
"7699","HILSON AVE @ BYRON AVE","363970.68590","5028477.90827","-75.74428","45.39374","2017","8/1/2017","10:55:00 AM","01 - Clear","01 - Dry","02 - Stop sign","03 - At intersection","01 - Daylight","03 - P.D. only","02 - Angle"
"7700","HINCHEY AVE @ SCOTT ST","365088.99734","5029810.11969","-75.72984","45.40563","2017","11/25/2017","7:04:00 PM","01 - Clear","02 - Wet","02 - Stop sign","02 - Intersection related","07 - Dark","03 - P.D. only","05 - Turning movement"
"7701","HINCHEY AVE btwn LADOUCEUR ST & OXFORD ST","365191.09763","5029576.00376","-75.72856","45.40352","2017","5/23/2017","3:50:00 PM","01 - Clear","01 - Dry","10 - No control","01 - Non intersection","01 - Daylight","03 - P.D. only","07 - SMV other"
"7702","HINCHEY AVE btwn LADOUCEUR ST & OXFORD ST","365173.90930","5029616.31390","-75.72877","45.40388","2017","2/16/2017","4:07:00 PM","01 - Clear","05 - Packed snow","10 - No control","01 - Non intersection","01 - Daylight","03 - P.D. only","99 - Other"
"7703","HINCKS LANE @ RIVERSIDE DR","370166.24253","5030205.32931","-75.66493","45.40873","2017","12/9/2017","9:05:00 PM","03 - Snow","03 - Loose snow","01 - Traffic signal","03 - At intersection","07 - Dark","03 - P.D. only","03 - Rear end"
"7704","HINCKS LANE @ RIVERSIDE DR","370166.24253","5030205.80269","-75.66493","45.40874","2017","1/19/2017","11:59:00 AM","01 - Clear","02 - Wet","01 - Traffic signal","02 - Intersection related","01 - Daylight","03 - P.D. only","03 - Rear end"
"7705","HINCKS LANE @ RIVERSIDE DR","370166.80802","5030206.03431","-75.66492","45.40874","2017","1/3/2017","5:32:00 PM","04 - Freezing Rain","06 - Ice","01 - Traffic signal","02 - Intersection related","05 - Dusk","03 - P.D. only","03 - Rear end"
"7706","HINCKS LANE E @ RIVERSIDE DR","370269.28000","5030199.15574","-75.66361","45.40867","2017","6/16/2017","6:01:00 PM","01 - Clear","01 - Dry","02 - Stop sign","02 - Intersection related","01 - Daylight","02 - Non-fatal injury","07 - SMV other"
"7707","HINES RD @ INNOVATION DR","350051.30821","5022869.90407","-75.92256","45.34432","2017","3/20/2017","9:26:00 AM","01 - Clear","01 - Dry","02 - Stop sign","02 - Intersection related","01 - Daylight","03 - P.D. only","03 - Rear end"
"7708","HINES RD @ SOLANDT RD","350332.47425","5022567.29970","-75.91900","45.34158","2017","6/8/2017","11:12:00 AM","01 - Clear","09 - Spilled liquid","10 - No control","02 - Intersection related","01 - Daylight","03 - P.D. only","07 - SMV other"
"7709","HINES RD @ SOLANDT RD","350332.92216","5022568.42837","-75.91899","45.34159","2017","8/18/2017","12:30:00 PM","01 - Clear","01 - Dry","10 - No control","02 - Intersection related","01 - Daylight","03 - P.D. only","07 - SMV other"