"Record","Location","X","Y","Longitude","Latitude","Year","Date","Time","Environment","Road_Surface","Traffic_Control","Collision_Location","Light","Collision_Classification","Impact_type"
"7710","HINES RD @ SOLANDT RD","350330.50046","5022568.51505","-75.91902","45.34159","2017","10/7/2017","10:51:00 AM","02 - Rain","02 - Wet","10 - No control","02 - Intersection related","01 - Daylight","03 - P.D. only","07 - SMV other"
"7711","HINES RD @ SOLANDT RD","350332.47425","5022566.63081","-75.91900","45.34157","2017","3/24/2017","8:32:00 PM","03 - Snow","05 - Packed snow","10 - No control","02 - Intersection related","07 - Dark","03 - P.D. only","99 - Other"
"7712","HINES RD btwn INNOVATION DR & END","349865.99577","5023066.63209","-75.92491","45.34610","2017","12/7/2017","7:40:00 AM","03 - Snow","06 - Ice","10 - No control","01 - Non intersection","03 - Dawn","03 - P.D. only","07 - SMV other"
"7713","HINES RD btwn INNOVATION DR & SOLANDT RD","350222.11690","5022687.30016","-75.92040","45.34266","2017","8/21/2017","9:12:00 AM","01 - Clear","01 - Dry","10 - No control","04 - At/near private drive","01 - Daylight","03 - P.D. only","02 - Angle"
"7714","HINTON AVE   N btwn WELLINGTON ST W & TYNDALL ST","365049.33861","5029089.22712","-75.73043","45.39915","2017","4/28/2017","11:25:00 PM","01 - Clear","01 - Dry","10 - No control","01 - Non intersection","07 - Dark","03 - P.D. only","06 - SMV unattended vehicle"
"7715","HINTON AVE   S btwn SHERWOOD DR & KENILWORTH ST","365266.34238","5028592.76025","-75.72772","45.39466","2017","11/29/2017","12:00:00 AM","01 - Clear","01 - Dry","10 - No control","01 - Non intersection","00 - Unknown","03 - P.D. only","06 - SMV unattended vehicle"
"7716","HINTON AVE @ WELLINGTON ST","365005.78058","5029193.28693","-75.73097","45.40009","2017","1/16/2017","5:22:00 PM","01 - Clear","01 - Dry","02 - Stop sign","03 - At intersection","05 - Dusk","03 - P.D. only","02 - Angle"
"7717","HOGAN ST @ MEADOWLANDS DR","366122.69700","5024893.00944","-75.71724","45.36130","2017","7/18/2017","12:00:00 PM","01 - Clear","01 - Dry","02 - Stop sign","02 - Intersection related","01 - Daylight","03 - P.D. only","03 - Rear end"
"7718","HOG'S BACK RD btwn COLONEL BY DR & RIVERSIDE DR","367967.70159","5026154.64528","-75.69353","45.37249","2017","7/22/2017","6:36:00 PM","01 - Clear","01 - Dry","10 - No control","01 - Non intersection","01 - Daylight","03 - P.D. only","03 - Rear end"
"7719","HOG'S BACK RD btwn COLONEL BY DR & RIVERSIDE DR","368096.47812","5026212.47584","-75.69188","45.37300","2017","7/30/2017","11:39:00 AM","01 - Clear","01 - Dry","10 - No control","01 - Non intersection","01 - Daylight","02 - Non-fatal injury","03 - Rear end"
"7720","HOG'S BACK RD btwn COLONEL BY DR & RIVERSIDE DR","367933.92846","5026121.34778","-75.69397","45.37219","2017","11/1/2017","6:22:00 PM","02 - Rain","02 - Wet","10 - No control","04 - At/near private drive","07 - Dark","03 - P.D. only","02 - Angle"
"7721","HOG'S BACK RD btwn COLONEL BY DR & RIVERSIDE DR","367761.96866","5025978.47607","-75.69618","45.37092","2017","1/13/2017","3:45:00 PM","01 - Clear","06 - Ice","10 - No control","04 - At/near private drive","01 - Daylight","03 - P.D. only","02 - Angle"
"7722","HOG'S BACK RD btwn COLONEL BY DR & RIVERSIDE DR","367719.81249","5025953.82190","-75.69672","45.37070","2017","8/30/2017","10:25:00 AM","01 - Clear","01 - Dry","10 - No control","01 - Non intersection","01 - Daylight","02 - Non-fatal injury","03 - Rear end"
"7723","HOG'S BACK RD btwn COLONEL BY DR & RIVERSIDE DR","367838.37202","5026039.52683","-75.69520","45.37146","2017","6/29/2017","3:54:00 PM","02 - Rain","02 - Wet","10 - No control","07 - Overpass or bridge","01 - Daylight","03 - P.D. only","03 - Rear end"
"7724","HOG'S BACK RD btwn PRINCE OF WALES DR & COLONEL BY DR","367475.93228","5025779.76463","-75.69986","45.36916","2017","5/15/2017","6:43:00 PM","01 - Clear","01 - Dry","10 - No control","01 - Non intersection","01 - Daylight","03 - P.D. only","04 - Sideswipe"
"7725","HOLITZNER WAY @ LEIKIN DR","366721.60441","5017197.67210","-75.71056","45.29200","2017","8/9/2017","8:00:00 PM","01 - Clear","01 - Dry","02 - Stop sign","02 - Intersection related","01 - Daylight","03 - P.D. only","03 - Rear end"
"7726","HOLITZNER WAY btwn BARONESS DR & BARONESS DR","366809.94830","5017124.58550","-75.70944","45.29134","2017","5/25/2017","3:34:00 PM","01 - Clear","01 - Dry","10 - No control","04 - At/near private drive","01 - Daylight","03 - P.D. only","06 - SMV unattended vehicle"
"7727","HOLLAND AVE @ ISLAND PARK DR/N.C.C. DRIVEWAY","365426.03205","5027916.86620","-75.72576","45.38857","2017","12/11/2017","1:21:00 PM","01 - Clear","01 - Dry","01 - Traffic signal","02 - Intersection related","01 - Daylight","03 - P.D. only","02 - Angle"
"7728","HOLLAND AVE @ ISLAND PARK DR/N.C.C. DRIVEWAY","365427.94901","5027917.15987","-75.72574","45.38857","2017","2/11/2017","5:05:00 PM","01 - Clear","04 - Slush","01 - Traffic signal","03 - At intersection","07 - Dark","03 - P.D. only","05 - Turning movement"
"7729","HOLLAND AVE @ ISLAND PARK DR/N.C.C. DRIVEWAY","365425.39455","5027917.94924","-75.72577","45.38858","2017","4/23/2017","6:53:00 AM","01 - Clear","01 - Dry","01 - Traffic signal","03 - At intersection","01 - Daylight","03 - P.D. only","05 - Turning movement"
"7730","HOLLAND AVE @ ISLAND PARK DR/N.C.C. DRIVEWAY","365426.03205","5027916.86620","-75.72576","45.38857","2017","3/25/2017","10:54:00 PM","01 - Clear","01 - Dry","01 - Traffic signal","03 - At intersection","07 - Dark","03 - P.D. only","02 - Angle"
"7731","HOLLAND AVE @ ISLAND PARK DR/N.C.C. DRIVEWAY","365425.69795","5027917.53495","-75.72577","45.38857","2017","6/19/2017","7:24:00 AM","01 - Clear","01 - Dry","01 - Traffic signal","03 - At intersection","01 - Daylight","02 - Non-fatal injury","03 - Rear end"
"7732","HOLLAND AVE @ ISLAND PARK DR/N.C.C. DRIVEWAY","365426.17097","5027917.29841","-75.72576","45.38857","2017","12/28/2017","12:32:00 PM","01 - Clear","01 - Dry","01 - Traffic signal","03 - At intersection","01 - Daylight","03 - P.D. only","02 - Angle"
"7733","HOLLAND AVE @ KENILWORTH ST","365215.03175","5028497.88879","-75.72839","45.39381","2017","6/12/2017","11:11:00 AM","01 - Clear","01 - Dry","01 - Traffic signal","03 - At intersection","01 - Daylight","02 - Non-fatal injury","05 - Turning movement"
"7734","HOLLAND AVE @ KENILWORTH ST","365213.74151","5028495.83415","-75.72840","45.39380","2017","9/14/2017","5:40:00 PM","01 - Clear","01 - Dry","01 - Traffic signal","02 - Intersection related","01 - Daylight","03 - P.D. only","02 - Angle"
"7735","HOLLAND AVE @ KENILWORTH ST","365214.60730","5028496.45821","-75.72839","45.39380","2017","12/9/2017","9:03:00 PM","03 - Snow","06 - Ice","01 - Traffic signal","02 - Intersection related","07 - Dark","03 - P.D. only","99 - Other"
"7736","HOLLAND AVE @ KENILWORTH ST","365215.24375","5028496.00455","-75.72838","45.39380","2017","1/27/2017","9:33:00 AM","01 - Clear","02 - Wet","01 - Traffic signal","02 - Intersection related","01 - Daylight","03 - P.D. only","03 - Rear end"
"7737","HOLLAND AVE @ KENILWORTH ST","365214.69730","5028496.31431","-75.72839","45.39380","2017","12/15/2017","4:30:00 PM","03 - Snow","04 - Slush","01 - Traffic signal","02 - Intersection related","05 - Dusk","03 - P.D. only","03 - Rear end"
"7738","HOLLAND AVE @ RUSKIN ST","365279.65429","5028350.52232","-75.72758","45.39248","2017","7/20/2017","9:58:00 AM","01 - Clear","01 - Dry","02 - Stop sign","03 - At intersection","01 - Daylight","03 - P.D. only","02 - Angle"
"7739","HOLLAND AVE @ RUSKIN ST","365279.83399","5028350.23258","-75.72758","45.39248","2017","12/13/2017","5:10:00 PM","01 - Clear","03 - Loose snow","02 - Stop sign","03 - At intersection","07 - Dark","03 - P.D. only","02 - Angle"
"7740","HOLLAND AVE @ SPENCER ST","364833.03565","5029371.21781","-75.73316","45.40170","2017","11/16/2017","5:55:00 PM","02 - Rain","02 - Wet","01 - Traffic signal","03 - At intersection","07 - Dark","02 - Non-fatal injury","07 - SMV other"
"7741","HOLLAND AVE @ SPENCER ST","364833.64795","5029371.84554","-75.73315","45.40171","2017","12/28/2017","9:38:00 AM","01 - Clear","06 - Ice","01 - Traffic signal","03 - At intersection","01 - Daylight","02 - Non-fatal injury","03 - Rear end"
"7742","HOLLAND AVE @ TYNDALL ST","365032.97292","5028916.59896","-75.73066","45.39760","2017","7/24/2017","2:54:00 PM","02 - Rain","02 - Wet","01 - Traffic signal","02 - Intersection related","01 - Daylight","03 - P.D. only","05 - Turning movement"
"7743","HOLLAND AVE @ TYNDALL ST","365033.41374","5028920.13101","-75.73065","45.39763","2017","1/8/2017","11:57:00 AM","01 - Clear","06 - Ice","01 - Traffic signal","02 - Intersection related","01 - Daylight","03 - P.D. only","03 - Rear end"
"7744","HOLLAND AVE @ TYNDALL ST","365031.95872","5028917.84366","-75.73067","45.39761","2017","4/6/2017","3:11:00 PM","01 - Clear","01 - Dry","01 - Traffic signal","02 - Intersection related","01 - Daylight","03 - P.D. only","04 - Sideswipe"
"7745","HOLLAND AVE @ TYNDALL ST","365031.21910","5028917.79485","-75.73068","45.39761","2017","12/22/2017","12:39:00 PM","03 - Snow","03 - Loose snow","01 - Traffic signal","03 - At intersection","01 - Daylight","03 - P.D. only","07 - SMV other"
"7746","HOLLAND AVE @ WELLINGTON ST","364929.70140","5029152.27235","-75.73195","45.39973","2017","8/17/2017","12:18:00 PM","01 - Clear","01 - Dry","01 - Traffic signal","02 - Intersection related","01 - Daylight","03 - P.D. only","04 - Sideswipe"
"7747","HOLLAND AVE @ WELLINGTON ST","364929.06037","5029152.91337","-75.73196","45.39973","2017","8/17/2017","1:42:00 PM","01 - Clear","01 - Dry","01 - Traffic signal","02 - Intersection related","01 - Daylight","03 - P.D. only","04 - Sideswipe"
"7748","HOLLAND AVE @ WELLINGTON ST","364928.75465","5029152.37097","-75.73196","45.39973","2017","10/26/2017","8:31:00 PM","01 - Clear","01 - Dry","01 - Traffic signal","03 - At intersection","07 - Dark","02 - Non-fatal injury","05 - Turning movement"
"7749","HOLLAND AVE @ WELLINGTON ST","364930.24785","5029151.91506","-75.73194","45.39972","2017","10/6/2017","1:24:00 PM","01 - Clear","01 - Dry","01 - Traffic signal","02 - Intersection related","01 - Daylight","03 - P.D. only","03 - Rear end"
"7750","HOLLAND AVE @ WELLINGTON ST","364930.17477","5029153.79109","-75.73194","45.39974","2017","10/23/2017","2:54:00 PM","01 - Clear","01 - Dry","01 - Traffic signal","03 - At intersection","01 - Daylight","03 - P.D. only","04 - Sideswipe"
"7751","HOLLAND AVE @ WELLINGTON ST","364930.70474","5029152.88550","-75.73194","45.39973","2017","11/26/2017","7:15:00 PM","03 - Snow","05 - Packed snow","01 - Traffic signal","02 - Intersection related","07 - Dark","03 - P.D. only","02 - Angle"
"7752","HOLLAND AVE @ WELLINGTON ST","364930.17477","5029152.84434","-75.73194","45.39973","2017","12/7/2017","11:15:00 PM","01 - Clear","01 - Dry","01 - Traffic signal","03 - At intersection","07 - Dark","03 - P.D. only","04 - Sideswipe"
"7753","HOLLAND AVE @ WELLINGTON ST","364931.37364","5029153.55440","-75.73193","45.39974","2017","1/15/2017","12:47:00 PM","01 - Clear","01 - Dry","01 - Traffic signal","02 - Intersection related","01 - Daylight","03 - P.D. only","05 - Turning movement"
"7754","HOLLAND AVE @ WELLINGTON ST","364929.36695","5029154.89219","-75.73195","45.39975","2017","3/6/2017","9:31:00 AM","01 - Clear","01 - Dry","01 - Traffic signal","03 - At intersection","01 - Daylight","03 - P.D. only","05 - Turning movement"
"7755","HOLLAND AVE @ WELLINGTON ST","364929.70140","5029152.84434","-75.73195","45.39973","2017","12/23/2017","11:51:00 AM","03 - Snow","04 - Slush","01 - Traffic signal","02 - Intersection related","01 - Daylight","03 - P.D. only","03 - Rear end"
"7756","HOLLAND AVE btwn ARMSTRONG ST & WELLINGTON ST W","364903.37261","5029212.60251","-75.73228","45.40027","2017","6/7/2017","1:28:00 PM","01 - Clear","01 - Dry","10 - No control","04 - At/near private drive","01 - Daylight","03 - P.D. only","99 - Other"
"7757","HOLLAND AVE btwn ARMSTRONG ST & WELLINGTON ST W","364906.55854","5029199.35600","-75.73224","45.40015","2017","5/29/2017","11:35:00 PM","01 - Clear","01 - Dry","10 - No control","01 - Non intersection","07 - Dark","03 - P.D. only","06 - SMV unattended vehicle"
"7758","HOLLAND AVE btwn ARMSTRONG ST & WELLINGTON ST W","364915.32013","5029188.33701","-75.73213","45.40005","2017","6/7/2017","12:00:00 AM","01 - Clear","01 - Dry","10 - No control","01 - Non intersection","00 - Unknown","03 - P.D. only","06 - SMV unattended vehicle"
"7759","HOLLAND AVE btwn ARMSTRONG ST & WELLINGTON ST W","364916.82261","5029184.61501","-75.73211","45.40002","2017","1/10/2017","5:22:00 PM","03 - Snow","03 - Loose snow","10 - No control","01 - Non intersection","05 - Dusk","03 - P.D. only","06 - SMV unattended vehicle"
"7760","HOLLAND AVE btwn BYRON AVE & TYNDALL ST","365024.00469","5028936.28500","-75.73077","45.39777","2017","5/20/2017","11:30:00 AM","01 - Clear","01 - Dry","10 - No control","04 - At/near private drive","01 - Daylight","03 - P.D. only","05 - Turning movement"
"7761","HOLLAND AVE btwn INGLEWOOD PL & CARLING AVE","365361.42914","5028164.40604","-75.72656","45.39080","2017","6/20/2017","5:09:00 PM","01 - Clear","01 - Dry","10 - No control","01 - Non intersection","01 - Daylight","03 - P.D. only","04 - Sideswipe"
"7762","HOLLAND AVE btwn INGLEWOOD PL & CARLING AVE","365390.27730","5028100.08526","-75.72620","45.39022","2017","7/6/2017","6:14:00 PM","01 - Clear","01 - Dry","10 - No control","01 - Non intersection","01 - Daylight","03 - P.D. only","03 - Rear end"
"7763","HOLLAND AVE btwn RUSKIN ST & INGLEWOOD PL","365296.67708","5028314.54249","-75.72737","45.39216","2017","2/14/2017","12:00:00 AM","03 - Snow","03 - Loose snow","10 - No control","01 - Non intersection","00 - Unknown","03 - P.D. only","06 - SMV unattended vehicle"
"7764","HOLLAND AVE btwn SPENCER ST & ARMSTRONG ST","364847.76160","5029334.82530","-75.73297","45.40138","2017","10/26/2017","4:30:00 PM","01 - Clear","01 - Dry","10 - No control","01 - Non intersection","01 - Daylight","03 - P.D. only","04 - Sideswipe"
"7765","HOLLAND AVE btwn SPENCER ST & ARMSTRONG ST","364839.05572","5029356.50209","-75.73308","45.40157","2017","3/15/2017","7:55:00 AM","03 - Snow","03 - Loose snow","10 - No control","01 - Non intersection","01 - Daylight","03 - P.D. only","04 - Sideswipe"
"7766","HOLLAND AVE btwn WELLINGTON ST W & BYRON AVE","364992.29227","5029005.37834","-75.73117","45.39840","2017","11/22/2017","11:20:00 AM","01 - Clear","02 - Wet","10 - No control","01 - Non intersection","01 - Daylight","03 - P.D. only","03 - Rear end"
"7767","HOLLAND AVE/TUNNEY'S PASTURE @ SCOTT ST","364737.64911","5029595.93481","-75.73435","45.40373","2017","4/24/2017","4:33:00 PM","01 - Clear","01 - Dry","01 - Traffic signal","03 - At intersection","01 - Daylight","02 - Non-fatal injury","05 - Turning movement"
"7768","HOLLAND AVE/TUNNEY'S PASTURE @ SCOTT ST","364738.76785","5029597.05355","-75.73433","45.40374","2017","5/17/2017","8:40:00 AM","01 - Clear","01 - Dry","01 - Traffic signal","02 - Intersection related","01 - Daylight","03 - P.D. only","04 - Sideswipe"
"7769","HOLLAND AVE/TUNNEY'S PASTURE @ SCOTT ST","364738.47555","5029595.85303","-75.73434","45.40373","2017","12/11/2017","8:45:00 AM","01 - Clear","01 - Dry","01 - Traffic signal","03 - At intersection","01 - Daylight","03 - P.D. only","05 - Turning movement"
"7770","HOLLAND AVE/TUNNEY'S PASTURE @ SCOTT ST","364737.67050","5029595.56190","-75.73435","45.40373","2017","1/31/2017","4:27:00 PM","01 - Clear","01 - Dry","01 - Traffic signal","02 - Intersection related","01 - Daylight","03 - P.D. only","03 - Rear end"
"7771","HOLLAND AVE/TUNNEY'S PASTURE @ SCOTT ST","364737.91839","5029596.15679","-75.73435","45.40374","2017","2/10/2017","9:48:00 AM","01 - Clear","06 - Ice","01 - Traffic signal","02 - Intersection related","01 - Daylight","03 - P.D. only","03 - Rear end"
"7772","HOLLAND AVE/TUNNEY'S PASTURE @ SCOTT ST","364737.99293","5029593.44384","-75.73435","45.40371","2017","1/31/2017","9:01:00 AM","01 - Clear","06 - Ice","01 - Traffic signal","02 - Intersection related","01 - Daylight","03 - P.D. only","07 - SMV other"
"7773","HOLLAND AVE/TUNNEY'S PASTURE @ SCOTT ST","364736.69366","5029594.88820","-75.73436","45.40373","2017","3/15/2017","6:20:00 AM","03 - Snow","05 - Packed snow","01 - Traffic signal","03 - At intersection","01 - Daylight","03 - P.D. only","05 - Turning movement"
"7774","HOLLINGTON ST @ SHILLINGTON AVE","365207.22490","5027033.82305","-75.72867","45.38064","2017","12/25/2017","10:15:00 PM","01 - Clear","03 - Loose snow","02 - Stop sign","02 - Intersection related","07 - Dark","03 - P.D. only","99 - Other"
"7775","HOLLY ACRES RD @ CARLING AVE","358235.74920","5023495.87906","-75.81806","45.34937","2017","9/19/2017","6:03:00 PM","01 - Clear","01 - Dry","01 - Traffic signal","03 - At intersection","01 - Daylight","03 - P.D. only","05 - Turning movement"
"7776","HOLLY ACRES RD @ CARLING AVE","358234.20937","5023496.84801","-75.81808","45.34938","2017","9/12/2017","3:14:00 PM","01 - Clear","01 - Dry","01 - Traffic signal","02 - Intersection related","01 - Daylight","03 - P.D. only","03 - Rear end"
"7777","HOLLY ACRES RD @ HILLVIEW RD/STONEHEDGE PK","358289.60569","5023363.30155","-75.81739","45.34818","2017","1/18/2017","5:17:00 PM","01 - Clear","02 - Wet","02 - Stop sign","03 - At intersection","05 - Dusk","02 - Non-fatal injury","05 - Turning movement"
"7778","HOLLY ACRES RD @ TRANSITWAY - BAYSHORE/278 N O","358495.46636","5022987.03993","-75.81480","45.34477","2017","2/9/2017","1:17:00 PM","01 - Clear","01 - Dry","01 - Traffic signal","02 - Intersection related","01 - Daylight","03 - P.D. only","07 - SMV other"
"7779","HOLLY ACRES RD btwn HWY416 IC75C RAMP24 & RICHMOND RD","358961.19657","5022792.63984","-75.80888","45.34299","2017","11/25/2017","2:26:00 PM","01 - Clear","02 - Wet","10 - No control","01 - Non intersection","01 - Daylight","03 - P.D. only","03 - Rear end"
"7780","HOLMWOOD AVE @ MONK ST","368425.37575","5029162.88650","-75.68730","45.39951","2017","6/18/2017","11:10:00 AM","01 - Clear","01 - Dry","02 - Stop sign","03 - At intersection","01 - Daylight","03 - P.D. only","02 - Angle"
"7781","HOLMWOOD AVE btwn BANK ST & ADELAIDE ST","368684.10435","5029317.76398","-75.68398","45.40088","2017","11/3/2017","2:49:00 PM","01 - Clear","01 - Dry","10 - No control","01 - Non intersection","01 - Daylight","03 - P.D. only","06 - SMV unattended vehicle"
"7782","HOLMWOOD AVE btwn RALPH ST & MONK ST","368328.96946","5029107.91605","-75.68854","45.39903","2017","10/26/2017","12:00:00 AM","01 - Clear","01 - Dry","10 - No control","01 - Non intersection","00 - Unknown","03 - P.D. only","06 - SMV unattended vehicle"
"7783","HOLMWOOD AVE btwn TORRINGTON PL & CRAIG ST","367979.26168","5028898.55455","-75.69303","45.39717","2017","3/14/2017","11:30:00 AM","01 - Clear","01 - Dry","10 - No control","04 - At/near private drive","01 - Daylight","03 - P.D. only","06 - SMV unattended vehicle"
"7784","HOPE SIDE RD @ FREEPORT DR","355435.66253","5014674.15342","-75.85469","45.27020","2017","12/18/2017","1:32:00 PM","03 - Snow","05 - Packed snow","02 - Stop sign","02 - Intersection related","01 - Daylight","03 - P.D. only","02 - Angle"
"7785","HOPE SIDE RD @ RICHMOND RD","356954.44111","5015486.33716","-75.83525","45.27740","2017","7/22/2017","3:29:00 PM","01 - Clear","01 - Dry","02 - Stop sign","02 - Intersection related","01 - Daylight","03 - P.D. only","03 - Rear end"
"7786","HOPE SIDE RD @ RICHMOND RD","356952.63660","5015483.84000","-75.83528","45.27738","2017","7/30/2017","4:00:00 PM","01 - Clear","01 - Dry","02 - Stop sign","03 - At intersection","01 - Daylight","03 - P.D. only","02 - Angle"
"7787","HOPE SIDE RD @ RICHMOND RD","356952.63660","5015486.15175","-75.83528","45.27740","2017","9/8/2017","3:00:00 AM","01 - Clear","01 - Dry","02 - Stop sign","03 - At intersection","07 - Dark","03 - P.D. only","07 - SMV other"
"7788","HOPE SIDE RD @ RICHMOND RD","356954.30884","5015484.76600","-75.83525","45.27738","2017","12/5/2017","6:09:00 PM","02 - Rain","02 - Wet","02 - Stop sign","03 - At intersection","07 - Dark","03 - P.D. only","02 - Angle"
"7789","HOPE SIDE RD @ RICHMOND RD","356952.15870","5015485.67385","-75.83528","45.27739","2017","11/2/2017","3:00:00 PM","01 - Clear","01 - Dry","02 - Stop sign","03 - At intersection","01 - Daylight","03 - P.D. only","02 - Angle"
"7790","HOPE SIDE RD @ RICHMOND RD","356951.88613","5015487.31107","-75.83529","45.27741","2017","1/30/2017","4:04:00 AM","01 - Clear","01 - Dry","02 - Stop sign","02 - Intersection related","07 - Dark","03 - P.D. only","07 - SMV other"
"7791","HOPE SIDE RD @ RICHMOND RD","356953.63994","5015486.10380","-75.83526","45.27740","2017","3/21/2017","8:52:00 AM","01 - Clear","01 - Dry","02 - Stop sign","02 - Intersection related","01 - Daylight","03 - P.D. only","03 - Rear end"
"7792","HOPE SIDE RD @ RICHMOND RD","356954.16511","5015484.41590","-75.83526","45.27738","2017","3/1/2017","5:25:00 PM","02 - Rain","02 - Wet","02 - Stop sign","03 - At intersection","05 - Dusk","03 - P.D. only","02 - Angle"
"7793","HOPE SIDE RD btwn Continuation of HOPE SIDE RD & CROWNRIDGE DR","356020.82759","5014949.94731","-75.84721","45.27264","2017","3/18/2017","6:07:00 AM","01 - Clear","01 - Dry","10 - No control","01 - Non intersection","03 - Dawn","02 - Non-fatal injury","07 - SMV other"
"7794","HOPE SIDE RD btwn CROWNRIDGE DR & RICHMOND RD","356322.83900","5015124.42200","-75.84334","45.27419","2017","1/4/2017","7:12:00 AM","02 - Rain","04 - Slush","10 - No control","01 - Non intersection","03 - Dawn","03 - P.D. only","05 - Turning movement"
"7795","HOPE SIDE RD btwn FREEPORT DR & HOPE SIDE RD","355481.02647","5014684.82787","-75.85411","45.27029","2017","4/29/2017","12:54:00 PM","01 - Clear","01 - Dry","10 - No control","01 - Non intersection","01 - Daylight","02 - Non-fatal injury","04 - Sideswipe"
"7796","HOPEWELL AVE @ SENECA ST","368265.26000","5028203.88410","-75.68947","45.39090","2017","5/31/2017","10:42:00 PM","01 - Clear","01 - Dry","02 - Stop sign","03 - At intersection","07 - Dark","03 - P.D. only","02 - Angle"
"7797","HOPEWELL AVE @ SENECA ST","368265.59445","5028204.55300","-75.68947","45.39090","2017","11/18/2017","2:01:00 PM","02 - Rain","02 - Wet","02 - Stop sign","03 - At intersection","01 - Daylight","03 - P.D. only","02 - Angle"
"7798","HOPEWELL AVE btwn GROSVENOR AVE & BANK ST","368759.71422","5028498.58129","-75.68312","45.39351","2017","1/23/2017","7:00:00 AM","01 - Clear","01 - Dry","10 - No control","01 - Non intersection","07 - Dark","03 - P.D. only","06 - SMV unattended vehicle"
"7799","HOWDEN AVE btwn SULLIVAN AVE & THATCHER ST","363408.09165","5023033.42148","-75.75211","45.34480","2017","5/25/2017","12:00:00 AM","01 - Clear","01 - Dry","10 - No control","01 - Non intersection","00 - Unknown","03 - P.D. only","06 - SMV unattended vehicle"
"7800","HOWIE RD btwn MARCH RD & JIULIA LAKE PRIV","337636.99120","5016525.55469","-76.08139","45.28792","2017","7/5/2017","7:03:00 PM","01 - Clear","01 - Dry","10 - No control","01 - Non intersection","01 - Daylight","03 - P.D. only","07 - SMV other"
"7801","HUNT CLUB RD @ BRIDLE PATH DR/DAZE ST","371292.73224","5023864.50380","-75.65139","45.35157","2017","5/3/2017","3:39:00 PM","01 - Clear","01 - Dry","01 - Traffic signal","02 - Intersection related","01 - Daylight","03 - P.D. only","03 - Rear end"
"7802","HUNT CLUB RD @ BRIDLE PATH DR/DAZE ST","371291.39445","5023865.17270","-75.65141","45.35158","2017","4/28/2017","4:06:00 PM","01 - Clear","01 - Dry","01 - Traffic signal","02 - Intersection related","01 - Daylight","02 - Non-fatal injury","03 - Rear end"
"7803","HUNT CLUB RD @ BRIDLE PATH DR/DAZE ST","371291.39445","5023864.50380","-75.65141","45.35157","2017","7/3/2017","9:09:00 AM","01 - Clear","01 - Dry","01 - Traffic signal","03 - At intersection","01 - Daylight","02 - Non-fatal injury","02 - Angle"
"7804","HUNT CLUB RD @ BRIDLE PATH DR/DAZE ST","371291.72890","5023865.17419","-75.65141","45.35158","2017","8/14/2017","9:30:00 AM","01 - Clear","01 - Dry","01 - Traffic signal","03 - At intersection","01 - Daylight","02 - Non-fatal injury","02 - Angle"
"7805","HUNT CLUB RD @ BRIDLE PATH DR/DAZE ST","371292.82180","5023863.95735","-75.65139","45.35157","2017","9/23/2017","5:40:00 PM","01 - Clear","01 - Dry","01 - Traffic signal","02 - Intersection related","01 - Daylight","03 - P.D. only","05 - Turning movement"
"7806","HUNT CLUB RD @ BRIDLE PATH DR/DAZE ST","371291.38896","5023864.51210","-75.65141","45.35157","2017","10/28/2017","10:30:00 AM","01 - Clear","01 - Dry","01 - Traffic signal","02 - Intersection related","01 - Daylight","03 - P.D. only","04 - Sideswipe"
"7807","HUNT CLUB RD @ BRIDLE PATH DR/DAZE ST","371291.91542","5023866.82258","-75.65140","45.35159","2017","10/23/2017","1:21:00 PM","01 - Clear","01 - Dry","01 - Traffic signal","02 - Intersection related","01 - Daylight","03 - P.D. only","03 - Rear end"
"7808","HUNT CLUB RD @ BRIDLE PATH DR/DAZE ST","371291.01925","5023866.07025","-75.65142","45.35159","2017","9/14/2017","8:25:00 AM","01 - Clear","01 - Dry","01 - Traffic signal","02 - Intersection related","01 - Daylight","03 - P.D. only","03 - Rear end"
"7809","HUNT CLUB RD @ BRIDLE PATH DR/DAZE ST","371291.72890","5023864.50380","-75.65141","45.35157","2017","1/23/2017","9:31:00 PM","01 - Clear","01 - Dry","01 - Traffic signal","02 - Intersection related","07 - Dark","03 - P.D. only","03 - Rear end"
"7810","HUNT CLUB RD @ BRIDLE PATH DR/DAZE ST","371291.72890","5023864.23243","-75.65141","45.35157","2017","1/19/2017","11:05:00 AM","01 - Clear","02 - Wet","01 - Traffic signal","03 - At intersection","01 - Daylight","02 - Non-fatal injury","07 - SMV other"
"7811","HUNT CLUB RD @ BRIDLE PATH DR/DAZE ST","371292.35098","5023864.39084","-75.65140","45.35157","2017","2/9/2017","1:11:00 PM","01 - Clear","01 - Dry","01 - Traffic signal","02 - Intersection related","01 - Daylight","02 - Non-fatal injury","03 - Rear end"
"7812","HUNT CLUB RD @ BRIDLE PATH DR/DAZE ST","371291.98721","5023864.75461","-75.65140","45.35158","2017","1/27/2017","9:37:00 PM","01 - Clear","06 - Ice","01 - Traffic signal","02 - Intersection related","07 - Dark","02 - Non-fatal injury","03 - Rear end"
"7813","HUNT CLUB RD @ BRIDLE PATH DR/DAZE ST","371290.72556","5023865.17270","-75.65142","45.35158","2017","4/20/2017","9:03:00 PM","01 - Clear","01 - Dry","01 - Traffic signal","02 - Intersection related","07 - Dark","02 - Non-fatal injury","05 - Turning movement"