"Record","Location","X","Y","Longitude","Latitude","Year","Date","Time","Environment","Road_Surface","Traffic_Control","Collision_Location","Light","Collision_Classification","Impact_type"
"7814","HUNT CLUB RD @ BRIDLE PATH DR/DAZE ST","371292.20680","5023865.22065","-75.65140","45.35158","2017","12/17/2017","1:42:00 PM","01 - Clear","04 - Slush","01 - Traffic signal","03 - At intersection","01 - Daylight","02 - Non-fatal injury","03 - Rear end"
"7815","HUNT CLUB RD @ BRIDLE PATH DR/DAZE ST","371292.20680","5023863.30906","-75.65140","45.35156","2017","12/20/2017","10:30:00 AM","01 - Clear","01 - Dry","01 - Traffic signal","02 - Intersection related","01 - Daylight","03 - P.D. only","05 - Turning movement"
"7816","HUNT CLUB RD @ CANADAIR PRIV","368661.71406","5022310.82500","-75.68517","45.33784","2017","8/12/2017","5:37:00 PM","02 - Rain","02 - Wet","01 - Traffic signal","02 - Intersection related","01 - Daylight","03 - P.D. only","07 - SMV other"
"7817","HUNT CLUB RD @ CANADAIR PRIV","368663.32383","5022305.17022","-75.68515","45.33779","2017","1/4/2017","3:24:00 PM","03 - Snow","04 - Slush","01 - Traffic signal","02 - Intersection related","01 - Daylight","03 - P.D. only","02 - Angle"
"7818","HUNT CLUB RD @ DOWNPATRICK RD/MCCARTHY RD","370507.39995","5023400.50900","-75.66148","45.34747","2017","5/24/2017","10:20:00 PM","01 - Clear","01 - Dry","01 - Traffic signal","02 - Intersection related","07 - Dark","03 - P.D. only","99 - Other"
"7819","HUNT CLUB RD @ DOWNPATRICK RD/MCCARTHY RD","370508.06885","5023399.84010","-75.66147","45.34747","2017","6/19/2017","3:26:00 PM","01 - Clear","01 - Dry","01 - Traffic signal","02 - Intersection related","01 - Daylight","03 - P.D. only","03 - Rear end"
"7820","HUNT CLUB RD @ DOWNPATRICK RD/MCCARTHY RD","370507.39995","5023400.50900","-75.66148","45.34747","2017","6/29/2017","2:59:00 PM","02 - Rain","02 - Wet","01 - Traffic signal","03 - At intersection","01 - Daylight","03 - P.D. only","02 - Angle"
"7821","HUNT CLUB RD @ DOWNPATRICK RD/MCCARTHY RD","370508.73774","5023399.84010","-75.66146","45.34747","2017","6/30/2017","12:22:00 PM","02 - Rain","02 - Wet","01 - Traffic signal","03 - At intersection","01 - Daylight","03 - P.D. only","02 - Angle"
"7822","HUNT CLUB RD @ DOWNPATRICK RD/MCCARTHY RD","370507.20861","5023401.09058","-75.66148","45.34748","2017","8/23/2017","8:43:00 PM","01 - Clear","01 - Dry","01 - Traffic signal","03 - At intersection","07 - Dark","03 - P.D. only","03 - Rear end"
"7823","HUNT CLUB RD @ DOWNPATRICK RD/MCCARTHY RD","370508.57027","5023400.02142","-75.66146","45.34747","2017","8/24/2017","12:06:00 AM","01 - Clear","01 - Dry","01 - Traffic signal","03 - At intersection","07 - Dark","02 - Non-fatal injury","05 - Turning movement"
"7824","HUNT CLUB RD @ DOWNPATRICK RD/MCCARTHY RD","370506.06216","5023401.17790","-75.66149","45.34748","2017","12/1/2017","7:15:00 AM","02 - Rain","02 - Wet","01 - Traffic signal","02 - Intersection related","03 - Dawn","02 - Non-fatal injury","03 - Rear end"
"7825","HUNT CLUB RD @ DOWNPATRICK RD/MCCARTHY RD","370507.39995","5023402.51569","-75.66148","45.34749","2017","12/14/2017","7:00:00 AM","01 - Clear","02 - Wet","01 - Traffic signal","03 - At intersection","03 - Dawn","02 - Non-fatal injury","07 - SMV other"
"7826","HUNT CLUB RD @ DOWNPATRICK RD/MCCARTHY RD","370508.68115","5023400.27231","-75.66146","45.34747","2017","4/15/2017","6:01:00 PM","02 - Rain","02 - Wet","01 - Traffic signal","02 - Intersection related","05 - Dusk","03 - P.D. only","03 - Rear end"
"7827","HUNT CLUB RD @ DOWNPATRICK RD/MCCARTHY RD","370509.40664","5023399.84010","-75.66145","45.34747","2017","2/26/2017","10:08:00 AM","01 - Clear","01 - Dry","01 - Traffic signal","02 - Intersection related","01 - Daylight","03 - P.D. only","03 - Rear end"
"7828","HUNT CLUB RD @ DOWNPATRICK RD/MCCARTHY RD","370508.06885","5023401.17790","-75.66147","45.34748","2017","3/23/2017","5:32:00 PM","01 - Clear","01 - Dry","01 - Traffic signal","02 - Intersection related","01 - Daylight","03 - P.D. only","03 - Rear end"
"7829","HUNT CLUB RD @ LINDBERGH PRIV","368362.44824","5022133.71122","-75.68901","45.33627","2017","5/14/2017","3:00:00 PM","01 - Clear","01 - Dry","02 - Stop sign","02 - Intersection related","01 - Daylight","03 - P.D. only","03 - Rear end"
"7830","HUNT CLUB RD @ LINDBERGH PRIV","368361.39826","5022133.56147","-75.68902","45.33627","2017","2/10/2017","2:38:00 PM","01 - Clear","01 - Dry","02 - Stop sign","02 - Intersection related","01 - Daylight","03 - P.D. only","02 - Angle"
"7831","HUNT CLUB RD @ LORRY GREENBERG DR/SABLE RIDGE","372823.40425","5024807.50480","-75.63173","45.35991","2017","6/14/2017","5:21:00 PM","01 - Clear","01 - Dry","01 - Traffic signal","02 - Intersection related","01 - Daylight","03 - P.D. only","03 - Rear end"
"7832","HUNT CLUB RD @ LORRY GREENBERG DR/SABLE RIDGE","372824.07315","5024807.50480","-75.63172","45.35991","2017","6/14/2017","4:45:00 PM","01 - Clear","01 - Dry","01 - Traffic signal","02 - Intersection related","01 - Daylight","03 - P.D. only","03 - Rear end"
"7833","HUNT CLUB RD @ LORRY GREENBERG DR/SABLE RIDGE","372824.07315","5024806.83590","-75.63172","45.35991","2017","6/30/2017","7:54:00 AM","01 - Clear","02 - Wet","01 - Traffic signal","02 - Intersection related","01 - Daylight","03 - P.D. only","03 - Rear end"
"7834","HUNT CLUB RD @ LORRY GREENBERG DR/SABLE RIDGE","372823.63281","5024807.89167","-75.63173","45.35991","2017","7/15/2017","2:20:00 PM","01 - Clear","01 - Dry","01 - Traffic signal","03 - At intersection","01 - Daylight","03 - P.D. only","05 - Turning movement"
"7835","HUNT CLUB RD @ LORRY GREENBERG DR/SABLE RIDGE","372824.21207","5024806.79474","-75.63172","45.35991","2017","9/7/2017","6:13:00 PM","02 - Rain","02 - Wet","01 - Traffic signal","03 - At intersection","01 - Daylight","02 - Non-fatal injury","05 - Turning movement"
"7836","HUNT CLUB RD @ LORRY GREENBERG DR/SABLE RIDGE","372824.21660","5024807.26585","-75.63172","45.35991","2017","9/20/2017","8:37:00 AM","01 - Clear","01 - Dry","01 - Traffic signal","03 - At intersection","01 - Daylight","03 - P.D. only","05 - Turning movement"
"7837","HUNT CLUB RD @ LORRY GREENBERG DR/SABLE RIDGE","372823.85433","5024807.72008","-75.63173","45.35991","2017","12/13/2017","2:58:00 PM","03 - Snow","04 - Slush","01 - Traffic signal","03 - At intersection","01 - Daylight","02 - Non-fatal injury","05 - Turning movement"
"7838","HUNT CLUB RD @ LORRY GREENBERG DR/SABLE RIDGE","372823.89610","5024807.05759","-75.63173","45.35991","2017","1/13/2017","3:39:00 PM","01 - Clear","01 - Dry","01 - Traffic signal","03 - At intersection","01 - Daylight","03 - P.D. only","05 - Turning movement"
"7839","HUNT CLUB RD @ LORRY GREENBERG DR/SABLE RIDGE","372822.98823","5024805.62863","-75.63174","45.35989","2017","2/8/2017","9:03:00 AM","03 - Snow","04 - Slush","01 - Traffic signal","03 - At intersection","01 - Daylight","03 - P.D. only","05 - Turning movement"
"7840","HUNT CLUB RD @ LORRY GREENBERG DR/SABLE RIDGE","372823.38329","5024808.31625","-75.63173","45.35992","2017","2/8/2017","7:35:00 AM","04 - Freezing Rain","04 - Slush","01 - Traffic signal","03 - At intersection","01 - Daylight","03 - P.D. only","07 - SMV other"
"7841","HUNT CLUB RD @ MALAK ST","374194.73834","5025652.17871","-75.61411","45.36738","2017","5/15/2017","1:14:00 PM","01 - Clear","01 - Dry","02 - Stop sign","02 - Intersection related","01 - Daylight","02 - Non-fatal injury","03 - Rear end"
"7842","HUNT CLUB RD @ MALAK ST","374193.73500","5025651.64033","-75.61412","45.36737","2017","2/10/2017","8:26:00 PM","03 - Snow","03 - Loose snow","02 - Stop sign","02 - Intersection related","07 - Dark","03 - P.D. only","07 - SMV other"
"7843","HUNT CLUB RD @ PAUL ANKA DR","369778.05965","5022899.49709","-75.67085","45.34303","2017","4/27/2017","4:39:00 PM","01 - Clear","01 - Dry","01 - Traffic signal","02 - Intersection related","01 - Daylight","03 - P.D. only","03 - Rear end"
"7844","HUNT CLUB RD @ PAUL ANKA DR","369777.46470","5022897.01744","-75.67086","45.34301","2017","7/31/2017","8:45:00 AM","01 - Clear","01 - Dry","01 - Traffic signal","03 - At intersection","01 - Daylight","02 - Non-fatal injury","02 - Angle"
"7845","HUNT CLUB RD @ PAUL ANKA DR","369777.25183","5022897.72709","-75.67086","45.34302","2017","8/17/2017","1:47:00 PM","01 - Clear","01 - Dry","01 - Traffic signal","03 - At intersection","01 - Daylight","03 - P.D. only","05 - Turning movement"
"7846","HUNT CLUB RD @ PAUL ANKA DR","369776.86220","5022898.56915","-75.67087","45.34302","2017","10/2/2017","9:54:00 AM","01 - Clear","01 - Dry","01 - Traffic signal","03 - At intersection","01 - Daylight","02 - Non-fatal injury","05 - Turning movement"
"7847","HUNT CLUB RD @ PAUL ANKA DR","369777.39075","5022896.82150","-75.67086","45.34301","2017","11/20/2017","9:49:00 PM","01 - Clear","01 - Dry","01 - Traffic signal","03 - At intersection","07 - Dark","02 - Non-fatal injury","05 - Turning movement"
"7848","HUNT CLUB RD @ PAUL ANKA DR","369777.39075","5022896.82150","-75.67086","45.34301","2017","11/16/2017","6:00:00 AM","01 - Clear","02 - Wet","01 - Traffic signal","03 - At intersection","07 - Dark","03 - P.D. only","05 - Turning movement"
"7849","HUNT CLUB RD @ PAUL ANKA DR","369777.39075","5022897.49040","-75.67086","45.34301","2017","3/1/2017","2:30:00 PM","02 - Rain","02 - Wet","01 - Traffic signal","02 - Intersection related","01 - Daylight","03 - P.D. only","03 - Rear end"
"7850","HUNT CLUB RD @ PIKE ST/MAPLE PARK PRIV","373295.73516","5025087.84310","-75.62566","45.36239","2017","5/23/2017","5:35:00 PM","01 - Clear","01 - Dry","01 - Traffic signal","02 - Intersection related","01 - Daylight","03 - P.D. only","03 - Rear end"
"7851","HUNT CLUB RD @ PIKE ST/MAPLE PARK PRIV","373295.79175","5025087.32857","-75.62566","45.36238","2017","10/20/2017","4:24:00 PM","01 - Clear","01 - Dry","01 - Traffic signal","02 - Intersection related","01 - Daylight","02 - Non-fatal injury","05 - Turning movement"
"7852","HUNT CLUB RD @ RIVERSIDE DR","368037.03745","5021946.16740","-75.69319","45.33461","2017","5/23/2017","5:35:00 PM","01 - Clear","01 - Dry","01 - Traffic signal","02 - Intersection related","01 - Daylight","03 - P.D. only","03 - Rear end"
"7853","HUNT CLUB RD @ RIVERSIDE DR","368036.36855","5021946.16740","-75.69319","45.33461","2017","6/23/2017","3:01:00 PM","01 - Clear","01 - Dry","01 - Traffic signal","02 - Intersection related","01 - Daylight","03 - P.D. only","03 - Rear end"
"7854","HUNT CLUB RD @ RIVERSIDE DR","368037.03745","5021945.49850","-75.69319","45.33461","2017","6/13/2017","6:37:00 PM","01 - Clear","01 - Dry","01 - Traffic signal","03 - At intersection","01 - Daylight","03 - P.D. only","03 - Rear end"
"7855","HUNT CLUB RD @ RIVERSIDE DR","368037.70634","5021944.16071","-75.69318","45.33460","2017","5/26/2017","6:15:00 PM","01 - Clear","01 - Dry","01 - Traffic signal","02 - Intersection related","01 - Daylight","03 - P.D. only","03 - Rear end"
"7856","HUNT CLUB RD @ RIVERSIDE DR","368037.03745","5021946.83629","-75.69319","45.33462","2017","5/19/2017","7:07:00 PM","01 - Clear","01 - Dry","01 - Traffic signal","02 - Intersection related","01 - Daylight","02 - Non-fatal injury","03 - Rear end"
"7857","HUNT CLUB RD @ RIVERSIDE DR","368037.03745","5021946.16740","-75.69319","45.33461","2017","5/24/2017","10:19:00 PM","01 - Clear","01 - Dry","01 - Traffic signal","03 - At intersection","07 - Dark","03 - P.D. only","05 - Turning movement"
"7858","HUNT CLUB RD @ RIVERSIDE DR","368036.36855","5021945.49850","-75.69319","45.33461","2017","5/28/2017","1:25:00 PM","01 - Clear","01 - Dry","01 - Traffic signal","02 - Intersection related","01 - Daylight","03 - P.D. only","02 - Angle"
"7859","HUNT CLUB RD @ RIVERSIDE DR","368036.36855","5021946.16740","-75.69319","45.33461","2017","5/28/2017","3:32:00 PM","01 - Clear","01 - Dry","01 - Traffic signal","02 - Intersection related","01 - Daylight","03 - P.D. only","03 - Rear end"
"7860","HUNT CLUB RD @ RIVERSIDE DR","368035.69966","5021946.16740","-75.69320","45.33461","2017","6/15/2017","7:40:00 AM","01 - Clear","01 - Dry","01 - Traffic signal","03 - At intersection","01 - Daylight","02 - Non-fatal injury","03 - Rear end"
"7861","HUNT CLUB RD @ RIVERSIDE DR","368038.37524","5021946.16740","-75.69317","45.33461","2017","6/21/2017","5:05:00 PM","01 - Clear","01 - Dry","01 - Traffic signal","02 - Intersection related","01 - Daylight","03 - P.D. only","03 - Rear end"
"7862","HUNT CLUB RD @ RIVERSIDE DR","368036.36855","5021946.83629","-75.69319","45.33462","2017","4/28/2017","2:18:00 PM","01 - Clear","01 - Dry","01 - Traffic signal","02 - Intersection related","01 - Daylight","03 - P.D. only","03 - Rear end"
"7863","HUNT CLUB RD @ RIVERSIDE DR","368036.48102","5021944.38862","-75.69319","45.33460","2017","8/25/2017","10:33:00 AM","01 - Clear","01 - Dry","01 - Traffic signal","02 - Intersection related","01 - Daylight","03 - P.D. only","04 - Sideswipe"
"7864","HUNT CLUB RD @ RIVERSIDE DR","368037.98505","5021943.57542","-75.69317","45.33459","2017","8/13/2017","12:18:00 PM","01 - Clear","01 - Dry","01 - Traffic signal","02 - Intersection related","01 - Daylight","03 - P.D. only","03 - Rear end"
"7865","HUNT CLUB RD @ RIVERSIDE DR","368037.02359","5021943.77336","-75.69319","45.33459","2017","8/13/2017","10:13:00 PM","01 - Clear","01 - Dry","01 - Traffic signal","02 - Intersection related","07 - Dark","03 - P.D. only","04 - Sideswipe"
"7866","HUNT CLUB RD @ RIVERSIDE DR","368037.17637","5021946.68193","-75.69318","45.33462","2017","8/30/2017","3:52:00 PM","01 - Clear","01 - Dry","01 - Traffic signal","02 - Intersection related","01 - Daylight","03 - P.D. only","03 - Rear end"
"7867","HUNT CLUB RD @ RIVERSIDE DR","368035.49999","5021945.19775","-75.69321","45.33461","2017","7/23/2017","1:31:00 PM","01 - Clear","01 - Dry","01 - Traffic signal","02 - Intersection related","01 - Daylight","02 - Non-fatal injury","03 - Rear end"
"7868","HUNT CLUB RD @ RIVERSIDE DR","368036.48102","5021946.16443","-75.69319","45.33461","2017","8/24/2017","11:14:00 AM","01 - Clear","01 - Dry","01 - Traffic signal","02 - Intersection related","01 - Daylight","03 - P.D. only","03 - Rear end"
"7869","HUNT CLUB RD @ RIVERSIDE DR","368037.34403","5021944.21645","-75.69318","45.33460","2017","8/10/2017","5:13:00 PM","01 - Clear","01 - Dry","01 - Traffic signal","02 - Intersection related","01 - Daylight","03 - P.D. only","04 - Sideswipe"
"7870","HUNT CLUB RD @ RIVERSIDE DR","368037.17637","5021945.73519","-75.69318","45.33461","2017","10/18/2017","2:23:00 PM","01 - Clear","01 - Dry","01 - Traffic signal","03 - At intersection","01 - Daylight","03 - P.D. only","02 - Angle"
"7871","HUNT CLUB RD @ RIVERSIDE DR","368037.79590","5021944.40560","-75.69318","45.33460","2017","10/2/2017","11:24:00 AM","01 - Clear","01 - Dry","01 - Traffic signal","02 - Intersection related","01 - Daylight","03 - P.D. only","03 - Rear end"
"7872","HUNT CLUB RD @ RIVERSIDE DR","368036.92925","5021944.96238","-75.69319","45.33460","2017","9/10/2017","1:40:00 PM","01 - Clear","01 - Dry","01 - Traffic signal","02 - Intersection related","01 - Daylight","02 - Non-fatal injury","03 - Rear end"
"7873","HUNT CLUB RD @ RIVERSIDE DR","368036.70324","5021945.49837","-75.69319","45.33461","2017","9/12/2017","7:50:00 AM","01 - Clear","01 - Dry","01 - Traffic signal","02 - Intersection related","01 - Daylight","03 - P.D. only","04 - Sideswipe"
"7874","HUNT CLUB RD @ RIVERSIDE DR","368035.69966","5021946.83629","-75.69320","45.33462","2017","10/8/2017","2:06:00 AM","01 - Clear","01 - Dry","01 - Traffic signal","02 - Intersection related","07 - Dark","03 - P.D. only","07 - SMV other"
"7875","HUNT CLUB RD @ RIVERSIDE DR","368036.70300","5021945.25955","-75.69319","45.33461","2017","12/9/2017","2:45:00 PM","01 - Clear","01 - Dry","01 - Traffic signal","02 - Intersection related","01 - Daylight","03 - P.D. only","03 - Rear end"
"7876","HUNT CLUB RD @ RIVERSIDE DR","368036.70300","5021945.25955","-75.69319","45.33461","2017","12/5/2017","7:36:00 PM","02 - Rain","02 - Wet","01 - Traffic signal","02 - Intersection related","07 - Dark","03 - P.D. only","04 - Sideswipe"
"7877","HUNT CLUB RD @ RIVERSIDE DR","368036.70300","5021945.26181","-75.69319","45.33461","2017","11/7/2017","9:50:00 AM","01 - Clear","01 - Dry","01 - Traffic signal","02 - Intersection related","01 - Daylight","03 - P.D. only","03 - Rear end"
"7878","HUNT CLUB RD @ RIVERSIDE DR","368037.70634","5021945.49850","-75.69318","45.33461","2017","11/23/2017","3:13:00 PM","01 - Clear","01 - Dry","01 - Traffic signal","02 - Intersection related","01 - Daylight","03 - P.D. only","03 - Rear end"
"7879","HUNT CLUB RD @ RIVERSIDE DR","368036.25204","5021945.27302","-75.69320","45.33461","2017","12/5/2017","7:32:00 AM","02 - Rain","02 - Wet","01 - Traffic signal","02 - Intersection related","03 - Dawn","03 - P.D. only","03 - Rear end"
"7880","HUNT CLUB RD @ RIVERSIDE DR","368037.64975","5021945.73519","-75.69318","45.33461","2017","12/3/2017","4:31:00 AM","01 - Clear","01 - Dry","01 - Traffic signal","03 - At intersection","07 - Dark","03 - P.D. only","02 - Angle"
"7881","HUNT CLUB RD @ RIVERSIDE DR","368037.45347","5021945.12327","-75.69318","45.33460","2017","2/15/2017","9:07:00 PM","03 - Snow","06 - Ice","01 - Traffic signal","02 - Intersection related","07 - Dark","03 - P.D. only","03 - Rear end"
"7882","HUNT CLUB RD @ RIVERSIDE DR","368035.84463","5021948.07361","-75.69320","45.33463","2017","1/3/2017","6:01:00 PM","02 - Rain","02 - Wet","01 - Traffic signal","02 - Intersection related","07 - Dark","03 - P.D. only","03 - Rear end"
"7883","HUNT CLUB RD @ RIVERSIDE DR","368036.70300","5021943.78176","-75.69319","45.33459","2017","1/6/2017","6:45:00 AM","01 - Clear","02 - Wet","01 - Traffic signal","02 - Intersection related","07 - Dark","03 - P.D. only","03 - Rear end"
"7884","HUNT CLUB RD @ RIVERSIDE DR","368036.15655","5021946.04495","-75.69320","45.33461","2017","1/26/2017","12:52:00 AM","01 - Clear","02 - Wet","01 - Traffic signal","03 - At intersection","07 - Dark","02 - Non-fatal injury","04 - Sideswipe"
"7885","HUNT CLUB RD @ RIVERSIDE DR","368036.70300","5021946.04495","-75.69319","45.33461","2017","2/2/2017","11:46:00 AM","01 - Clear","01 - Dry","01 - Traffic signal","02 - Intersection related","01 - Daylight","03 - P.D. only","03 - Rear end"
"7886","HUNT CLUB RD @ RIVERSIDE DR","368037.03745","5021946.16740","-75.69319","45.33461","2017","3/10/2017","2:07:00 PM","01 - Clear","01 - Dry","01 - Traffic signal","02 - Intersection related","01 - Daylight","03 - P.D. only","03 - Rear end"
"7887","HUNT CLUB RD @ RIVERSIDE DR","368036.36855","5021946.16740","-75.69319","45.33461","2017","4/6/2017","2:00:00 PM","01 - Clear","01 - Dry","01 - Traffic signal","02 - Intersection related","01 - Daylight","03 - P.D. only","03 - Rear end"
"7888","HUNT CLUB RD @ RIVERSIDE DR","368036.08258","5021947.50238","-75.69320","45.33463","2017","2/22/2017","6:00:00 PM","01 - Clear","01 - Dry","01 - Traffic signal","02 - Intersection related","07 - Dark","03 - P.D. only","03 - Rear end"
"7889","HUNT CLUB RD @ RIVERSIDE DR","368037.03745","5021947.50519","-75.69319","45.33463","2017","3/29/2017","5:56:00 PM","01 - Clear","01 - Dry","01 - Traffic signal","02 - Intersection related","01 - Daylight","03 - P.D. only","04 - Sideswipe"
"7890","HUNT CLUB RD @ RIVERSIDE DR","368035.95253","5021945.87373","-75.69320","45.33461","2017","2/28/2017","10:47:00 AM","01 - Clear","01 - Dry","01 - Traffic signal","03 - At intersection","01 - Daylight","03 - P.D. only","03 - Rear end"
"7891","HUNT CLUB RD @ RIVERSIDE DR","368037.03745","5021945.49850","-75.69319","45.33461","2017","2/24/2017","7:37:00 AM","01 - Clear","01 - Dry","01 - Traffic signal","02 - Intersection related","01 - Daylight","03 - P.D. only","04 - Sideswipe"
"7892","HUNT CLUB RD @ RIVERSIDE DR","368037.70634","5021945.49850","-75.69318","45.33461","2017","3/3/2017","6:15:00 PM","01 - Clear","02 - Wet","01 - Traffic signal","02 - Intersection related","05 - Dusk","03 - P.D. only","03 - Rear end"
"7893","HUNT CLUB RD @ RIVERSIDE DR","368036.70046","5021945.50071","-75.69319","45.33461","2017","3/27/2017","4:15:00 PM","02 - Rain","02 - Wet","01 - Traffic signal","02 - Intersection related","01 - Daylight","03 - P.D. only","03 - Rear end"
"7894","HUNT CLUB RD @ RIVERSIDE DR","368036.22963","5021945.73519","-75.69320","45.33461","2017","12/19/2017","3:42:00 PM","01 - Clear","02 - Wet","01 - Traffic signal","02 - Intersection related","01 - Daylight","03 - P.D. only","04 - Sideswipe"
"7895","HUNT CLUB RD @ RIVERSIDE DR","368036.22963","5021946.20856","-75.69320","45.33461","2017","12/29/2017","7:40:00 AM","01 - Clear","01 - Dry","01 - Traffic signal","03 - At intersection","03 - Dawn","03 - P.D. only","03 - Rear end"
"7896","HUNT CLUB RD @ RIVERSIDE DR","368036.70286","5021945.49842","-75.69319","45.33461","2017","12/23/2017","3:15:00 PM","03 - Snow","03 - Loose snow","01 - Traffic signal","02 - Intersection related","01 - Daylight","02 - Non-fatal injury","03 - Rear end"
"7897","HUNT CLUB RD @ UPLANDS DR","370157.73054","5023122.16100","-75.66598","45.34500","2017","4/27/2017","12:40:00 PM","01 - Clear","01 - Dry","01 - Traffic signal","03 - At intersection","01 - Daylight","02 - Non-fatal injury","03 - Rear end"
"7898","HUNT CLUB RD @ UPLANDS DR","370157.06165","5023121.49210","-75.66598","45.34499","2017","7/1/2017","12:19:00 AM","01 - Clear","02 - Wet","01 - Traffic signal","03 - At intersection","07 - Dark","03 - P.D. only","05 - Turning movement"
"7899","HUNT CLUB RD @ UPLANDS DR","370156.72720","5023121.49210","-75.66599","45.34499","2017","8/15/2017","4:02:00 AM","01 - Clear","02 - Wet","01 - Traffic signal","03 - At intersection","07 - Dark","03 - P.D. only","05 - Turning movement"
"7900","HUNT CLUB RD @ UPLANDS DR","370156.72720","5023120.82171","-75.66599","45.34499","2017","8/21/2017","4:07:00 PM","01 - Clear","01 - Dry","01 - Traffic signal","03 - At intersection","01 - Daylight","03 - P.D. only","05 - Turning movement"
"7901","HUNT CLUB RD @ UPLANDS DR","370155.72386","5023122.82989","-75.66600","45.34501","2017","10/24/2017","3:08:00 PM","01 - Clear","01 - Dry","01 - Traffic signal","03 - At intersection","01 - Daylight","03 - P.D. only","05 - Turning movement"
"7902","HUNT CLUB RD @ UPLANDS DR","370157.20510","5023122.68684","-75.66598","45.34501","2017","10/24/2017","12:14:00 PM","01 - Clear","02 - Wet","01 - Traffic signal","03 - At intersection","01 - Daylight","02 - Non-fatal injury","02 - Angle"
"7903","HUNT CLUB RD @ UPLANDS DR","370156.18446","5023120.67799","-75.66600","45.34499","2017","10/10/2017","11:02:00 AM","01 - Clear","01 - Dry","01 - Traffic signal","02 - Intersection related","01 - Daylight","03 - P.D. only","03 - Rear end"
"7904","HUNT CLUB RD @ UPLANDS DR","370156.72720","5023120.94565","-75.66599","45.34499","2017","9/8/2017","6:00:00 PM","01 - Clear","01 - Dry","01 - Traffic signal","02 - Intersection related","01 - Daylight","03 - P.D. only","03 - Rear end"
"7905","HUNT CLUB RD @ UPLANDS DR","370155.72386","5023120.82320","-75.66600","45.34499","2017","11/12/2017","5:10:00 PM","01 - Clear","01 - Dry","01 - Traffic signal","03 - At intersection","05 - Dusk","03 - P.D. only","02 - Angle"
"7906","HUNT CLUB RD @ UPLANDS DR","370156.39275","5023120.82320","-75.66599","45.34499","2017","12/1/2017","7:29:00 PM","01 - Clear","01 - Dry","01 - Traffic signal","03 - At intersection","07 - Dark","03 - P.D. only","05 - Turning movement"
"7907","HUNT CLUB RD @ UPLANDS DR","370157.06165","5023122.16100","-75.66598","45.34500","2017","4/1/2017","9:38:00 PM","01 - Clear","01 - Dry","01 - Traffic signal","03 - At intersection","07 - Dark","03 - P.D. only","05 - Turning movement"
"7908","HUNT CLUB RD @ UPLANDS DR","370156.39275","5023122.82989","-75.66599","45.34501","2017","3/16/2017","5:30:00 PM","01 - Clear","06 - Ice","01 - Traffic signal","02 - Intersection related","01 - Daylight","03 - P.D. only","03 - Rear end"
"7909","HUNT CLUB RD @ UPLANDS DR","370157.06165","5023120.82320","-75.66599","45.34499","2017","3/4/2017","2:34:00 PM","01 - Clear","01 - Dry","01 - Traffic signal","02 - Intersection related","01 - Daylight","03 - P.D. only","03 - Rear end"
"7910","HUNT CLUB RD btwn BILLY BISHOP PRIV & HUNT CLUB PL","369586.08640","5022791.13588","-75.67331","45.34208","2017","3/12/2017","1:14:00 PM","01 - Clear","01 - Dry","10 - No control","01 - Non intersection","01 - Daylight","03 - P.D. only","03 - Rear end"
"7911","HUNT CLUB RD btwn BILLY BISHOP PRIV & HUNT CLUB PL","369280.63654","5022679.45275","-75.67723","45.34110","2017","12/28/2017","7:51:00 PM","01 - Clear","06 - Ice","10 - No control","01 - Non intersection","07 - Dark","03 - P.D. only","03 - Rear end"
"7912","HUNT CLUB RD btwn BLOHM DR & HAWTHORNE RD","375453.61499","5026375.45237","-75.59794","45.37376","2017","2/11/2017","3:42:00 PM","03 - Snow","04 - Slush","10 - No control","01 - Non intersection","01 - Daylight","03 - P.D. only","03 - Rear end"
"7913","HUNT CLUB RD btwn CAHILL DR & LORRY GREENBERG DR","372421.24953","5024550.32963","-75.63690","45.35764","2017","6/27/2017","12:23:00 PM","01 - Clear","01 - Dry","10 - No control","01 - Non intersection","01 - Daylight","03 - P.D. only","04 - Sideswipe"
"7914","HUNT CLUB RD btwn CAHILL DR & LORRY GREENBERG DR","372539.17779","5024621.21074","-75.63538","45.35826","2017","1/5/2017","12:15:00 PM","01 - Clear","06 - Ice","10 - No control","01 - Non intersection","01 - Daylight","03 - P.D. only","04 - Sideswipe"
"7915","HUNT CLUB RD btwn CAHILL DR & LORRY GREENBERG DR","372441.51396","5024565.92067","-75.63664","45.35777","2017","2/20/2017","2:14:00 PM","01 - Clear","01 - Dry","10 - No control","01 - Non intersection","01 - Daylight","03 - P.D. only","04 - Sideswipe"
"7916","HUNT CLUB RD btwn CONROY RD & MALAK ST","373823.44149","5025441.70055","-75.61888","45.36552","2017","10/16/2017","12:08:00 PM","01 - Clear","01 - Dry","10 - No control","01 - Non intersection","01 - Daylight","02 - Non-fatal injury","03 - Rear end"
"7917","HUNT CLUB RD btwn CONROY RD & MALAK ST","374103.52990","5025599.86651","-75.61528","45.36692","2017","11/23/2017","5:52:00 PM","01 - Clear","01 - Dry","10 - No control","01 - Non intersection","07 - Dark","03 - P.D. only","04 - Sideswipe"
"7918","HUNT CLUB RD btwn CONROY RD & MALAK ST","373888.52143","5025475.78096","-75.61804","45.36582","2017","1/3/2017","12:00:00 AM","04 - Freezing Rain","04 - Slush","10 - No control","01 - Non intersection","00 - Unknown","03 - P.D. only","04 - Sideswipe"
"7919","HUNT CLUB RD btwn CONROY RD & MALAK ST","373981.46575","5025530.27531","-75.61685","45.36630","2017","4/1/2017","2:25:00 PM","01 - Clear","02 - Wet","10 - No control","01 - Non intersection","01 - Daylight","03 - P.D. only","06 - SMV unattended vehicle"