"Record","Location","X","Y","Longitude","Latitude","Year","Date","Time","Environment","Road_Surface","Traffic_Control","Collision_Location","Light","Collision_Classification","Impact_type"
"7920","HUNT CLUB RD btwn CONROY RD & MALAK ST","373983.47244","5025528.93752","-75.61683","45.36629","2017","2/27/2017","7:07:00 PM","01 - Clear","01 - Dry","10 - No control","01 - Non intersection","07 - Dark","03 - P.D. only","04 - Sideswipe"
"7921","HUNT CLUB RD btwn GIBFORD DR & UPLANDS DR","370147.69710","5023117.47872","-75.66610","45.34496","2017","11/28/2017","1:30:00 PM","01 - Clear","01 - Dry","10 - No control","01 - Non intersection","01 - Daylight","03 - P.D. only","04 - Sideswipe"
"7922","HUNT CLUB RD btwn HUNT CLUB PL & PAUL ANKA DR","369761.08786","5022887.87436","-75.67107","45.34293","2017","3/12/2017","2:29:00 PM","01 - Clear","01 - Dry","10 - No control","01 - Non intersection","01 - Daylight","02 - Non-fatal injury","03 - Rear end"
"7923","HUNT CLUB RD btwn LORRY GREENBERG DR & PIKE ST","372995.57302","5024910.46338","-75.62952","45.36082","2017","10/30/2017","3:46:00 AM","02 - Rain","02 - Wet","10 - No control","01 - Non intersection","07 - Dark","03 - P.D. only","04 - Sideswipe"
"7924","HUNT CLUB RD btwn MCCARTHY RD & RAMP","370610.14433","5023462.66826","-75.66016","45.34802","2017","2/16/2017","4:00:00 PM","01 - Clear","02 - Wet","10 - No control","01 - Non intersection","01 - Daylight","03 - P.D. only","04 - Sideswipe"
"7925","HUNT CLUB RD btwn MOUNTAIN CRES & TURN LANE","371529.47229","5024017.57643","-75.64835","45.35293","2017","3/24/2017","8:31:00 AM","03 - Snow","03 - Loose snow","10 - No control","04 - At/near private drive","01 - Daylight","03 - P.D. only","05 - Turning movement"
"7926","HUNT CLUB RD btwn NORTH BOWESVILLE RD & BILLY BISHOP PRIV","368767.39967","5022373.70126","-75.68381","45.33839","2017","6/23/2017","5:54:00 PM","02 - Rain","02 - Wet","10 - No control","01 - Non intersection","01 - Daylight","03 - P.D. only","03 - Rear end"
"7927","HUNT CLUB RD btwn NORTH BOWESVILLE RD & BILLY BISHOP PRIV","368747.20451","5022361.59365","-75.68407","45.33829","2017","7/20/2017","7:24:00 PM","01 - Clear","01 - Dry","10 - No control","01 - Non intersection","01 - Daylight","03 - P.D. only","03 - Rear end"
"7928","HUNT CLUB RD btwn NORTH BOWESVILLE RD & BILLY BISHOP PRIV","368753.75113","5022364.43257","-75.68399","45.33831","2017","12/12/2017","4:30:00 PM","03 - Snow","05 - Packed snow","10 - No control","01 - Non intersection","05 - Dusk","03 - P.D. only","03 - Rear end"
"7929","HUNT CLUB RD btwn NORTH BOWESVILLE RD & BILLY BISHOP PRIV","368772.50886","5022374.81230","-75.68375","45.33840","2017","11/22/2017","6:18:00 PM","01 - Clear","01 - Dry","10 - No control","01 - Non intersection","07 - Dark","02 - Non-fatal injury","03 - Rear end"
"7930","HUNT CLUB RD btwn NORTH BOWESVILLE RD & BILLY BISHOP PRIV","368845.10455","5022418.70311","-75.68282","45.33879","2017","3/23/2017","4:36:00 PM","01 - Clear","01 - Dry","10 - No control","01 - Non intersection","01 - Daylight","03 - P.D. only","03 - Rear end"
"7931","HUNT CLUB RD btwn NORTH BOWESVILLE RD & BILLY BISHOP PRIV","368768.08815","5022373.79979","-75.68380","45.33840","2017","12/27/2017","7:59:00 AM","01 - Clear","01 - Dry","10 - No control","04 - At/near private drive","01 - Daylight","02 - Non-fatal injury","02 - Angle"
"7932","HUNT CLUB RD btwn PAUL ANKA DR & GIBFORD DR","369874.38072","5022954.34659","-75.66961","45.34352","2017","11/27/2017","5:10:00 PM","01 - Clear","01 - Dry","10 - No control","01 - Non intersection","05 - Dusk","03 - P.D. only","03 - Rear end"
"7933","HUNT CLUB RD btwn RIVERSIDE DR & LINDBERGH PRIV","368213.20573","5022041.67336","-75.69093","45.33546","2017","10/6/2017","1:25:00 PM","01 - Clear","01 - Dry","10 - No control","01 - Non intersection","01 - Daylight","02 - Non-fatal injury","04 - Sideswipe"
"7934","HUNT CLUB RD btwn RIVERSIDE DR & LINDBERGH PRIV","368344.43974","5022123.01962","-75.68924","45.33618","2017","1/24/2017","4:00:00 PM","01 - Clear","04 - Slush","10 - No control","01 - Non intersection","01 - Daylight","03 - P.D. only","03 - Rear end"
"7935","HUNT CLUB RD btwn RIVERSIDE DR & LINDBERGH PRIV","368213.75218","5022040.03402","-75.69092","45.33544","2017","1/19/2017","3:06:00 PM","01 - Clear","02 - Wet","10 - No control","01 - Non intersection","01 - Daylight","03 - P.D. only","03 - Rear end"
"7936","HUNT CLUB RD btwn TURN LANE & RIVERSIDE DR","367947.33621","5021916.58572","-75.69433","45.33436","2017","9/27/2017","8:29:00 AM","01 - Clear","01 - Dry","10 - No control","01 - Non intersection","01 - Daylight","03 - P.D. only","04 - Sideswipe"
"7937","HUNT CLUB RD btwn TURN LANE & TURN LANE (1)","371632.74634","5024171.64767","-75.64701","45.35430","2017","7/12/2017","4:29:00 PM","01 - Clear","01 - Dry","10 - No control","01 - Non intersection","01 - Daylight","03 - P.D. only","04 - Sideswipe"
"7938","HUNT CLUB RD btwn TURN LANE & TURN LANE (1)","371682.32597","5024246.69806","-75.64637","45.35498","2017","1/3/2017","11:53:00 PM","04 - Freezing Rain","06 - Ice","10 - No control","01 - Non intersection","07 - Dark","03 - P.D. only","04 - Sideswipe"
"7939","HUNT CLUB RD btwn WEST HUNT CLUB RD & TURN LANE","367853.09096","5021895.33128","-75.69554","45.33417","2017","11/23/2017","5:15:00 PM","01 - Clear","01 - Dry","10 - No control","01 - Non intersection","07 - Dark","03 - P.D. only","03 - Rear end"
"7940","HUNT CLUB RD btwn WEST HUNT CLUB RD & TURN LANE","367847.73979","5021895.33128","-75.69561","45.33417","2017","3/21/2017","2:47:00 PM","01 - Clear","01 - Dry","10 - No control","01 - Non intersection","01 - Daylight","03 - P.D. only","04 - Sideswipe"
"7941","HUNT CLUB RD EB btwn 275 E OF HAWTHORNE RD/OC TRANSPO TURNAROUND & HAWTHORNE RD","375680.07800","5026499.62200","-75.59503","45.37485","2017","8/5/2017","2:02:00 AM","01 - Clear","01 - Dry","10 - No control","01 - Non intersection","07 - Dark","03 - P.D. only","03 - Rear end"
"7942","HUNT CLUB RD EB btwn 275 E OF HAWTHORNE RD/OC TRANSPO TURNAROUND & HAWTHORNE RD","375562.19300","5026431.36100","-75.59655","45.37425","2017","10/29/2017","7:41:00 PM","02 - Rain","02 - Wet","10 - No control","01 - Non intersection","07 - Dark","03 - P.D. only","04 - Sideswipe"
"7943","HUNT CLUB RD EB btwn 275 E OF HAWTHORNE RD/OC TRANSPO TURNAROUND & HWY417 HUNT CLUB IC108 RAMP25","376439.77000","5027546.65200","-75.58518","45.38420","2017","5/18/2017","4:20:00 PM","01 - Clear","01 - Dry","10 - No control","01 - Non intersection","01 - Daylight","03 - P.D. only","05 - Turning movement"
"7944","HUNT CLUB RD EB btwn 275 E OF HAWTHORNE RD/OC TRANSPO TURNAROUND & HWY417 HUNT CLUB IC108 RAMP25","376444.64900","5027609.80500","-75.58511","45.38476","2017","8/10/2017","9:40:00 AM","01 - Clear","01 - Dry","10 - No control","07 - Overpass or bridge","01 - Daylight","03 - P.D. only","03 - Rear end"
"7945","HUNT CLUB RD WB btwn 275 E OF HAWTHORNE RD/OC TRANSPO TURNAROUND & HAWTHORNE RD","375692.82300","5026522.24100","-75.59486","45.37506","2017","6/21/2017","4:59:00 PM","01 - Clear","01 - Dry","10 - No control","01 - Non intersection","01 - Daylight","02 - Non-fatal injury","06 - SMV unattended vehicle"
"7946","HUNT CLUB RD WB btwn 275 E OF HAWTHORNE RD/OC TRANSPO TURNAROUND & HAWTHORNE RD","375678.39600","5026514.03200","-75.59505","45.37498","2017","4/20/2017","11:48:00 PM","02 - Rain","02 - Wet","10 - No control","01 - Non intersection","07 - Dark","03 - P.D. only","04 - Sideswipe"
"7947","HUNT CLUB RD/AIRPORT PKWY/HUNT CLUB RD RAMP 53","370949.29723","5023662.86442","-75.65580","45.34979","2017","3/3/2017","5:37:00 PM","01 - Clear","01 - Dry","02 - Stop sign","02 - Intersection related","01 - Daylight","02 - Non-fatal injury","07 - SMV other"
"7948","HUNTER'S GLEN CRES btwn LORRY GREENBERG DR & STREAMWOOD LANE","372591.26495","5025079.82069","-75.63466","45.36238","2017","12/25/2017","6:00:00 PM","01 - Clear","03 - Loose snow","10 - No control","01 - Non intersection","07 - Dark","03 - P.D. only","06 - SMV unattended vehicle"
"7949","HUNTER'S GLEN CRES btwn STREAMWOOD LANE & LORRY GREENBERG DR","372604.83257","5024957.61162","-75.63450","45.36128","2017","3/9/2017","6:58:00 PM","01 - Clear","01 - Dry","10 - No control","01 - Non intersection","07 - Dark","02 - Non-fatal injury","06 - SMV unattended vehicle"
"7950","HUNTER'S GLEN CRES btwn STREAMWOOD LANE & STREAMWOOD LANE","372478.91649","5025013.70359","-75.63610","45.36180","2017","8/4/2017","5:27:00 PM","01 - Clear","01 - Dry","10 - No control","01 - Non intersection","01 - Daylight","03 - P.D. only","06 - SMV unattended vehicle"
"7951","HUNTER'S POINT CRES btwn FOX HOLLOW CRES & BRIDLE PATH DR","371548.41863","5023447.74373","-75.64819","45.34780","2017","1/16/2017","10:10:00 AM","01 - Clear","06 - Ice","10 - No control","01 - Non intersection","01 - Daylight","03 - P.D. only","06 - SMV unattended vehicle"
"7952","HUNTER'S RUN DR @ JEANNE D'ARC BLVD","380567.29724","5036175.22360","-75.53115","45.46140","2017","8/8/2017","1:15:00 PM","01 - Clear","01 - Dry","01 - Traffic signal","02 - Intersection related","01 - Daylight","03 - P.D. only","03 - Rear end"
"7953","HUNTER'S RUN DR @ JEANNE D'ARC BLVD","380567.48527","5036174.27548","-75.53115","45.46139","2017","7/9/2017","11:55:00 AM","01 - Clear","01 - Dry","01 - Traffic signal","02 - Intersection related","01 - Daylight","03 - P.D. only","04 - Sideswipe"
"7954","HUNTER'S RUN DR @ JEANNE D'ARC BLVD","380568.75054","5036173.23451","-75.53113","45.46138","2017","2/24/2017","7:45:00 AM","01 - Clear","06 - Ice","01 - Traffic signal","02 - Intersection related","01 - Daylight","03 - P.D. only","03 - Rear end"
"7955","HUNTER'S RUN DR @ JEANNE D'ARC BLVD","380568.08165","5036173.90340","-75.53114","45.46138","2017","3/15/2017","7:05:00 AM","03 - Snow","03 - Loose snow","01 - Traffic signal","03 - At intersection","01 - Daylight","03 - P.D. only","07 - SMV other"
"7956","HUNTER'S RUN DR @ JEANNE D'ARC BLVD","380567.31581","5036174.55186","-75.53115","45.46139","2017","12/21/2017","8:39:00 AM","01 - Clear","02 - Wet","01 - Traffic signal","02 - Intersection related","01 - Daylight","03 - P.D. only","03 - Rear end"
"7957","HUNTERSFIELD DR @ PIKE ST","373226.73796","5025208.85129","-75.62653","45.36348","2017","11/10/2017","3:57:00 PM","01 - Clear","01 - Dry","01 - Traffic signal","03 - At intersection","01 - Daylight","03 - P.D. only","02 - Angle"
"7958","HUNTERSFIELD DR btwn LORRY GREENBERG DR & THORNHEDGE CRT","373448.05762","5025542.23354","-75.62366","45.36646","2017","12/17/2017","12:00:00 AM","03 - Snow","06 - Ice","10 - No control","01 - Non intersection","00 - Unknown","03 - P.D. only","06 - SMV unattended vehicle"
"7959","HUNTERSFIELD DR btwn NEWPORT CRES & END","372916.22338","5025029.58195","-75.63052","45.36190","2017","12/17/2017","12:00:00 AM","01 - Clear","05 - Packed snow","10 - No control","01 - Non intersection","00 - Unknown","03 - P.D. only","06 - SMV unattended vehicle"
"7960","HUNTERSWOOD CRES btwn FOLKWAY GT (2) & HUNTERSWOOD CRES","375137.60418","5026784.96297","-75.60191","45.37748","2017","1/28/2017","6:00:00 PM","03 - Snow","03 - Loose snow","10 - No control","01 - Non intersection","07 - Dark","03 - P.D. only","06 - SMV unattended vehicle"
"7961","HUNTLEY RD @ FALLOWFIELD RD","352403.92415","5009614.71920","-75.89381","45.22489","2017","3/7/2017","12:00:00 PM","02 - Rain","02 - Wet","02 - Stop sign","03 - At intersection","01 - Daylight","03 - P.D. only","02 - Angle"
"7962","HUNTLEY RD btwn FALLOWFIELD RD & MANSFIELD RD","352714.08719","5009221.79778","-75.88990","45.22133","2017","9/25/2017","5:39:00 AM","01 - Clear","01 - Dry","10 - No control","01 - Non intersection","07 - Dark","02 - Non-fatal injury","07 - SMV other"
"7963","HUNTLEY RD btwn GARVIN RD & MOORE ST","356432.30167","5006887.50527","-75.84280","45.20006","2017","9/27/2017","1:01:00 AM","01 - Clear","01 - Dry","10 - No control","01 - Non intersection","07 - Dark","03 - P.D. only","07 - SMV other"
"7964","HUNTLEY RD btwn MANSFIELD RD & BROWNLEE RD","353703.66229","5008416.06918","-75.87738","45.21401","2017","12/15/2017","10:05:00 AM","01 - Clear","05 - Packed snow","10 - No control","01 - Non intersection","01 - Daylight","03 - P.D. only","07 - SMV other"
"7965","HUNTMAR DR @ OLD CARP RD","345201.43017","5022383.63253","-75.98448","45.34024","2017","1/12/2017","7:00:00 AM","07 - Fog, mist, smoke, dust","02 - Wet","02 - Stop sign","02 - Intersection related","07 - Dark","03 - P.D. only","07 - SMV other"
"7966","HUNTMAR DR @ PAINE AVE","348757.85920","5018383.54700","-75.93946","45.30403","2017","10/30/2017","8:01:00 AM","02 - Rain","02 - Wet","02 - Stop sign","02 - Intersection related","01 - Daylight","03 - P.D. only","07 - SMV other"
"7967","HUNTMAR DR @ PALLADIUM DR S","349677.27884","5017364.76750","-75.92783","45.29480","2017","6/25/2017","2:19:00 PM","01 - Clear","01 - Dry","01 - Traffic signal","02 - Intersection related","01 - Daylight","03 - P.D. only","03 - Rear end"
"7968","HUNTMAR DR @ PALLADIUM DR S","349677.16994","5017365.45510","-75.92783","45.29481","2017","7/22/2017","6:40:00 PM","01 - Clear","01 - Dry","01 - Traffic signal","02 - Intersection related","01 - Daylight","03 - P.D. only","07 - SMV other"
"7969","HUNTMAR DR @ PALLADIUM DR S","349676.07997","5017364.25297","-75.92785","45.29480","2017","10/8/2017","9:49:00 AM","01 - Clear","01 - Dry","01 - Traffic signal","03 - At intersection","01 - Daylight","03 - P.D. only","03 - Rear end"
"7970","HUNTMAR DR @ PALLADIUM DR S","349676.07997","5017365.19971","-75.92785","45.29481","2017","9/23/2017","3:17:00 PM","01 - Clear","01 - Dry","01 - Traffic signal","03 - At intersection","01 - Daylight","03 - P.D. only","05 - Turning movement"
"7971","HUNTMAR DR @ PALLADIUM DR S","349674.65081","5017365.67535","-75.92786","45.29481","2017","12/12/2017","3:30:00 PM","03 - Snow","03 - Loose snow","01 - Traffic signal","03 - At intersection","01 - Daylight","03 - P.D. only","02 - Angle"
"7972","HUNTMAR DR @ PALLADIUM DR S","349675.60660","5017365.67309","-75.92785","45.29481","2017","11/4/2017","3:07:00 PM","01 - Clear","01 - Dry","01 - Traffic signal","03 - At intersection","01 - Daylight","03 - P.D. only","03 - Rear end"
"7973","HUNTMAR DR @ PALLADIUM DR S","349676.07997","5017365.19971","-75.92785","45.29481","2017","1/24/2017","5:15:00 PM","03 - Snow","06 - Ice","01 - Traffic signal","02 - Intersection related","05 - Dusk","03 - P.D. only","03 - Rear end"
"7974","HUNTMAR DR @ PALLADIUM DR S","349677.32334","5017365.43640","-75.92783","45.29481","2017","1/8/2017","10:09:00 PM","01 - Clear","03 - Loose snow","01 - Traffic signal","02 - Intersection related","07 - Dark","03 - P.D. only","03 - Rear end"
"7975","HUNTMAR DR @ PALLADIUM DR S","349676.55335","5017365.19971","-75.92784","45.29481","2017","1/17/2017","7:45:00 PM","03 - Snow","03 - Loose snow","01 - Traffic signal","03 - At intersection","07 - Dark","02 - Non-fatal injury","05 - Turning movement"
"7976","HUNTMAR DR @ PALLADIUM DR S","349676.07997","5017366.14646","-75.92785","45.29482","2017","12/22/2017","6:57:00 PM","03 - Snow","03 - Loose snow","01 - Traffic signal","02 - Intersection related","07 - Dark","03 - P.D. only","03 - Rear end"
"7977","HUNTMAR DR @ PALLADIUM DR S","349676.56239","5017364.71955","-75.92784","45.29480","2017","12/30/2017","10:50:00 PM","01 - Clear","06 - Ice","01 - Traffic signal","02 - Intersection related","07 - Dark","03 - P.D. only","04 - Sideswipe"
"7978","HUNTMAR DR @ RICHARDSON SIDE RD","348208.11193","5018981.75244","-75.94642","45.30945","2017","11/28/2017","4:02:00 PM","01 - Clear","02 - Wet","02 - Stop sign","02 - Intersection related","01 - Daylight","03 - P.D. only","07 - SMV other"
"7979","HUNTMAR DR @ RICHARDSON SIDE RD","348207.58196","5018983.13140","-75.94643","45.30946","2017","11/27/2017","1:24:00 PM","03 - Snow","02 - Wet","02 - Stop sign","02 - Intersection related","01 - Daylight","03 - P.D. only","03 - Rear end"
"7980","HUNTMAR DR btwn AUTOPARK PRIV & PALLADIUM DR","349549.89667","5017508.24797","-75.92944","45.29610","2017","11/25/2017","10:10:00 PM","02 - Rain","02 - Wet","10 - No control","04 - At/near private drive","99 - Other","03 - P.D. only","02 - Angle"
"7981","HUNTMAR DR btwn OLD CARP RD & BRADLEY SIDE RD","345863.17576","5021623.95216","-75.97610","45.33336","2017","8/9/2017","1:09:00 PM","01 - Clear","01 - Dry","10 - No control","01 - Non intersection","01 - Daylight","03 - P.D. only","07 - SMV other"
"7982","HUNTMAR DR btwn PALLADIUM DR & MAPLE GROVE RD","349983.06411","5017019.86149","-75.92396","45.29168","2017","6/7/2017","8:17:00 AM","01 - Clear","01 - Dry","10 - No control","01 - Non intersection","01 - Daylight","03 - P.D. only","03 - Rear end"
"7983","HUNTMAR DR btwn PALLADIUM DR & MAPLE GROVE RD","349773.74558","5017248.80363","-75.92661","45.29375","2017","4/27/2017","1:09:00 PM","01 - Clear","01 - Dry","10 - No control","01 - Non intersection","01 - Daylight","03 - P.D. only","03 - Rear end"
"7984","HUNTMAR DR btwn PALLADIUM DR & MAPLE GROVE RD","350239.84580","5016745.56042","-75.92072","45.28920","2017","5/2/2017","4:10:00 PM","02 - Rain","02 - Wet","10 - No control","01 - Non intersection","01 - Daylight","03 - P.D. only","04 - Sideswipe"
"7985","HUNTMAR DR btwn PALLADIUM DR & MAPLE GROVE RD","349799.27883","5017226.11634","-75.92629","45.29355","2017","7/19/2017","12:08:00 PM","01 - Clear","01 - Dry","10 - No control","01 - Non intersection","01 - Daylight","02 - Non-fatal injury","01 - Approaching"
"7986","HUNTMAR DR btwn PALLADIUM DR & MAPLE GROVE RD","349998.39301","5017011.87348","-75.92377","45.29161","2017","7/12/2017","5:22:00 PM","01 - Clear","01 - Dry","10 - No control","01 - Non intersection","01 - Daylight","03 - P.D. only","03 - Rear end"
"7987","HUNTMAR DR btwn PALLADIUM DR & MAPLE GROVE RD","349801.99713","5017225.55474","-75.92625","45.29354","2017","10/20/2017","6:51:00 PM","01 - Clear","01 - Dry","10 - No control","04 - At/near private drive","05 - Dusk","02 - Non-fatal injury","02 - Angle"
"7988","HUNTMAR DR btwn PALLADIUM DR & MAPLE GROVE RD","349877.26340","5017143.66125","-75.92530","45.29280","2017","12/29/2017","5:33:00 PM","01 - Clear","06 - Ice","10 - No control","01 - Non intersection","07 - Dark","03 - P.D. only","03 - Rear end"
"7989","HUNTMAR DR btwn RICHARDSON SIDE RD & HUNTMAR DR","348309.42162","5018870.87349","-75.94514","45.30844","2017","11/27/2017","9:01:00 PM","01 - Clear","01 - Dry","10 - No control","01 - Non intersection","07 - Dark","03 - P.D. only","07 - SMV other"
"7990","HUNTMAR DR btwn TERRACE RIDGE DR & OLD CARP RD","344823.84564","5022819.10169","-75.98927","45.34418","2017","12/23/2017","2:01:00 AM","03 - Snow","03 - Loose snow","10 - No control","01 - Non intersection","07 - Dark","03 - P.D. only","07 - SMV other"
"7991","HURON AVE   N btwn SCOTT ST & SPENCER ST","364675.85820","5029531.82041","-75.73515","45.40316","2017","1/4/2017","10:00:00 AM","03 - Snow","03 - Loose snow","10 - No control","01 - Non intersection","01 - Daylight","03 - P.D. only","06 - SMV unattended vehicle"
"7992","HURON AVE @ SPENCER ST","364756.89178","5029338.61670","-75.73413","45.40142","2017","2/3/2017","12:19:00 PM","01 - Clear","02 - Wet","02 - Stop sign","03 - At intersection","01 - Daylight","03 - P.D. only","02 - Angle"
"7993","HURON AVE @ SPENCER ST","364756.78931","5029337.83960","-75.73414","45.40141","2017","3/5/2017","4:20:00 PM","01 - Clear","01 - Dry","02 - Stop sign","03 - At intersection","01 - Daylight","03 - P.D. only","02 - Angle"
"7994","HWY 416 ACRES IC75R24 @ HOLLY ACRES RD","358757.36747","5022866.49889","-75.81147","45.34367","2017","9/14/2017","7:47:00 AM","01 - Clear","01 - Dry","01 - Traffic signal","02 - Intersection related","01 - Daylight","03 - P.D. only","03 - Rear end"
"7995","HWY 416 ACRES IC75R24 @ HOLLY ACRES RD","358757.99531","5022870.94667","-75.81146","45.34371","2017","3/31/2017","12:37:00 PM","01 - Clear","02 - Wet","01 - Traffic signal","03 - At intersection","01 - Daylight","03 - P.D. only","04 - Sideswipe"
"7996","HWY 416 ACRES IC75R24 @ HOLLY ACRES RD","358756.55226","5022866.53093","-75.81148","45.34367","2017","4/10/2017","3:25:00 PM","01 - Clear","01 - Dry","01 - Traffic signal","02 - Intersection related","01 - Daylight","03 - P.D. only","03 - Rear end"
"7997","HWY 416 ROGERSTE IC49R42 @ ROGER STEVENS DR","369375.39125","5001080.25573","-75.67882","45.14674","2017","6/14/2017","8:30:00 PM","01 - Clear","01 - Dry","10 - No control","02 - Intersection related","05 - Dusk","03 - P.D. only","07 - SMV other"
"7998","HWY 416 WESTHUNT IC72R34 @ WEST HUNT CLUB RD","359371.04258","5019362.21362","-75.80403","45.31209","2017","5/24/2017","6:11:00 PM","01 - Clear","01 - Dry","01 - Traffic signal","02 - Intersection related","01 - Daylight","03 - P.D. only","03 - Rear end"
"7999","HWY 416 WESTHUNT IC72R34 @ WEST HUNT CLUB RD","359371.62636","5019359.82495","-75.80402","45.31207","2017","5/31/2017","9:55:00 AM","01 - Clear","01 - Dry","01 - Traffic signal","02 - Intersection related","01 - Daylight","03 - P.D. only","03 - Rear end"
"8000","HWY 416 WESTHUNT IC72R34 @ WEST HUNT CLUB RD","359371.46209","5019361.22830","-75.80402","45.31208","2017","9/15/2017","3:54:00 PM","01 - Clear","01 - Dry","01 - Traffic signal","02 - Intersection related","01 - Daylight","03 - P.D. only","03 - Rear end"
"8001","HWY 416 WESTHUNT IC72R34 @ WEST HUNT CLUB RD","359370.28148","5019363.08949","-75.80404","45.31210","2017","1/30/2017","7:29:00 AM","01 - Clear","01 - Dry","01 - Traffic signal","02 - Intersection related","03 - Dawn","03 - P.D. only","03 - Rear end"
"8002","HWY 416 WESTHUNT IC72R34 @ WEST HUNT CLUB RD","359370.19542","5019360.72936","-75.80404","45.31208","2017","5/15/2017","4:25:00 PM","01 - Clear","01 - Dry","01 - Traffic signal","02 - Intersection related","01 - Daylight","03 - P.D. only","03 - Rear end"
"8003","HWY 417 CASTLEFR IC139R61 @ KANATA AVE","351616.73669","5019225.95766","-75.90293","45.31142","2017","5/17/2017","4:00:00 PM","01 - Clear","01 - Dry","01 - Traffic signal","02 - Intersection related","01 - Daylight","03 - P.D. only","03 - Rear end"
"8004","HWY 417 CASTLEFR IC139R61 @ KANATA AVE","351615.30497","5019224.93602","-75.90295","45.31142","2017","9/24/2017","1:38:00 PM","01 - Clear","01 - Dry","01 - Traffic signal","03 - At intersection","01 - Daylight","03 - P.D. only","05 - Turning movement"
"8005","HWY 417 CASTLEFR IC139R61 @ KANATA AVE","351616.47417","5019225.25999","-75.90293","45.31142","2017","9/8/2017","10:42:00 AM","01 - Clear","01 - Dry","01 - Traffic signal","03 - At intersection","01 - Daylight","03 - P.D. only","02 - Angle"
"8006","HWY 417 CASTLEFR IC139R61 @ KANATA AVE","351615.64609","5019223.47022","-75.90294","45.31140","2017","11/2/2017","6:12:00 PM","02 - Rain","02 - Wet","01 - Traffic signal","02 - Intersection related","07 - Dark","02 - Non-fatal injury","07 - SMV other"
"8007","HWY 417 CASTLEFR IC139R61 @ KANATA AVE","351617.00808","5019225.12125","-75.90293","45.31142","2017","12/14/2017","3:27:00 PM","01 - Clear","01 - Dry","01 - Traffic signal","03 - At intersection","01 - Daylight","03 - P.D. only","02 - Angle"
"8008","HWY 417 CASTLEFR IC139R61 @ KANATA AVE","351616.79853","5019225.09392","-75.90293","45.31142","2017","1/29/2017","4:12:00 PM","01 - Clear","02 - Wet","01 - Traffic signal","02 - Intersection related","05 - Dusk","02 - Non-fatal injury","03 - Rear end"
"8009","HWY 417 CASTLEFR IC139R61 @ KANATA AVE","351616.06780","5019224.61987","-75.90294","45.31141","2017","4/16/2017","3:50:00 PM","02 - Rain","02 - Wet","01 - Traffic signal","03 - At intersection","01 - Daylight","03 - P.D. only","07 - SMV other"
"8010","HWY 417 CASTLEFR IC139R61 @ KANATA AVE","351619.22845","5019224.36064","-75.90290","45.31141","2017","3/17/2017","9:15:00 PM","01 - Clear","01 - Dry","01 - Traffic signal","02 - Intersection related","07 - Dark","03 - P.D. only","04 - Sideswipe"
"8011","HWY 417 CTYRD 29 IC180R61 @ COUNTY RD 29","318385.39530","5031234.99151","-76.32641","45.42092","2017","3/24/2017","6:34:00 AM","03 - Snow","03 - Loose snow","02 - Stop sign","03 - At intersection","01 - Daylight","03 - P.D. only","02 - Angle"
"8012","HWY 417 INNES IC112R57 @ INNES RD","374298.81528","5030754.91454","-75.61206","45.41328","2017","8/10/2017","3:56:00 PM","01 - Clear","01 - Dry","01 - Traffic signal","02 - Intersection related","01 - Daylight","03 - P.D. only","04 - Sideswipe"
"8013","HWY 417 INNES IC112R57 @ INNES RD","374298.60473","5030753.95990","-75.61207","45.41327","2017","6/7/2017","5:08:00 PM","01 - Clear","01 - Dry","01 - Traffic signal","02 - Intersection related","01 - Daylight","03 - P.D. only","03 - Rear end"
"8014","HWY 417 INNES IC112R57 @ INNES RD","374299.34106","5030754.54868","-75.61206","45.41328","2017","6/21/2017","4:54:00 PM","01 - Clear","01 - Dry","01 - Traffic signal","02 - Intersection related","01 - Daylight","03 - P.D. only","03 - Rear end"
"8015","HWY 417 INNES IC112R57 @ INNES RD","374299.72472","5030754.19273","-75.61205","45.41327","2017","6/26/2017","3:56:00 PM","01 - Clear","01 - Dry","01 - Traffic signal","02 - Intersection related","01 - Daylight","03 - P.D. only","03 - Rear end"
"8016","HWY 417 INNES IC112R57 @ INNES RD","374299.15162","5030754.06123","-75.61206","45.41327","2017","7/8/2017","4:44:00 PM","01 - Clear","01 - Dry","01 - Traffic signal","03 - At intersection","01 - Daylight","03 - P.D. only","02 - Angle"
"8017","HWY 417 INNES IC112R57 @ INNES RD","374299.34894","5030754.19273","-75.61206","45.41327","2017","7/7/2017","3:49:00 PM","01 - Clear","01 - Dry","01 - Traffic signal","02 - Intersection related","01 - Daylight","03 - P.D. only","03 - Rear end"
"8018","HWY 417 INNES IC112R57 @ INNES RD","374298.52670","5030754.58735","-75.61207","45.41328","2017","11/15/2017","8:46:00 PM","01 - Clear","01 - Dry","01 - Traffic signal","03 - At intersection","07 - Dark","03 - P.D. only","02 - Angle"
"8019","HWY 417 INNES IC112R57 @ INNES RD","374299.03443","5030753.99039","-75.61206","45.41327","2017","12/6/2017","3:53:00 PM","01 - Clear","01 - Dry","01 - Traffic signal","02 - Intersection related","01 - Daylight","02 - Non-fatal injury","03 - Rear end"
"8020","HWY 417 INNES IC112R57 @ INNES RD","374298.99637","5030755.04195","-75.61206","45.41328","2017","1/31/2017","4:30:00 PM","01 - Clear","01 - Dry","01 - Traffic signal","03 - At intersection","01 - Daylight","03 - P.D. only","02 - Angle"
"8021","HWY 417 INNES IC112R57 @ INNES RD","374299.98480","5030753.27970","-75.61205","45.41326","2017","1/9/2017","7:03:00 AM","01 - Clear","02 - Wet","01 - Traffic signal","02 - Intersection related","03 - Dawn","03 - P.D. only","03 - Rear end"
"8022","HWY 417 INNES IC112R57 @ INNES RD","374298.74139","5030753.47836","-75.61207","45.41327","2017","1/17/2017","7:10:00 PM","01 - Clear","01 - Dry","01 - Traffic signal","03 - At intersection","07 - Dark","03 - P.D. only","02 - Angle"