"Record","Location","X","Y","Longitude","Latitude","Year","Date","Time","Environment","Road_Surface","Traffic_Control","Collision_Location","Light","Collision_Classification","Impact_type"
"8023","HWY 417 INNES IC112R57 @ INNES RD","374298.85169","5030754.32846","-75.61206","45.41327","2017","4/4/2017","5:53:00 PM","02 - Rain","02 - Wet","01 - Traffic signal","02 - Intersection related","01 - Daylight","02 - Non-fatal injury","03 - Rear end"
"8024","HWY 417 INNES IC112R68 @ INNES RD","374641.30140","5030920.82279","-75.60767","45.41474","2017","9/7/2017","11:36:00 PM","01 - Clear","02 - Wet","01 - Traffic signal","03 - At intersection","07 - Dark","02 - Non-fatal injury","02 - Angle"
"8025","HWY 417 INNES IC112R68 @ INNES RD","374640.94235","5030921.57030","-75.60767","45.41474","2017","10/27/2017","10:59:00 AM","01 - Clear","01 - Dry","01 - Traffic signal","03 - At intersection","01 - Daylight","03 - P.D. only","04 - Sideswipe"
"8026","HWY 417 INNES IC112R68 @ INNES RD","374640.82297","5030921.51434","-75.60767","45.41474","2017","2/12/2017","4:25:00 PM","03 - Snow","05 - Packed snow","01 - Traffic signal","03 - At intersection","01 - Daylight","03 - P.D. only","04 - Sideswipe"
"8027","HWY 417 MAITLAND IC126R26/62 @ MAITLAND AVE","363145.82832","5025983.96319","-75.75511","45.37137","2017","5/6/2017","3:31:00 PM","02 - Rain","02 - Wet","01 - Traffic signal","02 - Intersection related","01 - Daylight","03 - P.D. only","03 - Rear end"
"8028","HWY 417 MAITLAND IC126R26/62 @ MAITLAND AVE","363145.30862","5025983.18363","-75.75512","45.37136","2017","5/21/2017","11:32:00 PM","02 - Rain","02 - Wet","01 - Traffic signal","03 - At intersection","07 - Dark","02 - Non-fatal injury","05 - Turning movement"
"8029","HWY 417 MAITLAND IC126R26/62 @ MAITLAND AVE","363146.08817","5025983.70333","-75.75511","45.37137","2017","6/2/2017","9:58:00 AM","01 - Clear","01 - Dry","01 - Traffic signal","02 - Intersection related","01 - Daylight","03 - P.D. only","03 - Rear end"
"8030","HWY 417 MAITLAND IC126R26/62 @ MAITLAND AVE","363145.88898","5025981.71941","-75.75511","45.37135","2017","5/31/2017","5:45:00 PM","02 - Rain","02 - Wet","01 - Traffic signal","02 - Intersection related","01 - Daylight","03 - P.D. only","03 - Rear end"
"8031","HWY 417 MAITLAND IC126R26/62 @ MAITLAND AVE","363145.57899","5025984.09421","-75.75511","45.37137","2017","8/27/2017","12:53:00 PM","01 - Clear","01 - Dry","01 - Traffic signal","03 - At intersection","01 - Daylight","02 - Non-fatal injury","02 - Angle"
"8032","HWY 417 MAITLAND IC126R26/62 @ MAITLAND AVE","363146.94181","5025984.35211","-75.75509","45.37137","2017","8/18/2017","7:08:00 AM","02 - Rain","02 - Wet","01 - Traffic signal","02 - Intersection related","01 - Daylight","03 - P.D. only","03 - Rear end"
"8033","HWY 417 MAITLAND IC126R26/62 @ MAITLAND AVE","363145.52650","5025983.22361","-75.75511","45.37136","2017","9/24/2017","11:46:00 AM","01 - Clear","01 - Dry","01 - Traffic signal","03 - At intersection","01 - Daylight","03 - P.D. only","05 - Turning movement"
"8034","HWY 417 MAITLAND IC126R26/62 @ MAITLAND AVE","363146.07818","5025983.26067","-75.75511","45.37136","2017","10/18/2017","10:44:00 AM","01 - Clear","01 - Dry","01 - Traffic signal","02 - Intersection related","01 - Daylight","03 - P.D. only","05 - Turning movement"
"8035","HWY 417 MAITLAND IC126R26/62 @ MAITLAND AVE","363145.82104","5025983.30469","-75.75511","45.37136","2017","10/4/2017","5:45:00 PM","02 - Rain","02 - Wet","01 - Traffic signal","03 - At intersection","01 - Daylight","03 - P.D. only","05 - Turning movement"
"8036","HWY 417 MAITLAND IC126R26/62 @ MAITLAND AVE","363146.48566","5025985.36678","-75.75510","45.37138","2017","10/12/2017","4:55:00 PM","01 - Clear","01 - Dry","01 - Traffic signal","02 - Intersection related","01 - Daylight","03 - P.D. only","03 - Rear end"
"8037","HWY 417 MAITLAND IC126R26/62 @ MAITLAND AVE","363145.66755","5025983.45675","-75.75511","45.37136","2017","9/6/2017","5:20:00 PM","01 - Clear","01 - Dry","01 - Traffic signal","02 - Intersection related","01 - Daylight","02 - Non-fatal injury","03 - Rear end"
"8038","HWY 417 MAITLAND IC126R26/62 @ MAITLAND AVE","363146.31146","5025983.97010","-75.75510","45.37137","2017","11/2/2017","3:20:00 PM","03 - Snow","02 - Wet","01 - Traffic signal","02 - Intersection related","01 - Daylight","03 - P.D. only","03 - Rear end"
"8039","HWY 417 MAITLAND IC126R26/62 @ MAITLAND AVE","363146.30175","5025983.36322","-75.75510","45.37136","2017","11/23/2017","3:00:00 PM","01 - Clear","01 - Dry","01 - Traffic signal","02 - Intersection related","01 - Daylight","03 - P.D. only","03 - Rear end"
"8040","HWY 417 MAITLAND IC126R26/62 @ MAITLAND AVE","363146.34997","5025983.06321","-75.75510","45.37136","2017","1/26/2017","7:28:00 PM","01 - Clear","02 - Wet","01 - Traffic signal","03 - At intersection","07 - Dark","03 - P.D. only","05 - Turning movement"
"8041","HWY 417 MAITLAND IC126R26/62 @ MAITLAND AVE","363146.45377","5025983.25838","-75.75510","45.37136","2017","3/16/2017","6:52:00 PM","05 - Drifting Snow","06 - Ice","01 - Traffic signal","03 - At intersection","07 - Dark","03 - P.D. only","05 - Turning movement"
"8042","HWY 417 MAITLAND IC126R26/62 @ MAITLAND AVE","363145.73092","5025983.58850","-75.75511","45.37137","2017","12/24/2017","6:55:00 PM","03 - Snow","03 - Loose snow","01 - Traffic signal","03 - At intersection","07 - Dark","03 - P.D. only","02 - Angle"
"8043","HWY 417 MAITLAND IC126R26/62 @ MAITLAND AVE","363146.17165","5025983.92837","-75.75510","45.37137","2017","12/18/2017","5:56:00 PM","03 - Snow","05 - Packed snow","01 - Traffic signal","03 - At intersection","07 - Dark","03 - P.D. only","01 - Approaching"
"8044","HWY 417 MAITLAND IC126R52 @ MAITLAND AVE","363205.70912","5025833.70480","-75.75436","45.37001","2017","11/21/2017","12:04:00 PM","01 - Clear","01 - Dry","03 - Yield sign","02 - Intersection related","01 - Daylight","02 - Non-fatal injury","03 - Rear end"
"8045","HWY 417 MAITLAND IC126R52 @ MAITLAND AVE","363205.20595","5025834.62369","-75.75437","45.37002","2017","8/18/2017","12:57:00 PM","01 - Clear","01 - Dry","03 - Yield sign","02 - Intersection related","01 - Daylight","03 - P.D. only","03 - Rear end"
"8046","HWY 417 MAITLAND IC126R52 @ MAITLAND AVE","363205.41621","5025832.77323","-75.75437","45.37000","2017","1/30/2017","7:38:00 AM","01 - Clear","01 - Dry","03 - Yield sign","02 - Intersection related","03 - Dawn","03 - P.D. only","03 - Rear end"
"8047","HWY 417 MAITLAND IC126R52 @ MAITLAND AVE","363205.49325","5025833.84493","-75.75436","45.37001","2017","5/25/2017","1:59:00 PM","01 - Clear","01 - Dry","03 - Yield sign","02 - Intersection related","01 - Daylight","03 - P.D. only","03 - Rear end"
"8048","HWY 417 MARCH IC155R61 @ MARCH RD","339741.46935","5019502.50440","-76.05435","45.31460","2017","11/23/2017","10:07:00 AM","01 - Clear","01 - Dry","02 - Stop sign","03 - At intersection","01 - Daylight","02 - Non-fatal injury","02 - Angle"
"8049","HWY 417 MOODIE IC134R52 @ MOODIE DR","356458.52275","5022039.32826","-75.84089","45.33640","2017","7/30/2017","11:42:00 AM","01 - Clear","01 - Dry","01 - Traffic signal","02 - Intersection related","01 - Daylight","03 - P.D. only","02 - Angle"
"8050","HWY 417 MOODIE IC134R52 @ MOODIE DR","356459.42060","5022042.94096","-75.84088","45.33643","2017","10/24/2017","9:42:00 AM","02 - Rain","02 - Wet","01 - Traffic signal","02 - Intersection related","01 - Daylight","03 - P.D. only","04 - Sideswipe"
"8051","HWY 417 PALLADI IC142R36 @ PALLADIUM DR","348774.13880","5017374.37454","-75.93934","45.29495","2017","12/8/2017","12:04:00 PM","01 - Clear","01 - Dry","01 - Traffic signal","02 - Intersection related","01 - Daylight","03 - P.D. only","02 - Angle"
"8052","HWY 417 PALLADI IC142R36 @ PALLADIUM DR","348773.72360","5017374.11966","-75.93935","45.29494","2017","11/1/2017","5:18:00 PM","02 - Rain","02 - Wet","01 - Traffic signal","03 - At intersection","05 - Dusk","03 - P.D. only","05 - Turning movement"
"8053","HWY 417 PALLADI IC142R36 @ PALLADIUM DR","348773.27553","5017374.66985","-75.93936","45.29495","2017","12/29/2017","2:40:00 PM","01 - Clear","01 - Dry","01 - Traffic signal","02 - Intersection related","01 - Daylight","03 - P.D. only","04 - Sideswipe"
"8054","HWY 417 RIVERSID IC117R35 @ RIVERSIDE DR","370805.74160","5031119.65266","-75.65664","45.41690","2017","5/30/2017","6:39:00 PM","02 - Rain","02 - Wet","10 - No control","02 - Intersection related","01 - Daylight","03 - P.D. only","03 - Rear end"
"8055","HWY 417 RIVERSID IC117R53 @ RIVERSIDE DR","370771.90830","5030913.38165","-75.65710","45.41505","2017","6/5/2017","3:30:00 PM","01 - Clear","01 - Dry","03 - Yield sign","02 - Intersection related","01 - Daylight","03 - P.D. only","03 - Rear end"
"8056","HWY 417 RIVERSID IC117R53 @ RIVERSIDE DR","370770.30552","5030914.23566","-75.65712","45.41505","2017","3/3/2017","9:31:00 AM","01 - Clear","01 - Dry","03 - Yield sign","02 - Intersection related","01 - Daylight","02 - Non-fatal injury","03 - Rear end"
"8057","HWY 417 ST.LAURE IC115R35 @ ST. LAURENT BLVD","372481.71455","5031534.04165","-75.63517","45.42047","2017","2/19/2017","8:37:00 AM","03 - Snow","03 - Loose snow","10 - No control","02 - Intersection related","01 - Daylight","03 - P.D. only","07 - SMV other"
"8058","HWY 417 ST.LAURE IC115R51 @ ST. LAURENT BLVD","372532.01462","5031410.35831","-75.63454","45.41935","2017","11/10/2017","11:15:00 AM","01 - Clear","01 - Dry","01 - Traffic signal","02 - Intersection related","01 - Daylight","03 - P.D. only","04 - Sideswipe"
"8059","HWY 417 ST.LAURE IC115R51 @ ST. LAURENT BLVD","372530.38411","5031409.72343","-75.63457","45.41934","2017","9/11/2017","6:54:00 AM","01 - Clear","01 - Dry","01 - Traffic signal","02 - Intersection related","01 - Daylight","03 - P.D. only","03 - Rear end"
"8060","HWY 417 ST.LAURE IC115R51 @ ST. LAURENT BLVD","372528.99391","5031411.94742","-75.63458","45.41936","2017","10/30/2017","7:43:00 AM","02 - Rain","02 - Wet","01 - Traffic signal","02 - Intersection related","01 - Daylight","03 - P.D. only","03 - Rear end"
"8061","HWY 417 ST.LAURE IC115R51 @ ST. LAURENT BLVD","372531.98186","5031410.73298","-75.63454","45.41935","2017","9/26/2017","12:00:00 PM","01 - Clear","01 - Dry","01 - Traffic signal","02 - Intersection related","01 - Daylight","03 - P.D. only","03 - Rear end"
"8062","HWY 417 ST.LAURE IC115R51 @ ST. LAURENT BLVD","372530.46352","5031410.36095","-75.63456","45.41935","2017","12/11/2017","8:09:00 AM","01 - Clear","06 - Ice","01 - Traffic signal","02 - Intersection related","01 - Daylight","03 - P.D. only","03 - Rear end"
"8063","HWY 417 ST.LAURE IC115R51 @ ST. LAURENT BLVD","372530.45285","5031410.56900","-75.63456","45.41935","2017","1/28/2017","3:20:00 PM","01 - Clear","01 - Dry","01 - Traffic signal","02 - Intersection related","01 - Daylight","03 - P.D. only","03 - Rear end"
"8064","HWY 417 ST.LAURE IC115R51 @ ST. LAURENT BLVD","372530.05837","5031409.10626","-75.63457","45.41934","2017","4/26/2017","9:35:00 AM","01 - Clear","01 - Dry","01 - Traffic signal","02 - Intersection related","01 - Daylight","03 - P.D. only","03 - Rear end"
"8065","HWY 417 ST.LAURE IC115R51 @ ST. LAURENT BLVD","372533.68245","5031412.09750","-75.63452","45.41936","2017","2/14/2017","9:10:00 PM","03 - Snow","03 - Loose snow","01 - Traffic signal","03 - At intersection","07 - Dark","03 - P.D. only","02 - Angle"
"8066","HWY 417 TERRYFO IC140R36 @ TERRY FOX DR","350691.55041","5018849.50146","-75.91476","45.30810","2017","8/11/2017","9:53:00 PM","01 - Clear","01 - Dry","10 - No control","02 - Intersection related","07 - Dark","03 - P.D. only","03 - Rear end"
"8067","HWY 417 TERRYFO IC140R52 @ TERRY FOX DR","351052.45120","5018434.50180","-75.91020","45.30434","2017","12/8/2017","12:46:00 PM","01 - Clear","01 - Dry","01 - Traffic signal","02 - Intersection related","01 - Daylight","03 - P.D. only","03 - Rear end"
"8068","HWY 417 TERRYFO IC140R52 @ TERRY FOX DR","351052.33677","5018433.04164","-75.91020","45.30433","2017","3/18/2017","5:10:00 PM","01 - Clear","01 - Dry","01 - Traffic signal","02 - Intersection related","01 - Daylight","03 - P.D. only","03 - Rear end"
"8069","HWY 417 TERRYFO IC140R52 @ TERRY FOX DR","351053.69328","5018433.43187","-75.91018","45.30433","2017","12/18/2017","10:45:00 AM","03 - Snow","03 - Loose snow","01 - Traffic signal","02 - Intersection related","01 - Daylight","03 - P.D. only","03 - Rear end"
"8070","HWY 417 TERRYFO IC140R52 @ TERRY FOX DR","351052.83144","5018433.07982","-75.91019","45.30433","2017","12/30/2017","6:07:00 PM","01 - Clear","06 - Ice","01 - Traffic signal","02 - Intersection related","07 - Dark","03 - P.D. only","03 - Rear end"
"8071","HWY 417 TERRYFO IC140R53 @ TERRY FOX DR","351081.71796","5018401.64502","-75.90983","45.30404","2017","12/14/2017","8:05:00 AM","01 - Clear","02 - Wet","10 - No control","02 - Intersection related","01 - Daylight","03 - P.D. only","03 - Rear end"
"8072","HWY 417 TERRYFO IC140R61 @ TERRY FOX DR","350808.97512","5018709.85470","-75.91328","45.30683","2017","5/18/2017","3:00:00 PM","01 - Clear","01 - Dry","01 - Traffic signal","03 - At intersection","01 - Daylight","03 - P.D. only","02 - Angle"
"8073","HWY 417 TERRYFO IC140R61 @ TERRY FOX DR","350809.87330","5018709.64708","-75.91327","45.30683","2017","12/6/2017","1:50:00 PM","01 - Clear","01 - Dry","01 - Traffic signal","03 - At intersection","01 - Daylight","03 - P.D. only","04 - Sideswipe"
"8074","HWY 417 TERRYFO IC140R61 @ TERRY FOX DR","350809.84300","5018706.39576","-75.91327","45.30680","2017","1/18/2017","9:30:00 AM","00 - Unknown","02 - Wet","01 - Traffic signal","02 - Intersection related","01 - Daylight","03 - P.D. only","03 - Rear end"
"8075","HWY 417 TERRYFO IC140R61 @ TERRY FOX DR","350810.61164","5018708.73991","-75.91326","45.30682","2017","12/17/2017","8:43:00 AM","01 - Clear","06 - Ice","01 - Traffic signal","03 - At intersection","01 - Daylight","02 - Non-fatal injury","02 - Angle"
"8076","HWY 417 VANIER IC117R26 @ VANIER PKWY","370803.38673","5031358.88664","-75.65664","45.41905","2017","11/21/2017","10:42:00 AM","01 - Clear","01 - Dry","10 - No control","02 - Intersection related","01 - Daylight","02 - Non-fatal injury","03 - Rear end"
"8077","HWY 417 VANIER IC117R36 @ VANIER PKWY","370765.78918","5031470.70140","-75.65710","45.42006","2017","11/29/2017","1:10:00 PM","01 - Clear","01 - Dry","10 - No control","02 - Intersection related","01 - Daylight","03 - P.D. only","04 - Sideswipe"
"8078","HWY 417 VANIER IC117R63 @ VANIER PKWY","370798.93558","5031398.16990","-75.65669","45.41941","2017","9/29/2017","9:00:00 AM","01 - Clear","01 - Dry","01 - Traffic signal","02 - Intersection related","01 - Daylight","03 - P.D. only","03 - Rear end"
"8079","HWY 417 VANIER IC117R63 @ VANIER PKWY","370800.14604","5031398.59513","-75.65667","45.41941","2017","10/18/2017","4:31:00 PM","01 - Clear","01 - Dry","01 - Traffic signal","02 - Intersection related","01 - Daylight","03 - P.D. only","03 - Rear end"
"8080","HWY 417 VANIER IC117R63 @ VANIER PKWY","370799.12737","5031397.65618","-75.65669","45.41940","2017","11/7/2017","8:45:00 AM","01 - Clear","01 - Dry","01 - Traffic signal","02 - Intersection related","01 - Daylight","03 - P.D. only","03 - Rear end"
"8081","HWY 417 VANIER IC117R63 @ VANIER PKWY","370801.06836","5031398.39612","-75.65666","45.41941","2017","2/6/2017","4:54:00 PM","03 - Snow","03 - Loose snow","01 - Traffic signal","02 - Intersection related","01 - Daylight","03 - P.D. only","03 - Rear end"
"8082","HWY 417 VANIER IC117R63 @ VANIER PKWY","370800.37783","5031396.83548","-75.65667","45.41939","2017","2/2/2017","8:15:00 AM","01 - Clear","01 - Dry","01 - Traffic signal","02 - Intersection related","01 - Daylight","03 - P.D. only","03 - Rear end"
"8083","HWY 417 VANIER IC117R63 @ VANIER PKWY","370799.28613","5031397.82628","-75.65668","45.41940","2017","3/25/2017","12:31:00 PM","01 - Clear","02 - Wet","01 - Traffic signal","02 - Intersection related","01 - Daylight","03 - P.D. only","03 - Rear end"
"8084","HWY 417 VANIER IC117R63 @ VANIER PKWY","370800.23796","5031397.64044","-75.65667","45.41940","2017","12/26/2017","12:03:00 PM","01 - Clear","02 - Wet","01 - Traffic signal","02 - Intersection related","01 - Daylight","03 - P.D. only","03 - Rear end"
"8085","HWY 417 VANIER IC117R63 @ VANIER PKWY","370798.85898","5031396.43414","-75.65669","45.41939","2017","2/13/2017","10:50:00 AM","03 - Snow","05 - Packed snow","01 - Traffic signal","03 - At intersection","01 - Daylight","03 - P.D. only","04 - Sideswipe"
"8086","HWY 417 WALKLEY IC110R57 @ WALKLEY EXTENSION R","375656.67061","5028998.38433","-75.59497","45.39734","2017","9/25/2017","4:13:00 PM","01 - Clear","01 - Dry","02 - Stop sign","02 - Intersection related","01 - Daylight","03 - P.D. only","03 - Rear end"
"8087","HWY 417 WALKLEY IC110R58 @ WALKLEY EXTENSION R","375541.84928","5028938.25585","-75.59645","45.39681","2017","11/18/2017","2:54:00 PM","04 - Freezing Rain","06 - Ice","10 - No control","02 - Intersection related","01 - Daylight","03 - P.D. only","02 - Angle"
"8088","HWY 417 WALKLEY IC110R64 @ WALKLEY EXTENSION R","375987.99840","5029175.86999","-75.59071","45.39890","2017","9/9/2017","12:23:00 PM","01 - Clear","01 - Dry","02 - Stop sign","02 - Intersection related","01 - Daylight","03 - P.D. only","04 - Sideswipe"
"8089","HWY 417 WALKLEY IC110R64 @ WALKLEY EXTENSION R","375990.19174","5029175.49051","-75.59069","45.39890","2017","12/16/2017","7:56:00 AM","03 - Snow","04 - Slush","02 - Stop sign","02 - Intersection related","01 - Daylight","03 - P.D. only","04 - Sideswipe"
"8090","HWY 417 WOODROFF IC127R35 @ WOODROFFE AVE","362149.91098","5024770.95573","-75.76796","45.36054","2017","2/16/2017","8:50:00 AM","01 - Clear","06 - Ice","10 - No control","02 - Intersection related","01 - Daylight","03 - P.D. only","03 - Rear end"
"8091","HWY 417 WOODROFF IC127R53 @ WOODROFFE AVE","362205.98439","5024625.77805","-75.76726","45.35923","2017","8/27/2017","8:18:00 PM","01 - Clear","01 - Dry","03 - Yield sign","02 - Intersection related","07 - Dark","02 - Non-fatal injury","02 - Angle"
"8092","HWY 417 WOODROFF IC127R62 @ WOODROFFE AVE","362051.23730","5025018.58067","-75.76919","45.36277","2017","12/8/2017","9:10:00 AM","01 - Clear","01 - Dry","03 - Yield sign","02 - Intersection related","01 - Daylight","03 - P.D. only","03 - Rear end"
"8093","HWY 417 WOODROFF IC127R62 @ WOODROFFE AVE","362051.91917","5025020.51821","-75.76918","45.36279","2017","11/17/2017","3:05:00 PM","01 - Clear","01 - Dry","03 - Yield sign","02 - Intersection related","01 - Daylight","03 - P.D. only","03 - Rear end"
"8094","HWY 417 WOODROFF IC127R62 @ WOODROFFE AVE","362051.83229","5025019.65079","-75.76919","45.36278","2017","8/27/2017","4:02:00 PM","01 - Clear","01 - Dry","03 - Yield sign","02 - Intersection related","01 - Daylight","03 - P.D. only","03 - Rear end"
"8095","HWY 417 WOODROFF IC127R62 @ WOODROFFE AVE","362051.40198","5025018.40028","-75.76919","45.36277","2017","9/12/2017","2:22:00 PM","01 - Clear","01 - Dry","03 - Yield sign","02 - Intersection related","01 - Daylight","03 - P.D. only","03 - Rear end"
"8096","HWY 417 WOODROFF IC127R62 @ WOODROFFE AVE","362051.91767","5025018.80754","-75.76919","45.36278","2017","9/24/2017","8:53:00 AM","01 - Clear","01 - Dry","03 - Yield sign","02 - Intersection related","01 - Daylight","03 - P.D. only","03 - Rear end"
"8097","HWY 417 WOODROFF IC127R62 @ WOODROFFE AVE","362052.63270","5025018.93935","-75.76918","45.36278","2017","1/25/2017","8:00:00 PM","03 - Snow","04 - Slush","03 - Yield sign","02 - Intersection related","07 - Dark","03 - P.D. only","03 - Rear end"
"8098","HWY 417 WOODROFF IC127R62 @ WOODROFFE AVE","362050.86232","5025018.34224","-75.76920","45.36277","2017","2/6/2017","1:08:00 PM","01 - Clear","01 - Dry","03 - Yield sign","02 - Intersection related","01 - Daylight","03 - P.D. only","07 - SMV other"
"8099","HWY 417 WOODROFF IC127R62 @ WOODROFFE AVE","362048.14580","5025020.27035","-75.76923","45.36279","2017","5/1/2017","1:00:00 PM","02 - Rain","02 - Wet","03 - Yield sign","02 - Intersection related","01 - Daylight","03 - P.D. only","03 - Rear end"
"8100","HWY 417 WOODROFF IC127R62 @ WOODROFFE AVE","362050.97092","5025019.28091","-75.76920","45.36278","2017","12/17/2017","10:59:00 AM","01 - Clear","02 - Wet","03 - Yield sign","02 - Intersection related","01 - Daylight","02 - Non-fatal injury","03 - Rear end"
"8101","HWY 417 WOODROFF IC127R63 @ WOODROFFE AVE","362111.78389","5024870.62128","-75.76844","45.36144","2017","5/26/2017","12:40:00 PM","01 - Clear","01 - Dry","10 - No control","02 - Intersection related","01 - Daylight","03 - P.D. only","04 - Sideswipe"
"8102","HWY 417 WOODROFF IC127R63 @ WOODROFFE AVE","362110.33655","5024872.06691","-75.76846","45.36145","2017","5/12/2017","2:10:00 PM","01 - Clear","01 - Dry","10 - No control","02 - Intersection related","01 - Daylight","03 - P.D. only","03 - Rear end"
"8103","HWY416 IC49 RAMP34 btwn HIGHWAY 416 & ROGER STEVENS DR","369107.46418","5001295.33117","-75.68220","45.14870","2017","12/12/2017","3:55:00 PM","03 - Snow","03 - Loose snow","10 - No control","01 - Non intersection","05 - Dusk","03 - P.D. only","07 - SMV other"
"8104","HWY416 IC57 RAMP24 btwn BANKFIELD RD & HIGHWAY 416","365052.28504","5007542.21155","-75.73301","45.20527","2017","12/12/2017","8:17:00 AM","03 - Snow","03 - Loose snow","10 - No control","01 - Non intersection","01 - Daylight","03 - P.D. only","07 - SMV other"
"8105","HWY416 IC66 RAMP52 btwn HIGHWAY 416 & FALLOWFIELD RD","360220.80145","5014805.42921","-75.79370","45.27102","2017","11/9/2017","7:54:00 AM","01 - Clear","01 - Dry","10 - No control","01 - Non intersection","01 - Daylight","03 - P.D. only","99 - Other"
"8106","HWY416 IC66 RAMP53 btwn HIGHWAY 416 & FALLOWFIELD RD","360045.06595","5014666.19461","-75.79595","45.26978","2017","7/5/2017","12:15:00 PM","01 - Clear","01 - Dry","10 - No control","01 - Non intersection","01 - Daylight","03 - P.D. only","07 - SMV other"
"8107","HWY416 IC72 RAMP62 btwn HIGHWAY 416 & CEDARVIEW RD","359423.84233","5019742.41046","-75.80331","45.31551","2017","2/10/2017","10:32:00 PM","03 - Snow","03 - Loose snow","10 - No control","01 - Non intersection","07 - Dark","03 - P.D. only","07 - SMV other"
"8108","HWY416 IC75A RAMP26 btwn HIGHWAY 417 & HIGHWAY 416","358498.21233","5022424.32169","-75.81483","45.33971","2017","12/29/2017","8:20:00 AM","01 - Clear","06 - Ice","10 - No control","01 - Non intersection","01 - Daylight","03 - P.D. only","07 - SMV other"
"8109","HWY416 IC75A RAMP26 btwn HIGHWAY 417 & HIGHWAY 416","358145.99829","5022768.06905","-75.81928","45.34283","2017","12/29/2017","8:20:00 AM","01 - Clear","06 - Ice","10 - No control","01 - Non intersection","01 - Daylight","03 - P.D. only","07 - SMV other"
"8110","HWY416 IC75A RAMP26 btwn HIGHWAY 417 & HIGHWAY 416","358531.23239","5022351.50822","-75.81441","45.33905","2017","12/29/2017","8:30:00 AM","01 - Clear","06 - Ice","10 - No control","01 - Non intersection","01 - Daylight","03 - P.D. only","03 - Rear end"
"8111","HWY416 IC75A RAMP26 btwn HIGHWAY 417 & HIGHWAY 416","358536.31241","5022340.50153","-75.81435","45.33895","2017","12/29/2017","8:20:00 AM","01 - Clear","01 - Dry","10 - No control","01 - Non intersection","01 - Daylight","03 - P.D. only","07 - SMV other"
"8112","HWY416 IC75A RAMP26 btwn HIGHWAY 417 & HIGHWAY 416","358021.93199","5022783.45954","-75.82086","45.34298","2017","12/7/2017","7:35:00 AM","01 - Clear","05 - Packed snow","10 - No control","01 - Non intersection","03 - Dawn","03 - P.D. only","04 - Sideswipe"
"8113","HWY416 IC75A RAMP26 btwn HIGHWAY 417 & HIGHWAY 416","357872.15899","5022786.94405","-75.82277","45.34302","2017","4/12/2017","10:01:00 PM","01 - Clear","01 - Dry","10 - No control","01 - Non intersection","07 - Dark","03 - P.D. only","04 - Sideswipe"
"8114","HWY416 IC75A RAMP43 btwn HWY416 IC75A RAMP63 & HIGHWAY 416","358553.32679","5022023.94178","-75.81417","45.33610","2017","11/26/2017","6:30:00 PM","03 - Snow","04 - Slush","10 - No control","01 - Non intersection","07 - Dark","03 - P.D. only","07 - SMV other"
"8115","HWY416 IC75B RAMP25 btwn HWY416 IC75C RAMP24 & HWY417 IC131 RAMP55","358636.42844","5022850.04742","-75.81302","45.34353","2017","9/9/2017","1:30:00 AM","01 - Clear","01 - Dry","10 - No control","01 - Non intersection","07 - Dark","02 - Non-fatal injury","07 - SMV other"
"8116","HWY416 IC75B RAMP25 btwn HWY416 IC75C RAMP24 & HWY417 IC131 RAMP55","358525.11996","5022606.30719","-75.81446","45.34135","2017","10/24/2017","7:30:00 AM","02 - Rain","02 - Wet","10 - No control","01 - Non intersection","03 - Dawn","03 - P.D. only","03 - Rear end"
"8117","HWY416 IC75B RAMP25 btwn HWY416 IC75C RAMP24 & HWY417 IC131 RAMP55","358606.79465","5022808.89467","-75.81340","45.34316","2017","5/26/2017","10:21:00 PM","01 - Clear","01 - Dry","10 - No control","01 - Non intersection","07 - Dark","03 - P.D. only","07 - SMV other"
"8118","HWY416 IC75B RAMP25 btwn HWY416 IC75C RAMP24 & HWY417 IC131 RAMP55","358549.82795","5022710.80669","-75.81414","45.34228","2017","6/27/2017","1:15:00 PM","02 - Rain","02 - Wet","10 - No control","01 - Non intersection","01 - Daylight","03 - P.D. only","07 - SMV other"
"8119","HWY416 IC75B RAMP25 btwn HWY416 IC75C RAMP24 & HWY417 IC131 RAMP55","358641.47904","5022847.97834","-75.81295","45.34351","2017","3/25/2017","12:03:00 AM","01 - Clear","02 - Wet","10 - No control","01 - Non intersection","07 - Dark","03 - P.D. only","07 - SMV other"
"8120","HWY417 IC104 RAMP16 btwn ANDERSON RD & HIGHWAY 417","380153.57190","5025993.47064","-75.53800","45.36983","2017","10/20/2017","7:20:00 PM","01 - Clear","01 - Dry","10 - No control","01 - Non intersection","07 - Dark","03 - P.D. only","07 - SMV other"
"8121","HWY417 IC104 RAMP16 btwn ANDERSON RD & HIGHWAY 417","380189.80253","5026090.25297","-75.53752","45.37070","2017","5/22/2017","10:20:00 PM","01 - Clear","01 - Dry","10 - No control","01 - Non intersection","07 - Dark","03 - P.D. only","03 - Rear end"
"8122","HWY417 IC104 RAMP16 btwn ANDERSON RD & HIGHWAY 417","380148.77831","5025984.50889","-75.53806","45.36975","2017","7/7/2017","10:11:00 AM","01 - Clear","01 - Dry","10 - No control","01 - Non intersection","01 - Daylight","03 - P.D. only","07 - SMV other"
"8123","HWY417 IC104 RAMP16 btwn ANDERSON RD & HIGHWAY 417","380187.51525","5026066.20994","-75.53756","45.37048","2017","3/4/2017","4:20:00 AM","01 - Clear","01 - Dry","10 - No control","01 - Non intersection","07 - Dark","03 - P.D. only","07 - SMV other"