"Record","Location","X","Y","Longitude","Latitude","Year","Date","Time","Environment","Road_Surface","Traffic_Control","Collision_Location","Light","Collision_Classification","Impact_type"
"8124","HWY417 IC104 RAMP51 btwn HIGHWAY 417 & ANDERSON RD","379852.85470","5025886.19511","-75.54185","45.36890","2017","10/20/2017","9:50:00 AM","01 - Clear","01 - Dry","10 - No control","01 - Non intersection","01 - Daylight","03 - P.D. only","07 - SMV other"
"8125","HWY417 IC104 RAMP51 btwn HIGHWAY 417 & ANDERSON RD","380057.24005","5025632.44322","-75.53928","45.36659","2017","2/22/2017","2:24:00 PM","01 - Clear","01 - Dry","10 - No control","01 - Non intersection","01 - Daylight","03 - P.D. only","07 - SMV other"
"8126","HWY417 IC104 RAMP61 btwn ANDERSON RD & HIGHWAY 417","380313.32506","5025926.93286","-75.53597","45.36922","2017","8/7/2017","10:25:00 AM","01 - Clear","01 - Dry","10 - No control","01 - Non intersection","01 - Daylight","03 - P.D. only","07 - SMV other"
"8127","HWY417 IC104 RAMP61 btwn ANDERSON RD & HIGHWAY 417","380151.20151","5026196.70582","-75.53800","45.37166","2017","7/12/2017","10:08:00 PM","02 - Rain","02 - Wet","10 - No control","01 - Non intersection","07 - Dark","03 - P.D. only","07 - SMV other"
"8128","HWY417 IC104 RAMP61 btwn ANDERSON RD & HIGHWAY 417","380315.97090","5025918.99534","-75.53594","45.36914","2017","8/7/2017","10:25:00 AM","01 - Clear","01 - Dry","10 - No control","01 - Non intersection","01 - Daylight","02 - Non-fatal injury","07 - SMV other"
"8129","HWY417 IC104 RAMP61 btwn ANDERSON RD & HIGHWAY 417","380161.22348","5026172.24354","-75.53787","45.37144","2017","9/4/2017","3:25:00 PM","01 - Clear","01 - Dry","10 - No control","01 - Non intersection","01 - Daylight","03 - P.D. only","07 - SMV other"
"8130","HWY417 IC104 RAMP61 btwn ANDERSON RD & HIGHWAY 417","380066.90887","5026255.49721","-75.53907","45.37220","2017","10/18/2017","9:15:00 AM","01 - Clear","01 - Dry","10 - No control","01 - Non intersection","01 - Daylight","03 - P.D. only","03 - Rear end"
"8131","HWY417 IC104 RAMP61 btwn ANDERSON RD & HIGHWAY 417","380156.75019","5026186.77980","-75.53793","45.37157","2017","4/11/2017","7:40:00 PM","07 - Fog, mist, smoke, dust","01 - Dry","10 - No control","01 - Non intersection","07 - Dark","03 - P.D. only","07 - SMV other"
"8132","HWY417 IC104 RAMP61 btwn ANDERSON RD & HIGHWAY 417","380277.12441","5025964.21707","-75.53643","45.36956","2017","7/7/2017","12:32:00 AM","01 - Clear","01 - Dry","10 - No control","01 - Non intersection","07 - Dark","03 - P.D. only","07 - SMV other"
"8133","HWY417 IC104 RAMP61 btwn ANDERSON RD & HIGHWAY 417","380230.52325","5026038.54507","-75.53701","45.37023","2017","2/12/2017","2:00:00 PM","03 - Snow","03 - Loose snow","10 - No control","01 - Non intersection","01 - Daylight","03 - P.D. only","07 - SMV other"
"8134","HWY417 IC104 RAMP61 btwn ANDERSON RD & HIGHWAY 417","380363.69521","5025899.93775","-75.53533","45.36897","2017","6/11/2017","12:25:00 PM","01 - Clear","01 - Dry","10 - No control","01 - Non intersection","01 - Daylight","03 - P.D. only","07 - SMV other"
"8135","HWY417 IC109 RAMP26 btwn HIGHWAY 417 & HUNT CLUB RD","376600.27700","5027695.24100","-75.58311","45.38552","2017","9/5/2017","2:42:00 AM","02 - Rain","02 - Wet","10 - No control","01 - Non intersection","07 - Dark","02 - Non-fatal injury","07 - SMV other"
"8136","HWY417 IC110 RAMP54 btwn HWY417 IC110 RAMP58 & HIGHWAY 417","375681.28018","5029468.90561","-75.59459","45.40157","2017","10/25/2017","2:45:00 AM","01 - Clear","01 - Dry","10 - No control","01 - Non intersection","07 - Dark","03 - P.D. only","07 - SMV other"
"8137","HWY417 IC110 RAMP54 btwn HWY417 IC110 RAMP58 & HIGHWAY 417","375698.92660","5029333.28739","-75.59438","45.40035","2017","12/19/2017","6:54:00 AM","03 - Snow","03 - Loose snow","10 - No control","01 - Non intersection","07 - Dark","03 - P.D. only","99 - Other"
"8138","HWY417 IC110 RAMP54 btwn HWY417 IC110 RAMP58 & HIGHWAY 417","375607.93913","5029612.39333","-75.59550","45.40287","2017","1/9/2017","7:15:00 AM","01 - Clear","01 - Dry","10 - No control","01 - Non intersection","03 - Dawn","03 - P.D. only","03 - Rear end"
"8139","HWY417 IC110 RAMP54 btwn HWY417 IC110 RAMP58 & HIGHWAY 417","375568.86622","5029681.75785","-75.59599","45.40350","2017","1/9/2017","8:00:00 AM","01 - Clear","01 - Dry","10 - No control","01 - Non intersection","01 - Daylight","03 - P.D. only","03 - Rear end"
"8140","HWY417 IC110 RAMP54 btwn HWY417 IC110 RAMP58 & HIGHWAY 417","375702.32212","5029336.17443","-75.59434","45.40037","2017","4/12/2017","2:20:00 AM","01 - Clear","02 - Wet","10 - No control","01 - Non intersection","07 - Dark","03 - P.D. only","07 - SMV other"
"8141","HWY417 IC110 RAMP54 btwn HWY417 IC110 RAMP58 & HIGHWAY 417","375610.73997","5029116.37043","-75.59554","45.39840","2017","7/8/2017","8:10:00 AM","01 - Clear","01 - Dry","10 - No control","01 - Non intersection","01 - Daylight","02 - Non-fatal injury","07 - SMV other"
"8142","HWY417 IC110 RAMP55 btwn WALKLEY EXTENSION RD & HIGHWAY 417","375779.09379","5028824.30446","-75.59343","45.39576","2017","2/10/2017","9:50:00 PM","03 - Snow","03 - Loose snow","10 - No control","01 - Non intersection","07 - Dark","03 - P.D. only","07 - SMV other"
"8143","HWY417 IC110 RAMP55 btwn WALKLEY EXTENSION RD & HIGHWAY 417","375710.76120","5028953.93543","-75.59429","45.39693","2017","2/5/2017","10:25:00 PM","05 - Drifting Snow","05 - Packed snow","10 - No control","01 - Non intersection","07 - Dark","03 - P.D. only","07 - SMV other"
"8144","HWY417 IC110 RAMP56 btwn HIGHWAY 417 & WALKLEY EXTENSION RD","375951.31613","5028978.90771","-75.59121","45.39713","2017","8/6/2017","10:50:00 PM","01 - Clear","01 - Dry","10 - No control","01 - Non intersection","07 - Dark","03 - P.D. only","07 - SMV other"
"8145","HWY417 IC110 RAMP56 btwn HIGHWAY 417 & WALKLEY EXTENSION RD","375920.04232","5028973.03395","-75.59161","45.39708","2017","8/7/2017","12:20:00 PM","01 - Clear","01 - Dry","10 - No control","01 - Non intersection","01 - Daylight","03 - P.D. only","07 - SMV other"
"8146","HWY417 IC110 RAMP56 btwn HIGHWAY 417 & WALKLEY EXTENSION RD","375951.12145","5028965.68469","-75.59121","45.39701","2017","5/6/2017","7:30:00 PM","02 - Rain","02 - Wet","10 - No control","01 - Non intersection","01 - Daylight","03 - P.D. only","07 - SMV other"
"8147","HWY417 IC110 RAMP64 btwn HIGHWAY 417 & WALKLEY EXTENSION RD","375886.17466","5028719.32990","-75.59208","45.39480","2017","3/24/2017","6:37:00 PM","03 - Snow","04 - Slush","10 - No control","01 - Non intersection","07 - Dark","03 - P.D. only","07 - SMV other"
"8148","HWY417 IC112 RAMP55 btwn INNES RD & HIGHWAY 417","374685.35248","5030701.65439","-75.60713","45.41276","2017","10/17/2017","7:35:00 AM","01 - Clear","01 - Dry","10 - No control","01 - Non intersection","01 - Daylight","03 - P.D. only","03 - Rear end"
"8149","HWY417 IC112 RAMP64 btwn HWY417 IC112 RAMP68 & HIGHWAY 417","374723.61676","5030814.46618","-75.60663","45.41377","2017","9/12/2017","5:15:00 PM","01 - Clear","01 - Dry","10 - No control","01 - Non intersection","01 - Daylight","03 - P.D. only","04 - Sideswipe"
"8150","HWY417 IC112 RAMP65 btwn HIGHWAY 417 & INNES RD","374271.05063","5030835.90272","-75.61241","45.41401","2017","7/10/2017","6:45:00 AM","01 - Clear","02 - Wet","10 - No control","01 - Non intersection","01 - Daylight","03 - P.D. only","04 - Sideswipe"
"8151","HWY417 IC112 RAMP66 btwn HIGHWAY 417 & INNES RD","374420.95787","5030936.71512","-75.61048","45.41490","2017","9/17/2017","3:17:00 AM","01 - Clear","01 - Dry","10 - No control","01 - Non intersection","07 - Dark","02 - Non-fatal injury","07 - SMV other"
"8152","HWY417 IC112 RAMP67 btwn HWY417 IC112 RAMP68 & INNES RD","374681.92237","5030909.04156","-75.60715","45.41463","2017","11/13/2017","4:58:00 PM","01 - Clear","01 - Dry","10 - No control","01 - Non intersection","05 - Dusk","03 - P.D. only","03 - Rear end"
"8153","HWY417 IC113 RAMP85 btwn HWY417 IC113 RAMP35 & HIGHWAY 417","373961.09252","5031670.45303","-75.61625","45.42155","2017","11/21/2017","4:30:00 PM","01 - Clear","01 - Dry","10 - No control","01 - Non intersection","05 - Dusk","03 - P.D. only","03 - Rear end"
"8154","HWY417 IC115 RAMP26 btwn ST. LAURENT BLVD & Continuation of HWY417 IC1","372487.68818","5031585.49283","-75.63509","45.42093","2017","2/11/2017","10:15:00 AM","03 - Snow","03 - Loose snow","10 - No control","01 - Non intersection","01 - Daylight","02 - Non-fatal injury","07 - SMV other"
"8155","HWY417 IC115 RAMP36 btwn HIGHWAY 417 & TRANSIT","372419.72540","5031552.48158","-75.63596","45.42064","2017","2/9/2017","7:20:00 PM","01 - Clear","01 - Dry","10 - No control","01 - Non intersection","07 - Dark","03 - P.D. only","03 - Rear end"
"8156","HWY417 IC115 RAMP36 btwn HIGHWAY 417 & TRANSIT","372329.84168","5031524.44804","-75.63711","45.42040","2017","2/12/2017","3:30:00 PM","03 - Snow","03 - Loose snow","10 - No control","01 - Non intersection","01 - Daylight","03 - P.D. only","03 - Rear end"
"8157","HWY417 IC115 RAMP51 btwn HIGHWAY 417 & ST. LAURENT BLVD","372466.81095","5031385.56185","-75.63538","45.41913","2017","12/14/2017","4:50:00 PM","01 - Clear","01 - Dry","10 - No control","01 - Non intersection","05 - Dusk","03 - P.D. only","04 - Sideswipe"
"8158","HWY417 IC115 RAMP51 btwn HIGHWAY 417 & ST. LAURENT BLVD","372327.64830","5031431.56081","-75.63715","45.41956","2017","6/12/2017","6:50:00 PM","01 - Clear","01 - Dry","10 - No control","01 - Non intersection","01 - Daylight","03 - P.D. only","03 - Rear end"
"8159","HWY417 IC115 RAMP51 btwn HIGHWAY 417 & ST. LAURENT BLVD","372308.77750","5031439.92195","-75.63739","45.41964","2017","6/2/2017","8:50:00 PM","01 - Clear","01 - Dry","10 - No control","01 - Non intersection","05 - Dusk","02 - Non-fatal injury","03 - Rear end"
"8160","HWY417 IC115 RAMP51 btwn HIGHWAY 417 & ST. LAURENT BLVD","372394.12165","5031400.02594","-75.63631","45.41927","2017","6/9/2017","1:45:00 PM","01 - Clear","01 - Dry","10 - No control","01 - Non intersection","01 - Daylight","03 - P.D. only","04 - Sideswipe"
"8161","HWY417 IC115 RAMP51 btwn HIGHWAY 417 & ST. LAURENT BLVD","372243.64987","5031457.29757","-75.63822","45.41980","2017","4/26/2017","6:45:00 AM","01 - Clear","02 - Wet","10 - No control","01 - Non intersection","01 - Daylight","02 - Non-fatal injury","03 - Rear end"
"8162","HWY417 IC115 RAMP61 btwn RAMP & HIGHWAY 417","372793.29189","5031570.87497","-75.63118","45.42077","2017","7/31/2017","2:06:00 AM","01 - Clear","03 - Loose snow","10 - No control","01 - Non intersection","07 - Dark","03 - P.D. only","07 - SMV other"
"8163","HWY417 IC115 RAMP61 btwn RAMP & HIGHWAY 417","372590.57522","5031597.41225","-75.63377","45.42103","2017","10/13/2017","11:04:00 AM","01 - Clear","01 - Dry","10 - No control","01 - Non intersection","01 - Daylight","03 - P.D. only","04 - Sideswipe"
"8164","HWY417 IC115 RAMP61 btwn RAMP & HIGHWAY 417","372632.05852","5031571.25337","-75.63324","45.42079","2017","1/21/2017","12:40:00 AM","01 - Clear","01 - Dry","10 - No control","01 - Non intersection","07 - Dark","03 - P.D. only","07 - SMV other"
"8165","HWY417 IC117 RAMP35 btwn RIVERSIDE DR & HIGHWAY 417","370800.51368","5031101.11972","-75.65671","45.41673","2017","11/27/2017","5:38:00 PM","01 - Clear","01 - Dry","10 - No control","01 - Non intersection","07 - Dark","03 - P.D. only","03 - Rear end"
"8166","HWY417 IC117 RAMP36 btwn HIGHWAY 417 & VANIER PKWY","370759.68131","5031330.60644","-75.65720","45.41880","2017","12/21/2017","3:04:00 PM","01 - Clear","01 - Dry","10 - No control","01 - Non intersection","01 - Daylight","03 - P.D. only","03 - Rear end"
"8167","HWY417 IC117 RAMP36 btwn HIGHWAY 417 & VANIER PKWY","370756.71645","5031323.51917","-75.65724","45.41874","2017","2/15/2017","10:00:00 AM","03 - Snow","03 - Loose snow","10 - No control","01 - Non intersection","01 - Daylight","03 - P.D. only","03 - Rear end"
"8168","HWY417 IC117 RAMP36 btwn HIGHWAY 417 & VANIER PKWY","370769.42325","5031428.11741","-75.65706","45.41968","2017","1/2/2017","1:30:00 PM","01 - Clear","01 - Dry","10 - No control","01 - Non intersection","01 - Daylight","03 - P.D. only","03 - Rear end"
"8169","HWY417 IC117 RAMP51 btwn HIGHWAY 417 & HWY417 IC117 RAMP53","370487.01181","5031132.69392","-75.66071","45.41705","2017","7/14/2017","6:52:00 PM","01 - Clear","01 - Dry","10 - No control","01 - Non intersection","01 - Daylight","03 - P.D. only","07 - SMV other"
"8170","HWY417 IC117 RAMP51 btwn HIGHWAY 417 & HWY417 IC117 RAMP53","370589.36893","5031118.30284","-75.65940","45.41691","2017","8/6/2017","5:00:00 PM","01 - Clear","01 - Dry","10 - No control","01 - Non intersection","01 - Daylight","03 - P.D. only","03 - Rear end"
"8171","HWY417 IC117 RAMP53 btwn HWY417 IC117 RAMP51 & RIVERSIDE DR","370726.05936","5031016.44119","-75.65767","45.41598","2017","11/9/2017","3:08:00 PM","01 - Clear","01 - Dry","10 - No control","01 - Non intersection","01 - Daylight","03 - P.D. only","04 - Sideswipe"
"8172","HWY417 IC117 RAMP63 btwn VANIER PKWY & HWY417 IC117 RAMP62","370842.51418","5031414.62611","-75.65613","45.41955","2017","5/12/2017","12:40:00 PM","01 - Clear","01 - Dry","10 - No control","01 - Non intersection","01 - Daylight","03 - P.D. only","04 - Sideswipe"
"8173","HWY417 IC118 RAMP35 btwn NICHOLAS ST & HWY417 IC118 RAMP45","369375.88228","5030928.09021","-75.67493","45.41531","2017","8/3/2017","3:25:00 AM","01 - Clear","01 - Dry","10 - No control","01 - Non intersection","07 - Dark","01 - Fatal injury","07 - SMV other"
"8174","HWY417 IC118 RAMP35 btwn NICHOLAS ST & HWY417 IC118 RAMP45","369418.11186","5031103.48131","-75.67437","45.41688","2017","12/27/2017","4:38:00 PM","01 - Clear","06 - Ice","10 - No control","01 - Non intersection","05 - Dusk","03 - P.D. only","03 - Rear end"
"8175","HWY417 IC118 RAMP35 btwn NICHOLAS ST & HWY417 IC118 RAMP45","369491.71251","5030914.51659","-75.67345","45.41518","2017","12/3/2017","5:51:00 AM","01 - Clear","01 - Dry","10 - No control","01 - Non intersection","07 - Dark","03 - P.D. only","07 - SMV other"
"8176","HWY417 IC118 RAMP52 btwn HWY417 IC118 RAMP57 & HWY417 IC118 RAMP62","369308.13121","5030892.04894","-75.67580","45.41499","2017","10/21/2017","1:00:00 PM","01 - Clear","01 - Dry","10 - No control","01 - Non intersection","01 - Daylight","03 - P.D. only","03 - Rear end"
"8177","HWY417 IC118 RAMP52 btwn HWY417 IC118 RAMP57 & HWY417 IC118 RAMP62","369324.68331","5030888.58492","-75.67559","45.41496","2017","1/29/2017","1:00:00 AM","03 - Snow","03 - Loose snow","10 - No control","01 - Non intersection","07 - Dark","03 - P.D. only","07 - SMV other"
"8178","HWY417 IC118 RAMP67 btwn HWY417 IC118 RAMP64 & HIGHWAY 417","369598.69042","5031165.46631","-75.67205","45.41742","2017","9/14/2017","4:00:00 PM","01 - Clear","01 - Dry","10 - No control","01 - Non intersection","01 - Daylight","03 - P.D. only","04 - Sideswipe"
"8179","HWY417 IC118 RAMP67 btwn HWY417 IC118 RAMP64 & HIGHWAY 417","369713.79269","5031157.30737","-75.67058","45.41734","2017","12/18/2017","7:20:00 PM","03 - Snow","03 - Loose snow","10 - No control","01 - Non intersection","07 - Dark","03 - P.D. only","04 - Sideswipe"
"8180","HWY417 IC118 RAMP67 btwn HWY417 IC118 RAMP64 & HIGHWAY 417","369704.98573","5031159.99487","-75.67070","45.41736","2017","6/24/2017","8:35:00 PM","01 - Clear","01 - Dry","10 - No control","01 - Non intersection","05 - Dusk","02 - Non-fatal injury","04 - Sideswipe"
"8181","HWY417 IC118 RAMP76 btwn HIGHWAY 417 & HWY417 IC118 RAMP43","369311.39498","5030976.64652","-75.67575","45.41575","2017","10/16/2017","5:30:00 AM","01 - Clear","01 - Dry","10 - No control","01 - Non intersection","07 - Dark","03 - P.D. only","04 - Sideswipe"
"8182","HWY417 IC118 RAMP76 btwn HIGHWAY 417 & HWY417 IC118 RAMP43","369386.78236","5031063.45989","-75.67477","45.41653","2017","8/6/2017","2:24:00 PM","01 - Clear","01 - Dry","10 - No control","01 - Non intersection","01 - Daylight","02 - Non-fatal injury","07 - SMV other"
"8183","HWY417 IC118 RAMP76 btwn HIGHWAY 417 & HWY417 IC118 RAMP43","369383.51626","5031060.68861","-75.67482","45.41650","2017","6/8/2017","4:10:00 AM","01 - Clear","01 - Dry","10 - No control","01 - Non intersection","07 - Dark","03 - P.D. only","07 - SMV other"
"8184","HWY417 IC118 RAMP76 btwn HIGHWAY 417 & HWY417 IC118 RAMP43","369388.68066","5031078.35269","-75.67475","45.41666","2017","3/19/2017","5:45:00 PM","01 - Clear","01 - Dry","10 - No control","01 - Non intersection","01 - Daylight","03 - P.D. only","07 - SMV other"
"8185","HWY417 IC119A RAMP75 btwn METCALFE ST & HIGHWAY 417","368549.66833","5030477.97160","-75.68554","45.41133","2017","9/14/2017","3:51:00 PM","01 - Clear","01 - Dry","10 - No control","01 - Non intersection","01 - Daylight","03 - P.D. only","03 - Rear end"
"8186","HWY417 IC119A RAMP75 btwn METCALFE ST & HIGHWAY 417","368557.04200","5030481.94177","-75.68545","45.41137","2017","8/24/2017","3:15:00 PM","01 - Clear","01 - Dry","10 - No control","01 - Non intersection","01 - Daylight","03 - P.D. only","03 - Rear end"
"8187","HWY417 IC119A RAMP75 btwn METCALFE ST & HIGHWAY 417","368545.05661","5030472.77028","-75.68560","45.41129","2017","12/12/2017","6:40:00 AM","03 - Snow","03 - Loose snow","10 - No control","01 - Non intersection","07 - Dark","03 - P.D. only","04 - Sideswipe"
"8188","HWY417 IC120B RAMP36 btwn HIGHWAY 417 & CATHERINE ST","367739.00481","5030008.27945","-75.69596","45.40718","2017","12/28/2017","9:04:00 AM","01 - Clear","06 - Ice","10 - No control","01 - Non intersection","01 - Daylight","03 - P.D. only","07 - SMV other"
"8189","HWY417 IC120B RAMP36 btwn HIGHWAY 417 & CATHERINE ST","367706.95194","5029981.71886","-75.69637","45.40695","2017","12/12/2017","11:14:00 AM","03 - Snow","03 - Loose snow","10 - No control","01 - Non intersection","01 - Daylight","03 - P.D. only","03 - Rear end"
"8190","HWY417 IC120B RAMP36 btwn HIGHWAY 417 & CATHERINE ST","367762.03255","5030029.85529","-75.69566","45.40737","2017","7/21/2017","2:58:00 PM","01 - Clear","00 - Unknown","10 - No control","01 - Non intersection","01 - Daylight","03 - P.D. only","07 - SMV other"
"8191","HWY417 IC121A RAMP16 btwn HIGHWAY 417 & RAYMOND ST","367107.55265","5029711.79245","-75.70406","45.40457","2017","6/2/2017","11:35:00 PM","01 - Clear","01 - Dry","10 - No control","01 - Non intersection","07 - Dark","02 - Non-fatal injury","03 - Rear end"
"8192","HWY417 IC121A RAMP16 btwn HIGHWAY 417 & RAYMOND ST","367154.43129","5029742.51674","-75.70346","45.40484","2017","1/17/2017","8:25:00 AM","01 - Clear","02 - Wet","10 - No control","01 - Non intersection","01 - Daylight","02 - Non-fatal injury","07 - SMV other"
"8193","HWY417 IC121A RAMP51 btwn HIGHWAY 417 & BRONSON AVE","367131.80145","5029672.61591","-75.70376","45.40422","2017","4/22/2017","9:43:00 AM","01 - Clear","01 - Dry","10 - No control","01 - Non intersection","01 - Daylight","03 - P.D. only","03 - Rear end"
"8194","HWY417 IC121B RAMP51 btwn HIGHWAY 417 & ROCHESTER ST","366627.04979","5029515.24758","-75.71023","45.40284","2017","2/11/2017","3:50:00 AM","03 - Snow","03 - Loose snow","10 - No control","01 - Non intersection","07 - Dark","02 - Non-fatal injury","99 - Other"
"8195","HWY417 IC121B RAMP51 btwn HIGHWAY 417 & ROCHESTER ST","366613.78145","5029511.76645","-75.71040","45.40281","2017","4/5/2017","4:15:00 PM","01 - Clear","01 - Dry","10 - No control","01 - Non intersection","01 - Daylight","03 - P.D. only","07 - SMV other"
"8196","HWY417 IC123 RAMP62 btwn ISLAND PARK DR & HIGHWAY 417","364555.64240","5028047.84833","-75.73686","45.38982","2017","12/8/2017","8:15:00 PM","03 - Snow","06 - Ice","10 - No control","01 - Non intersection","07 - Dark","02 - Non-fatal injury","07 - SMV other"
"8197","HWY417 IC124 RAMP55 btwn CARLING AVE EB & HIGHWAY 417","364426.59185","5027466.26770","-75.73858","45.38460","2017","6/30/2017","4:15:00 PM","02 - Rain","02 - Wet","10 - No control","01 - Non intersection","01 - Daylight","03 - P.D. only","03 - Rear end"
"8198","HWY417 IC124 RAMP67 btwn CARLING AVE & HIGHWAY 417","364555.85870","5027717.81232","-75.73690","45.38685","2017","12/8/2017","4:25:00 PM","01 - Clear","01 - Dry","10 - No control","01 - Non intersection","05 - Dusk","03 - P.D. only","03 - Rear end"
"8199","HWY417 IC124 RAMP67 btwn CARLING AVE & HIGHWAY 417","364396.35813","5027563.73622","-75.73895","45.38548","2017","12/28/2017","5:31:00 PM","01 - Clear","01 - Dry","10 - No control","01 - Non intersection","07 - Dark","03 - P.D. only","03 - Rear end"
"8200","HWY417 IC126 RAMP25 btwn HWY417 IC126 RAMP55 & HIGHWAY 417","363317.45005","5025960.20350","-75.75292","45.37114","2017","12/31/2017","8:00:00 AM","01 - Clear","06 - Ice","10 - No control","01 - Non intersection","01 - Daylight","02 - Non-fatal injury","03 - Rear end"
"8201","HWY417 IC126 RAMP25 btwn HWY417 IC126 RAMP55 & HIGHWAY 417","363311.73503","5025984.93327","-75.75299","45.37136","2017","12/31/2017","7:28:00 AM","01 - Clear","06 - Ice","10 - No control","01 - Non intersection","03 - Dawn","03 - P.D. only","07 - SMV other"
"8202","HWY417 IC126 RAMP25 btwn HWY417 IC126 RAMP55 & HIGHWAY 417","363309.94086","5025986.91117","-75.75301","45.37138","2017","5/14/2017","12:00:00 PM","01 - Clear","01 - Dry","10 - No control","01 - Non intersection","01 - Daylight","03 - P.D. only","07 - SMV other"
"8203","HWY417 IC126 RAMP51 btwn HIGHWAY 417 & HWY417 IC126 RAMP52","363270.60848","5025930.19680","-75.75352","45.37088","2017","2/18/2017","7:50:00 AM","01 - Clear","02 - Wet","10 - No control","01 - Non intersection","01 - Daylight","03 - P.D. only","07 - SMV other"
"8204","HWY417 IC126 RAMP52 btwn MAITLAND AVE & HWY417 IC126 RAMP51","363217.61887","5025824.91827","-75.75421","45.36993","2017","3/24/2017","10:40:00 AM","03 - Snow","05 - Packed snow","10 - No control","01 - Non intersection","01 - Daylight","03 - P.D. only","03 - Rear end"
"8205","HWY417 IC126 RAMP61 btwn HWY417 IC126 RAMP63 & HIGHWAY 417","363129.03968","5025845.90904","-75.75534","45.37013","2017","10/21/2017","11:10:00 AM","01 - Clear","01 - Dry","10 - No control","01 - Non intersection","01 - Daylight","02 - Non-fatal injury","07 - SMV other"
"8206","HWY417 IC127 RAMP25 btwn WOODROFFE AVE & HIGHWAY 417","362175.67325","5024789.71806","-75.76763","45.36070","2017","2/9/2017","9:05:00 AM","01 - Clear","01 - Dry","10 - No control","01 - Non intersection","01 - Daylight","02 - Non-fatal injury","03 - Rear end"
"8207","HWY417 IC127 RAMP51 btwn HIGHWAY 417 & HWY417 IC127 RAMP53","361866.84392","5024615.41731","-75.77159","45.35916","2017","7/24/2017","9:36:00 AM","02 - Rain","02 - Wet","10 - No control","01 - Non intersection","01 - Daylight","03 - P.D. only","07 - SMV other"
"8208","HWY417 IC127 RAMP62 btwn WOODROFFE AVE & HWY417 IC127 RAMP68","362133.40108","5024950.54403","-75.76815","45.36215","2017","10/27/2017","3:14:00 PM","01 - Clear","01 - Dry","10 - No control","01 - Non intersection","01 - Daylight","03 - P.D. only","07 - SMV other"
"8209","HWY417 IC127 RAMP62 btwn WOODROFFE AVE & HWY417 IC127 RAMP68","362123.60314","5024954.81839","-75.76828","45.36219","2017","2/9/2017","10:00:00 AM","01 - Clear","01 - Dry","10 - No control","01 - Non intersection","01 - Daylight","03 - P.D. only","03 - Rear end"
"8210","HWY417 IC127 RAMP63 btwn HIGHWAY 417 & WOODROFFE AVE","361984.49663","5024810.56904","-75.77007","45.36091","2017","8/27/2017","2:48:00 PM","01 - Clear","01 - Dry","10 - No control","01 - Non intersection","01 - Daylight","02 - Non-fatal injury","07 - SMV other"
"8211","HWY417 IC127 RAMP63 btwn HIGHWAY 417 & WOODROFFE AVE","361989.78364","5024810.95676","-75.77000","45.36091","2017","1/15/2017","3:20:00 AM","01 - Clear","01 - Dry","10 - No control","01 - Non intersection","07 - Dark","03 - P.D. only","07 - SMV other"
"8212","HWY417 IC127 RAMP63 btwn HIGHWAY 417 & WOODROFFE AVE","361981.94115","5024810.62286","-75.77010","45.36091","2017","4/24/2017","6:14:00 AM","01 - Clear","01 - Dry","10 - No control","01 - Non intersection","01 - Daylight","03 - P.D. only","07 - SMV other"
"8213","HWY417 IC127 RAMP63 btwn HIGHWAY 417 & WOODROFFE AVE","361968.23714","5024817.93302","-75.77028","45.36097","2017","2/7/2017","2:20:00 PM","01 - Clear","02 - Wet","10 - No control","01 - Non intersection","01 - Daylight","03 - P.D. only","07 - SMV other"
"8214","HWY417 IC129 RAMP25 btwn GREENBANK RD & HIGHWAY 417","360545.09696","5023560.77959","-75.78858","45.34978","2017","12/23/2017","7:02:00 PM","03 - Snow","03 - Loose snow","10 - No control","01 - Non intersection","07 - Dark","03 - P.D. only","03 - Rear end"
"8215","HWY417 IC129 RAMP51 btwn ASHLEY ST & HWY417 IC129 RAMP53","360461.57529","5023294.13326","-75.78968","45.34738","2017","4/2/2017","10:44:00 AM","01 - Clear","01 - Dry","10 - No control","01 - Non intersection","01 - Daylight","03 - P.D. only","04 - Sideswipe"
"8216","HWY417 IC129 RAMP51 btwn HIGHWAY 417 & ASHLEY ST","360155.14264","5023278.81368","-75.79359","45.34727","2017","8/30/2017","4:15:00 PM","01 - Clear","01 - Dry","10 - No control","01 - Non intersection","01 - Daylight","03 - P.D. only","03 - Rear end"
"8217","HWY417 IC129 RAMP51 btwn HIGHWAY 417 & ASHLEY ST","360188.84771","5023294.36095","-75.79316","45.34741","2017","11/22/2017","9:00:00 AM","01 - Clear","02 - Wet","10 - No control","01 - Non intersection","01 - Daylight","03 - P.D. only","04 - Sideswipe"
"8218","HWY417 IC129 RAMP51 btwn HIGHWAY 417 & ASHLEY ST","360198.30917","5023300.39240","-75.79304","45.34746","2017","3/20/2017","8:45:00 AM","01 - Clear","01 - Dry","10 - No control","01 - Non intersection","01 - Daylight","03 - P.D. only","03 - Rear end"
"8219","HWY417 IC129 RAMP51 btwn HIGHWAY 417 & ASHLEY ST","360188.95309","5023298.65491","-75.79316","45.34745","2017","5/3/2017","7:50:00 AM","01 - Clear","01 - Dry","10 - No control","01 - Non intersection","01 - Daylight","03 - P.D. only","04 - Sideswipe"
"8220","HWY417 IC129 RAMP51 btwn HIGHWAY 417 & ASHLEY ST","360193.95776","5023294.81041","-75.79309","45.34741","2017","2/11/2017","1:20:00 PM","01 - Clear","01 - Dry","10 - No control","01 - Non intersection","01 - Daylight","03 - P.D. only","99 - Other"
"8221","HWY417 IC129 RAMP51 btwn HIGHWAY 417 & ASHLEY ST","360215.84575","5023311.24924","-75.79281","45.34756","2017","6/11/2017","6:30:00 PM","01 - Clear","01 - Dry","10 - No control","01 - Non intersection","01 - Daylight","03 - P.D. only","04 - Sideswipe"
"8222","HWY417 IC129 RAMP61 btwn HWY417 IC129 RAMP63 & HIGHWAY 417","360470.51594","5023722.35015","-75.78952","45.35124","2017","11/3/2017","3:36:00 PM","01 - Clear","01 - Dry","10 - No control","01 - Non intersection","01 - Daylight","03 - P.D. only","07 - SMV other"
"8223","HWY417 IC129 RAMP61 btwn HWY417 IC129 RAMP63 & HIGHWAY 417","360618.99112","5023715.45812","-75.78762","45.35116","2017","2/24/2017","2:31:00 PM","03 - Snow","02 - Wet","10 - No control","01 - Non intersection","01 - Daylight","03 - P.D. only","07 - SMV other"