"Record","Location","X","Y","Longitude","Latitude","Year","Date","Time","Environment","Road_Surface","Traffic_Control","Collision_Location","Light","Collision_Classification","Impact_type"
"8224","HWY417 IC131 RAMP55 btwn HIGHWAY 417 & HWY416 IC75B RAMP25","358389.59480","5022765.88528","-75.81618","45.34279","2017","12/14/2017","4:55:00 PM","03 - Snow","03 - Loose snow","10 - No control","01 - Non intersection","07 - Dark","03 - P.D. only","07 - SMV other"
"8225","HWY417 IC131 RAMP55 btwn HIGHWAY 417 & HWY416 IC75B RAMP25","358365.94887","5022760.72438","-75.81648","45.34275","2017","12/18/2017","7:30:00 AM","01 - Clear","04 - Slush","10 - No control","01 - Non intersection","03 - Dawn","02 - Non-fatal injury","03 - Rear end"
"8226","HWY417 IC131 RAMP55 btwn HIGHWAY 417 & HWY416 IC75B RAMP25","358416.28202","5022774.07236","-75.81583","45.34286","2017","3/28/2017","4:55:00 AM","01 - Clear","01 - Dry","10 - No control","01 - Non intersection","07 - Dark","03 - P.D. only","07 - SMV other"
"8227","HWY417 IC131 RAMP55 btwn HIGHWAY 417 & HWY416 IC75B RAMP25","358423.63734","5022779.72178","-75.81574","45.34291","2017","2/2/2017","6:45:00 AM","01 - Clear","01 - Dry","10 - No control","01 - Non intersection","07 - Dark","03 - P.D. only","03 - Rear end"
"8228","HWY417 IC131 RAMP55 btwn HIGHWAY 417 & HWY416 IC75B RAMP25","358429.08244","5022774.21831","-75.81567","45.34286","2017","6/20/2017","9:45:00 AM","01 - Clear","01 - Dry","10 - No control","01 - Non intersection","01 - Daylight","03 - P.D. only","03 - Rear end"
"8229","HWY417 IC131 RAMP63 btwn HWY417 IC131 RAMP53 & HWY417 IC131 RAMP66","358593.80768","5022898.52364","-75.81355","45.34397","2017","12/14/2017","7:56:00 AM","01 - Clear","02 - Wet","10 - No control","01 - Non intersection","01 - Daylight","03 - P.D. only","07 - SMV other"
"8230","HWY417 IC131 RAMP66 btwn HWY417 IC130 RAMP36 & HWY417 IC131 RAMP63","358517.84690","5022911.14700","-75.81452","45.34409","2017","11/29/2017","5:05:00 PM","01 - Clear","01 - Dry","10 - No control","01 - Non intersection","07 - Dark","03 - P.D. only","03 - Rear end"
"8231","HWY417 IC131 RAMP66 btwn HWY417 IC130 RAMP36 & HWY417 IC131 RAMP63","358518.99505","5022912.30219","-75.81451","45.34410","2017","9/25/2017","4:30:00 PM","01 - Clear","01 - Dry","10 - No control","01 - Non intersection","01 - Daylight","03 - P.D. only","04 - Sideswipe"
"8232","HWY417 IC131 RAMP66 btwn HWY417 IC130 RAMP36 & HWY417 IC131 RAMP63","358513.00379","5022907.10200","-75.81459","45.34405","2017","10/21/2017","10:46:00 AM","01 - Clear","01 - Dry","10 - No control","01 - Non intersection","01 - Daylight","03 - P.D. only","04 - Sideswipe"
"8233","HWY417 IC131 RAMP66 btwn HWY417 IC130 RAMP36 & HWY417 IC131 RAMP63","358615.40125","5022950.60150","-75.81327","45.34444","2017","12/13/2017","5:30:00 PM","01 - Clear","01 - Dry","10 - No control","01 - Non intersection","07 - Dark","03 - P.D. only","03 - Rear end"
"8234","HWY417 IC131 RAMP66 btwn HWY417 IC130 RAMP36 & HWY417 IC131 RAMP63","358701.47382","5022985.64116","-75.81217","45.34475","2017","5/22/2017","6:15:00 PM","01 - Clear","01 - Dry","10 - No control","01 - Non intersection","01 - Daylight","03 - P.D. only","04 - Sideswipe"
"8235","HWY417 IC131 RAMP66 btwn HWY417 IC130 RAMP36 & HWY417 IC131 RAMP63","358457.51155","5022890.96600","-75.81529","45.34391","2017","5/31/2017","5:00:00 PM","02 - Rain","02 - Wet","10 - No control","01 - Non intersection","01 - Daylight","03 - P.D. only","03 - Rear end"
"8236","HWY417 IC131 RAMP66 btwn HWY417 IC130 RAMP36 & HWY417 IC131 RAMP63","358556.95250","5022928.85563","-75.81402","45.34425","2017","4/1/2017","7:35:00 AM","02 - Rain","02 - Wet","10 - No control","01 - Non intersection","01 - Daylight","03 - P.D. only","03 - Rear end"
"8237","HWY417 IC131 RAMP66 btwn HWY417 IC130 RAMP36 & HWY417 IC131 RAMP63","358537.12909","5022914.72570","-75.81428","45.34412","2017","2/15/2017","8:00:00 PM","03 - Snow","03 - Loose snow","10 - No control","01 - Non intersection","07 - Dark","03 - P.D. only","07 - SMV other"
"8238","HWY417 IC131 RAMP66 btwn HWY417 IC130 RAMP36 & HWY417 IC131 RAMP63","358457.76877","5022894.29927","-75.81529","45.34394","2017","4/27/2017","8:35:00 AM","01 - Clear","01 - Dry","10 - No control","01 - Non intersection","01 - Daylight","02 - Non-fatal injury","04 - Sideswipe"
"8239","HWY417 IC134 RAMP36 btwn HIGHWAY 417 & HWY417 IC134 RAMP66","356187.37525","5022167.68480","-75.84434","45.33757","2017","6/8/2017","9:30:00 PM","01 - Clear","01 - Dry","10 - No control","01 - Non intersection","07 - Dark","03 - P.D. only","07 - SMV other"
"8240","HWY417 IC134 RAMP51 btwn HIGHWAY 417 & HWY417 IC134 RAMP53","356139.02845","5022052.18869","-75.84497","45.33654","2017","1/4/2017","6:30:00 AM","03 - Snow","06 - Ice","10 - No control","01 - Non intersection","07 - Dark","03 - P.D. only","07 - SMV other"
"8241","HWY417 IC138 RAMP25 btwn EAGLESON RD & EAGLESON RD","353034.17107","5020032.51700","-75.88477","45.31859","2017","3/3/2017","4:58:00 PM","01 - Clear","01 - Dry","10 - No control","01 - Non intersection","01 - Daylight","03 - P.D. only","03 - Rear end"
"8242","HWY417 IC138 RAMP35 btwn HIGHWAY 417 & EAGLESON RD","352886.36998","5020162.70916","-75.88665","45.31977","2017","4/2/2017","12:10:00 AM","01 - Clear","01 - Dry","10 - No control","01 - Non intersection","07 - Dark","03 - P.D. only","07 - SMV other"
"8243","HWY417 IC138 RAMP51 btwn HIGHWAY 417 & EAGLESON RD","352776.39641","5020012.32646","-75.88806","45.31842","2017","6/25/2017","9:00:00 PM","01 - Clear","01 - Dry","10 - No control","01 - Non intersection","05 - Dusk","02 - Non-fatal injury","04 - Sideswipe"
"8244","HWY417 IC138 RAMP61 btwn HWY417 IC138 RAMP62 & HIGHWAY 417","353203.18009","5020496.38098","-75.88257","45.32275","2017","2/12/2017","3:30:00 PM","03 - Snow","03 - Loose snow","10 - No control","01 - Non intersection","01 - Daylight","03 - P.D. only","07 - SMV other"
"8245","HWY417 IC138 RAMP61 btwn HWY417 IC138 RAMP62 & HIGHWAY 417","353378.70567","5020528.43048","-75.88033","45.32302","2017","6/20/2017","8:55:00 AM","01 - Clear","01 - Dry","10 - No control","01 - Non intersection","01 - Daylight","03 - P.D. only","03 - Rear end"
"8246","HWY417 IC140 RAMP25 btwn TERRY FOX DR & HIGHWAY 417","351093.81448","5018623.75587","-75.90965","45.30604","2017","2/15/2017","9:45:00 AM","01 - Clear","03 - Loose snow","10 - No control","01 - Non intersection","01 - Daylight","03 - P.D. only","07 - SMV other"
"8247","HWY417 IC140 RAMP35 btwn TERRY FOX DR & HIGHWAY 417","350883.00262","5018497.86986","-75.91235","45.30492","2017","7/19/2017","9:25:00 PM","01 - Clear","01 - Dry","10 - No control","01 - Non intersection","07 - Dark","03 - P.D. only","07 - SMV other"
"8248","HWY417 IC140 RAMP36 btwn TERRY FOX DR & HIGHWAY 417","350718.03213","5018485.63812","-75.91446","45.30482","2017","12/31/2017","12:38:00 AM","01 - Clear","06 - Ice","10 - No control","01 - Non intersection","07 - Dark","03 - P.D. only","07 - SMV other"
"8249","HWY417 IC140 RAMP36 btwn TERRY FOX DR & HIGHWAY 417","350767.68378","5018527.98550","-75.91382","45.30520","2017","2/11/2017","12:45:00 PM","03 - Snow","03 - Loose snow","10 - No control","01 - Non intersection","01 - Daylight","03 - P.D. only","04 - Sideswipe"
"8250","HWY417 IC142 RAMP51 btwn HIGHWAY 417 & HWY417 IC142 RAMP52","348883.24631","5016970.02080","-75.93799","45.29130","2017","12/18/2017","11:04:00 AM","03 - Snow","03 - Loose snow","10 - No control","01 - Non intersection","01 - Daylight","03 - P.D. only","07 - SMV other"
"8251","HWY417 IC142 RAMP61 btwn HWY417 IC142 RAMP63 & HIGHWAY 417","348906.34099","5017459.16466","-75.93765","45.29570","2017","7/25/2017","11:00:00 AM","01 - Clear","01 - Dry","10 - No control","01 - Non intersection","01 - Daylight","02 - Non-fatal injury","03 - Rear end"
"8252","HWY417 IC144 RAMP61 btwn HWY417 IC144 RAMP63 & HIGHWAY 417","347731.87488","5016179.01300","-75.95274","45.28426","2017","9/16/2017","2:57:00 AM","01 - Clear","01 - Dry","10 - No control","01 - Non intersection","07 - Dark","03 - P.D. only","07 - SMV other"
"8253","HWY417 IC144 RAMP61 btwn HWY417 IC144 RAMP63 & HIGHWAY 417","347672.77053","5016133.31153","-75.95349","45.28385","2017","6/17/2017","2:55:00 PM","01 - Clear","01 - Dry","10 - No control","01 - Non intersection","01 - Daylight","03 - P.D. only","07 - SMV other"
"8254","HWY417 IC145 RAMP55 btwn HIGHWAY 7 & HIGHWAY 417","346269.97327","5014713.35557","-75.97149","45.27115","2017","11/30/2017","7:30:00 PM","02 - Rain","02 - Wet","10 - No control","01 - Non intersection","07 - Dark","03 - P.D. only","07 - SMV other"
"8255","HWY417 IC155 RAMP25 btwn MARCH RD & HIGHWAY 417","340146.95669","5019150.90365","-76.04921","45.31142","2017","1/3/2017","4:30:00 PM","03 - Snow","03 - Loose snow","10 - No control","01 - Non intersection","05 - Dusk","03 - P.D. only","07 - SMV other"
"8256","HWY417 IC155 RAMP51 btwn HIGHWAY 417 & MARCH RD","339189.66539","5019324.36243","-76.06140","45.31303","2017","3/8/2017","7:43:00 AM","01 - Clear","06 - Ice","10 - No control","01 - Non intersection","01 - Daylight","03 - P.D. only","07 - SMV other"
"8257","HWY417 IC163 RAMP61 btwn PANMURE RD & HIGHWAY 417","331786.08816","5021402.10329","-76.15571","45.33205","2017","11/11/2017","2:30:00 AM","01 - Clear","01 - Dry","10 - No control","01 - Non intersection","07 - Dark","03 - P.D. only","07 - SMV other"
"8258","HWY417 IC180 RAMP35 btwn HWY417 IC180 RAMP25 & HIGHWAY 417","317950.13724","5030871.32267","-76.33198","45.41765","2017","2/5/2017","10:26:00 AM","03 - Snow","03 - Loose snow","10 - No control","01 - Non intersection","01 - Daylight","03 - P.D. only","07 - SMV other"
"8259","HWY417 IC88 RAMP16 btwn HIGHWAY 417 & ROCKDALE RD","395434.69639","5022506.86801","-75.34359","45.33665","2017","2/1/2017","6:15:00 AM","01 - Clear","06 - Ice","10 - No control","01 - Non intersection","07 - Dark","03 - P.D. only","07 - SMV other"
"8260","HWY417 IC88 RAMP16 btwn HIGHWAY 417 & ROCKDALE RD","395394.72620","5022498.70169","-75.34410","45.33659","2017","7/2/2017","12:30:00 AM","01 - Clear","01 - Dry","10 - No control","01 - Non intersection","07 - Dark","01 - Fatal injury","07 - SMV other"
"8261","HWY417 IC88 RAMP51 btwn HIGHWAY 417 & ROCKDALE RD","394974.99405","5022398.16000","-75.34947","45.33574","2017","10/1/2017","1:00:00 AM","01 - Clear","01 - Dry","10 - No control","01 - Non intersection","07 - Dark","03 - P.D. only","07 - SMV other"
"8262","HWY417 IC96 RAMP15 btwn BOUNDARY RD & RAMP","387294.90295","5023740.11126","-75.44722","45.34875","2017","6/22/2017","1:30:00 PM","01 - Clear","01 - Dry","10 - No control","01 - Non intersection","01 - Daylight","03 - P.D. only","07 - SMV other"
"8263","HWY417 IC96 RAMP51 btwn HIGHWAY 417 & BOUNDARY RD","387099.50232","5023863.28700","-75.44969","45.34989","2017","5/13/2017","7:50:00 AM","01 - Clear","01 - Dry","10 - No control","01 - Non intersection","01 - Daylight","03 - P.D. only","07 - SMV other"
"8264","IBER RD btwn HARRY DOUGLAS DR & ABBOTT ST E","351755.56234","5015135.41496","-75.90155","45.27461","2017","1/11/2017","2:30:00 PM","01 - Clear","04 - Slush","10 - No control","04 - At/near private drive","01 - Daylight","02 - Non-fatal injury","03 - Rear end"
"8265","IMPERIAL AVE btwn BRONSON AVE & CHAMBERLAIN AVE","367336.42905","5029656.26073","-75.70115","45.40405","2017","5/15/2017","9:00:00 AM","01 - Clear","01 - Dry","10 - No control","04 - At/near private drive","01 - Daylight","02 - Non-fatal injury","02 - Angle"
"8266","IMPERIAL AVE btwn BRONSON AVE & CHAMBERLAIN AVE","367341.11133","5029655.59183","-75.70109","45.40404","2017","11/16/2017","9:11:00 AM","02 - Rain","02 - Wet","10 - No control","04 - At/near private drive","01 - Daylight","03 - P.D. only","03 - Rear end"
"8267","INDUSTRIAL AVE @ ALTA VISTA DR/SANDFORD FLEMIN","370886.39604","5030556.23221","-75.65568","45.41182","2017","6/25/2017","7:41:00 AM","01 - Clear","01 - Dry","01 - Traffic signal","03 - At intersection","01 - Daylight","03 - P.D. only","02 - Angle"
"8268","INDUSTRIAL AVE @ ALTA VISTA DR/SANDFORD FLEMIN","370885.05825","5030558.23890","-75.65570","45.41184","2017","5/20/2017","6:19:00 AM","01 - Clear","01 - Dry","01 - Traffic signal","03 - At intersection","01 - Daylight","02 - Non-fatal injury","02 - Angle"
"8269","INDUSTRIAL AVE @ ALTA VISTA DR/SANDFORD FLEMIN","370884.30340","5030558.12486","-75.65571","45.41184","2017","5/12/2017","9:15:00 AM","01 - Clear","01 - Dry","01 - Traffic signal","02 - Intersection related","01 - Daylight","03 - P.D. only","03 - Rear end"
"8270","INDUSTRIAL AVE @ ALTA VISTA DR/SANDFORD FLEMIN","370885.61534","5030556.45956","-75.65569","45.41182","2017","5/31/2017","3:35:00 PM","01 - Clear","01 - Dry","01 - Traffic signal","02 - Intersection related","01 - Daylight","03 - P.D. only","03 - Rear end"
"8271","INDUSTRIAL AVE @ ALTA VISTA DR/SANDFORD FLEMIN","370885.46630","5030557.60341","-75.65570","45.41183","2017","7/19/2017","4:31:00 PM","01 - Clear","01 - Dry","01 - Traffic signal","02 - Intersection related","01 - Daylight","03 - P.D. only","03 - Rear end"
"8272","INDUSTRIAL AVE @ ALTA VISTA DR/SANDFORD FLEMIN","370884.72380","5030556.89961","-75.65571","45.41183","2017","7/23/2017","11:00:00 AM","01 - Clear","01 - Dry","01 - Traffic signal","02 - Intersection related","01 - Daylight","03 - P.D. only","05 - Turning movement"
"8273","INDUSTRIAL AVE @ ALTA VISTA DR/SANDFORD FLEMIN","370885.56695","5030555.91537","-75.65569","45.41182","2017","8/12/2017","2:50:00 PM","01 - Clear","01 - Dry","01 - Traffic signal","03 - At intersection","01 - Daylight","03 - P.D. only","05 - Turning movement"
"8274","INDUSTRIAL AVE @ ALTA VISTA DR/SANDFORD FLEMIN","370885.67959","5030557.33105","-75.65569","45.41183","2017","9/7/2017","8:00:00 PM","02 - Rain","02 - Wet","01 - Traffic signal","03 - At intersection","05 - Dusk","03 - P.D. only","05 - Turning movement"
"8275","INDUSTRIAL AVE @ ALTA VISTA DR/SANDFORD FLEMIN","370885.20170","5030557.33105","-75.65570","45.41183","2017","12/7/2017","4:47:00 PM","01 - Clear","01 - Dry","01 - Traffic signal","03 - At intersection","05 - Dusk","03 - P.D. only","05 - Turning movement"
"8276","INDUSTRIAL AVE @ ALTA VISTA DR/SANDFORD FLEMIN","370884.72380","5030558.28006","-75.65571","45.41184","2017","12/14/2017","3:36:00 PM","01 - Clear","04 - Slush","01 - Traffic signal","03 - At intersection","01 - Daylight","03 - P.D. only","03 - Rear end"
"8277","INDUSTRIAL AVE @ ALTA VISTA DR/SANDFORD FLEMIN","370883.72046","5030558.23890","-75.65572","45.41184","2017","11/26/2017","6:58:00 PM","03 - Snow","03 - Loose snow","01 - Traffic signal","03 - At intersection","07 - Dark","03 - P.D. only","05 - Turning movement"
"8278","INDUSTRIAL AVE @ ALTA VISTA DR/SANDFORD FLEMIN","370885.52131","5030556.25861","-75.65570","45.41182","2017","1/4/2017","8:33:00 PM","01 - Clear","04 - Slush","01 - Traffic signal","02 - Intersection related","07 - Dark","03 - P.D. only","03 - Rear end"
"8279","INDUSTRIAL AVE @ ALTA VISTA DR/SANDFORD FLEMIN","370885.81670","5030557.02355","-75.65569","45.41183","2017","1/27/2017","12:13:00 PM","01 - Clear","01 - Dry","01 - Traffic signal","02 - Intersection related","01 - Daylight","03 - P.D. only","03 - Rear end"
"8280","INDUSTRIAL AVE @ ALTA VISTA DR/SANDFORD FLEMIN","370885.72714","5030556.90110","-75.65569","45.41183","2017","3/29/2017","4:00:00 PM","01 - Clear","01 - Dry","01 - Traffic signal","02 - Intersection related","01 - Daylight","03 - P.D. only","04 - Sideswipe"
"8281","INDUSTRIAL AVE @ ALTA VISTA DR/SANDFORD FLEMIN","370885.05825","5030556.23221","-75.65570","45.41182","2017","4/17/2017","1:25:00 PM","01 - Clear","01 - Dry","01 - Traffic signal","03 - At intersection","01 - Daylight","03 - P.D. only","05 - Turning movement"
"8282","INDUSTRIAL AVE @ ALTA VISTA DR/SANDFORD FLEMIN","370885.72714","5030557.57000","-75.65569","45.41183","2017","4/20/2017","11:47:00 AM","01 - Clear","01 - Dry","01 - Traffic signal","02 - Intersection related","01 - Daylight","02 - Non-fatal injury","03 - Rear end"
"8283","INDUSTRIAL AVE @ NEIGHBORHOOD WAY","371091.82785","5030527.78056","-75.65306","45.41155","2017","8/11/2017","3:25:00 PM","01 - Clear","01 - Dry","02 - Stop sign","03 - At intersection","01 - Daylight","02 - Non-fatal injury","03 - Rear end"
"8284","INDUSTRIAL AVE @ NEIGHBORHOOD WAY","371093.72504","5030528.89489","-75.65304","45.41156","2017","4/5/2017","8:21:00 AM","01 - Clear","01 - Dry","02 - Stop sign","03 - At intersection","01 - Daylight","02 - Non-fatal injury","02 - Angle"
"8285","INDUSTRIAL AVE @ RIVERSIDE DR","370684.74591","5030592.53110","-75.65826","45.41217","2017","6/7/2017","2:49:00 PM","01 - Clear","01 - Dry","01 - Traffic signal","03 - At intersection","01 - Daylight","03 - P.D. only","04 - Sideswipe"
"8286","INDUSTRIAL AVE @ RIVERSIDE DR","370685.93626","5030592.85781","-75.65824","45.41217","2017","7/28/2017","3:20:00 PM","01 - Clear","01 - Dry","01 - Traffic signal","02 - Intersection related","01 - Daylight","03 - P.D. only","04 - Sideswipe"
"8287","INDUSTRIAL AVE @ RIVERSIDE DR","370683.80012","5030592.32378","-75.65827","45.41217","2017","7/15/2017","1:45:00 PM","01 - Clear","01 - Dry","01 - Traffic signal","02 - Intersection related","01 - Daylight","03 - P.D. only","03 - Rear end"
"8288","INDUSTRIAL AVE @ RIVERSIDE DR","370685.05305","5030593.89119","-75.65825","45.41218","2017","7/14/2017","2:30:00 PM","01 - Clear","01 - Dry","01 - Traffic signal","03 - At intersection","01 - Daylight","03 - P.D. only","03 - Rear end"
"8289","INDUSTRIAL AVE @ RIVERSIDE DR","370685.72194","5030594.56009","-75.65824","45.41219","2017","6/28/2017","12:16:00 PM","01 - Clear","01 - Dry","01 - Traffic signal","02 - Intersection related","01 - Daylight","03 - P.D. only","03 - Rear end"
"8290","INDUSTRIAL AVE @ RIVERSIDE DR","370685.32743","5030592.85781","-75.65825","45.41217","2017","7/21/2017","11:11:00 AM","01 - Clear","01 - Dry","01 - Traffic signal","02 - Intersection related","01 - Daylight","03 - P.D. only","03 - Rear end"
"8291","INDUSTRIAL AVE @ RIVERSIDE DR","370684.38415","5030592.55340","-75.65826","45.41217","2017","11/14/2017","9:13:00 AM","01 - Clear","01 - Dry","01 - Traffic signal","02 - Intersection related","01 - Daylight","03 - P.D. only","04 - Sideswipe"
"8292","INDUSTRIAL AVE @ RIVERSIDE DR","370685.67439","5030592.31445","-75.65824","45.41217","2017","11/1/2017","7:12:00 PM","02 - Rain","02 - Wet","01 - Traffic signal","02 - Intersection related","07 - Dark","03 - P.D. only","04 - Sideswipe"
"8293","INDUSTRIAL AVE @ RIVERSIDE DR","370683.71526","5030593.22230","-75.65827","45.41217","2017","11/15/2017","3:00:00 PM","01 - Clear","01 - Dry","01 - Traffic signal","02 - Intersection related","01 - Daylight","03 - P.D. only","03 - Rear end"
"8294","INDUSTRIAL AVE @ RIVERSIDE DR","370683.00186","5030592.55340","-75.65828","45.41217","2017","1/9/2017","1:01:00 PM","01 - Clear","01 - Dry","01 - Traffic signal","02 - Intersection related","01 - Daylight","03 - P.D. only","03 - Rear end"
"8295","INDUSTRIAL AVE @ RIVERSIDE DR","370685.46907","5030590.67723","-75.65825","45.41215","2017","2/17/2017","10:33:00 AM","01 - Clear","02 - Wet","01 - Traffic signal","02 - Intersection related","01 - Daylight","03 - P.D. only","03 - Rear end"
"8296","INDUSTRIAL AVE @ RIVERSIDE DR","370684.71700","5030591.81812","-75.65826","45.41216","2017","4/2/2017","4:25:00 PM","01 - Clear","01 - Dry","01 - Traffic signal","02 - Intersection related","01 - Daylight","03 - P.D. only","03 - Rear end"
"8297","INDUSTRIAL AVE @ RIVERSIDE DR","370684.38415","5030593.22230","-75.65826","45.41217","2017","4/19/2017","1:47:00 PM","02 - Rain","02 - Wet","01 - Traffic signal","02 - Intersection related","01 - Daylight","03 - P.D. only","04 - Sideswipe"
"8298","INDUSTRIAL AVE @ RIVERSIDE DR","370685.72194","5030592.55340","-75.65824","45.41217","2017","3/17/2017","12:49:00 PM","01 - Clear","01 - Dry","01 - Traffic signal","03 - At intersection","01 - Daylight","03 - P.D. only","04 - Sideswipe"
"8299","INDUSTRIAL AVE @ RIVERSIDE DR","370685.72194","5030592.55340","-75.65824","45.41217","2017","4/18/2017","6:40:00 PM","01 - Clear","01 - Dry","01 - Traffic signal","02 - Intersection related","01 - Daylight","03 - P.D. only","02 - Angle"
"8300","INDUSTRIAL AVE @ RIVERSIDE DR","370684.38415","5030593.22230","-75.65826","45.41217","2017","4/15/2017","11:54:00 AM","01 - Clear","01 - Dry","01 - Traffic signal","02 - Intersection related","01 - Daylight","03 - P.D. only","03 - Rear end"
"8301","INDUSTRIAL AVE @ RIVERSIDE DR","370685.19197","5030592.31671","-75.65825","45.41217","2017","12/26/2017","12:56:00 PM","01 - Clear","01 - Dry","01 - Traffic signal","03 - At intersection","01 - Daylight","03 - P.D. only","02 - Angle"
"8302","INDUSTRIAL AVE @ RIVERSIDE DR","370684.71668","5030592.55433","-75.65826","45.41217","2017","12/20/2017","5:43:00 PM","01 - Clear","02 - Wet","01 - Traffic signal","02 - Intersection related","07 - Dark","03 - P.D. only","03 - Rear end"
"8303","INDUSTRIAL AVE @ RIVERSIDE DR","370684.83494","5030592.30521","-75.65825","45.41217","2017","12/27/2017","12:32:00 PM","03 - Snow","06 - Ice","01 - Traffic signal","02 - Intersection related","01 - Daylight","03 - P.D. only","03 - Rear end"
"8304","INDUSTRIAL AVE @ RUSSELL RD","372466.20197","5030278.84304","-75.63554","45.40917","2017","11/9/2017","4:47:00 PM","01 - Clear","01 - Dry","01 - Traffic signal","03 - At intersection","05 - Dusk","03 - P.D. only","05 - Turning movement"
"8305","INDUSTRIAL AVE @ RUSSELL RD","372466.73194","5030280.89089","-75.63553","45.40919","2017","11/26/2017","8:28:00 PM","03 - Snow","03 - Loose snow","01 - Traffic signal","03 - At intersection","07 - Dark","02 - Non-fatal injury","05 - Turning movement"
"8306","INDUSTRIAL AVE @ RUSSELL RD","372467.06326","5030279.72597","-75.63553","45.40918","2017","1/6/2017","5:16:00 PM","01 - Clear","06 - Ice","01 - Traffic signal","02 - Intersection related","05 - Dusk","03 - P.D. only","03 - Rear end"
"8307","INDUSTRIAL AVE @ TRAINYARDS DR","371685.62065","5030538.81000","-75.64548","45.41159","2017","4/29/2017","7:35:00 PM","01 - Clear","01 - Dry","01 - Traffic signal","03 - At intersection","01 - Daylight","02 - Non-fatal injury","07 - SMV other"
"8308","INDUSTRIAL AVE @ TRAINYARDS DR","371686.28955","5030538.14111","-75.64547","45.41158","2017","6/10/2017","3:34:00 PM","01 - Clear","01 - Dry","01 - Traffic signal","02 - Intersection related","01 - Daylight","03 - P.D. only","03 - Rear end"
"8309","INDUSTRIAL AVE @ TRAINYARDS DR","371686.42847","5030540.18896","-75.64547","45.41160","2017","9/29/2017","7:46:00 AM","01 - Clear","01 - Dry","01 - Traffic signal","02 - Intersection related","01 - Daylight","02 - Non-fatal injury","03 - Rear end"
"8310","INDUSTRIAL AVE @ TRAINYARDS DR","371688.50261","5030538.45990","-75.64544","45.41159","2017","12/12/2017","12:19:00 PM","03 - Snow","05 - Packed snow","01 - Traffic signal","03 - At intersection","01 - Daylight","03 - P.D. only","05 - Turning movement"
"8311","INDUSTRIAL AVE @ TRAINYARDS DR","371684.95176","5030539.47890","-75.64549","45.41160","2017","11/12/2017","11:39:00 AM","01 - Clear","01 - Dry","01 - Traffic signal","02 - Intersection related","01 - Daylight","03 - P.D. only","03 - Rear end"
"8312","INDUSTRIAL AVE @ TRAINYARDS DR","371684.28286","5030540.81669","-75.64549","45.41161","2017","11/17/2017","2:30:00 PM","01 - Clear","01 - Dry","01 - Traffic signal","03 - At intersection","01 - Daylight","03 - P.D. only","05 - Turning movement"
"8313","INDUSTRIAL AVE btwn NEIGHBORHOOD WAY & TRAINYARDS DR","371380.13010","5030552.29184","-75.64938","45.41174","2017","7/11/2017","6:31:00 PM","01 - Clear","01 - Dry","10 - No control","01 - Non intersection","01 - Daylight","03 - P.D. only","04 - Sideswipe"
"8314","INDUSTRIAL AVE btwn NEIGHBORHOOD WAY & TRAINYARDS DR","371599.45570","5030549.75369","-75.64658","45.41170","2017","8/5/2017","10:33:00 AM","01 - Clear","01 - Dry","10 - No control","04 - At/near private drive","01 - Daylight","03 - P.D. only","02 - Angle"
"8315","INDUSTRIAL AVE btwn NEIGHBORHOOD WAY & TRAINYARDS DR","371308.29052","5030543.91213","-75.65030","45.41167","2017","12/2/2017","5:37:00 PM","01 - Clear","01 - Dry","10 - No control","04 - At/near private drive","07 - Dark","03 - P.D. only","02 - Angle"
"8316","INDUSTRIAL AVE btwn RIVERSIDE DR & SANDFORD FLEMING AVE","370794.35225","5030573.28610","-75.65686","45.41198","2017","10/20/2017","6:13:00 PM","01 - Clear","01 - Dry","10 - No control","01 - Non intersection","01 - Daylight","03 - P.D. only","03 - Rear end"
"8317","INDUSTRIAL AVE btwn RIVERSIDE DR & SANDFORD FLEMING AVE","370833.35765","5030566.75458","-75.65636","45.41192","2017","10/17/2017","7:20:00 PM","01 - Clear","01 - Dry","10 - No control","01 - Non intersection","07 - Dark","03 - P.D. only","04 - Sideswipe"
"8318","INDUSTRIAL AVE btwn RIVERSIDE DR & SANDFORD FLEMING AVE","370700.43766","5030591.88450","-75.65805","45.41216","2017","11/23/2017","10:49:00 AM","01 - Clear","01 - Dry","10 - No control","01 - Non intersection","01 - Daylight","02 - Non-fatal injury","03 - Rear end"
"8319","INDUSTRIAL AVE btwn RIVERSIDE DR & SANDFORD FLEMING AVE","370733.46412","5030584.19020","-75.65763","45.41209","2017","11/1/2017","3:55:00 PM","01 - Clear","01 - Dry","10 - No control","01 - Non intersection","01 - Daylight","03 - P.D. only","03 - Rear end"
"8320","INDUSTRIAL AVE btwn RIVERSIDE DR & SANDFORD FLEMING AVE","370875.25634","5030558.28006","-75.65583","45.41184","2017","1/18/2017","6:01:00 PM","02 - Rain","02 - Wet","10 - No control","01 - Non intersection","07 - Dark","03 - P.D. only","03 - Rear end"
"8321","INDUSTRIAL AVE btwn RIVERSIDE DR & SANDFORD FLEMING AVE","370782.71711","5030574.29241","-75.65701","45.41199","2017","2/26/2017","8:46:00 PM","01 - Clear","02 - Wet","10 - No control","01 - Non intersection","07 - Dark","03 - P.D. only","04 - Sideswipe"
"8322","INDUSTRIAL AVE btwn RUSSELL RD & ST. LAURENT BLVD","373031.16553","5029970.11519","-75.62837","45.40634","2017","6/7/2017","3:54:00 PM","01 - Clear","01 - Dry","10 - No control","04 - At/near private drive","01 - Daylight","03 - P.D. only","05 - Turning movement"
"8323","INDUSTRIAL AVE btwn RUSSELL RD & ST. LAURENT BLVD","373026.21178","5029966.49604","-75.62843","45.40631","2017","7/18/2017","8:00:00 AM","01 - Clear","01 - Dry","10 - No control","01 - Non intersection","01 - Daylight","03 - P.D. only","03 - Rear end"
"8324","INDUSTRIAL AVE btwn RUSSELL RD & ST. LAURENT BLVD","373050.21561","5029979.34292","-75.62812","45.40642","2017","4/19/2017","4:30:00 PM","01 - Clear","01 - Dry","10 - No control","04 - At/near private drive","01 - Daylight","03 - P.D. only","05 - Turning movement"