"Record","Location","X","Y","Longitude","Latitude","Year","Date","Time","Environment","Road_Surface","Traffic_Control","Collision_Location","Light","Collision_Classification","Impact_type"
"8325","INDUSTRIAL AVE btwn RUSSELL RD & ST. LAURENT BLVD","372746.10522","5030020.75374","-75.63200","45.40683","2017","4/7/2017","8:58:00 AM","02 - Rain","02 - Wet","10 - No control","04 - At/near private drive","01 - Daylight","02 - Non-fatal injury","02 - Angle"
"8326","INDUSTRIAL AVE btwn RUSSELL RD & ST. LAURENT BLVD","372783.77031","5029993.05190","-75.63152","45.40657","2017","3/28/2017","10:17:00 AM","01 - Clear","02 - Wet","10 - No control","04 - At/near private drive","01 - Daylight","03 - P.D. only","02 - Angle"
"8327","INDUSTRIAL AVE btwn RUSSELL RD & ST. LAURENT BLVD","372712.78425","5030057.77449","-75.63242","45.40716","2017","4/7/2017","8:58:00 AM","02 - Rain","02 - Wet","10 - No control","01 - Non intersection","01 - Daylight","02 - Non-fatal injury","07 - SMV other"
"8328","INDUSTRIAL AVE btwn SANDFORD FLEMING AVE & NEIGHBORHOOD WAY","371073.65815","5030527.55710","-75.65330","45.41155","2017","4/25/2017","3:24:00 PM","02 - Rain","02 - Wet","10 - No control","01 - Non intersection","01 - Daylight","03 - P.D. only","05 - Turning movement"
"8329","INDUSTRIAL AVE btwn SANDFORD FLEMING AVE & NEIGHBORHOOD WAY","371072.22041","5030528.48233","-75.65331","45.41155","2017","1/7/2017","7:04:00 PM","01 - Clear","02 - Wet","10 - No control","01 - Non intersection","07 - Dark","03 - P.D. only","04 - Sideswipe"
"8330","INDUSTRIAL AVE btwn SANDFORD FLEMING AVE & NEIGHBORHOOD WAY","370925.86092","5030551.54993","-75.65518","45.41178","2017","2/20/2017","4:29:00 PM","01 - Clear","01 - Dry","10 - No control","01 - Non intersection","01 - Daylight","03 - P.D. only","04 - Sideswipe"
"8331","INDUSTRIAL AVE btwn TRAINYARDS DR & RUSSELL RD","372019.80234","5030458.23468","-75.64122","45.41083","2017","5/25/2017","11:32:00 AM","01 - Clear","01 - Dry","10 - No control","01 - Non intersection","01 - Daylight","03 - P.D. only","05 - Turning movement"
"8332","INDUSTRIAL AVE btwn TRAINYARDS DR & RUSSELL RD","371784.73423","5030522.83073","-75.64421","45.41144","2017","8/24/2017","2:43:00 PM","01 - Clear","01 - Dry","10 - No control","01 - Non intersection","01 - Daylight","03 - P.D. only","03 - Rear end"
"8333","INDUSTRIAL AVE btwn TRAINYARDS DR & RUSSELL RD","372017.07862","5030461.31098","-75.64125","45.41086","2017","7/7/2017","8:15:00 PM","01 - Clear","01 - Dry","10 - No control","01 - Non intersection","05 - Dusk","03 - P.D. only","05 - Turning movement"
"8334","INDUSTRIAL AVE btwn TRAINYARDS DR & RUSSELL RD","371934.58999","5030488.19534","-75.64230","45.41111","2017","8/16/2017","8:16:00 AM","01 - Clear","01 - Dry","10 - No control","04 - At/near private drive","01 - Daylight","03 - P.D. only","05 - Turning movement"
"8335","INDUSTRIAL AVE btwn TRAINYARDS DR & RUSSELL RD","371958.32315","5030480.28938","-75.64200","45.41104","2017","10/14/2017","3:45:00 PM","01 - Clear","01 - Dry","10 - No control","01 - Non intersection","01 - Daylight","03 - P.D. only","04 - Sideswipe"
"8336","INDUSTRIAL AVE btwn TRAINYARDS DR & RUSSELL RD","372145.23694","5030415.46695","-75.63962","45.41044","2017","11/1/2017","3:59:00 PM","01 - Clear","02 - Wet","10 - No control","04 - At/near private drive","01 - Daylight","03 - P.D. only","05 - Turning movement"
"8337","INDUSTRIAL AVE btwn TRAINYARDS DR & RUSSELL RD","372027.33052","5030456.27710","-75.64112","45.41081","2017","12/11/2017","4:25:00 PM","01 - Clear","01 - Dry","10 - No control","01 - Non intersection","05 - Dusk","03 - P.D. only","05 - Turning movement"
"8338","INDUSTRIAL AVE btwn TRAINYARDS DR & RUSSELL RD","372170.75810","5030407.77158","-75.63930","45.41036","2017","1/3/2017","5:28:00 PM","03 - Snow","04 - Slush","10 - No control","04 - At/near private drive","05 - Dusk","03 - P.D. only","02 - Angle"
"8339","INDUSTRIAL AVE btwn TRAINYARDS DR & RUSSELL RD","372341.13844","5030341.84818","-75.63713","45.40975","2017","2/7/2017","8:49:00 AM","01 - Clear","02 - Wet","10 - No control","01 - Non intersection","01 - Daylight","03 - P.D. only","03 - Rear end"
"8340","INDUSTRIAL AVE btwn TRAINYARDS DR & RUSSELL RD","371915.61470","5030490.68526","-75.64255","45.41113","2017","1/23/2017","7:23:00 PM","01 - Clear","01 - Dry","10 - No control","01 - Non intersection","07 - Dark","02 - Non-fatal injury","03 - Rear end"
"8341","INDUSTRIAL AVE btwn TRAINYARDS DR & RUSSELL RD","372450.00954","5030285.57317","-75.63575","45.40924","2017","3/23/2017","3:43:00 PM","01 - Clear","01 - Dry","10 - No control","01 - Non intersection","01 - Daylight","02 - Non-fatal injury","07 - SMV other"
"8342","INDUSTRIAL AVE btwn TRAINYARDS DR & RUSSELL RD","372004.15692","5030464.46742","-75.64142","45.41089","2017","3/28/2017","9:03:00 AM","01 - Clear","02 - Wet","10 - No control","04 - At/near private drive","01 - Daylight","02 - Non-fatal injury","02 - Angle"
"8343","INDUSTRIAL AVE btwn TRAINYARDS DR & RUSSELL RD","371871.69610","5030507.09767","-75.64310","45.41129","2017","4/21/2017","2:36:00 PM","02 - Rain","02 - Wet","10 - No control","04 - At/near private drive","01 - Daylight","03 - P.D. only","02 - Angle"
"8344","INDUSTRIAL AVE/INNES RD @ ST. LAURENT BLVD","373098.57606","5030009.20921","-75.62750","45.40669","2017","5/8/2017","11:52:00 AM","02 - Rain","02 - Wet","01 - Traffic signal","02 - Intersection related","01 - Daylight","03 - P.D. only","03 - Rear end"
"8345","INDUSTRIAL AVE/INNES RD @ ST. LAURENT BLVD","373098.50974","5030005.87111","-75.62750","45.40666","2017","8/1/2017","10:32:00 AM","01 - Clear","01 - Dry","01 - Traffic signal","02 - Intersection related","01 - Daylight","03 - P.D. only","04 - Sideswipe"
"8346","INDUSTRIAL AVE/INNES RD @ ST. LAURENT BLVD","373098.65645","5030005.83444","-75.62750","45.40666","2017","7/31/2017","10:11:00 AM","01 - Clear","01 - Dry","01 - Traffic signal","03 - At intersection","01 - Daylight","02 - Non-fatal injury","04 - Sideswipe"
"8347","INDUSTRIAL AVE/INNES RD @ ST. LAURENT BLVD","373100.65902","5030007.40317","-75.62747","45.40667","2017","8/26/2017","10:46:00 AM","01 - Clear","01 - Dry","01 - Traffic signal","02 - Intersection related","01 - Daylight","03 - P.D. only","03 - Rear end"
"8348","INDUSTRIAL AVE/INNES RD @ ST. LAURENT BLVD","373099.06147","5030005.78868","-75.62749","45.40666","2017","8/24/2017","9:56:00 AM","01 - Clear","01 - Dry","01 - Traffic signal","02 - Intersection related","01 - Daylight","03 - P.D. only","03 - Rear end"
"8349","INDUSTRIAL AVE/INNES RD @ ST. LAURENT BLVD","373100.36536","5030005.24772","-75.62748","45.40665","2017","7/27/2017","7:51:00 AM","01 - Clear","01 - Dry","01 - Traffic signal","03 - At intersection","01 - Daylight","03 - P.D. only","05 - Turning movement"
"8350","INDUSTRIAL AVE/INNES RD @ ST. LAURENT BLVD","373099.24950","5030004.84985","-75.62749","45.40665","2017","8/13/2017","3:02:00 PM","01 - Clear","01 - Dry","01 - Traffic signal","02 - Intersection related","01 - Daylight","03 - P.D. only","03 - Rear end"
"8351","INDUSTRIAL AVE/INNES RD @ ST. LAURENT BLVD","373099.26816","5030005.33708","-75.62749","45.40665","2017","7/26/2017","10:03:00 PM","01 - Clear","01 - Dry","01 - Traffic signal","02 - Intersection related","07 - Dark","03 - P.D. only","03 - Rear end"
"8352","INDUSTRIAL AVE/INNES RD @ ST. LAURENT BLVD","373099.72740","5030005.35095","-75.62749","45.40665","2017","8/20/2017","8:20:00 PM","01 - Clear","01 - Dry","01 - Traffic signal","02 - Intersection related","05 - Dusk","03 - P.D. only","02 - Angle"
"8353","INDUSTRIAL AVE/INNES RD @ ST. LAURENT BLVD","373100.62076","5030005.74426","-75.62747","45.40666","2017","7/10/2017","5:30:00 PM","01 - Clear","01 - Dry","01 - Traffic signal","02 - Intersection related","01 - Daylight","03 - P.D. only","04 - Sideswipe"
"8354","INDUSTRIAL AVE/INNES RD @ ST. LAURENT BLVD","373099.39295","5030005.56670","-75.62749","45.40665","2017","10/20/2017","6:42:00 PM","01 - Clear","01 - Dry","01 - Traffic signal","02 - Intersection related","05 - Dusk","03 - P.D. only","03 - Rear end"
"8355","INDUSTRIAL AVE/INNES RD @ ST. LAURENT BLVD","373099.72740","5030004.85664","-75.62749","45.40665","2017","9/22/2017","5:00:00 PM","01 - Clear","01 - Dry","01 - Traffic signal","02 - Intersection related","01 - Daylight","03 - P.D. only","03 - Rear end"
"8356","INDUSTRIAL AVE/INNES RD @ ST. LAURENT BLVD","373100.68319","5030005.80565","-75.62747","45.40666","2017","9/6/2017","4:00:00 PM","01 - Clear","01 - Dry","01 - Traffic signal","02 - Intersection related","01 - Daylight","03 - P.D. only","03 - Rear end"
"8357","INDUSTRIAL AVE/INNES RD @ ST. LAURENT BLVD","373100.27385","5030004.47380","-75.62748","45.40664","2017","10/5/2017","2:15:00 PM","01 - Clear","01 - Dry","01 - Traffic signal","02 - Intersection related","01 - Daylight","03 - P.D. only","03 - Rear end"
"8358","INDUSTRIAL AVE/INNES RD @ ST. LAURENT BLVD","373099.61537","5030005.60413","-75.62749","45.40665","2017","10/19/2017","4:23:00 PM","01 - Clear","01 - Dry","01 - Traffic signal","02 - Intersection related","01 - Daylight","03 - P.D. only","03 - Rear end"
"8359","INDUSTRIAL AVE/INNES RD @ ST. LAURENT BLVD","373099.55132","5030007.40317","-75.62749","45.40667","2017","10/10/2017","5:01:00 PM","01 - Clear","01 - Dry","01 - Traffic signal","02 - Intersection related","01 - Daylight","03 - P.D. only","04 - Sideswipe"
"8360","INDUSTRIAL AVE/INNES RD @ ST. LAURENT BLVD","373099.39295","5030007.57339","-75.62749","45.40667","2017","11/19/2017","7:57:00 AM","03 - Snow","04 - Slush","01 - Traffic signal","02 - Intersection related","01 - Daylight","02 - Non-fatal injury","07 - SMV other"
"8361","INDUSTRIAL AVE/INNES RD @ ST. LAURENT BLVD","373100.58920","5030005.36844","-75.62748","45.40665","2017","11/6/2017","6:32:00 PM","01 - Clear","01 - Dry","01 - Traffic signal","02 - Intersection related","07 - Dark","03 - P.D. only","03 - Rear end"
"8362","INDUSTRIAL AVE/INNES RD @ ST. LAURENT BLVD","373102.87443","5030004.08006","-75.62745","45.40664","2017","12/12/2017","3:01:00 PM","03 - Snow","03 - Loose snow","01 - Traffic signal","02 - Intersection related","01 - Daylight","03 - P.D. only","03 - Rear end"
"8363","INDUSTRIAL AVE/INNES RD @ ST. LAURENT BLVD","373099.72740","5030006.11315","-75.62749","45.40666","2017","2/2/2017","6:48:00 PM","01 - Clear","01 - Dry","01 - Traffic signal","02 - Intersection related","07 - Dark","03 - P.D. only","03 - Rear end"
"8364","INDUSTRIAL AVE/INNES RD @ ST. LAURENT BLVD","373100.58577","5030005.56670","-75.62748","45.40665","2017","1/7/2017","3:40:00 PM","01 - Clear","06 - Ice","01 - Traffic signal","02 - Intersection related","01 - Daylight","03 - P.D. only","03 - Rear end"
"8365","INDUSTRIAL AVE/INNES RD @ ST. LAURENT BLVD","373098.08582","5030010.34801","-75.62751","45.40670","2017","1/12/2017","6:53:00 PM","02 - Rain","02 - Wet","01 - Traffic signal","02 - Intersection related","07 - Dark","03 - P.D. only","04 - Sideswipe"
"8366","INDUSTRIAL AVE/INNES RD @ ST. LAURENT BLVD","373100.47787","5030005.19147","-75.62748","45.40665","2017","4/3/2017","5:10:00 PM","01 - Clear","01 - Dry","01 - Traffic signal","02 - Intersection related","01 - Daylight","03 - P.D. only","03 - Rear end"
"8367","INDUSTRIAL AVE/INNES RD @ ST. LAURENT BLVD","373098.97693","5030004.44100","-75.62750","45.40664","2017","2/24/2017","3:07:00 PM","01 - Clear","02 - Wet","01 - Traffic signal","02 - Intersection related","01 - Daylight","02 - Non-fatal injury","03 - Rear end"
"8368","INDUSTRIAL AVE/INNES RD @ ST. LAURENT BLVD","373099.72740","5030006.76144","-75.62749","45.40667","2017","12/28/2017","7:43:00 PM","01 - Clear","01 - Dry","01 - Traffic signal","02 - Intersection related","07 - Dark","03 - P.D. only","03 - Rear end"
"8369","INDUSTRIAL AVE/INNES RD @ ST. LAURENT BLVD","373100.20077","5030004.85664","-75.62748","45.40665","2017","12/31/2017","10:37:00 AM","01 - Clear","06 - Ice","01 - Traffic signal","03 - At intersection","01 - Daylight","03 - P.D. only","03 - Rear end"
"8370","INDUSTRIAL AVE/INNES RD @ ST. LAURENT BLVD","373099.24950","5030005.32775","-75.62749","45.40665","2017","12/20/2017","4:08:00 PM","01 - Clear","01 - Dry","01 - Traffic signal","02 - Intersection related","05 - Dusk","03 - P.D. only","03 - Rear end"
"8371","INDUSTRIAL AVE/INNES RD @ ST. LAURENT BLVD","373100.20529","5030004.61090","-75.62748","45.40665","2017","12/16/2017","11:24:00 AM","01 - Clear","01 - Dry","01 - Traffic signal","02 - Intersection related","01 - Daylight","02 - Non-fatal injury","03 - Rear end"
"8372","INDUSTRIAL AVE/INNES RD @ ST. LAURENT BLVD","373100.67415","5030005.80339","-75.62747","45.40666","2017","12/28/2017","1:45:00 PM","01 - Clear","01 - Dry","01 - Traffic signal","02 - Intersection related","01 - Daylight","03 - P.D. only","03 - Rear end"
"8373","INGLEWOOD PL btwn HOLLAND AVE & HINTON AVE S","365410.48568","5028239.29900","-75.72592","45.39147","2017","12/14/2017","12:00:00 AM","01 - Clear","02 - Wet","10 - No control","01 - Non intersection","00 - Unknown","03 - P.D. only","06 - SMV unattended vehicle"
"8374","INNES RD @ 215 W OF CYRVILLE RD/HOME DEPOT W","374864.88894","5031001.45270","-75.60480","45.41544","2017","6/28/2017","11:31:00 AM","01 - Clear","01 - Dry","01 - Traffic signal","02 - Intersection related","01 - Daylight","03 - P.D. only","03 - Rear end"
"8375","INNES RD @ 215 W OF CYRVILLE RD/HOME DEPOT W","374864.88894","5031002.12159","-75.60480","45.41545","2017","10/31/2017","7:08:00 AM","01 - Clear","01 - Dry","01 - Traffic signal","03 - At intersection","01 - Daylight","02 - Non-fatal injury","02 - Angle"
"8376","INNES RD @ 240 E OF TENTH LINE RD/HOME DEPOT E","384169.11334","5036255.75110","-75.48509","45.46172","2017","7/4/2017","4:26:00 PM","01 - Clear","01 - Dry","01 - Traffic signal","02 - Intersection related","01 - Daylight","03 - P.D. only","03 - Rear end"
"8377","INNES RD @ 240 E OF TENTH LINE RD/HOME DEPOT E","384167.77555","5036255.08221","-75.48511","45.46171","2017","7/8/2017","7:13:00 PM","01 - Clear","01 - Dry","01 - Traffic signal","03 - At intersection","01 - Daylight","02 - Non-fatal injury","07 - SMV other"
"8378","INNES RD @ 260 E OF BELCOURT BLVD/WALMART SC","382347.53385","5035399.63510","-75.50851","45.45422","2017","5/1/2017","12:10:00 PM","02 - Rain","02 - Wet","01 - Traffic signal","02 - Intersection related","01 - Daylight","03 - P.D. only","03 - Rear end"
"8379","INNES RD @ 260 E OF BELCOURT BLVD/WALMART SC","382347.30572","5035399.04469","-75.50852","45.45422","2017","7/15/2017","9:09:00 PM","01 - Clear","01 - Dry","01 - Traffic signal","02 - Intersection related","05 - Dusk","03 - P.D. only","05 - Turning movement"
"8380","INNES RD @ 260 E OF BELCOURT BLVD/WALMART SC","382346.44925","5035398.99183","-75.50853","45.45422","2017","3/24/2017","8:26:00 PM","03 - Snow","02 - Wet","01 - Traffic signal","03 - At intersection","07 - Dark","03 - P.D. only","07 - SMV other"
"8381","INNES RD @ 298 E OF WILDFLOWER DR/LOBLAWS SC","383190.75039","5035796.56134","-75.49767","45.45770","2017","10/26/2017","3:07:00 PM","01 - Clear","01 - Dry","01 - Traffic signal","03 - At intersection","01 - Daylight","02 - Non-fatal injury","07 - SMV other"
"8382","INNES RD @ 298 E OF WILDFLOWER DR/LOBLAWS SC","383188.08032","5035795.51851","-75.49771","45.45769","2017","11/6/2017","4:27:00 PM","01 - Clear","01 - Dry","01 - Traffic signal","02 - Intersection related","05 - Dusk","02 - Non-fatal injury","05 - Turning movement"
"8383","INNES RD @ 298 E OF WILDFLOWER DR/LOBLAWS SC","383190.22528","5035796.39335","-75.49768","45.45770","2017","11/22/2017","10:48:00 AM","01 - Clear","01 - Dry","01 - Traffic signal","02 - Intersection related","01 - Daylight","02 - Non-fatal injury","03 - Rear end"
"8384","INNES RD @ 473 E OF PAGE RD/BUILDERS' WAREHOUS","381302.45851","5034779.41199","-75.52197","45.44876","2017","7/5/2017","3:30:00 PM","01 - Clear","01 - Dry","01 - Traffic signal","02 - Intersection related","01 - Daylight","03 - P.D. only","03 - Rear end"
"8385","INNES RD @ BEARBROOK RD/GLEN PARK DR E","377995.73694","5032843.23950","-75.56453","45.43169","2017","5/10/2017","3:34:00 PM","01 - Clear","01 - Dry","01 - Traffic signal","02 - Intersection related","01 - Daylight","03 - P.D. only","03 - Rear end"
"8386","INNES RD @ BEARBROOK RD/GLEN PARK DR E","377994.41336","5032843.34419","-75.56454","45.43169","2017","3/24/2017","10:15:00 AM","03 - Snow","05 - Packed snow","01 - Traffic signal","02 - Intersection related","01 - Daylight","03 - P.D. only","02 - Angle"
"8387","INNES RD @ BEARBROOK RD/GLEN PARK DR E","377994.39915","5032843.23950","-75.56454","45.43169","2017","4/20/2017","5:08:00 PM","01 - Clear","01 - Dry","01 - Traffic signal","02 - Intersection related","01 - Daylight","02 - Non-fatal injury","03 - Rear end"
"8388","INNES RD @ BEARBROOK RD/GLEN PARK DR E","377993.98313","5032843.69630","-75.56455","45.43170","2017","4/3/2017","3:48:00 PM","01 - Clear","01 - Dry","01 - Traffic signal","02 - Intersection related","01 - Daylight","03 - P.D. only","03 - Rear end"
"8389","INNES RD @ EASTPARK DR E/RONDEL ST","378794.05854","5033317.12847","-75.55425","45.43587","2017","6/6/2017","8:17:00 AM","01 - Clear","02 - Wet","02 - Stop sign","03 - At intersection","01 - Daylight","03 - P.D. only","02 - Angle"
"8390","INNES RD @ JEANNE D'ARC BLVD/MER BLEUE RD","382638.08805","5035568.89149","-75.50477","45.45571","2017","5/6/2017","8:08:00 PM","02 - Rain","02 - Wet","01 - Traffic signal","03 - At intersection","05 - Dusk","02 - Non-fatal injury","05 - Turning movement"
"8391","INNES RD @ JEANNE D'ARC BLVD/MER BLEUE RD","382637.15210","5035566.65144","-75.50479","45.45569","2017","7/17/2017","3:56:00 PM","01 - Clear","01 - Dry","01 - Traffic signal","02 - Intersection related","01 - Daylight","03 - P.D. only","03 - Rear end"
"8392","INNES RD @ JEANNE D'ARC BLVD/MER BLEUE RD","382638.18510","5035567.76945","-75.50477","45.45570","2017","8/19/2017","3:06:00 PM","01 - Clear","01 - Dry","01 - Traffic signal","03 - At intersection","01 - Daylight","03 - P.D. only","02 - Angle"
"8393","INNES RD @ JEANNE D'ARC BLVD/MER BLEUE RD","382637.21086","5035567.82507","-75.50478","45.45570","2017","10/8/2017","9:50:00 AM","01 - Clear","01 - Dry","01 - Traffic signal","02 - Intersection related","01 - Daylight","02 - Non-fatal injury","03 - Rear end"
"8394","INNES RD @ JEANNE D'ARC BLVD/MER BLEUE RD","382636.75026","5035568.89149","-75.50479","45.45571","2017","10/13/2017","6:32:00 PM","01 - Clear","01 - Dry","01 - Traffic signal","02 - Intersection related","07 - Dark","03 - P.D. only","04 - Sideswipe"
"8395","INNES RD @ JEANNE D'ARC BLVD/MER BLEUE RD","382637.28023","5035566.84364","-75.50478","45.45569","2017","10/12/2017","8:06:00 AM","01 - Clear","01 - Dry","01 - Traffic signal","03 - At intersection","01 - Daylight","03 - P.D. only","05 - Turning movement"
"8396","INNES RD @ JEANNE D'ARC BLVD/MER BLEUE RD","382637.24410","5035569.59171","-75.50478","45.45572","2017","10/18/2017","1:47:00 AM","01 - Clear","01 - Dry","01 - Traffic signal","02 - Intersection related","07 - Dark","03 - P.D. only","07 - SMV other"
"8397","INNES RD @ JEANNE D'ARC BLVD/MER BLEUE RD","382636.80685","5035567.55370","-75.50479","45.45570","2017","9/22/2017","4:35:00 PM","01 - Clear","01 - Dry","01 - Traffic signal","02 - Intersection related","01 - Daylight","03 - P.D. only","03 - Rear end"
"8398","INNES RD @ JEANNE D'ARC BLVD/MER BLEUE RD","382636.75026","5035568.89149","-75.50479","45.45571","2017","11/20/2017","3:01:00 PM","01 - Clear","01 - Dry","01 - Traffic signal","03 - At intersection","01 - Daylight","03 - P.D. only","05 - Turning movement"
"8399","INNES RD @ JEANNE D'ARC BLVD/MER BLEUE RD","382636.75026","5035566.21591","-75.50479","45.45569","2017","11/6/2017","11:20:00 AM","01 - Clear","01 - Dry","01 - Traffic signal","02 - Intersection related","01 - Daylight","03 - P.D. only","04 - Sideswipe"
"8400","INNES RD @ JEANNE D'ARC BLVD/MER BLEUE RD","382638.15758","5035568.28691","-75.50477","45.45571","2017","2/8/2017","4:26:00 PM","01 - Clear","02 - Wet","01 - Traffic signal","02 - Intersection related","01 - Daylight","03 - P.D. only","02 - Angle"
"8401","INNES RD @ JEANNE D'ARC BLVD/MER BLEUE RD","382636.66070","5035565.91436","-75.50479","45.45569","2017","1/29/2017","1:02:00 PM","03 - Snow","02 - Wet","01 - Traffic signal","02 - Intersection related","01 - Daylight","03 - P.D. only","03 - Rear end"
"8402","INNES RD @ JEANNE D'ARC BLVD/MER BLEUE RD","382640.82591","5035567.14962","-75.50474","45.45570","2017","2/7/2017","6:09:00 PM","04 - Freezing Rain","06 - Ice","01 - Traffic signal","03 - At intersection","07 - Dark","03 - P.D. only","05 - Turning movement"
"8403","INNES RD @ JEANNE D'ARC BLVD/MER BLEUE RD","382639.07708","5035568.73597","-75.50476","45.45571","2017","1/24/2017","4:27:00 PM","01 - Clear","02 - Wet","01 - Traffic signal","03 - At intersection","01 - Daylight","02 - Non-fatal injury","05 - Turning movement"
"8404","INNES RD @ JEANNE D'ARC BLVD/MER BLEUE RD","382653.89936","5035567.21816","-75.50457","45.45570","2017","1/6/2017","8:35:00 PM","01 - Clear","06 - Ice","01 - Traffic signal","03 - At intersection","07 - Dark","03 - P.D. only","05 - Turning movement"
"8405","INNES RD @ JEANNE D'ARC BLVD/MER BLEUE RD","382637.75360","5035567.00725","-75.50478","45.45570","2017","2/1/2017","2:30:00 PM","01 - Clear","02 - Wet","01 - Traffic signal","02 - Intersection related","01 - Daylight","03 - P.D. only","03 - Rear end"
"8406","INNES RD @ JEANNE D'ARC BLVD/MER BLEUE RD","382637.01094","5035565.49117","-75.50479","45.45568","2017","1/2/2017","2:41:00 PM","01 - Clear","02 - Wet","01 - Traffic signal","02 - Intersection related","01 - Daylight","03 - P.D. only","03 - Rear end"
"8407","INNES RD @ JEANNE D'ARC BLVD/MER BLEUE RD","382638.29634","5035567.28233","-75.50477","45.45570","2017","1/14/2017","1:02:00 AM","01 - Clear","01 - Dry","01 - Traffic signal","02 - Intersection related","07 - Dark","03 - P.D. only","02 - Angle"
"8408","INNES RD @ JEANNE D'ARC BLVD/MER BLEUE RD","382639.42584","5035567.55370","-75.50476","45.45570","2017","3/8/2017","7:45:00 PM","01 - Clear","01 - Dry","01 - Traffic signal","02 - Intersection related","07 - Dark","03 - P.D. only","03 - Rear end"
"8409","INNES RD @ JEANNE D'ARC BLVD/MER BLEUE RD","382638.08805","5035566.21591","-75.50477","45.45569","2017","4/13/2017","12:30:00 PM","01 - Clear","01 - Dry","01 - Traffic signal","02 - Intersection related","01 - Daylight","03 - P.D. only","03 - Rear end"
"8410","INNES RD @ JEANNE D'ARC BLVD/MER BLEUE RD","382639.42584","5035566.88480","-75.50476","45.45569","2017","3/21/2017","6:06:00 PM","01 - Clear","01 - Dry","01 - Traffic signal","03 - At intersection","05 - Dusk","03 - P.D. only","05 - Turning movement"
"8411","INNES RD @ JEANNE D'ARC BLVD/MER BLEUE RD","382637.41915","5035568.89149","-75.50478","45.45571","2017","3/22/2017","8:12:00 AM","01 - Clear","01 - Dry","01 - Traffic signal","03 - At intersection","01 - Daylight","02 - Non-fatal injury","05 - Turning movement"
"8412","INNES RD @ JEANNE D'ARC BLVD/MER BLEUE RD","382638.11846","5035569.37970","-75.50477","45.45572","2017","12/23/2017","4:30:00 PM","03 - Snow","03 - Loose snow","01 - Traffic signal","03 - At intersection","05 - Dusk","03 - P.D. only","05 - Turning movement"
"8413","INNES RD @ JEANNE D'ARC BLVD/MER BLEUE RD","382638.70035","5035566.37027","-75.50477","45.45569","2017","12/26/2017","8:58:00 AM","05 - Drifting Snow","05 - Packed snow","01 - Traffic signal","02 - Intersection related","01 - Daylight","03 - P.D. only","03 - Rear end"
"8414","INNES RD @ JEANNE D'ARC BLVD/MER BLEUE RD","382639.17372","5035567.79039","-75.50476","45.45570","2017","12/26/2017","3:17:00 PM","01 - Clear","01 - Dry","01 - Traffic signal","03 - At intersection","01 - Daylight","03 - P.D. only","04 - Sideswipe"
"8415","INNES RD @ JEANNE D'ARC BLVD/MER BLEUE RD","382638.22697","5035568.26376","-75.50477","45.45571","2017","12/19/2017","8:26:00 AM","01 - Clear","03 - Loose snow","01 - Traffic signal","03 - At intersection","01 - Daylight","03 - P.D. only","02 - Angle"
"8416","INNES RD @ JEANNE D'ARC BLVD/MER BLEUE RD","382637.40711","5035567.27089","-75.50478","45.45570","2017","12/26/2017","1:37:00 PM","01 - Clear","01 - Dry","01 - Traffic signal","02 - Intersection related","01 - Daylight","03 - P.D. only","03 - Rear end"
"8417","INNES RD @ JEANNE D'ARC BLVD/MER BLEUE RD","382638.91432","5035566.71155","-75.50476","45.45569","2017","12/20/2017","5:45:00 PM","01 - Clear","02 - Wet","01 - Traffic signal","02 - Intersection related","07 - Dark","03 - P.D. only","03 - Rear end"
"8418","INNES RD @ KEYSTONE CRT","379268.74600","5033584.66264","-75.54815","45.43823","2017","7/23/2017","5:57:00 PM","01 - Clear","01 - Dry","02 - Stop sign","02 - Intersection related","01 - Daylight","03 - P.D. only","03 - Rear end"
"8419","INNES RD @ ORCHARDVIEW AVE/ESPRIT DR","384842.74253","5036565.53052","-75.47643","45.46443","2017","6/28/2017","5:40:00 PM","01 - Clear","01 - Dry","01 - Traffic signal","02 - Intersection related","01 - Daylight","03 - P.D. only","03 - Rear end"
"8420","INNES RD @ ORCHARDVIEW AVE/ESPRIT DR","384843.60401","5036561.35613","-75.47642","45.46439","2017","8/18/2017","12:05:00 PM","01 - Clear","02 - Wet","01 - Traffic signal","03 - At intersection","01 - Daylight","03 - P.D. only","02 - Angle"
"8421","INNES RD @ ORCHARDVIEW AVE/ESPRIT DR","384846.72325","5036560.56000","-75.47638","45.46439","2017","9/28/2017","11:42:00 AM","01 - Clear","01 - Dry","01 - Traffic signal","03 - At intersection","01 - Daylight","02 - Non-fatal injury","05 - Turning movement"
"8422","INNES RD @ ORCHARDVIEW AVE/ESPRIT DR","384845.09905","5036559.22171","-75.47640","45.46437","2017","3/9/2017","8:18:00 AM","01 - Clear","01 - Dry","01 - Traffic signal","02 - Intersection related","01 - Daylight","03 - P.D. only","03 - Rear end"
"8423","INNES RD @ ORLEANS BLVD","380461.12955","5034297.07190","-75.53280","45.44451","2017","5/18/2017","8:47:00 AM","01 - Clear","01 - Dry","01 - Traffic signal","03 - At intersection","01 - Daylight","02 - Non-fatal injury","07 - SMV other"
"8424","INNES RD @ ORLEANS BLVD","380461.57128","5034294.85064","-75.53279","45.44449","2017","6/2/2017","1:39:00 PM","01 - Clear","01 - Dry","01 - Traffic signal","03 - At intersection","01 - Daylight","03 - P.D. only","05 - Turning movement"
"8425","INNES RD @ ORLEANS BLVD","380460.46065","5034297.74079","-75.53281","45.44452","2017","6/22/2017","4:30:00 PM","01 - Clear","01 - Dry","01 - Traffic signal","02 - Intersection related","01 - Daylight","03 - P.D. only","03 - Rear end"
"8426","INNES RD @ ORLEANS BLVD","380459.22963","5034296.32320","-75.53282","45.44450","2017","6/29/2017","4:10:00 PM","02 - Rain","02 - Wet","01 - Traffic signal","02 - Intersection related","01 - Daylight","03 - P.D. only","04 - Sideswipe"