"Record","Location","X","Y","Longitude","Latitude","Year","Date","Time","Environment","Road_Surface","Traffic_Control","Collision_Location","Light","Collision_Classification","Impact_type"
"8427","INNES RD @ ORLEANS BLVD","380460.32173","5034296.63969","-75.53281","45.44451","2017","9/7/2017","7:24:00 AM","02 - Rain","02 - Wet","01 - Traffic signal","02 - Intersection related","01 - Daylight","03 - P.D. only","03 - Rear end"
"8428","INNES RD @ ORLEANS BLVD","380461.12955","5034297.07190","-75.53280","45.44451","2017","11/16/2017","6:28:00 PM","02 - Rain","02 - Wet","01 - Traffic signal","03 - At intersection","07 - Dark","03 - P.D. only","05 - Turning movement"
"8429","INNES RD @ ORLEANS BLVD","380459.12286","5034297.74079","-75.53282","45.44452","2017","11/22/2017","4:17:00 PM","01 - Clear","01 - Dry","01 - Traffic signal","03 - At intersection","01 - Daylight","02 - Non-fatal injury","02 - Angle"
"8430","INNES RD @ ORLEANS BLVD","380461.26847","5034296.16631","-75.53280","45.44450","2017","1/13/2017","2:41:00 PM","01 - Clear","01 - Dry","01 - Traffic signal","02 - Intersection related","01 - Daylight","02 - Non-fatal injury","03 - Rear end"
"8431","INNES RD @ ORLEANS BLVD","380461.65347","5034297.26137","-75.53279","45.44451","2017","1/2/2017","1:43:00 PM","01 - Clear","01 - Dry","01 - Traffic signal","02 - Intersection related","01 - Daylight","03 - P.D. only","03 - Rear end"
"8432","INNES RD @ ORLEANS BLVD","380460.46065","5034297.74079","-75.53281","45.44452","2017","2/15/2017","9:00:00 AM","03 - Snow","03 - Loose snow","01 - Traffic signal","02 - Intersection related","01 - Daylight","03 - P.D. only","03 - Rear end"
"8433","INNES RD @ ORLEANS BLVD","380462.13289","5034295.73410","-75.53279","45.44450","2017","1/22/2017","4:30:00 PM","01 - Clear","01 - Dry","01 - Traffic signal","02 - Intersection related","01 - Daylight","03 - P.D. only","03 - Rear end"
"8434","INNES RD @ ORLEANS BLVD","380460.79510","5034296.40300","-75.53280","45.44450","2017","4/2/2017","11:32:00 AM","01 - Clear","01 - Dry","01 - Traffic signal","02 - Intersection related","01 - Daylight","03 - P.D. only","04 - Sideswipe"
"8435","INNES RD @ ORLEANS BLVD","380460.79510","5034296.02777","-75.53280","45.44450","2017","3/30/2017","6:22:00 PM","01 - Clear","01 - Dry","01 - Traffic signal","02 - Intersection related","05 - Dusk","03 - P.D. only","03 - Rear end"
"8436","INNES RD @ ORLEANS BLVD","380460.46065","5034295.73410","-75.53281","45.44450","2017","3/6/2017","4:38:00 PM","04 - Freezing Rain","02 - Wet","01 - Traffic signal","03 - At intersection","01 - Daylight","02 - Non-fatal injury","05 - Turning movement"
"8437","INNES RD @ PAGE RD","380888.08345","5034539.88560","-75.52730","45.44665","2017","6/1/2017","12:22:00 PM","01 - Clear","01 - Dry","01 - Traffic signal","03 - At intersection","01 - Daylight","02 - Non-fatal injury","05 - Turning movement"
"8438","INNES RD @ PAGE RD","380887.41455","5034540.55450","-75.52731","45.44665","2017","11/23/2017","4:52:00 PM","03 - Snow","02 - Wet","01 - Traffic signal","02 - Intersection related","05 - Dusk","03 - P.D. only","04 - Sideswipe"
"8439","INNES RD @ PAGE RD","380888.08345","5034541.22340","-75.52730","45.44666","2017","11/29/2017","4:51:00 PM","01 - Clear","01 - Dry","01 - Traffic signal","03 - At intersection","05 - Dusk","02 - Non-fatal injury","02 - Angle"
"8440","INNES RD @ PAGE RD","380887.41455","5034540.55450","-75.52731","45.44665","2017","11/20/2017","8:01:00 AM","04 - Freezing Rain","06 - Ice","01 - Traffic signal","02 - Intersection related","01 - Daylight","03 - P.D. only","03 - Rear end"
"8441","INNES RD @ PAGE RD","380887.74900","5034539.83765","-75.52731","45.44665","2017","11/3/2017","6:30:00 PM","01 - Clear","01 - Dry","01 - Traffic signal","02 - Intersection related","07 - Dark","03 - P.D. only","03 - Rear end"
"8442","INNES RD @ PAGE RD","380888.29545","5034541.64740","-75.52730","45.44666","2017","2/1/2017","1:36:00 PM","01 - Clear","02 - Wet","01 - Traffic signal","02 - Intersection related","01 - Daylight","03 - P.D. only","03 - Rear end"
"8443","INNES RD @ PEPIN CRT","377207.74204","5032352.89099","-75.57467","45.42736","2017","10/28/2017","1:32:00 PM","01 - Clear","01 - Dry","02 - Stop sign","03 - At intersection","01 - Daylight","02 - Non-fatal injury","05 - Turning movement"
"8444","INNES RD @ PORTOBELLO BLVD","385631.43525","5036891.88270","-75.46629","45.46728","2017","5/18/2017","7:38:00 AM","01 - Clear","01 - Dry","01 - Traffic signal","03 - At intersection","01 - Daylight","02 - Non-fatal injury","99 - Other"
"8445","INNES RD @ PORTOBELLO BLVD","385630.34958","5036893.26166","-75.46630","45.46729","2017","9/7/2017","10:13:00 AM","01 - Clear","01 - Dry","01 - Traffic signal","03 - At intersection","01 - Daylight","02 - Non-fatal injury","05 - Turning movement"
"8446","INNES RD @ PORTOBELLO BLVD","385631.29633","5036892.31491","-75.46629","45.46728","2017","10/22/2017","12:05:00 PM","01 - Clear","01 - Dry","01 - Traffic signal","02 - Intersection related","01 - Daylight","03 - P.D. only","03 - Rear end"
"8447","INNES RD @ PORTOBELLO BLVD","385632.27920","5036892.55160","-75.46628","45.46728","2017","11/29/2017","2:13:00 PM","01 - Clear","01 - Dry","01 - Traffic signal","03 - At intersection","01 - Daylight","03 - P.D. only","05 - Turning movement"
"8448","INNES RD @ PROVENCE AVE","386109.18536","5037083.29120","-75.46015","45.46894","2017","5/3/2017","11:03:00 AM","01 - Clear","01 - Dry","01 - Traffic signal","02 - Intersection related","01 - Daylight","03 - P.D. only","03 - Rear end"
"8449","INNES RD @ PROVENCE AVE","386110.03642","5037083.81462","-75.46014","45.46895","2017","10/24/2017","7:05:00 PM","01 - Clear","01 - Dry","01 - Traffic signal","03 - At intersection","07 - Dark","03 - P.D. only","02 - Angle"
"8450","INNES RD @ PROVENCE AVE","386110.90246","5037083.76550","-75.46013","45.46895","2017","12/12/2017","7:01:00 PM","03 - Snow","03 - Loose snow","01 - Traffic signal","03 - At intersection","07 - Dark","03 - P.D. only","02 - Angle"
"8451","INNES RD @ PROVENCE AVE","386111.19204","5037083.96010","-75.46012","45.46895","2017","3/1/2017","7:45:00 AM","02 - Rain","02 - Wet","01 - Traffic signal","02 - Intersection related","01 - Daylight","03 - P.D. only","03 - Rear end"
"8452","INNES RD @ PROVENCE AVE","386109.69949","5037085.56997","-75.46014","45.46896","2017","12/20/2017","9:00:00 PM","01 - Clear","01 - Dry","01 - Traffic signal","02 - Intersection related","07 - Dark","03 - P.D. only","07 - SMV other"
"8453","INNES RD @ STAR TOP RD/WINDMILL LANE","374147.72580","5030666.25975","-75.61401","45.41250","2017","7/14/2017","3:30:00 PM","01 - Clear","01 - Dry","01 - Traffic signal","02 - Intersection related","01 - Daylight","03 - P.D. only","03 - Rear end"
"8454","INNES RD @ STAR TOP RD/WINDMILL LANE","374148.19917","5030666.79719","-75.61400","45.41250","2017","8/24/2017","2:22:00 PM","01 - Clear","01 - Dry","01 - Traffic signal","03 - At intersection","01 - Daylight","03 - P.D. only","05 - Turning movement"
"8455","INNES RD @ STAR TOP RD/WINDMILL LANE","374148.06025","5030667.89829","-75.61400","45.41251","2017","6/29/2017","2:19:00 PM","02 - Rain","02 - Wet","01 - Traffic signal","02 - Intersection related","01 - Daylight","03 - P.D. only","03 - Rear end"
"8456","INNES RD @ STAR TOP RD/WINDMILL LANE","374146.77905","5030666.32381","-75.61402","45.41250","2017","10/16/2017","6:18:00 AM","01 - Clear","01 - Dry","01 - Traffic signal","03 - At intersection","03 - Dawn","03 - P.D. only","05 - Turning movement"
"8457","INNES RD @ STAR TOP RD/WINDMILL LANE","374148.27225","5030667.65340","-75.61400","45.41251","2017","10/6/2017","1:17:00 PM","01 - Clear","01 - Dry","01 - Traffic signal","02 - Intersection related","01 - Daylight","03 - P.D. only","04 - Sideswipe"
"8458","INNES RD @ STAR TOP RD/WINDMILL LANE","374147.39135","5030667.22940","-75.61401","45.41250","2017","11/19/2017","6:59:00 AM","03 - Snow","03 - Loose snow","01 - Traffic signal","02 - Intersection related","03 - Dawn","03 - P.D. only","03 - Rear end"
"8459","INNES RD @ STAR TOP RD/WINDMILL LANE","374146.72246","5030664.55381","-75.61402","45.41248","2017","11/14/2017","3:47:00 PM","01 - Clear","01 - Dry","01 - Traffic signal","02 - Intersection related","01 - Daylight","03 - P.D. only","03 - Rear end"
"8460","INNES RD @ STAR TOP RD/WINDMILL LANE","374148.06025","5030668.56719","-75.61400","45.41252","2017","11/24/2017","5:13:00 PM","01 - Clear","01 - Dry","01 - Traffic signal","02 - Intersection related","07 - Dark","03 - P.D. only","03 - Rear end"
"8461","INNES RD @ STAR TOP RD/WINDMILL LANE","374148.06025","5030664.55381","-75.61400","45.41248","2017","11/13/2017","3:11:00 PM","01 - Clear","01 - Dry","01 - Traffic signal","03 - At intersection","01 - Daylight","03 - P.D. only","02 - Angle"
"8462","INNES RD @ STAR TOP RD/WINDMILL LANE","374146.72246","5030667.22940","-75.61402","45.41250","2017","11/11/2017","5:48:00 PM","01 - Clear","01 - Dry","01 - Traffic signal","03 - At intersection","07 - Dark","02 - Non-fatal injury","05 - Turning movement"
"8463","INNES RD @ STAR TOP RD/WINDMILL LANE","374148.19917","5030666.79719","-75.61400","45.41250","2017","12/12/2017","9:44:00 AM","03 - Snow","05 - Packed snow","01 - Traffic signal","03 - At intersection","01 - Daylight","03 - P.D. only","05 - Turning movement"
"8464","INNES RD @ STAR TOP RD/WINDMILL LANE","374146.00906","5030665.70213","-75.61403","45.41249","2017","1/5/2017","6:14:00 AM","01 - Clear","02 - Wet","01 - Traffic signal","03 - At intersection","07 - Dark","03 - P.D. only","05 - Turning movement"
"8465","INNES RD @ STAR TOP RD/WINDMILL LANE","374145.24747","5030665.11850","-75.61404","45.41249","2017","1/10/2017","6:37:00 PM","03 - Snow","03 - Loose snow","01 - Traffic signal","02 - Intersection related","07 - Dark","03 - P.D. only","04 - Sideswipe"
"8466","INNES RD @ STAR TOP RD/WINDMILL LANE","374146.72246","5030667.22940","-75.61402","45.41250","2017","3/15/2017","6:00:00 AM","03 - Snow","05 - Packed snow","01 - Traffic signal","02 - Intersection related","07 - Dark","03 - P.D. only","03 - Rear end"
"8467","INNES RD @ STONEHENGE CRES E","375364.74584","5031314.22190","-75.59837","45.41820","2017","5/18/2017","6:00:00 PM","01 - Clear","01 - Dry","01 - Traffic signal","02 - Intersection related","01 - Daylight","03 - P.D. only","03 - Rear end"
"8468","INNES RD @ STONEHENGE CRES E","375362.79575","5031312.36957","-75.59839","45.41819","2017","8/10/2017","3:13:00 PM","01 - Clear","01 - Dry","01 - Traffic signal","02 - Intersection related","01 - Daylight","03 - P.D. only","03 - Rear end"
"8469","INNES RD @ STONEHENGE CRES E","375363.26913","5031314.26306","-75.59839","45.41820","2017","9/1/2017","7:30:00 AM","01 - Clear","01 - Dry","01 - Traffic signal","02 - Intersection related","01 - Daylight","02 - Non-fatal injury","03 - Rear end"
"8470","INNES RD @ STONEHENGE CRES E","375363.74250","5031312.88261","-75.59838","45.41819","2017","9/12/2017","7:19:00 AM","01 - Clear","01 - Dry","01 - Traffic signal","02 - Intersection related","01 - Daylight","03 - P.D. only","03 - Rear end"
"8471","INNES RD @ STONEHENGE CRES E","375364.07695","5031313.55300","-75.59838","45.41820","2017","11/16/2017","5:12:00 PM","02 - Rain","02 - Wet","01 - Traffic signal","02 - Intersection related","07 - Dark","03 - P.D. only","03 - Rear end"
"8472","INNES RD @ STONEHENGE CRES E","375363.74250","5031312.47425","-75.59838","45.41819","2017","1/12/2017","6:43:00 AM","02 - Rain","02 - Wet","01 - Traffic signal","03 - At intersection","07 - Dark","02 - Non-fatal injury","02 - Angle"
"8473","INNES RD @ STONEHENGE CRES W","375201.41344","5031217.23250","-75.60047","45.41735","2017","6/16/2017","9:50:00 AM","01 - Clear","01 - Dry","01 - Traffic signal","03 - At intersection","01 - Daylight","03 - P.D. only","05 - Turning movement"
"8474","INNES RD @ STONEHENGE CRES W","375200.74454","5031215.89470","-75.60048","45.41734","2017","2/18/2017","9:32:00 AM","01 - Clear","01 - Dry","01 - Traffic signal","02 - Intersection related","01 - Daylight","03 - P.D. only","03 - Rear end"
"8475","INNES RD @ TAUVETTE ST/GLEN PARK DR W","377346.06492","5032465.46373","-75.57288","45.42836","2017","4/24/2017","4:43:00 PM","01 - Clear","01 - Dry","02 - Stop sign","02 - Intersection related","01 - Daylight","03 - P.D. only","03 - Rear end"
"8476","INNES RD @ TENTH LINE RD","383952.26980","5036160.57980","-75.48788","45.46089","2017","5/20/2017","1:15:00 PM","01 - Clear","01 - Dry","01 - Traffic signal","03 - At intersection","01 - Daylight","03 - P.D. only","05 - Turning movement"
"8477","INNES RD @ TENTH LINE RD","383952.09475","5036159.56080","-75.48788","45.46088","2017","5/1/2017","2:50:00 PM","02 - Rain","02 - Wet","01 - Traffic signal","02 - Intersection related","01 - Daylight","02 - Non-fatal injury","03 - Rear end"
"8478","INNES RD @ TENTH LINE RD","383951.42585","5036159.56080","-75.48789","45.46088","2017","6/1/2017","5:00:00 PM","01 - Clear","01 - Dry","01 - Traffic signal","02 - Intersection related","01 - Daylight","03 - P.D. only","03 - Rear end"
"8479","INNES RD @ TENTH LINE RD","383952.76364","5036158.89190","-75.48787","45.46087","2017","6/4/2017","3:56:00 PM","01 - Clear","01 - Dry","01 - Traffic signal","03 - At intersection","01 - Daylight","03 - P.D. only","04 - Sideswipe"
"8480","INNES RD @ TENTH LINE RD","383951.76030","5036158.64756","-75.48788","45.46087","2017","8/4/2017","12:30:00 PM","01 - Clear","01 - Dry","01 - Traffic signal","03 - At intersection","01 - Daylight","03 - P.D. only","03 - Rear end"
"8481","INNES RD @ TENTH LINE RD","383951.76030","5036159.01435","-75.48788","45.46087","2017","9/26/2017","7:53:00 PM","01 - Clear","01 - Dry","01 - Traffic signal","02 - Intersection related","07 - Dark","02 - Non-fatal injury","07 - SMV other"
"8482","INNES RD @ TENTH LINE RD","383950.34018","5036158.85074","-75.48790","45.46087","2017","9/28/2017","4:10:00 PM","01 - Clear","01 - Dry","01 - Traffic signal","03 - At intersection","01 - Daylight","03 - P.D. only","03 - Rear end"
"8483","INNES RD @ TENTH LINE RD","383951.21385","5036159.56080","-75.48789","45.46088","2017","10/7/2017","1:19:00 PM","02 - Rain","02 - Wet","01 - Traffic signal","02 - Intersection related","01 - Daylight","02 - Non-fatal injury","03 - Rear end"
"8484","INNES RD @ TENTH LINE RD","383952.23820","5036160.75554","-75.48788","45.46089","2017","11/3/2017","11:43:00 AM","01 - Clear","01 - Dry","01 - Traffic signal","02 - Intersection related","01 - Daylight","03 - P.D. only","04 - Sideswipe"
"8485","INNES RD @ TENTH LINE RD","383951.76030","5036159.32185","-75.48788","45.46088","2017","12/11/2017","7:24:00 AM","01 - Clear","01 - Dry","01 - Traffic signal","02 - Intersection related","03 - Dawn","02 - Non-fatal injury","03 - Rear end"
"8486","INNES RD @ TENTH LINE RD","383951.76030","5036159.32185","-75.48788","45.46088","2017","11/6/2017","3:50:00 PM","01 - Clear","01 - Dry","01 - Traffic signal","03 - At intersection","01 - Daylight","02 - Non-fatal injury","03 - Rear end"
"8487","INNES RD @ TENTH LINE RD","383952.76364","5036158.89190","-75.48787","45.46087","2017","12/5/2017","5:30:00 PM","01 - Clear","01 - Dry","01 - Traffic signal","02 - Intersection related","07 - Dark","03 - P.D. only","99 - Other"
"8488","INNES RD @ TENTH LINE RD","383951.76030","5036159.01435","-75.48788","45.46087","2017","1/16/2017","2:25:00 PM","01 - Clear","01 - Dry","01 - Traffic signal","02 - Intersection related","01 - Daylight","03 - P.D. only","04 - Sideswipe"
"8489","INNES RD @ TENTH LINE RD","383952.51077","5036161.43697","-75.48787","45.46090","2017","2/6/2017","3:34:00 PM","01 - Clear","03 - Loose snow","01 - Traffic signal","02 - Intersection related","01 - Daylight","02 - Non-fatal injury","03 - Rear end"
"8490","INNES RD @ TENTH LINE RD","383951.76030","5036160.31127","-75.48788","45.46089","2017","2/14/2017","3:20:00 PM","01 - Clear","02 - Wet","01 - Traffic signal","02 - Intersection related","01 - Daylight","03 - P.D. only","99 - Other"
"8491","INNES RD @ TENTH LINE RD","383950.25936","5036158.43510","-75.48790","45.46087","2017","2/18/2017","3:04:00 PM","01 - Clear","01 - Dry","01 - Traffic signal","02 - Intersection related","01 - Daylight","03 - P.D. only","03 - Rear end"
"8492","INNES RD @ TENTH LINE RD","383952.76364","5036158.89190","-75.48787","45.46087","2017","2/17/2017","1:47:00 PM","01 - Clear","01 - Dry","01 - Traffic signal","03 - At intersection","01 - Daylight","03 - P.D. only","05 - Turning movement"
"8493","INNES RD @ TENTH LINE RD","383953.28881","5036158.54180","-75.48787","45.46087","2017","2/27/2017","3:46:00 PM","01 - Clear","01 - Dry","01 - Traffic signal","02 - Intersection related","01 - Daylight","02 - Non-fatal injury","03 - Rear end"
"8494","INNES RD @ TENTH LINE RD","383951.42585","5036160.22970","-75.48789","45.46089","2017","4/12/2017","7:30:00 PM","01 - Clear","01 - Dry","01 - Traffic signal","02 - Intersection related","05 - Dusk","03 - P.D. only","03 - Rear end"
"8495","INNES RD @ TENTH LINE RD","383951.42585","5036160.22970","-75.48789","45.46089","2017","3/24/2017","2:00:00 PM","03 - Snow","03 - Loose snow","01 - Traffic signal","02 - Intersection related","01 - Daylight","03 - P.D. only","03 - Rear end"
"8496","INNES RD @ TENTH LINE RD","383951.76110","5036160.17348","-75.48788","45.46089","2017","3/23/2017","7:50:00 AM","01 - Clear","01 - Dry","01 - Traffic signal","02 - Intersection related","01 - Daylight","03 - P.D. only","03 - Rear end"
"8497","INNES RD @ TENTH LINE RD","383951.76030","5036159.93603","-75.48788","45.46088","2017","3/31/2017","4:48:00 PM","03 - Snow","02 - Wet","01 - Traffic signal","02 - Intersection related","01 - Daylight","02 - Non-fatal injury","03 - Rear end"
"8498","INNES RD @ TENTH LINE RD","383951.42585","5036160.89859","-75.48789","45.46089","2017","3/23/2017","6:31:00 AM","01 - Clear","01 - Dry","01 - Traffic signal","02 - Intersection related","01 - Daylight","03 - P.D. only","03 - Rear end"
"8499","INNES RD @ TENTH LINE RD","383951.42585","5036159.56080","-75.48789","45.46088","2017","3/22/2017","4:59:00 PM","01 - Clear","01 - Dry","01 - Traffic signal","02 - Intersection related","01 - Daylight","02 - Non-fatal injury","03 - Rear end"
"8500","INNES RD @ TENTH LINE RD","383951.42585","5036160.22970","-75.48789","45.46089","2017","4/2/2017","1:30:00 AM","01 - Clear","01 - Dry","01 - Traffic signal","02 - Intersection related","07 - Dark","03 - P.D. only","04 - Sideswipe"
"8501","INNES RD @ TENTH LINE RD","383953.44655","5036160.22899","-75.48786","45.46089","2017","12/22/2017","4:57:00 PM","03 - Snow","04 - Slush","01 - Traffic signal","02 - Intersection related","05 - Dusk","03 - P.D. only","03 - Rear end"
"8502","INNES RD @ TENTH LINE RD","383952.23820","5036160.75554","-75.48788","45.46089","2017","12/19/2017","6:53:00 PM","01 - Clear","03 - Loose snow","01 - Traffic signal","02 - Intersection related","07 - Dark","02 - Non-fatal injury","03 - Rear end"
"8503","INNES RD @ TENTH LINE RD","383951.76030","5036158.85074","-75.48788","45.46087","2017","12/16/2017","7:15:00 PM","01 - Clear","06 - Ice","01 - Traffic signal","02 - Intersection related","07 - Dark","03 - P.D. only","03 - Rear end"
"8504","INNES RD @ TRIM RD","386567.37360","5037273.85665","-75.45426","45.47060","2017","7/22/2017","11:03:00 AM","01 - Clear","01 - Dry","01 - Traffic signal","02 - Intersection related","01 - Daylight","03 - P.D. only","03 - Rear end"
"8505","INNES RD @ TRIM RD","386566.77210","5037272.83905","-75.45427","45.47059","2017","9/14/2017","1:33:00 PM","01 - Clear","01 - Dry","01 - Traffic signal","03 - At intersection","01 - Daylight","03 - P.D. only","04 - Sideswipe"
"8506","INNES RD @ TRIM RD","386567.77544","5037274.22480","-75.45425","45.47061","2017","11/26/2017","6:31:00 PM","03 - Snow","02 - Wet","01 - Traffic signal","02 - Intersection related","07 - Dark","03 - P.D. only","03 - Rear end"
"8507","INNES RD @ TRIM RD","386566.77210","5037272.43020","-75.45427","45.47059","2017","2/15/2017","11:28:00 AM","03 - Snow","04 - Slush","01 - Traffic signal","02 - Intersection related","01 - Daylight","03 - P.D. only","03 - Rear end"
"8508","INNES RD @ TRIM RD","386567.52257","5037273.93113","-75.45426","45.47060","2017","2/8/2017","8:30:00 AM","01 - Clear","04 - Slush","01 - Traffic signal","02 - Intersection related","01 - Daylight","03 - P.D. only","04 - Sideswipe"
"8509","INNES RD @ TRIM RD","386567.77544","5037273.55590","-75.45425","45.47060","2017","2/23/2017","9:07:00 PM","01 - Clear","01 - Dry","01 - Traffic signal","03 - At intersection","07 - Dark","03 - P.D. only","05 - Turning movement"
"8510","INNES RD @ TRIM RD","386567.77544","5037273.55590","-75.45425","45.47060","2017","2/25/2017","3:21:00 PM","02 - Rain","02 - Wet","01 - Traffic signal","03 - At intersection","01 - Daylight","03 - P.D. only","02 - Angle"
"8511","INNES RD @ TRIM RD","386567.10655","5037271.54921","-75.45426","45.47058","2017","3/19/2017","1:01:00 PM","01 - Clear","01 - Dry","01 - Traffic signal","03 - At intersection","01 - Daylight","02 - Non-fatal injury","05 - Turning movement"
"8512","INNES RD @ TRIM RD","386567.10655","5037272.21811","-75.45426","45.47059","2017","4/8/2017","3:15:00 PM","01 - Clear","01 - Dry","01 - Traffic signal","02 - Intersection related","01 - Daylight","03 - P.D. only","04 - Sideswipe"
"8513","INNES RD @ VISENEAU DR","381799.08555","5035072.21821","-75.51558","45.45134","2017","11/5/2017","4:39:00 PM","02 - Rain","02 - Wet","01 - Traffic signal","03 - At intersection","05 - Dusk","03 - P.D. only","05 - Turning movement"
"8514","INNES RD @ VISENEAU DR","381799.50157","5035072.43030","-75.51557","45.45134","2017","1/10/2017","9:06:00 PM","04 - Freezing Rain","03 - Loose snow","01 - Traffic signal","03 - At intersection","07 - Dark","03 - P.D. only","05 - Turning movement"
"8515","INNES RD @ VISENEAU DR","381797.66562","5035073.82737","-75.51559","45.45135","2017","1/4/2017","6:00:00 PM","03 - Snow","04 - Slush","01 - Traffic signal","03 - At intersection","07 - Dark","03 - P.D. only","05 - Turning movement"
"8516","INNES RD @ VISENEAU DR","381799.75444","5035074.89379","-75.51557","45.45136","2017","3/20/2017","10:17:00 AM","01 - Clear","01 - Dry","01 - Traffic signal","03 - At intersection","01 - Daylight","03 - P.D. only","05 - Turning movement"
"8517","INNES RD @ WILDFLOWER DR","382936.53322","5035691.66538","-75.50094","45.45678","2017","8/13/2017","6:57:00 PM","01 - Clear","01 - Dry","01 - Traffic signal","02 - Intersection related","01 - Daylight","02 - Non-fatal injury","03 - Rear end"
"8518","INNES RD @ WILDFLOWER DR","382936.75520","5035690.31881","-75.50094","45.45677","2017","10/30/2017","4:47:00 PM","01 - Clear","02 - Wet","01 - Traffic signal","02 - Intersection related","01 - Daylight","03 - P.D. only","03 - Rear end"
"8519","INNES RD @ WILDFLOWER DR","382937.22857","5035689.37207","-75.50093","45.45676","2017","11/21/2017","7:53:00 AM","01 - Clear","01 - Dry","01 - Traffic signal","02 - Intersection related","01 - Daylight","03 - P.D. only","03 - Rear end"
"8520","INNES RD @ WILDFLOWER DR","382937.75854","5035689.88660","-75.50092","45.45677","2017","2/25/2017","5:24:00 PM","02 - Rain","02 - Wet","01 - Traffic signal","03 - At intersection","05 - Dusk","03 - P.D. only","05 - Turning movement"
"8521","INNES RD btwn 173 W OF ORIENT PARK DR & ORIENT PARK DR","378206.24811","5032968.23428","-75.56182","45.43279","2017","5/16/2017","9:14:00 AM","01 - Clear","01 - Dry","10 - No control","04 - At/near private drive","01 - Daylight","02 - Non-fatal injury","03 - Rear end"
"8522","INNES RD btwn 173 W OF ORIENT PARK DR & ORIENT PARK DR","378181.39399","5032952.91654","-75.56214","45.43266","2017","12/31/2017","7:45:00 AM","03 - Snow","03 - Loose snow","10 - No control","04 - At/near private drive","03 - Dawn","03 - P.D. only","02 - Angle"
"8523","INNES RD btwn 260 E OF BELCOURT BLVD/WALMART SC & JEANNE D'ARC BLVD/ME","382593.12071","5035543.57387","-75.50535","45.45549","2017","8/2/2017","11:00:00 AM","01 - Clear","01 - Dry","10 - No control","01 - Non intersection","01 - Daylight","03 - P.D. only","07 - SMV other"
"8524","INNES RD btwn 260 E OF BELCOURT BLVD/WALMART SC & JEANNE D'ARC BLVD/ME","382594.46987","5035543.53353","-75.50534","45.45549","2017","12/15/2017","6:50:00 PM","03 - Snow","03 - Loose snow","10 - No control","01 - Non intersection","07 - Dark","02 - Non-fatal injury","03 - Rear end"
"8525","INNES RD btwn 298 E OF WILDFLOWER DR & LANTHIER DR/PRESTWICK DR","383401.96711","5035929.70142","-75.49495","45.45887","2017","6/2/2017","8:20:00 AM","01 - Clear","01 - Dry","10 - No control","01 - Non intersection","01 - Daylight","02 - Non-fatal injury","03 - Rear end"
"8526","INNES RD btwn 298 E OF WILDFLOWER DR & LANTHIER DR/PRESTWICK DR","383313.45201","5035872.72689","-75.49609","45.45837","2017","6/30/2017","4:23:00 PM","02 - Rain","02 - Wet","10 - No control","01 - Non intersection","01 - Daylight","02 - Non-fatal injury","03 - Rear end"
"8527","INNES RD btwn 298 E OF WILDFLOWER DR & LANTHIER DR/PRESTWICK DR","383360.96345","5035901.36080","-75.49548","45.45862","2017","2/19/2017","4:47:00 AM","01 - Clear","04 - Slush","10 - No control","01 - Non intersection","07 - Dark","03 - P.D. only","03 - Rear end"
"8528","INNES RD btwn ANDERSON RD & INNES RD","376297.79796","5031849.59066","-75.58637","45.42293","2017","6/6/2017","2:35:00 PM","02 - Rain","02 - Wet","10 - No control","01 - Non intersection","01 - Daylight","03 - P.D. only","07 - SMV other"
"8529","INNES RD btwn ANDERSON RD & INNES RD","376593.42128","5032025.12217","-75.58257","45.42448","2017","8/24/2017","4:58:00 PM","01 - Clear","01 - Dry","10 - No control","04 - At/near private drive","01 - Daylight","02 - Non-fatal injury","02 - Angle"
"8530","INNES RD btwn ANDERSON RD & INNES RD","376372.14539","5031891.17024","-75.58541","45.42329","2017","9/13/2017","7:30:00 AM","01 - Clear","01 - Dry","10 - No control","01 - Non intersection","01 - Daylight","03 - P.D. only","04 - Sideswipe"
"8531","INNES RD btwn ANDERSON RD & INNES RD","376368.78844","5031890.08461","-75.58546","45.42328","2017","10/13/2017","1:35:00 PM","01 - Clear","01 - Dry","10 - No control","01 - Non intersection","01 - Daylight","03 - P.D. only","99 - Other"
"8532","INNES RD btwn ANDERSON RD & INNES RD","376699.13575","5032086.37995","-75.58121","45.42502","2017","12/12/2017","12:53:00 PM","03 - Snow","04 - Slush","10 - No control","01 - Non intersection","01 - Daylight","03 - P.D. only","07 - SMV other"
"8533","INNES RD btwn ANDERSON RD & INNES RD","376307.83140","5031856.27962","-75.58624","45.42299","2017","11/7/2017","11:42:00 AM","01 - Clear","01 - Dry","10 - No control","01 - Non intersection","01 - Daylight","03 - P.D. only","07 - SMV other"