"Record","Location","X","Y","Longitude","Latitude","Year","Date","Time","Environment","Road_Surface","Traffic_Control","Collision_Location","Light","Collision_Classification","Impact_type"
"8534","INNES RD btwn ANDERSON RD & INNES RD","376540.04085","5031992.78431","-75.58325","45.42419","2017","1/16/2017","6:53:00 AM","01 - Clear","01 - Dry","10 - No control","01 - Non intersection","07 - Dark","03 - P.D. only","03 - Rear end"
"8535","INNES RD btwn ANDERSON RD & INNES RD","376412.43509","5031913.69505","-75.58490","45.42349","2017","1/10/2017","11:45:00 PM","03 - Snow","03 - Loose snow","10 - No control","01 - Non intersection","07 - Dark","03 - P.D. only","01 - Approaching"
"8536","INNES RD btwn ANDERSON RD & INNES RD","376457.66418","5031939.89166","-75.58431","45.42372","2017","3/8/2017","7:39:00 AM","01 - Clear","06 - Ice","10 - No control","01 - Non intersection","01 - Daylight","03 - P.D. only","04 - Sideswipe"
"8537","INNES RD btwn BANTREE ST & STAR TOP RD","373829.80347","5030478.79620","-75.61809","45.41084","2017","6/15/2017","4:39:00 PM","01 - Clear","01 - Dry","10 - No control","01 - Non intersection","01 - Daylight","03 - P.D. only","03 - Rear end"
"8538","INNES RD btwn BANTREE ST & STAR TOP RD","374060.84055","5030612.46214","-75.61512","45.41202","2017","10/4/2017","1:14:00 PM","01 - Clear","01 - Dry","10 - No control","01 - Non intersection","01 - Daylight","02 - Non-fatal injury","03 - Rear end"
"8539","INNES RD btwn BANTREE ST & STAR TOP RD","373744.85363","5030427.96008","-75.61919","45.41039","2017","11/17/2017","3:49:00 PM","01 - Clear","01 - Dry","10 - No control","01 - Non intersection","01 - Daylight","03 - P.D. only","03 - Rear end"
"8540","INNES RD btwn BANTREE ST & STAR TOP RD","373887.84414","5030512.47766","-75.61735","45.41114","2017","12/11/2017","3:23:00 PM","01 - Clear","01 - Dry","10 - No control","01 - Non intersection","01 - Daylight","03 - P.D. only","03 - Rear end"
"8541","INNES RD btwn BANTREE ST & STAR TOP RD","373804.38541","5030460.73600","-75.61842","45.41068","2017","11/28/2017","3:26:00 PM","01 - Clear","01 - Dry","10 - No control","01 - Non intersection","01 - Daylight","03 - P.D. only","04 - Sideswipe"
"8542","INNES RD btwn BANTREE ST & STAR TOP RD","373835.23336","5030481.82422","-75.61802","45.41087","2017","12/28/2017","6:48:00 AM","01 - Clear","01 - Dry","10 - No control","01 - Non intersection","07 - Dark","03 - P.D. only","04 - Sideswipe"
"8543","INNES RD btwn BELCOURT BLVD & 260 E OF BELCOURT BLVD/WALMART SC","382293.60644","5035368.89149","-75.50921","45.45395","2017","5/23/2017","6:56:00 PM","01 - Clear","01 - Dry","10 - No control","01 - Non intersection","01 - Daylight","03 - P.D. only","03 - Rear end"
"8544","INNES RD btwn BELCOURT BLVD & 260 E OF BELCOURT BLVD/WALMART SC","382321.94351","5035386.36461","-75.50884","45.45411","2017","8/31/2017","7:15:00 PM","01 - Clear","01 - Dry","10 - No control","01 - Non intersection","01 - Daylight","03 - P.D. only","04 - Sideswipe"
"8545","INNES RD btwn BELCOURT BLVD & 260 E OF BELCOURT BLVD/WALMART SC","382165.13541","5035293.61004","-75.51086","45.45329","2017","9/22/2017","1:00:00 PM","01 - Clear","01 - Dry","10 - No control","01 - Non intersection","01 - Daylight","03 - P.D. only","03 - Rear end"
"8546","INNES RD btwn BELCOURT BLVD & 260 E OF BELCOURT BLVD/WALMART SC","382205.42526","5035315.76355","-75.51034","45.45348","2017","12/9/2017","3:45:00 PM","01 - Clear","01 - Dry","10 - No control","04 - At/near private drive","01 - Daylight","03 - P.D. only","05 - Turning movement"
"8547","INNES RD btwn BLAIR RD & ANDERSON RD","376017.19644","5031695.07349","-75.58998","45.42157","2017","6/13/2017","5:23:00 PM","01 - Clear","01 - Dry","10 - No control","01 - Non intersection","01 - Daylight","03 - P.D. only","03 - Rear end"
"8548","INNES RD btwn BLAIR RD & ANDERSON RD","376192.16015","5031793.86786","-75.58773","45.42244","2017","6/13/2017","8:40:00 AM","01 - Clear","01 - Dry","10 - No control","01 - Non intersection","01 - Daylight","03 - P.D. only","04 - Sideswipe"
"8549","INNES RD btwn BLAIR RD & ANDERSON RD","376210.96810","5031803.57107","-75.58749","45.42252","2017","9/3/2017","10:23:00 AM","02 - Rain","02 - Wet","10 - No control","04 - At/near private drive","01 - Daylight","03 - P.D. only","05 - Turning movement"
"8550","INNES RD btwn BLAIR RD & ANDERSON RD","375642.64551","5031483.57745","-75.59479","45.41970","2017","9/7/2017","8:59:00 AM","01 - Clear","01 - Dry","10 - No control","01 - Non intersection","01 - Daylight","03 - P.D. only","04 - Sideswipe"
"8551","INNES RD btwn BLAIR RD & ANDERSON RD","375667.96487","5031494.42987","-75.59447","45.41980","2017","10/3/2017","7:47:00 AM","01 - Clear","01 - Dry","10 - No control","01 - Non intersection","01 - Daylight","03 - P.D. only","03 - Rear end"
"8552","INNES RD btwn BLAIR RD & ANDERSON RD","375651.97905","5031489.72232","-75.59467","45.41975","2017","12/1/2017","7:05:00 AM","01 - Clear","04 - Slush","10 - No control","01 - Non intersection","03 - Dawn","03 - P.D. only","03 - Rear end"
"8553","INNES RD btwn BLAIR RD & ANDERSON RD","375846.65870","5031613.17817","-75.59217","45.42085","2017","12/21/2017","6:23:00 PM","01 - Clear","01 - Dry","10 - No control","01 - Non intersection","07 - Dark","03 - P.D. only","04 - Sideswipe"
"8554","INNES RD btwn FRANK KENNY RD & O'TOOLE RD","388137.12293","5037842.26077","-75.43409","45.47553","2017","10/7/2017","4:22:00 AM","07 - Fog, mist, smoke, dust","02 - Wet","10 - No control","01 - Non intersection","07 - Dark","03 - P.D. only","07 - SMV other"
"8555","INNES RD btwn FRANK KENNY RD & O'TOOLE RD","387942.07517","5037762.08431","-75.43660","45.47483","2017","11/14/2017","7:13:00 PM","01 - Clear","01 - Dry","10 - No control","01 - Non intersection","07 - Dark","02 - Non-fatal injury","03 - Rear end"
"8556","INNES RD btwn HWY417 IC112 RAMP56 & HWY417 IC112 RAMP68","374567.50637","5030896.46452","-75.60861","45.41453","2017","6/13/2017","12:21:00 PM","01 - Clear","01 - Dry","10 - No control","01 - Non intersection","01 - Daylight","03 - P.D. only","04 - Sideswipe"
"8557","INNES RD btwn HWY417 IC112 RAMP57 & HWY417 IC112 RAMP65","374386.90587","5030805.67470","-75.61093","45.41373","2017","3/6/2017","4:32:00 PM","04 - Freezing Rain","06 - Ice","10 - No control","01 - Non intersection","01 - Daylight","03 - P.D. only","03 - Rear end"
"8558","INNES RD btwn HWY417 IC112 RAMP58 & HWY417 IC112 RAMP57","374277.15724","5030739.47020","-75.61234","45.41314","2017","6/4/2017","3:26:00 PM","01 - Clear","01 - Dry","10 - No control","01 - Non intersection","01 - Daylight","03 - P.D. only","03 - Rear end"
"8559","INNES RD btwn HWY417 IC112 RAMP58 & HWY417 IC112 RAMP57","374236.00586","5030716.17998","-75.61287","45.41294","2017","8/9/2017","3:39:00 PM","01 - Clear","01 - Dry","10 - No control","01 - Non intersection","01 - Daylight","02 - Non-fatal injury","03 - Rear end"
"8560","INNES RD btwn HWY417 IC112 RAMP65 & HWY417 IC112 RAMP56","374461.22367","5030849.92926","-75.60998","45.41412","2017","4/10/2017","4:08:00 PM","01 - Clear","01 - Dry","10 - No control","01 - Non intersection","01 - Daylight","03 - P.D. only","03 - Rear end"
"8561","INNES RD btwn HWY417 IC112 RAMP65 & HWY417 IC112 RAMP56","374447.04991","5030842.29900","-75.61016","45.41405","2017","4/8/2017","5:55:00 PM","01 - Clear","01 - Dry","10 - No control","01 - Non intersection","01 - Daylight","03 - P.D. only","99 - Other"
"8562","INNES RD btwn HWY417 IC112 RAMP66 & CYRVILLE RD","375000.56751","5031088.12607","-75.60305","45.41621","2017","3/29/2017","4:39:00 PM","01 - Clear","01 - Dry","10 - No control","01 - Non intersection","01 - Daylight","03 - P.D. only","04 - Sideswipe"
"8563","INNES RD btwn HWY417 IC112 RAMP66 & CYRVILLE RD","374984.70705","5031076.49768","-75.60326","45.41610","2017","4/10/2017","2:13:00 PM","01 - Clear","01 - Dry","10 - No control","01 - Non intersection","01 - Daylight","03 - P.D. only","04 - Sideswipe"
"8564","INNES RD btwn HWY417 IC112 RAMP66 & CYRVILLE RD","374961.22530","5031059.11020","-75.60356","45.41595","2017","12/15/2017","3:15:00 PM","01 - Clear","01 - Dry","10 - No control","01 - Non intersection","01 - Daylight","03 - P.D. only","04 - Sideswipe"
"8565","INNES RD btwn INDUSTRIAL AVE & BANTREE ST","373428.66986","5030231.35158","-75.62325","45.40865","2017","8/23/2017","6:33:00 AM","01 - Clear","01 - Dry","10 - No control","01 - Non intersection","01 - Daylight","03 - P.D. only","04 - Sideswipe"
"8566","INNES RD btwn INDUSTRIAL AVE & BANTREE ST","373577.82145","5030328.93564","-75.62133","45.40952","2017","12/6/2017","5:33:00 PM","01 - Clear","01 - Dry","10 - No control","01 - Non intersection","07 - Dark","03 - P.D. only","04 - Sideswipe"
"8567","INNES RD btwn INNES RD & PAGE RD","380638.81410","5034395.18184","-75.53051","45.44537","2017","10/20/2017","6:12:00 AM","01 - Clear","01 - Dry","10 - No control","01 - Non intersection","07 - Dark","02 - Non-fatal injury","03 - Rear end"
"8568","INNES RD btwn JEANNE D'ARC BLVD S & WILDFLOWER DR","382822.36898","5035645.22725","-75.50241","45.45638","2017","2/16/2017","5:04:00 PM","01 - Clear","01 - Dry","10 - No control","01 - Non intersection","01 - Daylight","02 - Non-fatal injury","03 - Rear end"
"8569","INNES RD btwn ORCHARDVIEW AVE & PORTOBELLO BLVD","384917.25651","5036594.86371","-75.47547","45.46469","2017","8/16/2017","12:00:00 PM","01 - Clear","01 - Dry","10 - No control","01 - Non intersection","01 - Daylight","03 - P.D. only","07 - SMV other"
"8570","INNES RD btwn ORCHARDVIEW AVE & PORTOBELLO BLVD","385607.86073","5036881.63717","-75.46659","45.46719","2017","2/10/2017","8:49:00 AM","01 - Clear","01 - Dry","10 - No control","04 - At/near private drive","01 - Daylight","03 - P.D. only","04 - Sideswipe"
"8571","INNES RD btwn ORIENT PARK DR & EASTPARK DR","378367.17966","5033063.18757","-75.55975","45.43363","2017","10/30/2017","4:30:00 PM","01 - Clear","01 - Dry","10 - No control","04 - At/near private drive","01 - Daylight","03 - P.D. only","03 - Rear end"
"8572","INNES RD btwn O'TOOLE RD & DUNNING RD","391309.79096","5039175.05178","-75.39328","45.48714","2017","5/21/2017","4:32:00 AM","01 - Clear","01 - Dry","10 - No control","01 - Non intersection","07 - Dark","03 - P.D. only","07 - SMV other"
"8573","INNES RD btwn O'TOOLE RD & DUNNING RD","389774.07833","5038548.83886","-75.41303","45.48169","2017","10/27/2017","6:46:00 PM","01 - Clear","01 - Dry","10 - No control","01 - Non intersection","05 - Dusk","03 - P.D. only","07 - SMV other"
"8574","INNES RD btwn PAGE RD & 473 E OF PAGE RD/BUILDERS' WAREHOUSE SC","381061.32760","5034643.56453","-75.52507","45.44756","2017","6/1/2017","1:16:00 AM","01 - Clear","01 - Dry","10 - No control","01 - Non intersection","07 - Dark","03 - P.D. only","04 - Sideswipe"
"8575","INNES RD btwn PAGE RD & 473 E OF PAGE RD/BUILDERS' WAREHOUSE SC","380932.07569","5034570.10562","-75.52674","45.44691","2017","11/14/2017","4:12:00 PM","01 - Clear","01 - Dry","10 - No control","01 - Non intersection","01 - Daylight","03 - P.D. only","03 - Rear end"
"8576","INNES RD btwn PAGE RD & 473 E OF PAGE RD/BUILDERS' WAREHOUSE SC","381215.92815","5034732.29444","-75.52308","45.44834","2017","1/31/2017","4:38:00 PM","01 - Clear","01 - Dry","10 - No control","01 - Non intersection","01 - Daylight","03 - P.D. only","04 - Sideswipe"
"8577","INNES RD btwn PAGE RD & 473 E OF PAGE RD/BUILDERS' WAREHOUSE SC","380975.72714","5034589.73483","-75.52618","45.44709","2017","2/1/2017","6:49:00 AM","01 - Clear","03 - Loose snow","10 - No control","01 - Non intersection","03 - Dawn","03 - P.D. only","03 - Rear end"
"8578","INNES RD btwn PRESTWICK DR & TENTH LINE RD","383799.20207","5036095.38558","-75.48985","45.46032","2017","8/24/2017","8:09:00 PM","01 - Clear","01 - Dry","10 - No control","01 - Non intersection","05 - Dusk","02 - Non-fatal injury","03 - Rear end"
"8579","INNES RD btwn PRESTWICK DR & TENTH LINE RD","383901.31959","5036137.14271","-75.48853","45.46068","2017","3/10/2017","9:35:00 AM","01 - Clear","01 - Dry","10 - No control","04 - At/near private drive","01 - Daylight","03 - P.D. only","02 - Angle"
"8580","INNES RD btwn PRESTWICK DR & TENTH LINE RD","383910.62318","5036141.50060","-75.48841","45.46072","2017","3/5/2017","11:51:00 AM","01 - Clear","01 - Dry","10 - No control","04 - At/near private drive","01 - Daylight","03 - P.D. only","02 - Angle"
"8581","INNES RD btwn PROVENCE AVE & TRIM RD","386126.57666","5037090.64906","-75.45993","45.46901","2017","3/21/2017","7:58:00 AM","02 - Rain","02 - Wet","10 - No control","01 - Non intersection","01 - Daylight","03 - P.D. only","04 - Sideswipe"
"8582","INNES RD btwn STAR TOP RD & HWY417 IC112 RAMP55","374191.31554","5030690.91947","-75.61345","45.41271","2017","8/16/2017","3:32:00 PM","01 - Clear","01 - Dry","10 - No control","01 - Non intersection","01 - Daylight","03 - P.D. only","03 - Rear end"
"8583","INNES RD btwn STONEHENGE CRES & BLAIR RD","375502.14627","5031393.40125","-75.59660","45.41890","2017","5/29/2017","2:28:00 PM","02 - Rain","02 - Wet","10 - No control","01 - Non intersection","01 - Daylight","03 - P.D. only","03 - Rear end"
"8584","INNES RD btwn STONEHENGE CRES & BLAIR RD","375486.09276","5031389.38788","-75.59681","45.41887","2017","7/11/2017","2:00:00 PM","01 - Clear","01 - Dry","10 - No control","01 - Non intersection","01 - Daylight","03 - P.D. only","04 - Sideswipe"
"8585","INNES RD btwn STONEHENGE CRES & BLAIR RD","375409.09769","5031340.32896","-75.59780","45.41843","2017","9/28/2017","1:27:00 PM","01 - Clear","01 - Dry","10 - No control","01 - Non intersection","01 - Daylight","03 - P.D. only","04 - Sideswipe"
"8586","INNES RD btwn STONEHENGE CRES & BLAIR RD","375473.38373","5031378.68553","-75.59697","45.41877","2017","4/6/2017","7:19:00 AM","02 - Rain","02 - Wet","10 - No control","01 - Non intersection","01 - Daylight","03 - P.D. only","03 - Rear end"
"8587","INNES RD btwn STONEHENGE CRES & STONEHENGE CRES","375307.35062","5031280.33914","-75.59911","45.41791","2017","7/15/2017","5:54:00 AM","01 - Clear","01 - Dry","10 - No control","04 - At/near private drive","03 - Dawn","03 - P.D. only","02 - Angle"
"8588","INNES RD btwn STONEHENGE CRES & STONEHENGE CRES","375355.61825","5031308.05718","-75.59848","45.41815","2017","9/13/2017","5:00:00 PM","01 - Clear","01 - Dry","10 - No control","01 - Non intersection","01 - Daylight","03 - P.D. only","04 - Sideswipe"
"8589","INNES RD btwn STONEHENGE CRES & STONEHENGE CRES","375317.38647","5031287.98550","-75.59898","45.41797","2017","12/12/2017","1:25:00 PM","03 - Snow","06 - Ice","10 - No control","01 - Non intersection","01 - Daylight","03 - P.D. only","05 - Turning movement"
"8590","INNES RD btwn STONEHENGE CRES & STONEHENGE CRES","375218.54015","5031227.71871","-75.60025","45.41744","2017","1/14/2017","10:43:00 AM","01 - Clear","01 - Dry","10 - No control","01 - Non intersection","01 - Daylight","03 - P.D. only","03 - Rear end"
"8591","INNES RD btwn STONEHENGE CRES & STONEHENGE CRES","375289.66843","5031271.25909","-75.59933","45.41783","2017","12/31/2017","2:15:00 PM","03 - Snow","05 - Packed snow","10 - No control","01 - Non intersection","01 - Daylight","03 - P.D. only","04 - Sideswipe"
"8592","INNES RD btwn TENTH LINE RD & 240 E OF TENTH LINE RD/HOME DEPOT E","383960.12150","5036164.91197","-75.48778","45.46093","2017","4/1/2017","10:20:00 AM","01 - Clear","01 - Dry","10 - No control","01 - Non intersection","01 - Daylight","02 - Non-fatal injury","04 - Sideswipe"
"8593","INNES RD btwn TENTH LINE RD & 240 E OF TENTH LINE RD/HOME DEPOT E","383984.87067","5036174.94542","-75.48746","45.46101","2017","4/23/2017","3:10:00 PM","01 - Clear","01 - Dry","10 - No control","04 - At/near private drive","01 - Daylight","03 - P.D. only","02 - Angle"
"8594","INNES RD btwn VALIN ST & FRANK KENNY RD","387440.64811","5037592.15131","-75.44304","45.47336","2017","5/13/2017","6:02:00 PM","01 - Clear","01 - Dry","10 - No control","01 - Non intersection","01 - Daylight","03 - P.D. only","07 - SMV other"
"8595","INNES RD btwn VISENEAU DR & BELCOURT BLVD","382076.00432","5035240.07961","-75.51201","45.45282","2017","1/6/2017","2:57:00 PM","01 - Clear","01 - Dry","10 - No control","01 - Non intersection","01 - Daylight","02 - Non-fatal injury","03 - Rear end"
"8596","INNES RD btwn VISENEAU DR & BELCOURT BLVD","381885.08990","5035124.37567","-75.51447","45.45180","2017","1/20/2017","4:54:00 PM","01 - Clear","02 - Wet","10 - No control","01 - Non intersection","05 - Dusk","03 - P.D. only","03 - Rear end"
"8597","INNES RD EB btwn INNES RD & INNES RD W","377077.08557","5032175.12126","-75.57636","45.42578","2017","6/22/2017","3:41:00 PM","01 - Clear","01 - Dry","10 - No control","01 - Non intersection","01 - Daylight","03 - P.D. only","04 - Sideswipe"
"8598","INNES RD EB btwn ORLEANS BLVD & INNES RD","380471.85943","5034285.19036","-75.53266","45.44440","2017","1/5/2017","9:44:00 AM","01 - Clear","02 - Wet","10 - No control","01 - Non intersection","01 - Daylight","03 - P.D. only","04 - Sideswipe"
"8599","INNES RD/PRESTWICK DR @ LANTHIER DR","383540.07447","5035989.84115","-75.49318","45.45940","2017","8/8/2017","12:35:00 PM","01 - Clear","01 - Dry","01 - Traffic signal","02 - Intersection related","01 - Daylight","03 - P.D. only","04 - Sideswipe"
"8600","INNES RD/PRESTWICK DR @ LANTHIER DR","383540.65187","5035989.56619","-75.49317","45.45940","2017","9/20/2017","12:45:00 PM","01 - Clear","01 - Dry","01 - Traffic signal","02 - Intersection related","01 - Daylight","03 - P.D. only","03 - Rear end"
"8601","INNES RD/PRESTWICK DR @ LANTHIER DR","383541.09755","5035987.89540","-75.49316","45.45938","2017","10/27/2017","9:50:00 PM","01 - Clear","01 - Dry","01 - Traffic signal","03 - At intersection","07 - Dark","03 - P.D. only","05 - Turning movement"
"8602","INNES RD/PRESTWICK DR @ LANTHIER DR","383541.09755","5035989.90209","-75.49316","45.45940","2017","10/11/2017","9:58:00 PM","01 - Clear","01 - Dry","01 - Traffic signal","03 - At intersection","07 - Dark","02 - Non-fatal injury","07 - SMV other"
"8603","INNES RD/PRESTWICK DR @ LANTHIER DR","383543.53719","5035988.56260","-75.49313","45.45939","2017","1/5/2017","11:53:00 AM","01 - Clear","04 - Slush","01 - Traffic signal","03 - At intersection","01 - Daylight","03 - P.D. only","02 - Angle"
"8604","INNES RD/PRESTWICK DR @ LANTHIER DR","383541.34493","5035988.33992","-75.49316","45.45939","2017","1/3/2017","7:38:00 PM","04 - Freezing Rain","04 - Slush","01 - Traffic signal","03 - At intersection","07 - Dark","03 - P.D. only","03 - Rear end"
"8605","INNES RD/PRESTWICK DR @ LANTHIER DR","383540.34956","5035989.71015","-75.49317","45.45940","2017","2/7/2017","11:12:00 AM","01 - Clear","02 - Wet","01 - Traffic signal","02 - Intersection related","01 - Daylight","03 - P.D. only","03 - Rear end"
"8606","INNES RD/PRESTWICK DR @ LANTHIER DR","383541.12800","5035987.92994","-75.49316","45.45938","2017","3/16/2017","1:21:00 PM","01 - Clear","01 - Dry","01 - Traffic signal","02 - Intersection related","01 - Daylight","03 - P.D. only","03 - Rear end"
"8607","INNES RD/PRESTWICK DR @ LANTHIER DR","383541.09755","5035989.23320","-75.49316","45.45939","2017","3/13/2017","10:10:00 PM","01 - Clear","01 - Dry","01 - Traffic signal","02 - Intersection related","07 - Dark","03 - P.D. only","03 - Rear end"
"8608","INVERKIP AVE btwn ZAIDAN DR & PENNARD WAY","372693.25254","5025589.68601","-75.63329","45.36696","2017","2/8/2017","7:30:00 PM","03 - Snow","03 - Loose snow","10 - No control","01 - Non intersection","07 - Dark","03 - P.D. only","06 - SMV unattended vehicle"
"8609","INVERNESS AVE btwn GOODWIN AVE & NORMANDY CRES","366612.64174","5024714.07475","-75.71101","45.35965","2017","12/18/2017","9:45:00 AM","01 - Clear","02 - Wet","10 - No control","04 - At/near private drive","01 - Daylight","03 - P.D. only","02 - Angle"
"8610","IONA ST @ ISLAND PARK DR","364349.70440","5028381.84660","-75.73945","45.39284","2017","1/10/2017","8:29:00 PM","03 - Snow","03 - Loose snow","01 - Traffic signal","03 - At intersection","07 - Dark","03 - P.D. only","02 - Angle"
"8611","IONA ST @ ISLAND PARK DR","364349.70440","5028385.55029","-75.73945","45.39288","2017","10/28/2017","3:13:00 PM","01 - Clear","01 - Dry","01 - Traffic signal","02 - Intersection related","01 - Daylight","03 - P.D. only","03 - Rear end"
"8612","IONA ST @ ISLAND PARK DR","364349.98842","5028385.26902","-75.73945","45.39287","2017","1/2/2017","3:05:00 PM","03 - Snow","01 - Dry","01 - Traffic signal","02 - Intersection related","01 - Daylight","03 - P.D. only","03 - Rear end"
"8613","IONA ST @ ISLAND PARK DR","364349.70440","5028385.55030","-75.73945","45.39288","2017","4/11/2017","9:30:00 AM","02 - Rain","02 - Wet","01 - Traffic signal","02 - Intersection related","01 - Daylight","03 - P.D. only","99 - Other"
"8614","IONA ST @ ISLAND PARK DR","364349.99087","5028385.41720","-75.73945","45.39288","2017","4/29/2017","11:49:00 AM","01 - Clear","01 - Dry","01 - Traffic signal","02 - Intersection related","01 - Daylight","03 - P.D. only","03 - Rear end"
"8615","IONA ST @ ISLAND PARK DR","364349.38341","5028386.16788","-75.73945","45.39288","2017","1/5/2017","11:50:00 AM","01 - Clear","02 - Wet","01 - Traffic signal","03 - At intersection","01 - Daylight","02 - Non-fatal injury","02 - Angle"
"8616","IONA ST @ PICCADILLY AVE","364434.17490","5028421.83705","-75.73837","45.39320","2017","8/19/2017","3:12:00 PM","01 - Clear","01 - Dry","03 - Yield sign","03 - At intersection","01 - Daylight","02 - Non-fatal injury","02 - Angle"
"8617","IONA ST btwn CLARENDON AVE & HARMER AVE N","364952.44449","5028648.92778","-75.73172","45.39520","2017","2/13/2017","9:00:00 AM","03 - Snow","03 - Loose snow","10 - No control","01 - Non intersection","01 - Daylight","03 - P.D. only","04 - Sideswipe"
"8618","IPSWICH TER btwn BEACON WAY & BEACON WAY","349069.56055","5023029.46065","-75.93507","45.34581","2017","3/7/2017","7:25:00 AM","02 - Rain","06 - Ice","10 - No control","01 - Non intersection","01 - Daylight","02 - Non-fatal injury","01 - Approaching"
"8619","IPSWICH TER btwn BEACON WAY & FLAMBOROUGH WAY","349246.95506","5023049.45227","-75.93281","45.34598","2017","3/30/2017","10:28:00 AM","01 - Clear","01 - Dry","10 - No control","01 - Non intersection","01 - Daylight","03 - P.D. only","06 - SMV unattended vehicle"
"8620","IRIS ST @ MINNETONKA RD","362208.31523","5024370.04057","-75.76726","45.35692","2017","12/19/2017","11:15:00 PM","01 - Clear","04 - Slush","02 - Stop sign","03 - At intersection","07 - Dark","03 - P.D. only","02 - Angle"
"8621","IRIS ST @ PARKWAY DR","361918.01365","5024166.84420","-75.77099","45.35512","2017","4/4/2017","8:05:00 AM","02 - Rain","02 - Wet","02 - Stop sign","02 - Intersection related","01 - Daylight","03 - P.D. only","02 - Angle"
"8622","IRIS ST @ PINECREST SC","360639.36855","5023382.71380","-75.78740","45.34817","2017","5/14/2017","3:03:00 AM","01 - Clear","01 - Dry","01 - Traffic signal","02 - Intersection related","07 - Dark","03 - P.D. only","07 - SMV other"
"8623","IRIS ST @ SOUTHWOOD DR","360847.01510","5023441.81753","-75.78474","45.34868","2017","1/5/2017","12:00:00 AM","01 - Clear","03 - Loose snow","02 - Stop sign","02 - Intersection related","00 - Unknown","03 - P.D. only","06 - SMV unattended vehicle"
"8624","IRIS ST @ TRANSITWAY","362011.33445","5024240.00000","-75.76979","45.35577","2017","5/3/2017","5:05:00 PM","01 - Clear","01 - Dry","01 - Traffic signal","03 - At intersection","01 - Daylight","02 - Non-fatal injury","02 - Angle"
"8625","IRIS ST @ WOODROFFE AVE","362283.29244","5024440.36056","-75.76630","45.35755","2017","6/5/2017","8:33:00 AM","01 - Clear","01 - Dry","01 - Traffic signal","02 - Intersection related","01 - Daylight","03 - P.D. only","04 - Sideswipe"
"8626","IRIS ST @ WOODROFFE AVE","362282.35765","5024440.85060","-75.76631","45.35756","2017","5/18/2017","9:41:00 PM","01 - Clear","01 - Dry","01 - Traffic signal","03 - At intersection","07 - Dark","03 - P.D. only","03 - Rear end"
"8627","IRIS ST @ WOODROFFE AVE","362283.02655","5024442.85729","-75.76630","45.35757","2017","6/6/2017","5:30:00 PM","02 - Rain","02 - Wet","01 - Traffic signal","02 - Intersection related","01 - Daylight","03 - P.D. only","03 - Rear end"
"8628","IRIS ST @ WOODROFFE AVE","362283.02655","5024441.51950","-75.76630","45.35756","2017","5/17/2017","5:00:00 PM","01 - Clear","01 - Dry","01 - Traffic signal","02 - Intersection related","01 - Daylight","03 - P.D. only","04 - Sideswipe"
"8629","IRIS ST @ WOODROFFE AVE","362283.33006","5024443.11440","-75.76630","45.35758","2017","6/16/2017","2:17:00 PM","01 - Clear","01 - Dry","01 - Traffic signal","03 - At intersection","01 - Daylight","03 - P.D. only","05 - Turning movement"
"8630","IRIS ST @ WOODROFFE AVE","362284.11222","5024440.33607","-75.76629","45.35755","2017","8/28/2017","1:31:00 PM","01 - Clear","01 - Dry","01 - Traffic signal","03 - At intersection","01 - Daylight","03 - P.D. only","05 - Turning movement"
"8631","IRIS ST @ WOODROFFE AVE","362284.22061","5024440.50050","-75.76629","45.35755","2017","12/14/2017","3:16:00 PM","01 - Clear","01 - Dry","01 - Traffic signal","03 - At intersection","01 - Daylight","02 - Non-fatal injury","07 - SMV other"
"8632","IRIS ST @ WOODROFFE AVE","362283.14306","5024441.29402","-75.76630","45.35756","2017","11/29/2017","10:20:00 AM","01 - Clear","02 - Wet","01 - Traffic signal","02 - Intersection related","01 - Daylight","03 - P.D. only","03 - Rear end"
"8633","IRIS ST @ WOODROFFE AVE","362282.35765","5024442.18840","-75.76631","45.35757","2017","3/6/2017","7:35:00 PM","04 - Freezing Rain","06 - Ice","01 - Traffic signal","03 - At intersection","07 - Dark","03 - P.D. only","05 - Turning movement"
"8634","IRIS ST @ WOODROFFE AVE","362282.21873","5024441.28281","-75.76631","45.35756","2017","12/15/2017","2:57:00 PM","03 - Snow","04 - Slush","01 - Traffic signal","02 - Intersection related","01 - Daylight","02 - Non-fatal injury","03 - Rear end"
"8635","IRIS ST btwn Continuation of IRIS ST & TO BE DETERMINED","360651.99617","5023377.62416","-75.78724","45.34812","2017","4/22/2017","12:18:00 PM","01 - Clear","01 - Dry","10 - No control","01 - Non intersection","01 - Daylight","03 - P.D. only","03 - Rear end"
"8636","IRIS ST btwn GATEWAY RD & PARKWAY DR","361832.98188","5024099.30963","-75.77209","45.35452","2017","10/10/2017","12:20:00 PM","01 - Clear","01 - Dry","10 - No control","04 - At/near private drive","01 - Daylight","03 - P.D. only","06 - SMV unattended vehicle"
"8637","IRIS ST btwn SOUTHWOOD DR & BAXTER RD","360923.47866","5023503.12990","-75.78376","45.34923","2017","10/27/2017","11:40:00 AM","01 - Clear","01 - Dry","10 - No control","04 - At/near private drive","01 - Daylight","02 - Non-fatal injury","07 - SMV other"