"Record","Location","X","Y","Longitude","Latitude","Year","Date","Time","Environment","Road_Surface","Traffic_Control","Collision_Location","Light","Collision_Classification","Impact_type"
"8638","IRONSTONE CRT btwn END & END","349780.87385","5010517.25814","-75.92713","45.23318","2017","11/19/2017","2:30:00 AM","03 - Snow","06 - Ice","10 - No control","01 - Non intersection","07 - Dark","03 - P.D. only","07 - SMV other"
"8639","IRVING AVE @ WELLINGTON ST","365626.69794","5029802.22941","-75.72297","45.40551","2017","11/1/2017","9:10:00 AM","02 - Rain","02 - Wet","02 - Stop sign","03 - At intersection","01 - Daylight","03 - P.D. only","05 - Turning movement"
"8640","IRVING AVE btwn WELLINGTON ST W & LAUREL ST","365674.09539","5029694.11323","-75.72238","45.40454","2017","5/16/2017","4:03:00 PM","01 - Clear","01 - Dry","10 - No control","04 - At/near private drive","01 - Daylight","03 - P.D. only","07 - SMV other"
"8641","IRWIN MILLER ST btwn MILLCRAFT CRES & MILLCRAFT CRES","371097.74522","5032627.29205","-75.65271","45.43044","2017","2/7/2017","5:15:00 PM","03 - Snow","05 - Packed snow","10 - No control","04 - At/near private drive","07 - Dark","03 - P.D. only","06 - SMV unattended vehicle"
"8642","ISABELLA ST btwn CHAMBERLAIN AVE & O'CONNOR ST","368183.39318","5030241.65243","-75.69025","45.40924","2017","6/3/2017","2:01:00 PM","01 - Clear","01 - Dry","10 - No control","01 - Non intersection","01 - Daylight","03 - P.D. only","03 - Rear end"
"8643","ISABELLA ST btwn CHAMBERLAIN AVE & O'CONNOR ST","368168.32785","5030230.89148","-75.69045","45.40915","2017","5/29/2017","1:32:00 PM","02 - Rain","02 - Wet","10 - No control","01 - Non intersection","01 - Daylight","03 - P.D. only","04 - Sideswipe"
"8644","ISABELLA ST btwn O'CONNOR ST & METCALFE ST","368386.52890","5030361.14199","-75.68764","45.41030","2017","2/22/2017","4:13:00 PM","01 - Clear","01 - Dry","10 - No control","01 - Non intersection","01 - Daylight","03 - P.D. only","03 - Rear end"
"8645","ISABELLA ST/HWY 417 O'CONN IC119BR57 @ O'CONNO","368297.62589","5030309.80920","-75.68879","45.40984","2017","12/12/2017","5:25:00 PM","03 - Snow","05 - Packed snow","01 - Traffic signal","02 - Intersection related","07 - Dark","03 - P.D. only","03 - Rear end"
"8646","ISABELLA ST/HWY 417 O'CONN IC119BR57 @ O'CONNO","368297.71903","5030310.03423","-75.68879","45.40985","2017","3/2/2017","10:04:00 AM","02 - Rain","02 - Wet","01 - Traffic signal","02 - Intersection related","01 - Daylight","03 - P.D. only","04 - Sideswipe"
"8647","ISABELLA ST/HWY 417 O'CONN IC119BR57 @ O'CONNO","368297.58019","5030310.37209","-75.68879","45.40985","2017","12/18/2017","6:59:00 PM","03 - Snow","02 - Wet","01 - Traffic signal","03 - At intersection","07 - Dark","02 - Non-fatal injury","07 - SMV other"
"8648","ISABELLA ST/HWY417 IC119AR75 @ METCALFE ST","368449.04095","5030398.89580","-75.68684","45.41063","2017","6/10/2017","5:58:00 PM","01 - Clear","01 - Dry","01 - Traffic signal","03 - At intersection","01 - Daylight","02 - Non-fatal injury","02 - Angle"
"8649","ISABELLA ST/HWY417 IC119AR75 @ METCALFE ST","368450.23501","5030398.54570","-75.68683","45.41063","2017","5/18/2017","11:13:00 AM","01 - Clear","01 - Dry","01 - Traffic signal","02 - Intersection related","01 - Daylight","03 - P.D. only","04 - Sideswipe"
"8650","ISABELLA ST/HWY417 IC119AR75 @ METCALFE ST","368449.70984","5030399.56470","-75.68683","45.41064","2017","6/11/2017","11:37:00 PM","01 - Clear","01 - Dry","01 - Traffic signal","03 - At intersection","07 - Dark","02 - Non-fatal injury","02 - Angle"
"8651","ISABELLA ST/HWY417 IC119AR75 @ METCALFE ST","368447.28670","5030399.44498","-75.68686","45.41064","2017","6/7/2017","10:04:00 AM","01 - Clear","01 - Dry","01 - Traffic signal","03 - At intersection","01 - Daylight","03 - P.D. only","04 - Sideswipe"
"8652","ISABELLA ST/HWY417 IC119AR75 @ METCALFE ST","368448.35663","5030400.35139","-75.68685","45.41065","2017","5/17/2017","8:03:00 PM","01 - Clear","01 - Dry","01 - Traffic signal","02 - Intersection related","05 - Dusk","03 - P.D. only","04 - Sideswipe"
"8653","ISABELLA ST/HWY417 IC119AR75 @ METCALFE ST","368448.33061","5030400.08099","-75.68685","45.41064","2017","5/12/2017","11:37:00 PM","01 - Clear","01 - Dry","01 - Traffic signal","02 - Intersection related","07 - Dark","03 - P.D. only","03 - Rear end"
"8654","ISABELLA ST/HWY417 IC119AR75 @ METCALFE ST","368448.04599","5030399.81682","-75.68685","45.41064","2017","6/3/2017","4:28:00 PM","01 - Clear","01 - Dry","01 - Traffic signal","03 - At intersection","01 - Daylight","03 - P.D. only","02 - Angle"
"8655","ISABELLA ST/HWY417 IC119AR75 @ METCALFE ST","368448.91611","5030399.67535","-75.68684","45.41064","2017","8/30/2017","4:03:00 PM","01 - Clear","01 - Dry","01 - Traffic signal","02 - Intersection related","01 - Daylight","03 - P.D. only","03 - Rear end"
"8656","ISABELLA ST/HWY417 IC119AR75 @ METCALFE ST","368448.92428","5030398.96821","-75.68684","45.41063","2017","8/31/2017","1:40:00 PM","01 - Clear","01 - Dry","01 - Traffic signal","02 - Intersection related","01 - Daylight","03 - P.D. only","04 - Sideswipe"
"8657","ISABELLA ST/HWY417 IC119AR75 @ METCALFE ST","368448.44082","5030400.11689","-75.68685","45.41064","2017","7/27/2017","11:15:00 AM","01 - Clear","01 - Dry","01 - Traffic signal","02 - Intersection related","01 - Daylight","03 - P.D. only","04 - Sideswipe"
"8658","ISABELLA ST/HWY417 IC119AR75 @ METCALFE ST","368448.39872","5030399.18829","-75.68685","45.41063","2017","8/8/2017","12:13:00 PM","01 - Clear","01 - Dry","01 - Traffic signal","03 - At intersection","01 - Daylight","03 - P.D. only","05 - Turning movement"
"8659","ISABELLA ST/HWY417 IC119AR75 @ METCALFE ST","368448.13515","5030399.56710","-75.68685","45.41064","2017","10/21/2017","6:10:00 PM","01 - Clear","01 - Dry","01 - Traffic signal","02 - Intersection related","05 - Dusk","03 - P.D. only","04 - Sideswipe"
"8660","ISABELLA ST/HWY417 IC119AR75 @ METCALFE ST","368448.95215","5030399.03456","-75.68684","45.41063","2017","9/7/2017","12:30:00 PM","02 - Rain","02 - Wet","01 - Traffic signal","02 - Intersection related","01 - Daylight","03 - P.D. only","03 - Rear end"
"8661","ISABELLA ST/HWY417 IC119AR75 @ METCALFE ST","368449.29062","5030399.01791","-75.68684","45.41063","2017","9/29/2017","10:00:00 PM","01 - Clear","01 - Dry","01 - Traffic signal","02 - Intersection related","07 - Dark","03 - P.D. only","04 - Sideswipe"
"8662","ISABELLA ST/HWY417 IC119AR75 @ METCALFE ST","368449.04095","5030398.22691","-75.68684","45.41063","2017","12/9/2017","3:26:00 AM","01 - Clear","01 - Dry","01 - Traffic signal","03 - At intersection","07 - Dark","03 - P.D. only","04 - Sideswipe"
"8663","ISABELLA ST/HWY417 IC119AR75 @ METCALFE ST","368449.04095","5030398.22691","-75.68684","45.41063","2017","11/30/2017","4:10:00 PM","03 - Snow","02 - Wet","01 - Traffic signal","03 - At intersection","05 - Dusk","03 - P.D. only","04 - Sideswipe"
"8664","ISABELLA ST/HWY417 IC119AR75 @ METCALFE ST","368450.37874","5030399.56470","-75.68682","45.41064","2017","12/6/2017","12:50:00 PM","01 - Clear","01 - Dry","01 - Traffic signal","03 - At intersection","01 - Daylight","03 - P.D. only","04 - Sideswipe"
"8665","ISABELLA ST/HWY417 IC119AR75 @ METCALFE ST","368449.13919","5030400.24252","-75.68684","45.41064","2017","2/7/2017","2:12:00 PM","01 - Clear","02 - Wet","01 - Traffic signal","03 - At intersection","01 - Daylight","03 - P.D. only","02 - Angle"
"8666","ISABELLA ST/HWY417 IC119AR75 @ METCALFE ST","368448.37205","5030398.22691","-75.68685","45.41063","2017","2/28/2017","8:07:00 PM","01 - Clear","01 - Dry","01 - Traffic signal","02 - Intersection related","07 - Dark","02 - Non-fatal injury","03 - Rear end"
"8667","ISABELLA ST/HWY417 IC119AR75 @ METCALFE ST","368448.45910","5030400.19563","-75.68685","45.41064","2017","2/21/2017","11:50:00 AM","01 - Clear","01 - Dry","01 - Traffic signal","02 - Intersection related","01 - Daylight","03 - P.D. only","04 - Sideswipe"
"8668","ISABELLA ST/HWY417 IC119AR75 @ METCALFE ST","368449.45149","5030400.21226","-75.68684","45.41064","2017","12/23/2017","4:22:00 PM","03 - Snow","03 - Loose snow","01 - Traffic signal","02 - Intersection related","05 - Dusk","03 - P.D. only","04 - Sideswipe"
"8669","ISABELLA ST/HWY417 IC119AR75 @ METCALFE ST","368449.18440","5030399.32575","-75.68684","45.41064","2017","12/29/2017","7:47:00 AM","01 - Clear","04 - Slush","01 - Traffic signal","02 - Intersection related","03 - Dawn","02 - Non-fatal injury","04 - Sideswipe"
"8670","ISLAND PARK DR @ HELENA ST","364413.09651","5028239.69427","-75.73866","45.39156","2017","1/28/2017","12:00:00 PM","03 - Snow","02 - Wet","02 - Stop sign","02 - Intersection related","01 - Daylight","03 - P.D. only","03 - Rear end"
"8671","ISLAND PARK DR @ HELENA ST","364413.70298","5028239.55636","-75.73865","45.39156","2017","8/3/2017","12:20:00 PM","01 - Clear","01 - Dry","02 - Stop sign","02 - Intersection related","01 - Daylight","03 - P.D. only","03 - Rear end"
"8672","ISLAND PARK DR @ MAILES AVE","364028.69629","5028921.55201","-75.74349","45.39773","2017","3/5/2017","3:40:00 AM","01 - Clear","01 - Dry","02 - Stop sign","02 - Intersection related","07 - Dark","03 - P.D. only","07 - SMV other"
"8673","ISLAND PARK DR @ MERIVALE RD","364653.70450","5028023.54528","-75.73561","45.38959","2017","6/26/2017","2:00:00 PM","01 - Clear","01 - Dry","01 - Traffic signal","03 - At intersection","01 - Daylight","03 - P.D. only","02 - Angle"
"8674","ISLAND PARK DR @ RICHMOND RD","364130.35225","5028868.89459","-75.74219","45.39724","2017","4/30/2017","11:15:00 AM","02 - Rain","02 - Wet","01 - Traffic signal","02 - Intersection related","01 - Daylight","03 - P.D. only","03 - Rear end"
"8675","ISLAND PARK DR @ RICHMOND RD","364129.04736","5028866.46390","-75.74221","45.39722","2017","1/20/2017","12:54:00 PM","01 - Clear","01 - Dry","01 - Traffic signal","02 - Intersection related","01 - Daylight","03 - P.D. only","04 - Sideswipe"
"8676","ISLAND PARK DR @ RICHMOND RD","364130.35225","5028867.55680","-75.74219","45.39723","2017","3/28/2017","5:56:00 PM","02 - Rain","02 - Wet","01 - Traffic signal","03 - At intersection","01 - Daylight","03 - P.D. only","05 - Turning movement"
"8677","ISLAND PARK DR @ RICHMOND RD","364134.82019","5028870.87567","-75.74214","45.39726","2017","1/3/2017","1:29:00 PM","04 - Freezing Rain","04 - Slush","01 - Traffic signal","02 - Intersection related","01 - Daylight","03 - P.D. only","05 - Turning movement"
"8678","ISLAND PARK DR @ RICHMOND RD","364130.68671","5028867.55682","-75.74219","45.39723","2017","9/26/2017","3:26:00 PM","01 - Clear","01 - Dry","01 - Traffic signal","03 - At intersection","01 - Daylight","03 - P.D. only","02 - Angle"
"8679","ISLAND PARK DR @ SCOTT ST","363833.68454","5029040.74661","-75.74596","45.39882","2017","6/19/2017","5:39:00 PM","01 - Clear","01 - Dry","01 - Traffic signal","02 - Intersection related","01 - Daylight","03 - P.D. only","01 - Approaching"
"8680","ISLAND PARK DR @ SCOTT ST","363833.35505","5029041.22240","-75.74597","45.39882","2017","6/9/2017","5:27:00 PM","01 - Clear","01 - Dry","01 - Traffic signal","02 - Intersection related","01 - Daylight","02 - Non-fatal injury","03 - Rear end"
"8681","ISLAND PARK DR @ SCOTT ST","363833.68950","5029038.91416","-75.74596","45.39880","2017","1/20/2017","5:25:00 PM","02 - Rain","02 - Wet","01 - Traffic signal","02 - Intersection related","05 - Dusk","03 - P.D. only","04 - Sideswipe"
"8682","ISLAND PARK DR @ SCOTT ST","363833.68950","5029040.55350","-75.74596","45.39881","2017","8/27/2017","10:35:00 AM","01 - Clear","01 - Dry","01 - Traffic signal","03 - At intersection","01 - Daylight","03 - P.D. only","02 - Angle"
"8683","ISLAND PARK DR @ SCOTT ST","363833.68949","5029040.55349","-75.74596","45.39881","2017","11/26/2017","12:37:00 AM","01 - Clear","01 - Dry","01 - Traffic signal","02 - Intersection related","07 - Dark","03 - P.D. only","02 - Angle"
"8684","ISLAND PARK DR @ SCOTT ST","363833.68950","5029040.55350","-75.74596","45.39881","2017","10/20/2017","9:50:00 AM","01 - Clear","01 - Dry","01 - Traffic signal","02 - Intersection related","01 - Daylight","03 - P.D. only","03 - Rear end"
"8685","ISLAND PARK DR @ SCOTT ST","363833.68949","5029040.55350","-75.74596","45.39881","2017","11/26/2017","12:30:00 PM","01 - Clear","01 - Dry","01 - Traffic signal","02 - Intersection related","01 - Daylight","03 - P.D. only","01 - Approaching"
"8686","ISLAND PARK DR @ SUNNYMEDE AVE","363665.32766","5029251.52074","-75.74809","45.40073","2017","7/5/2017","4:45:00 PM","01 - Clear","01 - Dry","02 - Stop sign","02 - Intersection related","01 - Daylight","02 - Non-fatal injury","05 - Turning movement"
"8687","ISLAND PARK DR @ SUNNYMEDE AVE","363664.68969","5029250.56381","-75.74810","45.40072","2017","12/15/2017","9:45:00 PM","03 - Snow","04 - Slush","02 - Stop sign","02 - Intersection related","07 - Dark","03 - P.D. only","03 - Rear end"
"8688","ISLAND PARK DR @ SUNNYMEDE AVE","363664.68970","5029250.56380","-75.74810","45.40072","2017","9/25/2017","9:12:00 AM","01 - Clear","01 - Dry","02 - Stop sign","02 - Intersection related","01 - Daylight","03 - P.D. only","07 - SMV other"
"8689","ISLAND PARK DR btwn BYRON AVE & IONA ST","364345.21397","5028395.94438","-75.73951","45.39297","2017","12/26/2017","2:49:00 PM","01 - Clear","01 - Dry","10 - No control","01 - Non intersection","01 - Daylight","03 - P.D. only","03 - Rear end"
"8690","ISLAND PARK DR btwn CLEARVIEW AVE & OTTAWA RIVER PKWY","363504.57119","5029379.80423","-75.75013","45.40189","2017","9/4/2017","1:30:00 PM","01 - Clear","01 - Dry","10 - No control","01 - Non intersection","01 - Daylight","03 - P.D. only","03 - Rear end"
"8691","ISLAND PARK DR btwn CLEARVIEW AVE & OTTAWA RIVER PKWY","363481.78436","5029389.30184","-75.75042","45.40198","2017","6/19/2017","5:30:00 PM","00 - Unknown","01 - Dry","10 - No control","01 - Non intersection","01 - Daylight","03 - P.D. only","03 - Rear end"
"8692","ISLAND PARK DR btwn CLEARVIEW AVE & SUNNYMEDE AVE","363624.55562","5029330.36985","-75.74860","45.40144","2017","6/27/2017","12:25:00 PM","02 - Rain","02 - Wet","10 - No control","01 - Non intersection","01 - Daylight","03 - P.D. only","03 - Rear end"
"8693","ISLAND PARK DR btwn HELENA ST & ISLAND PARK CRES","364425.81454","5028211.27398","-75.73850","45.39130","2017","9/21/2017","10:53:00 AM","01 - Clear","01 - Dry","10 - No control","04 - At/near private drive","01 - Daylight","03 - P.D. only","03 - Rear end"
"8694","ISLAND PARK DR btwn IONA ST & HELENA ST","364407.97008","5028252.61142","-75.73872","45.39168","2017","12/20/2017","12:33:00 PM","01 - Clear","02 - Wet","10 - No control","01 - Non intersection","01 - Daylight","02 - Non-fatal injury","03 - Rear end"
"8695","ISLAND PARK DR btwn RICHMOND RD & BASSETT LANE","364208.77762","5028708.02029","-75.74121","45.39579","2017","12/26/2017","6:05:00 PM","03 - Snow","03 - Loose snow","10 - No control","01 - Non intersection","07 - Dark","03 - P.D. only","07 - SMV other"
"8696","ISLAND PARK DR btwn TURN LANE & OTTAWA RIVER PKWY","363274.79451","5029461.00421","-75.75305","45.40264","2017","10/19/2017","3:10:00 PM","01 - Clear","01 - Dry","10 - No control","01 - Non intersection","01 - Daylight","03 - P.D. only","04 - Sideswipe"
"8697","ISLAND PARK DR btwn TURN LANE & TURN LANE","363167.66183","5029531.27653","-75.75441","45.40329","2017","1/20/2017","4:00:00 PM","01 - Clear","02 - Wet","10 - No control","01 - Non intersection","01 - Daylight","03 - P.D. only","04 - Sideswipe"
"8698","IVANHOE AVE btwn CARLING AVE & ELMHURST ST","360475.79181","5024765.36409","-75.78933","45.36062","2017","3/17/2017","3:39:00 PM","01 - Clear","01 - Dry","10 - No control","04 - At/near private drive","01 - Daylight","03 - P.D. only","06 - SMV unattended vehicle"
"8699","IVY CRES btwn BERTRAND ST & PUTMAN AVE (1)","369052.20410","5033866.24282","-75.67868","45.44177","2017","4/16/2017","9:47:00 PM","02 - Rain","02 - Wet","10 - No control","01 - Non intersection","07 - Dark","03 - P.D. only","06 - SMV unattended vehicle"
"8700","IVY CRES btwn BERTRAND ST & PUTMAN AVE (2)","368990.47564","5033935.40351","-75.67946","45.44240","2017","5/24/2017","9:00:00 AM","01 - Clear","01 - Dry","10 - No control","04 - At/near private drive","01 - Daylight","03 - P.D. only","06 - SMV unattended vehicle"
"8701","JACK PURCELL LANE btwn LEWIS ST & WAVERLEY ST","368248.73659","5030984.00015","-75.68932","45.41591","2017","8/25/2017","4:58:00 PM","01 - Clear","01 - Dry","10 - No control","01 - Non intersection","01 - Daylight","03 - P.D. only","06 - SMV unattended vehicle"
"8702","JACKMAN TER btwn AIRD PL & AIRD PL","351900.96281","5019083.82433","-75.89932","45.31013","2017","11/9/2017","12:00:00 AM","02 - Rain","02 - Wet","10 - No control","01 - Non intersection","00 - Unknown","03 - P.D. only","06 - SMV unattended vehicle"
"8703","JAMES ST @ KENT ST","367659.37905","5030597.90500","-75.69690","45.41249","2017","5/29/2017","10:20:00 AM","02 - Rain","02 - Wet","02 - Stop sign","03 - At intersection","01 - Daylight","03 - P.D. only","02 - Angle"
"8704","JAMES ST @ KENT ST","367660.66025","5030599.75733","-75.69689","45.41251","2017","8/29/2017","1:44:00 PM","01 - Clear","01 - Dry","02 - Stop sign","03 - At intersection","01 - Daylight","03 - P.D. only","05 - Turning movement"
"8705","JAMES ST btwn BAY ST & LYON ST N","367446.41401","5030471.05473","-75.69964","45.41137","2017","5/3/2017","12:00:00 AM","01 - Clear","01 - Dry","10 - No control","01 - Non intersection","00 - Unknown","03 - P.D. only","06 - SMV unattended vehicle"
"8706","JAMES ST btwn BAY ST & LYON ST N","367388.07969","5030436.59426","-75.70039","45.41107","2017","2/13/2017","12:00:00 AM","03 - Snow","03 - Loose snow","10 - No control","01 - Non intersection","00 - Unknown","03 - P.D. only","06 - SMV unattended vehicle"
"8707","JAMIE AVE @ SUNDERLAND ST","366065.21260","5022023.52500","-75.71833","45.33548","2017","5/2/2017","4:04:00 PM","01 - Clear","02 - Wet","02 - Stop sign","03 - At intersection","01 - Daylight","03 - P.D. only","02 - Angle"
"8708","JAMIE AVE @ SUNDERLAND ST","366065.42123","5022022.71055","-75.71833","45.33548","2017","8/11/2017","2:36:00 PM","01 - Clear","01 - Dry","02 - Stop sign","03 - At intersection","01 - Daylight","03 - P.D. only","02 - Angle"
"8709","JAMIE AVE @ SUNDERLAND ST","366066.87441","5022020.05420","-75.71831","45.33545","2017","2/11/2017","11:19:00 AM","01 - Clear","05 - Packed snow","02 - Stop sign","03 - At intersection","01 - Daylight","02 - Non-fatal injury","02 - Angle"
"8710","JAMIE AVE @ SUNDERLAND ST","366065.78858","5022022.23463","-75.71832","45.33547","2017","1/31/2017","12:01:00 PM","01 - Clear","01 - Dry","02 - Stop sign","03 - At intersection","01 - Daylight","03 - P.D. only","02 - Angle"
"8711","JASMINE CRES btwn OGILVIE RD & ARROWSMITH DR","375443.80634","5033676.32310","-75.59702","45.43945","2017","1/23/2017","8:53:00 PM","01 - Clear","05 - Packed snow","10 - No control","01 - Non intersection","07 - Dark","03 - P.D. only","03 - Rear end"
"8712","JASMINE CRES btwn OGILVIE RD & BEAVERHILL DR","375519.44424","5034036.09523","-75.59600","45.44268","2017","6/9/2017","1:29:00 PM","01 - Clear","01 - Dry","10 - No control","04 - At/near private drive","01 - Daylight","03 - P.D. only","02 - Angle"
"8713","JASMINE CRES btwn OGILVIE RD & BEAVERHILL DR","375492.33026","5034046.36868","-75.59634","45.44277","2017","11/10/2017","3:30:00 PM","01 - Clear","01 - Dry","10 - No control","01 - Non intersection","01 - Daylight","02 - Non-fatal injury","07 - SMV other"
"8714","JASMINE CRES S @ OGILVIE RD","375353.73196","5033721.25430","-75.59816","45.43986","2017","6/7/2017","6:38:00 PM","01 - Clear","01 - Dry","02 - Stop sign","03 - At intersection","01 - Daylight","03 - P.D. only","02 - Angle"
"8715","JASMINE CRES S @ OGILVIE RD","375353.78855","5033720.34871","-75.59816","45.43985","2017","9/1/2017","6:42:00 PM","01 - Clear","01 - Dry","02 - Stop sign","03 - At intersection","01 - Daylight","03 - P.D. only","02 - Angle"
"8716","JASMINE CRES S @ OGILVIE RD","375355.40466","5033721.87998","-75.59814","45.43987","2017","10/20/2017","9:49:00 AM","01 - Clear","01 - Dry","02 - Stop sign","03 - At intersection","01 - Daylight","02 - Non-fatal injury","02 - Angle"
"8717","JASMINE CRES S @ OGILVIE RD","375353.73196","5033720.58540","-75.59816","45.43986","2017","4/17/2017","4:47:00 PM","01 - Clear","01 - Dry","02 - Stop sign","03 - At intersection","01 - Daylight","03 - P.D. only","02 - Angle"
"8718","JASMINE CRES S @ OGILVIE RD","375355.68205","5033721.29546","-75.59814","45.43986","2017","12/19/2017","7:26:00 PM","01 - Clear","04 - Slush","02 - Stop sign","03 - At intersection","07 - Dark","03 - P.D. only","05 - Turning movement"
"8719","JEAN TALON ST btwn PIE XII ST & BLAKE BLVD","371144.92432","5033099.95816","-75.65204","45.43468","2017","10/10/2017","11:39:00 AM","01 - Clear","01 - Dry","10 - No control","04 - At/near private drive","01 - Daylight","03 - P.D. only","02 - Angle"
"8720","JEANNE D'ARC BLVD  N btwn AVIGNON CRT & DECARIE DR","380848.17794","5038508.92731","-75.52720","45.48236","2017","9/12/2017","12:00:00 AM","01 - Clear","01 - Dry","10 - No control","01 - Non intersection","00 - Unknown","03 - P.D. only","06 - SMV unattended vehicle"
"8721","JEANNE D'ARC BLVD  N btwn DECARIE DR & BILBERRY DR","381102.99820","5038591.01700","-75.52393","45.48307","2017","1/4/2017","8:41:00 PM","04 - Freezing Rain","06 - Ice","10 - No control","01 - Non intersection","07 - Dark","03 - P.D. only","07 - SMV other"
"8722","JEANNE D'ARC BLVD  N btwn DECARIE DR & BILBERRY DR","380913.12208","5038513.08688","-75.52637","45.48239","2017","12/16/2017","6:23:00 PM","01 - Clear","02 - Wet","10 - No control","01 - Non intersection","07 - Dark","02 - Non-fatal injury","06 - SMV unattended vehicle"
"8723","JEANNE D'ARC BLVD  N btwn MILLWOOD CRT & BILBERRY DR","380303.25120","5038249.53949","-75.53421","45.48009","2017","10/1/2017","5:21:00 PM","01 - Clear","01 - Dry","10 - No control","04 - At/near private drive","01 - Daylight","02 - Non-fatal injury","99 - Other"
"8724","JEANNE D'ARC BLVD  N btwn OR174 IC105 RAMP36 & Continuation of JEANNE","379280.31597","5037253.24316","-75.54744","45.47123","2017","10/31/2017","4:24:00 PM","01 - Clear","01 - Dry","10 - No control","01 - Non intersection","01 - Daylight","03 - P.D. only","03 - Rear end"
"8725","JEANNE D'ARC BLVD  N btwn ORLEANS BLVD & MILLWOOD CRT","380045.31472","5038111.02135","-75.53753","45.47887","2017","7/27/2017","4:08:00 PM","01 - Clear","01 - Dry","10 - No control","04 - At/near private drive","01 - Daylight","03 - P.D. only","02 - Angle"
"8726","JEANNE D'ARC BLVD  N btwn ORLEANS BLVD & MILLWOOD CRT","380062.88134","5038117.29908","-75.53730","45.47892","2017","2/18/2017","4:15:00 PM","01 - Clear","01 - Dry","10 - No control","01 - Non intersection","01 - Daylight","03 - P.D. only","03 - Rear end"
"8727","JEANNE D'ARC BLVD  N btwn VINEYARD DR & VOYAGEUR DR","379216.78231","5037448.01685","-75.54823","45.47299","2017","1/23/2017","7:45:00 AM","01 - Clear","01 - Dry","10 - No control","01 - Non intersection","03 - Dawn","03 - P.D. only","03 - Rear end"
"8728","JEANNE D'ARC BLVD  S btwn DES EPINETTES AVE & SAPINIER ST","382233.37532","5035958.33471","-75.50989","45.45926","2017","1/13/2017","3:27:00 PM","01 - Clear","01 - Dry","10 - No control","01 - Non intersection","01 - Daylight","02 - Non-fatal injury","03 - Rear end"
"8729","JEANNE D'ARC BLVD  S btwn HENRI LAUZON ST & BOYER RD","380658.74305","5036187.19958","-75.52998","45.46149","2017","6/6/2017","1:56:00 PM","01 - Clear","01 - Dry","10 - No control","01 - Non intersection","01 - Daylight","02 - Non-fatal injury","04 - Sideswipe"
"8730","JEANNE D'ARC BLVD  S btwn HENRI LAUZON ST & BOYER RD","380645.93681","5036186.02185","-75.53015","45.46148","2017","11/27/2017","4:53:00 PM","03 - Snow","03 - Loose snow","10 - No control","01 - Non intersection","05 - Dusk","02 - Non-fatal injury","03 - Rear end"
"8731","JEANNE D'ARC BLVD  S btwn HENRI LAUZON ST & BOYER RD","380620.91912","5036181.01817","-75.53047","45.46144","2017","2/16/2017","8:04:00 AM","01 - Clear","04 - Slush","10 - No control","01 - Non intersection","01 - Daylight","02 - Non-fatal injury","03 - Rear end"
"8732","JEANNE D'ARC BLVD  S btwn SAPINIER ST & INNES RD","382632.14908","5035584.87677","-75.50485","45.45586","2017","8/31/2017","6:45:00 PM","01 - Clear","01 - Dry","10 - No control","01 - Non intersection","01 - Daylight","03 - P.D. only","03 - Rear end"
"8733","JEANNE D'ARC BLVD  S btwn SAPINIER ST & INNES RD","382619.74221","5035610.55287","-75.50500","45.45609","2017","10/27/2017","5:17:00 PM","01 - Clear","01 - Dry","10 - No control","01 - Non intersection","01 - Daylight","03 - P.D. only","03 - Rear end"
"8734","JEANNE D'ARC BLVD  S btwn SAPINIER ST & INNES RD","382600.95551","5035661.22156","-75.50523","45.45655","2017","12/14/2017","3:15:00 PM","01 - Clear","01 - Dry","10 - No control","01 - Non intersection","01 - Daylight","03 - P.D. only","03 - Rear end"
"8735","JEANNE D'ARC BLVD  S btwn SAPINIER ST & INNES RD","382618.52326","5035614.94252","-75.50502","45.45613","2017","11/25/2017","1:08:00 PM","02 - Rain","02 - Wet","10 - No control","01 - Non intersection","01 - Daylight","02 - Non-fatal injury","03 - Rear end"
"8736","JEANNE D'ARC BLVD  S btwn SAPINIER ST & INNES RD","382630.06129","5035592.30286","-75.50487","45.45592","2017","3/8/2017","2:14:00 PM","01 - Clear","01 - Dry","10 - No control","04 - At/near private drive","01 - Daylight","03 - P.D. only","03 - Rear end"
"8737","JEANNE D'ARC BLVD  S btwn ST. JOSEPH BLVD & WOODCLIFFE PRIV","379893.81672","5036424.42030","-75.53973","45.46371","2017","7/21/2017","3:51:00 PM","01 - Clear","01 - Dry","10 - No control","01 - Non intersection","01 - Daylight","03 - P.D. only","07 - SMV other"
"8738","JEANNE D'ARC BLVD  S btwn ST. JOSEPH BLVD & WOODCLIFFE PRIV","379902.42720","5036410.76979","-75.53962","45.46359","2017","7/15/2017","12:07:00 PM","01 - Clear","01 - Dry","10 - No control","01 - Non intersection","01 - Daylight","03 - P.D. only","07 - SMV other"
"8739","JEANNE D'ARC BLVD  S btwn YOUVILLE DR & ST. JOSEPH BLVD","379755.97332","5036627.44480","-75.54146","45.46555","2017","12/16/2017","7:18:00 AM","01 - Clear","06 - Ice","10 - No control","01 - Non intersection","03 - Dawn","03 - P.D. only","04 - Sideswipe"
"8740","JEANNE D'ARC BLVD @ FORTUNE DR/VINEYARD DR","379239.73194","5037375.59820","-75.54794","45.47234","2017","6/13/2017","6:19:00 PM","01 - Clear","01 - Dry","01 - Traffic signal","03 - At intersection","01 - Daylight","03 - P.D. only","05 - Turning movement"