"Record","Location","X","Y","Longitude","Latitude","Year","Date","Time","Environment","Road_Surface","Traffic_Control","Collision_Location","Light","Collision_Classification","Impact_type"
"8741","JEANNE D'ARC BLVD @ FORTUNE DR/VINEYARD DR","379238.61828","5037375.54550","-75.54796","45.47234","2017","1/13/2017","11:30:00 AM","03 - Snow","02 - Wet","01 - Traffic signal","03 - At intersection","01 - Daylight","03 - P.D. only","02 - Angle"
"8742","JEANNE D'ARC BLVD @ FORTUNE DR/VINEYARD DR","379239.27134","5037374.78409","-75.54795","45.47233","2017","2/7/2017","4:37:00 PM","01 - Clear","01 - Dry","01 - Traffic signal","03 - At intersection","01 - Daylight","02 - Non-fatal injury","07 - SMV other"
"8743","JEANNE D'ARC BLVD @ FORTUNE DR/VINEYARD DR","379238.17060","5037374.35174","-75.54796","45.47233","2017","4/14/2017","5:42:00 PM","01 - Clear","01 - Dry","01 - Traffic signal","03 - At intersection","01 - Daylight","03 - P.D. only","02 - Angle"
"8744","JEANNE D'ARC BLVD @ GREY NUNS DR/YOUVILLE DR","379668.35813","5036702.53772","-75.54257","45.46624","2017","12/8/2017","3:37:00 PM","01 - Clear","01 - Dry","01 - Traffic signal","03 - At intersection","01 - Daylight","03 - P.D. only","05 - Turning movement"
"8745","JEANNE D'ARC BLVD @ GREY NUNS DR/YOUVILLE DR","379672.27101","5036702.62111","-75.54252","45.46624","2017","11/18/2017","11:00:00 AM","04 - Freezing Rain","06 - Ice","01 - Traffic signal","02 - Intersection related","01 - Daylight","03 - P.D. only","03 - Rear end"
"8746","JEANNE D'ARC BLVD @ GREY NUNS DR/YOUVILLE DR","379664.45849","5036710.66196","-75.54261","45.46631","2017","2/14/2017","5:18:00 PM","03 - Snow","03 - Loose snow","01 - Traffic signal","03 - At intersection","05 - Dusk","03 - P.D. only","05 - Turning movement"
"8747","JEANNE D'ARC BLVD @ GREY NUNS DR/YOUVILLE DR","379673.25652","5036700.97085","-75.54250","45.46622","2017","3/6/2017","6:42:00 AM","01 - Clear","01 - Dry","01 - Traffic signal","03 - At intersection","01 - Daylight","02 - Non-fatal injury","02 - Angle"
"8748","JEANNE D'ARC BLVD @ MONTCERF CRT","381117.53085","5036286.01333","-75.52410","45.46233","2017","6/9/2017","7:55:00 AM","01 - Clear","01 - Dry","01 - Traffic signal","02 - Intersection related","01 - Daylight","03 - P.D. only","02 - Angle"
"8749","JEANNE D'ARC BLVD @ MONTCERF CRT","381118.29985","5036287.12955","-75.52409","45.46234","2017","1/30/2017","10:28:00 AM","01 - Clear","01 - Dry","01 - Traffic signal","03 - At intersection","01 - Daylight","03 - P.D. only","03 - Rear end"
"8750","JEANNE D'ARC BLVD @ OR174 IC105 RAMP36","379271.72568","5037281.56361","-75.54755","45.47149","2017","12/23/2017","3:30:00 PM","03 - Snow","03 - Loose snow","10 - No control","02 - Intersection related","01 - Daylight","02 - Non-fatal injury","03 - Rear end"
"8751","JEANNE D'ARC BLVD @ OR174 IC105 RAMP36","379271.09196","5037283.01044","-75.54756","45.47150","2017","12/18/2017","12:17:00 PM","03 - Snow","03 - Loose snow","10 - No control","02 - Intersection related","01 - Daylight","03 - P.D. only","03 - Rear end"
"8752","JEANNE D'ARC BLVD @ OR174 IC105 RAMP36","379271.35084","5037282.55877","-75.54755","45.47150","2017","12/30/2017","6:12:00 PM","01 - Clear","04 - Slush","03 - Yield sign","02 - Intersection related","07 - Dark","03 - P.D. only","03 - Rear end"
"8753","JEANNE D'ARC BLVD @ OR174 IC105 RAMP52","379455.79965","5036917.16097","-75.54525","45.46819","2017","8/14/2017","12:59:00 PM","01 - Clear","01 - Dry","01 - Traffic signal","03 - At intersection","01 - Daylight","03 - P.D. only","02 - Angle"
"8754","JEANNE D'ARC BLVD @ OR174 IC105 RAMP52","379455.99325","5036916.59320","-75.54525","45.46819","2017","9/19/2017","1:53:00 PM","01 - Clear","01 - Dry","01 - Traffic signal","02 - Intersection related","01 - Daylight","03 - P.D. only","03 - Rear end"
"8755","JEANNE D'ARC BLVD @ OR174 IC105 RAMP52","379456.44088","5036917.98933","-75.54524","45.46820","2017","2/9/2017","8:25:00 AM","01 - Clear","06 - Ice","01 - Traffic signal","02 - Intersection related","01 - Daylight","03 - P.D. only","03 - Rear end"
"8756","JEANNE D'ARC BLVD @ OR174 IC105 RAMP52","379455.54248","5036917.88692","-75.54525","45.46820","2017","2/15/2017","9:30:00 AM","02 - Rain","03 - Loose snow","01 - Traffic signal","02 - Intersection related","01 - Daylight","03 - P.D. only","03 - Rear end"
"8757","JEANNE D'ARC BLVD @ OR174 IC105 RAMP52","379455.53795","5036916.43224","-75.54525","45.46818","2017","1/16/2017","3:12:00 PM","01 - Clear","01 - Dry","01 - Traffic signal","03 - At intersection","01 - Daylight","02 - Non-fatal injury","07 - SMV other"
"8758","JEANNE D'ARC BLVD @ ORLEANS BLVD N","380028.39591","5038106.14203","-75.53775","45.47883","2017","4/24/2017","8:52:00 PM","01 - Clear","01 - Dry","01 - Traffic signal","03 - At intersection","07 - Dark","03 - P.D. only","05 - Turning movement"
"8759","JEANNE D'ARC BLVD @ ORLEANS BLVD N","380028.93770","5038104.26099","-75.53774","45.47881","2017","6/2/2017","12:09:00 PM","02 - Rain","02 - Wet","01 - Traffic signal","02 - Intersection related","01 - Daylight","03 - P.D. only","03 - Rear end"
"8760","JEANNE D'ARC BLVD @ ORLEANS BLVD N","380028.39335","5038106.93649","-75.53775","45.47883","2017","5/26/2017","1:54:00 PM","02 - Rain","02 - Wet","01 - Traffic signal","03 - At intersection","01 - Daylight","03 - P.D. only","07 - SMV other"
"8761","JEANNE D'ARC BLVD @ ORLEANS BLVD N","380028.39335","5038104.26091","-75.53775","45.47881","2017","11/16/2017","5:35:00 PM","01 - Clear","01 - Dry","01 - Traffic signal","03 - At intersection","07 - Dark","03 - P.D. only","05 - Turning movement"
"8762","JEANNE D'ARC BLVD @ ORLEANS BLVD N","380030.39776","5038104.14261","-75.53772","45.47881","2017","1/14/2017","4:58:00 PM","01 - Clear","06 - Ice","01 - Traffic signal","02 - Intersection related","05 - Dusk","03 - P.D. only","03 - Rear end"
"8763","JEANNE D'ARC BLVD @ ORLEANS BLVD N","380028.72780","5038105.97393","-75.53774","45.47883","2017","2/25/2017","3:00:00 PM","02 - Rain","02 - Wet","01 - Traffic signal","02 - Intersection related","01 - Daylight","03 - P.D. only","03 - Rear end"
"8764","JEANNE D'ARC BLVD @ ORLEANS BLVD N","380027.72446","5038106.26760","-75.53776","45.47883","2017","2/27/2017","2:35:00 PM","01 - Clear","01 - Dry","01 - Traffic signal","03 - At intersection","01 - Daylight","03 - P.D. only","05 - Turning movement"
"8765","JEANNE D'ARC BLVD @ ORLEANS BLVD S","380939.74116","5036251.91739","-75.52638","45.46205","2017","8/5/2017","12:05:00 PM","01 - Clear","01 - Dry","01 - Traffic signal","02 - Intersection related","01 - Daylight","03 - P.D. only","03 - Rear end"
"8766","JEANNE D'ARC BLVD @ ORLEANS BLVD S","380940.81331","5036249.59817","-75.52637","45.46202","2017","7/15/2017","2:36:00 PM","01 - Clear","01 - Dry","01 - Traffic signal","02 - Intersection related","01 - Daylight","03 - P.D. only","04 - Sideswipe"
"8767","JEANNE D'ARC BLVD @ ORLEANS BLVD S","380941.07895","5036251.24850","-75.52636","45.46204","2017","11/26/2017","3:03:00 PM","01 - Clear","01 - Dry","01 - Traffic signal","02 - Intersection related","01 - Daylight","03 - P.D. only","03 - Rear end"
"8768","JEANNE D'ARC BLVD @ ORLEANS BLVD S","380941.22240","5036250.81855","-75.52636","45.46204","2017","12/8/2017","10:54:00 PM","01 - Clear","01 - Dry","01 - Traffic signal","02 - Intersection related","07 - Dark","03 - P.D. only","04 - Sideswipe"
"8769","JEANNE D'ARC BLVD @ ORLEANS BLVD S","380939.74116","5036251.91739","-75.52638","45.46205","2017","12/1/2017","2:20:00 PM","01 - Clear","01 - Dry","01 - Traffic signal","03 - At intersection","01 - Daylight","02 - Non-fatal injury","05 - Turning movement"
"8770","JEANNE D'ARC BLVD @ ORLEANS BLVD S","380940.91599","5036250.92283","-75.52636","45.46204","2017","12/7/2017","10:00:00 AM","01 - Clear","01 - Dry","01 - Traffic signal","02 - Intersection related","01 - Daylight","03 - P.D. only","03 - Rear end"
"8771","JEANNE D'ARC BLVD @ ORLEANS BLVD S","380940.19805","5036250.57960","-75.52637","45.46203","2017","1/30/2017","7:04:00 AM","01 - Clear","06 - Ice","01 - Traffic signal","02 - Intersection related","03 - Dawn","02 - Non-fatal injury","03 - Rear end"
"8772","JEANNE D'ARC BLVD @ ORLEANS BLVD S","380940.93919","5036252.25692","-75.52636","45.46205","2017","4/12/2017","9:15:00 AM","01 - Clear","01 - Dry","01 - Traffic signal","02 - Intersection related","01 - Daylight","03 - P.D. only","03 - Rear end"
"8773","JEANNE D'ARC BLVD @ ORLEANS BLVD S","380942.25986","5036249.30569","-75.52635","45.46202","2017","12/27/2017","10:32:00 AM","01 - Clear","02 - Wet","01 - Traffic signal","03 - At intersection","01 - Daylight","03 - P.D. only","05 - Turning movement"
"8774","JEANNE D'ARC BLVD @ SAPINIER ST","382555.61307","5035769.62333","-75.50580","45.45753","2017","9/25/2017","5:57:00 PM","01 - Clear","01 - Dry","02 - Stop sign","02 - Intersection related","01 - Daylight","03 - P.D. only","03 - Rear end"
"8775","JEANNE D'ARC BLVD @ VORLAGE DR W/VOYAGEUR WAY","379266.29696","5037739.89990","-75.54755","45.47561","2017","11/16/2017","7:41:00 PM","02 - Rain","02 - Wet","01 - Traffic signal","03 - At intersection","07 - Dark","03 - P.D. only","05 - Turning movement"
"8776","JEANNE D'ARC BLVD @ VORLAGE DR W/VOYAGEUR WAY","379267.58810","5037741.43113","-75.54753","45.47563","2017","1/3/2017","11:11:00 AM","01 - Clear","03 - Loose snow","01 - Traffic signal","03 - At intersection","01 - Daylight","03 - P.D. only","05 - Turning movement"
"8777","JEANNE D'ARC BLVD N/OR174 IC105 RAMP63 @ TRANS","379342.38666","5037117.60334","-75.54667","45.47001","2017","7/28/2017","1:30:00 PM","01 - Clear","01 - Dry","01 - Traffic signal","02 - Intersection related","01 - Daylight","03 - P.D. only","04 - Sideswipe"
"8778","JEANNE D'ARC BLVD N/OR174 IC105 RAMP63 @ TRANS","379343.00083","5037117.37261","-75.54666","45.47000","2017","7/21/2017","3:03:00 PM","01 - Clear","01 - Dry","01 - Traffic signal","02 - Intersection related","01 - Daylight","03 - P.D. only","04 - Sideswipe"
"8779","JEANNE D'ARC BLVD N/OR174 IC105 RAMP63 @ TRANS","379342.54166","5037116.35025","-75.54667","45.47000","2017","10/25/2017","7:15:00 AM","01 - Clear","01 - Dry","01 - Traffic signal","02 - Intersection related","03 - Dawn","03 - P.D. only","03 - Rear end"
"8780","JEANNE D'ARC BLVD N/OR174 IC105 RAMP63 @ TRANS","379343.27469","5037116.76799","-75.54666","45.47000","2017","9/28/2017","7:00:00 AM","01 - Clear","01 - Dry","01 - Traffic signal","02 - Intersection related","01 - Daylight","03 - P.D. only","03 - Rear end"
"8781","JEANNE D'ARC BLVD N/OR174 IC105 RAMP63 @ TRANS","379342.53553","5037117.73780","-75.54667","45.47001","2017","2/28/2017","7:58:00 AM","01 - Clear","01 - Dry","01 - Traffic signal","02 - Intersection related","01 - Daylight","03 - P.D. only","03 - Rear end"
"8782","JEFFERSON ST btwn FEATHERSTON DR & ARIZONA AVE","371789.05516","5027229.26292","-75.64460","45.38180","2017","11/30/2017","7:01:00 PM","02 - Rain","02 - Wet","10 - No control","01 - Non intersection","07 - Dark","03 - P.D. only","03 - Rear end"
"8783","JEFFERSON ST btwn LORRAINE AVE & HERON RD","371803.78268","5027109.52697","-75.64443","45.38072","2017","11/8/2017","9:51:00 AM","01 - Clear","01 - Dry","10 - No control","04 - At/near private drive","01 - Daylight","03 - P.D. only","05 - Turning movement"
"8784","JENSCOTT PRIV btwn SCOUT ST & SCOUT ST","364310.85704","5025175.04811","-75.74033","45.36399","2017","5/14/2017","2:44:00 PM","01 - Clear","01 - Dry","10 - No control","04 - At/near private drive","01 - Daylight","03 - P.D. only","06 - SMV unattended vehicle"
"8785","JINKINSON RD btwn FERNBANK RD & HAZELDEAN RD","345509.23326","5008533.46791","-75.98169","45.21559","2017","6/11/2017","6:38:00 PM","01 - Clear","01 - Dry","10 - No control","01 - Non intersection","01 - Daylight","03 - P.D. only","07 - SMV other"
"8786","JINKINSON RD btwn FERNBANK RD & HAZELDEAN RD","345529.33610","5008089.77746","-75.98147","45.21160","2017","11/13/2017","9:51:00 PM","01 - Clear","01 - Dry","10 - No control","01 - Non intersection","07 - Dark","03 - P.D. only","07 - SMV other"
"8787","JOCKVALE RD @ FABLE ST/WEYBRIDGE DR E","362514.60308","5015143.43180","-75.76443","45.27388","2017","7/9/2017","1:54:00 AM","01 - Clear","01 - Dry","11 - Roundabout","03 - At intersection","07 - Dark","03 - P.D. only","07 - SMV other"
"8788","JOCKVALE RD @ FABLE ST/WEYBRIDGE DR E","362513.22645","5015142.88535","-75.76445","45.27387","2017","10/12/2017","1:20:00 PM","01 - Clear","01 - Dry","11 - Roundabout","03 - At intersection","01 - Daylight","03 - P.D. only","02 - Angle"
"8789","JOCKVALE RD @ FABLE ST/WEYBRIDGE DR E","362512.42801","5015144.05413","-75.76446","45.27388","2017","9/10/2017","9:09:00 AM","01 - Clear","01 - Dry","11 - Roundabout","02 - Intersection related","01 - Daylight","02 - Non-fatal injury","03 - Rear end"
"8790","JOCKVALE RD @ FABLE ST/WEYBRIDGE DR E","362514.18094","5015143.05657","-75.76444","45.27388","2017","3/27/2017","9:25:00 PM","07 - Fog, mist, smoke, dust","01 - Dry","11 - Roundabout","03 - At intersection","07 - Dark","03 - P.D. only","03 - Rear end"
"8791","JOCKVALE RD @ FABLE ST/WEYBRIDGE DR E","362513.26061","5015143.76190","-75.76445","45.27388","2017","12/23/2017","3:30:00 PM","03 - Snow","03 - Loose snow","11 - Roundabout","03 - At intersection","01 - Daylight","03 - P.D. only","02 - Angle"
"8792","JOCKVALE RD @ FABLE ST/WEYBRIDGE DR E","362513.15790","5015143.67075","-75.76445","45.27388","2017","12/27/2017","10:42:00 AM","01 - Clear","06 - Ice","11 - Roundabout","03 - At intersection","01 - Daylight","03 - P.D. only","01 - Approaching"
"8793","JOCKVALE RD @ LONGFIELDS DR","364829.29290","5014001.02790","-75.73507","45.26341","2017","5/31/2017","4:04:00 PM","01 - Clear","01 - Dry","02 - Stop sign","02 - Intersection related","01 - Daylight","03 - P.D. only","03 - Rear end"
"8794","JOCKVALE RD @ LONGFIELDS DR","364829.29290","5014001.02790","-75.73507","45.26341","2017","12/18/2017","10:15:00 AM","03 - Snow","04 - Slush","02 - Stop sign","02 - Intersection related","01 - Daylight","03 - P.D. only","02 - Angle"
"8795","JOCKVALE RD @ STRANDHERD DR","363562.15274","5014579.17499","-75.75115","45.26871","2017","6/12/2017","5:46:00 PM","01 - Clear","01 - Dry","01 - Traffic signal","02 - Intersection related","01 - Daylight","03 - P.D. only","03 - Rear end"
"8796","JOCKVALE RD @ STRANDHERD DR","363560.81495","5014576.49941","-75.75116","45.26869","2017","5/11/2017","4:55:00 PM","01 - Clear","01 - Dry","01 - Traffic signal","03 - At intersection","01 - Daylight","02 - Non-fatal injury","05 - Turning movement"
"8797","JOCKVALE RD @ STRANDHERD DR","363561.28705","5014578.48127","-75.75116","45.26871","2017","5/25/2017","6:40:00 PM","02 - Rain","02 - Wet","01 - Traffic signal","02 - Intersection related","01 - Daylight","03 - P.D. only","03 - Rear end"
"8798","JOCKVALE RD @ STRANDHERD DR","363560.95387","5014578.07389","-75.75116","45.26871","2017","10/11/2017","8:47:00 AM","01 - Clear","01 - Dry","01 - Traffic signal","03 - At intersection","01 - Daylight","03 - P.D. only","03 - Rear end"
"8799","JOCKVALE RD @ STRANDHERD DR","363560.14605","5014579.84389","-75.75117","45.26872","2017","11/23/2017","9:18:00 AM","01 - Clear","01 - Dry","01 - Traffic signal","02 - Intersection related","01 - Daylight","02 - Non-fatal injury","03 - Rear end"
"8800","JOCKVALE RD @ STRANDHERD DR","363559.93405","5014577.29075","-75.75118","45.26870","2017","1/29/2017","3:56:00 PM","03 - Snow","02 - Wet","01 - Traffic signal","02 - Intersection related","01 - Daylight","02 - Non-fatal injury","03 - Rear end"
"8801","JOCKVALE RD @ STRANDHERD DR","363559.93776","5014577.29446","-75.75118","45.26870","2017","2/3/2017","5:30:00 PM","01 - Clear","01 - Dry","01 - Traffic signal","03 - At intersection","07 - Dark","03 - P.D. only","05 - Turning movement"
"8802","JOCKVALE RD @ STRANDHERD DR","363561.48384","5014578.50610","-75.75116","45.26871","2017","3/15/2017","7:52:00 PM","03 - Snow","03 - Loose snow","01 - Traffic signal","03 - At intersection","07 - Dark","03 - P.D. only","05 - Turning movement"
"8803","JOCKVALE RD @ STRANDHERD DR","363559.53375","5014577.60051","-75.75118","45.26870","2017","12/28/2017","1:00:00 PM","01 - Clear","01 - Dry","01 - Traffic signal","03 - At intersection","01 - Daylight","03 - P.D. only","05 - Turning movement"
"8804","JOCKVALE RD @ STRANDHERD DR","363560.95387","5014578.07389","-75.75116","45.26871","2017","12/23/2017","10:03:00 PM","07 - Fog, mist, smoke, dust","03 - Loose snow","01 - Traffic signal","02 - Intersection related","07 - Dark","02 - Non-fatal injury","03 - Rear end"
"8805","JOCKVALE RD @ STRANDHERD DR","363559.52471","5014578.07615","-75.75118","45.26871","2017","12/30/2017","4:29:00 PM","01 - Clear","03 - Loose snow","01 - Traffic signal","03 - At intersection","05 - Dusk","03 - P.D. only","03 - Rear end"
"8806","JOCKVALE RD btwn BREN-MAUR RD & RIVERSTONE DR","364903.98119","5013896.78021","-75.73413","45.26246","2017","5/15/2017","2:47:00 PM","01 - Clear","01 - Dry","10 - No control","01 - Non intersection","01 - Daylight","02 - Non-fatal injury","05 - Turning movement"
"8807","JOCKVALE RD btwn BREN-MAUR RD & RIVERSTONE DR","365045.90941","5013711.70627","-75.73235","45.26078","2017","12/16/2017","10:25:00 AM","01 - Clear","02 - Wet","10 - No control","01 - Non intersection","01 - Daylight","03 - P.D. only","07 - SMV other"
"8808","JOCKVALE RD btwn CEDARVIEW RD & JENNIFER LANE","361516.49379","5015270.07016","-75.77714","45.27510","2017","5/26/2017","3:45:00 PM","02 - Rain","02 - Wet","10 - No control","04 - At/near private drive","01 - Daylight","03 - P.D. only","02 - Angle"
"8809","JOCKVALE RD btwn GOLFLINKS DR & PRINCE OF WALES DR","366107.76192","5012579.24824","-75.71896","45.25050","2017","3/3/2017","7:30:00 AM","01 - Clear","01 - Dry","10 - No control","01 - Non intersection","01 - Daylight","03 - P.D. only","01 - Approaching"
"8810","JOCKVALE RD btwn GREENBANK RD & BREN-MAUR RD","364800.91133","5013970.06871","-75.73544","45.26313","2017","5/13/2017","12:26:00 PM","02 - Rain","02 - Wet","10 - No control","01 - Non intersection","01 - Daylight","03 - P.D. only","03 - Rear end"
"8811","JOCKVALE RD btwn WEYBRIDGE DR & TARTAN DR","362920.83926","5014968.44569","-75.75927","45.27227","2017","12/8/2017","6:01:00 PM","01 - Clear","01 - Dry","10 - No control","04 - At/near private drive","07 - Dark","02 - Non-fatal injury","07 - SMV other"
"8812","JOCKVALE RD btwn WEYBRIDGE DR & TARTAN DR","362586.75093","5015112.13147","-75.76351","45.27359","2017","1/10/2017","3:17:00 PM","03 - Snow","04 - Slush","10 - No control","01 - Non intersection","01 - Daylight","03 - P.D. only","07 - SMV other"
"8813","JOCKVALE RD/RIDEAU VALLEY DR @ PRINCE OF WALES","366709.29266","5012193.59433","-75.71134","45.24698","2017","8/23/2017","11:27:00 PM","01 - Clear","01 - Dry","01 - Traffic signal","03 - At intersection","07 - Dark","02 - Non-fatal injury","02 - Angle"
"8814","JOCKVALE RD/RIDEAU VALLEY DR @ PRINCE OF WALES","366709.66510","5012196.58057","-75.71134","45.24701","2017","9/14/2017","9:16:00 PM","01 - Clear","01 - Dry","01 - Traffic signal","02 - Intersection related","07 - Dark","02 - Non-fatal injury","03 - Rear end"
"8815","JOCKVALE RD/RIDEAU VALLEY DR @ PRINCE OF WALES","366710.65599","5012197.68431","-75.71132","45.24702","2017","12/12/2017","7:08:00 AM","03 - Snow","05 - Packed snow","01 - Traffic signal","02 - Intersection related","03 - Dawn","03 - P.D. only","03 - Rear end"
"8816","JOCKVALE RD/RIDEAU VALLEY DR @ PRINCE OF WALES","366710.25325","5012194.14592","-75.71133","45.24698","2017","12/5/2017","5:48:00 PM","02 - Rain","02 - Wet","01 - Traffic signal","03 - At intersection","07 - Dark","03 - P.D. only","05 - Turning movement"
"8817","JOCKVALE RD/RIDEAU VALLEY DR @ PRINCE OF WALES","366709.52007","5012194.89868","-75.71134","45.24699","2017","2/15/2017","8:35:00 AM","03 - Snow","03 - Loose snow","01 - Traffic signal","02 - Intersection related","01 - Daylight","03 - P.D. only","03 - Rear end"
"8818","JOCKVALE RD/RIDEAU VALLEY DR @ PRINCE OF WALES","366708.61875","5012191.59601","-75.71135","45.24696","2017","2/12/2017","8:42:00 PM","03 - Snow","05 - Packed snow","01 - Traffic signal","02 - Intersection related","07 - Dark","03 - P.D. only","03 - Rear end"
"8819","JOCKVALE RD/RIDEAU VALLEY DR @ PRINCE OF WALES","366708.56112","5012196.85301","-75.71135","45.24701","2017","2/10/2017","2:40:00 PM","03 - Snow","06 - Ice","01 - Traffic signal","03 - At intersection","01 - Daylight","03 - P.D. only","05 - Turning movement"
"8820","JOCKVALE RD/RIDEAU VALLEY DR @ PRINCE OF WALES","366713.52515","5012194.86694","-75.71129","45.24699","2017","3/24/2017","7:21:00 PM","03 - Snow","03 - Loose snow","01 - Traffic signal","03 - At intersection","07 - Dark","03 - P.D. only","02 - Angle"
"8821","JOHN KENNEDY WAY btwn OLD ALMONTE RD & HAMILTON SIDE RD","336734.60084","5009282.53006","-76.09336","45.22278","2017","7/29/2017","4:20:00 PM","01 - Clear","08 - Loose sand or gravel","10 - No control","01 - Non intersection","01 - Daylight","03 - P.D. only","07 - SMV other"
"8822","JOHN QUINN RD @ MITCH OWENS RD","380590.77946","5017702.80659","-75.53369","45.29519","2017","11/20/2017","7:35:00 AM","01 - Clear","01 - Dry","02 - Stop sign","02 - Intersection related","01 - Daylight","02 - Non-fatal injury","03 - Rear end"
"8823","JOHN QUINN RD @ MITCH OWENS RD","380592.78614","5017702.13770","-75.53366","45.29518","2017","11/22/2017","3:56:00 PM","01 - Clear","01 - Dry","02 - Stop sign","03 - At intersection","01 - Daylight","02 - Non-fatal injury","05 - Turning movement"
"8824","JOHN QUINN RD @ PARKWAY RD","381395.11585","5015816.77800","-75.52373","45.27813","2017","4/6/2017","9:03:00 PM","02 - Rain","02 - Wet","02 - Stop sign","03 - At intersection","07 - Dark","02 - Non-fatal injury","02 - Angle"
"8825","JOHN QUINN RD @ STONE SCHOOL RD","382958.79470","5012030.14993","-75.50439","45.24389","2017","6/11/2017","2:27:00 PM","01 - Clear","01 - Dry","02 - Stop sign","02 - Intersection related","01 - Daylight","02 - Non-fatal injury","03 - Rear end"
"8826","JOHN QUINN RD btwn PARKWAY RD & IVESON DR","381443.94528","5015703.73453","-75.52312","45.27711","2017","4/9/2017","12:53:00 PM","01 - Clear","01 - Dry","10 - No control","01 - Non intersection","01 - Daylight","03 - P.D. only","07 - SMV other"
"8827","JOHN QUINN RD btwn STONE SCHOOL RD & BANK ST","383459.37369","5010744.75010","-75.49822","45.23227","2017","2/12/2017","12:32:00 PM","03 - Snow","03 - Loose snow","10 - No control","01 - Non intersection","01 - Daylight","03 - P.D. only","07 - SMV other"
"8828","JOHN QUINN RD btwn STONE SCHOOL RD & BANK ST","383455.89459","5010743.93277","-75.49827","45.23226","2017","1/17/2017","9:40:00 PM","03 - Snow","06 - Ice","10 - No control","01 - Non intersection","07 - Dark","02 - Non-fatal injury","07 - SMV other"
"8829","JOHN SUTHERLAND DR @ RICHMOND RD","358788.33714","5022151.83179","-75.81115","45.33724","2017","5/5/2017","12:42:00 PM","02 - Rain","02 - Wet","01 - Traffic signal","02 - Intersection related","01 - Daylight","03 - P.D. only","03 - Rear end"
"8830","JOHN SUTHERLAND DR @ RICHMOND RD","358786.99935","5022151.83179","-75.81117","45.33724","2017","6/9/2017","12:25:00 PM","01 - Clear","01 - Dry","01 - Traffic signal","03 - At intersection","01 - Daylight","02 - Non-fatal injury","03 - Rear end"
"8831","JOHN SUTHERLAND DR @ RICHMOND RD","358787.66824","5022151.16290","-75.81116","45.33723","2017","6/23/2017","10:04:00 AM","02 - Rain","02 - Wet","01 - Traffic signal","02 - Intersection related","01 - Daylight","02 - Non-fatal injury","03 - Rear end"
"8832","JOHN SUTHERLAND DR @ RICHMOND RD","358787.86791","5022150.79475","-75.81116","45.33723","2017","7/27/2017","10:49:00 PM","01 - Clear","01 - Dry","01 - Traffic signal","03 - At intersection","07 - Dark","02 - Non-fatal injury","03 - Rear end"
"8833","JOHNSTON RD @ MACOUN CIRC","372130.42000","5025598.58110","-75.64047","45.36710","2017","4/12/2017","5:34:00 PM","01 - Clear","01 - Dry","02 - Stop sign","02 - Intersection related","01 - Daylight","03 - P.D. only","03 - Rear end"
"8834","JOHNSTON RD @ SOUTHGATE RD","371020.38765","5024940.84890","-75.65473","45.36128","2017","6/18/2017","10:11:00 PM","01 - Clear","01 - Dry","02 - Stop sign","03 - At intersection","07 - Dark","02 - Non-fatal injury","07 - SMV other"
"8835","JOHNSTON RD @ TAPIOLA CRES E","372255.36175","5025675.53465","-75.63886","45.36778","2017","8/18/2017","9:06:00 PM","01 - Clear","01 - Dry","02 - Stop sign","02 - Intersection related","07 - Dark","03 - P.D. only","03 - Rear end"
"8836","JOHNSTON RD @ TAPIOLA CRES E","372254.39395","5025675.85639","-75.63888","45.36778","2017","10/9/2017","1:52:00 AM","01 - Clear","01 - Dry","02 - Stop sign","03 - At intersection","07 - Dark","03 - P.D. only","05 - Turning movement"
"8837","JOHNSTON RD @ TAPIOLA CRES E","372255.47887","5025674.14337","-75.63886","45.36776","2017","2/3/2017","4:50:00 PM","01 - Clear","01 - Dry","02 - Stop sign","02 - Intersection related","01 - Daylight","03 - P.D. only","03 - Rear end"
"8838","JOHNSTON RD @ TAPIOLA CRES E","372255.22450","5025675.11191","-75.63887","45.36777","2017","1/28/2017","6:49:00 PM","01 - Clear","02 - Wet","02 - Stop sign","02 - Intersection related","07 - Dark","03 - P.D. only","01 - Approaching"
"8839","JOHNSTON RD @ TAPIOLA CRES W","371571.07095","5025266.51920","-75.64765","45.36416","2017","6/1/2017","12:17:00 PM","01 - Clear","01 - Dry","02 - Stop sign","02 - Intersection related","01 - Daylight","02 - Non-fatal injury","03 - Rear end"
"8840","JOHNSTON RD @ ZAIDAN DR","372796.90315","5025722.71200","-75.63194","45.36815","2017","6/29/2017","12:40:00 PM","02 - Rain","02 - Wet","02 - Stop sign","02 - Intersection related","01 - Daylight","03 - P.D. only","07 - SMV other"
"8841","JOHNSTON RD btwn ALLANFORD AVE & CONROY RD","373243.64977","5026233.51846","-75.62617","45.37270","2017","11/19/2017","8:35:00 AM","03 - Snow","05 - Packed snow","10 - No control","01 - Non intersection","01 - Daylight","03 - P.D. only","07 - SMV other"
"8842","JOHNSTON RD btwn BANK PL & SOUTHGATE RD","370909.81800","5024875.25221","-75.65615","45.36070","2017","6/29/2017","4:24:00 PM","02 - Rain","02 - Wet","10 - No control","01 - Non intersection","01 - Daylight","03 - P.D. only","03 - Rear end"
"8843","JOHNWOODS ST btwn JOSEPH CIRC & HAZELDEAN RD","350063.14279","5015538.52432","-75.92308","45.27835","2017","10/10/2017","3:42:00 PM","01 - Clear","01 - Dry","10 - No control","01 - Non intersection","01 - Daylight","02 - Non-fatal injury","07 - SMV other"
"8844","JOHNWOODS ST btwn JOSEPH CIRC & HAZELDEAN RD","350119.20649","5015473.62671","-75.92237","45.27776","2017","10/29/2017","6:49:00 PM","01 - Clear","02 - Wet","10 - No control","01 - Non intersection","07 - Dark","02 - Non-fatal injury","03 - Rear end"