"Record","Location","X","Y","Longitude","Latitude","Year","Date","Time","Environment","Road_Surface","Traffic_Control","Collision_Location","Light","Collision_Classification","Impact_type"
"8845","JOHNWOODS ST btwn MAPLE GROVE RD & ALON ST","349646.05792","5016013.93544","-75.92835","45.28265","2017","9/4/2017","2:52:00 PM","01 - Clear","01 - Dry","10 - No control","01 - Non intersection","01 - Daylight","03 - P.D. only","07 - SMV other"
"8846","JOLIFFE ST btwn ST. LAURENT BLVD & MARTHA AVE","373781.28125","5028428.66744","-75.61900","45.39240","2017","11/20/2017","6:11:00 PM","01 - Clear","01 - Dry","10 - No control","04 - At/near private drive","07 - Dark","03 - P.D. only","02 - Angle"
"8847","JOLIFFE ST btwn ST. LAURENT BLVD & MARTHA AVE","373759.26361","5028419.80064","-75.61928","45.39232","2017","1/27/2017","3:06:00 PM","03 - Snow","02 - Wet","10 - No control","01 - Non intersection","01 - Daylight","03 - P.D. only","06 - SMV unattended vehicle"
"8848","JOLLIET AVE btwn BEECHWOOD AVE & GARNEAU ST","369707.01035","5034115.14238","-75.67028","45.44395","2017","7/13/2017","1:28:00 AM","02 - Rain","02 - Wet","10 - No control","01 - Non intersection","07 - Dark","03 - P.D. only","06 - SMV unattended vehicle"
"8849","JOSEPH CYR ST @ LEMIEUX ST","372493.71816","5031752.56540","-75.63499","45.42243","2017","5/30/2017","6:30:00 PM","02 - Rain","02 - Wet","02 - Stop sign","03 - At intersection","01 - Daylight","03 - P.D. only","02 - Angle"
"8850","JOSEPH CYR ST @ LEMIEUX ST","372494.82365","5031752.57210","-75.63497","45.42243","2017","10/14/2017","3:20:00 PM","01 - Clear","01 - Dry","02 - Stop sign","02 - Intersection related","01 - Daylight","03 - P.D. only","04 - Sideswipe"
"8851","JOSEPH CYR ST @ LEMIEUX ST","372493.98068","5031753.00020","-75.63498","45.42244","2017","4/11/2017","1:45:00 PM","01 - Clear","01 - Dry","02 - Stop sign","02 - Intersection related","01 - Daylight","03 - P.D. only","05 - Turning movement"
"8852","JUANITA AVE @ SEAGRAM HGTS","341089.43210","5023655.74900","-76.03686","45.35191","2017","12/11/2017","5:23:00 PM","01 - Clear","05 - Packed snow","10 - No control","03 - At intersection","07 - Dark","03 - P.D. only","02 - Angle"
"8853","JUNCTION AVE btwn GREGG ST & BROOKFIELD RD","369246.22838","5026479.85938","-75.67717","45.37530","2017","6/21/2017","5:00:00 PM","01 - Clear","01 - Dry","10 - No control","04 - At/near private drive","01 - Daylight","03 - P.D. only","06 - SMV unattended vehicle"
"8854","KAKULU RD @ CASTLEFRANK RD","352180.91250","5018498.70510","-75.89580","45.30484","2017","6/5/2017","11:25:00 PM","02 - Rain","02 - Wet","01 - Traffic signal","03 - At intersection","07 - Dark","03 - P.D. only","02 - Angle"
"8855","KAMOURASKA CIRC btwn HARTLAND ST & TO BE DETERMINED","380855.95478","5036044.92014","-75.52748","45.46019","2017","10/15/2017","12:00:00 AM","01 - Clear","01 - Dry","10 - No control","01 - Non intersection","00 - Unknown","03 - P.D. only","06 - SMV unattended vehicle"
"8856","KANATA AVE @ EARL GREY DR","350951.00373","5019285.03113","-75.91141","45.31200","2017","1/12/2017","4:50:00 PM","01 - Clear","01 - Dry","01 - Traffic signal","03 - At intersection","05 - Dusk","03 - P.D. only","05 - Turning movement"
"8857","KANATA AVE @ GOLDRIDGE DR/EVANSHEN PL","350286.27451","5019729.05189","-75.91985","45.31604","2017","5/11/2017","6:29:00 PM","01 - Clear","01 - Dry","02 - Stop sign","03 - At intersection","01 - Daylight","03 - P.D. only","02 - Angle"
"8858","KANATA AVE @ GOLDRIDGE DR/EVANSHEN PL","350286.14164","5019729.04998","-75.91985","45.31604","2017","12/10/2017","11:23:00 AM","01 - Clear","02 - Wet","02 - Stop sign","03 - At intersection","01 - Daylight","03 - P.D. only","02 - Angle"
"8859","KANATA AVE @ HWY 417 CASTLEFR IC139R15","351715.39890","5019145.14365","-75.90168","45.31069","2017","10/4/2017","5:21:00 PM","02 - Rain","02 - Wet","01 - Traffic signal","02 - Intersection related","01 - Daylight","03 - P.D. only","03 - Rear end"
"8860","KANATA AVE @ ROBSON CRT","350385.10256","5019565.09357","-75.91860","45.31456","2017","2/13/2017","7:20:00 PM","01 - Clear","06 - Ice","02 - Stop sign","02 - Intersection related","07 - Dark","02 - Non-fatal injury","03 - Rear end"
"8861","KANATA AVE @ TERRY FOX DR","349305.53305","5019210.24681","-75.93240","45.31143","2017","5/2/2017","2:55:00 PM","01 - Clear","01 - Dry","01 - Traffic signal","02 - Intersection related","01 - Daylight","03 - P.D. only","03 - Rear end"
"8862","KANATA AVE @ TERRY FOX DR","349305.53305","5019212.92239","-75.93240","45.31146","2017","5/12/2017","9:30:00 PM","01 - Clear","01 - Dry","01 - Traffic signal","02 - Intersection related","07 - Dark","03 - P.D. only","07 - SMV other"
"8863","KANATA AVE @ TERRY FOX DR","349305.43600","5019211.36885","-75.93241","45.31144","2017","8/18/2017","3:23:00 PM","01 - Clear","01 - Dry","01 - Traffic signal","03 - At intersection","01 - Daylight","02 - Non-fatal injury","07 - SMV other"
"8864","KANATA AVE @ TERRY FOX DR","349304.94902","5019211.81422","-75.93241","45.31145","2017","7/24/2017","4:17:00 PM","02 - Rain","02 - Wet","01 - Traffic signal","02 - Intersection related","01 - Daylight","02 - Non-fatal injury","02 - Angle"
"8865","KANATA AVE @ TERRY FOX DR","349304.58545","5019212.22563","-75.93242","45.31145","2017","8/12/2017","3:06:00 PM","02 - Rain","02 - Wet","01 - Traffic signal","03 - At intersection","01 - Daylight","03 - P.D. only","05 - Turning movement"
"8866","KANATA AVE @ TERRY FOX DR","349305.53305","5019212.25350","-75.93240","45.31145","2017","10/8/2017","9:13:00 AM","01 - Clear","02 - Wet","01 - Traffic signal","02 - Intersection related","01 - Daylight","03 - P.D. only","07 - SMV other"
"8867","KANATA AVE @ TERRY FOX DR","349301.14414","5019209.04411","-75.93246","45.31142","2017","10/9/2017","12:45:00 PM","02 - Rain","02 - Wet","01 - Traffic signal","03 - At intersection","01 - Daylight","03 - P.D. only","02 - Angle"
"8868","KANATA AVE @ TERRY FOX DR","349305.86750","5019211.34791","-75.93240","45.31144","2017","9/23/2017","9:29:00 AM","01 - Clear","01 - Dry","01 - Traffic signal","03 - At intersection","01 - Daylight","03 - P.D. only","02 - Angle"
"8869","KANATA AVE @ TERRY FOX DR","349306.34087","5019212.76803","-75.93239","45.31146","2017","11/21/2017","6:20:00 PM","01 - Clear","01 - Dry","01 - Traffic signal","03 - At intersection","07 - Dark","03 - P.D. only","05 - Turning movement"
"8870","KANATA AVE @ TERRY FOX DR","349305.53305","5019210.24681","-75.93240","45.31143","2017","3/6/2017","7:13:00 PM","04 - Freezing Rain","06 - Ice","01 - Traffic signal","03 - At intersection","07 - Dark","02 - Non-fatal injury","05 - Turning movement"
"8871","KANATA AVE @ TERRY FOX DR","349305.86750","5019211.82129","-75.93240","45.31145","2017","12/23/2017","6:31:00 PM","03 - Snow","05 - Packed snow","01 - Traffic signal","03 - At intersection","07 - Dark","02 - Non-fatal injury","05 - Turning movement"
"8872","KANATA AVE btwn CAMPEAU DR & EARL GREY DR","350770.77632","5019304.76332","-75.91371","45.31219","2017","12/5/2017","12:20:00 AM","01 - Clear","01 - Dry","10 - No control","04 - At/near private drive","07 - Dark","03 - P.D. only","07 - SMV other"
"8873","KANATA AVE btwn CAMPEAU DR & EARL GREY DR","350751.13204","5019310.04109","-75.91396","45.31224","2017","3/25/2017","5:03:00 PM","03 - Snow","04 - Slush","10 - No control","01 - Non intersection","01 - Daylight","03 - P.D. only","03 - Rear end"
"8874","KANATA AVE btwn EARL GREY DR & MARITIME WAY","351261.29474","5019319.83190","-75.90745","45.31229","2017","5/14/2017","11:45:00 AM","02 - Rain","02 - Wet","10 - No control","04 - At/near private drive","01 - Daylight","03 - P.D. only","03 - Rear end"
"8875","KANATA AVE btwn EARL GREY DR & MARITIME WAY","351222.52824","5019312.66221","-75.90795","45.31223","2017","9/1/2017","9:50:00 PM","02 - Rain","02 - Wet","10 - No control","01 - Non intersection","07 - Dark","03 - P.D. only","03 - Rear end"
"8876","KANATA AVE btwn EARL GREY DR & MARITIME WAY","351186.38416","5019309.47513","-75.90841","45.31220","2017","7/6/2017","7:38:00 AM","01 - Clear","01 - Dry","10 - No control","01 - Non intersection","01 - Daylight","03 - P.D. only","03 - Rear end"
"8877","KANATA AVE btwn EARL GREY DR & MARITIME WAY","351401.34325","5019331.94903","-75.90567","45.31239","2017","2/3/2017","11:20:00 AM","01 - Clear","01 - Dry","10 - No control","01 - Non intersection","01 - Daylight","03 - P.D. only","03 - Rear end"
"8878","KANATA AVE btwn GOLDRIDGE DR & GOLDRIDGE DR","350282.24477","5019741.53353","-75.91990","45.31615","2017","12/9/2017","10:58:00 AM","01 - Clear","01 - Dry","10 - No control","04 - At/near private drive","01 - Daylight","03 - P.D. only","02 - Angle"
"8879","KANATA AVE/CASTLEFRANK RD @ AIRD PL","351811.68813","5019070.58975","-75.90046","45.31001","2017","8/14/2017","5:00:00 PM","01 - Clear","01 - Dry","01 - Traffic signal","02 - Intersection related","01 - Daylight","03 - P.D. only","03 - Rear end"
"8880","KANATA AVE/CASTLEFRANK RD @ AIRD PL","351811.49800","5019069.86839","-75.90046","45.31001","2017","7/18/2017","10:50:00 AM","01 - Clear","01 - Dry","01 - Traffic signal","02 - Intersection related","01 - Daylight","03 - P.D. only","03 - Rear end"
"8881","KANATA AVE/CASTLEFRANK RD @ AIRD PL","351811.42637","5019070.40693","-75.90046","45.31001","2017","4/21/2017","11:38:00 AM","01 - Clear","01 - Dry","01 - Traffic signal","02 - Intersection related","01 - Daylight","03 - P.D. only","03 - Rear end"
"8882","KANATA AVE/CASTLEFRANK RD @ AIRD PL","351811.06018","5019069.17559","-75.90047","45.31000","2017","3/27/2017","3:50:00 PM","02 - Rain","06 - Ice","01 - Traffic signal","02 - Intersection related","01 - Daylight","03 - P.D. only","03 - Rear end"
"8883","KANATA RD @ LORD BYNG WAY/MARITIME WAY","351428.42876","5019328.40211","-75.90532","45.31236","2017","6/7/2017","10:58:00 AM","01 - Clear","01 - Dry","01 - Traffic signal","02 - Intersection related","01 - Daylight","03 - P.D. only","01 - Approaching"
"8884","KANATA RD @ LORD BYNG WAY/MARITIME WAY","351431.74847","5019333.05573","-75.90528","45.31240","2017","8/4/2017","10:21:00 PM","02 - Rain","02 - Wet","01 - Traffic signal","03 - At intersection","07 - Dark","03 - P.D. only","03 - Rear end"
"8885","KANATA RD @ LORD BYNG WAY/MARITIME WAY","351429.71834","5019332.87046","-75.90530","45.31240","2017","9/1/2017","8:00:00 PM","01 - Clear","01 - Dry","01 - Traffic signal","03 - At intersection","07 - Dark","03 - P.D. only","03 - Rear end"
"8886","KANATA RD @ LORD BYNG WAY/MARITIME WAY","351431.59958","5019331.12419","-75.90528","45.31238","2017","8/17/2017","5:30:00 PM","01 - Clear","01 - Dry","01 - Traffic signal","02 - Intersection related","01 - Daylight","03 - P.D. only","03 - Rear end"
"8887","KANATA RD @ LORD BYNG WAY/MARITIME WAY","351432.20087","5019330.56445","-75.90527","45.31238","2017","10/29/2017","11:45:00 AM","02 - Rain","02 - Wet","01 - Traffic signal","02 - Intersection related","01 - Daylight","03 - P.D. only","03 - Rear end"
"8888","KANATA RD @ LORD BYNG WAY/MARITIME WAY","351430.39001","5019330.18952","-75.90530","45.31237","2017","9/16/2017","5:33:00 PM","01 - Clear","01 - Dry","01 - Traffic signal","02 - Intersection related","01 - Daylight","03 - P.D. only","03 - Rear end"
"8889","KANATA RD @ LORD BYNG WAY/MARITIME WAY","351429.63955","5019331.97790","-75.90531","45.31239","2017","9/4/2017","5:52:00 PM","02 - Rain","02 - Wet","01 - Traffic signal","02 - Intersection related","01 - Daylight","02 - Non-fatal injury","03 - Rear end"
"8890","KANATA RD @ LORD BYNG WAY/MARITIME WAY","351431.64624","5019332.64679","-75.90528","45.31240","2017","11/15/2017","11:53:00 AM","01 - Clear","01 - Dry","01 - Traffic signal","02 - Intersection related","01 - Daylight","03 - P.D. only","04 - Sideswipe"
"8891","KANATA RD @ LORD BYNG WAY/MARITIME WAY","351430.39001","5019332.42848","-75.90530","45.31239","2017","12/7/2017","10:13:00 AM","01 - Clear","01 - Dry","01 - Traffic signal","03 - At intersection","01 - Daylight","02 - Non-fatal injury","02 - Angle"
"8892","KANATA RD @ LORD BYNG WAY/MARITIME WAY","351427.56692","5019332.62633","-75.90533","45.31240","2017","4/13/2017","3:32:00 PM","01 - Clear","01 - Dry","01 - Traffic signal","02 - Intersection related","01 - Daylight","02 - Non-fatal injury","03 - Rear end"
"8893","KARSH DR @ MALAK ST","374091.10444","5025833.15190","-75.61541","45.36902","2017","6/15/2017","6:24:00 AM","01 - Clear","01 - Dry","02 - Stop sign","03 - At intersection","01 - Daylight","02 - Non-fatal injury","07 - SMV other"
"8894","KARSH DR @ MALAK ST","374090.28445","5025833.69856","-75.61542","45.36902","2017","3/23/2017","3:39:00 PM","01 - Clear","01 - Dry","02 - Stop sign","03 - At intersection","01 - Daylight","03 - P.D. only","02 - Angle"
"8895","KARSH DR @ MALAK ST","374090.28445","5025834.24522","-75.61542","45.36903","2017","4/18/2017","9:02:00 PM","01 - Clear","01 - Dry","02 - Stop sign","03 - At intersection","07 - Dark","02 - Non-fatal injury","07 - SMV other"
"8896","KARSH DR btwn SOUTHLAND CRES & TOPLEY CRES","373812.42849","5026217.13142","-75.61891","45.37250","2017","1/23/2017","10:09:00 AM","01 - Clear","01 - Dry","10 - No control","01 - Non intersection","01 - Daylight","03 - P.D. only","99 - Other"
"8897","KATIMAVIK RD @ CURRAN ST/DAVIS AVE","351461.46705","5018494.00312","-75.90498","45.30485","2017","9/13/2017","6:42:00 PM","01 - Clear","01 - Dry","02 - Stop sign","03 - At intersection","05 - Dusk","02 - Non-fatal injury","02 - Angle"
"8898","KATIMAVIK RD @ CURRAN ST/DAVIS AVE","351461.24161","5018494.69602","-75.90498","45.30485","2017","3/6/2017","8:04:00 PM","04 - Freezing Rain","06 - Ice","02 - Stop sign","02 - Intersection related","07 - Dark","03 - P.D. only","03 - Rear end"
"8899","KATIMAVIK RD @ MCGIBBON DR/SEWELL WAY","351725.47221","5018738.46410","-75.90159","45.30703","2017","8/25/2017","9:02:00 AM","01 - Clear","01 - Dry","02 - Stop sign","03 - At intersection","01 - Daylight","02 - Non-fatal injury","02 - Angle"
"8900","KATIMAVIK RD @ WHITNEY DR","352358.16454","5019381.81775","-75.89346","45.31278","2017","1/18/2017","7:27:00 AM","01 - Clear","04 - Slush","01 - Traffic signal","02 - Intersection related","03 - Dawn","03 - P.D. only","99 - Other"
"8901","KATIMAVIK RD btwn PALLADIUM DR & DAVIS AVE","351352.99559","5018315.55446","-75.90638","45.30325","2017","11/27/2017","5:25:00 PM","01 - Clear","01 - Dry","10 - No control","01 - Non intersection","07 - Dark","03 - P.D. only","03 - Rear end"
"8902","KEDEY ST @ CREEK DR","326980.36943","5036968.30830","-76.21632","45.47229","2017","6/25/2017","1:15:00 PM","01 - Clear","02 - Wet","02 - Stop sign","03 - At intersection","01 - Daylight","03 - P.D. only","02 - Angle"
"8903","KEENAN AVE btwn GAINSBOROUGH AVE & WINDERMERE AVE","362428.94477","5027111.63351","-75.76413","45.38158","2017","12/16/2017","10:58:00 AM","01 - Clear","05 - Packed snow","10 - No control","04 - At/near private drive","01 - Daylight","03 - P.D. only","02 - Angle"
"8904","KEHOE ST @ SALINA ST","359625.33485","5025372.18820","-75.80012","45.36615","2017","5/9/2017","2:30:00 PM","01 - Clear","01 - Dry","10 - No control","03 - At intersection","01 - Daylight","03 - P.D. only","02 - Angle"
"8905","KEHOE ST btwn CASCADES AVE & SALINA ST","359624.66596","5025397.60626","-75.80012","45.36638","2017","7/4/2017","12:00:00 AM","00 - Unknown","01 - Dry","10 - No control","01 - Non intersection","00 - Unknown","03 - P.D. only","06 - SMV unattended vehicle"
"8906","KELLY AVE @ MONCTON RD","360355.67510","5023984.23281","-75.79095","45.35360","2017","1/7/2017","11:00:00 AM","01 - Clear","06 - Ice","02 - Stop sign","02 - Intersection related","01 - Daylight","03 - P.D. only","07 - SMV other"
"8907","KELLY AVE @ MONCTON RD","360355.17402","5023982.58410","-75.79096","45.35359","2017","1/6/2017","4:30:00 PM","01 - Clear","06 - Ice","02 - Stop sign","02 - Intersection related","01 - Daylight","03 - P.D. only","02 - Angle"
"8908","KELLY AVE @ PINECREST RD","360277.75691","5023952.53132","-75.79195","45.35332","2017","5/5/2017","7:09:00 PM","02 - Rain","02 - Wet","02 - Stop sign","02 - Intersection related","01 - Daylight","03 - P.D. only","99 - Other"
"8909","KELLY AVE @ PINECREST RD","360275.76862","5023952.55546","-75.79198","45.35332","2017","8/14/2017","3:30:00 PM","01 - Clear","01 - Dry","02 - Stop sign","03 - At intersection","01 - Daylight","03 - P.D. only","02 - Angle"
"8910","KENASTON ST btwn ALGOMA RD & LABRIE AVE","373387.48446","5031391.93015","-75.62362","45.41910","2017","3/14/2017","1:21:00 PM","03 - Snow","03 - Loose snow","10 - No control","04 - At/near private drive","01 - Daylight","03 - P.D. only","02 - Angle"
"8911","KENNEVALE DR btwn MERNER AVE & FLANDERS ST","362091.17749","5014389.19405","-75.76991","45.26713","2017","1/30/2017","8:23:00 AM","01 - Clear","01 - Dry","10 - No control","04 - At/near private drive","01 - Daylight","03 - P.D. only","99 - Other"
"8912","KENNEVALE DR btwn STRANDHERD DR & COBBLE HILL DR","361537.99297","5014120.44452","-75.77699","45.26475","2017","10/10/2017","7:16:00 PM","01 - Clear","01 - Dry","10 - No control","01 - Non intersection","07 - Dark","03 - P.D. only","03 - Rear end"
"8913","KENNEVALE DR btwn STRANDHERD DR & COBBLE HILL DR","361538.53571","5014119.35904","-75.77699","45.26474","2017","10/11/2017","2:31:00 PM","01 - Clear","01 - Dry","10 - No control","01 - Non intersection","01 - Daylight","02 - Non-fatal injury","03 - Rear end"
"8914","KENNEVALE DR btwn STRANDHERD DR & COBBLE HILL DR","361585.38920","5014143.50629","-75.77639","45.26496","2017","11/16/2017","5:48:00 PM","02 - Rain","02 - Wet","10 - No control","01 - Non intersection","07 - Dark","02 - Non-fatal injury","07 - SMV other"
"8915","KENT ST @ FLORENCE ST","367704.13751","5030526.56900","-75.69634","45.41185","2017","8/2/2017","10:29:00 AM","01 - Clear","01 - Dry","02 - Stop sign","03 - At intersection","01 - Daylight","03 - P.D. only","03 - Rear end"
"8916","KENT ST @ LAURIER AVE","367316.22110","5031164.82755","-75.70121","45.41763","2017","8/31/2017","3:19:00 PM","01 - Clear","01 - Dry","01 - Traffic signal","03 - At intersection","01 - Daylight","02 - Non-fatal injury","05 - Turning movement"
"8917","KENT ST @ LAURIER AVE","367317.33696","5031164.90758","-75.70120","45.41763","2017","7/11/2017","1:14:00 PM","02 - Rain","02 - Wet","01 - Traffic signal","02 - Intersection related","01 - Daylight","03 - P.D. only","02 - Angle"
"8918","KENT ST @ LAURIER AVE","367316.36455","5031162.58191","-75.70121","45.41761","2017","11/19/2017","12:26:00 PM","01 - Clear","02 - Wet","01 - Traffic signal","03 - At intersection","01 - Daylight","03 - P.D. only","02 - Angle"
"8919","KENT ST @ LAURIER AVE","367317.03345","5031163.25081","-75.70120","45.41761","2017","11/23/2017","9:53:00 PM","01 - Clear","01 - Dry","01 - Traffic signal","03 - At intersection","07 - Dark","03 - P.D. only","02 - Angle"
"8920","KENT ST @ LAURIER AVE","367316.36455","5031163.91970","-75.70121","45.41762","2017","11/15/2017","2:51:00 PM","01 - Clear","01 - Dry","01 - Traffic signal","03 - At intersection","01 - Daylight","02 - Non-fatal injury","07 - SMV other"
"8921","KENT ST @ LISGAR ST","367437.19230","5030964.58820","-75.69969","45.41581","2017","6/8/2017","2:41:00 PM","01 - Clear","01 - Dry","02 - Stop sign","03 - At intersection","01 - Daylight","02 - Non-fatal injury","07 - SMV other"
"8922","KENT ST @ LISGAR ST","367437.70180","5030961.64612","-75.69969","45.41579","2017","7/29/2017","1:30:00 PM","01 - Clear","01 - Dry","02 - Stop sign","03 - At intersection","01 - Daylight","03 - P.D. only","05 - Turning movement"
"8923","KENT ST @ LISGAR ST","367437.22390","5030963.33025","-75.69969","45.41580","2017","9/14/2017","2:06:00 PM","01 - Clear","01 - Dry","02 - Stop sign","02 - Intersection related","01 - Daylight","03 - P.D. only","04 - Sideswipe"
"8924","KENT ST @ MACLAREN ST","367573.71364","5030741.23001","-75.69798","45.41379","2017","5/3/2017","2:32:00 PM","01 - Clear","01 - Dry","02 - Stop sign","03 - At intersection","01 - Daylight","02 - Non-fatal injury","02 - Angle"
"8925","KENT ST @ MACLAREN ST","367573.04475","5030741.89890","-75.69799","45.41380","2017","4/14/2017","12:39:00 PM","01 - Clear","01 - Dry","02 - Stop sign","02 - Intersection related","01 - Daylight","03 - P.D. only","04 - Sideswipe"
"8926","KENT ST @ MCLEOD ST","367785.70136","5030391.90169","-75.69532","45.41063","2017","4/30/2017","2:19:00 PM","02 - Rain","02 - Wet","02 - Stop sign","03 - At intersection","01 - Daylight","03 - P.D. only","02 - Angle"
"8927","KENT ST @ MCLEOD ST","367786.37025","5030391.90169","-75.69531","45.41063","2017","10/10/2017","10:45:00 AM","01 - Clear","01 - Dry","02 - Stop sign","03 - At intersection","01 - Daylight","03 - P.D. only","02 - Angle"
"8928","KENT ST @ MCLEOD ST","367786.37025","5030390.56390","-75.69531","45.41062","2017","11/11/2017","2:52:00 PM","01 - Clear","01 - Dry","02 - Stop sign","02 - Intersection related","01 - Daylight","03 - P.D. only","02 - Angle"
"8929","KENT ST @ MCLEOD ST","367785.95423","5030392.44007","-75.69531","45.41063","2017","2/11/2017","3:17:00 PM","03 - Snow","03 - Loose snow","02 - Stop sign","03 - At intersection","01 - Daylight","03 - P.D. only","02 - Angle"
"8930","KENT ST @ MCLEOD ST","367786.23133","5030389.85384","-75.69531","45.41061","2017","12/30/2017","12:20:00 PM","05 - Drifting Snow","06 - Ice","02 - Stop sign","02 - Intersection related","01 - Daylight","03 - P.D. only","05 - Turning movement"
"8931","KENT ST @ MCLEOD ST","367787.12127","5030390.33751","-75.69530","45.41061","2017","12/16/2017","1:40:00 AM","01 - Clear","02 - Wet","02 - Stop sign","03 - At intersection","07 - Dark","02 - Non-fatal injury","02 - Angle"
"8932","KENT ST @ NEPEAN ST","367399.03815","5031030.24450","-75.70017","45.41641","2017","11/22/2017","6:02:00 AM","01 - Clear","02 - Wet","01 - Traffic signal","03 - At intersection","07 - Dark","03 - P.D. only","02 - Angle"
"8933","KENT ST @ QUEEN ST","367179.69432","5031386.57951","-75.70293","45.41963","2017","12/8/2017","10:36:00 AM","01 - Clear","01 - Dry","01 - Traffic signal","03 - At intersection","01 - Daylight","01 - Fatal injury","07 - SMV other"
"8934","KENT ST @ QUEEN ST","367178.80289","5031386.77129","-75.70294","45.41963","2017","4/18/2017","8:28:00 AM","01 - Clear","01 - Dry","01 - Traffic signal","03 - At intersection","01 - Daylight","03 - P.D. only","04 - Sideswipe"
"8935","KENT ST @ SLATER ST","367260.62192","5031251.77299","-75.70191","45.41841","2017","1/24/2017","1:30:00 PM","03 - Snow","04 - Slush","01 - Traffic signal","02 - Intersection related","01 - Daylight","02 - Non-fatal injury","07 - SMV other"
"8936","KENT ST @ SLATER ST","367262.71074","5031252.58710","-75.70189","45.41842","2017","2/1/2017","9:33:00 AM","01 - Clear","01 - Dry","01 - Traffic signal","02 - Intersection related","01 - Daylight","03 - P.D. only","04 - Sideswipe"
"8937","KENT ST @ SLATER ST","367262.25014","5031251.23025","-75.70189","45.41841","2017","2/7/2017","12:26:00 PM","01 - Clear","02 - Wet","01 - Traffic signal","02 - Intersection related","01 - Daylight","03 - P.D. only","05 - Turning movement"
"8938","KENT ST @ SLATER ST","367262.04185","5031251.91820","-75.70190","45.41841","2017","4/14/2017","10:30:00 AM","01 - Clear","01 - Dry","01 - Traffic signal","02 - Intersection related","01 - Daylight","03 - P.D. only","05 - Turning movement"
"8939","KENT ST @ SLATER ST","367262.04185","5031253.25600","-75.70190","45.41843","2017","3/18/2017","8:15:00 PM","01 - Clear","01 - Dry","01 - Traffic signal","03 - At intersection","07 - Dark","03 - P.D. only","04 - Sideswipe"
"8940","KENT ST @ SOMERSET ST","367528.37344","5030815.56490","-75.69855","45.41446","2017","6/24/2017","3:13:00 PM","01 - Clear","01 - Dry","01 - Traffic signal","03 - At intersection","01 - Daylight","03 - P.D. only","02 - Angle"
"8941","KENT ST @ SOMERSET ST","367527.70454","5030816.90269","-75.69856","45.41448","2017","7/6/2017","10:12:00 PM","01 - Clear","01 - Dry","01 - Traffic signal","03 - At intersection","07 - Dark","02 - Non-fatal injury","07 - SMV other"
"8942","KENT ST @ SOMERSET ST","367525.75445","5030815.80159","-75.69858","45.41447","2017","10/9/2017","2:17:00 PM","01 - Clear","02 - Wet","01 - Traffic signal","03 - At intersection","01 - Daylight","03 - P.D. only","05 - Turning movement"
"8943","KENT ST @ SOMERSET ST","367526.36675","5030816.23380","-75.69857","45.41447","2017","12/5/2017","12:04:00 PM","02 - Rain","02 - Wet","01 - Traffic signal","02 - Intersection related","01 - Daylight","02 - Non-fatal injury","03 - Rear end"
"8944","KENT ST @ SOMERSET ST","367526.36675","5030815.56490","-75.69857","45.41446","2017","3/28/2017","12:05:00 PM","01 - Clear","02 - Wet","01 - Traffic signal","03 - At intersection","01 - Daylight","03 - P.D. only","05 - Turning movement"
"8945","KENT ST @ SOMERSET ST","367525.75445","5030814.85484","-75.69858","45.41446","2017","12/21/2017","5:15:00 PM","01 - Clear","04 - Slush","01 - Traffic signal","02 - Intersection related","07 - Dark","02 - Non-fatal injury","07 - SMV other"
"8946","KENT ST @ WELLINGTON ST","367097.15135","5031527.11995","-75.70397","45.42091","2017","6/16/2017","4:51:00 PM","01 - Clear","01 - Dry","01 - Traffic signal","03 - At intersection","01 - Daylight","03 - P.D. only","99 - Other"
"8947","KENT ST @ WELLINGTON ST","367098.03225","5031528.58019","-75.70396","45.42092","2017","11/22/2017","6:17:00 PM","01 - Clear","01 - Dry","01 - Traffic signal","02 - Intersection related","07 - Dark","03 - P.D. only","03 - Rear end"
"8948","KENT ST @ WELLINGTON ST","367095.61808","5031526.22688","-75.70399","45.42090","2017","1/14/2017","9:17:00 AM","01 - Clear","01 - Dry","01 - Traffic signal","03 - At intersection","01 - Daylight","03 - P.D. only","02 - Angle"
"8949","KENT ST @ WELLINGTON ST","367096.94733","5031525.44780","-75.70397","45.42089","2017","2/9/2017","3:01:00 PM","01 - Clear","01 - Dry","01 - Traffic signal","02 - Intersection related","01 - Daylight","03 - P.D. only","03 - Rear end"
"8950","KENT ST btwn GILMOUR ST & JAMES ST","367638.63356","5030634.82706","-75.69716","45.41283","2017","3/24/2017","4:55:00 PM","01 - Clear","03 - Loose snow","10 - No control","01 - Non intersection","01 - Daylight","03 - P.D. only","07 - SMV other"
"8951","KENT ST btwn GLOUCESTER ST & NEPEAN ST","367395.02477","5031040.27794","-75.70022","45.41650","2017","3/4/2017","5:35:00 PM","01 - Clear","01 - Dry","10 - No control","01 - Non intersection","01 - Daylight","02 - Non-fatal injury","07 - SMV other"
"8952","KENT ST btwn JAMES ST & FLORENCE ST","367690.91670","5030545.59241","-75.69651","45.41202","2017","6/14/2017","12:00:00 AM","01 - Clear","01 - Dry","10 - No control","01 - Non intersection","00 - Unknown","03 - P.D. only","06 - SMV unattended vehicle"