"Record","Location","X","Y","Longitude","Latitude","Year","Date","Time","Environment","Road_Surface","Traffic_Control","Collision_Location","Light","Collision_Classification","Impact_type"
"8953","KENT ST btwn JAMES ST & FLORENCE ST","367691.52694","5030545.18923","-75.69650","45.41202","2017","10/28/2017","5:03:00 AM","01 - Clear","01 - Dry","10 - No control","01 - Non intersection","07 - Dark","03 - P.D. only","04 - Sideswipe"
"8954","KENT ST btwn LAURIER AVE W & GLOUCESTER ST","367331.08027","5031139.17054","-75.70103","45.41739","2017","5/5/2017","12:00:00 AM","02 - Rain","02 - Wet","10 - No control","01 - Non intersection","00 - Unknown","03 - P.D. only","06 - SMV unattended vehicle"
"8955","KENT ST btwn LAURIER AVE W & GLOUCESTER ST","367352.14944","5031107.60618","-75.70076","45.41711","2017","6/12/2017","8:31:00 AM","01 - Clear","01 - Dry","10 - No control","01 - Non intersection","01 - Daylight","03 - P.D. only","04 - Sideswipe"
"8956","KENT ST btwn LISGAR ST & COOPER ST","367444.72521","5030951.52907","-75.69960","45.41570","2017","5/3/2017","11:16:00 PM","01 - Clear","01 - Dry","10 - No control","01 - Non intersection","07 - Dark","02 - Non-fatal injury","07 - SMV other"
"8957","KENT ST btwn LISGAR ST & COOPER ST","367447.38234","5030948.28414","-75.69957","45.41567","2017","4/21/2017","8:03:00 PM","01 - Clear","01 - Dry","10 - No control","01 - Non intersection","07 - Dark","03 - P.D. only","01 - Approaching"
"8958","KENT ST btwn MACLAREN ST & GILMOUR ST","367589.52387","5030711.99767","-75.69778","45.41353","2017","5/31/2017","9:12:00 PM","01 - Clear","01 - Dry","10 - No control","01 - Non intersection","07 - Dark","03 - P.D. only","04 - Sideswipe"
"8959","KENT ST btwn MACLAREN ST & GILMOUR ST","367595.11833","5030707.11629","-75.69771","45.41348","2017","12/2/2017","2:01:00 PM","01 - Clear","01 - Dry","10 - No control","01 - Non intersection","01 - Daylight","03 - P.D. only","06 - SMV unattended vehicle"
"8960","KENT ST btwn SPARKS ST & QUEEN ST","367160.56785","5031420.03907","-75.70317","45.41994","2017","6/17/2017","8:00:00 PM","01 - Clear","01 - Dry","10 - No control","01 - Non intersection","01 - Daylight","03 - P.D. only","06 - SMV unattended vehicle"
"8961","KERR AVE btwn BROADVIEW AVE & NADOLNY SACHS PRIV","363275.87853","5026558.58042","-75.75338","45.37653","2017","2/14/2017","12:00:00 AM","01 - Clear","02 - Wet","10 - No control","01 - Non intersection","00 - Unknown","03 - P.D. only","06 - SMV unattended vehicle"
"8962","KEYWORTH AVE @ SUNNYMEDE AVE","363865.69004","5029333.89300","-75.74552","45.40145","2017","3/24/2017","6:04:00 PM","03 - Snow","03 - Loose snow","02 - Stop sign","03 - At intersection","05 - Dusk","02 - Non-fatal injury","02 - Angle"
"8963","KHAMSIN ST btwn GALLANTRY WAY & GALLANTRY WAY","350809.06800","5016497.05700","-75.91348","45.28692","2017","9/17/2017","6:17:00 PM","01 - Clear","01 - Dry","10 - No control","04 - At/near private drive","01 - Daylight","03 - P.D. only","99 - Other"
"8964","KILBIRNIE DR btwn BREAKSTONE RD & GREENBANK RD","365228.44560","5011629.42890","-75.73027","45.24203","2017","12/25/2017","11:57:00 AM","03 - Snow","03 - Loose snow","10 - No control","01 - Non intersection","01 - Daylight","03 - P.D. only","06 - SMV unattended vehicle"
"8965","KILBIRNIE DR btwn GREENBANK RD & KILMARNOCK WAY","365492.82248","5011699.59063","-75.72690","45.24264","2017","9/17/2017","12:41:00 AM","01 - Clear","01 - Dry","10 - No control","04 - At/near private drive","07 - Dark","03 - P.D. only","06 - SMV unattended vehicle"
"8966","KILBORN AVE @ KILBORN PL/LAMIRA ST","369743.41462","5027683.01025","-75.67066","45.38608","2017","9/24/2017","2:07:00 AM","01 - Clear","01 - Dry","11 - Roundabout","03 - At intersection","07 - Dark","03 - P.D. only","02 - Angle"
"8967","KILBORN AVE @ KILBORN PL/LAMIRA ST","369744.71810","5027679.47258","-75.67065","45.38604","2017","1/4/2017","4:38:00 PM","03 - Snow","06 - Ice","11 - Roundabout","02 - Intersection related","05 - Dusk","03 - P.D. only","01 - Approaching"
"8968","KILBORN AVE @ NIAGARA DR","370077.95909","5027717.28028","-75.66639","45.38635","2017","12/18/2017","12:50:00 PM","03 - Snow","03 - Loose snow","02 - Stop sign","03 - At intersection","01 - Daylight","03 - P.D. only","07 - SMV other"
"8969","KILBORN AVE @ VIRGINIA DR","371767.44354","5027906.53400","-75.64479","45.38790","2017","1/13/2017","8:45:00 PM","01 - Clear","01 - Dry","02 - Stop sign","03 - At intersection","07 - Dark","03 - P.D. only","03 - Rear end"
"8970","KILBORN AVE btwn ASTER ST & VIRGINIA DR","371653.60362","5027894.54465","-75.64624","45.38780","2017","3/5/2017","2:07:00 AM","01 - Clear","01 - Dry","10 - No control","01 - Non intersection","07 - Dark","03 - P.D. only","06 - SMV unattended vehicle"
"8971","KILBORN AVE btwn ASTER ST & VIRGINIA DR","371561.38701","5027883.23314","-75.64742","45.38771","2017","4/15/2017","9:09:00 PM","02 - Rain","02 - Wet","10 - No control","01 - Non intersection","07 - Dark","03 - P.D. only","01 - Approaching"
"8972","KILBORN AVE btwn BLOSSOM DR & BEAVER AVE","369928.45319","5027698.02244","-75.66830","45.38619","2017","8/28/2017","8:30:00 PM","01 - Clear","01 - Dry","10 - No control","01 - Non intersection","07 - Dark","03 - P.D. only","06 - SMV unattended vehicle"
"8973","KILMORY CRES btwn BOWMOOR AVE & INVERNESS AVE","365841.10890","5024387.55017","-75.72090","45.35678","2017","3/7/2017","10:00:00 AM","04 - Freezing Rain","06 - Ice","10 - No control","01 - Non intersection","01 - Daylight","03 - P.D. only","07 - SMV other"
"8974","KILSPINDIE RIDGE btwn FERGUSLEA LANE & KILSPINDIE RIDGE","366272.98900","5012620.92400","-75.71685","45.25086","2017","2/12/2017","3:21:00 PM","03 - Snow","03 - Loose snow","10 - No control","04 - At/near private drive","01 - Daylight","03 - P.D. only","06 - SMV unattended vehicle"
"8975","KILSPINDIE RIDGE btwn FERGUSLEA LANE & LOCHHOUSE WALK","366436.78300","5012781.49600","-75.71474","45.25229","2017","5/29/2017","12:00:00 AM","01 - Clear","01 - Dry","10 - No control","01 - Non intersection","00 - Unknown","03 - P.D. only","06 - SMV unattended vehicle"
"8976","KIMBERWICK CRES btwn CHANCELLOR CRT & RIVERSIDE DR","367990.48468","5022464.35219","-75.69371","45.33928","2017","3/7/2017","9:20:00 AM","04 - Freezing Rain","06 - Ice","10 - No control","01 - Non intersection","01 - Daylight","03 - P.D. only","04 - Sideswipe"
"8977","KINBURN SIDE RD btwn LIMESTONE RD & BECKS RD","333499.98638","5031836.93189","-76.13324","45.42588","2017","12/1/2017","7:18:00 PM","01 - Clear","01 - Dry","10 - No control","01 - Non intersection","07 - Dark","02 - Non-fatal injury","07 - SMV other"
"8978","KINBURN SIDE RD btwn LOGGERS WAY & JOHN SHAW RD","329922.97385","5028681.40433","-76.17911","45.39762","2017","12/6/2017","7:22:00 PM","01 - Clear","01 - Dry","10 - No control","01 - Non intersection","07 - Dark","02 - Non-fatal injury","07 - SMV other"
"8979","KINBURN SIDE RD btwn STONECREST RD & TORBOLTON RIDGE RD","334996.27688","5033126.10361","-76.11404","45.43742","2017","10/27/2017","6:18:00 PM","01 - Clear","01 - Dry","10 - No control","01 - Non intersection","05 - Dusk","03 - P.D. only","07 - SMV other"
"8980","KINBURN SIDE RD btwn TIMMINS RD & DOMINION SPRINGS RD","323680.63683","5023175.44011","-76.25905","45.34827","2017","5/14/2017","10:17:00 PM","02 - Rain","02 - Wet","10 - No control","01 - Non intersection","07 - Dark","03 - P.D. only","07 - SMV other"
"8981","KINBURN SIDE RD btwn TORBOLTON RIDGE RD & WOODKILTON RD","336881.80981","5034920.84867","-76.08982","45.45348","2017","10/25/2017","7:50:00 AM","01 - Clear","01 - Dry","10 - No control","01 - Non intersection","01 - Daylight","03 - P.D. only","07 - SMV other"
"8982","KINBURN SIDE RD btwn WOODKILTON RD & DUNROBIN RD","337411.30296","5035391.03256","-76.08302","45.45769","2017","3/24/2017","10:13:00 PM","03 - Snow","03 - Loose snow","10 - No control","01 - Non intersection","07 - Dark","03 - P.D. only","07 - SMV other"
"8983","KING EDWARD AVE @ GEORGE ST","368462.99030","5032481.61454","-75.68639","45.42937","2017","5/18/2017","12:26:00 PM","01 - Clear","01 - Dry","02 - Stop sign","03 - At intersection","01 - Daylight","03 - P.D. only","04 - Sideswipe"
"8984","KING EDWARD AVE @ GEORGE ST","368463.41840","5032481.18644","-75.68639","45.42937","2017","2/23/2017","7:54:00 PM","01 - Clear","02 - Wet","02 - Stop sign","02 - Intersection related","07 - Dark","03 - P.D. only","05 - Turning movement"
"8985","KING EDWARD AVE @ LAURIER AVE","368739.37275","5032035.92039","-75.68292","45.42533","2017","5/4/2017","4:25:00 PM","01 - Clear","01 - Dry","01 - Traffic signal","02 - Intersection related","01 - Daylight","03 - P.D. only","03 - Rear end"
"8986","KING EDWARD AVE @ LAURIER AVE","368741.37944","5032033.24481","-75.68289","45.42531","2017","4/27/2017","1:42:00 PM","01 - Clear","01 - Dry","01 - Traffic signal","02 - Intersection related","01 - Daylight","03 - P.D. only","04 - Sideswipe"
"8987","KING EDWARD AVE @ LAURIER AVE","368738.70386","5032035.25150","-75.68293","45.42533","2017","6/18/2017","3:08:00 PM","01 - Clear","01 - Dry","01 - Traffic signal","02 - Intersection related","01 - Daylight","03 - P.D. only","03 - Rear end"
"8988","KING EDWARD AVE @ LAURIER AVE","368739.70720","5032034.85034","-75.68292","45.42533","2017","7/2/2017","10:07:00 AM","01 - Clear","01 - Dry","01 - Traffic signal","02 - Intersection related","01 - Daylight","03 - P.D. only","04 - Sideswipe"
"8989","KING EDWARD AVE @ LAURIER AVE","368738.50906","5032035.92917","-75.68293","45.42534","2017","7/14/2017","9:00:00 AM","01 - Clear","01 - Dry","01 - Traffic signal","02 - Intersection related","01 - Daylight","03 - P.D. only","03 - Rear end"
"8990","KING EDWARD AVE @ LAURIER AVE","368738.42515","5032034.58260","-75.68293","45.42532","2017","7/25/2017","12:50:00 PM","02 - Rain","02 - Wet","01 - Traffic signal","02 - Intersection related","01 - Daylight","03 - P.D. only","03 - Rear end"
"8991","KING EDWARD AVE @ LAURIER AVE","368739.70720","5032034.58258","-75.68292","45.42532","2017","7/31/2017","10:20:00 AM","01 - Clear","01 - Dry","01 - Traffic signal","02 - Intersection related","01 - Daylight","03 - P.D. only","03 - Rear end"
"8992","KING EDWARD AVE @ LAURIER AVE","368739.70720","5032034.34591","-75.68292","45.42532","2017","10/27/2017","6:37:00 AM","01 - Clear","01 - Dry","01 - Traffic signal","03 - At intersection","03 - Dawn","03 - P.D. only","05 - Turning movement"
"8993","KING EDWARD AVE @ LAURIER AVE","368740.15413","5032035.69992","-75.68291","45.42533","2017","9/7/2017","8:00:00 AM","01 - Clear","01 - Dry","01 - Traffic signal","02 - Intersection related","01 - Daylight","03 - P.D. only","04 - Sideswipe"
"8994","KING EDWARD AVE @ LAURIER AVE","368739.70720","5032034.85397","-75.68292","45.42533","2017","10/15/2017","9:55:00 AM","02 - Rain","02 - Wet","01 - Traffic signal","02 - Intersection related","01 - Daylight","03 - P.D. only","03 - Rear end"
"8995","KING EDWARD AVE @ LAURIER AVE","368740.18510","5032034.34365","-75.68291","45.42532","2017","11/13/2017","4:05:00 PM","01 - Clear","01 - Dry","01 - Traffic signal","02 - Intersection related","01 - Daylight","03 - P.D. only","04 - Sideswipe"
"8996","KING EDWARD AVE @ LAURIER AVE","368739.37275","5032034.58260","-75.68292","45.42532","2017","12/9/2017","9:15:00 PM","03 - Snow","03 - Loose snow","01 - Traffic signal","03 - At intersection","07 - Dark","03 - P.D. only","05 - Turning movement"
"8997","KING EDWARD AVE @ LAURIER AVE","368739.37275","5032033.24481","-75.68292","45.42531","2017","11/18/2017","10:39:00 AM","01 - Clear","01 - Dry","01 - Traffic signal","02 - Intersection related","01 - Daylight","03 - P.D. only","03 - Rear end"
"8998","KING EDWARD AVE @ LAURIER AVE","368740.56557","5032036.29934","-75.68290","45.42534","2017","1/12/2017","2:05:00 PM","01 - Clear","02 - Wet","01 - Traffic signal","02 - Intersection related","01 - Daylight","03 - P.D. only","03 - Rear end"
"8999","KING EDWARD AVE @ MURRAY ST","368292.98185","5032753.58200","-75.68853","45.43183","2017","8/16/2017","4:33:00 PM","01 - Clear","01 - Dry","01 - Traffic signal","03 - At intersection","01 - Daylight","03 - P.D. only","04 - Sideswipe"
"9000","KING EDWARD AVE @ MURRAY ST","368292.34083","5032752.29995","-75.68854","45.43182","2017","7/2/2017","4:56:00 PM","01 - Clear","01 - Dry","01 - Traffic signal","02 - Intersection related","01 - Daylight","03 - P.D. only","04 - Sideswipe"
"9001","KING EDWARD AVE @ MURRAY ST","368292.17317","5032752.39857","-75.68854","45.43182","2017","8/25/2017","7:50:00 AM","01 - Clear","01 - Dry","01 - Traffic signal","02 - Intersection related","01 - Daylight","03 - P.D. only","03 - Rear end"
"9002","KING EDWARD AVE @ MURRAY ST","368292.03425","5032754.25090","-75.68854","45.43184","2017","10/29/2017","10:43:00 AM","01 - Clear","02 - Wet","01 - Traffic signal","02 - Intersection related","01 - Daylight","02 - Non-fatal injury","04 - Sideswipe"
"9003","KING EDWARD AVE @ MURRAY ST","368290.74401","5032754.29885","-75.68856","45.43184","2017","9/26/2017","2:11:00 PM","01 - Clear","01 - Dry","01 - Traffic signal","02 - Intersection related","01 - Daylight","03 - P.D. only","03 - Rear end"
"9004","KING EDWARD AVE @ MURRAY ST","368293.18291","5032752.68579","-75.68853","45.43182","2017","11/13/2017","12:41:00 PM","01 - Clear","01 - Dry","01 - Traffic signal","02 - Intersection related","01 - Daylight","03 - P.D. only","04 - Sideswipe"
"9005","KING EDWARD AVE @ MURRAY ST","368292.03425","5032754.25090","-75.68854","45.43184","2017","11/20/2017","12:26:00 PM","01 - Clear","01 - Dry","01 - Traffic signal","02 - Intersection related","01 - Daylight","03 - P.D. only","03 - Rear end"
"9006","KING EDWARD AVE @ MURRAY ST","368292.03425","5032752.91310","-75.68854","45.43183","2017","3/2/2017","12:18:00 PM","01 - Clear","01 - Dry","01 - Traffic signal","02 - Intersection related","01 - Daylight","03 - P.D. only","04 - Sideswipe"
"9007","KING EDWARD AVE @ MURRAY ST","368292.17770","5032752.86515","-75.68854","45.43183","2017","12/23/2017","2:44:00 AM","03 - Snow","05 - Packed snow","01 - Traffic signal","03 - At intersection","07 - Dark","03 - P.D. only","07 - SMV other"
"9008","KING EDWARD AVE @ OSGOODE ST/THOMAS MORE PRIV","368849.58552","5031851.00512","-75.68154","45.42366","2017","6/21/2017","9:56:00 PM","01 - Clear","01 - Dry","01 - Traffic signal","02 - Intersection related","07 - Dark","03 - P.D. only","04 - Sideswipe"
"9009","KING EDWARD AVE @ OSGOODE ST/THOMAS MORE PRIV","368849.37235","5031850.56831","-75.68154","45.42366","2017","6/2/2017","2:56:00 PM","01 - Clear","01 - Dry","01 - Traffic signal","02 - Intersection related","01 - Daylight","03 - P.D. only","03 - Rear end"
"9010","KING EDWARD AVE @ OSGOODE ST/THOMAS MORE PRIV","368849.62319","5031851.73888","-75.68153","45.42367","2017","2/18/2017","8:39:00 AM","01 - Clear","02 - Wet","01 - Traffic signal","03 - At intersection","01 - Daylight","03 - P.D. only","02 - Angle"
"9011","KING EDWARD AVE @ OSGOODE ST/THOMAS MORE PRIV","368851.23531","5031852.57500","-75.68151","45.42367","2017","3/12/2017","9:49:00 PM","01 - Clear","01 - Dry","01 - Traffic signal","02 - Intersection related","07 - Dark","03 - P.D. only","05 - Turning movement"
"9012","KING EDWARD AVE @ RIDEAU ST","368512.04165","5032414.25810","-75.68578","45.42876","2017","5/11/2017","11:46:00 AM","01 - Clear","01 - Dry","01 - Traffic signal","02 - Intersection related","01 - Daylight","02 - Non-fatal injury","07 - SMV other"
"9013","KING EDWARD AVE @ RIDEAU ST","368511.70720","5032412.91276","-75.68578","45.42875","2017","5/16/2017","4:40:00 PM","01 - Clear","01 - Dry","01 - Traffic signal","02 - Intersection related","01 - Daylight","03 - P.D. only","03 - Rear end"
"9014","KING EDWARD AVE @ RIDEAU ST","368512.04165","5032415.59589","-75.68577","45.42877","2017","5/3/2017","1:15:00 AM","01 - Clear","01 - Dry","01 - Traffic signal","02 - Intersection related","07 - Dark","02 - Non-fatal injury","07 - SMV other"
"9015","KING EDWARD AVE @ RIDEAU ST","368512.34516","5032412.63226","-75.68577","45.42875","2017","7/31/2017","1:12:00 PM","01 - Clear","01 - Dry","01 - Traffic signal","02 - Intersection related","01 - Daylight","03 - P.D. only","05 - Turning movement"
"9016","KING EDWARD AVE @ RIDEAU ST","368511.70720","5032413.85694","-75.68578","45.42876","2017","7/18/2017","1:39:00 PM","01 - Clear","01 - Dry","01 - Traffic signal","03 - At intersection","01 - Daylight","03 - P.D. only","04 - Sideswipe"
"9017","KING EDWARD AVE @ RIDEAU ST","368513.34654","5032413.58920","-75.68576","45.42875","2017","10/2/2017","7:50:00 AM","01 - Clear","01 - Dry","01 - Traffic signal","02 - Intersection related","01 - Daylight","02 - Non-fatal injury","03 - Rear end"
"9018","KING EDWARD AVE @ RIDEAU ST","368511.37275","5032413.58920","-75.68578","45.42875","2017","11/26/2017","6:15:00 PM","03 - Snow","03 - Loose snow","01 - Traffic signal","03 - At intersection","07 - Dark","03 - P.D. only","05 - Turning movement"
"9019","KING EDWARD AVE @ RIDEAU ST","368511.37275","5032412.92030","-75.68578","45.42875","2017","11/29/2017","7:58:00 PM","01 - Clear","01 - Dry","01 - Traffic signal","02 - Intersection related","07 - Dark","03 - P.D. only","03 - Rear end"
"9020","KING EDWARD AVE @ RIDEAU ST","368511.70720","5032413.58920","-75.68578","45.42875","2017","11/1/2017","9:28:00 PM","02 - Rain","02 - Wet","01 - Traffic signal","03 - At intersection","07 - Dark","02 - Non-fatal injury","07 - SMV other"
"9021","KING EDWARD AVE @ RIDEAU ST","368511.70720","5032413.81468","-75.68578","45.42876","2017","12/6/2017","2:17:00 PM","01 - Clear","01 - Dry","01 - Traffic signal","02 - Intersection related","01 - Daylight","03 - P.D. only","03 - Rear end"
"9022","KING EDWARD AVE @ RIDEAU ST","368511.70720","5032413.35025","-75.68578","45.42875","2017","11/5/2017","8:32:00 PM","02 - Rain","02 - Wet","01 - Traffic signal","03 - At intersection","07 - Dark","03 - P.D. only","05 - Turning movement"
"9023","KING EDWARD AVE @ RIDEAU ST","368511.70720","5032414.26564","-75.68578","45.42876","2017","12/19/2017","4:14:00 PM","02 - Rain","02 - Wet","01 - Traffic signal","02 - Intersection related","05 - Dusk","03 - P.D. only","04 - Sideswipe"
"9024","KING EDWARD AVE @ RIDEAU ST","368511.23383","5032413.82589","-75.68579","45.42876","2017","12/30/2017","12:40:00 PM","03 - Snow","06 - Ice","01 - Traffic signal","02 - Intersection related","01 - Daylight","03 - P.D. only","03 - Rear end"
"9025","KING EDWARD AVE @ SOMERSET ST/MARIE CURIE PRIV","368957.90867","5031673.38193","-75.68017","45.42205","2017","2/15/2017","8:45:00 AM","03 - Snow","03 - Loose snow","01 - Traffic signal","02 - Intersection related","01 - Daylight","03 - P.D. only","03 - Rear end"
"9026","KING EDWARD AVE @ SOMERSET ST/MARIE CURIE PRIV","368957.71030","5031673.20247","-75.68018","45.42205","2017","1/13/2017","9:36:00 AM","01 - Clear","05 - Packed snow","01 - Traffic signal","02 - Intersection related","01 - Daylight","03 - P.D. only","05 - Turning movement"
"9027","KING EDWARD AVE @ SOMERSET ST/MARIE CURIE PRIV","368957.58750","5031673.84367","-75.68018","45.42206","2017","12/24/2017","11:55:00 AM","01 - Clear","01 - Dry","01 - Traffic signal","03 - At intersection","01 - Daylight","02 - Non-fatal injury","07 - SMV other"
"9028","KING EDWARD AVE @ SOMERSET ST/MARIE CURIE PRIV","368957.71030","5031673.33875","-75.68018","45.42205","2017","12/26/2017","4:44:00 PM","01 - Clear","02 - Wet","01 - Traffic signal","02 - Intersection related","05 - Dusk","03 - P.D. only","99 - Other"
"9029","KING EDWARD AVE @ ST. ANDREW ST","368161.34501","5032967.82177","-75.69019","45.43377","2017","12/23/2017","4:32:00 PM","03 - Snow","03 - Loose snow","01 - Traffic signal","02 - Intersection related","05 - Dusk","03 - P.D. only","03 - Rear end"
"9030","KING EDWARD AVE @ ST. PATRICK ST","368249.22027","5032823.45076","-75.68908","45.43247","2017","6/23/2017","7:59:00 AM","02 - Rain","02 - Wet","01 - Traffic signal","02 - Intersection related","01 - Daylight","02 - Non-fatal injury","04 - Sideswipe"
"9031","KING EDWARD AVE @ ST. PATRICK ST","368249.81118","5032823.36682","-75.68907","45.43246","2017","8/29/2017","7:34:00 PM","01 - Clear","01 - Dry","01 - Traffic signal","02 - Intersection related","01 - Daylight","02 - Non-fatal injury","04 - Sideswipe"
"9032","KING EDWARD AVE @ ST. PATRICK ST","368248.74432","5032823.65045","-75.68909","45.43247","2017","8/31/2017","7:40:00 AM","01 - Clear","01 - Dry","01 - Traffic signal","02 - Intersection related","01 - Daylight","03 - P.D. only","04 - Sideswipe"
"9033","KING EDWARD AVE @ ST. PATRICK ST","368248.93139","5032823.26600","-75.68908","45.43246","2017","7/18/2017","5:31:00 PM","01 - Clear","01 - Dry","01 - Traffic signal","02 - Intersection related","01 - Daylight","03 - P.D. only","04 - Sideswipe"
"9034","KING EDWARD AVE @ ST. PATRICK ST","368250.13499","5032823.82775","-75.68907","45.43247","2017","9/15/2017","12:28:00 PM","01 - Clear","01 - Dry","01 - Traffic signal","02 - Intersection related","01 - Daylight","02 - Non-fatal injury","03 - Rear end"
"9035","KING EDWARD AVE @ ST. PATRICK ST","368248.70130","5032823.58880","-75.68909","45.43247","2017","10/8/2017","12:51:00 PM","01 - Clear","01 - Dry","01 - Traffic signal","02 - Intersection related","01 - Daylight","03 - P.D. only","04 - Sideswipe"
"9036","KING EDWARD AVE @ ST. PATRICK ST","368248.33428","5032823.75468","-75.68909","45.43247","2017","10/25/2017","2:08:00 PM","01 - Clear","01 - Dry","01 - Traffic signal","02 - Intersection related","01 - Daylight","03 - P.D. only","04 - Sideswipe"
"9037","KING EDWARD AVE @ ST. PATRICK ST","368248.15485","5032824.13525","-75.68909","45.43247","2017","10/3/2017","11:59:00 AM","01 - Clear","01 - Dry","01 - Traffic signal","02 - Intersection related","01 - Daylight","03 - P.D. only","03 - Rear end"
"9038","KING EDWARD AVE @ ST. PATRICK ST","368248.64374","5032823.56296","-75.68909","45.43247","2017","9/7/2017","4:30:00 PM","01 - Clear","01 - Dry","01 - Traffic signal","02 - Intersection related","01 - Daylight","03 - P.D. only","04 - Sideswipe"
"9039","KING EDWARD AVE @ ST. PATRICK ST","368249.17467","5032823.35211","-75.68908","45.43246","2017","9/22/2017","6:30:00 AM","01 - Clear","01 - Dry","01 - Traffic signal","02 - Intersection related","03 - Dawn","03 - P.D. only","04 - Sideswipe"
"9040","KING EDWARD AVE @ ST. PATRICK ST","368248.70130","5032822.87195","-75.68909","45.43246","2017","9/20/2017","1:59:00 PM","01 - Clear","01 - Dry","01 - Traffic signal","02 - Intersection related","01 - Daylight","03 - P.D. only","03 - Rear end"
"9041","KING EDWARD AVE @ ST. PATRICK ST","368248.70130","5032823.35211","-75.68909","45.43246","2017","12/12/2017","11:23:00 AM","03 - Snow","04 - Slush","01 - Traffic signal","02 - Intersection related","01 - Daylight","03 - P.D. only","03 - Rear end"
"9042","KING EDWARD AVE @ ST. PATRICK ST","368248.70130","5032822.87874","-75.68909","45.43246","2017","11/2/2017","7:17:00 PM","02 - Rain","02 - Wet","01 - Traffic signal","03 - At intersection","07 - Dark","03 - P.D. only","04 - Sideswipe"
"9043","KING EDWARD AVE @ ST. PATRICK ST","368248.36685","5032824.25770","-75.68909","45.43247","2017","2/24/2017","10:45:00 PM","02 - Rain","02 - Wet","01 - Traffic signal","03 - At intersection","07 - Dark","03 - P.D. only","02 - Angle"
"9044","KING EDWARD AVE @ ST. PATRICK ST","368249.21080","5032824.60780","-75.68908","45.43248","2017","4/13/2017","12:20:00 PM","01 - Clear","01 - Dry","01 - Traffic signal","02 - Intersection related","01 - Daylight","03 - P.D. only","04 - Sideswipe"
"9045","KING EDWARD AVE @ ST. PATRICK ST","368249.70464","5032822.91990","-75.68907","45.43246","2017","4/10/2017","5:54:00 PM","01 - Clear","01 - Dry","01 - Traffic signal","02 - Intersection related","01 - Daylight","03 - P.D. only","03 - Rear end"
"9046","KING EDWARD AVE @ ST. PATRICK ST","368248.36685","5032824.25770","-75.68909","45.43247","2017","12/15/2017","9:45:00 PM","03 - Snow","03 - Loose snow","01 - Traffic signal","02 - Intersection related","07 - Dark","03 - P.D. only","04 - Sideswipe"
"9047","KING EDWARD AVE @ ST. PATRICK ST","368249.17920","5032823.34985","-75.68908","45.43246","2017","12/23/2017","2:24:00 PM","03 - Snow","06 - Ice","01 - Traffic signal","02 - Intersection related","01 - Daylight","03 - P.D. only","03 - Rear end"
"9048","KING EDWARD AVE @ STEWART ST","368635.03577","5032205.30792","-75.68423","45.42687","2017","8/21/2017","3:34:00 AM","01 - Clear","01 - Dry","01 - Traffic signal","02 - Intersection related","07 - Dark","03 - P.D. only","03 - Rear end"
"9049","KING EDWARD AVE @ STEWART ST","368633.71106","5032204.24131","-75.68425","45.42686","2017","7/5/2017","8:00:00 AM","01 - Clear","01 - Dry","01 - Traffic signal","03 - At intersection","01 - Daylight","03 - P.D. only","05 - Turning movement"
"9050","KING EDWARD AVE @ STEWART ST","368635.04885","5032204.91020","-75.68423","45.42686","2017","11/10/2017","8:40:00 AM","01 - Clear","01 - Dry","01 - Traffic signal","03 - At intersection","01 - Daylight","03 - P.D. only","02 - Angle"
"9051","KING EDWARD AVE @ STEWART ST","368634.37995","5032205.57910","-75.68424","45.42687","2017","11/30/2017","6:35:00 PM","02 - Rain","02 - Wet","01 - Traffic signal","02 - Intersection related","07 - Dark","02 - Non-fatal injury","07 - SMV other"
"9052","KING EDWARD AVE @ SUSSEX DR","367664.03445","5033504.26590","-75.69647","45.43864","2017","6/11/2017","1:51:00 PM","01 - Clear","01 - Dry","01 - Traffic signal","03 - At intersection","01 - Daylight","02 - Non-fatal injury","05 - Turning movement"
"9053","KING EDWARD AVE @ SUSSEX DR","367662.69666","5033504.26590","-75.69649","45.43864","2017","11/5/2017","4:27:00 PM","02 - Rain","02 - Wet","01 - Traffic signal","03 - At intersection","05 - Dusk","03 - P.D. only","05 - Turning movement"
"9054","KING EDWARD AVE @ SUSSEX DR","367662.36221","5033505.60369","-75.69649","45.43866","2017","1/25/2017","3:33:00 PM","01 - Clear","01 - Dry","01 - Traffic signal","03 - At intersection","01 - Daylight","03 - P.D. only","05 - Turning movement"
"9055","KING EDWARD AVE @ SUSSEX DR","367663.70000","5033504.30706","-75.69648","45.43864","2017","4/18/2017","4:09:00 PM","01 - Clear","01 - Dry","01 - Traffic signal","02 - Intersection related","01 - Daylight","03 - P.D. only","03 - Rear end"
"9056","KING EDWARD AVE @ SUSSEX DR","367663.70001","5033503.59700","-75.69648","45.43864","2017","10/23/2017","1:30:00 PM","01 - Clear","01 - Dry","01 - Traffic signal","02 - Intersection related","01 - Daylight","02 - Non-fatal injury","05 - Turning movement"