"Record","Location","X","Y","Longitude","Latitude","Year","Date","Time","Environment","Road_Surface","Traffic_Control","Collision_Location","Light","Collision_Classification","Impact_type"
"9057","KING EDWARD AVE @ TEMPLETON ST","369061.12912","5031508.76513","-75.67888","45.42056","2017","8/29/2017","6:53:00 PM","01 - Clear","01 - Dry","01 - Traffic signal","02 - Intersection related","01 - Daylight","03 - P.D. only","03 - Rear end"
"9058","KING EDWARD AVE @ TEMPLETON ST","369059.23563","5031508.29176","-75.67890","45.42056","2017","9/19/2017","11:10:00 AM","01 - Clear","01 - Dry","01 - Traffic signal","02 - Intersection related","01 - Daylight","02 - Non-fatal injury","03 - Rear end"
"9059","KING EDWARD AVE @ TEMPLETON ST","369058.70566","5031505.57501","-75.67891","45.42053","2017","11/9/2017","4:00:00 PM","01 - Clear","01 - Dry","01 - Traffic signal","03 - At intersection","01 - Daylight","02 - Non-fatal injury","07 - SMV other"
"9060","KING EDWARD AVE @ WILBROD ST","368675.70850","5032138.94167","-75.68372","45.42627","2017","7/13/2017","3:20:00 PM","01 - Clear","01 - Dry","01 - Traffic signal","03 - At intersection","01 - Daylight","02 - Non-fatal injury","07 - SMV other"
"9061","KING EDWARD AVE @ WILBROD ST","368675.38694","5032139.35024","-75.68372","45.42627","2017","10/3/2017","6:00:00 PM","01 - Clear","01 - Dry","01 - Traffic signal","02 - Intersection related","05 - Dusk","03 - P.D. only","06 - SMV unattended vehicle"
"9062","KING EDWARD AVE @ YORK ST","368397.71244","5032621.58930","-75.68721","45.43064","2017","2/20/2017","1:15:00 PM","01 - Clear","01 - Dry","01 - Traffic signal","02 - Intersection related","01 - Daylight","03 - P.D. only","03 - Rear end"
"9063","KING EDWARD AVE @ YORK ST","368396.50757","5032621.43763","-75.68722","45.43063","2017","12/28/2017","8:30:00 AM","01 - Clear","01 - Dry","01 - Traffic signal","02 - Intersection related","01 - Daylight","03 - P.D. only","03 - Rear end"
"9064","KING EDWARD AVE @ YORK ST S","368390.18280","5032597.34815","-75.68731","45.43042","2017","8/17/2017","10:51:00 PM","01 - Clear","01 - Dry","02 - Stop sign","03 - At intersection","07 - Dark","02 - Non-fatal injury","07 - SMV other"
"9065","KING EDWARD AVE btwn DALY AVE & STEWART ST","368616.98865","5032230.32826","-75.68446","45.42710","2017","10/22/2017","12:20:00 PM","01 - Clear","01 - Dry","10 - No control","01 - Non intersection","01 - Daylight","03 - P.D. only","06 - SMV unattended vehicle"
"9066","KING EDWARD AVE btwn DALY AVE & STEWART ST","368615.65085","5032237.01723","-75.68447","45.42716","2017","3/6/2017","2:03:00 PM","01 - Clear","01 - Dry","10 - No control","04 - At/near private drive","01 - Daylight","03 - P.D. only","02 - Angle"
"9067","KING EDWARD AVE btwn MANN AVE & TEMPLETON ST","369138.66306","5031378.83601","-75.67790","45.41939","2017","3/16/2017","7:25:00 PM","01 - Clear","01 - Dry","10 - No control","01 - Non intersection","07 - Dark","02 - Non-fatal injury","07 - SMV other"
"9068","KING EDWARD AVE btwn RAMP & BOLTON ST","367992.77196","5033241.03873","-75.69230","45.43625","2017","3/14/2017","10:24:00 PM","03 - Snow","03 - Loose snow","10 - No control","07 - Overpass or bridge","07 - Dark","03 - P.D. only","07 - SMV other"
"9069","KING EDWARD AVE btwn RIDEAU ST & BESSERER ST","368530.77075","5032381.48218","-75.68554","45.42846","2017","5/16/2017","7:17:00 PM","01 - Clear","01 - Dry","10 - No control","01 - Non intersection","01 - Daylight","03 - P.D. only","04 - Sideswipe"
"9070","KING EDWARD AVE btwn RIDEAU ST & BESSERER ST","368522.74399","5032400.88017","-75.68564","45.42864","2017","4/20/2017","6:58:00 AM","01 - Clear","01 - Dry","10 - No control","04 - At/near private drive","01 - Daylight","03 - P.D. only","03 - Rear end"
"9071","KING EDWARD AVE btwn THOMAS MORE PRIV & MARIE CURIE PRIV","368856.06132","5031841.87266","-75.68145","45.42358","2017","7/8/2017","12:32:00 PM","01 - Clear","01 - Dry","10 - No control","01 - Non intersection","01 - Daylight","02 - Non-fatal injury","07 - SMV other"
"9072","KING EDWARD AVE NB @ MACDONALD-CARTIER BR RAMP","368028.31477","5033248.72770","-75.69185","45.43631","2017","12/28/2017","9:30:00 AM","01 - Clear","01 - Dry","10 - No control","02 - Intersection related","01 - Daylight","03 - P.D. only","07 - SMV other"
"9073","KING EDWARD AVE NB btwn RAMP & CATHCART ST","368048.11575","5033210.11151","-75.69160","45.43596","2017","4/11/2017","8:50:00 PM","01 - Clear","02 - Wet","10 - No control","01 - Non intersection","07 - Dark","02 - Non-fatal injury","07 - SMV other"
"9074","KING EDWARD AVE NB btwn RAMP & CATHCART ST","368055.92613","5033197.30887","-75.69150","45.43585","2017","1/18/2017","10:05:00 AM","02 - Rain","04 - Slush","10 - No control","01 - Non intersection","01 - Daylight","02 - Non-fatal injury","03 - Rear end"
"9075","KING EDWARD AVE NB btwn RAMP & CATHCART ST","368075.40569","5033159.78429","-75.69126","45.43551","2017","4/10/2017","9:23:00 PM","01 - Clear","02 - Wet","10 - No control","01 - Non intersection","07 - Dark","03 - P.D. only","04 - Sideswipe"
"9076","KING EDWARD AVE NB btwn UNION ST & MACDONALD-CARTIER BR RAMP NB-3","367994.94278","5033289.28162","-75.69227","45.43668","2017","7/5/2017","3:51:00 PM","01 - Clear","01 - Dry","10 - No control","07 - Overpass or bridge","01 - Daylight","02 - Non-fatal injury","03 - Rear end"
"9077","KING EDWARD AVE NB btwn UNION ST & MACDONALD-CARTIER BR RAMP NB-3","367896.21085","5033324.67628","-75.69353","45.43701","2017","12/28/2017","9:16:00 AM","01 - Clear","06 - Ice","10 - No control","07 - Overpass or bridge","01 - Daylight","03 - P.D. only","07 - SMV other"
"9078","KING EDWARD AVE SB @ UNION ST(UNSIGNED)","367854.10807","5033358.91068","-75.69406","45.43732","2017","6/8/2017","6:51:00 AM","01 - Clear","01 - Dry","11 - Roundabout","03 - At intersection","01 - Daylight","02 - Non-fatal injury","04 - Sideswipe"
"9079","KING EDWARD AVE SB btwn CATHCART ST & ST. ANDREW ST","368137.02407","5033006.81618","-75.69049","45.43413","2017","12/14/2017","10:00:00 AM","01 - Clear","01 - Dry","10 - No control","01 - Non intersection","01 - Daylight","03 - P.D. only","04 - Sideswipe"
"9080","KING EDWARD AVE SB btwn CATHCART ST & ST. ANDREW ST","368114.95049","5033045.61217","-75.69077","45.43448","2017","4/19/2017","4:32:00 PM","02 - Rain","02 - Wet","10 - No control","01 - Non intersection","01 - Daylight","03 - P.D. only","04 - Sideswipe"
"9081","KING EDWARD AVE SB btwn GEORGE ST & RIDEAU ST","368474.54873","5032461.13018","-75.68625","45.42918","2017","1/30/2017","2:30:00 PM","01 - Clear","02 - Wet","10 - No control","01 - Non intersection","01 - Daylight","03 - P.D. only","03 - Rear end"
"9082","KING EDWARD AVE SB btwn GEORGE ST & RIDEAU ST","368485.95469","5032447.03402","-75.68610","45.42906","2017","3/18/2017","11:41:00 AM","01 - Clear","01 - Dry","10 - No control","01 - Non intersection","01 - Daylight","03 - P.D. only","04 - Sideswipe"
"9083","KING EDWARD AVE SB btwn GEORGE ST & RIDEAU ST","368482.07757","5032453.49362","-75.68615","45.42912","2017","12/26/2017","6:41:00 PM","01 - Clear","02 - Wet","10 - No control","01 - Non intersection","07 - Dark","03 - P.D. only","07 - SMV other"
"9084","KING EDWARD AVE SB btwn GUIGUES AVE & ST. PATRICK ST","368228.29996","5032857.03362","-75.68934","45.43277","2017","6/20/2017","8:30:00 AM","01 - Clear","01 - Dry","10 - No control","01 - Non intersection","01 - Daylight","03 - P.D. only","03 - Rear end"
"9085","KING EDWARD AVE SB btwn GUIGUES AVE & ST. PATRICK ST","368222.72313","5032866.75788","-75.68941","45.43286","2017","2/2/2017","4:08:00 PM","01 - Clear","02 - Wet","10 - No control","01 - Non intersection","01 - Daylight","03 - P.D. only","04 - Sideswipe"
"9086","KING EDWARD AVE SB btwn MURRAY ST & CLARENCE ST","368297.95010","5032744.22680","-75.68847","45.43175","2017","7/24/2017","9:49:00 PM","02 - Rain","02 - Wet","10 - No control","01 - Non intersection","07 - Dark","03 - P.D. only","07 - SMV other"
"9087","KING EDWARD R-26 @ MACDONALD-CARTIER BR","367512.52915","5033196.37054","-75.69845","45.43589","2017","9/11/2017","6:57:00 PM","01 - Clear","01 - Dry","10 - No control","02 - Intersection related","01 - Daylight","03 - P.D. only","03 - Rear end"
"9088","KING GEORGE ST btwn FRANCES ST & LAWSON AVE","371604.01388","5032169.15472","-75.64630","45.42627","2017","9/14/2017","10:17:00 PM","01 - Clear","01 - Dry","10 - No control","04 - At/near private drive","07 - Dark","03 - P.D. only","06 - SMV unattended vehicle"
"9089","KING GEORGE ST btwn LOLA ST & NAUGHTON ST","371285.01014","5032134.03220","-75.65038","45.42598","2017","10/25/2017","6:30:00 PM","01 - Clear","01 - Dry","10 - No control","01 - Non intersection","07 - Dark","03 - P.D. only","03 - Rear end"
"9090","KING GEORGE ST btwn VERA ST & QUILL ST","370635.93662","5032055.92908","-75.65868","45.42534","2017","2/13/2017","12:00:00 AM","03 - Snow","03 - Loose snow","10 - No control","01 - Non intersection","00 - Unknown","03 - P.D. only","06 - SMV unattended vehicle"
"9091","KING GEORGE ST btwn VERA ST & QUILL ST","370686.22476","5032063.72636","-75.65804","45.42540","2017","2/8/2017","12:00:00 AM","01 - Clear","05 - Packed snow","10 - No control","01 - Non intersection","00 - Unknown","03 - P.D. only","06 - SMV unattended vehicle"
"9092","KINGBROOK DR btwn BRIDGESTONE DR & FOXHALL WAY","355376.95318","5016416.80446","-75.85526","45.28589","2017","2/8/2017","12:00:00 AM","01 - Clear","01 - Dry","10 - No control","01 - Non intersection","00 - Unknown","03 - P.D. only","06 - SMV unattended vehicle"
"9093","KINGBROOK DR btwn BRIDGESTONE DR & FOXHALL WAY","355394.42508","5016423.43116","-75.85504","45.28594","2017","4/18/2017","3:41:00 PM","01 - Clear","01 - Dry","10 - No control","01 - Non intersection","01 - Daylight","03 - P.D. only","06 - SMV unattended vehicle"
"9094","KINGHORN CRES btwn MARCONI AVE & MARCONI AVE","349866.25174","5024193.76642","-75.92480","45.35624","2017","12/31/2017","8:30:00 PM","03 - Snow","03 - Loose snow","10 - No control","01 - Non intersection","07 - Dark","03 - P.D. only","06 - SMV unattended vehicle"
"9095","KINGSLEY RD btwn GATEWAY RD & ELMIRA DR","361642.97990","5024205.77795","-75.77450","45.35549","2017","5/2/2017","5:00:00 AM","01 - Clear","01 - Dry","10 - No control","01 - Non intersection","07 - Dark","02 - Non-fatal injury","07 - SMV other"
"9096","KINGSMERE AVE @ CARLING AVE","362297.35315","5026060.19811","-75.76593","45.37213","2017","3/7/2017","10:15:00 AM","04 - Freezing Rain","06 - Ice","02 - Stop sign","02 - Intersection related","01 - Daylight","03 - P.D. only","07 - SMV other"
"9097","KINGSTON AVE @ CHEVRIER ST","365652.99207","5026742.85473","-75.72301","45.37798","2017","11/16/2017","4:00:00 PM","02 - Rain","02 - Wet","10 - No control","02 - Intersection related","01 - Daylight","03 - P.D. only","07 - SMV other"
"9098","KINNEAR ST btwn REID AVE & FAIRMONT AVE","365752.74710","5029046.19842","-75.72145","45.39870","2017","2/15/2017","12:00:00 AM","03 - Snow","05 - Packed snow","10 - No control","01 - Non intersection","00 - Unknown","03 - P.D. only","06 - SMV unattended vehicle"
"9099","KIRKWOOD AVE @ 118 N OF DOVERCOURT AVE","364160.37194","5027757.74844","-75.74194","45.38724","2017","9/25/2017","4:37:00 PM","01 - Clear","01 - Dry","01 - Traffic signal","02 - Intersection related","01 - Daylight","02 - Non-fatal injury","07 - SMV other"
"9100","KIRKWOOD AVE @ LAPERRIERE AVE","364520.16737","5026958.30581","-75.73745","45.38002","2017","10/29/2017","3:38:00 PM","01 - Clear","02 - Wet","01 - Traffic signal","02 - Intersection related","01 - Daylight","03 - P.D. only","03 - Rear end"
"9101","KIRKWOOD AVE @ LAPERRIERE AVE","364520.44447","5026958.16727","-75.73744","45.38002","2017","3/21/2017","11:28:00 AM","02 - Rain","02 - Wet","01 - Traffic signal","02 - Intersection related","01 - Daylight","03 - P.D. only","03 - Rear end"
"9102","KIRKWOOD AVE @ MERIVALE RD","364853.36695","5026648.54909","-75.73323","45.37720","2017","4/24/2017","3:30:00 PM","01 - Clear","01 - Dry","01 - Traffic signal","03 - At intersection","01 - Daylight","03 - P.D. only","02 - Angle"
"9103","KIRKWOOD AVE @ MERIVALE RD","364853.70140","5026645.82555","-75.73323","45.37718","2017","8/25/2017","7:17:00 PM","01 - Clear","01 - Dry","01 - Traffic signal","03 - At intersection","05 - Dusk","02 - Non-fatal injury","05 - Turning movement"
"9104","KIRKWOOD AVE @ MERIVALE RD","364854.06081","5026646.28053","-75.73322","45.37718","2017","1/6/2017","10:31:00 AM","01 - Clear","05 - Packed snow","01 - Traffic signal","02 - Intersection related","01 - Daylight","03 - P.D. only","04 - Sideswipe"
"9105","KIRKWOOD AVE @ MERIVALE RD","364853.36695","5026646.54240","-75.73323","45.37719","2017","4/4/2017","10:22:00 PM","02 - Rain","02 - Wet","01 - Traffic signal","03 - At intersection","07 - Dark","03 - P.D. only","05 - Turning movement"
"9106","KIRKWOOD AVE @ RICHMOND RD","363779.02415","5028642.89279","-75.74671","45.39524","2017","6/14/2017","9:35:00 PM","01 - Clear","01 - Dry","01 - Traffic signal","02 - Intersection related","07 - Dark","03 - P.D. only","03 - Rear end"
"9107","KIRKWOOD AVE @ RICHMOND RD","363777.73391","5028642.74974","-75.74672","45.39524","2017","8/16/2017","4:18:00 PM","01 - Clear","01 - Dry","01 - Traffic signal","02 - Intersection related","01 - Daylight","02 - Non-fatal injury","05 - Turning movement"
"9108","KIRKWOOD AVE @ RICHMOND RD","363778.68970","5028641.79395","-75.74671","45.39523","2017","9/20/2017","3:49:00 PM","01 - Clear","01 - Dry","01 - Traffic signal","03 - At intersection","01 - Daylight","03 - P.D. only","05 - Turning movement"
"9109","KIRKWOOD AVE @ RICHMOND RD","363780.40644","5028640.69663","-75.74669","45.39522","2017","1/4/2017","3:00:00 PM","03 - Snow","04 - Slush","01 - Traffic signal","02 - Intersection related","01 - Daylight","03 - P.D. only","03 - Rear end"
"9110","KIRKWOOD AVE @ RICHMOND RD","363778.68970","5028640.84494","-75.74671","45.39522","2017","11/6/2017","8:00:00 PM","01 - Clear","01 - Dry","01 - Traffic signal","02 - Intersection related","07 - Dark","03 - P.D. only","04 - Sideswipe"
"9111","KIRKWOOD AVE btwn CARLING AVE & CARLING AVE","364289.40457","5027465.44055","-75.74033","45.38460","2017","4/27/2017","8:00:00 AM","01 - Clear","02 - Wet","10 - No control","01 - Non intersection","01 - Daylight","03 - P.D. only","04 - Sideswipe"
"9112","KIRKWOOD AVE btwn CHATELAIN AVE & LEPAGE AVE","364780.44169","5026656.87803","-75.73416","45.37729","2017","7/18/2017","2:54:00 PM","01 - Clear","01 - Dry","10 - No control","01 - Non intersection","01 - Daylight","03 - P.D. only","05 - Turning movement"
"9113","KIRKWOOD AVE btwn LEPAGE AVE & MERIVALE RD","364821.67058","5026651.26048","-75.73363","45.37723","2017","11/28/2017","10:13:00 AM","01 - Clear","01 - Dry","10 - No control","01 - Non intersection","01 - Daylight","03 - P.D. only","05 - Turning movement"
"9114","KIRKWOOD AVE btwn LEPAGE AVE & MERIVALE RD","364843.71637","5026647.62828","-75.73335","45.37720","2017","1/5/2017","1:21:00 PM","01 - Clear","02 - Wet","10 - No control","01 - Non intersection","01 - Daylight","03 - P.D. only","03 - Rear end"
"9115","KIRKWOOD AVE btwn MACY BLVD & DOVERCOURT AVE","364180.06497","5027710.22467","-75.74170","45.38682","2017","2/10/2017","9:15:00 AM","01 - Clear","01 - Dry","10 - No control","04 - At/near private drive","01 - Daylight","03 - P.D. only","04 - Sideswipe"
"9116","KIRKWOOD AVE btwn RICHMOND RD & LYMAN ST","363783.94298","5028623.54374","-75.74665","45.39507","2017","1/13/2017","12:50:00 PM","01 - Clear","01 - Dry","10 - No control","04 - At/near private drive","01 - Daylight","03 - P.D. only","02 - Angle"
"9117","KIRKWOOD AVE N @ CARLING AVE","364275.35775","5027492.86530","-75.74051","45.38485","2017","5/18/2017","3:00:00 PM","01 - Clear","01 - Dry","01 - Traffic signal","03 - At intersection","01 - Daylight","03 - P.D. only","05 - Turning movement"
"9118","KIRKWOOD AVE N @ CARLING AVE","364275.11187","5027494.07084","-75.74051","45.38486","2017","6/21/2017","4:30:00 PM","01 - Clear","01 - Dry","01 - Traffic signal","03 - At intersection","01 - Daylight","03 - P.D. only","05 - Turning movement"
"9119","KIRKWOOD AVE N @ CARLING AVE","364276.69554","5027492.86530","-75.74049","45.38485","2017","5/7/2017","12:27:00 PM","02 - Rain","02 - Wet","01 - Traffic signal","03 - At intersection","01 - Daylight","03 - P.D. only","05 - Turning movement"
"9120","KIRKWOOD AVE N @ CARLING AVE","364275.08189","5027492.42009","-75.74051","45.38485","2017","7/7/2017","12:58:00 PM","01 - Clear","01 - Dry","01 - Traffic signal","02 - Intersection related","01 - Daylight","03 - P.D. only","04 - Sideswipe"
"9121","KIRKWOOD AVE N @ CARLING AVE","364275.78077","5027492.06415","-75.74050","45.38484","2017","7/6/2017","4:54:00 PM","01 - Clear","01 - Dry","01 - Traffic signal","03 - At intersection","01 - Daylight","03 - P.D. only","05 - Turning movement"
"9122","KIRKWOOD AVE N @ CARLING AVE","364274.54074","5027494.23549","-75.74052","45.38486","2017","8/24/2017","9:16:00 AM","01 - Clear","01 - Dry","01 - Traffic signal","03 - At intersection","01 - Daylight","02 - Non-fatal injury","03 - Rear end"
"9123","KIRKWOOD AVE N @ CARLING AVE","364275.48748","5027493.05206","-75.74051","45.38485","2017","10/23/2017","4:14:00 PM","01 - Clear","01 - Dry","01 - Traffic signal","03 - At intersection","01 - Daylight","03 - P.D. only","04 - Sideswipe"
"9124","KIRKWOOD AVE N @ CARLING AVE","364276.19273","5027492.62676","-75.74050","45.38485","2017","10/3/2017","7:34:00 PM","01 - Clear","01 - Dry","01 - Traffic signal","03 - At intersection","07 - Dark","02 - Non-fatal injury","05 - Turning movement"
"9125","KIRKWOOD AVE N @ CARLING AVE","364276.67063","5027493.58255","-75.74049","45.38486","2017","9/11/2017","3:51:00 PM","01 - Clear","01 - Dry","01 - Traffic signal","03 - At intersection","01 - Daylight","03 - P.D. only","05 - Turning movement"
"9126","KIRKWOOD AVE N @ CARLING AVE","364275.51505","5027494.23611","-75.74051","45.38486","2017","12/6/2017","6:07:00 PM","01 - Clear","01 - Dry","01 - Traffic signal","03 - At intersection","07 - Dark","03 - P.D. only","04 - Sideswipe"
"9127","KIRKWOOD AVE N @ CARLING AVE","364275.03759","5027492.90423","-75.74051","45.38485","2017","12/14/2017","3:50:00 PM","03 - Snow","03 - Loose snow","01 - Traffic signal","03 - At intersection","01 - Daylight","03 - P.D. only","04 - Sideswipe"
"9128","KIRKWOOD AVE N @ CARLING AVE","364275.11187","5027494.07084","-75.74051","45.38486","2017","11/10/2017","2:22:00 PM","01 - Clear","01 - Dry","01 - Traffic signal","03 - At intersection","01 - Daylight","03 - P.D. only","05 - Turning movement"
"9129","KIRKWOOD AVE N @ CARLING AVE","364274.44297","5027494.07084","-75.74052","45.38486","2017","1/30/2017","6:52:00 PM","01 - Clear","01 - Dry","01 - Traffic signal","03 - At intersection","07 - Dark","03 - P.D. only","05 - Turning movement"
"9130","KIRKWOOD AVE N @ CARLING AVE","364275.35775","5027493.53420","-75.74051","45.38486","2017","4/17/2017","10:35:00 PM","01 - Clear","01 - Dry","01 - Traffic signal","02 - Intersection related","07 - Dark","03 - P.D. only","04 - Sideswipe"
"9131","KIRKWOOD AVE N @ CARLING AVE","364275.35775","5027492.19641","-75.74051","45.38485","2017","3/14/2017","8:52:00 AM","01 - Clear","01 - Dry","01 - Traffic signal","02 - Intersection related","01 - Daylight","03 - P.D. only","04 - Sideswipe"
"9132","KIRKWOOD AVE N @ CARLING AVE","364276.02665","5027494.20310","-75.74050","45.38486","2017","3/18/2017","9:31:00 PM","01 - Clear","01 - Dry","01 - Traffic signal","03 - At intersection","07 - Dark","02 - Non-fatal injury","05 - Turning movement"
"9133","KIRKWOOD AVE N @ CARLING AVE","364275.35775","5027491.52751","-75.74051","45.38484","2017","4/22/2017","12:02:00 PM","01 - Clear","01 - Dry","01 - Traffic signal","03 - At intersection","01 - Daylight","03 - P.D. only","04 - Sideswipe"
"9134","KIRKWOOD AVE N @ CARLING AVE","364276.69554","5027492.19641","-75.74049","45.38485","2017","3/20/2017","11:02:00 AM","01 - Clear","01 - Dry","01 - Traffic signal","03 - At intersection","01 - Daylight","03 - P.D. only","04 - Sideswipe"
"9135","KIRKWOOD AVE N @ CARLING AVE","364275.48855","5027493.35519","-75.74051","45.38486","2017","12/27/2017","7:40:00 PM","01 - Clear","02 - Wet","01 - Traffic signal","03 - At intersection","07 - Dark","03 - P.D. only","02 - Angle"
"9136","KIRKWOOD AVE N @ CARLING AVE","364275.71484","5027492.62676","-75.74050","45.38485","2017","12/27/2017","5:40:00 PM","01 - Clear","02 - Wet","01 - Traffic signal","02 - Intersection related","07 - Dark","03 - P.D. only","03 - Rear end"
"9137","KITCHENER AVE @ BANK ST","370540.54165","5025497.96501","-75.66078","45.36634","2017","6/15/2017","5:55:00 PM","01 - Clear","01 - Dry","01 - Traffic signal","03 - At intersection","01 - Daylight","02 - Non-fatal injury","07 - SMV other"
"9138","KITCHENER AVE @ BANK ST","370539.20386","5025500.64060","-75.66079","45.36637","2017","5/6/2017","7:22:00 AM","02 - Rain","02 - Wet","01 - Traffic signal","02 - Intersection related","01 - Daylight","03 - P.D. only","03 - Rear end"
"9139","KITCHENER AVE @ BANK ST","370540.87610","5025500.27245","-75.66077","45.36636","2017","8/8/2017","4:32:00 PM","01 - Clear","01 - Dry","01 - Traffic signal","02 - Intersection related","01 - Daylight","02 - Non-fatal injury","03 - Rear end"
"9140","KITCHENER AVE @ BANK ST","370540.87646","5025499.97152","-75.66077","45.36636","2017","7/24/2017","7:57:00 PM","02 - Rain","02 - Wet","01 - Traffic signal","02 - Intersection related","01 - Daylight","02 - Non-fatal injury","04 - Sideswipe"
"9141","KITCHENER AVE @ BANK ST","370540.87610","5025500.24307","-75.66077","45.36636","2017","10/15/2017","11:06:00 AM","02 - Rain","02 - Wet","01 - Traffic signal","02 - Intersection related","01 - Daylight","03 - P.D. only","03 - Rear end"
"9142","KITCHENER AVE @ BANK ST","370540.01773","5025497.39659","-75.66078","45.36634","2017","1/4/2017","3:21:00 PM","05 - Drifting Snow","03 - Loose snow","01 - Traffic signal","02 - Intersection related","01 - Daylight","02 - Non-fatal injury","03 - Rear end"
"9143","KITCHENER AVE @ BANK ST","370541.94705","5025500.77491","-75.66076","45.36637","2017","1/4/2017","6:34:00 PM","03 - Snow","03 - Loose snow","01 - Traffic signal","03 - At intersection","07 - Dark","03 - P.D. only","07 - SMV other"
"9144","KITCHENER AVE @ BANK ST","370541.21055","5025500.64060","-75.66077","45.36637","2017","3/14/2017","11:20:00 AM","03 - Snow","03 - Loose snow","01 - Traffic signal","02 - Intersection related","01 - Daylight","02 - Non-fatal injury","07 - SMV other"
"9145","KITCHENER AVE @ BANK ST","370540.87610","5025500.68855","-75.66077","45.36637","2017","12/26/2017","5:12:00 PM","01 - Clear","01 - Dry","01 - Traffic signal","02 - Intersection related","07 - Dark","03 - P.D. only","03 - Rear end"
"9146","KITCHENER AVE @ BANK ST","370541.98395","5025499.34531","-75.66076","45.36635","2017","12/23/2017","5:28:00 PM","03 - Snow","03 - Loose snow","01 - Traffic signal","03 - At intersection","07 - Dark","03 - P.D. only","05 - Turning movement"
"9147","KITCHENER AVE btwn COCHRANE ST & JASPER AVE","370981.58208","5025764.07947","-75.65511","45.36869","2017","9/2/2017","4:07:00 PM","01 - Clear","01 - Dry","10 - No control","01 - Non intersection","01 - Daylight","03 - P.D. only","03 - Rear end"
"9148","KITIMAT CRES btwn OKANAGAN DR & OKANAGAN DR","359426.70550","5022597.20784","-75.80296","45.34120","2017","10/29/2017","11:30:00 AM","02 - Rain","02 - Wet","10 - No control","04 - At/near private drive","01 - Daylight","03 - P.D. only","06 - SMV unattended vehicle"
"9149","KIWANIS CRT btwn JOHNSTON RD & END","372254.87095","5025811.43929","-75.63885","45.36900","2017","11/30/2017","7:51:00 AM","01 - Clear","01 - Dry","10 - No control","01 - Non intersection","01 - Daylight","03 - P.D. only","01 - Approaching"
"9150","KLONDIKE RD @ MARCH RD","349262.97100","5024060.47299","-75.93251","45.35508","2017","7/28/2017","12:51:00 PM","01 - Clear","01 - Dry","01 - Traffic signal","03 - At intersection","01 - Daylight","02 - Non-fatal injury","02 - Angle"
"9151","KLONDIKE RD @ MARCH RD","349262.97100","5024060.28241","-75.93251","45.35508","2017","7/23/2017","1:00:00 PM","01 - Clear","01 - Dry","01 - Traffic signal","03 - At intersection","01 - Daylight","03 - P.D. only","05 - Turning movement"
"9152","KLONDIKE RD @ MARCH RD","349262.45219","5024061.36170","-75.93252","45.35509","2017","8/17/2017","6:14:00 AM","01 - Clear","01 - Dry","01 - Traffic signal","03 - At intersection","03 - Dawn","02 - Non-fatal injury","07 - SMV other"
"9153","KLONDIKE RD @ MARCH RD","349262.96366","5024060.87540","-75.93251","45.35508","2017","10/28/2017","11:01:00 AM","01 - Clear","01 - Dry","01 - Traffic signal","03 - At intersection","01 - Daylight","03 - P.D. only","02 - Angle"
"9154","KLONDIKE RD @ MARCH RD","349263.97434","5024060.28331","-75.93250","45.35508","2017","11/26/2017","6:56:00 AM","01 - Clear","06 - Ice","01 - Traffic signal","02 - Intersection related","03 - Dawn","02 - Non-fatal injury","07 - SMV other"
"9155","KLONDIKE RD @ MARCH RD","349262.63655","5024061.62110","-75.93252","45.35509","2017","12/7/2017","1:37:00 PM","03 - Snow","03 - Loose snow","01 - Traffic signal","02 - Intersection related","01 - Daylight","03 - P.D. only","04 - Sideswipe"
"9156","KLONDIKE RD @ MARCH RD","349262.97100","5024060.76273","-75.93251","45.35508","2017","1/3/2017","9:32:00 PM","03 - Snow","03 - Loose snow","01 - Traffic signal","03 - At intersection","07 - Dark","03 - P.D. only","03 - Rear end"
"9157","KLONDIKE RD @ MARCH RD","349263.72147","5024061.24587","-75.93250","45.35509","2017","2/13/2017","10:42:00 AM","03 - Snow","04 - Slush","01 - Traffic signal","03 - At intersection","01 - Daylight","03 - P.D. only","02 - Angle"
"9158","KLONDIKE RD @ MARCH RD","349262.97100","5024061.86005","-75.93251","45.35509","2017","12/18/2017","10:19:00 PM","03 - Snow","03 - Loose snow","01 - Traffic signal","02 - Intersection related","07 - Dark","03 - P.D. only","03 - Rear end"
"9159","KLONDIKE RD @ MARCH VALLEY RD","350279.61984","5024993.19160","-75.91945","45.36341","2017","3/1/2017","8:06:00 AM","02 - Rain","02 - Wet","02 - Stop sign","02 - Intersection related","01 - Daylight","03 - P.D. only","02 - Angle"
"9160","KLONDIKE RD @ MARCONI AVE","349696.62133","5024463.22416","-75.92694","45.35868","2017","9/22/2017","3:30:00 PM","01 - Clear","01 - Dry","02 - Stop sign","03 - At intersection","01 - Daylight","03 - P.D. only","02 - Angle"
"9161","KLONDIKE RD @ MARCONI AVE","349695.62566","5024461.84400","-75.92695","45.35866","2017","2/19/2017","7:10:00 AM","01 - Clear","01 - Dry","02 - Stop sign","03 - At intersection","03 - Dawn","03 - P.D. only","02 - Angle"