"Record","Location","X","Y","Longitude","Latitude","Year","Date","Time","Environment","Road_Surface","Traffic_Control","Collision_Location","Light","Collision_Classification","Impact_type"
"9162","KNIGHTS DR btwn QUEENSCOURT CRES & GOUGH RD","372939.79415","5010616.73587","-75.63220","45.23222","2017","5/23/2017","11:00:00 PM","01 - Clear","01 - Dry","10 - No control","01 - Non intersection","07 - Dark","03 - P.D. only","07 - SMV other"
"9163","KNIGHTSBRIDGE RD @ WOODROFFE AVE","361624.32236","5026560.84308","-75.77447","45.37669","2017","8/10/2017","6:24:00 PM","01 - Clear","02 - Wet","02 - Stop sign","02 - Intersection related","01 - Daylight","03 - P.D. only","02 - Angle"
"9164","KNOXDALE RD @ NEWHAVEN ST","362539.19640","5021326.50770","-75.76340","45.32951","2017","5/5/2017","10:24:00 AM","02 - Rain","02 - Wet","02 - Stop sign","03 - At intersection","01 - Daylight","03 - P.D. only","05 - Turning movement"
"9165","KNOXDALE RD @ NEWHAVEN ST","362538.35245","5021326.82649","-75.76341","45.32952","2017","7/10/2017","12:23:00 PM","01 - Clear","01 - Dry","02 - Stop sign","02 - Intersection related","01 - Daylight","03 - P.D. only","02 - Angle"
"9166","KNOXDALE RD @ WEST HUNT CLUB RD","361864.15907","5020584.00373","-75.77209","45.32289","2017","6/17/2017","10:27:00 PM","01 - Clear","01 - Dry","01 - Traffic signal","02 - Intersection related","07 - Dark","03 - P.D. only","03 - Rear end"
"9167","KNOXDALE RD @ WEST HUNT CLUB RD","361864.32673","5020583.83607","-75.77209","45.32288","2017","8/11/2017","4:27:00 PM","01 - Clear","01 - Dry","01 - Traffic signal","02 - Intersection related","01 - Daylight","02 - Non-fatal injury","03 - Rear end"
"9168","KNOXDALE RD @ WEST HUNT CLUB RD","361864.16360","5020584.71605","-75.77209","45.32289","2017","10/24/2017","3:35:00 PM","01 - Clear","01 - Dry","01 - Traffic signal","03 - At intersection","01 - Daylight","03 - P.D. only","07 - SMV other"
"9169","KNOXDALE RD @ WEST HUNT CLUB RD","361863.68055","5020584.59349","-75.77210","45.32289","2017","1/13/2017","3:30:00 PM","01 - Clear","01 - Dry","01 - Traffic signal","02 - Intersection related","01 - Daylight","03 - P.D. only","03 - Rear end"
"9170","KNOXDALE RD @ WEST HUNT CLUB RD","361863.14296","5020585.83395","-75.77211","45.32290","2017","2/2/2017","4:51:00 PM","01 - Clear","02 - Wet","01 - Traffic signal","03 - At intersection","01 - Daylight","03 - P.D. only","05 - Turning movement"
"9171","KNOXDALE RD @ WEST HUNT CLUB RD","361863.20780","5020583.76025","-75.77211","45.32288","2017","12/19/2017","10:16:00 AM","03 - Snow","05 - Packed snow","01 - Traffic signal","02 - Intersection related","01 - Daylight","03 - P.D. only","03 - Rear end"
"9172","KNOXDALE RD btwn 33 E OF CAROLA ST & BERTONA ST","362743.98860","5021441.47043","-75.76077","45.33053","2017","3/29/2017","1:24:00 PM","01 - Clear","01 - Dry","10 - No control","01 - Non intersection","01 - Daylight","02 - Non-fatal injury","07 - SMV other"
"9173","KNOXDALE RD btwn CRAIG HENRY DR & WOODROFFE AVE","363133.51638","5021664.98349","-75.75578","45.33251","2017","8/12/2017","4:14:00 AM","02 - Rain","02 - Wet","10 - No control","01 - Non intersection","07 - Dark","03 - P.D. only","07 - SMV other"
"9174","KNOXDALE RD btwn GIBBARD AVE & CONOVER ST","361919.92338","5020956.85377","-75.77134","45.32624","2017","10/20/2017","1:36:00 AM","01 - Clear","01 - Dry","10 - No control","01 - Non intersection","07 - Dark","02 - Non-fatal injury","07 - SMV other"
"9175","KNOXDALE RD btwn SKIPTON RD & CREMONA CRES","362143.73196","5021100.19473","-75.76847","45.32751","2017","12/16/2017","3:20:00 PM","01 - Clear","05 - Packed snow","10 - No control","04 - At/near private drive","01 - Daylight","03 - P.D. only","02 - Angle"
"9176","KOHILO CRES S @ HUNTMAR DR","350409.67778","5016558.42000","-75.91857","45.28750","2017","11/21/2017","8:13:00 AM","01 - Clear","05 - Packed snow","10 - No control","02 - Intersection related","01 - Daylight","03 - P.D. only","03 - Rear end"
"9177","KRISTIN WAY btwn ROCKLEDGE RD & BRITTANY DR","371840.61928","5034130.58899","-75.64301","45.44389","2017","1/19/2017","12:00:00 AM","01 - Clear","01 - Dry","10 - No control","01 - Non intersection","00 - Unknown","03 - P.D. only","06 - SMV unattended vehicle"
"9178","LA VERENDRYE DR btwn GATINEAU VIEW CRES & OGILVIE RD","375394.17435","5035182.14949","-75.59744","45.45300","2017","2/12/2017","12:00:00 AM","03 - Snow","03 - Loose snow","10 - No control","01 - Non intersection","00 - Unknown","03 - P.D. only","06 - SMV unattended vehicle"
"9179","LABELLE ST/RAMP @ LEMIEUX ST/HWY417 IC115 RAMP","372542.42440","5031687.53760","-75.63437","45.42184","2017","6/6/2017","9:31:00 AM","01 - Clear","01 - Dry","02 - Stop sign","02 - Intersection related","01 - Daylight","03 - P.D. only","02 - Angle"
"9180","LABELLE ST/RAMP @ LEMIEUX ST/HWY417 IC115 RAMP","372543.39264","5031688.56920","-75.63436","45.42185","2017","5/10/2017","6:38:00 PM","01 - Clear","01 - Dry","02 - Stop sign","03 - At intersection","01 - Daylight","02 - Non-fatal injury","05 - Turning movement"
"9181","LABELLE ST/RAMP @ LEMIEUX ST/HWY417 IC115 RAMP","372541.72040","5031688.02275","-75.63438","45.42185","2017","9/29/2017","8:56:00 AM","01 - Clear","01 - Dry","02 - Stop sign","03 - At intersection","01 - Daylight","03 - P.D. only","02 - Angle"
"9182","LABELLE ST/RAMP @ LEMIEUX ST/HWY417 IC115 RAMP","372542.72374","5031689.23810","-75.63437","45.42186","2017","4/1/2017","5:00:00 PM","01 - Clear","01 - Dry","02 - Stop sign","03 - At intersection","01 - Daylight","03 - P.D. only","02 - Angle"
"9183","LABELLE ST/RAMP @ LEMIEUX ST/HWY417 IC115 RAMP","372542.08546","5031689.83863","-75.63438","45.42186","2017","2/23/2017","11:04:00 AM","01 - Clear","01 - Dry","02 - Stop sign","03 - At intersection","01 - Daylight","03 - P.D. only","02 - Angle"
"9184","LABELLE ST/RAMP @ LEMIEUX ST/HWY417 IC115 RAMP","372542.05485","5031687.23141","-75.63438","45.42184","2017","3/24/2017","12:40:00 PM","03 - Snow","02 - Wet","02 - Stop sign","03 - At intersection","01 - Daylight","03 - P.D. only","02 - Angle"
"9185","LABELLE ST/RAMP @ LEMIEUX ST/HWY417 IC115 RAMP","372542.05485","5031688.56920","-75.63438","45.42185","2017","4/7/2017","5:21:00 PM","02 - Rain","02 - Wet","02 - Stop sign","03 - At intersection","01 - Daylight","03 - P.D. only","02 - Angle"
"9186","LACASSE AVE @ MCARTHUR AVE","370824.14250","5032757.21955","-75.65618","45.43163","2017","8/22/2017","5:30:00 PM","01 - Clear","01 - Dry","02 - Stop sign","02 - Intersection related","01 - Daylight","03 - P.D. only","03 - Rear end"
"9187","LACASSE AVE @ MCARTHUR AVE","370824.66679","5032756.81125","-75.65618","45.43163","2017","9/4/2017","7:10:00 PM","02 - Rain","02 - Wet","02 - Stop sign","02 - Intersection related","05 - Dusk","02 - Non-fatal injury","07 - SMV other"
"9188","LACASSE AVE @ MONTREAL RD","370687.77735","5033405.79179","-75.65784","45.43748","2017","7/8/2017","11:43:00 AM","01 - Clear","01 - Dry","01 - Traffic signal","02 - Intersection related","01 - Daylight","03 - P.D. only","04 - Sideswipe"
"9189","LACASSE AVE @ MONTREAL RD","370687.66219","5033406.11710","-75.65784","45.43748","2017","9/5/2017","3:22:00 PM","01 - Clear","01 - Dry","01 - Traffic signal","03 - At intersection","01 - Daylight","02 - Non-fatal injury","05 - Turning movement"
"9190","LACASSE AVE @ MONTREAL RD","370686.87565","5033406.70351","-75.65785","45.43749","2017","11/22/2017","9:36:00 PM","01 - Clear","01 - Dry","01 - Traffic signal","03 - At intersection","07 - Dark","03 - P.D. only","05 - Turning movement"
"9191","LACASSE AVE btwn BLAKE BLVD & MCARTHUR AVE","370818.64642","5032785.72226","-75.65625","45.43189","2017","6/4/2017","11:32:00 PM","01 - Clear","01 - Dry","10 - No control","01 - Non intersection","07 - Dark","03 - P.D. only","99 - Other"
"9192","LACASSE AVE btwn MONTREAL RD & PATTON ST","370726.22045","5033324.67804","-75.65736","45.43675","2017","1/6/2017","2:39:00 PM","01 - Clear","06 - Ice","10 - No control","01 - Non intersection","01 - Daylight","03 - P.D. only","06 - SMV unattended vehicle"
"9193","LACOLLE WAY @ TAYLOR CREEK DR W","384011.21290","5039298.97100","-75.48662","45.48912","2017","9/29/2017","8:50:00 AM","01 - Clear","01 - Dry","02 - Stop sign","02 - Intersection related","01 - Daylight","03 - P.D. only","05 - Turning movement"
"9194","LACROIX AVE btwn TO BE DETERMINED & DUFORD DR (1)","382127.63246","5037127.60092","-75.51105","45.46979","2017","1/19/2017","9:00:00 PM","01 - Clear","05 - Packed snow","10 - No control","01 - Non intersection","07 - Dark","03 - P.D. only","06 - SMV unattended vehicle"
"9195","LACROIX AVE btwn TO BE DETERMINED & DUFORD DR (1)","382083.16416","5037109.99590","-75.51163","45.46964","2017","2/9/2017","9:19:00 AM","01 - Clear","01 - Dry","10 - No control","01 - Non intersection","01 - Daylight","03 - P.D. only","06 - SMV unattended vehicle"
"9196","LADOUCEUR ST btwn HINCHEY AVE & CARRUTHERS AVE","365193.08997","5029661.63435","-75.72852","45.40429","2017","5/28/2017","12:00:00 AM","02 - Rain","02 - Wet","10 - No control","01 - Non intersection","07 - Dark","03 - P.D. only","06 - SMV unattended vehicle"
"9197","LADOUCEUR ST btwn MERTON ST & GARLAND ST","365484.26220","5029858.34212","-75.72478","45.40603","2017","12/7/2017","12:02:00 PM","01 - Clear","01 - Dry","10 - No control","04 - At/near private drive","01 - Daylight","03 - P.D. only","06 - SMV unattended vehicle"
"9198","LADOUCEUR ST btwn PINHEY ST & MERTON ST","365404.13938","5029751.73974","-75.72582","45.40508","2017","2/16/2017","9:00:00 AM","01 - Clear","01 - Dry","10 - No control","01 - Non intersection","01 - Daylight","03 - P.D. only","06 - SMV unattended vehicle"
"9199","LAFONTAINE AVE @ LEVIS AVE","370922.04375","5033236.91980","-75.65487","45.43594","2017","6/21/2017","11:45:00 PM","01 - Clear","01 - Dry","02 - Stop sign","02 - Intersection related","07 - Dark","02 - Non-fatal injury","03 - Rear end"
"9200","LAFONTAINE AVE @ MCARTHUR AVE","370950.04675","5032772.91149","-75.65457","45.43176","2017","5/29/2017","1:37:00 PM","02 - Rain","02 - Wet","01 - Traffic signal","03 - At intersection","01 - Daylight","02 - Non-fatal injury","05 - Turning movement"
"9201","LAFONTAINE AVE @ MCARTHUR AVE","370950.04675","5032770.90480","-75.65457","45.43174","2017","5/25/2017","10:31:00 AM","01 - Clear","01 - Dry","01 - Traffic signal","03 - At intersection","01 - Daylight","03 - P.D. only","05 - Turning movement"
"9202","LAFONTAINE AVE @ MCARTHUR AVE","370951.14599","5032772.29055","-75.65456","45.43175","2017","9/3/2017","12:45:00 PM","02 - Rain","02 - Wet","01 - Traffic signal","02 - Intersection related","01 - Daylight","03 - P.D. only","05 - Turning movement"
"9203","LAFONTAINE AVE @ MCARTHUR AVE","370949.71230","5032772.47596","-75.65458","45.43176","2017","7/24/2017","12:15:00 PM","02 - Rain","02 - Wet","01 - Traffic signal","03 - At intersection","01 - Daylight","03 - P.D. only","03 - Rear end"
"9204","LAFONTAINE AVE @ MCARTHUR AVE","370949.16585","5032771.57370","-75.65458","45.43175","2017","10/1/2017","3:51:00 PM","01 - Clear","01 - Dry","01 - Traffic signal","03 - At intersection","01 - Daylight","02 - Non-fatal injury","02 - Angle"
"9205","LAFONTAINE AVE @ MCARTHUR AVE","370949.72716","5032771.70179","-75.65458","45.43175","2017","9/16/2017","9:39:00 PM","01 - Clear","01 - Dry","01 - Traffic signal","03 - At intersection","07 - Dark","02 - Non-fatal injury","07 - SMV other"
"9206","LAFONTAINE AVE @ RICHELIEU AVE","370928.04025","5033170.59230","-75.65480","45.43534","2017","10/29/2017","4:00:00 PM","02 - Rain","02 - Wet","02 - Stop sign","03 - At intersection","01 - Daylight","03 - P.D. only","02 - Angle"
"9207","LAFONTAINE AVE btwn MCARTHUR AVE & BLAKE BLVD","370942.01999","5032872.57704","-75.65466","45.43266","2017","5/17/2017","7:06:00 PM","01 - Clear","01 - Dry","10 - No control","01 - Non intersection","01 - Daylight","03 - P.D. only","06 - SMV unattended vehicle"
"9208","LAFRAMBOISE PL btwn CHARLOTTE ST & ROCKWOOD ST","368992.03178","5033256.91490","-75.67953","45.43630","2017","11/26/2017","12:00:00 AM","03 - Snow","03 - Loose snow","10 - No control","01 - Non intersection","07 - Dark","03 - P.D. only","06 - SMV unattended vehicle"
"9209","LAIRD ST btwn MEADOWLANDS DR W & CALVERT ST","364350.15144","5023328.78614","-75.74005","45.34738","2017","7/29/2017","12:00:00 AM","01 - Clear","01 - Dry","10 - No control","04 - At/near private drive","00 - Unknown","03 - P.D. only","06 - SMV unattended vehicle"
"9210","LAJOIE ST @ MONTREAL RD","370534.38015","5033325.24951","-75.65981","45.43677","2017","11/3/2017","10:15:00 AM","01 - Clear","01 - Dry","01 - Traffic signal","03 - At intersection","01 - Daylight","01 - Fatal injury","07 - SMV other"
"9211","LAKEBREEZE CIR btwn BOISDALE WALK & LAKEBREEZE CIR","385924.72990","5034723.54700","-75.46290","45.44773","2017","12/19/2017","1:22:00 PM","01 - Clear","03 - Loose snow","10 - No control","04 - At/near private drive","01 - Daylight","03 - P.D. only","06 - SMV unattended vehicle"
"9212","LAKEPOINTE DR btwn TENTH LINE RD & AQUAVIEW DR","384381.56358","5035471.08979","-75.48250","45.45464","2017","8/12/2017","10:57:00 AM","02 - Rain","02 - Wet","10 - No control","01 - Non intersection","01 - Daylight","03 - P.D. only","06 - SMV unattended vehicle"
"9213","LAKEPOINTE DR btwn TENTH LINE RD & AQUAVIEW DR","384351.38080","5035459.04941","-75.48289","45.45453","2017","8/11/2017","6:00:00 PM","99 - Other","99 - Other","10 - No control","01 - Non intersection","99 - Other","03 - P.D. only","06 - SMV unattended vehicle"
"9214","LAKERIDGE DR btwn GOLDENBROOK WAY & TO BE DETERMINED","385023.16308","5034632.08445","-75.47444","45.44701","2017","2/13/2017","7:00:00 AM","01 - Clear","03 - Loose snow","10 - No control","01 - Non intersection","03 - Dawn","03 - P.D. only","06 - SMV unattended vehicle"
"9215","LAKES PARK DR btwn TWIN LAKES AVE & THUNDERBIRD DR","376867.79769","5014786.65329","-75.58157","45.26934","2017","9/26/2017","9:25:00 PM","01 - Clear","01 - Dry","10 - No control","04 - At/near private drive","07 - Dark","03 - P.D. only","06 - SMV unattended vehicle"
"9216","LAKESHORE DR @ STAGECOACH RD N","376517.09770","5011963.62671","-75.58645","45.24398","2017","10/25/2017","12:24:00 PM","01 - Clear","01 - Dry","02 - Stop sign","02 - Intersection related","01 - Daylight","03 - P.D. only","07 - SMV other"
"9217","LAKESIDE AVE @ QUEEN ELIZABETH DRWY","367455.70790","5028711.55177","-75.69974","45.39554","2017","10/18/2017","7:15:00 PM","01 - Clear","01 - Dry","02 - Stop sign","02 - Intersection related","07 - Dark","03 - P.D. only","03 - Rear end"
"9218","LAKEWAY DR btwn PLACEL RD & LYTTLETON GDN","370032.71057","5035166.88291","-75.66598","45.45339","2017","4/30/2017","5:30:00 PM","01 - Clear","01 - Dry","10 - No control","01 - Non intersection","01 - Daylight","03 - P.D. only","07 - SMV other"
"9219","L'ALLEMAND ST btwn PARK ST & MONTREAL RD","370481.93098","5033437.19021","-75.66047","45.43778","2017","12/8/2017","12:00:00 AM","01 - Clear","01 - Dry","10 - No control","01 - Non intersection","00 - Unknown","03 - P.D. only","06 - SMV unattended vehicle"
"9220","LAMBETH WALK btwn ELMIRA DR & GATEWAY RD","361642.87710","5024044.72220","-75.77452","45.35404","2017","1/21/2017","9:07:00 AM","02 - Rain","02 - Wet","10 - No control","01 - Non intersection","01 - Daylight","03 - P.D. only","06 - SMV unattended vehicle"
"9221","LAMING ST @ LARKIN DR","361972.01545","5015625.44840","-75.77129","45.27826","2017","4/29/2017","11:51:00 PM","01 - Clear","01 - Dry","02 - Stop sign","02 - Intersection related","07 - Dark","03 - P.D. only","07 - SMV other"
"9222","LAMING ST @ LARKIN DR","361971.34655","5015625.44840","-75.77130","45.27826","2017","11/10/2017","9:01:00 AM","01 - Clear","01 - Dry","02 - Stop sign","02 - Intersection related","01 - Daylight","02 - Non-fatal injury","07 - SMV other"
"9223","LAMPLIGHTERS DR btwn COBBLE HILL DR & FOSTERBROOK WAY","361503.35340","5014625.89530","-75.77738","45.26930","2017","2/20/2017","9:47:00 AM","01 - Clear","02 - Wet","10 - No control","01 - Non intersection","01 - Daylight","03 - P.D. only","06 - SMV unattended vehicle"
"9224","LANCASTER RD @ WALKLEY RD","374909.07495","5028601.87230","-75.60457","45.39385","2017","7/3/2017","6:15:00 PM","01 - Clear","01 - Dry","01 - Traffic signal","02 - Intersection related","01 - Daylight","03 - P.D. only","04 - Sideswipe"
"9225","LANCASTER RD @ WALKLEY RD","374909.74384","5028602.54120","-75.60457","45.39385","2017","7/7/2017","4:20:00 PM","01 - Clear","01 - Dry","01 - Traffic signal","02 - Intersection related","01 - Daylight","03 - P.D. only","03 - Rear end"
"9226","LANCASTER RD @ WALKLEY RD","374908.19776","5028603.35531","-75.60459","45.39386","2017","10/11/2017","6:23:00 PM","01 - Clear","01 - Dry","01 - Traffic signal","03 - At intersection","07 - Dark","03 - P.D. only","03 - Rear end"
"9227","LANCASTER RD @ WALKLEY RD","374908.40605","5028602.54120","-75.60458","45.39385","2017","11/9/2017","11:05:00 AM","01 - Clear","01 - Dry","01 - Traffic signal","03 - At intersection","01 - Daylight","03 - P.D. only","02 - Angle"
"9228","LANCASTER RD @ WALKLEY RD","374907.79375","5028602.77789","-75.60459","45.39385","2017","11/9/2017","5:13:00 PM","02 - Rain","02 - Wet","01 - Traffic signal","02 - Intersection related","07 - Dark","02 - Non-fatal injury","03 - Rear end"
"9229","LANCASTER RD @ WALKLEY RD","374908.40605","5028602.54120","-75.60458","45.39385","2017","4/21/2017","6:12:00 AM","02 - Rain","02 - Wet","01 - Traffic signal","03 - At intersection","01 - Daylight","03 - P.D. only","02 - Angle"
"9230","LANCASTER RD @ WALKLEY RD","374909.25000","5028600.50319","-75.60457","45.39383","2017","2/23/2017","2:12:00 PM","01 - Clear","01 - Dry","01 - Traffic signal","02 - Intersection related","01 - Daylight","03 - P.D. only","04 - Sideswipe"
"9231","LANCASTER RD @ WALKLEY RD","374910.51930","5028604.21402","-75.60456","45.39387","2017","12/28/2017","9:24:00 AM","01 - Clear","01 - Dry","01 - Traffic signal","02 - Intersection related","01 - Daylight","02 - Non-fatal injury","03 - Rear end"
"9232","LANCASTER RD btwn BARRYMORE LANE & BARBERRY LANE","374632.80643","5029007.99194","-75.60804","45.39753","2017","6/30/2017","11:46:00 AM","01 - Clear","01 - Dry","10 - No control","01 - Non intersection","01 - Daylight","03 - P.D. only","06 - SMV unattended vehicle"
"9233","LANCASTER RD btwn DELRIDGE LANE & BARRYMORE LANE","374383.90607","5029159.96860","-75.61120","45.39892","2017","10/16/2017","3:35:00 PM","01 - Clear","01 - Dry","10 - No control","04 - At/near private drive","01 - Daylight","03 - P.D. only","99 - Other"
"9234","LANCASTER RD btwn GLADWIN CRES & SHELBOURN LANE","373698.56623","5029506.88112","-75.61991","45.40211","2017","2/1/2017","3:54:00 PM","01 - Clear","01 - Dry","10 - No control","04 - At/near private drive","01 - Daylight","03 - P.D. only","02 - Angle"
"9235","LANCASTER RD btwn SHELBOURN LANE & DELRIDGE LANE","374137.37931","5029385.46591","-75.61432","45.40097","2017","8/6/2017","1:01:00 PM","01 - Clear","01 - Dry","10 - No control","01 - Non intersection","01 - Daylight","02 - Non-fatal injury","03 - Rear end"
"9236","LANG'S RD btwn GREENHILL WAY & MONTREAL RD","372353.26519","5034299.24200","-75.63643","45.44536","2017","9/7/2017","5:12:00 PM","01 - Clear","02 - Wet","10 - No control","04 - At/near private drive","01 - Daylight","03 - P.D. only","07 - SMV other"
"9237","LANTHIER DR @ VANTAGE DR","383602.43364","5035847.89190","-75.49240","45.45812","2017","10/31/2017","12:05:00 PM","01 - Clear","01 - Dry","02 - Stop sign","03 - At intersection","01 - Daylight","03 - P.D. only","02 - Angle"
"9238","LANTHIER DR @ VANTAGE DR","383601.09585","5035849.22970","-75.49242","45.45813","2017","10/29/2017","10:35:00 AM","01 - Clear","02 - Wet","02 - Stop sign","03 - At intersection","01 - Daylight","03 - P.D. only","02 - Angle"
"9239","LANTHIER DR @ VANTAGE DR","383601.23477","5035848.79749","-75.49242","45.45812","2017","11/15/2017","12:56:00 PM","01 - Clear","01 - Dry","02 - Stop sign","02 - Intersection related","01 - Daylight","03 - P.D. only","03 - Rear end"
"9240","LAPERRIERE AVE @ LARKIN ST","364233.86267","5026779.97355","-75.74112","45.37844","2017","9/29/2017","9:25:00 PM","02 - Rain","02 - Wet","02 - Stop sign","03 - At intersection","07 - Dark","03 - P.D. only","02 - Angle"
"9241","LAPERRIERE AVE btwn CAVAN ST & KIRKWOOD AVE","364491.11197","5026941.05960","-75.73782","45.37987","2017","6/14/2017","10:03:00 AM","01 - Clear","01 - Dry","10 - No control","04 - At/near private drive","01 - Daylight","03 - P.D. only","05 - Turning movement"
"9242","LAPORTE ST btwn EAST ACRES RD & BEAVERHILL DR","375883.31511","5034148.54758","-75.59133","45.44365","2017","10/22/2017","7:52:00 PM","01 - Clear","01 - Dry","10 - No control","01 - Non intersection","07 - Dark","03 - P.D. only","06 - SMV unattended vehicle"
"9243","LARCH ST @ PRESTON ST","366437.69210","5029828.92046","-75.71261","45.40568","2017","10/6/2017","12:00:00 AM","01 - Clear","01 - Dry","02 - Stop sign","02 - Intersection related","00 - Unknown","03 - P.D. only","06 - SMV unattended vehicle"
"9244","LARGO CRES btwn DALLAS PL & SPRING GARDEN AVE","364803.35523","5022853.14563","-75.73433","45.34306","2017","7/25/2017","12:00:00 AM","01 - Clear","01 - Dry","10 - No control","04 - At/near private drive","00 - Unknown","03 - P.D. only","06 - SMV unattended vehicle"
"9245","LARKIN DR btwn LAMING ST & CARROLL CRT","362084.30774","5015687.56252","-75.76985","45.27881","2017","5/14/2017","2:50:00 PM","01 - Clear","01 - Dry","10 - No control","01 - Non intersection","01 - Daylight","03 - P.D. only","06 - SMV unattended vehicle"
"9246","LARKIN DR btwn OTTEN DR & RAFTUS SQ","361769.36310","5015828.85519","-75.77385","45.28011","2017","12/6/2017","12:00:00 AM","01 - Clear","01 - Dry","10 - No control","01 - Non intersection","00 - Unknown","03 - P.D. only","06 - SMV unattended vehicle"
"9247","LAROSE AVE @ MERIVALE RD","364846.22523","5026967.30671","-75.73328","45.38007","2017","12/18/2017","7:07:00 PM","03 - Snow","03 - Loose snow","02 - Stop sign","02 - Intersection related","07 - Dark","02 - Non-fatal injury","02 - Angle"
"9248","LAROUCHE ST @ MCARTHUR AVE","370382.18620","5032711.30465","-75.66184","45.43126","2017","11/9/2017","8:27:00 PM","01 - Clear","01 - Dry","02 - Stop sign","03 - At intersection","07 - Dark","03 - P.D. only","02 - Angle"
"9249","LATOUR CRES btwn GARDENWAY DR & GARDENWAY DR","383921.51471","5036778.15172","-75.48817","45.46645","2017","8/12/2017","12:00:00 AM","01 - Clear","01 - Dry","10 - No control","04 - At/near private drive","00 - Unknown","03 - P.D. only","06 - SMV unattended vehicle"
"9250","LAURA PRIV @ BLAIR RD","375296.43415","5032132.02835","-75.59912","45.42557","2017","6/13/2017","5:52:00 PM","01 - Clear","01 - Dry","10 - No control","02 - Intersection related","01 - Daylight","03 - P.D. only","03 - Rear end"
"9251","LAUREL ST @ PRESTON ST","366406.36045","5029902.23550","-75.71300","45.40635","2017","5/1/2017","4:00:00 PM","02 - Rain","02 - Wet","02 - Stop sign","02 - Intersection related","01 - Daylight","03 - P.D. only","05 - Turning movement"
"9252","LAURENTIDE RD btwn ASHFORD DR & ELMSLEY CRES","358171.51951","5019908.61046","-75.81927","45.31710","2017","12/24/2017","3:19:00 AM","03 - Snow","04 - Slush","10 - No control","04 - At/near private drive","07 - Dark","03 - P.D. only","99 - Other"
"9253","LAURIE CRT @ SHELDRAKE DR","353220.95305","5016504.44320","-75.88274","45.28683","2017","6/14/2017","7:30:00 PM","01 - Clear","01 - Dry","03 - Yield sign","03 - At intersection","01 - Daylight","02 - Non-fatal injury","07 - SMV other"
"9254","LAURIER AVE   E btwn CUMBERLAND ST & COPERNICUS ST","368619.50293","5031962.58714","-75.68446","45.42469","2017","5/12/2017","8:59:00 AM","01 - Clear","01 - Dry","10 - No control","01 - Non intersection","01 - Daylight","02 - Non-fatal injury","04 - Sideswipe"
"9255","LAURIER AVE   E btwn KING EDWARD AVE & HENDERSON AVE","368784.20424","5032060.85479","-75.68234","45.42556","2017","12/18/2017","6:40:00 PM","03 - Snow","03 - Loose snow","10 - No control","04 - At/near private drive","07 - Dark","03 - P.D. only","03 - Rear end"
"9256","LAURIER AVE   E btwn MARLBOROUGH AVE & RANGE RD","369370.97336","5032417.19638","-75.67480","45.42871","2017","4/7/2017","11:50:00 AM","01 - Clear","01 - Dry","10 - No control","01 - Non intersection","01 - Daylight","03 - P.D. only","05 - Turning movement"
"9257","LAURIER AVE   E btwn NICHOLAS ST & WALLER ST","368411.15556","5031826.39616","-75.68714","45.42348","2017","4/13/2017","5:15:00 PM","01 - Clear","01 - Dry","10 - No control","01 - Non intersection","01 - Daylight","03 - P.D. only","04 - Sideswipe"
"9258","LAURIER AVE   E btwn RANGE RD & CHARLOTTE ST","369466.99598","5032480.16753","-75.67356","45.42927","2017","9/18/2017","11:50:00 AM","01 - Clear","01 - Dry","10 - No control","01 - Non intersection","01 - Daylight","03 - P.D. only","06 - SMV unattended vehicle"
"9259","LAURIER AVE   E btwn RUSSELL AVE & CHAPEL ST","369101.65234","5032253.21356","-75.67826","45.42726","2017","3/16/2017","7:50:00 AM","01 - Clear","05 - Packed snow","10 - No control","01 - Non intersection","01 - Daylight","03 - P.D. only","06 - SMV unattended vehicle"
"9260","LAURIER AVE   W btwn BANK ST & O'CONNOR ST","367567.70408","5031316.41270","-75.69798","45.41897","2017","12/10/2017","5:16:00 PM","01 - Clear","01 - Dry","10 - No control","01 - Non intersection","07 - Dark","03 - P.D. only","06 - SMV unattended vehicle"
"9261","LAURIER AVE   W btwn BANK ST & O'CONNOR ST","367614.82657","5031344.77991","-75.69738","45.41922","2017","2/22/2017","12:26:00 PM","01 - Clear","01 - Dry","10 - No control","01 - Non intersection","01 - Daylight","03 - P.D. only","04 - Sideswipe"
"9262","LAURIER AVE   W btwn BANK ST & O'CONNOR ST","367491.73709","5031271.60837","-75.69896","45.41857","2017","4/4/2017","9:30:00 AM","02 - Rain","02 - Wet","10 - No control","01 - Non intersection","01 - Daylight","03 - P.D. only","06 - SMV unattended vehicle"
"9263","LAURIER AVE   W btwn BANK ST & O'CONNOR ST","367511.80398","5031282.31071","-75.69870","45.41867","2017","3/31/2017","4:47:00 PM","03 - Snow","02 - Wet","10 - No control","04 - At/near private drive","01 - Daylight","03 - P.D. only","02 - Angle"
"9264","LAURIER AVE   W btwn BAY ST & LYON ST N","367078.51811","5031024.99725","-75.70427","45.41639","2017","1/27/2017","12:00:00 AM","03 - Snow","04 - Slush","10 - No control","01 - Non intersection","00 - Unknown","03 - P.D. only","06 - SMV unattended vehicle"
"9265","LAURIER AVE   W btwn BAY ST & LYON ST N","367082.25075","5031027.58772","-75.70422","45.41641","2017","4/5/2017","4:27:00 PM","01 - Clear","01 - Dry","10 - No control","01 - Non intersection","01 - Daylight","03 - P.D. only","04 - Sideswipe"