"Record","Location","X","Y","Longitude","Latitude","Year","Date","Time","Environment","Road_Surface","Traffic_Control","Collision_Location","Light","Collision_Classification","Impact_type"
"9266","LAURIER AVE   W btwn BRONSON AVE & PERCY ST","366863.42186","5030894.70086","-75.70703","45.41524","2017","9/8/2017","8:22:00 AM","01 - Clear","01 - Dry","10 - No control","01 - Non intersection","01 - Daylight","03 - P.D. only","07 - SMV other"
"9267","LAURIER AVE   W btwn BRONSON AVE & PERCY ST","366889.03854","5030910.57368","-75.70670","45.41538","2017","3/4/2017","12:58:00 PM","01 - Clear","01 - Dry","10 - No control","01 - Non intersection","01 - Daylight","03 - P.D. only","07 - SMV other"
"9268","LAURIER AVE   W btwn ELGIN ST & QUEEN ELIZABETH DRWY/LAURIER AVE WB ON","367988.84519","5031573.25111","-75.69257","45.42124","2017","6/8/2017","5:23:00 PM","01 - Clear","01 - Dry","10 - No control","04 - At/near private drive","01 - Daylight","03 - P.D. only","02 - Angle"
"9269","LAURIER AVE   W btwn ELGIN ST & QUEEN ELIZABETH DRWY/LAURIER AVE WB ON","368054.45350","5031612.28439","-75.69173","45.42159","2017","6/20/2017","2:19:00 PM","01 - Clear","01 - Dry","10 - No control","01 - Non intersection","01 - Daylight","03 - P.D. only","03 - Rear end"
"9270","LAURIER AVE   W btwn ELGIN ST & QUEEN ELIZABETH DRWY/LAURIER AVE WB ON","368053.39217","5031613.78985","-75.69174","45.42160","2017","5/31/2017","4:15:00 PM","01 - Clear","01 - Dry","10 - No control","01 - Non intersection","01 - Daylight","03 - P.D. only","04 - Sideswipe"
"9271","LAURIER AVE   W btwn ELGIN ST & QUEEN ELIZABETH DRWY/LAURIER AVE WB ON","368035.35640","5031603.41243","-75.69197","45.42151","2017","8/18/2017","4:21:00 PM","01 - Clear","01 - Dry","10 - No control","01 - Non intersection","01 - Daylight","03 - P.D. only","02 - Angle"
"9272","LAURIER AVE   W btwn KENT ST & BANK ST","367458.96117","5031251.54148","-75.69938","45.41839","2017","5/21/2017","4:09:00 PM","01 - Clear","01 - Dry","10 - No control","04 - At/near private drive","01 - Daylight","03 - P.D. only","06 - SMV unattended vehicle"
"9273","LAURIER AVE   W btwn KENT ST & BANK ST","367439.56318","5031241.50803","-75.69963","45.41830","2017","3/3/2017","9:51:00 AM","01 - Clear","01 - Dry","10 - No control","04 - At/near private drive","01 - Daylight","03 - P.D. only","05 - Turning movement"
"9274","LAURIER AVE   W btwn KENT ST & BANK ST","367407.80089","5031220.38120","-75.70004","45.41812","2017","12/19/2017","4:06:00 PM","01 - Clear","02 - Wet","10 - No control","04 - At/near private drive","05 - Dusk","03 - P.D. only","06 - SMV unattended vehicle"
"9275","LAURIER AVE   W btwn LYON ST N & KENT ST","367202.19147","5031097.78750","-75.70268","45.41703","2017","3/6/2017","1:51:00 PM","01 - Clear","01 - Dry","10 - No control","01 - Non intersection","01 - Daylight","03 - P.D. only","04 - Sideswipe"
"9276","LAURIER AVE   W btwn METCALFE ST & ELGIN ST","367878.91000","5031505.43962","-75.69398","45.42064","2017","8/9/2017","12:00:00 AM","01 - Clear","01 - Dry","10 - No control","01 - Non intersection","00 - Unknown","03 - P.D. only","06 - SMV unattended vehicle"
"9277","LAURIER AVE   W btwn METCALFE ST & ELGIN ST","367863.25594","5031495.44034","-75.69418","45.42055","2017","6/22/2017","12:00:00 AM","01 - Clear","01 - Dry","10 - No control","01 - Non intersection","00 - Unknown","03 - P.D. only","06 - SMV unattended vehicle"
"9278","LAURIER AVE   W btwn METCALFE ST & ELGIN ST","367864.60323","5031496.50338","-75.69417","45.42056","2017","10/7/2017","3:15:00 PM","01 - Clear","01 - Dry","10 - No control","04 - At/near private drive","01 - Daylight","02 - Non-fatal injury","05 - Turning movement"
"9279","LAURIER AVE   W btwn METCALFE ST & ELGIN ST","367935.91903","5031541.54736","-75.69325","45.42096","2017","9/13/2017","5:18:00 PM","01 - Clear","01 - Dry","10 - No control","01 - Non intersection","01 - Daylight","02 - Non-fatal injury","05 - Turning movement"
"9280","LAURIER AVE   W btwn METCALFE ST & ELGIN ST","367843.22082","5031481.05614","-75.69444","45.42042","2017","2/20/2017","6:09:00 PM","01 - Clear","01 - Dry","10 - No control","01 - Non intersection","07 - Dark","03 - P.D. only","06 - SMV unattended vehicle"
"9281","LAURIER AVE   W btwn O'CONNOR ST & METCALFE ST","367743.28904","5031421.61258","-75.69573","45.41990","2017","6/22/2017","5:49:00 PM","01 - Clear","01 - Dry","10 - No control","01 - Non intersection","01 - Daylight","03 - P.D. only","99 - Other"
"9282","LAURIER AVE   W btwn O'CONNOR ST & METCALFE ST","367710.46333","5031402.54783","-75.69615","45.41973","2017","2/17/2017","12:00:00 AM","01 - Clear","01 - Dry","10 - No control","01 - Non intersection","00 - Unknown","03 - P.D. only","06 - SMV unattended vehicle"
"9283","LAURIER AVE   W btwn O'CONNOR ST & METCALFE ST","367731.46772","5031415.06996","-75.69588","45.41984","2017","4/19/2017","7:29:00 PM","01 - Clear","02 - Wet","10 - No control","04 - At/near private drive","01 - Daylight","02 - Non-fatal injury","07 - SMV other"
"9284","LAURIER AVE   W btwn PERCY ST & BAY ST","366991.13967","5030971.32770","-75.70539","45.41591","2017","5/7/2017","1:46:00 PM","01 - Clear","01 - Dry","10 - No control","04 - At/near private drive","01 - Daylight","03 - P.D. only","02 - Angle"
"9285","LAURIER AVE   W btwn PERCY ST & BAY ST","366997.54693","5030976.26102","-75.70531","45.41596","2017","8/18/2017","4:39:00 PM","01 - Clear","01 - Dry","10 - No control","04 - At/near private drive","01 - Daylight","02 - Non-fatal injury","07 - SMV other"
"9286","LAURIER AVE   W btwn QUEEN ELIZABETH DRWY/LAURIER AVE EB OFF RAMP & LA","368172.36581","5031677.89121","-75.69021","45.42217","2017","12/20/2017","8:00:00 PM","03 - Snow","03 - Loose snow","10 - No control","01 - Non intersection","07 - Dark","03 - P.D. only","04 - Sideswipe"
"9287","LAURIER AVE   W btwn QUEEN ELIZABETH DRWY/LAURIER AVE WB ON RAMP & QUE","368116.86840","5031648.02358","-75.69092","45.42190","2017","6/13/2017","3:42:00 PM","01 - Clear","01 - Dry","10 - No control","01 - Non intersection","01 - Daylight","02 - Non-fatal injury","07 - SMV other"
"9288","LAURIER AVE   W btwn QUEEN ELIZABETH DRWY/LAURIER AVE WB ON RAMP & QUE","368116.92012","5031647.26547","-75.69092","45.42189","2017","5/29/2017","2:42:00 PM","02 - Rain","02 - Wet","10 - No control","01 - Non intersection","01 - Daylight","03 - P.D. only","05 - Turning movement"
"9289","LAURIER AVE  E btwn 73 E OF WALLER ST & CUMBERLAND ST","368590.01179","5031943.23313","-75.68484","45.42451","2017","5/17/2017","3:40:00 PM","01 - Clear","01 - Dry","10 - No control","01 - Non intersection","01 - Daylight","03 - P.D. only","04 - Sideswipe"
"9290","LAURIER AVE  E btwn 73 E OF WALLER ST & CUMBERLAND ST","368529.06505","5031905.74406","-75.68562","45.42418","2017","11/21/2017","12:00:00 AM","03 - Snow","02 - Wet","10 - No control","01 - Non intersection","00 - Unknown","03 - P.D. only","06 - SMV unattended vehicle"
"9291","LAURIER AVE  E btwn WALLER ST & 73 E OF WALLER ST","368461.06260","5031863.73586","-75.68650","45.42381","2017","11/2/2017","4:05:00 PM","02 - Rain","02 - Wet","10 - No control","01 - Non intersection","01 - Daylight","02 - Non-fatal injury","04 - Sideswipe"
"9292","LAURIER AVE @ 89 E OF WALLER ST","368515.61115","5031897.92240","-75.68580","45.42411","2017","4/29/2017","5:15:00 PM","01 - Clear","01 - Dry","01 - Traffic signal","02 - Intersection related","01 - Daylight","03 - P.D. only","03 - Rear end"
"9293","LAURIER AVE @ LYON ST","367155.36794","5031069.23820","-75.70328","45.41678","2017","6/12/2017","12:00:00 PM","01 - Clear","01 - Dry","01 - Traffic signal","02 - Intersection related","01 - Daylight","03 - P.D. only","03 - Rear end"
"9294","LAURIER AVE @ LYON ST","367153.48488","5031068.84585","-75.70331","45.41678","2017","7/27/2017","6:41:00 PM","01 - Clear","01 - Dry","01 - Traffic signal","02 - Intersection related","01 - Daylight","02 - Non-fatal injury","04 - Sideswipe"
"9295","LAURIER AVE @ LYON ST","367153.95305","5031068.47756","-75.70330","45.41677","2017","7/15/2017","12:08:00 PM","01 - Clear","01 - Dry","01 - Traffic signal","03 - At intersection","01 - Daylight","02 - Non-fatal injury","02 - Angle"
"9296","LAURIER AVE @ LYON ST","367154.03015","5031067.23151","-75.70330","45.41676","2017","3/26/2017","12:02:00 PM","01 - Clear","01 - Dry","01 - Traffic signal","03 - At intersection","01 - Daylight","03 - P.D. only","02 - Angle"
"9297","LAURIER AVE @ NELSON ST","368878.19600","5032116.86375","-75.68113","45.42605","2017","9/25/2017","4:52:00 PM","01 - Clear","01 - Dry","01 - Traffic signal","02 - Intersection related","01 - Daylight","03 - P.D. only","04 - Sideswipe"
"9298","LAURIER AVE @ NELSON ST","368876.57828","5032118.87224","-75.68116","45.42607","2017","12/3/2017","5:20:00 AM","01 - Clear","01 - Dry","01 - Traffic signal","02 - Intersection related","07 - Dark","03 - P.D. only","03 - Rear end"
"9299","LAURIER AVE @ NICHOLAS ST","368372.82437","5031800.27659","-75.68763","45.42325","2017","5/5/2017","4:20:00 PM","02 - Rain","02 - Wet","01 - Traffic signal","02 - Intersection related","01 - Daylight","03 - P.D. only","04 - Sideswipe"
"9300","LAURIER AVE @ NICHOLAS ST","368374.64034","5031797.60100","-75.68761","45.42322","2017","5/7/2017","4:10:00 PM","02 - Rain","02 - Wet","01 - Traffic signal","02 - Intersection related","01 - Daylight","03 - P.D. only","03 - Rear end"
"9301","LAURIER AVE @ NICHOLAS ST","368373.97145","5031797.60100","-75.68762","45.42322","2017","5/3/2017","3:26:00 PM","01 - Clear","01 - Dry","01 - Traffic signal","02 - Intersection related","01 - Daylight","03 - P.D. only","03 - Rear end"
"9302","LAURIER AVE @ NICHOLAS ST","368372.97107","5031797.16002","-75.68763","45.42322","2017","8/31/2017","2:58:00 PM","01 - Clear","01 - Dry","01 - Traffic signal","02 - Intersection related","01 - Daylight","03 - P.D. only","03 - Rear end"
"9303","LAURIER AVE @ NICHOLAS ST","368373.19007","5031798.04644","-75.68763","45.42323","2017","8/29/2017","9:21:00 AM","01 - Clear","01 - Dry","01 - Traffic signal","02 - Intersection related","01 - Daylight","03 - P.D. only","04 - Sideswipe"
"9304","LAURIER AVE @ NICHOLAS ST","368373.63700","5031797.62887","-75.68762","45.42322","2017","8/17/2017","12:38:00 PM","01 - Clear","01 - Dry","01 - Traffic signal","02 - Intersection related","01 - Daylight","03 - P.D. only","04 - Sideswipe"
"9305","LAURIER AVE @ NICHOLAS ST","368373.03550","5031799.77366","-75.68763","45.42324","2017","7/21/2017","3:15:00 PM","01 - Clear","01 - Dry","01 - Traffic signal","02 - Intersection related","01 - Daylight","03 - P.D. only","03 - Rear end"
"9306","LAURIER AVE @ NICHOLAS ST","368373.63700","5031798.00216","-75.68762","45.42323","2017","7/25/2017","7:48:00 PM","01 - Clear","01 - Dry","01 - Traffic signal","03 - At intersection","01 - Daylight","03 - P.D. only","04 - Sideswipe"
"9307","LAURIER AVE @ NICHOLAS ST","368373.97145","5031798.26990","-75.68762","45.42323","2017","7/9/2017","6:15:00 PM","01 - Clear","01 - Dry","01 - Traffic signal","02 - Intersection related","01 - Daylight","02 - Non-fatal injury","03 - Rear end"
"9308","LAURIER AVE @ NICHOLAS ST","368371.99766","5031799.36280","-75.68764","45.42324","2017","10/7/2017","1:45:00 AM","01 - Clear","01 - Dry","01 - Traffic signal","03 - At intersection","07 - Dark","03 - P.D. only","05 - Turning movement"
"9309","LAURIER AVE @ NICHOLAS ST","368372.69025","5031798.97996","-75.68764","45.42324","2017","9/19/2017","12:55:00 PM","01 - Clear","01 - Dry","01 - Traffic signal","02 - Intersection related","01 - Daylight","03 - P.D. only","04 - Sideswipe"
"9310","LAURIER AVE @ NICHOLAS ST","368374.58375","5031797.55984","-75.68761","45.42322","2017","10/24/2017","10:07:00 PM","01 - Clear","01 - Dry","01 - Traffic signal","02 - Intersection related","07 - Dark","03 - P.D. only","03 - Rear end"
"9311","LAURIER AVE @ NICHOLAS ST","368373.63672","5031798.26955","-75.68762","45.42323","2017","10/17/2017","1:01:00 PM","01 - Clear","01 - Dry","01 - Traffic signal","02 - Intersection related","01 - Daylight","03 - P.D. only","04 - Sideswipe"
"9312","LAURIER AVE @ NICHOLAS ST","368372.63366","5031798.26990","-75.68764","45.42323","2017","11/1/2017","1:55:00 AM","01 - Clear","01 - Dry","01 - Traffic signal","03 - At intersection","07 - Dark","02 - Non-fatal injury","02 - Angle"
"9313","LAURIER AVE @ NICHOLAS ST","368372.63366","5031798.26990","-75.68764","45.42323","2017","11/11/2017","2:40:00 PM","01 - Clear","01 - Dry","01 - Traffic signal","02 - Intersection related","01 - Daylight","03 - P.D. only","04 - Sideswipe"
"9314","LAURIER AVE @ NICHOLAS ST","368374.64034","5031798.93880","-75.68761","45.42324","2017","11/14/2017","1:30:00 PM","01 - Clear","01 - Dry","01 - Traffic signal","02 - Intersection related","01 - Daylight","03 - P.D. only","99 - Other"
"9315","LAURIER AVE @ NICHOLAS ST","368373.63700","5031797.07516","-75.68762","45.42322","2017","11/3/2017","1:08:00 PM","01 - Clear","01 - Dry","01 - Traffic signal","02 - Intersection related","01 - Daylight","03 - P.D. only","02 - Angle"
"9316","LAURIER AVE @ NICHOLAS ST","368373.63700","5031797.55305","-75.68762","45.42322","2017","11/9/2017","4:14:00 PM","01 - Clear","01 - Dry","01 - Traffic signal","03 - At intersection","01 - Daylight","03 - P.D. only","03 - Rear end"
"9317","LAURIER AVE @ NICHOLAS ST","368371.99766","5031796.63056","-75.68764","45.42322","2017","1/19/2017","5:31:00 PM","01 - Clear","02 - Wet","01 - Traffic signal","02 - Intersection related","05 - Dusk","03 - P.D. only","04 - Sideswipe"
"9318","LAURIER AVE @ NICHOLAS ST","368373.63700","5031798.26990","-75.68762","45.42323","2017","2/2/2017","8:45:00 AM","01 - Clear","01 - Dry","01 - Traffic signal","03 - At intersection","01 - Daylight","03 - P.D. only","04 - Sideswipe"
"9319","LAURIER AVE @ NICHOLAS ST","368374.64034","5031798.93880","-75.68761","45.42324","2017","2/18/2017","9:10:00 PM","01 - Clear","02 - Wet","01 - Traffic signal","03 - At intersection","07 - Dark","03 - P.D. only","03 - Rear end"
"9320","LAURIER AVE @ NICHOLAS ST","368376.21211","5031797.41153","-75.68759","45.42322","2017","1/9/2017","9:30:00 PM","01 - Clear","02 - Wet","01 - Traffic signal","03 - At intersection","07 - Dark","02 - Non-fatal injury","07 - SMV other"
"9321","LAURIER AVE @ NICHOLAS ST","368374.64034","5031798.26990","-75.68761","45.42323","2017","3/3/2017","4:25:00 PM","01 - Clear","02 - Wet","01 - Traffic signal","03 - At intersection","01 - Daylight","03 - P.D. only","02 - Angle"
"9322","LAURIER AVE @ NICHOLAS ST","368372.63366","5031797.60100","-75.68764","45.42322","2017","3/19/2017","5:36:00 PM","01 - Clear","01 - Dry","01 - Traffic signal","02 - Intersection related","01 - Daylight","03 - P.D. only","03 - Rear end"
"9323","LAURIER AVE @ NICHOLAS ST","368372.63366","5031798.26990","-75.68764","45.42323","2017","2/24/2017","11:28:00 PM","01 - Clear","02 - Wet","01 - Traffic signal","02 - Intersection related","07 - Dark","03 - P.D. only","99 - Other"
"9324","LAURIER AVE @ NICHOLAS ST","368373.97145","5031799.60769","-75.68762","45.42324","2017","4/23/2017","12:50:00 PM","01 - Clear","01 - Dry","01 - Traffic signal","02 - Intersection related","01 - Daylight","03 - P.D. only","03 - Rear end"
"9325","LAURIER AVE @ NICHOLAS ST","368372.31115","5031798.46729","-75.68764","45.42323","2017","4/7/2017","2:27:00 PM","02 - Rain","02 - Wet","01 - Traffic signal","02 - Intersection related","01 - Daylight","03 - P.D. only","03 - Rear end"
"9326","LAURIER AVE @ NICHOLAS ST","368374.11490","5031798.50885","-75.68762","45.42323","2017","12/19/2017","10:11:00 AM","03 - Snow","04 - Slush","01 - Traffic signal","03 - At intersection","01 - Daylight","03 - P.D. only","03 - Rear end"
"9327","LAURIER AVE @ NICHOLAS ST","368374.59279","5031798.98675","-75.68761","45.42324","2017","12/23/2017","4:22:00 PM","03 - Snow","04 - Slush","01 - Traffic signal","02 - Intersection related","05 - Dusk","03 - P.D. only","04 - Sideswipe"
"9328","LAURIER AVE @ O'CONNOR ST","367636.05967","5031357.93627","-75.69710","45.41933","2017","7/18/2017","5:43:00 PM","01 - Clear","01 - Dry","01 - Traffic signal","03 - At intersection","01 - Daylight","02 - Non-fatal injury","05 - Turning movement"
"9329","LAURIER AVE @ O'CONNOR ST","367635.60780","5031357.48440","-75.69711","45.41933","2017","1/31/2017","8:00:00 AM","01 - Clear","01 - Dry","01 - Traffic signal","02 - Intersection related","01 - Daylight","03 - P.D. only","03 - Rear end"
"9330","LAURIER AVE @ O'CONNOR ST","367637.70404","5031358.57730","-75.69708","45.41934","2017","2/5/2017","8:55:00 AM","03 - Snow","04 - Slush","01 - Traffic signal","03 - At intersection","01 - Daylight","02 - Non-fatal injury","02 - Angle"
"9331","LAURIER AVE @ O'CONNOR ST","367636.36625","5031358.57730","-75.69710","45.41934","2017","3/15/2017","1:00:00 PM","03 - Snow","03 - Loose snow","01 - Traffic signal","02 - Intersection related","01 - Daylight","03 - P.D. only","03 - Rear end"
"9332","LAURIER AVE @ PERCY ST","366902.69406","5030920.24380","-75.70653","45.41546","2017","6/14/2017","8:30:00 AM","01 - Clear","01 - Dry","10 - No control","03 - At intersection","01 - Daylight","02 - Non-fatal injury","05 - Turning movement"
"9333","LAURIER AVE @ QUEEN ELIZABETH DRWY/LAURIER AVE","368076.57419","5031625.24654","-75.69144","45.42170","2017","5/5/2017","10:22:00 AM","02 - Rain","02 - Wet","01 - Traffic signal","02 - Intersection related","01 - Daylight","03 - P.D. only","04 - Sideswipe"
"9334","LAURIER AVE @ QUEEN ELIZABETH DRWY/LAURIER AVE","368076.24886","5031624.78585","-75.69145","45.42170","2017","2/14/2017","1:22:00 PM","01 - Clear","02 - Wet","01 - Traffic signal","03 - At intersection","01 - Daylight","03 - P.D. only","07 - SMV other"
"9335","LAURIER AVE @ WALLER ST/TRANSITWAY","368454.52419","5031858.88364","-75.68658","45.42377","2017","6/20/2017","5:59:00 PM","01 - Clear","01 - Dry","01 - Traffic signal","02 - Intersection related","01 - Daylight","03 - P.D. only","04 - Sideswipe"
"9336","LAUZON ST btwn SUNLAND DR & SUNLAND DR","384745.44876","5037168.75374","-75.47757","45.46987","2017","6/25/2017","8:23:00 AM","01 - Clear","01 - Dry","10 - No control","01 - Non intersection","01 - Daylight","03 - P.D. only","07 - SMV other"
"9337","LAVERGNE ST btwn DES PERES BLANCS AVE & PERRIER AVE","370399.05752","5033912.99218","-75.66146","45.44207","2017","3/19/2017","12:00:00 AM","01 - Clear","01 - Dry","10 - No control","01 - Non intersection","00 - Unknown","03 - P.D. only","06 - SMV unattended vehicle"
"9338","LAVERGNE ST btwn MICHEL CIRC & DES PERES BLANCS AVE","370113.22337","5033998.42811","-75.66510","45.44287","2017","11/26/2017","9:00:00 PM","03 - Snow","02 - Wet","10 - No control","01 - Non intersection","07 - Dark","03 - P.D. only","06 - SMV unattended vehicle"
"9339","LAWRENCE ST btwn CARACOURT DR & TALBOT ST","385905.41734","5002534.53065","-75.46841","45.15812","2017","5/12/2017","4:18:00 PM","01 - Clear","01 - Dry","10 - No control","01 - Non intersection","01 - Daylight","02 - Non-fatal injury","07 - SMV other"
"9340","LAXFORD DR btwn TYNE CRT & REDCAR CRES","348915.73951","5023582.99499","-75.93699","45.35081","2017","10/19/2017","8:15:00 AM","01 - Clear","01 - Dry","10 - No control","04 - At/near private drive","01 - Daylight","03 - P.D. only","99 - Other"
"9341","LEASIDE AVE @ MERIVALE RD","364875.65739","5027275.78205","-75.73287","45.38285","2017","10/7/2017","7:15:00 PM","01 - Clear","01 - Dry","02 - Stop sign","02 - Intersection related","07 - Dark","03 - P.D. only","05 - Turning movement"
"9342","LEBOUTILLIER AVE btwn DEN HAAG DR & LEBOUTILLIER AVE/DANAC PRIV","372513.26100","5034106.85700","-75.63441","45.44361","2017","12/21/2017","3:12:00 PM","01 - Clear","01 - Dry","10 - No control","04 - At/near private drive","01 - Daylight","03 - P.D. only","02 - Angle"
"9343","LEBRETON ST    N btwn GLADSTONE AVE & LOUISA ST","366895.44432","5029831.32808","-75.70676","45.40566","2017","9/11/2017","10:00:00 AM","01 - Clear","01 - Dry","10 - No control","04 - At/near private drive","01 - Daylight","03 - P.D. only","06 - SMV unattended vehicle"
"9344","LEBRETON ST    N btwn LOUISA ST & ARLINGTON AVE","366911.35335","5029791.39130","-75.70656","45.40530","2017","4/16/2017","12:00:00 AM","01 - Clear","01 - Dry","10 - No control","01 - Non intersection","00 - Unknown","03 - P.D. only","06 - SMV unattended vehicle"
"9345","LEBRETON ST @ RAYMOND ST","366959.69520","5029681.83314","-75.70596","45.40431","2017","7/25/2017","4:12:00 PM","01 - Clear","01 - Dry","02 - Stop sign","02 - Intersection related","01 - Daylight","03 - P.D. only","04 - Sideswipe"
"9346","LEBRETON ST @ SOMERSET ST","366682.02835","5030318.89810","-75.70942","45.41007","2017","5/8/2017","12:19:00 PM","03 - Snow","02 - Wet","02 - Stop sign","03 - At intersection","01 - Daylight","03 - P.D. only","02 - Angle"
"9347","LEBRETON ST @ SOMERSET ST","366681.69390","5030320.69270","-75.70943","45.41009","2017","1/19/2017","10:26:00 AM","01 - Clear","02 - Wet","02 - Stop sign","02 - Intersection related","01 - Daylight","03 - P.D. only","04 - Sideswipe"
"9348","LEBRUN ST btwn MICHEL CIRC & DES PERES BLANCS AVE","370205.88558","5034042.65196","-75.66391","45.44326","2017","11/15/2017","7:30:00 AM","01 - Clear","01 - Dry","10 - No control","01 - Non intersection","01 - Daylight","03 - P.D. only","06 - SMV unattended vehicle"
"9349","LEDBURY AVE @ BANK ST EXTENSION NB","370666.29416","5025286.59377","-75.65920","45.36443","2017","10/26/2017","4:40:00 PM","01 - Clear","01 - Dry","02 - Stop sign","02 - Intersection related","01 - Daylight","03 - P.D. only","07 - SMV other"
"9350","LEDBURY AVE btwn BANK ST & BANFF AVE","370753.89236","5025336.21183","-75.65807","45.36487","2017","4/12/2017","2:02:00 PM","01 - Clear","01 - Dry","10 - No control","01 - Non intersection","01 - Daylight","03 - P.D. only","06 - SMV unattended vehicle"
"9351","LEEDS AVE @ SHEFFIELD RD","374862.73700","5029550.54990","-75.60503","45.40239","2017","5/26/2017","6:48:00 PM","01 - Clear","02 - Wet","03 - Yield sign","03 - At intersection","01 - Daylight","02 - Non-fatal injury","02 - Angle"
"9352","LEEDS AVE @ SHEFFIELD RD","374862.73960","5029549.47405","-75.60503","45.40238","2017","8/22/2017","1:56:00 PM","01 - Clear","01 - Dry","03 - Yield sign","03 - At intersection","01 - Daylight","02 - Non-fatal injury","02 - Angle"
"9353","LEEDS AVE btwn BLACKWELL ST & SHEFFIELD RD","374687.83089","5029484.56236","-75.60727","45.40181","2017","6/8/2017","5:08:00 PM","01 - Clear","01 - Dry","10 - No control","04 - At/near private drive","01 - Daylight","02 - Non-fatal injury","02 - Angle"
"9354","LEEDS AVE btwn BLACKWELL ST & SHEFFIELD RD","374757.71338","5029509.51869","-75.60638","45.40203","2017","2/27/2017","10:58:00 AM","01 - Clear","01 - Dry","10 - No control","04 - At/near private drive","01 - Daylight","03 - P.D. only","02 - Angle"
"9355","LEES AVE / GRAHAM AVE @ MAIN ST","369001.97622","5030561.26830","-75.67976","45.41204","2017","8/8/2017","8:40:00 PM","01 - Clear","01 - Dry","01 - Traffic signal","03 - At intersection","05 - Dusk","02 - Non-fatal injury","05 - Turning movement"
"9356","LEES AVE / GRAHAM AVE @ MAIN ST","369001.66150","5030559.84047","-75.67976","45.41203","2017","11/15/2017","8:31:00 AM","01 - Clear","01 - Dry","01 - Traffic signal","03 - At intersection","01 - Daylight","03 - P.D. only","02 - Angle"
"9357","LEES AVE @  TRANSITWAY/HWY 417 NICHOLAS IC118R","369365.90012","5031280.67418","-75.67501","45.41848","2017","9/21/2017","6:25:00 PM","01 - Clear","01 - Dry","01 - Traffic signal","02 - Intersection related","01 - Daylight","03 - P.D. only","03 - Rear end"
"9358","LEES AVE @  TRANSITWAY/HWY 417 NICHOLAS IC118R","369366.47754","5031279.16080","-75.67501","45.41847","2017","5/31/2017","9:50:00 AM","01 - Clear","01 - Dry","01 - Traffic signal","03 - At intersection","01 - Daylight","03 - P.D. only","05 - Turning movement"
"9359","LEES AVE @  TRANSITWAY/HWY 417 NICHOLAS IC118R","369367.23026","5031283.26300","-75.67500","45.41851","2017","1/7/2017","10:05:00 AM","01 - Clear","06 - Ice","01 - Traffic signal","02 - Intersection related","01 - Daylight","03 - P.D. only","03 - Rear end"
"9360","LEES AVE @ KING EDWARD AVE/MANN AVE","369179.24916","5031335.42144","-75.67739","45.41899","2017","5/12/2017","2:49:00 PM","01 - Clear","01 - Dry","01 - Traffic signal","02 - Intersection related","01 - Daylight","03 - P.D. only","03 - Rear end"
"9361","LEES AVE @ KING EDWARD AVE/MANN AVE","369178.88895","5031334.78603","-75.67739","45.41899","2017","9/2/2017","1:12:00 PM","01 - Clear","01 - Dry","01 - Traffic signal","02 - Intersection related","01 - Daylight","03 - P.D. only","03 - Rear end"
"9362","LEES AVE @ KING EDWARD AVE/MANN AVE","369179.20393","5031334.82247","-75.67739","45.41899","2017","8/9/2017","12:00:00 AM","01 - Clear","01 - Dry","01 - Traffic signal","02 - Intersection related","00 - Unknown","03 - P.D. only","06 - SMV unattended vehicle"
"9363","LEES AVE @ KING EDWARD AVE/MANN AVE","369179.38648","5031333.72334","-75.67739","45.41898","2017","9/6/2017","7:35:00 PM","01 - Clear","01 - Dry","01 - Traffic signal","02 - Intersection related","05 - Dusk","03 - P.D. only","03 - Rear end"
"9364","LEES AVE @ KING EDWARD AVE/MANN AVE","369178.95935","5031334.88421","-75.67739","45.41899","2017","11/1/2017","11:20:00 PM","02 - Rain","02 - Wet","01 - Traffic signal","03 - At intersection","07 - Dark","03 - P.D. only","03 - Rear end"
"9365","LEES AVE @ KING EDWARD AVE/MANN AVE","369178.86686","5031335.14582","-75.67740","45.41899","2017","12/15/2017","1:27:00 PM","01 - Clear","01 - Dry","01 - Traffic signal","02 - Intersection related","01 - Daylight","03 - P.D. only","04 - Sideswipe"
"9366","LEES AVE @ KING EDWARD AVE/MANN AVE","369178.54492","5031335.54193","-75.67740","45.41899","2017","4/4/2017","6:56:00 AM","02 - Rain","02 - Wet","01 - Traffic signal","03 - At intersection","01 - Daylight","03 - P.D. only","04 - Sideswipe"
"9367","LEES AVE @ KING EDWARD AVE/MANN AVE","369178.81093","5031334.84188","-75.67740","45.41899","2017","3/7/2017","4:00:00 PM","01 - Clear","01 - Dry","01 - Traffic signal","02 - Intersection related","01 - Daylight","03 - P.D. only","99 - Other"
"9368","LEES AVE @ KING EDWARD AVE/MANN AVE","369179.05062","5031335.04100","-75.67739","45.41899","2017","3/10/2017","9:30:00 AM","01 - Clear","01 - Dry","01 - Traffic signal","02 - Intersection related","01 - Daylight","03 - P.D. only","03 - Rear end"
"9369","LEES AVE @ ROSEMERE AVE","369183.02531","5030662.21215","-75.67743","45.41293","2017","10/4/2017","3:22:00 PM","01 - Clear","01 - Dry","02 - Stop sign","02 - Intersection related","01 - Daylight","03 - P.D. only","04 - Sideswipe"