"Record","Location","X","Y","Longitude","Latitude","Year","Date","Time","Environment","Road_Surface","Traffic_Control","Collision_Location","Light","Collision_Classification","Impact_type"
"9370","LEES AVE btwn CHESTNUT ST & HWY417 IC118 RAMP45","369391.75618","5030792.88518","-75.67475","45.41409","2017","9/1/2017","7:45:00 AM","01 - Clear","01 - Dry","10 - No control","04 - At/near private drive","01 - Daylight","03 - P.D. only","02 - Angle"
"9371","LEES AVE btwn CHESTNUT ST & HWY417 IC118 RAMP45","369442.11786","5030822.69592","-75.67410","45.41435","2017","2/16/2017","3:17:00 PM","01 - Clear","02 - Wet","10 - No control","04 - At/near private drive","01 - Daylight","03 - P.D. only","05 - Turning movement"
"9372","LEES AVE btwn CHESTNUT ST & HWY417 IC118 RAMP45","369403.07554","5030799.62207","-75.67460","45.41415","2017","2/27/2017","3:30:00 PM","01 - Clear","01 - Dry","10 - No control","01 - Non intersection","01 - Daylight","03 - P.D. only","06 - SMV unattended vehicle"
"9373","LEES AVE btwn HWY417 IC118 RAMP45 & TRANSIT","369630.73792","5030931.68677","-75.67168","45.41532","2017","6/17/2017","12:00:00 AM","01 - Clear","01 - Dry","10 - No control","01 - Non intersection","00 - Unknown","03 - P.D. only","06 - SMV unattended vehicle"
"9374","LEES AVE btwn HWY417 IC118 RAMP45 & TRANSIT","369622.25702","5030928.96181","-75.67178","45.41529","2017","10/26/2017","6:03:00 PM","01 - Clear","01 - Dry","10 - No control","01 - Non intersection","05 - Dusk","03 - P.D. only","03 - Rear end"
"9375","LEES AVE btwn HWY417 IC118 RAMP45 & TRANSIT","369641.91488","5030941.63267","-75.67153","45.41541","2017","11/9/2017","6:07:00 PM","02 - Rain","02 - Wet","10 - No control","01 - Non intersection","07 - Dark","02 - Non-fatal injury","07 - SMV other"
"9376","LEES AVE btwn MAIN ST & ROSEMERE AVE","369108.95030","5030620.10479","-75.67838","45.41256","2017","6/15/2017","7:58:00 PM","01 - Clear","01 - Dry","10 - No control","04 - At/near private drive","01 - Daylight","03 - P.D. only","02 - Angle"
"9377","LEES AVE btwn MAIN ST & ROSEMERE AVE","369117.24623","5030625.72753","-75.67828","45.41261","2017","9/26/2017","11:15:00 PM","01 - Clear","01 - Dry","10 - No control","04 - At/near private drive","07 - Dark","02 - Non-fatal injury","07 - SMV other"
"9378","LEES AVE btwn TRANSIT & CHAPEL CRES (1)","369795.18194","5031048.43457","-75.66956","45.41635","2017","9/24/2017","4:20:00 PM","01 - Clear","01 - Dry","10 - No control","01 - Non intersection","01 - Daylight","03 - P.D. only","03 - Rear end"
"9379","LEES AVE btwn TRANSIT & CHAPEL CRES (1)","369755.93395","5031278.39096","-75.67003","45.41843","2017","1/30/2017","4:17:00 PM","01 - Clear","01 - Dry","10 - No control","01 - Non intersection","01 - Daylight","03 - P.D. only","01 - Approaching"
"9380","LEGACY RD @ SWANSEA CRES","374580.74314","5027374.21150","-75.60894","45.38283","2017","11/20/2017","8:36:00 PM","01 - Clear","01 - Dry","02 - Stop sign","02 - Intersection related","07 - Dark","03 - P.D. only","03 - Rear end"
"9381","LEGGET DR @ HERZBERG RD","351866.45220","5022704.07717","-75.89941","45.34270","2017","12/15/2017","9:38:00 AM","03 - Snow","06 - Ice","02 - Stop sign","02 - Intersection related","01 - Daylight","03 - P.D. only","03 - Rear end"
"9382","LEGGET DR @ SOLANDT RD","350653.91125","5022880.17760","-75.91487","45.34437","2017","11/2/2017","5:32:00 PM","02 - Rain","02 - Wet","01 - Traffic signal","03 - At intersection","07 - Dark","03 - P.D. only","02 - Angle"
"9383","LEGGET DR @ TERRY FOX DR","350176.14443","5023445.20336","-75.92091","45.34948","2017","10/25/2017","12:02:00 AM","02 - Rain","02 - Wet","02 - Stop sign","03 - At intersection","07 - Dark","03 - P.D. only","03 - Rear end"
"9384","LEGGET DR btwn FARRAR RD & HERZBERG RD","351840.93274","5022695.21218","-75.89974","45.34263","2017","8/18/2017","3:13:00 AM","02 - Rain","02 - Wet","10 - No control","01 - Non intersection","07 - Dark","03 - P.D. only","07 - SMV other"
"9385","LEIKIN DR @ MERIVALE RD","367130.37315","5018261.80410","-75.70522","45.30154","2017","10/31/2017","2:34:00 PM","01 - Clear","01 - Dry","01 - Traffic signal","03 - At intersection","01 - Daylight","02 - Non-fatal injury","02 - Angle"
"9386","LEIKIN DR @ MERIVALE RD","367131.04205","5018263.81079","-75.70521","45.30156","2017","11/2/2017","9:04:00 AM","02 - Rain","02 - Wet","01 - Traffic signal","02 - Intersection related","01 - Daylight","02 - Non-fatal injury","07 - SMV other"
"9387","LEIKIN DR btwn BECKSTEAD RD & BILL LEATHEM DR","367049.78915","5017687.99967","-75.70632","45.29639","2017","1/5/2017","1:50:00 PM","04 - Freezing Rain","06 - Ice","10 - No control","01 - Non intersection","01 - Daylight","03 - P.D. only","03 - Rear end"
"9388","LEIKIN DR btwn HOLITZNER WAY & CRESTWAY DR","366777.06092","5017316.85075","-75.70984","45.29307","2017","12/13/2017","4:35:00 PM","03 - Snow","03 - Loose snow","10 - No control","01 - Non intersection","05 - Dusk","03 - P.D. only","07 - SMV other"
"9389","LEITRIM RD @ ALBION RD","373498.86715","5020419.26120","-75.62372","45.32036","2017","8/17/2017","2:29:00 PM","01 - Clear","01 - Dry","01 - Traffic signal","02 - Intersection related","01 - Daylight","02 - Non-fatal injury","05 - Turning movement"
"9390","LEITRIM RD @ ALBION RD","373497.10720","5020419.50015","-75.62374","45.32036","2017","9/20/2017","8:45:00 PM","01 - Clear","01 - Dry","01 - Traffic signal","03 - At intersection","07 - Dark","03 - P.D. only","05 - Turning movement"
"9391","LEITRIM RD @ ALBION RD","373493.89497","5020422.94162","-75.62378","45.32040","2017","10/17/2017","6:58:00 AM","01 - Clear","01 - Dry","01 - Traffic signal","02 - Intersection related","03 - Dawn","02 - Non-fatal injury","07 - SMV other"
"9392","LEITRIM RD @ ALBION RD","373493.89497","5020418.20425","-75.62378","45.32035","2017","11/23/2017","12:13:00 PM","01 - Clear","01 - Dry","01 - Traffic signal","02 - Intersection related","01 - Daylight","03 - P.D. only","03 - Rear end"
"9393","LEITRIM RD @ ALBION RD","373496.08416","5020418.88597","-75.62376","45.32036","2017","2/11/2017","2:17:00 PM","01 - Clear","02 - Wet","01 - Traffic signal","03 - At intersection","01 - Daylight","03 - P.D. only","02 - Angle"
"9394","LEITRIM RD @ ALBION RD","373497.58510","5020419.80765","-75.62374","45.32037","2017","1/18/2017","8:42:00 AM","03 - Snow","02 - Wet","01 - Traffic signal","02 - Intersection related","01 - Daylight","03 - P.D. only","02 - Angle"
"9395","LEITRIM RD @ ALBION RD","373501.79059","5020421.36250","-75.62368","45.32038","2017","2/17/2017","4:40:00 PM","01 - Clear","01 - Dry","01 - Traffic signal","03 - At intersection","01 - Daylight","03 - P.D. only","05 - Turning movement"
"9396","LEITRIM RD @ ALBION RD","373493.89497","5020422.94162","-75.62378","45.32040","2017","3/6/2017","7:40:00 PM","04 - Freezing Rain","06 - Ice","01 - Traffic signal","02 - Intersection related","07 - Dark","03 - P.D. only","03 - Rear end"
"9397","LEITRIM RD @ ALBION RD","373497.25065","5020421.26789","-75.62374","45.32038","2017","3/24/2017","8:15:00 PM","03 - Snow","03 - Loose snow","01 - Traffic signal","02 - Intersection related","07 - Dark","03 - P.D. only","03 - Rear end"
"9398","LEITRIM RD @ LIMEBANK RD S","369356.07816","5017876.47796","-75.67689","45.29788","2017","5/25/2017","10:20:00 AM","01 - Clear","01 - Dry","01 - Traffic signal","02 - Intersection related","01 - Daylight","03 - P.D. only","03 - Rear end"
"9399","LEITRIM RD @ LIMEBANK RD S","369355.71640","5017878.17586","-75.67689","45.29789","2017","10/25/2017","6:20:00 PM","01 - Clear","01 - Dry","01 - Traffic signal","02 - Intersection related","05 - Dusk","02 - Non-fatal injury","03 - Rear end"
"9400","LEITRIM RD @ LIMEBANK RD S","369357.43314","5017876.60743","-75.67687","45.29788","2017","1/10/2017","9:15:00 AM","01 - Clear","01 - Dry","01 - Traffic signal","02 - Intersection related","01 - Daylight","03 - P.D. only","03 - Rear end"
"9401","LEITRIM RD @ LIMEBANK RD S","369354.76061","5017876.74895","-75.67691","45.29788","2017","12/20/2017","7:30:00 AM","01 - Clear","02 - Wet","01 - Traffic signal","02 - Intersection related","03 - Dawn","03 - P.D. only","03 - Rear end"
"9402","LEITRIM RD @ RIVER RD","368021.37544","5017177.45820","-75.69399","45.29171","2017","6/9/2017","6:00:00 PM","01 - Clear","08 - Loose sand or gravel","02 - Stop sign","03 - At intersection","01 - Daylight","03 - P.D. only","99 - Other"
"9403","LEITRIM RD @ RIVER RD","368021.12332","5017176.74814","-75.69400","45.29170","2017","8/18/2017","5:14:00 AM","02 - Rain","02 - Wet","02 - Stop sign","02 - Intersection related","07 - Dark","02 - Non-fatal injury","05 - Turning movement"
"9404","LEITRIM RD @ RIVER RD","368020.03765","5017177.45820","-75.69401","45.29171","2017","11/16/2017","9:30:00 PM","02 - Rain","02 - Wet","02 - Stop sign","03 - At intersection","07 - Dark","03 - P.D. only","02 - Angle"
"9405","LEITRIM RD @ RIVER RD","368019.70320","5017177.83343","-75.69402","45.29171","2017","2/12/2017","1:32:00 PM","03 - Snow","03 - Loose snow","02 - Stop sign","02 - Intersection related","01 - Daylight","02 - Non-fatal injury","03 - Rear end"
"9406","LEITRIM RD btwn 810 W OF HAWTHORNE & BANK ST","376962.66215","5022661.96689","-75.57922","45.34019","2017","9/29/2017","4:00:00 PM","01 - Clear","01 - Dry","10 - No control","01 - Non intersection","01 - Daylight","03 - P.D. only","07 - SMV other"
"9407","LEITRIM RD btwn 810 W OF HAWTHORNE & BANK ST","376797.73703","5022456.81401","-75.58135","45.33836","2017","2/16/2017","7:15:00 AM","03 - Snow","05 - Packed snow","10 - No control","04 - At/near private drive","01 - Daylight","03 - P.D. only","03 - Rear end"
"9408","LEITRIM RD btwn FENTON RD & ALBION RD","373654.81330","5020545.66502","-75.62171","45.32148","2017","12/12/2017","1:20:00 PM","03 - Snow","05 - Packed snow","10 - No control","01 - Non intersection","01 - Daylight","03 - P.D. only","99 - Other"
"9409","LEITRIM RD btwn FENTON RD & BANK ST","375330.66390","5021584.71449","-75.60019","45.33067","2017","5/5/2017","8:01:00 AM","02 - Rain","02 - Wet","10 - No control","01 - Non intersection","01 - Daylight","02 - Non-fatal injury","03 - Rear end"
"9410","LEITRIM RD btwn FENTON RD & BANK ST","374356.49802","5020967.80764","-75.61271","45.32521","2017","9/21/2017","3:52:00 PM","01 - Clear","01 - Dry","10 - No control","01 - Non intersection","01 - Daylight","03 - P.D. only","03 - Rear end"
"9411","LEITRIM RD btwn FENTON RD & BANK ST","375340.69734","5021608.12586","-75.60006","45.33088","2017","12/6/2017","6:54:00 AM","01 - Clear","01 - Dry","10 - No control","04 - At/near private drive","03 - Dawn","03 - P.D. only","02 - Angle"
"9412","LEITRIM RD btwn HAWTHORNE RD & RAMSAYVILLE RD","377767.82474","5023138.94588","-75.56887","45.34440","2017","3/24/2017","7:43:00 PM","03 - Snow","03 - Loose snow","10 - No control","01 - Non intersection","07 - Dark","03 - P.D. only","07 - SMV other"
"9413","LEITRIM RD btwn HIGH RD & ALBION RD","372347.28984","5019712.95285","-75.63850","45.31412","2017","12/12/2017","6:20:00 PM","03 - Snow","06 - Ice","10 - No control","01 - Non intersection","07 - Dark","02 - Non-fatal injury","07 - SMV other"
"9414","LEITRIM RD btwn HIGH RD & ALBION RD","372823.26162","5019990.98760","-75.63240","45.31657","2017","1/18/2017","12:01:00 PM","01 - Clear","02 - Wet","10 - No control","01 - Non intersection","01 - Daylight","03 - P.D. only","07 - SMV other"
"9415","LEITRIM RD btwn HIGH RD & ALBION RD","373455.55883","5020385.11486","-75.62428","45.32006","2017","1/9/2017","9:05:00 AM","01 - Clear","01 - Dry","10 - No control","04 - At/near private drive","01 - Daylight","03 - P.D. only","02 - Angle"
"9416","LEITRIM RD btwn HIGH RD & ALBION RD","372729.77069","5019933.63245","-75.63360","45.31607","2017","2/8/2017","12:17:00 AM","04 - Freezing Rain","06 - Ice","10 - No control","01 - Non intersection","07 - Dark","03 - P.D. only","07 - SMV other"
"9417","LEITRIM RD btwn HIGH RD & ALBION RD","373416.25875","5020355.97778","-75.62478","45.31980","2017","2/24/2017","3:26:00 PM","04 - Freezing Rain","06 - Ice","10 - No control","04 - At/near private drive","01 - Daylight","02 - Non-fatal injury","02 - Angle"
"9418","LEITRIM RD btwn HIGH RD & ALBION RD","372818.50987","5019990.48773","-75.63246","45.31657","2017","12/19/2017","9:59:00 AM","04 - Freezing Rain","06 - Ice","10 - No control","01 - Non intersection","01 - Daylight","03 - P.D. only","03 - Rear end"
"9419","LEITRIM RD btwn LIMEBANK RD & HIGH RD","369727.31562","5018099.22043","-75.67213","45.29985","2017","6/15/2017","12:16:00 PM","01 - Clear","01 - Dry","10 - No control","01 - Non intersection","01 - Daylight","03 - P.D. only","07 - SMV other"
"9420","LEITRIM RD btwn LIMEBANK RD & HIGH RD","369613.48846","5018031.71198","-75.67359","45.29925","2017","1/23/2017","2:00:00 PM","01 - Clear","01 - Dry","10 - No control","01 - Non intersection","01 - Daylight","03 - P.D. only","07 - SMV other"
"9421","LEITRIM RD btwn LIMEBANK RD & HIGH RD","371416.26976","5019132.91569","-75.65045","45.30899","2017","12/28/2017","7:02:00 AM","05 - Drifting Snow","06 - Ice","10 - No control","01 - Non intersection","03 - Dawn","03 - P.D. only","07 - SMV other"
"9422","LEITRIM RD btwn RAMSAYVILLE RD & ANDERSON RD","380388.48982","5024857.66848","-75.53517","45.35959","2017","3/31/2017","11:45:00 PM","03 - Snow","03 - Loose snow","10 - No control","01 - Non intersection","07 - Dark","03 - P.D. only","07 - SMV other"
"9423","LEITRIM RD btwn RIVER RD & LIMEBANK RD","368969.20430","5017735.72288","-75.68184","45.29664","2017","3/14/2017","11:30:00 PM","03 - Snow","03 - Loose snow","10 - No control","01 - Non intersection","07 - Dark","03 - P.D. only","07 - SMV other"
"9424","LEITRIM RD W @ RUSSELL RD","382610.72745","5026166.19492","-75.50661","45.37112","2017","2/11/2017","6:40:00 AM","03 - Snow","03 - Loose snow","02 - Stop sign","02 - Intersection related","03 - Dawn","03 - P.D. only","07 - SMV other"
"9425","LEMIEUX ST @ ST. LAURENT BLVD","372392.72804","5031743.90219","-75.63628","45.42236","2017","5/5/2017","8:30:00 AM","02 - Rain","02 - Wet","01 - Traffic signal","02 - Intersection related","01 - Daylight","03 - P.D. only","04 - Sideswipe"
"9426","LEMIEUX ST @ ST. LAURENT BLVD","372390.72136","5031743.23330","-75.63630","45.42236","2017","5/9/2017","8:47:00 PM","01 - Clear","01 - Dry","01 - Traffic signal","02 - Intersection related","07 - Dark","03 - P.D. only","04 - Sideswipe"
"9427","LEMIEUX ST @ ST. LAURENT BLVD","372391.96121","5031742.49386","-75.63629","45.42235","2017","5/26/2017","1:22:00 PM","01 - Clear","01 - Dry","01 - Traffic signal","02 - Intersection related","01 - Daylight","03 - P.D. only","03 - Rear end"
"9428","LEMIEUX ST @ ST. LAURENT BLVD","372391.72602","5031742.56339","-75.63629","45.42235","2017","8/14/2017","5:42:00 PM","01 - Clear","01 - Dry","01 - Traffic signal","02 - Intersection related","01 - Daylight","03 - P.D. only","03 - Rear end"
"9429","LEMIEUX ST @ ST. LAURENT BLVD","372390.76891","5031742.32545","-75.63630","45.42235","2017","9/5/2017","4:40:00 PM","01 - Clear","01 - Dry","01 - Traffic signal","03 - At intersection","01 - Daylight","03 - P.D. only","05 - Turning movement"
"9430","LEMIEUX ST @ ST. LAURENT BLVD","372392.67145","5031743.74783","-75.63628","45.42236","2017","10/28/2017","6:45:00 PM","01 - Clear","01 - Dry","01 - Traffic signal","03 - At intersection","05 - Dusk","03 - P.D. only","03 - Rear end"
"9431","LEMIEUX ST @ ST. LAURENT BLVD","372391.72470","5031743.75914","-75.63629","45.42236","2017","11/4/2017","5:15:00 PM","03 - Snow","02 - Wet","01 - Traffic signal","02 - Intersection related","05 - Dusk","03 - P.D. only","04 - Sideswipe"
"9432","LEMIEUX ST @ ST. LAURENT BLVD","372391.65410","5031742.70445","-75.63629","45.42235","2017","1/31/2017","11:00:00 AM","01 - Clear","01 - Dry","01 - Traffic signal","02 - Intersection related","01 - Daylight","03 - P.D. only","03 - Rear end"
"9433","LEMIEUX ST @ ST. LAURENT BLVD","372390.97423","5031743.69010","-75.63630","45.42236","2017","2/15/2017","8:17:00 AM","03 - Snow","05 - Packed snow","01 - Traffic signal","03 - At intersection","01 - Daylight","03 - P.D. only","02 - Angle"
"9434","LEMIEUX ST @ ST. LAURENT BLVD","372390.34577","5031743.45164","-75.63631","45.42236","2017","4/10/2017","6:32:00 PM","01 - Clear","01 - Dry","01 - Traffic signal","02 - Intersection related","01 - Daylight","03 - P.D. only","03 - Rear end"
"9435","LEMIEUX ST @ ST. LAURENT BLVD","372391.72470","5031742.32771","-75.63629","45.42235","2017","12/18/2017","12:10:00 PM","03 - Snow","04 - Slush","01 - Traffic signal","03 - At intersection","01 - Daylight","03 - P.D. only","05 - Turning movement"
"9436","LEMIEUX ST @ ST. LAURENT BLVD","372392.19807","5031742.80109","-75.63629","45.42235","2017","12/15/2017","5:00:00 PM","01 - Clear","01 - Dry","01 - Traffic signal","03 - At intersection","07 - Dark","03 - P.D. only","05 - Turning movement"
"9437","LEMIEUX ST btwn JOSEPH CYR ST & RAMP","372507.44035","5031742.70813","-75.63481","45.42234","2017","11/2/2017","9:23:00 AM","02 - Rain","02 - Wet","10 - No control","04 - At/near private drive","01 - Daylight","03 - P.D. only","02 - Angle"
"9438","LENESTER AVE @ MAITLAND AVE","363078.95040","5026145.60120","-75.75594","45.37283","2017","6/14/2017","1:05:00 PM","01 - Clear","01 - Dry","02 - Stop sign","03 - At intersection","01 - Daylight","02 - Non-fatal injury","03 - Rear end"
"9439","LENESTER AVE @ MAITLAND AVE","363078.68790","5026148.40027","-75.75595","45.37285","2017","1/11/2017","4:38:00 PM","01 - Clear","02 - Wet","02 - Stop sign","03 - At intersection","05 - Dusk","02 - Non-fatal injury","02 - Angle"
"9440","LENESTER AVE @ MAITLAND AVE","363079.56011","5026146.65334","-75.75594","45.37284","2017","2/17/2017","1:28:00 PM","01 - Clear","01 - Dry","02 - Stop sign","03 - At intersection","01 - Daylight","03 - P.D. only","02 - Angle"
"9441","LENESTER AVE @ MAITLAND AVE","363079.35145","5026145.33783","-75.75594","45.37283","2017","1/10/2017","11:45:00 AM","01 - Clear","02 - Wet","02 - Stop sign","02 - Intersection related","01 - Daylight","02 - Non-fatal injury","01 - Approaching"
"9442","LENNOX ST @ PERTH ST","356634.13650","5006155.10515","-75.84031","45.19346","2017","9/5/2017","4:00:00 PM","01 - Clear","01 - Dry","02 - Stop sign","03 - At intersection","01 - Daylight","02 - Non-fatal injury","02 - Angle"
"9443","LENNOX ST btwn BURKE ST & OTTAWA ST","357524.54159","5005161.77025","-75.82908","45.18445","2017","6/27/2017","3:30:00 AM","01 - Clear","01 - Dry","10 - No control","01 - Non intersection","07 - Dark","03 - P.D. only","06 - SMV unattended vehicle"
"9444","LENNOX ST btwn STRACHAN ST & END","357141.86844","5005584.54038","-75.83391","45.18829","2017","11/3/2017","9:53:00 PM","01 - Clear","01 - Dry","10 - No control","01 - Non intersection","07 - Dark","02 - Non-fatal injury","07 - SMV other"
"9445","LEONARD AVE @ GROVE AVE","368476.27392","5028151.66325","-75.68678","45.39041","2017","10/28/2017","10:36:00 AM","01 - Clear","01 - Dry","02 - Stop sign","03 - At intersection","01 - Daylight","02 - Non-fatal injury","07 - SMV other"
"9446","LEONARD AVE @ OSSINGTON AVE","368508.79262","5028090.40379","-75.68638","45.38986","2017","8/4/2017","12:42:00 PM","01 - Clear","01 - Dry","02 - Stop sign","03 - At intersection","01 - Daylight","03 - P.D. only","02 - Angle"
"9447","LEOPOLDS DR @ RIVERSIDE DR","368044.70380","5024049.51170","-75.69282","45.35354","2017","10/12/2017","3:10:00 PM","01 - Clear","01 - Dry","02 - Stop sign","03 - At intersection","01 - Daylight","02 - Non-fatal injury","02 - Angle"
"9448","LEOPOLDS DR @ RIVERSIDE DR","368044.25284","5024049.73718","-75.69282","45.35354","2017","12/23/2017","5:23:00 PM","03 - Snow","03 - Loose snow","02 - Stop sign","02 - Intersection related","07 - Dark","03 - P.D. only","03 - Rear end"
"9449","LEPAGE AVE btwn CAVAN ST & KIRKWOOD AVE","364668.62656","5026561.92329","-75.73560","45.37644","2017","3/15/2017","12:00:00 AM","03 - Snow","05 - Packed snow","10 - No control","01 - Non intersection","00 - Unknown","03 - P.D. only","06 - SMV unattended vehicle"
"9450","LEPAGE AVE btwn MCBRIDE ST & LARKIN ST","364382.98939","5026381.18906","-75.73927","45.37484","2017","5/26/2017","12:00:00 AM","01 - Clear","01 - Dry","10 - No control","01 - Non intersection","07 - Dark","03 - P.D. only","06 - SMV unattended vehicle"
"9451","LERNER WAY @ MISS OTTAWA ST","375847.29585","5034516.63306","-75.59174","45.44697","2017","2/13/2017","2:15:00 PM","01 - Clear","05 - Packed snow","02 - Stop sign","03 - At intersection","01 - Daylight","03 - P.D. only","02 - Angle"
"9452","LESTER RD btwn ALBION RD & UPLANDS DR","372272.08729","5022064.90376","-75.63914","45.33529","2017","1/27/2017","6:36:00 AM","01 - Clear","01 - Dry","10 - No control","01 - Non intersection","07 - Dark","02 - Non-fatal injury","03 - Rear end"
"9453","LESTER RD btwn ALBION RD & UPLANDS DR","371782.22621","5021867.69236","-75.64542","45.33356","2017","4/1/2017","2:37:00 AM","03 - Snow","04 - Slush","10 - No control","01 - Non intersection","07 - Dark","02 - Non-fatal injury","07 - SMV other"
"9454","LESTER RD btwn ALBION RD & UPLANDS DR","371355.39291","5021359.56285","-75.65093","45.32903","2017","12/29/2017","10:44:00 PM","01 - Clear","06 - Ice","10 - No control","01 - Non intersection","07 - Dark","02 - Non-fatal injury","01 - Approaching"
"9455","LETOURNEAU ST btwn CLENNING ST & BEATRICE DR","364915.51630","5016555.31944","-75.73366","45.28638","2017","10/10/2017","12:00:00 AM","01 - Clear","01 - Dry","10 - No control","01 - Non intersection","00 - Unknown","03 - P.D. only","06 - SMV unattended vehicle"
"9456","LETOURNEAU ST btwn CLENNING ST & BEATRICE DR","365000.24200","5016643.26500","-75.73257","45.28717","2017","9/21/2017","12:00:00 AM","01 - Clear","01 - Dry","10 - No control","01 - Non intersection","00 - Unknown","03 - P.D. only","06 - SMV unattended vehicle"
"9457","LETT ST btwn Continuation of LETT ST & END","366403.63942","5031070.08074","-75.71289","45.41685","2017","3/9/2017","1:27:00 PM","01 - Clear","01 - Dry","10 - No control","01 - Non intersection","01 - Daylight","03 - P.D. only","06 - SMV unattended vehicle"
"9458","LEVERTON RD btwn WEAVER CRES & WEAVER CRES","349930.44199","5020690.93891","-75.92430","45.32472","2017","4/29/2017","9:56:00 AM","01 - Clear","01 - Dry","10 - No control","01 - Non intersection","01 - Daylight","03 - P.D. only","06 - SMV unattended vehicle"
"9459","LEVIS AVE btwn OLMSTEAD ST & DUPUIS ST","370456.30121","5033139.99808","-75.66083","45.43511","2017","2/9/2017","6:00:00 PM","01 - Clear","02 - Wet","10 - No control","01 - Non intersection","07 - Dark","03 - P.D. only","06 - SMV unattended vehicle"
"9460","LEWIS ST @ METCALFE ST","368120.69725","5030924.38855","-75.69097","45.41539","2017","6/20/2017","2:00:00 PM","01 - Clear","01 - Dry","02 - Stop sign","02 - Intersection related","01 - Daylight","03 - P.D. only","04 - Sideswipe"
"9461","LEWIS ST @ METCALFE ST","368120.50023","5030924.33298","-75.69097","45.41539","2017","3/11/2017","2:38:00 PM","01 - Clear","01 - Dry","02 - Stop sign","02 - Intersection related","01 - Daylight","03 - P.D. only","05 - Turning movement"
"9462","LEWIS ST @ METCALFE ST","368121.04655","5030921.56861","-75.69096","45.41536","2017","2/20/2017","4:29:00 PM","01 - Clear","01 - Dry","02 - Stop sign","02 - Intersection related","01 - Daylight","03 - P.D. only","05 - Turning movement"
"9463","LEWIS ST @ METCALFE ST","368121.04655","5030924.24420","-75.69096","45.41539","2017","4/2/2017","10:47:00 AM","01 - Clear","01 - Dry","02 - Stop sign","03 - At intersection","01 - Daylight","02 - Non-fatal injury","05 - Turning movement"
"9464","LEWIS ST @ O'CONNOR ST","367967.70580","5030830.42829","-75.69293","45.41456","2017","7/29/2017","7:19:00 AM","01 - Clear","01 - Dry","02 - Stop sign","03 - At intersection","01 - Daylight","03 - P.D. only","02 - Angle"
"9465","LEWIS ST btwn BANK ST & DERBY PL","367848.54183","5030759.01221","-75.69447","45.41393","2017","2/7/2017","12:00:00 AM","01 - Clear","01 - Dry","10 - No control","01 - Non intersection","00 - Unknown","03 - P.D. only","06 - SMV unattended vehicle"
"9466","LICHEN AVE btwn CHAREST WAY & MARCHANT DR","385457.28641","5036665.08010","-75.46855","45.46526","2017","10/3/2017","12:00:00 AM","01 - Clear","01 - Dry","10 - No control","04 - At/near private drive","00 - Unknown","03 - P.D. only","06 - SMV unattended vehicle"
"9467","LICHEN AVE btwn CHAREST WAY & MARCHANT DR","385519.97228","5036689.83956","-75.46775","45.46547","2017","2/25/2017","1:15:00 PM","02 - Rain","02 - Wet","10 - No control","01 - Non intersection","01 - Daylight","03 - P.D. only","06 - SMV unattended vehicle"
"9468","LILLICO DR btwn ROYAL HUNT CRT & UPLANDS DR","370001.44763","5023225.50750","-75.66796","45.34595","2017","5/23/2017","7:25:00 PM","01 - Clear","01 - Dry","10 - No control","01 - Non intersection","01 - Daylight","03 - P.D. only","06 - SMV unattended vehicle"
"9469","LIMEBANK RD @ RIDEAU RD","370882.39325","5014019.43330","-75.65794","45.26303","2017","5/16/2017","10:55:00 AM","01 - Clear","01 - Dry","02 - Stop sign","03 - At intersection","01 - Daylight","02 - Non-fatal injury","02 - Angle"
"9470","LIMEBANK RD @ RIDEAU RD","370885.29758","5014019.43510","-75.65791","45.26303","2017","7/18/2017","1:00:00 PM","01 - Clear","01 - Dry","02 - Stop sign","03 - At intersection","01 - Daylight","03 - P.D. only","02 - Angle"
"9471","LIMEBANK RD @ RIDEAU RD","370881.44565","5014020.07433","-75.65796","45.26303","2017","8/6/2017","3:23:00 AM","01 - Clear","01 - Dry","02 - Stop sign","02 - Intersection related","07 - Dark","03 - P.D. only","07 - SMV other"
"9472","LIMEBANK RD @ SPRATT RD","369777.50880","5016879.74840","-75.67165","45.28887","2017","6/21/2017","3:45:00 PM","01 - Clear","01 - Dry","01 - Traffic signal","03 - At intersection","01 - Daylight","03 - P.D. only","02 - Angle"
"9473","LIMEBANK RD btwn EARL ARMSTRONG RD & RIDEAU RD","370850.28396","5014116.20338","-75.65834","45.26390","2017","12/23/2017","1:33:00 AM","03 - Snow","05 - Packed snow","10 - No control","01 - Non intersection","07 - Dark","03 - P.D. only","07 - SMV other"
"9474","LIMEBANK RD btwn RIDEAU RD & MITCH OWENS RD","371230.28245","5013088.43743","-75.65364","45.25462","2017","5/23/2017","2:30:00 PM","01 - Clear","01 - Dry","10 - No control","01 - Non intersection","01 - Daylight","02 - Non-fatal injury","07 - SMV other"
"9475","LIMEBANK RD btwn RIDEAU RD & MITCH OWENS RD","371290.52812","5012990.11152","-75.65288","45.25373","2017","1/2/2017","10:12:00 PM","01 - Clear","01 - Dry","10 - No control","01 - Non intersection","07 - Dark","03 - P.D. only","07 - SMV other"
"9476","LIMEBANK RD btwn RIDEAU RD & MITCH OWENS RD","371628.67584","5012201.18162","-75.64868","45.24660","2017","1/4/2017","6:41:00 PM","05 - Drifting Snow","06 - Ice","10 - No control","01 - Non intersection","07 - Dark","02 - Non-fatal injury","07 - SMV other"