"Record","Location","X","Y","Longitude","Latitude","Year","Date","Time","Environment","Road_Surface","Traffic_Control","Collision_Location","Light","Collision_Classification","Impact_type"
"9477","LIMEBANK RD btwn RIVER RD & BALMORAL DR","368451.10700","5020288.19827","-75.68812","45.31966","2017","3/24/2017","10:08:00 PM","03 - Snow","04 - Slush","10 - No control","01 - Non intersection","07 - Dark","03 - P.D. only","04 - Sideswipe"
"9478","LIMEBANK RD btwn TOM ROBERTS RD & LEITRIM RD","368609.70340","5019723.69045","-75.68617","45.31456","2017","7/31/2017","9:51:00 PM","01 - Clear","01 - Dry","10 - No control","01 - Non intersection","07 - Dark","03 - P.D. only","07 - SMV other"
"9479","LIMEBANK RD btwn TOM ROBERTS RD & LEITRIM RD","369243.23635","5018169.61827","-75.67829","45.30052","2017","3/24/2017","8:57:00 PM","03 - Snow","03 - Loose snow","10 - No control","01 - Non intersection","07 - Dark","03 - P.D. only","04 - Sideswipe"
"9480","LIMEBANK RD btwn TOM ROBERTS RD & LEITRIM RD","369247.74302","5018145.93822","-75.67823","45.30031","2017","3/24/2017","9:16:00 AM","03 - Snow","04 - Slush","10 - No control","01 - Non intersection","01 - Daylight","03 - P.D. only","07 - SMV other"
"9481","LINDA LOOP btwn SNOWBIRD LANE & JESSIE ST","334613.32762","5024460.08180","-76.11946","45.35945","2017","11/24/2017","7:30:00 PM","01 - Clear","01 - Dry","10 - No control","04 - At/near private drive","07 - Dark","03 - P.D. only","06 - SMV unattended vehicle"
"9482","LISBON ST btwn WINTERPORT WAY & WINTERPORT WAY","385329.42090","5037825.67577","-75.47000","45.47571","2017","5/25/2017","4:45:00 PM","02 - Rain","02 - Wet","10 - No control","01 - Non intersection","01 - Daylight","03 - P.D. only","01 - Approaching"
"9483","LISGAR RD @ ROCKCLIFFE PKWY","368352.46191","5035225.19211","-75.68745","45.45407","2017","6/23/2017","2:30:00 PM","01 - Clear","01 - Dry","03 - Yield sign","02 - Intersection related","01 - Daylight","03 - P.D. only","04 - Sideswipe"
"9484","LISGAR ST @ METCALFE ST","367915.58441","5031251.69718","-75.69355","45.41835","2017","6/25/2017","7:37:00 AM","01 - Clear","01 - Dry","01 - Traffic signal","03 - At intersection","01 - Daylight","03 - P.D. only","02 - Angle"
"9485","LISGAR ST @ O'CONNOR ST","367763.12762","5031160.45863","-75.69551","45.41755","2017","8/1/2017","9:21:00 AM","01 - Clear","01 - Dry","01 - Traffic signal","02 - Intersection related","01 - Daylight","03 - P.D. only","06 - SMV unattended vehicle"
"9486","LISGAR ST btwn BRONSON AVE & PERCY ST","366979.23813","5030687.52114","-75.70558","45.41336","2017","3/18/2017","12:00:00 AM","01 - Clear","01 - Dry","10 - No control","01 - Non intersection","00 - Unknown","03 - P.D. only","06 - SMV unattended vehicle"
"9487","LISGAR ST btwn ELGIN ST & CARTIER ST","368146.25375","5031387.78721","-75.69058","45.41956","2017","10/27/2017","12:00:00 AM","01 - Clear","01 - Dry","10 - No control","01 - Non intersection","00 - Unknown","03 - P.D. only","06 - SMV unattended vehicle"
"9488","LISGAR ST btwn METCALFE ST & ELGIN ST","368002.33562","5031302.23788","-75.69243","45.41880","2017","12/17/2017","1:11:00 PM","01 - Clear","03 - Loose snow","10 - No control","01 - Non intersection","01 - Daylight","03 - P.D. only","07 - SMV other"
"9489","LISGAR ST btwn O'CONNOR ST & METCALFE ST","367852.49770","5031212.12212","-75.69436","45.41800","2017","6/1/2017","2:30:00 PM","01 - Clear","01 - Dry","10 - No control","01 - Non intersection","01 - Daylight","03 - P.D. only","06 - SMV unattended vehicle"
"9490","LISGAR ST btwn O'CONNOR ST & METCALFE ST","367846.51121","5031207.58993","-75.69443","45.41796","2017","3/18/2017","2:41:00 AM","01 - Clear","01 - Dry","10 - No control","01 - Non intersection","07 - Dark","03 - P.D. only","04 - Sideswipe"
"9491","LIVERPOOL CRT @ NEWMARKET ST","373499.16310","5030382.47445","-75.62233","45.41001","2017","8/22/2017","5:30:00 PM","02 - Rain","02 - Wet","02 - Stop sign","02 - Intersection related","01 - Daylight","03 - P.D. only","03 - Rear end"
"9492","LIVERY ST btwn ASTURCON ST & TAPADERO AVE","352686.56200","5015270.57600","-75.88967","45.27576","2017","8/28/2017","12:00:00 AM","01 - Clear","01 - Dry","10 - No control","01 - Non intersection","00 - Unknown","03 - P.D. only","06 - SMV unattended vehicle"
"9493","LOCHABER AVE btwn DUCHESS AVE & KIRCHOFFER AVE","362748.82733","5028478.86772","-75.75988","45.39385","2017","9/20/2017","4:11:00 PM","01 - Clear","01 - Dry","10 - No control","04 - At/near private drive","01 - Daylight","03 - P.D. only","99 - Other"
"9494","LOCHELAND CRES btwn WITTINGHAM DR & DEIGHTON CRES","365818.41089","5016490.67998","-75.72216","45.28572","2017","5/19/2017","12:55:00 PM","01 - Clear","01 - Dry","10 - No control","01 - Non intersection","01 - Daylight","02 - Non-fatal injury","07 - SMV other"
"9495","LOCKHART AVE @ RICHMOND RD","361713.53785","5026843.31020","-75.77329","45.37922","2017","7/3/2017","9:40:00 PM","01 - Clear","01 - Dry","02 - Stop sign","03 - At intersection","07 - Dark","03 - P.D. only","05 - Turning movement"
"9496","LOCKHART AVE @ SAVILLE ROW","361931.10225","5026249.94393","-75.77058","45.37386","2017","12/13/2017","2:27:00 PM","01 - Clear","03 - Loose snow","02 - Stop sign","02 - Intersection related","01 - Daylight","03 - P.D. only","05 - Turning movement"
"9497","LOIRE DR btwn BOYER RD & TOURS PL","380696.29650","5036401.03638","-75.52947","45.46341","2017","12/3/2017","12:00:00 AM","01 - Clear","01 - Dry","10 - No control","01 - Non intersection","07 - Dark","03 - P.D. only","06 - SMV unattended vehicle"
"9498","LOLA ST @ DONALD ST","371094.68434","5032359.40950","-75.65278","45.42803","2017","6/22/2017","8:35:00 AM","01 - Clear","01 - Dry","01 - Traffic signal","03 - At intersection","01 - Daylight","03 - P.D. only","01 - Approaching"
"9499","LOLA ST @ DONALD ST","371094.72600","5032358.38926","-75.65278","45.42802","2017","12/15/2017","4:05:00 PM","03 - Snow","03 - Loose snow","01 - Traffic signal","02 - Intersection related","05 - Dusk","03 - P.D. only","02 - Angle"
"9500","LOLA ST @ KING GEORGE ST","371122.72080","5032113.90386","-75.65246","45.42581","2017","12/4/2017","5:35:00 AM","01 - Clear","01 - Dry","03 - Yield sign","03 - At intersection","07 - Dark","03 - P.D. only","02 - Angle"
"9501","LOLA ST btwn DONALD ST & COLUMBUS AVE","371101.42287","5032309.27841","-75.65270","45.42757","2017","5/30/2017","6:18:00 PM","01 - Clear","01 - Dry","10 - No control","01 - Non intersection","01 - Daylight","03 - P.D. only","06 - SMV unattended vehicle"
"9502","LOLA ST btwn QUEEN MARY ST & PRINCE ALBERT ST","371131.76883","5032029.18685","-75.65235","45.42505","2017","3/21/2017","12:15:00 PM","01 - Clear","01 - Dry","10 - No control","04 - At/near private drive","01 - Daylight","03 - P.D. only","02 - Angle"
"9503","LONDON TER btwn HEMLOCK RD & GEORGETON PRIV","371234.59103","5034908.10395","-75.65065","45.45094","2017","4/4/2017","12:00:00 AM","02 - Rain","02 - Wet","10 - No control","01 - Non intersection","00 - Unknown","03 - P.D. only","06 - SMV unattended vehicle"
"9504","LONGFIELDS DR @ MOUNTSHANNON DR E","364886.46378","5016801.21168","-75.73400","45.28860","2017","7/16/2017","2:19:00 AM","01 - Clear","01 - Dry","11 - Roundabout","02 - Intersection related","07 - Dark","03 - P.D. only","07 - SMV other"
"9505","LONGFIELDS DR @ PAUL METIVIER DR","364841.33400","5014200.43700","-75.73489","45.26520","2017","11/11/2017","2:20:00 PM","01 - Clear","01 - Dry","02 - Stop sign","03 - At intersection","01 - Daylight","03 - P.D. only","02 - Angle"
"9506","LONGFIELDS DR @ SILVER SAGE AVE","364506.05060","5016545.54720","-75.73888","45.28633","2017","10/21/2017","12:26:00 AM","01 - Clear","01 - Dry","02 - Stop sign","03 - At intersection","07 - Dark","03 - P.D. only","02 - Angle"
"9507","LONGFIELDS DR @ VIA MODUGNO PL","364072.32770","5016337.09910","-75.74444","45.28449","2017","6/15/2017","9:12:00 AM","01 - Clear","01 - Dry","02 - Stop sign","03 - At intersection","01 - Daylight","03 - P.D. only","07 - SMV other"
"9508","LONGFIELDS DR @ WOODROFFE AVE","365420.69653","5017107.65496","-75.72716","45.29131","2017","8/27/2017","12:02:00 PM","01 - Clear","01 - Dry","01 - Traffic signal","03 - At intersection","01 - Daylight","03 - P.D. only","05 - Turning movement"
"9509","LONGFIELDS DR @ WOODROFFE AVE","365420.83545","5017107.61380","-75.72715","45.29131","2017","6/30/2017","4:07:00 PM","02 - Rain","02 - Wet","01 - Traffic signal","02 - Intersection related","01 - Daylight","02 - Non-fatal injury","03 - Rear end"
"9510","LONGFIELDS DR @ WOODROFFE AVE","365422.84214","5017107.61380","-75.72713","45.29131","2017","10/30/2017","11:50:00 AM","01 - Clear","02 - Wet","01 - Traffic signal","02 - Intersection related","01 - Daylight","03 - P.D. only","99 - Other"
"9511","LONGFIELDS DR @ WOODROFFE AVE","365421.16990","5017106.23484","-75.72715","45.29130","2017","9/27/2017","3:05:00 PM","01 - Clear","01 - Dry","01 - Traffic signal","02 - Intersection related","01 - Daylight","03 - P.D. only","03 - Rear end"
"9512","LONGFIELDS DR @ WOODROFFE AVE","365422.84214","5017106.94490","-75.72713","45.29130","2017","11/24/2017","4:29:00 PM","01 - Clear","01 - Dry","01 - Traffic signal","03 - At intersection","05 - Dusk","03 - P.D. only","05 - Turning movement"
"9513","LONGFIELDS DR @ WOODROFFE AVE","365421.92918","5017104.38609","-75.72714","45.29128","2017","11/21/2017","4:31:00 PM","01 - Clear","01 - Dry","01 - Traffic signal","02 - Intersection related","05 - Dusk","02 - Non-fatal injury","03 - Rear end"
"9514","LONGFIELDS DR @ WOODROFFE AVE","365421.16990","5017106.94490","-75.72715","45.29130","2017","1/13/2017","5:30:00 PM","01 - Clear","01 - Dry","01 - Traffic signal","03 - At intersection","05 - Dusk","03 - P.D. only","03 - Rear end"
"9515","LONGFIELDS DR @ WOODROFFE AVE","365420.41943","5017106.56967","-75.72716","45.29130","2017","2/17/2017","11:29:00 AM","01 - Clear","01 - Dry","01 - Traffic signal","02 - Intersection related","01 - Daylight","03 - P.D. only","03 - Rear end"
"9516","LONGFIELDS DR @ WOODROFFE AVE","365421.16990","5017107.32013","-75.72715","45.29131","2017","2/7/2017","4:42:00 PM","04 - Freezing Rain","06 - Ice","01 - Traffic signal","02 - Intersection related","05 - Dusk","02 - Non-fatal injury","07 - SMV other"
"9517","LONGFIELDS DR @ WOODROFFE AVE","365421.16990","5017107.17038","-75.72715","45.29130","2017","2/14/2017","11:36:00 PM","03 - Snow","03 - Loose snow","01 - Traffic signal","02 - Intersection related","07 - Dark","03 - P.D. only","07 - SMV other"
"9518","LONGFIELDS DR @ WOODROFFE AVE","365421.92037","5017108.07060","-75.72714","45.29131","2017","3/25/2017","12:35:00 PM","01 - Clear","01 - Dry","01 - Traffic signal","02 - Intersection related","01 - Daylight","03 - P.D. only","03 - Rear end"
"9519","LONGFIELDS DR @ WOODROFFE AVE","365422.84214","5017107.61380","-75.72713","45.29131","2017","3/10/2017","9:11:00 AM","01 - Clear","01 - Dry","01 - Traffic signal","03 - At intersection","01 - Daylight","02 - Non-fatal injury","05 - Turning movement"
"9520","LONGFIELDS DR @ WOODROFFE AVE","365422.17324","5017106.94490","-75.72714","45.29130","2017","3/24/2017","9:28:00 AM","03 - Snow","03 - Loose snow","01 - Traffic signal","02 - Intersection related","01 - Daylight","03 - P.D. only","03 - Rear end"
"9521","LONGFIELDS DR @ WOODROFFE AVE","365420.69200","5017107.66175","-75.72716","45.29131","2017","12/15/2017","7:44:00 PM","01 - Clear","01 - Dry","01 - Traffic signal","03 - At intersection","07 - Dark","03 - P.D. only","05 - Turning movement"
"9522","LONGFIELDS DR @ WOODROFFE AVE","365420.69653","5017106.70821","-75.72716","45.29130","2017","12/25/2017","1:30:00 PM","03 - Snow","05 - Packed snow","01 - Traffic signal","03 - At intersection","01 - Daylight","03 - P.D. only","07 - SMV other"
"9523","LONGFIELDS DR btwn DEERCROFT AVE & STRANDHERD DR","364535.17538","5015197.45806","-75.73867","45.27420","2017","10/10/2017","8:10:00 PM","01 - Clear","01 - Dry","10 - No control","04 - At/near private drive","07 - Dark","02 - Non-fatal injury","03 - Rear end"
"9524","LONGFIELDS DR btwn HIGHBURY PARK DR & MOUNTSHANNON DR","364153.29596","5016404.44297","-75.74340","45.28509","2017","7/14/2017","5:16:00 PM","01 - Clear","01 - Dry","10 - No control","01 - Non intersection","01 - Daylight","03 - P.D. only","07 - SMV other"
"9525","LONGFIELDS DR btwn MOUNTSHANNON DR & WOODROFFE AVE","365336.90954","5017058.42419","-75.72823","45.29087","2017","12/12/2017","7:30:00 AM","03 - Snow","04 - Slush","10 - No control","04 - At/near private drive","03 - Dawn","03 - P.D. only","05 - Turning movement"
"9526","LONGSHADOW ST @ DOZOIS RD","371714.22175","5012015.20857","-75.64761","45.24492","2017","10/24/2017","8:23:00 AM","02 - Rain","02 - Wet","02 - Stop sign","03 - At intersection","01 - Daylight","03 - P.D. only","05 - Turning movement"
"9527","LONGWOOD AVE btwn HARWICK CRES & SYCAMORE DR","357717.20912","5020116.99941","-75.82504","45.31901","2017","8/8/2017","6:30:00 PM","01 - Clear","01 - Dry","10 - No control","01 - Non intersection","01 - Daylight","03 - P.D. only","06 - SMV unattended vehicle"
"9528","LORETTA AVE   S btwn LINDENPARK PRIV & CARLING AVE","366507.43565","5028854.82038","-75.71184","45.39691","2017","1/28/2017","10:17:00 AM","03 - Snow","05 - Packed snow","10 - No control","01 - Non intersection","01 - Daylight","03 - P.D. only","01 - Approaching"
"9529","LORNE AVE @ SOMERSET ST","366651.07244","5030303.36593","-75.70982","45.40993","2017","8/23/2017","4:36:00 PM","01 - Clear","01 - Dry","02 - Stop sign","02 - Intersection related","01 - Daylight","02 - Non-fatal injury","04 - Sideswipe"
"9530","LORNE AVE @ SOMERSET ST","366651.08403","5030304.21579","-75.70982","45.40994","2017","10/28/2017","1:37:00 PM","01 - Clear","01 - Dry","02 - Stop sign","02 - Intersection related","01 - Daylight","03 - P.D. only","04 - Sideswipe"
"9531","LORNE GREENE WAY btwn HOWE ST & DON ST","359835.39506","5025122.24493","-75.79747","45.36388","2017","6/28/2017","12:00:00 AM","01 - Clear","01 - Dry","10 - No control","01 - Non intersection","00 - Unknown","03 - P.D. only","06 - SMV unattended vehicle"
"9532","LORRAINE AVE btwn JEFFERSON ST & PALM ST","371939.59280","5027153.42169","-75.64269","45.38110","2017","8/17/2017","7:59:00 AM","01 - Clear","01 - Dry","10 - No control","04 - At/near private drive","01 - Daylight","03 - P.D. only","06 - SMV unattended vehicle"
"9533","LORRY GREENBERG DR btwn BRAMBLEGROVE CRES & BRAMBLEGROVE CRES","373408.70276","5025706.39922","-75.62414","45.36794","2017","10/1/2017","7:44:00 AM","01 - Clear","01 - Dry","10 - No control","01 - Non intersection","03 - Dawn","03 - P.D. only","07 - SMV other"
"9534","LORRY GREENBERG DR btwn HEARTLEAF PRIV & HUNT CLUB RD","372814.03970","5024827.57169","-75.63185","45.36009","2017","10/28/2017","2:43:00 PM","01 - Clear","01 - Dry","10 - No control","04 - At/near private drive","01 - Daylight","03 - P.D. only","05 - Turning movement"
"9535","LORRY GREENBERG DR btwn HUNTER'S GLEN CRES & MARGRAVE AVE","372588.12884","5025173.69669","-75.63468","45.36323","2017","8/16/2017","5:45:00 PM","01 - Clear","01 - Dry","10 - No control","01 - Non intersection","01 - Daylight","03 - P.D. only","02 - Angle"
"9536","LOTTA AVE btwn PENDER ST & ST. HELEN'S PL","364296.93205","5024378.03358","-75.74061","45.35682","2017","12/12/2017","3:30:00 PM","03 - Snow","03 - Loose snow","10 - No control","01 - Non intersection","01 - Daylight","02 - Non-fatal injury","07 - SMV other"
"9537","LOTTA AVE btwn ST. HELEN'S PL & CLYDE AVE","364483.36968","5024489.62644","-75.73821","45.35781","2017","11/24/2017","2:27:00 PM","01 - Clear","01 - Dry","10 - No control","04 - At/near private drive","01 - Daylight","03 - P.D. only","04 - Sideswipe"
"9538","LOUISA ST @ PRESTON ST","366524.37154","5029637.89240","-75.71152","45.40396","2017","5/1/2017","5:30:00 PM","02 - Rain","02 - Wet","02 - Stop sign","03 - At intersection","01 - Daylight","02 - Non-fatal injury","05 - Turning movement"
"9539","LOUISA ST btwn PRESTON ST & END","366457.02766","5029609.52467","-75.71239","45.40371","2017","10/17/2017","12:00:00 AM","01 - Clear","01 - Dry","10 - No control","01 - Non intersection","00 - Unknown","03 - P.D. only","06 - SMV unattended vehicle"
"9540","LOWEN DR @ RIVER RD","367924.71264","5017625.79919","-75.69517","45.29575","2017","5/16/2017","5:48:00 PM","01 - Clear","01 - Dry","02 - Stop sign","02 - Intersection related","01 - Daylight","03 - P.D. only","03 - Rear end"
"9541","LUMBERMAN WAY @ ORLEANS BLVD","380451.25670","5037241.83425","-75.53247","45.47101","2017","9/19/2017","9:30:00 AM","01 - Clear","01 - Dry","02 - Stop sign","03 - At intersection","01 - Daylight","02 - Non-fatal injury","02 - Angle"
"9542","LUMBERMAN WAY @ ORLEANS BLVD","380451.40015","5037241.59530","-75.53247","45.47100","2017","11/26/2017","7:20:00 PM","03 - Snow","03 - Loose snow","02 - Stop sign","02 - Intersection related","07 - Dark","03 - P.D. only","03 - Rear end"
"9543","LYNDA LANE @ SMYTH RD","371611.72240","5029191.78705","-75.64660","45.39948","2017","12/8/2017","9:01:00 AM","01 - Clear","01 - Dry","02 - Stop sign","03 - At intersection","01 - Daylight","03 - P.D. only","05 - Turning movement"
"9544","LYNDA LANE @ SMYTH RD","371610.77565","5029190.83804","-75.64662","45.39947","2017","1/17/2017","3:49:00 PM","01 - Clear","01 - Dry","02 - Stop sign","03 - At intersection","01 - Daylight","02 - Non-fatal injury","03 - Rear end"
"9545","LYNDA LANE @ SMYTH RD","371614.19154","5029194.01724","-75.64657","45.39950","2017","2/17/2017","12:00:00 AM","01 - Clear","05 - Packed snow","02 - Stop sign","02 - Intersection related","00 - Unknown","03 - P.D. only","06 - SMV unattended vehicle"
"9546","LYNDA LANE @ SMYTH RD","371612.05685","5029191.54810","-75.64660","45.39947","2017","3/27/2017","2:01:00 PM","02 - Rain","02 - Wet","02 - Stop sign","03 - At intersection","01 - Daylight","02 - Non-fatal injury","02 - Angle"
"9547","LYNDA LANE btwn BILLINGS AVE & SMYTH RD","371581.95651","5029097.90262","-75.64700","45.39863","2017","7/5/2017","11:32:00 AM","01 - Clear","01 - Dry","10 - No control","01 - Non intersection","01 - Daylight","03 - P.D. only","06 - SMV unattended vehicle"
"9548","LYNDALE AVE @ PARKDALE AVE","364860.84393","5029928.72103","-75.73274","45.40672","2017","1/10/2017","5:58:00 PM","01 - Clear","01 - Dry","01 - Traffic signal","02 - Intersection related","07 - Dark","03 - P.D. only","06 - SMV unattended vehicle"
"9549","LYON ST    N btwn GLADSTONE AVE & MCLEOD ST","367597.28591","5030336.71156","-75.69773","45.41015","2017","11/8/2017","11:00:00 PM","01 - Clear","01 - Dry","10 - No control","01 - Non intersection","07 - Dark","03 - P.D. only","07 - SMV other"
"9550","LYON ST    N btwn LAURIER AVE W & GLOUCESTER ST","367162.00716","5031054.99967","-75.70320","45.41665","2017","7/29/2017","7:05:00 PM","01 - Clear","01 - Dry","10 - No control","01 - Non intersection","01 - Daylight","02 - Non-fatal injury","07 - SMV other"
"9551","LYON ST    N btwn NEPEAN ST & LISGAR ST","367249.49250","5030910.45724","-75.70210","45.41534","2017","6/6/2017","4:53:00 PM","02 - Rain","02 - Wet","10 - No control","01 - Non intersection","01 - Daylight","03 - P.D. only","04 - Sideswipe"
"9552","LYON ST    N btwn QUEEN ST & ALBERT ST","367044.78937","5031245.47594","-75.70467","45.41838","2017","9/3/2017","11:41:00 AM","02 - Rain","02 - Wet","10 - No control","01 - Non intersection","01 - Daylight","03 - P.D. only","06 - SMV unattended vehicle"
"9553","LYON ST    S btwn FOURTH AVE & END","368198.78392","5029334.92432","-75.69017","45.40108","2017","4/4/2017","12:00:00 AM","02 - Rain","02 - Wet","10 - No control","01 - Non intersection","00 - Unknown","03 - P.D. only","06 - SMV unattended vehicle"
"9554","LYON ST @ NEPEAN ST","367234.05317","5030932.65332","-75.70229","45.41554","2017","7/28/2017","12:18:00 PM","01 - Clear","01 - Dry","02 - Stop sign","03 - At intersection","01 - Daylight","03 - P.D. only","05 - Turning movement"
"9555","LYON ST @ SLATER ST","367103.03905","5031152.58740","-75.70394","45.41753","2017","5/19/2017","2:34:00 PM","01 - Clear","01 - Dry","01 - Traffic signal","03 - At intersection","01 - Daylight","02 - Non-fatal injury","07 - SMV other"
"9556","LYON ST @ SOMERSET ST","367366.95114","5030717.23420","-75.70062","45.41359","2017","2/17/2017","2:30:00 PM","01 - Clear","02 - Wet","01 - Traffic signal","03 - At intersection","01 - Daylight","02 - Non-fatal injury","02 - Angle"
"9557","LYON ST @ SPARKS ST","366975.02276","5031353.57680","-75.70555","45.41935","2017","3/18/2017","5:43:00 PM","01 - Clear","01 - Dry","01 - Traffic signal","02 - Intersection related","01 - Daylight","03 - P.D. only","04 - Sideswipe"
"9558","LYON ST @ SPARKS ST","366976.12510","5031353.21729","-75.70554","45.41935","2017","3/16/2017","2:07:00 PM","01 - Clear","01 - Dry","01 - Traffic signal","02 - Intersection related","01 - Daylight","03 - P.D. only","04 - Sideswipe"
"9559","LYON ST @ WELLINGTON ST","366936.94324","5031424.82821","-75.70603","45.42000","2017","6/5/2017","7:20:00 PM","01 - Clear","01 - Dry","01 - Traffic signal","03 - At intersection","01 - Daylight","03 - P.D. only","04 - Sideswipe"
"9560","LYON ST @ WELLINGTON ST","366934.62997","5031426.16600","-75.70606","45.42001","2017","8/11/2017","4:07:00 PM","01 - Clear","01 - Dry","01 - Traffic signal","02 - Intersection related","01 - Daylight","03 - P.D. only","05 - Turning movement"
"9561","LYON ST @ WELLINGTON ST","366937.19408","5031426.80703","-75.70602","45.42002","2017","8/13/2017","5:10:00 PM","01 - Clear","01 - Dry","01 - Traffic signal","03 - At intersection","01 - Daylight","03 - P.D. only","05 - Turning movement"
"9562","LYON ST @ WELLINGTON ST","366935.24083","5031426.84051","-75.70605","45.42002","2017","9/5/2017","2:47:00 PM","01 - Clear","01 - Dry","01 - Traffic signal","02 - Intersection related","01 - Daylight","03 - P.D. only","03 - Rear end"
"9563","LYON ST @ WELLINGTON ST","366935.27100","5031426.87606","-75.70605","45.42002","2017","9/22/2017","6:53:00 AM","01 - Clear","01 - Dry","01 - Traffic signal","03 - At intersection","03 - Dawn","03 - P.D. only","05 - Turning movement"
"9564","LYON ST @ WELLINGTON ST","366935.74437","5031425.45594","-75.70604","45.42000","2017","11/3/2017","4:42:00 PM","01 - Clear","01 - Dry","01 - Traffic signal","02 - Intersection related","05 - Dusk","03 - P.D. only","03 - Rear end"
"9565","LYON ST @ WELLINGTON ST","366935.74890","5031426.40495","-75.70604","45.42001","2017","11/5/2017","6:07:00 PM","01 - Clear","01 - Dry","01 - Traffic signal","03 - At intersection","07 - Dark","03 - P.D. only","05 - Turning movement"
"9566","LYON ST @ WELLINGTON ST","366935.60545","5031426.16600","-75.70604","45.42001","2017","12/7/2017","12:00:00 PM","01 - Clear","01 - Dry","01 - Traffic signal","02 - Intersection related","01 - Daylight","03 - P.D. only","04 - Sideswipe"
"9567","LYON ST @ WELLINGTON ST","366935.27100","5031425.94052","-75.70605","45.42001","2017","12/1/2017","9:53:00 AM","01 - Clear","01 - Dry","01 - Traffic signal","02 - Intersection related","01 - Daylight","03 - P.D. only","04 - Sideswipe"
"9568","LYON ST @ WELLINGTON ST","366935.27100","5031425.62326","-75.70605","45.42001","2017","1/22/2017","3:06:00 PM","01 - Clear","01 - Dry","01 - Traffic signal","02 - Intersection related","01 - Daylight","03 - P.D. only","05 - Turning movement"
"9569","LYON ST @ WELLINGTON ST","366936.50557","5031429.86970","-75.70603","45.42004","2017","2/2/2017","2:36:00 PM","01 - Clear","01 - Dry","01 - Traffic signal","02 - Intersection related","01 - Daylight","03 - P.D. only","04 - Sideswipe"
"9570","LYON ST @ WELLINGTON ST","366934.93655","5031424.82821","-75.70605","45.42000","2017","3/21/2017","4:39:00 PM","01 - Clear","01 - Dry","01 - Traffic signal","02 - Intersection related","01 - Daylight","03 - P.D. only","04 - Sideswipe"
"9571","LYON ST @ WELLINGTON ST","366935.60545","5031426.16600","-75.70604","45.42001","2017","4/5/2017","9:00:00 PM","01 - Clear","01 - Dry","01 - Traffic signal","03 - At intersection","07 - Dark","03 - P.D. only","07 - SMV other"
"9572","LYON ST @ WELLINGTON ST","366934.93655","5031425.49710","-75.70605","45.42001","2017","3/30/2017","12:09:00 PM","01 - Clear","01 - Dry","01 - Traffic signal","03 - At intersection","01 - Daylight","03 - P.D. only","04 - Sideswipe"
"9573","LYON ST @ WELLINGTON ST","366934.93655","5031424.82821","-75.70605","45.42000","2017","3/19/2017","5:20:00 PM","01 - Clear","01 - Dry","01 - Traffic signal","02 - Intersection related","01 - Daylight","03 - P.D. only","05 - Turning movement"
"9574","LYON ST @ WELLINGTON ST","366934.26766","5031427.50379","-75.70606","45.42002","2017","4/19/2017","3:06:00 PM","02 - Rain","02 - Wet","01 - Traffic signal","02 - Intersection related","01 - Daylight","03 - P.D. only","04 - Sideswipe"
"9575","LYON ST @ WELLINGTON ST","366935.60545","5031427.50379","-75.70604","45.42002","2017","4/4/2017","10:45:00 AM","02 - Rain","02 - Wet","01 - Traffic signal","02 - Intersection related","01 - Daylight","03 - P.D. only","04 - Sideswipe"
"9576","MACASSA CIRC btwn Continuation of MACASSA CIRC & KANATA AVE","350404.27829","5019473.68638","-75.91837","45.31373","2017","1/13/2017","10:23:00 AM","01 - Clear","05 - Packed snow","10 - No control","01 - Non intersection","01 - Daylight","03 - P.D. only","06 - SMV unattended vehicle"
"9577","MACDONALD-CARTIER BR btwn RAMP & END (1)","367285.20718","5033273.36700","-75.70134","45.43660","2017","12/6/2017","10:31:00 PM","01 - Clear","06 - Ice","10 - No control","07 - Overpass or bridge","07 - Dark","03 - P.D. only","04 - Sideswipe"
"9578","MACDONALD-CARTIER BR btwn RAMP & END (1)","367425.13164","5033226.44694","-75.69956","45.43617","2017","12/28/2017","10:00:00 AM","01 - Clear","06 - Ice","10 - No control","07 - Overpass or bridge","01 - Daylight","03 - P.D. only","03 - Rear end"
"9579","MACDONALD-CARTIER BR btwn RAMP & END (1)","367432.82414","5033221.27998","-75.69946","45.43612","2017","12/28/2017","9:37:00 PM","01 - Clear","06 - Ice","10 - No control","07 - Overpass or bridge","07 - Dark","02 - Non-fatal injury","03 - Rear end"
"9580","MACDONALD-CARTIER BR btwn RAMP & END (2)","367421.14457","5033210.15572","-75.69961","45.43602","2017","3/2/2017","7:11:00 AM","03 - Snow","06 - Ice","10 - No control","07 - Overpass or bridge","01 - Daylight","03 - P.D. only","03 - Rear end"
"9581","MACDONALD-CARTIER BR btwn RAMP & END (2)","367301.05724","5033249.86341","-75.70114","45.43639","2017","3/15/2017","7:09:00 AM","03 - Snow","03 - Loose snow","10 - No control","07 - Overpass or bridge","01 - Daylight","03 - P.D. only","03 - Rear end"