"Record","Location","X","Y","Longitude","Latitude","Year","Date","Time","Environment","Road_Surface","Traffic_Control","Collision_Location","Light","Collision_Classification","Impact_type"
"9582","MACDONALD-CARTIER BR RAMP NB-3 btwn MACDONALD-CARTIER BR RAMP NB-1/NB-","367960.79129","5033293.51919","-75.69271","45.43672","2017","2/9/2017","10:12:00 PM","01 - Clear","01 - Dry","10 - No control","07 - Overpass or bridge","07 - Dark","03 - P.D. only","07 - SMV other"
"9583","MACDONALD-CARTIER BR RAMP SB-2 btwn BOTELER ST & MACDONALD-CARTIER BR","367555.14138","5033162.01925","-75.69791","45.43557","2017","9/1/2017","5:30:00 PM","01 - Clear","01 - Dry","10 - No control","07 - Overpass or bridge","01 - Daylight","02 - Non-fatal injury","03 - Rear end"
"9584","MACDONALD-CARTIER BR/MACDONALDCARTIER BR RSB-2","367508.82484","5033181.93818","-75.69850","45.43576","2017","12/17/2017","11:19:00 AM","01 - Clear","01 - Dry","10 - No control","02 - Intersection related","01 - Daylight","03 - P.D. only","04 - Sideswipe"
"9585","MACFARLANE RD @ DEAKIN ST","367253.40933","5021558.58907","-75.70323","45.33120","2017","12/13/2017","3:30:00 PM","01 - Clear","03 - Loose snow","02 - Stop sign","03 - At intersection","01 - Daylight","02 - Non-fatal injury","05 - Turning movement"
"9586","MACFARLANE RD btwn BRISBANE RD & GREENSIDE AVE","366939.88870","5021254.80530","-75.70727","45.32849","2017","11/13/2017","11:14:00 PM","01 - Clear","01 - Dry","10 - No control","01 - Non intersection","07 - Dark","03 - P.D. only","06 - SMV unattended vehicle"
"9587","MACKAY ST @ VAUGHAN ST","369065.84990","5033637.56365","-75.67854","45.43972","2017","9/13/2017","9:10:00 AM","01 - Clear","01 - Dry","02 - Stop sign","03 - At intersection","01 - Daylight","03 - P.D. only","02 - Angle"
"9588","MACKAY ST @ VAUGHAN ST","369064.70750","5033636.36172","-75.67855","45.43971","2017","12/6/2017","4:41:00 PM","01 - Clear","01 - Dry","02 - Stop sign","03 - At intersection","05 - Dusk","02 - Non-fatal injury","02 - Angle"
"9589","MACKAY ST btwn VAUGHAN ST & BEECHWOOD AVE","369172.14920","5033602.64304","-75.67718","45.43939","2017","1/29/2017","10:46:00 AM","03 - Snow","02 - Wet","10 - No control","04 - At/near private drive","01 - Daylight","03 - P.D. only","06 - SMV unattended vehicle"
"9590","MACKENZIE AVE @ MURRAY ST","367639.48112","5032384.69618","-75.69693","45.42857","2017","5/15/2017","8:32:00 AM","01 - Clear","01 - Dry","01 - Traffic signal","02 - Intersection related","01 - Daylight","03 - P.D. only","04 - Sideswipe"
"9591","MACKENZIE AVE @ MURRAY ST","367639.70310","5032382.22945","-75.69693","45.42855","2017","1/26/2017","5:35:00 PM","01 - Clear","02 - Wet","01 - Traffic signal","02 - Intersection related","05 - Dusk","03 - P.D. only","07 - SMV other"
"9592","MACKENZIE AVE @ MURRAY ST","367639.70190","5032383.58600","-75.69693","45.42856","2017","1/25/2017","10:33:00 AM","01 - Clear","02 - Wet","01 - Traffic signal","03 - At intersection","01 - Daylight","03 - P.D. only","02 - Angle"
"9593","MACKENZIE AVE @ MURRAY ST","367639.70310","5032383.58630","-75.69693","45.42856","2017","1/6/2017","11:18:00 AM","01 - Clear","02 - Wet","01 - Traffic signal","03 - At intersection","01 - Daylight","03 - P.D. only","02 - Angle"
"9594","MACKENZIE AVE @ RIDEAU ST","367870.70254","5032009.58020","-75.69402","45.42518","2017","4/30/2017","1:13:00 PM","02 - Rain","02 - Wet","01 - Traffic signal","03 - At intersection","01 - Daylight","03 - P.D. only","02 - Angle"
"9595","MACKENZIE AVE @ RIDEAU ST","367868.02696","5032009.58020","-75.69406","45.42518","2017","6/13/2017","12:45:00 PM","01 - Clear","01 - Dry","01 - Traffic signal","02 - Intersection related","01 - Daylight","03 - P.D. only","04 - Sideswipe"
"9596","MACKENZIE AVE @ RIDEAU ST","367869.77577","5032009.76587","-75.69403","45.42518","2017","6/6/2017","5:45:00 PM","01 - Clear","02 - Wet","01 - Traffic signal","02 - Intersection related","01 - Daylight","03 - P.D. only","04 - Sideswipe"
"9597","MACKENZIE AVE @ RIDEAU ST","367870.30803","5032011.10227","-75.69403","45.42519","2017","7/27/2017","3:38:00 PM","01 - Clear","01 - Dry","01 - Traffic signal","03 - At intersection","01 - Daylight","03 - P.D. only","04 - Sideswipe"
"9598","MACKENZIE AVE @ RIDEAU ST","367869.59109","5032010.33459","-75.69404","45.42518","2017","9/9/2017","4:00:00 PM","01 - Clear","01 - Dry","01 - Traffic signal","02 - Intersection related","01 - Daylight","03 - P.D. only","04 - Sideswipe"
"9599","MACKENZIE AVE @ RIDEAU ST","367868.02696","5032010.24910","-75.69406","45.42518","2017","11/23/2017","6:40:00 PM","04 - Freezing Rain","06 - Ice","01 - Traffic signal","02 - Intersection related","07 - Dark","03 - P.D. only","03 - Rear end"
"9600","MACKENZIE AVE @ RIDEAU ST","367870.03365","5032010.24910","-75.69403","45.42518","2017","2/16/2017","11:45:00 AM","01 - Clear","02 - Wet","01 - Traffic signal","02 - Intersection related","01 - Daylight","02 - Non-fatal injury","03 - Rear end"
"9601","MACKENZIE AVE @ RIDEAU ST","367870.44967","5032009.95543","-75.69403","45.42518","2017","2/10/2017","9:06:00 AM","01 - Clear","01 - Dry","01 - Traffic signal","03 - At intersection","01 - Daylight","03 - P.D. only","02 - Angle"
"9602","MACKENZIE AVE @ RIDEAU ST","367868.69586","5032009.58020","-75.69405","45.42518","2017","3/30/2017","12:08:00 PM","01 - Clear","01 - Dry","01 - Traffic signal","03 - At intersection","01 - Daylight","03 - P.D. only","02 - Angle"
"9603","MACKENZIE AVE @ RIDEAU ST","367870.70254","5032010.91799","-75.69402","45.42519","2017","2/27/2017","1:57:00 PM","01 - Clear","01 - Dry","01 - Traffic signal","03 - At intersection","01 - Daylight","03 - P.D. only","02 - Angle"
"9604","MACKENZIE AVE @ RIDEAU ST","367870.17257","5032010.29026","-75.69403","45.42518","2017","12/26/2017","9:36:00 AM","01 - Clear","01 - Dry","01 - Traffic signal","02 - Intersection related","01 - Daylight","03 - P.D. only","04 - Sideswipe"
"9605","MACKENZIE AVE @ RIDEAU ST","367869.69921","5032009.58017","-75.69404","45.42518","2017","11/3/2017","4:45:00 AM","01 - Clear","02 - Wet","01 - Traffic signal","03 - At intersection","07 - Dark","03 - P.D. only","03 - Rear end"
"9606","MACKENZIE AVE @ RIDEAU ST","367869.69921","5032009.58020","-75.69404","45.42518","2017","7/23/2017","10:15:00 AM","01 - Clear","01 - Dry","01 - Traffic signal","02 - Intersection related","01 - Daylight","03 - P.D. only","02 - Angle"
"9607","MACKENZIE AVE @ RIDEAU ST","367869.69920","5032009.58020","-75.69404","45.42518","2017","6/6/2017","4:00:00 PM","02 - Rain","02 - Wet","01 - Traffic signal","03 - At intersection","01 - Daylight","02 - Non-fatal injury","02 - Angle"
"9608","MACKENZIE KING BR btwn N.D.H.Q./RIDEAU CENTRE SC & MACKENZIE KING BR/N","368246.01541","5031918.17398","-75.68924","45.42432","2017","12/15/2017","8:50:00 AM","01 - Clear","01 - Dry","10 - No control","07 - Overpass or bridge","01 - Daylight","02 - Non-fatal injury","07 - SMV other"
"9609","MACKENZIE KING BR/WALLER ST @ NICHOLAS ST/WALL","368372.04414","5031992.68767","-75.68762","45.42498","2017","6/20/2017","11:06:00 AM","01 - Clear","01 - Dry","01 - Traffic signal","02 - Intersection related","01 - Daylight","03 - P.D. only","04 - Sideswipe"
"9610","MACKENZIE KING BR/WALLER ST @ NICHOLAS ST/WALL","368372.20506","5031992.37549","-75.68762","45.42498","2017","4/25/2017","5:44:00 PM","02 - Rain","02 - Wet","01 - Traffic signal","03 - At intersection","01 - Daylight","03 - P.D. only","02 - Angle"
"9611","MACKENZIE KING BR/WALLER ST @ NICHOLAS ST/WALL","368371.61657","5031990.84758","-75.68762","45.42496","2017","6/22/2017","9:53:00 AM","01 - Clear","01 - Dry","01 - Traffic signal","02 - Intersection related","01 - Daylight","03 - P.D. only","03 - Rear end"
"9612","MACKENZIE KING BR/WALLER ST @ NICHOLAS ST/WALL","368372.07006","5031992.80812","-75.68762","45.42498","2017","6/16/2017","7:36:00 AM","01 - Clear","01 - Dry","01 - Traffic signal","02 - Intersection related","01 - Daylight","03 - P.D. only","04 - Sideswipe"
"9613","MACKENZIE KING BR/WALLER ST @ NICHOLAS ST/WALL","368372.17024","5031992.85124","-75.68762","45.42498","2017","7/2/2017","7:25:00 PM","01 - Clear","01 - Dry","01 - Traffic signal","02 - Intersection related","01 - Daylight","03 - P.D. only","04 - Sideswipe"
"9614","MACKENZIE KING BR/WALLER ST @ NICHOLAS ST/WALL","368372.10950","5031993.93189","-75.68762","45.42499","2017","8/15/2017","11:20:00 AM","01 - Clear","01 - Dry","01 - Traffic signal","02 - Intersection related","01 - Daylight","03 - P.D. only","03 - Rear end"
"9615","MACKENZIE KING BR/WALLER ST @ NICHOLAS ST/WALL","368372.17838","5031992.57840","-75.68762","45.42498","2017","8/11/2017","5:34:00 PM","01 - Clear","01 - Dry","01 - Traffic signal","03 - At intersection","01 - Daylight","02 - Non-fatal injury","07 - SMV other"
"9616","MACKENZIE KING BR/WALLER ST @ NICHOLAS ST/WALL","368372.25934","5031992.33940","-75.68762","45.42498","2017","8/28/2017","7:15:00 AM","01 - Clear","01 - Dry","01 - Traffic signal","03 - At intersection","01 - Daylight","03 - P.D. only","04 - Sideswipe"
"9617","MACKENZIE KING BR/WALLER ST @ NICHOLAS ST/WALL","368372.14559","5031992.63849","-75.68762","45.42498","2017","12/6/2017","4:20:00 PM","01 - Clear","01 - Dry","01 - Traffic signal","02 - Intersection related","05 - Dusk","02 - Non-fatal injury","07 - SMV other"
"9618","MACKENZIE KING BR/WALLER ST @ NICHOLAS ST/WALL","368372.14560","5031991.78013","-75.68762","45.42497","2017","1/12/2017","12:49:00 PM","03 - Snow","04 - Slush","01 - Traffic signal","02 - Intersection related","01 - Daylight","03 - P.D. only","03 - Rear end"
"9619","MACKENZIE KING BR/WALLER ST @ NICHOLAS ST/WALL","368371.46501","5031993.80064","-75.68763","45.42499","2017","1/29/2017","2:28:00 PM","01 - Clear","02 - Wet","01 - Traffic signal","02 - Intersection related","01 - Daylight","03 - P.D. only","04 - Sideswipe"
"9620","MACKENZIE KING BR/WALLER ST @ NICHOLAS ST/WALL","368370.78827","5031992.79848","-75.68763","45.42498","2017","3/17/2017","6:32:00 PM","01 - Clear","01 - Dry","01 - Traffic signal","02 - Intersection related","05 - Dusk","03 - P.D. only","07 - SMV other"
"9621","MACKENZIE KING BRIDGE @ MACKENZIE KING BRIDGE","368164.20556","5031868.23289","-75.69029","45.42388","2017","10/30/2017","5:15:00 PM","01 - Clear","01 - Dry","01 - Traffic signal","03 - At intersection","05 - Dusk","02 - Non-fatal injury","07 - SMV other"
"9622","MACKENZIE KING BRIDGE @ MACKENZIE KING BRIDGE","368164.20556","5031867.56400","-75.69029","45.42387","2017","11/10/2017","10:06:00 PM","01 - Clear","01 - Dry","01 - Traffic signal","02 - Intersection related","07 - Dark","02 - Non-fatal injury","07 - SMV other"
"9623","MACKENZIE KING BRIDGE @ MACKENZIE KING BRIDGE","368164.84413","5031867.76135","-75.69028","45.42387","2017","2/18/2017","7:40:00 PM","01 - Clear","02 - Wet","01 - Traffic signal","02 - Intersection related","07 - Dark","03 - P.D. only","03 - Rear end"
"9624","MACLAREN ST @ METCALFE ST","368051.23333","5031032.33911","-75.69184","45.41637","2017","9/21/2017","2:55:00 PM","01 - Clear","01 - Dry","01 - Traffic signal","03 - At intersection","01 - Daylight","03 - P.D. only","04 - Sideswipe"
"9625","MACLAREN ST @ METCALFE ST","368051.37225","5031031.90690","-75.69184","45.41636","2017","11/24/2017","12:50:00 PM","01 - Clear","01 - Dry","01 - Traffic signal","03 - At intersection","01 - Daylight","03 - P.D. only","05 - Turning movement"
"9626","MACLAREN ST @ METCALFE ST","368052.56507","5031031.71743","-75.69182","45.41636","2017","1/6/2017","4:38:00 PM","01 - Clear","06 - Ice","01 - Traffic signal","03 - At intersection","05 - Dusk","03 - P.D. only","05 - Turning movement"
"9627","MACLAREN ST @ O'CONNOR ST","367900.04935","5030940.57700","-75.69378","45.41556","2017","6/23/2017","3:11:00 PM","01 - Clear","01 - Dry","02 - Stop sign","03 - At intersection","01 - Daylight","02 - Non-fatal injury","07 - SMV other"
"9628","MACLAREN ST @ O'CONNOR ST","367898.75911","5030939.86015","-75.69380","45.41555","2017","9/1/2017","3:42:00 PM","01 - Clear","01 - Dry","02 - Stop sign","03 - At intersection","01 - Daylight","02 - Non-fatal injury","02 - Angle"
"9629","MACLAREN ST btwn BRONSON AVE & PERCY ST","367080.88415","5030449.81588","-75.70431","45.41121","2017","2/8/2017","7:45:00 PM","01 - Clear","04 - Slush","10 - No control","01 - Non intersection","07 - Dark","03 - P.D. only","06 - SMV unattended vehicle"
"9630","MACLAREN ST btwn KENT ST & BANK ST","367605.34133","5030765.31039","-75.69757","45.41401","2017","8/23/2017","6:05:00 PM","01 - Clear","01 - Dry","10 - No control","01 - Non intersection","01 - Daylight","03 - P.D. only","99 - Other"
"9631","MACLAREN ST btwn METCALFE ST & ELGIN ST","368091.50603","5031059.33165","-75.69132","45.41661","2017","11/5/2017","7:42:00 AM","02 - Rain","02 - Wet","10 - No control","01 - Non intersection","01 - Daylight","03 - P.D. only","04 - Sideswipe"
"9632","MACLAREN ST btwn METCALFE ST & ELGIN ST","368158.90748","5031097.76183","-75.69046","45.41695","2017","1/30/2017","12:00:00 AM","01 - Clear","05 - Packed snow","10 - No control","01 - Non intersection","00 - Unknown","03 - P.D. only","06 - SMV unattended vehicle"
"9633","MACLAREN ST btwn METCALFE ST & ELGIN ST","368093.51272","5031056.65607","-75.69130","45.41658","2017","4/5/2017","12:00:00 AM","01 - Clear","02 - Wet","10 - No control","01 - Non intersection","00 - Unknown","03 - P.D. only","06 - SMV unattended vehicle"
"9634","MADAWASKA DR @ DOW'S LAKE RD","367330.70730","5028965.73497","-75.70131","45.39784","2017","8/25/2017","9:51:00 PM","01 - Clear","08 - Loose sand or gravel","02 - Stop sign","03 - At intersection","07 - Dark","02 - Non-fatal injury","07 - SMV other"
"9635","MADELEINE MEILLEUR PRIV @ VANIER PKWY","369654.81520","5033359.30610","-75.67105","45.43716","2017","5/14/2017","1:50:00 PM","01 - Clear","01 - Dry","01 - Traffic signal","02 - Intersection related","01 - Daylight","03 - P.D. only","03 - Rear end"
"9636","MADELEINE MEILLEUR PRIV @ VANIER PKWY","369654.81520","5033359.30610","-75.67105","45.43716","2017","9/21/2017","11:52:00 AM","01 - Clear","01 - Dry","01 - Traffic signal","03 - At intersection","01 - Daylight","03 - P.D. only","05 - Turning movement"
"9637","MADELEINE MEILLEUR PRIV @ VANIER PKWY","369654.81520","5033359.30610","-75.67105","45.43716","2017","10/30/2017","11:38:00 AM","02 - Rain","02 - Wet","01 - Traffic signal","03 - At intersection","01 - Daylight","03 - P.D. only","07 - SMV other"
"9638","MADELEINE MEILLEUR PRIV @ VANIER PKWY","369654.81520","5033359.30610","-75.67105","45.43716","2017","2/9/2017","2:27:00 PM","01 - Clear","02 - Wet","01 - Traffic signal","02 - Intersection related","01 - Daylight","03 - P.D. only","03 - Rear end"
"9639","MADELEINE MEILLEUR PRIV @ VANIER PKWY","369654.81520","5033359.30610","-75.67105","45.43716","2017","2/9/2017","12:00:00 AM","01 - Clear","01 - Dry","01 - Traffic signal","03 - At intersection","00 - Unknown","03 - P.D. only","02 - Angle"
"9640","MADRID AVE btwn KENTON AVE & TALLGRASS LANE","363163.95358","5014107.84554","-75.75628","45.26451","2017","12/13/2017","6:45:00 PM","03 - Snow","03 - Loose snow","10 - No control","04 - At/near private drive","07 - Dark","03 - P.D. only","06 - SMV unattended vehicle"
"9641","MAGWOOD AVE @ RICHMOND RD","359425.41657","5023437.86783","-75.80288","45.34876","2017","2/11/2017","12:17:00 PM","03 - Snow","02 - Wet","02 - Stop sign","03 - At intersection","01 - Daylight","03 - P.D. only","02 - Angle"
"9642","MAILES AVE @ PATRICIA AVE","363919.68650","5028827.31405","-75.74489","45.39689","2017","9/8/2017","8:29:00 AM","01 - Clear","01 - Dry","10 - No control","02 - Intersection related","01 - Daylight","03 - P.D. only","99 - Other"
"9643","MAIN ST @ RIVERDALE AVE","369432.74444","5029531.82510","-75.67439","45.40274","2017","3/8/2017","7:46:00 AM","01 - Clear","06 - Ice","01 - Traffic signal","02 - Intersection related","01 - Daylight","03 - P.D. only","03 - Rear end"
"9644","MAIN ST @ TORONTO ST","369512.76541","5029341.80155","-75.67339","45.40102","2017","12/30/2017","12:05:00 PM","03 - Snow","04 - Slush","02 - Stop sign","02 - Intersection related","01 - Daylight","03 - P.D. only","03 - Rear end"
"9645","MAIN ST btwn CENTENNIAL BLVD & TORONTO ST","369488.37313","5029398.24596","-75.67370","45.40153","2017","6/7/2017","2:49:00 PM","01 - Clear","01 - Dry","10 - No control","01 - Non intersection","01 - Daylight","02 - Non-fatal injury","03 - Rear end"
"9646","MAIN ST btwn EVELYN AVE & SPRINGHURST AVE","369055.09676","5030433.43812","-75.67909","45.41089","2017","11/24/2017","12:35:00 PM","01 - Clear","01 - Dry","10 - No control","01 - Non intersection","01 - Daylight","03 - P.D. only","03 - Rear end"
"9647","MAIN ST btwn HARVEY ST & HAWTHORNE AVE","368967.17676","5030639.71333","-75.68019","45.41275","2017","12/18/2017","7:00:00 PM","03 - Snow","03 - Loose snow","10 - No control","01 - Non intersection","07 - Dark","03 - P.D. only","07 - SMV other"
"9648","MAIN ST btwn HAZEL ST & HERRIDGE ST","369171.57364","5030159.89431","-75.67764","45.40842","2017","5/14/2017","2:01:00 PM","01 - Clear","01 - Dry","10 - No control","01 - Non intersection","01 - Daylight","02 - Non-fatal injury","03 - Rear end"
"9649","MAIN ST btwn HAZEL ST & HERRIDGE ST","369185.29363","5030129.83705","-75.67747","45.40814","2017","10/6/2017","2:00:00 PM","01 - Clear","01 - Dry","10 - No control","04 - At/near private drive","01 - Daylight","03 - P.D. only","06 - SMV unattended vehicle"
"9650","MAIN ST btwn HAZEL ST & HERRIDGE ST","369208.57797","5030072.98629","-75.67718","45.40763","2017","3/14/2017","2:51:00 PM","03 - Snow","03 - Loose snow","10 - No control","01 - Non intersection","01 - Daylight","03 - P.D. only","99 - Other"
"9651","MAIN ST btwn HAZEL ST & HERRIDGE ST","369187.38219","5030130.50352","-75.67744","45.40815","2017","4/12/2017","4:28:00 PM","01 - Clear","01 - Dry","10 - No control","01 - Non intersection","01 - Daylight","03 - P.D. only","04 - Sideswipe"
"9652","MAIN ST btwn HERRIDGE ST & CLEGG ST","369265.35278","5029937.62211","-75.67647","45.40641","2017","2/15/2017","10:19:00 PM","03 - Snow","05 - Packed snow","10 - No control","01 - Non intersection","07 - Dark","03 - P.D. only","06 - SMV unattended vehicle"
"9653","MAIN ST btwn LEES AVE & EVELYN AVE","369003.11532","5030555.20529","-75.67974","45.41199","2017","9/15/2017","12:54:00 PM","01 - Clear","01 - Dry","10 - No control","04 - At/near private drive","01 - Daylight","03 - P.D. only","05 - Turning movement"
"9654","MAIN ST btwn MASON TER & TURN LANE","369401.30632","5029611.42377","-75.67478","45.40346","2017","5/26/2017","8:39:00 AM","02 - Rain","02 - Wet","10 - No control","01 - Non intersection","01 - Daylight","03 - P.D. only","03 - Rear end"
"9655","MAIN ST btwn MASON TER & TURN LANE","369393.36145","5029633.08837","-75.67488","45.40366","2017","6/22/2017","3:53:00 PM","01 - Clear","01 - Dry","10 - No control","01 - Non intersection","01 - Daylight","02 - Non-fatal injury","03 - Rear end"
"9656","MAIN ST btwn MCNAUGHTON AVE & BOWER ST","369347.47470","5029739.07316","-75.67545","45.40461","2017","11/28/2017","8:27:00 AM","01 - Clear","01 - Dry","10 - No control","01 - Non intersection","01 - Daylight","03 - P.D. only","03 - Rear end"
"9657","MAIN ST btwn TORONTO ST & RIDEAU RIVER DR","369525.42689","5029309.45558","-75.67323","45.40073","2017","5/8/2017","5:05:00 PM","01 - Clear","01 - Dry","10 - No control","01 - Non intersection","01 - Daylight","03 - P.D. only","04 - Sideswipe"
"9658","MAISONNEUVE ST @ ST. JOSEPH BLVD","381464.21077","5037579.78123","-75.51947","45.47394","2017","12/19/2017","7:28:00 AM","03 - Snow","05 - Packed snow","02 - Stop sign","03 - At intersection","03 - Dawn","03 - P.D. only","05 - Turning movement"
"9659","MAITLAND AVE @ 30 S OF AGINCOURT RD/TRINITY UN","363464.59508","5025426.57850","-75.75111","45.36633","2017","1/31/2017","1:05:00 PM","01 - Clear","01 - Dry","01 - Traffic signal","02 - Intersection related","01 - Daylight","03 - P.D. only","03 - Rear end"
"9660","MAITLAND AVE @ TERREBONNE DR","364011.68568","5025136.16991","-75.74416","45.36367","2017","8/18/2017","3:54:00 PM","01 - Clear","02 - Wet","02 - Stop sign","02 - Intersection related","01 - Daylight","02 - Non-fatal injury","03 - Rear end"
"9661","MAITLAND AVE @ TERREBONNE DR","364011.04597","5025134.74106","-75.74417","45.36366","2017","2/23/2017","12:00:00 AM","01 - Clear","01 - Dry","02 - Stop sign","02 - Intersection related","00 - Unknown","03 - P.D. only","06 - SMV unattended vehicle"
"9662","MAITLAND AVE @ WOODWARD DR","363273.36015","5025663.19630","-75.75352","45.36847","2017","5/3/2017","10:52:00 AM","01 - Clear","01 - Dry","01 - Traffic signal","02 - Intersection related","01 - Daylight","03 - P.D. only","99 - Other"
"9663","MAITLAND AVE @ WOODWARD DR","363272.69126","5025662.52740","-75.75353","45.36847","2017","5/2/2017","5:15:00 PM","01 - Clear","02 - Wet","01 - Traffic signal","02 - Intersection related","01 - Daylight","02 - Non-fatal injury","03 - Rear end"
"9664","MAITLAND AVE @ WOODWARD DR","363274.28603","5025663.49840","-75.75351","45.36848","2017","8/2/2017","4:46:00 PM","01 - Clear","01 - Dry","01 - Traffic signal","02 - Intersection related","01 - Daylight","03 - P.D. only","02 - Angle"
"9665","MAITLAND AVE @ WOODWARD DR","363275.11472","5025662.29071","-75.75350","45.36846","2017","10/12/2017","2:44:00 PM","01 - Clear","01 - Dry","01 - Traffic signal","03 - At intersection","01 - Daylight","02 - Non-fatal injury","05 - Turning movement"
"9666","MAITLAND AVE @ WOODWARD DR","363272.69126","5025662.52740","-75.75353","45.36847","2017","11/26/2017","7:21:00 PM","03 - Snow","05 - Packed snow","01 - Traffic signal","03 - At intersection","07 - Dark","03 - P.D. only","02 - Angle"
"9667","MAITLAND AVE @ WOODWARD DR","363275.30510","5025662.52710","-75.75349","45.36847","2017","1/25/2017","5:10:00 PM","01 - Clear","02 - Wet","01 - Traffic signal","03 - At intersection","05 - Dusk","03 - P.D. only","03 - Rear end"
"9668","MAITLAND AVE @ WOODWARD DR","363274.02905","5025661.85850","-75.75351","45.36846","2017","3/18/2017","12:13:00 PM","01 - Clear","01 - Dry","01 - Traffic signal","02 - Intersection related","01 - Daylight","02 - Non-fatal injury","03 - Rear end"
"9669","MAITLAND AVE @ WOODWARD DR","363273.36015","5025663.19630","-75.75352","45.36847","2017","3/30/2017","3:54:00 PM","01 - Clear","01 - Dry","01 - Traffic signal","03 - At intersection","01 - Daylight","03 - P.D. only","02 - Angle"
"9670","MAITLAND AVE @ WOODWARD DR","363275.34088","5025662.52710","-75.75349","45.36847","2017","12/30/2017","4:01:00 PM","01 - Clear","02 - Wet","01 - Traffic signal","02 - Intersection related","05 - Dusk","02 - Non-fatal injury","02 - Angle"
"9671","MAITLAND AVE btwn HENRY FARM DR & TERREBONNE DR","363943.93644","5025138.12005","-75.74502","45.36369","2017","8/20/2017","9:24:00 PM","01 - Clear","01 - Dry","10 - No control","01 - Non intersection","07 - Dark","02 - Non-fatal injury","04 - Sideswipe"
"9672","MAITLAND AVE btwn HWY417 IC126 RAMP63 & HWY417 IC126 RAMP52","363187.92442","5025874.09371","-75.75458","45.37038","2017","9/28/2017","1:09:00 PM","01 - Clear","01 - Dry","10 - No control","07 - Overpass or bridge","01 - Daylight","02 - Non-fatal injury","03 - Rear end"
"9673","MAITLAND AVE btwn HWY417 IC126 RAMP63 & HWY417 IC126 RAMP52","363186.36511","5025882.10153","-75.75460","45.37045","2017","3/14/2017","1:01:00 PM","03 - Snow","03 - Loose snow","10 - No control","01 - Non intersection","01 - Daylight","03 - P.D. only","03 - Rear end"
"9674","MAITLAND AVE btwn LENESTER AVE & HWY417 IC126 RAMP36","363088.43434","5026121.05452","-75.75583","45.37261","2017","6/15/2017","4:54:00 PM","01 - Clear","01 - Dry","10 - No control","01 - Non intersection","01 - Daylight","03 - P.D. only","03 - Rear end"
"9675","MAITLAND AVE btwn LENESTER AVE & HWY417 IC126 RAMP36","363090.46912","5026116.70663","-75.75580","45.37257","2017","12/26/2017","3:36:00 PM","01 - Clear","01 - Dry","10 - No control","04 - At/near private drive","01 - Daylight","03 - P.D. only","02 - Angle"
"9676","MAITLAND AVE btwn TARA DR & ERINDALE DR","363695.78730","5025212.89951","-75.74818","45.36439","2017","4/19/2017","8:12:00 AM","01 - Clear","01 - Dry","10 - No control","01 - Non intersection","01 - Daylight","03 - P.D. only","03 - Rear end"
"9677","MAITLAND AVE btwn WOODWARD DR & GARFIELD AVE","363284.86778","5025639.51064","-75.75337","45.36826","2017","9/8/2017","8:16:00 PM","01 - Clear","01 - Dry","10 - No control","04 - At/near private drive","07 - Dark","02 - Non-fatal injury","99 - Other"
"9678","MAITLAND AVE/GLENMOUNT AVE @ ERINDALE DR","363698.18741","5025210.83574","-75.74815","45.36437","2017","6/20/2017","12:25:00 PM","01 - Clear","01 - Dry","01 - Traffic signal","02 - Intersection related","01 - Daylight","03 - P.D. only","04 - Sideswipe"
"9679","MAITLAND AVE/GLENMOUNT AVE @ ERINDALE DR","363697.48653","5025211.56142","-75.74816","45.36437","2017","5/23/2017","5:33:00 PM","01 - Clear","01 - Dry","01 - Traffic signal","02 - Intersection related","01 - Daylight","03 - P.D. only","04 - Sideswipe"
"9680","MAITLAND AVE/GLENMOUNT AVE @ ERINDALE DR","363697.66523","5025211.66529","-75.74816","45.36437","2017","10/5/2017","5:05:00 PM","01 - Clear","01 - Dry","01 - Traffic signal","02 - Intersection related","01 - Daylight","03 - P.D. only","04 - Sideswipe"
"9681","MAITLAND AVE/GLENMOUNT AVE @ ERINDALE DR","363697.42596","5025211.32791","-75.74816","45.36437","2017","9/29/2017","8:34:00 PM","02 - Rain","02 - Wet","01 - Traffic signal","03 - At intersection","07 - Dark","03 - P.D. only","05 - Turning movement"
"9682","MAITLAND AVE/GLENMOUNT AVE @ ERINDALE DR","363697.74202","5025211.49142","-75.74816","45.36437","2017","11/8/2017","1:11:00 PM","01 - Clear","01 - Dry","01 - Traffic signal","02 - Intersection related","01 - Daylight","03 - P.D. only","04 - Sideswipe"
"9683","MAITLAND AVE/GLENMOUNT AVE @ ERINDALE DR","363697.90805","5025211.60862","-75.74815","45.36437","2017","11/30/2017","9:31:00 AM","01 - Clear","01 - Dry","01 - Traffic signal","02 - Intersection related","01 - Daylight","02 - Non-fatal injury","03 - Rear end"
"9684","MAITLAND AVE/GLENMOUNT AVE @ ERINDALE DR","363697.89163","5025212.48622","-75.74815","45.36438","2017","12/4/2017","5:23:00 PM","01 - Clear","01 - Dry","01 - Traffic signal","02 - Intersection related","07 - Dark","02 - Non-fatal injury","03 - Rear end"
"9685","MAITLAND AVE/GLENMOUNT AVE @ ERINDALE DR","363698.69454","5025210.17611","-75.74814","45.36436","2017","12/4/2017","9:25:00 AM","01 - Clear","01 - Dry","01 - Traffic signal","02 - Intersection related","01 - Daylight","03 - P.D. only","03 - Rear end"
"9686","MAITLAND AVE/GLENMOUNT AVE @ ERINDALE DR","363698.69454","5025213.52059","-75.74814","45.36439","2017","3/6/2017","9:25:00 AM","01 - Clear","01 - Dry","01 - Traffic signal","03 - At intersection","01 - Daylight","02 - Non-fatal injury","03 - Rear end"