"Record","Location","X","Y","Longitude","Latitude","Year","Date","Time","Environment","Road_Surface","Traffic_Control","Collision_Location","Light","Collision_Classification","Impact_type"
"9687","MAITLAND AVE/GLENMOUNT AVE @ ERINDALE DR","363698.25715","5025212.55527","-75.74815","45.36438","2017","12/28/2017","7:43:00 PM","01 - Clear","02 - Wet","01 - Traffic signal","02 - Intersection related","07 - Dark","03 - P.D. only","03 - Rear end"
"9688","MAITLAND AVE/HWY 417 MAITLAND IC126R53 @ HWY 4","363229.26812","5025772.94798","-75.75407","45.36946","2017","12/30/2017","2:30:00 PM","01 - Clear","06 - Ice","01 - Traffic signal","02 - Intersection related","01 - Daylight","03 - P.D. only","03 - Rear end"
"9689","MAITLAND AVE/HWY 417 MAITLAND IC126R53 @ HWY 4","363229.63345","5025774.31504","-75.75406","45.36948","2017","8/9/2017","1:47:00 PM","01 - Clear","01 - Dry","01 - Traffic signal","02 - Intersection related","01 - Daylight","03 - P.D. only","03 - Rear end"
"9690","MAITLAND AVE/HWY 417 MAITLAND IC126R53 @ HWY 4","363229.90059","5025774.57100","-75.75406","45.36948","2017","10/3/2017","7:44:00 PM","01 - Clear","01 - Dry","01 - Traffic signal","03 - At intersection","07 - Dark","02 - Non-fatal injury","05 - Turning movement"
"9691","MAITLAND AVE/HWY 417 MAITLAND IC126R53 @ HWY 4","363229.95533","5025774.73937","-75.75406","45.36948","2017","9/4/2017","8:36:00 PM","02 - Rain","02 - Wet","01 - Traffic signal","03 - At intersection","07 - Dark","02 - Non-fatal injury","05 - Turning movement"
"9692","MAITLAND AVE/HWY 417 MAITLAND IC126R53 @ HWY 4","363229.53846","5025774.04429","-75.75406","45.36947","2017","10/14/2017","2:22:00 PM","01 - Clear","01 - Dry","01 - Traffic signal","03 - At intersection","01 - Daylight","02 - Non-fatal injury","05 - Turning movement"
"9693","MAITLAND AVE/HWY 417 MAITLAND IC126R53 @ HWY 4","363229.14345","5025774.51820","-75.75407","45.36948","2017","10/7/2017","1:56:00 AM","01 - Clear","01 - Dry","01 - Traffic signal","03 - At intersection","07 - Dark","03 - P.D. only","05 - Turning movement"
"9694","MAITLAND AVE/HWY 417 MAITLAND IC126R53 @ HWY 4","363229.25828","5025774.90837","-75.75407","45.36948","2017","11/16/2017","4:24:00 PM","02 - Rain","02 - Wet","01 - Traffic signal","03 - At intersection","05 - Dusk","02 - Non-fatal injury","05 - Turning movement"
"9695","MAITLAND AVE/HWY 417 MAITLAND IC126R53 @ HWY 4","363230.05593","5025774.64248","-75.75406","45.36948","2017","2/16/2017","8:54:00 AM","01 - Clear","06 - Ice","01 - Traffic signal","02 - Intersection related","01 - Daylight","03 - P.D. only","04 - Sideswipe"
"9696","MAJESTIC DR @ PRITCHARD DR","363353.68976","5021508.81750","-75.75299","45.33109","2017","3/24/2017","7:42:00 PM","03 - Snow","03 - Loose snow","03 - Yield sign","03 - At intersection","07 - Dark","03 - P.D. only","02 - Angle"
"9697","MAJESTIC DR @ WOODROFFE AVE","363527.22003","5021570.78234","-75.75076","45.33163","2017","9/7/2017","3:53:00 PM","01 - Clear","02 - Wet","01 - Traffic signal","03 - At intersection","01 - Daylight","03 - P.D. only","03 - Rear end"
"9698","MAJESTIC DR @ WOODROFFE AVE","363527.69340","5021571.49240","-75.75076","45.33163","2017","9/29/2017","4:09:00 PM","01 - Clear","01 - Dry","01 - Traffic signal","02 - Intersection related","01 - Daylight","03 - P.D. only","03 - Rear end"
"9699","MAJESTIC DR @ WOODROFFE AVE","363528.69674","5021573.49909","-75.75074","45.33165","2017","10/5/2017","11:55:00 AM","01 - Clear","01 - Dry","01 - Traffic signal","02 - Intersection related","01 - Daylight","03 - P.D. only","03 - Rear end"
"9700","MAJESTIC DR @ WOODROFFE AVE","363527.14695","5021570.94595","-75.75076","45.33163","2017","1/31/2017","3:36:00 PM","01 - Clear","01 - Dry","01 - Traffic signal","02 - Intersection related","01 - Daylight","03 - P.D. only","04 - Sideswipe"
"9701","MAJESTIC DR @ WOODROFFE AVE","363527.69340","5021570.13555","-75.75076","45.33162","2017","1/10/2017","7:16:00 PM","03 - Snow","03 - Loose snow","01 - Traffic signal","03 - At intersection","07 - Dark","03 - P.D. only","05 - Turning movement"
"9702","MAJESTIC DR @ WOODROFFE AVE","363527.14695","5021572.58530","-75.75076","45.33164","2017","1/31/2017","8:15:00 AM","01 - Clear","01 - Dry","01 - Traffic signal","02 - Intersection related","01 - Daylight","03 - P.D. only","03 - Rear end"
"9703","MAJESTIC DR @ WOODROFFE AVE","363527.69340","5021573.20914","-75.75076","45.33165","2017","1/4/2017","8:50:00 PM","03 - Snow","06 - Ice","01 - Traffic signal","03 - At intersection","07 - Dark","03 - P.D. only","03 - Rear end"
"9704","MAJESTIC DR @ WOODROFFE AVE","363528.02785","5021570.82350","-75.75075","45.33163","2017","2/19/2017","8:51:00 PM","01 - Clear","01 - Dry","01 - Traffic signal","03 - At intersection","07 - Dark","02 - Non-fatal injury","07 - SMV other"
"9705","MALAKOFF RD btwn PADEN RD & DONNELLY DR","367863.69055","4989775.20171","-75.69947","45.04515","2017","7/27/2017","9:48:00 PM","01 - Clear","01 - Dry","10 - No control","01 - Non intersection","07 - Dark","03 - P.D. only","07 - SMV other"
"9706","MALAKOFF RD btwn TURN LANE & PADEN RD","366424.48939","4991364.81253","-75.71754","45.05958","2017","5/17/2017","6:41:00 AM","01 - Clear","01 - Dry","10 - No control","01 - Non intersection","01 - Daylight","02 - Non-fatal injury","07 - SMV other"
"9707","MALVERN DR btwn CHALICE CRT & SHERWAY DR","362804.89844","5015997.94016","-75.76063","45.28154","2017","5/11/2017","10:47:00 AM","01 - Clear","01 - Dry","10 - No control","01 - Non intersection","01 - Daylight","02 - Non-fatal injury","07 - SMV other"
"9708","MALVERN DR btwn CHALICE CRT & SHERWAY DR","362632.96056","5015868.25254","-75.76284","45.28039","2017","8/15/2017","5:41:00 PM","01 - Clear","01 - Dry","10 - No control","04 - At/near private drive","01 - Daylight","03 - P.D. only","02 - Angle"
"9709","MANCHESTER AVE @ SCOTT ST","365361.02705","5029976.24270","-75.72634","45.40710","2017","5/24/2017","3:55:00 PM","01 - Clear","01 - Dry","02 - Stop sign","02 - Intersection related","01 - Daylight","03 - P.D. only","03 - Rear end"
"9710","MANDALAY ST btwn SWEETFERN CRES & SWEETVALLEY DR","384702.89800","5034162.17500","-75.47861","45.44282","2017","5/19/2017","11:17:00 AM","01 - Clear","01 - Dry","10 - No control","01 - Non intersection","01 - Daylight","03 - P.D. only","06 - SMV unattended vehicle"
"9711","MANN AVE @ GOULBURN AVE/GOULBURN CRES","369686.62524","5031637.27155","-75.67087","45.42166","2017","10/10/2017","12:10:00 PM","01 - Clear","01 - Dry","02 - Stop sign","03 - At intersection","01 - Daylight","02 - Non-fatal injury","02 - Angle"
"9712","MANN AVE @ GOULBURN AVE/GOULBURN CRES","369688.45135","5031636.35849","-75.67084","45.42165","2017","10/29/2017","11:26:00 AM","02 - Rain","02 - Wet","02 - Stop sign","03 - At intersection","01 - Daylight","03 - P.D. only","02 - Angle"
"9713","MANN AVE @ RUSSELL AVE","369470.71450","5031504.82035","-75.67364","45.42049","2017","12/15/2017","7:29:00 AM","01 - Clear","06 - Ice","02 - Stop sign","03 - At intersection","03 - Dawn","03 - P.D. only","02 - Angle"
"9714","MANN AVE btwn MARLBOROUGH AVE & RANGE RD","369787.62030","5031694.19010","-75.66957","45.42216","2017","7/18/2017","12:19:00 PM","01 - Clear","01 - Dry","10 - No control","01 - Non intersection","01 - Daylight","03 - P.D. only","06 - SMV unattended vehicle"
"9715","MANN AVE btwn TURN LANE & RUSSELL AVE","369262.45717","5031381.22243","-75.67632","45.41940","2017","2/18/2017","4:30:00 PM","01 - Clear","01 - Dry","10 - No control","01 - Non intersection","01 - Daylight","03 - P.D. only","01 - Approaching"
"9716","MANN AVE btwn TURN LANE & RUSSELL AVE","369398.09762","5031461.95845","-75.67458","45.42011","2017","2/14/2017","12:00:00 AM","01 - Clear","04 - Slush","10 - No control","01 - Non intersection","00 - Unknown","03 - P.D. only","06 - SMV unattended vehicle"
"9717","MANN AVE btwn TURN LANE & RUSSELL AVE","369446.29978","5031487.85899","-75.67396","45.42034","2017","3/3/2017","2:42:00 PM","01 - Clear","01 - Dry","10 - No control","01 - Non intersection","01 - Daylight","03 - P.D. only","04 - Sideswipe"
"9718","MANOTICK MAIN ST @ MILL ST","368820.36295","5009830.72010","-75.68476","45.22553","2017","5/16/2017","11:15:00 AM","01 - Clear","01 - Dry","02 - Stop sign","02 - Intersection related","01 - Daylight","03 - P.D. only","04 - Sideswipe"
"9719","MANOTICK MAIN ST @ MILL ST","368820.36295","5009832.05790","-75.68476","45.22554","2017","6/10/2017","5:40:00 PM","01 - Clear","01 - Dry","02 - Stop sign","03 - At intersection","01 - Daylight","03 - P.D. only","02 - Angle"
"9720","MANOTICK MAIN ST btwn BANKFIELD RD & HIGHCROFT DR","368463.38622","5010117.67605","-75.68926","45.22814","2017","6/14/2017","4:30:00 PM","01 - Clear","01 - Dry","10 - No control","01 - Non intersection","01 - Daylight","02 - Non-fatal injury","03 - Rear end"
"9721","MANOTICK MAIN ST btwn BEAVERWOOD RD & CURRIER ST","368980.75033","5009686.44134","-75.68273","45.22422","2017","9/15/2017","6:06:00 PM","01 - Clear","01 - Dry","10 - No control","04 - At/near private drive","01 - Daylight","03 - P.D. only","06 - SMV unattended vehicle"
"9722","MANOTICK MAIN ST btwn CURRIER ST & EASTMAN AVE","369063.59119","5009614.58007","-75.68169","45.22356","2017","5/3/2017","1:21:00 AM","01 - Clear","01 - Dry","10 - No control","01 - Non intersection","07 - Dark","03 - P.D. only","06 - SMV unattended vehicle"
"9723","MANOTICK MAIN ST btwn HIGHCROFT DR & MAPLE AVE","368660.71526","5009957.58574","-75.68677","45.22669","2017","5/13/2017","10:12:00 AM","02 - Rain","02 - Wet","10 - No control","04 - At/near private drive","01 - Daylight","03 - P.D. only","02 - Angle"
"9724","MANOTICK MAIN ST btwn HIGHCROFT DR & MAPLE AVE","368655.14556","5009961.15489","-75.68684","45.22672","2017","6/16/2017","1:03:00 PM","01 - Clear","02 - Wet","10 - No control","04 - At/near private drive","01 - Daylight","03 - P.D. only","02 - Angle"
"9725","MANOTICK MAIN ST btwn MAHOGANY HARBOUR LANE & ANTOCHI LANE","369637.74375","5009142.79921","-75.67444","45.21926","2017","9/18/2017","12:22:00 PM","01 - Clear","01 - Dry","10 - No control","01 - Non intersection","01 - Daylight","03 - P.D. only","06 - SMV unattended vehicle"
"9726","MANOTICK STATION RD @ MITCH OWENS RD","373509.07955","5013268.43080","-75.62458","45.25602","2017","3/17/2017","11:18:00 AM","01 - Clear","01 - Dry","02 - Stop sign","03 - At intersection","01 - Daylight","03 - P.D. only","02 - Angle"
"9727","MANOTICK STATION RD @ SNAKE ISLAND RD","376805.40395","5005702.03271","-75.58368","45.18761","2017","7/1/2017","10:43:00 PM","02 - Rain","02 - Wet","02 - Stop sign","02 - Intersection related","07 - Dark","02 - Non-fatal injury","07 - SMV other"
"9728","MANOTICK STATION RD @ SNAKE ISLAND RD","376805.40395","5005703.37050","-75.58368","45.18762","2017","4/6/2017","7:45:00 AM","02 - Rain","02 - Wet","02 - Stop sign","02 - Intersection related","01 - Daylight","03 - P.D. only","02 - Angle"
"9729","MANOTICK STATION RD @ SNAKE ISLAND RD","376814.28455","5005703.37290","-75.58357","45.18762","2017","12/22/2017","12:10:00 PM","03 - Snow","03 - Loose snow","02 - Stop sign","02 - Intersection related","01 - Daylight","02 - Non-fatal injury","07 - SMV other"
"9730","MANOTICK STATION RD btwn DEERMEADOW DR & NICK ADAMS RD","375057.60475","5009793.62862","-75.60534","45.22460","2017","4/16/2017","10:35:00 AM","02 - Rain","02 - Wet","10 - No control","01 - Non intersection","01 - Daylight","03 - P.D. only","07 - SMV other"
"9731","MANOTICK STATION RD btwn DEERMEADOW DR & NICK ADAMS RD","374880.20505","5010215.91252","-75.60754","45.22842","2017","12/22/2017","12:08:00 PM","03 - Snow","03 - Loose snow","10 - No control","04 - At/near private drive","01 - Daylight","03 - P.D. only","03 - Rear end"
"9732","MANOTICK STATION RD btwn HERBERTS CORNERS RD & SNAKE ISLAND RD","376708.41399","5005823.77184","-75.58490","45.18871","2017","6/5/2017","11:15:00 PM","01 - Clear","02 - Wet","10 - No control","01 - Non intersection","07 - Dark","03 - P.D. only","07 - SMV other"
"9733","MANOTICK STATION RD btwn HERBERTS CORNERS RD & SNAKE ISLAND RD","376785.33706","5005708.05277","-75.58394","45.18767","2017","6/19/2017","9:30:00 PM","02 - Rain","02 - Wet","10 - No control","01 - Non intersection","07 - Dark","03 - P.D. only","07 - SMV other"
"9734","MANOTICK STATION RD btwn HERBERTS CORNERS RD & SNAKE ISLAND RD","376758.38778","5005724.79102","-75.58428","45.18782","2017","12/27/2017","4:56:00 PM","01 - Clear","01 - Dry","10 - No control","01 - Non intersection","05 - Dusk","03 - P.D. only","07 - SMV other"
"9735","MANOTICK STATION RD btwn MITCH OWENS RD & PEBBLEWOODS DR","373686.41403","5012862.36785","-75.62238","45.25235","2017","5/17/2017","6:52:00 PM","01 - Clear","01 - Dry","10 - No control","01 - Non intersection","01 - Daylight","03 - P.D. only","07 - SMV other"
"9736","MANOTICK STATION RD btwn MITCH OWENS RD & PEBBLEWOODS DR","373565.26684","5013147.36057","-75.62388","45.25492","2017","11/1/2017","6:45:00 AM","01 - Clear","01 - Dry","10 - No control","01 - Non intersection","07 - Dark","03 - P.D. only","07 - SMV other"
"9737","MANOTICK STATION RD btwn NICK ADAMS RD & HERBERTS CORNERS RD","375926.47984","5007709.62407","-75.59458","45.20576","2017","12/10/2017","5:15:00 PM","01 - Clear","01 - Dry","10 - No control","01 - Non intersection","07 - Dark","03 - P.D. only","07 - SMV other"
"9738","MAPLE FOREST DR btwn STILLWOOD DR & END","368085.77263","4999691.57688","-75.69540","45.13436","2017","3/11/2017","9:43:00 PM","01 - Clear","01 - Dry","10 - No control","01 - Non intersection","07 - Dark","03 - P.D. only","07 - SMV other"
"9739","MAPLE GROVE RD @ MONTSERRAT ST/WARMSTONE DR","350006.52110","5016472.74600","-75.92371","45.28676","2017","3/28/2017","8:00:00 PM","01 - Clear","01 - Dry","02 - Stop sign","02 - Intersection related","07 - Dark","03 - P.D. only","07 - SMV other"
"9740","MAPLE GROVE RD @ SANTOLINA ST","349722.74440","5016214.02810","-75.92736","45.28445","2017","2/17/2017","12:18:00 PM","01 - Clear","02 - Wet","02 - Stop sign","03 - At intersection","01 - Daylight","03 - P.D. only","02 - Angle"
"9741","MAPLE GROVE RD @ TERRY FOX DR","351553.27415","5017865.13340","-75.90387","45.29918","2017","6/2/2017","10:28:00 AM","01 - Clear","01 - Dry","01 - Traffic signal","02 - Intersection related","01 - Daylight","03 - P.D. only","99 - Other"
"9742","MAPLE GROVE RD @ TERRY FOX DR","351553.27415","5017863.79560","-75.90387","45.29917","2017","6/24/2017","11:51:00 AM","01 - Clear","01 - Dry","01 - Traffic signal","02 - Intersection related","01 - Daylight","03 - P.D. only","03 - Rear end"
"9743","MAPLE GROVE RD @ TERRY FOX DR","351553.27415","5017865.13340","-75.90387","45.29918","2017","6/30/2017","5:32:00 PM","02 - Rain","02 - Wet","01 - Traffic signal","02 - Intersection related","01 - Daylight","03 - P.D. only","03 - Rear end"
"9744","MAPLE GROVE RD @ TERRY FOX DR","351555.28084","5017864.46450","-75.90384","45.29918","2017","10/17/2017","5:01:00 PM","01 - Clear","01 - Dry","01 - Traffic signal","02 - Intersection related","01 - Daylight","03 - P.D. only","05 - Turning movement"
"9745","MAPLE GROVE RD @ TERRY FOX DR","351554.61194","5017863.79560","-75.90385","45.29917","2017","12/5/2017","1:47:00 PM","01 - Clear","02 - Wet","01 - Traffic signal","02 - Intersection related","01 - Daylight","03 - P.D. only","03 - Rear end"
"9746","MAPLE GROVE RD @ TERRY FOX DR","351553.94305","5017865.13340","-75.90386","45.29918","2017","11/25/2017","2:33:00 PM","02 - Rain","02 - Wet","01 - Traffic signal","02 - Intersection related","01 - Daylight","03 - P.D. only","03 - Rear end"
"9747","MAPLE GROVE RD @ TERRY FOX DR","351553.13523","5017863.28107","-75.90387","45.29917","2017","11/2/2017","6:06:00 PM","02 - Rain","02 - Wet","01 - Traffic signal","02 - Intersection related","07 - Dark","03 - P.D. only","03 - Rear end"
"9748","MAPLE GROVE RD @ TERRY FOX DR","351553.60860","5017864.22781","-75.90386","45.29918","2017","12/23/2017","3:20:00 PM","03 - Snow","03 - Loose snow","01 - Traffic signal","02 - Intersection related","01 - Daylight","03 - P.D. only","04 - Sideswipe"
"9749","MAPLE GROVE RD @ TERRY FOX DR","351554.08650","5017863.74765","-75.90386","45.29917","2017","12/19/2017","6:15:00 PM","01 - Clear","01 - Dry","01 - Traffic signal","03 - At intersection","07 - Dark","03 - P.D. only","05 - Turning movement"
"9750","MAPLE GROVE RD @ TERRY FOX DR","351552.65281","5017863.26976","-75.90387","45.29917","2017","12/16/2017","12:42:00 PM","01 - Clear","02 - Wet","01 - Traffic signal","02 - Intersection related","01 - Daylight","02 - Non-fatal injury","03 - Rear end"
"9751","MAPLE GROVE RD btwn Continuation of MAPLE GROVE RD & SILVER SEVEN RD","351178.91534","5017526.45782","-75.90867","45.29616","2017","5/11/2017","4:00:00 PM","01 - Clear","01 - Dry","10 - No control","01 - Non intersection","01 - Daylight","03 - P.D. only","07 - SMV other"
"9752","MAPLE GROVE RD btwn HUNTMAR DR & ROSEHILL AVE","350287.78177","5016729.78412","-75.92011","45.28905","2017","3/15/2017","8:05:00 PM","01 - Clear","05 - Packed snow","10 - No control","01 - Non intersection","07 - Dark","03 - P.D. only","01 - Approaching"
"9753","MAPLE GROVE RD btwn SILVER SEVEN RD & TERRY FOX DR","351351.33007","5017675.44833","-75.90646","45.29749","2017","4/8/2017","3:30:00 PM","01 - Clear","01 - Dry","10 - No control","01 - Non intersection","01 - Daylight","03 - P.D. only","03 - Rear end"
"9754","MAPLE ST btwn CYR AVE & OLMSTEAD ST","370368.80250","5032857.59849","-75.66199","45.43258","2017","3/31/2017","11:58:00 PM","02 - Rain","04 - Slush","10 - No control","01 - Non intersection","07 - Dark","03 - P.D. only","06 - SMV unattended vehicle"
"9755","MARAVISTA DR @ STRANDHERD DR","361288.43810","5014584.95810","-75.78012","45.26895","2017","6/1/2017","4:49:00 PM","01 - Clear","01 - Dry","01 - Traffic signal","03 - At intersection","01 - Daylight","03 - P.D. only","05 - Turning movement"
"9756","MARAVISTA DR @ STRANDHERD DR","361288.43810","5014584.95810","-75.78012","45.26895","2017","5/18/2017","5:23:00 PM","01 - Clear","01 - Dry","01 - Traffic signal","03 - At intersection","01 - Daylight","02 - Non-fatal injury","02 - Angle"
"9757","MARAVISTA DR @ STRANDHERD DR","361288.43810","5014584.95810","-75.78012","45.26895","2017","9/26/2017","7:50:00 PM","01 - Clear","01 - Dry","01 - Traffic signal","02 - Intersection related","07 - Dark","03 - P.D. only","03 - Rear end"
"9758","MARAVISTA DR @ STRANDHERD DR","361288.43810","5014584.95810","-75.78012","45.26895","2017","10/12/2017","12:32:00 PM","01 - Clear","01 - Dry","01 - Traffic signal","03 - At intersection","01 - Daylight","03 - P.D. only","02 - Angle"
"9759","MARAVISTA DR @ STRANDHERD DR","361288.43810","5014584.95810","-75.78012","45.26895","2017","11/4/2017","6:19:00 PM","01 - Clear","01 - Dry","01 - Traffic signal","02 - Intersection related","07 - Dark","03 - P.D. only","03 - Rear end"
"9760","MARAVISTA DR @ STRANDHERD DR","361288.43810","5014584.95810","-75.78012","45.26895","2017","3/13/2017","3:20:00 PM","01 - Clear","01 - Dry","01 - Traffic signal","02 - Intersection related","01 - Daylight","03 - P.D. only","03 - Rear end"
"9761","MARAVISTA DR @ STRANDHERD DR","361288.43810","5014584.95810","-75.78012","45.26895","2017","3/24/2017","9:54:00 PM","04 - Freezing Rain","04 - Slush","01 - Traffic signal","03 - At intersection","07 - Dark","03 - P.D. only","07 - SMV other"
"9762","MARCH RD @ HUNTMAR DR","344141.33351","5023548.21326","-75.99792","45.35078","2017","12/20/2017","5:25:00 PM","01 - Clear","01 - Dry","02 - Stop sign","02 - Intersection related","07 - Dark","03 - P.D. only","07 - SMV other"
"9763","MARCH RD @ MARCHURST RD","345133.24455","5024452.84829","-75.98519","45.35886","2017","11/13/2017","4:36:00 PM","01 - Clear","01 - Dry","02 - Stop sign","02 - Intersection related","05 - Dusk","03 - P.D. only","03 - Rear end"
"9764","MARCH RD @ MARCHURST RD","345134.99911","5024451.98387","-75.98516","45.35885","2017","12/18/2017","2:57:00 PM","03 - Snow","03 - Loose snow","02 - Stop sign","02 - Intersection related","01 - Daylight","02 - Non-fatal injury","05 - Turning movement"
"9765","MARCH RD @ MAXWELL RD","347978.86101","5025470.14367","-75.94878","45.36784","2017","2/14/2017","4:55:00 PM","03 - Snow","03 - Loose snow","02 - Stop sign","02 - Intersection related","05 - Dusk","03 - P.D. only","03 - Rear end"
"9766","MARCH RD @ MORGAN'S GRANT WAY/SHIRLEY'S BROOK","349662.61254","5023618.17890","-75.92745","45.35107","2017","5/17/2017","4:47:00 PM","01 - Clear","01 - Dry","01 - Traffic signal","03 - At intersection","01 - Daylight","03 - P.D. only","05 - Turning movement"
"9767","MARCH RD @ MORGAN'S GRANT WAY/SHIRLEY'S BROOK","349663.28144","5023617.51000","-75.92744","45.35107","2017","4/27/2017","12:53:00 PM","01 - Clear","01 - Dry","01 - Traffic signal","02 - Intersection related","01 - Daylight","03 - P.D. only","03 - Rear end"
"9768","MARCH RD @ MORGAN'S GRANT WAY/SHIRLEY'S BROOK","349663.28144","5023616.84110","-75.92744","45.35106","2017","6/9/2017","10:27:00 PM","01 - Clear","01 - Dry","01 - Traffic signal","03 - At intersection","07 - Dark","03 - P.D. only","05 - Turning movement"
"9769","MARCH RD @ MORGAN'S GRANT WAY/SHIRLEY'S BROOK","349662.21070","5023619.01376","-75.92746","45.35108","2017","6/28/2017","1:14:00 PM","01 - Clear","01 - Dry","01 - Traffic signal","02 - Intersection related","01 - Daylight","02 - Non-fatal injury","03 - Rear end"
"9770","MARCH RD @ MORGAN'S GRANT WAY/SHIRLEY'S BROOK","349662.53092","5023616.91538","-75.92745","45.35106","2017","9/21/2017","5:33:00 PM","01 - Clear","01 - Dry","01 - Traffic signal","03 - At intersection","01 - Daylight","02 - Non-fatal injury","05 - Turning movement"
"9771","MARCH RD @ MORGAN'S GRANT WAY/SHIRLEY'S BROOK","349662.08257","5023618.22006","-75.92746","45.35107","2017","9/28/2017","8:21:00 AM","01 - Clear","01 - Dry","01 - Traffic signal","02 - Intersection related","01 - Daylight","03 - P.D. only","04 - Sideswipe"
"9772","MARCH RD @ MORGAN'S GRANT WAY/SHIRLEY'S BROOK","349661.94365","5023616.84110","-75.92746","45.35106","2017","11/28/2017","5:07:00 PM","01 - Clear","01 - Dry","01 - Traffic signal","03 - At intersection","07 - Dark","03 - P.D. only","05 - Turning movement"
"9773","MARCH RD @ MORGAN'S GRANT WAY/SHIRLEY'S BROOK","349662.61254","5023617.51000","-75.92745","45.35107","2017","4/18/2017","9:31:00 AM","01 - Clear","01 - Dry","01 - Traffic signal","03 - At intersection","01 - Daylight","03 - P.D. only","05 - Turning movement"
"9774","MARCH RD @ MORGAN'S GRANT WAY/SHIRLEY'S BROOK","349661.13583","5023616.79994","-75.92747","45.35106","2017","12/26/2017","2:33:00 PM","01 - Clear","01 - Dry","01 - Traffic signal","03 - At intersection","01 - Daylight","03 - P.D. only","03 - Rear end"
"9775","MARCH RD @ PETER ROBINSON RD","334998.55338","5015264.61546","-76.11510","45.27669","2017","9/22/2017","6:28:00 AM","07 - Fog, mist, smoke, dust","01 - Dry","02 - Stop sign","02 - Intersection related","03 - Dawn","03 - P.D. only","07 - SMV other"
"9776","MARCH RD @ PETER ROBINSON RD","334998.13616","5015265.27364","-76.11511","45.27670","2017","9/18/2017","8:08:00 PM","01 - Clear","01 - Dry","02 - Stop sign","03 - At intersection","07 - Dark","02 - Non-fatal injury","05 - Turning movement"
"9777","MARCH RD @ RICHARDSON SIDE RD","351414.95065","5021780.15140","-75.90526","45.33442","2017","6/16/2017","11:05:00 PM","01 - Clear","01 - Dry","01 - Traffic signal","02 - Intersection related","07 - Dark","03 - P.D. only","03 - Rear end"
"9778","MARCH RD @ RICHARDSON SIDE RD","351413.61286","5021780.15140","-75.90528","45.33442","2017","6/24/2017","4:55:00 PM","01 - Clear","01 - Dry","01 - Traffic signal","02 - Intersection related","01 - Daylight","03 - P.D. only","03 - Rear end"
"9779","MARCH RD @ RICHARDSON SIDE RD","351414.95065","5021780.15140","-75.90526","45.33442","2017","4/28/2017","5:20:00 PM","01 - Clear","01 - Dry","01 - Traffic signal","03 - At intersection","01 - Daylight","03 - P.D. only","05 - Turning movement"
"9780","MARCH RD @ RICHARDSON SIDE RD","351414.38936","5021779.38822","-75.90527","45.33441","2017","5/29/2017","8:00:00 PM","02 - Rain","02 - Wet","01 - Traffic signal","02 - Intersection related","01 - Daylight","03 - P.D. only","03 - Rear end"
"9781","MARCH RD @ RICHARDSON SIDE RD","351414.61620","5021780.76455","-75.90527","45.33443","2017","8/16/2017","9:55:00 AM","01 - Clear","01 - Dry","01 - Traffic signal","02 - Intersection related","01 - Daylight","03 - P.D. only","03 - Rear end"
"9782","MARCH RD @ RICHARDSON SIDE RD","351414.77960","5021778.89686","-75.90526","45.33441","2017","8/21/2017","9:00:00 AM","01 - Clear","01 - Dry","01 - Traffic signal","02 - Intersection related","01 - Daylight","03 - P.D. only","03 - Rear end"
"9783","MARCH RD @ RICHARDSON SIDE RD","351416.82106","5021778.34082","-75.90524","45.33440","2017","10/12/2017","8:54:00 AM","01 - Clear","01 - Dry","01 - Traffic signal","02 - Intersection related","01 - Daylight","03 - P.D. only","04 - Sideswipe"
"9784","MARCH RD @ RICHARDSON SIDE RD","351414.72863","5021779.54140","-75.90526","45.33442","2017","1/16/2017","5:49:00 PM","01 - Clear","01 - Dry","01 - Traffic signal","02 - Intersection related","07 - Dark","03 - P.D. only","04 - Sideswipe"
"9785","MARCH RD @ RICHARDSON SIDE RD","351416.14529","5021780.53193","-75.90525","45.33442","2017","2/6/2017","8:30:00 AM","01 - Clear","06 - Ice","01 - Traffic signal","02 - Intersection related","01 - Daylight","03 - P.D. only","03 - Rear end"
"9786","MARCH RD @ RICHARDSON SIDE RD","351412.50823","5021780.06360","-75.90529","45.33442","2017","4/11/2017","12:00:00 PM","01 - Clear","01 - Dry","01 - Traffic signal","02 - Intersection related","01 - Daylight","03 - P.D. only","04 - Sideswipe"
"9787","MARCH RD @ RICHARDSON SIDE RD","351416.28844","5021778.81360","-75.90525","45.33441","2017","3/30/2017","9:09:00 AM","01 - Clear","01 - Dry","01 - Traffic signal","03 - At intersection","01 - Daylight","02 - Non-fatal injury","05 - Turning movement"
"9788","MARCH RD @ SECOND LINE RD","346103.25646","5025327.52490","-75.97273","45.36667","2017","10/2/2017","10:50:00 PM","01 - Clear","01 - Dry","01 - Traffic signal","02 - Intersection related","07 - Dark","03 - P.D. only","03 - Rear end"
"9789","MARCH RD @ SECOND LINE RD","346104.82417","5025326.29053","-75.97271","45.36666","2017","1/3/2017","3:32:00 PM","04 - Freezing Rain","04 - Slush","01 - Traffic signal","03 - At intersection","01 - Daylight","02 - Non-fatal injury","02 - Angle"
"9790","MARCH RD @ SECOND LINE RD","346103.11623","5025326.81504","-75.97273","45.36667","2017","12/28/2017","4:33:00 PM","01 - Clear","01 - Dry","01 - Traffic signal","02 - Intersection related","05 - Dusk","03 - P.D. only","07 - SMV other"