"Record","Location","X","Y","Longitude","Latitude","Year","Date","Time","Environment","Road_Surface","Traffic_Control","Collision_Location","Light","Collision_Classification","Impact_type"
"9791","MARCH RD @ SOLANDT RD","350491.28074","5022711.17130","-75.91696","45.34286","2017","6/13/2017","5:30:00 PM","01 - Clear","01 - Dry","01 - Traffic signal","03 - At intersection","01 - Daylight","03 - P.D. only","05 - Turning movement"
"9792","MARCH RD @ SOLANDT RD","350491.13701","5022710.50240","-75.91696","45.34285","2017","6/2/2017","7:58:00 AM","01 - Clear","01 - Dry","01 - Traffic signal","03 - At intersection","01 - Daylight","03 - P.D. only","05 - Turning movement"
"9793","MARCH RD @ SOLANDT RD","350489.27405","5022711.17130","-75.91699","45.34286","2017","5/9/2017","9:30:00 AM","01 - Clear","01 - Dry","01 - Traffic signal","02 - Intersection related","01 - Daylight","03 - P.D. only","03 - Rear end"
"9794","MARCH RD @ SOLANDT RD","350490.61184","5022708.49571","-75.91697","45.34284","2017","10/31/2017","3:47:00 PM","01 - Clear","01 - Dry","01 - Traffic signal","03 - At intersection","01 - Daylight","03 - P.D. only","05 - Turning movement"
"9795","MARCH RD @ SOLANDT RD","350490.55525","5022710.26571","-75.91697","45.34285","2017","10/24/2017","7:37:00 AM","02 - Rain","02 - Wet","01 - Traffic signal","03 - At intersection","01 - Daylight","03 - P.D. only","05 - Turning movement"
"9796","MARCH RD @ SOLANDT RD","350489.16157","5022710.27894","-75.91699","45.34285","2017","9/12/2017","7:13:00 AM","01 - Clear","01 - Dry","01 - Traffic signal","02 - Intersection related","01 - Daylight","03 - P.D. only","03 - Rear end"
"9797","MARCH RD @ SOLANDT RD","350489.27405","5022710.50240","-75.91699","45.34285","2017","2/16/2017","7:15:00 PM","01 - Clear","01 - Dry","01 - Traffic signal","03 - At intersection","07 - Dark","03 - P.D. only","05 - Turning movement"
"9798","MARCH RD @ SOLANDT RD","350491.31873","5022708.59212","-75.91696","45.34284","2017","4/18/2017","3:58:00 PM","01 - Clear","01 - Dry","01 - Traffic signal","02 - Intersection related","01 - Daylight","02 - Non-fatal injury","03 - Rear end"
"9799","MARCH RD @ SOLANDT RD","350490.61184","5022710.50240","-75.91697","45.34285","2017","3/22/2017","9:35:00 AM","01 - Clear","01 - Dry","01 - Traffic signal","03 - At intersection","01 - Daylight","02 - Non-fatal injury","05 - Turning movement"
"9800","MARCH RD @ SOLANDT RD","350491.05075","5022711.10464","-75.91696","45.34286","2017","12/20/2017","3:51:00 PM","01 - Clear","01 - Dry","01 - Traffic signal","03 - At intersection","01 - Daylight","03 - P.D. only","03 - Rear end"
"9801","MARCH RD @ SOLANDT RD","350489.13513","5022710.26571","-75.91699","45.34285","2017","12/21/2017","10:30:00 AM","01 - Clear","01 - Dry","01 - Traffic signal","03 - At intersection","01 - Daylight","03 - P.D. only","02 - Angle"
"9802","MARCH RD @ TALL FOREST DR E","343831.10023","5023266.75279","-76.00190","45.34826","2017","8/31/2017","6:32:00 PM","01 - Clear","01 - Dry","02 - Stop sign","03 - At intersection","01 - Daylight","03 - P.D. only","02 - Angle"
"9803","MARCH RD @ TERRY FOX DR","349862.93636","5023399.50890","-75.92491","45.34909","2017","5/18/2017","9:47:00 AM","01 - Clear","01 - Dry","01 - Traffic signal","02 - Intersection related","01 - Daylight","03 - P.D. only","03 - Rear end"
"9804","MARCH RD @ TERRY FOX DR","349863.60526","5023400.17780","-75.92491","45.34910","2017","6/14/2017","6:47:00 PM","01 - Clear","01 - Dry","01 - Traffic signal","02 - Intersection related","01 - Daylight","02 - Non-fatal injury","03 - Rear end"
"9805","MARCH RD @ TERRY FOX DR","349866.28084","5023398.84000","-75.92487","45.34909","2017","4/24/2017","2:47:00 PM","01 - Clear","01 - Dry","01 - Traffic signal","02 - Intersection related","01 - Daylight","03 - P.D. only","03 - Rear end"
"9806","MARCH RD @ TERRY FOX DR","349866.28084","5023399.50890","-75.92487","45.34909","2017","6/13/2017","8:15:00 PM","01 - Clear","01 - Dry","01 - Traffic signal","02 - Intersection related","05 - Dusk","03 - P.D. only","03 - Rear end"
"9807","MARCH RD @ TERRY FOX DR","349864.94305","5023398.84000","-75.92489","45.34909","2017","6/29/2017","11:53:00 AM","02 - Rain","02 - Wet","01 - Traffic signal","02 - Intersection related","01 - Daylight","03 - P.D. only","03 - Rear end"
"9808","MARCH RD @ TERRY FOX DR","349864.60860","5023399.28544","-75.92489","45.34909","2017","8/24/2017","5:49:00 PM","01 - Clear","01 - Dry","01 - Traffic signal","02 - Intersection related","01 - Daylight","03 - P.D. only","03 - Rear end"
"9809","MARCH RD @ TERRY FOX DR","349863.96757","5023398.22685","-75.92490","45.34908","2017","7/24/2017","3:37:00 PM","02 - Rain","02 - Wet","01 - Traffic signal","02 - Intersection related","01 - Daylight","03 - P.D. only","03 - Rear end"
"9810","MARCH RD @ TERRY FOX DR","349865.05553","5023400.17929","-75.92489","45.34910","2017","9/3/2017","10:39:00 AM","02 - Rain","02 - Wet","01 - Traffic signal","03 - At intersection","01 - Daylight","02 - Non-fatal injury","04 - Sideswipe"
"9811","MARCH RD @ TERRY FOX DR","349865.08650","5023398.79205","-75.92489","45.34909","2017","9/20/2017","4:15:00 PM","01 - Clear","01 - Dry","01 - Traffic signal","02 - Intersection related","01 - Daylight","03 - P.D. only","03 - Rear end"
"9812","MARCH RD @ TERRY FOX DR","349863.51570","5023399.50890","-75.92491","45.34909","2017","10/14/2017","8:00:00 AM","02 - Rain","02 - Wet","01 - Traffic signal","02 - Intersection related","01 - Daylight","03 - P.D. only","07 - SMV other"
"9813","MARCH RD @ TERRY FOX DR","349865.08197","5023400.69233","-75.92489","45.34910","2017","9/27/2017","2:43:00 PM","01 - Clear","01 - Dry","01 - Traffic signal","02 - Intersection related","01 - Daylight","02 - Non-fatal injury","03 - Rear end"
"9814","MARCH RD @ TERRY FOX DR","349864.60860","5023399.26995","-75.92489","45.34909","2017","10/20/2017","7:04:00 PM","01 - Clear","01 - Dry","01 - Traffic signal","02 - Intersection related","07 - Dark","03 - P.D. only","99 - Other"
"9815","MARCH RD @ TERRY FOX DR","349864.06215","5023398.41600","-75.92490","45.34908","2017","10/4/2017","5:45:00 PM","01 - Clear","01 - Dry","01 - Traffic signal","02 - Intersection related","01 - Daylight","03 - P.D. only","04 - Sideswipe"
"9816","MARCH RD @ TERRY FOX DR","349864.60860","5023400.21896","-75.92489","45.34910","2017","12/2/2017","6:19:00 PM","01 - Clear","01 - Dry","01 - Traffic signal","02 - Intersection related","07 - Dark","03 - P.D. only","04 - Sideswipe"
"9817","MARCH RD @ TERRY FOX DR","349865.46697","5023397.79216","-75.92488","45.34908","2017","1/8/2017","2:48:00 PM","01 - Clear","02 - Wet","01 - Traffic signal","02 - Intersection related","01 - Daylight","03 - P.D. only","03 - Rear end"
"9818","MARCH RD @ TERRY FOX DR","349865.08650","5023399.74785","-75.92489","45.34910","2017","12/27/2017","2:55:00 PM","01 - Clear","06 - Ice","01 - Traffic signal","02 - Intersection related","01 - Daylight","03 - P.D. only","07 - SMV other"
"9819","MARCH RD @ TERRY FOX DR","349864.60860","5023398.79205","-75.92489","45.34909","2017","12/19/2017","8:32:00 AM","01 - Clear","03 - Loose snow","01 - Traffic signal","03 - At intersection","01 - Daylight","03 - P.D. only","07 - SMV other"
"9820","MARCH RD @ THOMAS ARGUE RD","341132.69702","5020807.88970","-76.03651","45.32628","2017","11/28/2017","11:07:00 AM","01 - Clear","01 - Dry","02 - Stop sign","03 - At intersection","01 - Daylight","03 - P.D. only","02 - Angle"
"9821","MARCH RD @ UPPER DWYER HILL RD","334081.44190","5014290.78954","-76.12685","45.26797","2017","9/6/2017","7:25:00 AM","07 - Fog, mist, smoke, dust","01 - Dry","01 - Traffic signal","02 - Intersection related","01 - Daylight","03 - P.D. only","03 - Rear end"
"9822","MARCH RD btwn 280 S OF CARLING AVE/STATION RD & RICHARDSON SIDE RD","351296.38535","5021838.81368","-75.90677","45.33496","2017","8/16/2017","6:35:00 PM","01 - Clear","01 - Dry","10 - No control","04 - At/near private drive","01 - Daylight","02 - Non-fatal injury","05 - Turning movement"
"9823","MARCH RD btwn 280 S OF CARLING AVE/STATION RD & RICHARDSON SIDE RD","351165.03222","5021962.00992","-75.90843","45.33607","2017","7/20/2017","4:00:00 PM","01 - Clear","01 - Dry","10 - No control","01 - Non intersection","01 - Daylight","03 - P.D. only","03 - Rear end"
"9824","MARCH RD btwn 280 S OF CARLING AVE/STATION RD & RICHARDSON SIDE RD","351375.48577","5021794.86712","-75.90576","45.33456","2017","10/29/2017","4:32:00 AM","02 - Rain","02 - Wet","10 - No control","01 - Non intersection","07 - Dark","03 - P.D. only","07 - SMV other"
"9825","MARCH RD btwn 280 S OF CARLING AVE/STATION RD & RICHARDSON SIDE RD","351294.20243","5021841.64411","-75.90680","45.33498","2017","1/4/2017","4:10:00 PM","03 - Snow","03 - Loose snow","10 - No control","04 - At/near private drive","01 - Daylight","02 - Non-fatal injury","02 - Angle"
"9826","MARCH RD btwn BEARHILL RD & ROB LYTLE'S LANE","338196.95674","5018009.91714","-76.07415","45.30125","2017","10/22/2017","12:07:00 PM","01 - Clear","01 - Dry","10 - No control","01 - Non intersection","01 - Daylight","02 - Non-fatal injury","07 - SMV other"
"9827","MARCH RD btwn BEARHILL RD & ROB LYTLE'S LANE","338812.44778","5018614.34897","-76.06626","45.30666","2017","9/22/2017","3:15:00 PM","01 - Clear","01 - Dry","10 - No control","04 - At/near private drive","01 - Daylight","02 - Non-fatal injury","03 - Rear end"
"9828","MARCH RD btwn BEARHILL RD & ROB LYTLE'S LANE","338239.09721","5018052.05761","-76.07361","45.30163","2017","11/11/2017","6:00:00 PM","01 - Clear","01 - Dry","10 - No control","01 - Non intersection","07 - Dark","03 - P.D. only","07 - SMV other"
"9829","MARCH RD btwn BEARHILL RD & ROB LYTLE'S LANE","338872.83788","5018682.91491","-76.06549","45.30727","2017","12/24/2017","4:40:00 AM","03 - Snow","03 - Loose snow","10 - No control","01 - Non intersection","07 - Dark","03 - P.D. only","07 - SMV other"
"9830","MARCH RD btwn BURNT LANDS RD & UPPER DWYER HILL RD","333171.25900","5013625.79787","-76.13849","45.26202","2017","11/18/2017","9:31:00 PM","01 - Clear","03 - Loose snow","10 - No control","01 - Non intersection","07 - Dark","03 - P.D. only","07 - SMV other"
"9831","MARCH RD btwn CAMPEAU DR/HWY 417 MARCH IC138R63 & HWY417 IC138 RAMP36","352846.88010","5020461.94844","-75.88712","45.32246","2017","4/11/2017","6:21:00 PM","01 - Clear","01 - Dry","10 - No control","01 - Non intersection","01 - Daylight","03 - P.D. only","03 - Rear end"
"9832","MARCH RD btwn CAMPEAU DR/HWY 417 MARCH IC138R63 & HWY417 IC138 RAMP62","352757.24532","5020662.80523","-75.88825","45.32428","2017","8/28/2017","4:30:00 PM","01 - Clear","01 - Dry","10 - No control","01 - Non intersection","01 - Daylight","02 - Non-fatal injury","03 - Rear end"
"9833","MARCH RD btwn CARLING AVE/STATION RD & 280 S OF CARLING AVE/STATION RD","350973.75286","5022171.04560","-75.91085","45.33797","2017","9/1/2017","12:30:00 PM","01 - Clear","01 - Dry","10 - No control","01 - Non intersection","01 - Daylight","02 - Non-fatal injury","03 - Rear end"
"9834","MARCH RD btwn CARLING AVE/STATION RD & 280 S OF CARLING AVE/STATION RD","350975.81131","5022171.18717","-75.91083","45.33797","2017","4/20/2017","4:35:00 PM","01 - Clear","01 - Dry","10 - No control","01 - Non intersection","01 - Daylight","03 - P.D. only","03 - Rear end"
"9835","MARCH RD btwn CARP RD & DONALD B. MUNRO DR","342169.01980","5021736.49440","-76.02323","45.33458","2017","12/7/2017","8:42:00 PM","01 - Clear","01 - Dry","10 - No control","01 - Non intersection","07 - Dark","03 - P.D. only","07 - SMV other"
"9836","MARCH RD btwn CARP RD & DONALD B. MUNRO DR","342391.92954","5021935.03013","-76.02037","45.33636","2017","12/18/2017","5:22:00 PM","03 - Snow","03 - Loose snow","10 - No control","01 - Non intersection","07 - Dark","03 - P.D. only","07 - SMV other"
"9837","MARCH RD btwn CORKERY RD & GREY FOX DR","336009.33889","5016187.74571","-76.10216","45.28495","2017","7/25/2017","6:28:00 AM","01 - Clear","02 - Wet","10 - No control","01 - Non intersection","01 - Daylight","03 - P.D. only","07 - SMV other"
"9838","MARCH RD btwn DIAMONDVIEW RD & THOMAS ARGUE RD","340490.27036","5020223.71986","-76.04475","45.32106","2017","6/1/2017","1:08:00 PM","01 - Clear","01 - Dry","10 - No control","04 - At/near private drive","01 - Daylight","03 - P.D. only","05 - Turning movement"
"9839","MARCH RD btwn DIAMONDVIEW RD & THOMAS ARGUE RD","340497.19151","5020210.46711","-76.04466","45.32094","2017","11/9/2017","5:49:00 PM","02 - Rain","02 - Wet","10 - No control","01 - Non intersection","07 - Dark","03 - P.D. only","07 - SMV other"
"9840","MARCH RD btwn DUNROBIN RD & MURPHY CRT","347273.93190","5026064.19851","-75.95772","45.37323","2017","6/1/2017","9:10:00 PM","01 - Clear","01 - Dry","10 - No control","01 - Non intersection","05 - Dusk","03 - P.D. only","07 - SMV other"
"9841","MARCH RD btwn DUNROBIN RD & MURPHY CRT","347534.02090","5025948.78161","-75.95441","45.37218","2017","12/14/2017","9:05:00 PM","01 - Clear","02 - Wet","10 - No control","01 - Non intersection","07 - Dark","03 - P.D. only","07 - SMV other"
"9842","MARCH RD btwn DUNROBIN RD & MURPHY CRT","347708.81456","5025758.57472","-75.95220","45.37046","2017","3/25/2017","2:46:00 PM","01 - Clear","02 - Wet","10 - No control","01 - Non intersection","01 - Daylight","03 - P.D. only","03 - Rear end"
"9843","MARCH RD btwn GOLDEN LINE RD & BURNT LANDS RD","332591.41648","5013196.85682","-76.14590","45.25818","2017","7/9/2017","9:32:00 PM","02 - Rain","02 - Wet","10 - No control","01 - Non intersection","07 - Dark","03 - P.D. only","07 - SMV other"
"9844","MARCH RD btwn GOLDEN LINE RD & BURNT LANDS RD","332903.65213","5013425.41354","-76.14191","45.26023","2017","8/18/2017","9:30:00 PM","02 - Rain","02 - Wet","10 - No control","01 - Non intersection","07 - Dark","03 - P.D. only","07 - SMV other"
"9845","MARCH RD btwn GREY FOX DR & HOWIE RD","336369.87524","5016486.21231","-76.09755","45.28762","2017","6/8/2017","7:12:00 AM","01 - Clear","01 - Dry","10 - No control","01 - Non intersection","01 - Daylight","03 - P.D. only","07 - SMV other"
"9846","MARCH RD btwn HALTON TERR/MAXWELL BRIDGE RD & MAXWELL RD","348892.49799","5024465.03057","-75.93720","45.35874","2017","6/6/2017","2:15:00 PM","01 - Clear","02 - Wet","10 - No control","04 - At/near private drive","01 - Daylight","03 - P.D. only","04 - Sideswipe"
"9847","MARCH RD btwn HALTON TERR/MAXWELL BRIDGE RD & MAXWELL RD","347995.67315","5025448.44532","-75.94856","45.36765","2017","11/27/2017","5:36:00 PM","01 - Clear","02 - Wet","10 - No control","01 - Non intersection","07 - Dark","02 - Non-fatal injury","07 - SMV other"
"9848","MARCH RD btwn HALTON TERR/MAXWELL BRIDGE RD & MAXWELL RD","348905.84919","5024452.06268","-75.93703","45.35863","2017","2/8/2017","4:35:00 AM","04 - Freezing Rain","04 - Slush","10 - No control","04 - At/near private drive","07 - Dark","03 - P.D. only","07 - SMV other"
"9849","MARCH RD btwn HALTON TERR/MAXWELL BRIDGE RD & MAXWELL RD","348863.28144","5024495.77087","-75.93757","45.35902","2017","4/6/2017","9:59:00 PM","02 - Rain","02 - Wet","10 - No control","01 - Non intersection","07 - Dark","03 - P.D. only","03 - Rear end"
"9850","MARCH RD btwn HALTON TERR/MAXWELL BRIDGE RD & MAXWELL RD","348890.48663","5024457.51820","-75.93723","45.35868","2017","2/21/2017","11:58:00 AM","01 - Clear","01 - Dry","10 - No control","01 - Non intersection","01 - Daylight","02 - Non-fatal injury","04 - Sideswipe"
"9851","MARCH RD btwn HERZBERG RD & CORKSTOWN RD","352616.58746","5020975.15267","-75.89001","45.32710","2017","7/30/2017","4:46:00 AM","01 - Clear","01 - Dry","10 - No control","01 - Non intersection","07 - Dark","03 - P.D. only","07 - SMV other"
"9852","MARCH RD btwn HERZBERG RD & CORKSTOWN RD","352610.45591","5020991.84720","-75.89009","45.32725","2017","3/3/2017","5:44:00 PM","01 - Clear","01 - Dry","10 - No control","01 - Non intersection","05 - Dusk","02 - Non-fatal injury","03 - Rear end"
"9853","MARCH RD btwn HWY417 IC138 RAMP26 & EAGLESON RD","352929.91675","5020269.19148","-75.88608","45.32072","2017","2/10/2017","6:41:00 PM","01 - Clear","01 - Dry","10 - No control","01 - Non intersection","07 - Dark","03 - P.D. only","99 - Other"
"9854","MARCH RD btwn HWY417 IC138 RAMP36 & HWY417 IC138 RAMP26","352912.50200","5020299.75069","-75.88630","45.32100","2017","3/6/2017","5:40:00 PM","01 - Clear","02 - Wet","10 - No control","01 - Non intersection","05 - Dusk","03 - P.D. only","03 - Rear end"
"9855","MARCH RD btwn HWY417 IC138 RAMP36 & HWY417 IC138 RAMP26","352880.66794","5020380.82934","-75.88670","45.32173","2017","4/22/2017","5:14:00 PM","01 - Clear","01 - Dry","10 - No control","01 - Non intersection","01 - Daylight","02 - Non-fatal injury","07 - SMV other"
"9856","MARCH RD btwn HWY417 IC155 RAMP36 & DIAMONDVIEW RD","340000.32846","5019728.45979","-76.05104","45.31662","2017","3/3/2017","5:31:00 AM","03 - Snow","05 - Packed snow","10 - No control","01 - Non intersection","07 - Dark","03 - P.D. only","07 - SMV other"
"9857","MARCH RD btwn HWY417 IC155 RAMP36 & DIAMONDVIEW RD","340098.63570","5019831.79594","-76.04978","45.31755","2017","12/27/2017","4:11:00 PM","01 - Clear","02 - Wet","10 - No control","04 - At/near private drive","05 - Dusk","03 - P.D. only","03 - Rear end"
"9858","MARCH RD btwn JACOB'S GT & BEARHILL RD","337777.56158","5017681.12680","-76.07952","45.29831","2017","12/3/2017","9:50:00 PM","01 - Clear","01 - Dry","10 - No control","01 - Non intersection","07 - Dark","03 - P.D. only","07 - SMV other"
"9859","MARCH RD btwn KLONDIKE RD & MORGAN'S GRANT WAY","349475.25120","5023825.18345","-75.92982","45.35295","2017","7/28/2017","9:20:00 AM","01 - Clear","01 - Dry","10 - No control","04 - At/near private drive","01 - Daylight","02 - Non-fatal injury","03 - Rear end"
"9860","MARCH RD btwn KLONDIKE RD & MORGAN'S GRANT WAY","349266.61887","5024057.57762","-75.93247","45.35505","2017","9/7/2017","7:47:00 PM","02 - Rain","02 - Wet","10 - No control","01 - Non intersection","07 - Dark","03 - P.D. only","07 - SMV other"
"9861","MARCH RD btwn MARCH RD & BEACHVALE LANE","344197.36419","5023597.28861","-75.99720","45.35121","2017","1/11/2017","5:55:00 PM","01 - Clear","01 - Dry","10 - No control","01 - Non intersection","07 - Dark","03 - P.D. only","07 - SMV other"
"9862","MARCH RD btwn MURPHY CRT & MAXWELL RD","347876.44262","5025576.37438","-75.95008","45.36881","2017","9/17/2017","11:02:00 AM","01 - Clear","01 - Dry","10 - No control","04 - At/near private drive","01 - Daylight","02 - Non-fatal injury","05 - Turning movement"
"9863","MARCH RD btwn PETER ROBINSON RD & CORKERY RD","335840.38683","5016039.44582","-76.10432","45.28363","2017","6/16/2017","10:10:00 PM","01 - Clear","01 - Dry","10 - No control","01 - Non intersection","07 - Dark","03 - P.D. only","07 - SMV other"
"9864","MARCH RD btwn PETER ROBINSON RD & CORKERY RD","335893.22964","5016086.93746","-76.10365","45.28405","2017","5/8/2017","8:08:00 AM","01 - Clear","01 - Dry","10 - No control","01 - Non intersection","01 - Daylight","03 - P.D. only","07 - SMV other"
"9865","MARCH RD btwn PETER ROBINSON RD & CORKERY RD","335018.28490","5015279.36825","-76.11485","45.27682","2017","10/17/2017","10:09:00 PM","01 - Clear","01 - Dry","10 - No control","01 - Non intersection","07 - Dark","03 - P.D. only","07 - SMV other"
"9866","MARCH RD btwn PETER ROBINSON RD & CORKERY RD","335143.45268","5015399.68744","-76.11325","45.27790","2017","11/21/2017","4:58:00 PM","01 - Clear","01 - Dry","10 - No control","01 - Non intersection","07 - Dark","03 - P.D. only","07 - SMV other"
"9867","MARCH RD btwn PETER ROBINSON RD & CORKERY RD","335268.13294","5015512.99133","-76.11165","45.27891","2017","11/4/2017","4:00:00 AM","01 - Clear","01 - Dry","10 - No control","04 - At/near private drive","07 - Dark","03 - P.D. only","07 - SMV other"
"9868","MARCH RD btwn PETER ROBINSON RD & CORKERY RD","335266.14968","5015511.56466","-76.11168","45.27890","2017","4/7/2017","11:00:00 PM","01 - Clear","01 - Dry","10 - No control","01 - Non intersection","07 - Dark","03 - P.D. only","07 - SMV other"
"9869","MARCH RD btwn PETER ROBINSON RD & CORKERY RD","335074.02341","5015342.15588","-76.11414","45.27738","2017","3/24/2017","12:47:00 PM","03 - Snow","03 - Loose snow","10 - No control","01 - Non intersection","01 - Daylight","03 - P.D. only","07 - SMV other"
"9870","MARCH RD btwn SECOND LINE RD & DUNROBIN RD","346177.63356","5025396.83678","-75.97178","45.36729","2017","11/28/2017","7:16:00 PM","01 - Clear","02 - Wet","10 - No control","01 - Non intersection","07 - Dark","03 - P.D. only","07 - SMV other"
"9871","MARCH RD btwn SECOND LINE RD & DUNROBIN RD","346212.28525","5025427.85955","-75.97133","45.36757","2017","3/10/2017","10:27:00 AM","01 - Clear","01 - Dry","10 - No control","01 - Non intersection","01 - Daylight","03 - P.D. only","07 - SMV other"
"9872","MARCH RD btwn SOLANDT RD & STATION RD","350598.16104","5022586.15780","-75.91561","45.34173","2017","11/15/2017","6:28:00 AM","01 - Clear","01 - Dry","10 - No control","01 - Non intersection","03 - Dawn","03 - P.D. only","07 - SMV other"
"9873","MARCH RD btwn SOLANDT RD & STATION RD","350582.07748","5022602.37625","-75.91581","45.34187","2017","1/12/2017","8:55:00 AM","01 - Clear","02 - Wet","10 - No control","04 - At/near private drive","01 - Daylight","03 - P.D. only","05 - Turning movement"
"9874","MARCH RD btwn SOLANDT RD & STATION RD","350885.99432","5022268.86146","-75.91196","45.33885","2017","3/17/2017","5:29:00 PM","01 - Clear","01 - Dry","10 - No control","01 - Non intersection","01 - Daylight","03 - P.D. only","03 - Rear end"
"9875","MARCH RD btwn TALL FOREST DR & HUNTMAR DR","343899.46658","5023326.71677","-76.00102","45.34880","2017","11/13/2017","9:42:00 AM","01 - Clear","01 - Dry","10 - No control","01 - Non intersection","01 - Daylight","03 - P.D. only","07 - SMV other"
"9876","MARCH RD btwn TALL FOREST DR & HUNTMAR DR","343995.64745","5023411.88088","-75.99979","45.34956","2017","1/10/2017","2:58:00 AM","03 - Snow","04 - Slush","10 - No control","01 - Non intersection","07 - Dark","03 - P.D. only","07 - SMV other"
"9877","MARCH RD btwn TERRY FOX DR & SOLANDT RD","350032.16713","5023210.88014","-75.92277","45.34739","2017","6/5/2017","8:55:00 AM","01 - Clear","01 - Dry","10 - No control","01 - Non intersection","01 - Daylight","03 - P.D. only","03 - Rear end"
"9878","MARCH RD btwn TERRY FOX DR & SOLANDT RD","350432.41786","5022774.04755","-75.91771","45.34343","2017","5/20/2017","7:57:00 AM","01 - Clear","01 - Dry","10 - No control","01 - Non intersection","01 - Daylight","03 - P.D. only","04 - Sideswipe"
"9879","MARCH RD btwn TERRY FOX DR & SOLANDT RD","350482.40442","5022718.01273","-75.91707","45.34292","2017","2/14/2017","11:55:00 AM","03 - Snow","02 - Wet","10 - No control","01 - Non intersection","01 - Daylight","02 - Non-fatal injury","03 - Rear end"
"9880","MARCH RD btwn UPPER DWYER HILL RD & PETER ROBINSON RD","334154.01715","5014363.74040","-76.12592","45.26862","2017","11/6/2017","8:52:00 PM","01 - Clear","01 - Dry","10 - No control","01 - Non intersection","07 - Dark","03 - P.D. only","07 - SMV other"
"9881","MARCH RD btwn UPPER DWYER HILL RD & PETER ROBINSON RD","334771.17819","5015025.73357","-76.11801","45.27455","2017","12/14/2017","6:21:00 PM","03 - Snow","03 - Loose snow","10 - No control","01 - Non intersection","07 - Dark","03 - P.D. only","07 - SMV other"
"9882","MARCH RD btwn UPPER DWYER HILL RD & PETER ROBINSON RD","334188.89752","5014399.66528","-76.12547","45.26894","2017","12/28/2017","9:11:00 AM","01 - Clear","06 - Ice","10 - No control","04 - At/near private drive","01 - Daylight","03 - P.D. only","03 - Rear end"
"9883","MARCH VALLEY RD @ TERRY FOX DR","350754.56920","5023784.55245","-75.91350","45.35250","2017","1/27/2017","4:34:00 PM","03 - Snow","03 - Loose snow","02 - Stop sign","03 - At intersection","05 - Dusk","03 - P.D. only","02 - Angle"
"9884","MARCH VALLEY RD btwn KLONDIKE RD & Continuation of MARCH VALLEY RD","350299.72687","5024964.37243","-75.91920","45.36315","2017","6/22/2017","8:07:00 AM","01 - Clear","01 - Dry","10 - No control","01 - Non intersection","01 - Daylight","03 - P.D. only","07 - SMV other"
"9885","MARCH VALLEY RD btwn RIDDELL DR & KLONDIKE RD","348875.76698","5026528.94073","-75.93723","45.37732","2017","5/18/2017","5:26:00 AM","01 - Clear","01 - Dry","10 - No control","01 - Non intersection","03 - Dawn","03 - P.D. only","07 - SMV other"
"9886","MARCH VALLEY RD btwn TERRY FOX DR & TO BE DETERMINED","350806.20220","5023870.64270","-75.91283","45.35327","2017","10/11/2017","2:50:00 PM","01 - Clear","01 - Dry","10 - No control","01 - Non intersection","01 - Daylight","03 - P.D. only","07 - SMV other"
"9887","MARCHURST RD btwn MURPHY SIDE RD & RIDGESIDE FARM DR","344077.12018","5025523.34438","-75.99858","45.36855","2017","7/6/2017","11:30:00 PM","01 - Clear","01 - Dry","10 - No control","01 - Non intersection","07 - Dark","03 - P.D. only","07 - SMV other"
"9888","MARCHURST RD btwn RIDGETOP RD & JOHN ASELFORD DRWY","340327.60137","5029430.22337","-76.04616","45.40391","2017","11/8/2017","4:14:00 PM","01 - Clear","01 - Dry","10 - No control","01 - Non intersection","01 - Daylight","03 - P.D. only","07 - SMV other"
"9889","MARCHURST RD btwn RIDGETOP RD & JOHN ASELFORD DRWY","340291.48097","5029462.33040","-76.04662","45.40420","2017","11/30/2017","6:06:00 PM","01 - Clear","02 - Wet","10 - No control","01 - Non intersection","07 - Dark","03 - P.D. only","07 - SMV other"
"9890","MARCONI AVE btwn APPLECROSS CRES & KINGHORN CRES/APPLECROSS CRES","349795.71092","5024357.52286","-75.92569","45.35772","2017","7/14/2017","12:00:00 AM","01 - Clear","01 - Dry","10 - No control","04 - At/near private drive","00 - Unknown","03 - P.D. only","06 - SMV unattended vehicle"
"9891","MARCONI AVE btwn APPLECROSS CRES & KINGHORN CRES/APPLECROSS CRES","349874.35036","5024299.41233","-75.92469","45.35719","2017","1/30/2017","8:15:00 AM","01 - Clear","01 - Dry","10 - No control","01 - Non intersection","01 - Daylight","03 - P.D. only","06 - SMV unattended vehicle"
"9892","MARCOUX DR S @ ST. GEORGES ST","382762.24576","5036568.19507","-75.50303","45.46469","2017","2/11/2017","8:21:00 AM","03 - Snow","05 - Packed snow","02 - Stop sign","03 - At intersection","01 - Daylight","03 - P.D. only","02 - Angle"
"9893","MARENGER ST @ ST. JOSEPH BLVD","379699.74360","5036367.88094","-75.54222","45.46322","2017","10/17/2017","10:45:00 AM","01 - Clear","01 - Dry","02 - Stop sign","02 - Intersection related","01 - Daylight","03 - P.D. only","05 - Turning movement"