"Record","Location","X","Y","Longitude","Latitude","Year","Date","Time","Environment","Road_Surface","Traffic_Control","Collision_Location","Light","Collision_Classification","Impact_type"
"9894","MARENGER ST btwn ST. JOSEPH BLVD & END","379650.11786","5036490.51292","-75.54283","45.46433","2017","10/11/2017","11:53:00 PM","01 - Clear","01 - Dry","10 - No control","04 - At/near private drive","07 - Dark","02 - Non-fatal injury","07 - SMV other"
"9895","MARGRAVE AVE btwn DRUMSO ST & DRUMSO ST","372491.85519","5025456.99777","-75.63587","45.36579","2017","11/14/2017","10:30:00 AM","01 - Clear","01 - Dry","10 - No control","01 - Non intersection","01 - Daylight","03 - P.D. only","06 - SMV unattended vehicle"
"9896","MARGRAVE AVE btwn DRUMSO ST & DRUMSO ST","372493.16276","5025448.49856","-75.63586","45.36571","2017","11/8/2017","12:00:00 AM","01 - Clear","01 - Dry","10 - No control","01 - Non intersection","00 - Unknown","03 - P.D. only","06 - SMV unattended vehicle"
"9897","MARGUERITE AVE @ STEVENS AVE","370058.72007","5032448.68710","-75.66601","45.42893","2017","8/19/2017","3:08:00 PM","01 - Clear","01 - Dry","10 - No control","02 - Intersection related","01 - Daylight","03 - P.D. only","02 - Angle"
"9898","MARICONA WAY btwn KENO WAY & TANMOUNT WAY","349720.72182","5020028.86513","-75.92704","45.31877","2017","6/7/2017","12:00:00 AM","01 - Clear","01 - Dry","10 - No control","01 - Non intersection","00 - Unknown","03 - P.D. only","06 - SMV unattended vehicle"
"9899","MARIE ST @ POULIN AVE","360291.64992","5024971.25746","-75.79166","45.36249","2017","9/21/2017","11:37:00 AM","01 - Clear","01 - Dry","02 - Stop sign","03 - At intersection","01 - Daylight","03 - P.D. only","02 - Angle"
"9900","MARIE ST btwn BRITANNIA RD & POULIN AVE","360191.01905","5024929.84435","-75.79295","45.36212","2017","2/14/2017","1:39:00 PM","01 - Clear","01 - Dry","10 - No control","01 - Non intersection","01 - Daylight","03 - P.D. only","04 - Sideswipe"
"9901","MARIER AVE @ MONTREAL RD","370420.71164","5033261.59100","-75.66127","45.43621","2017","4/28/2017","3:06:00 PM","01 - Clear","01 - Dry","01 - Traffic signal","03 - At intersection","01 - Daylight","02 - Non-fatal injury","05 - Turning movement"
"9902","MARIER AVE @ MONTREAL RD","370420.18167","5033260.88094","-75.66128","45.43620","2017","9/4/2017","3:10:00 PM","02 - Rain","02 - Wet","01 - Traffic signal","02 - Intersection related","01 - Daylight","03 - P.D. only","03 - Rear end"
"9903","MARIER AVE @ MONTREAL RD","370419.70830","5033261.82769","-75.66129","45.43621","2017","9/24/2017","12:30:00 AM","01 - Clear","01 - Dry","01 - Traffic signal","03 - At intersection","07 - Dark","03 - P.D. only","03 - Rear end"
"9904","MARIER AVE @ MONTREAL RD","370420.70054","5033261.15174","-75.66127","45.43620","2017","3/20/2017","9:03:00 AM","01 - Clear","01 - Dry","01 - Traffic signal","02 - Intersection related","01 - Daylight","03 - P.D. only","03 - Rear end"
"9905","MARIER AVE btwn BARRETTE ST & LAVAL ST","369659.44365","5033875.55035","-75.67092","45.44180","2017","2/9/2017","12:42:00 PM","01 - Clear","01 - Dry","10 - No control","01 - Non intersection","01 - Daylight","03 - P.D. only","06 - SMV unattended vehicle"
"9906","MARILYN AVE @ RIVERSIDE DR","368119.37955","5024233.18171","-75.69184","45.35518","2017","10/31/2017","4:30:00 PM","01 - Clear","01 - Dry","02 - Stop sign","02 - Intersection related","01 - Daylight","03 - P.D. only","05 - Turning movement"
"9907","MARINA DR @ RIDEAU VALLEY DR","372353.50810","5003522.44493","-75.64062","45.16844","2017","12/16/2017","7:45:00 PM","03 - Snow","03 - Loose snow","10 - No control","02 - Intersection related","07 - Dark","03 - P.D. only","07 - SMV other"
"9908","MARINOFF WAY btwn HANCOCK CRES & SABLON CRT","384296.69050","5038225.42590","-75.48314","45.47943","2017","12/13/2017","4:01:00 PM","01 - Clear","05 - Packed snow","10 - No control","04 - At/near private drive","05 - Dusk","03 - P.D. only","99 - Other"
"9909","MARIONVILLE RD btwn BANK ST & BOUNDARY RD(MOUNTAIN TWP)","388167.91383","5001194.17317","-75.43986","45.14580","2017","6/21/2017","12:30:00 AM","02 - Rain","02 - Wet","10 - No control","01 - Non intersection","07 - Dark","03 - P.D. only","07 - SMV other"
"9910","MARITIME WAY btwn CANADIAN SHIELD AVE & GREAT LAKES AVE","351862.58800","5019595.75000","-75.89976","45.31474","2017","1/4/2017","3:24:00 PM","03 - Snow","05 - Packed snow","10 - No control","01 - Non intersection","01 - Daylight","03 - P.D. only","06 - SMV unattended vehicle"
"9911","MARKETPLACE AVE @ RIOCAN AVE","364286.54245","5014762.93279","-75.74189","45.27031","2017","6/25/2017","2:45:00 PM","06 - Strong wind","02 - Wet","02 - Stop sign","02 - Intersection related","01 - Daylight","03 - P.D. only","07 - SMV other"
"9912","MARKETPLACE AVE @ RIOCAN AVE","364287.35205","5014763.12719","-75.74188","45.27031","2017","6/30/2017","3:11:00 PM","02 - Rain","02 - Wet","02 - Stop sign","02 - Intersection related","01 - Daylight","03 - P.D. only","04 - Sideswipe"
"9913","MARKETPLACE AVE @ RIOCAN AVE","364286.42997","5014760.92461","-75.74190","45.27029","2017","8/25/2017","1:10:00 PM","01 - Clear","01 - Dry","02 - Stop sign","03 - At intersection","01 - Daylight","02 - Non-fatal injury","02 - Angle"
"9914","MARKETPLACE AVE @ RIOCAN AVE","364286.85700","5014761.59890","-75.74189","45.27030","2017","10/21/2017","2:42:00 PM","01 - Clear","01 - Dry","02 - Stop sign","03 - At intersection","01 - Daylight","02 - Non-fatal injury","07 - SMV other"
"9915","MARKETPLACE AVE @ RIOCAN AVE","364288.54914","5014762.26390","-75.74187","45.27030","2017","12/11/2017","7:16:00 PM","01 - Clear","01 - Dry","02 - Stop sign","03 - At intersection","07 - Dark","03 - P.D. only","02 - Angle"
"9916","MARKETPLACE AVE @ RIOCAN AVE","364287.21135","5014761.59500","-75.74189","45.27030","2017","11/20/2017","11:45:00 AM","01 - Clear","01 - Dry","02 - Stop sign","03 - At intersection","01 - Daylight","03 - P.D. only","05 - Turning movement"
"9917","MARKETPLACE AVE @ RIOCAN AVE","364287.21135","5014761.59500","-75.74189","45.27030","2017","3/4/2017","5:06:00 PM","01 - Clear","01 - Dry","02 - Stop sign","02 - Intersection related","01 - Daylight","03 - P.D. only","04 - Sideswipe"
"9918","MARKETPLACE AVE @ RIOCAN AVE","364287.88024","5014762.93279","-75.74188","45.27031","2017","3/14/2017","3:28:00 PM","03 - Snow","02 - Wet","02 - Stop sign","03 - At intersection","01 - Daylight","03 - P.D. only","02 - Angle"
"9919","MARKETPLACE AVE btwn GREENBANK RD & TRANSITWAY SOUTHWEST","364130.02071","5014669.28731","-75.74390","45.26948","2017","5/1/2017","5:21:00 PM","02 - Rain","02 - Wet","10 - No control","04 - At/near private drive","01 - Daylight","03 - P.D. only","02 - Angle"
"9920","MARKETPLACE AVE btwn GREENBANK RD & TRANSITWAY SOUTHWEST","364099.25148","5014653.90269","-75.74429","45.26934","2017","7/5/2017","8:31:00 AM","01 - Clear","01 - Dry","10 - No control","04 - At/near private drive","01 - Daylight","02 - Non-fatal injury","02 - Angle"
"9921","MARKETPLACE AVE btwn GREENBANK RD & TRANSITWAY SOUTHWEST","364199.86829","5014708.32176","-75.74301","45.26982","2017","1/30/2017","6:59:00 PM","01 - Clear","01 - Dry","10 - No control","01 - Non intersection","07 - Dark","03 - P.D. only","04 - Sideswipe"
"9922","MARKETPLACE AVE btwn GREENBANK RD & TRANSITWAY SOUTHWEST","364096.39132","5014651.12315","-75.74433","45.26932","2017","2/12/2017","3:00:00 PM","03 - Snow","03 - Loose snow","10 - No control","01 - Non intersection","01 - Daylight","03 - P.D. only","07 - SMV other"
"9923","MARKETPLACE AVE btwn GREENBANK RD & TRANSITWAY SOUTHWEST","364116.64279","5014663.93614","-75.74407","45.26943","2017","3/5/2017","1:39:00 PM","01 - Clear","01 - Dry","10 - No control","04 - At/near private drive","01 - Daylight","03 - P.D. only","02 - Angle"
"9924","MARKETPLACE AVE btwn RIOCAN AVE & Continuation of MARKETPLACE AVE","364353.83361","5014801.10272","-75.74103","45.27065","2017","2/3/2017","10:55:00 AM","01 - Clear","01 - Dry","10 - No control","04 - At/near private drive","01 - Daylight","03 - P.D. only","02 - Angle"
"9925","MARKETPLACE AVE btwn RIOCAN AVE & TRANSITWAY SOUTHWEST","364244.23013","5014735.84718","-75.74244","45.27007","2017","5/21/2017","9:35:00 PM","02 - Rain","02 - Wet","10 - No control","04 - At/near private drive","07 - Dark","03 - P.D. only","05 - Turning movement"
"9926","MARKETPLACE AVE btwn RIOCAN AVE & TRANSITWAY SOUTHWEST","364246.16684","5014737.21630","-75.74241","45.27008","2017","10/24/2017","9:52:00 PM","02 - Rain","02 - Wet","10 - No control","01 - Non intersection","07 - Dark","02 - Non-fatal injury","02 - Angle"
"9927","MARKLAND CRES btwn ROBLYN WAY & LEWISTON AVE","365919.51761","5016054.50366","-75.72093","45.28179","2017","1/22/2017","12:00:00 AM","01 - Clear","01 - Dry","10 - No control","01 - Non intersection","00 - Unknown","03 - P.D. only","06 - SMV unattended vehicle"
"9928","MARKLAND CRES btwn ROBLYN WAY & ROBLYN WAY","365812.53817","5016296.10317","-75.72226","45.28397","2017","10/17/2017","12:00:00 AM","01 - Clear","01 - Dry","10 - No control","01 - Non intersection","00 - Unknown","03 - P.D. only","06 - SMV unattended vehicle"
"9929","MARKLAND CRES btwn ROBLYN WAY & ROBLYN WAY","365823.36174","5016312.01279","-75.72212","45.28411","2017","11/27/2017","9:22:00 AM","01 - Clear","06 - Ice","10 - No control","01 - Non intersection","01 - Daylight","03 - P.D. only","04 - Sideswipe"
"9930","MARQUETTE AVE @ STE. MONIQUE ST","369992.75981","5033882.82995","-75.66666","45.44184","2017","9/13/2017","10:18:00 PM","01 - Clear","01 - Dry","02 - Stop sign","03 - At intersection","07 - Dark","03 - P.D. only","02 - Angle"
"9931","MARRISSA AVE btwn STEEL ST & INDIGO ST (2)","374814.28561","5034006.55742","-75.60502","45.44248","2017","1/1/2017","12:00:00 AM","01 - Clear","01 - Dry","10 - No control","01 - Non intersection","00 - Unknown","03 - P.D. only","06 - SMV unattended vehicle"
"9932","MARRISSA AVE btwn STEEL ST & INDIGO ST (2)","374812.36513","5034043.96408","-75.60504","45.44282","2017","3/11/2017","6:00:00 PM","01 - Clear","01 - Dry","10 - No control","01 - Non intersection","05 - Dusk","03 - P.D. only","06 - SMV unattended vehicle"
"9933","MARSHFIELD ST @ SCALA AVE","385009.72804","5036390.00310","-75.47432","45.46283","2017","6/11/2017","5:19:00 PM","01 - Clear","01 - Dry","02 - Stop sign","03 - At intersection","01 - Daylight","03 - P.D. only","02 - Angle"
"9934","MARSHFIELD ST btwn DUGAS CRT & LICHEN AVE","385072.78895","5036553.36791","-75.47349","45.46430","2017","8/17/2017","4:20:00 PM","01 - Clear","01 - Dry","10 - No control","01 - Non intersection","01 - Daylight","03 - P.D. only","06 - SMV unattended vehicle"
"9935","MARVELVILLE RD @ YORKS CORNERS RD","391167.48425","5007624.36590","-75.40061","45.20329","2017","5/2/2017","10:18:00 AM","01 - Clear","01 - Dry","02 - Stop sign","03 - At intersection","01 - Daylight","02 - Non-fatal injury","02 - Angle"
"9936","MASSICOTTE LANE btwn ALDERWOOD ST & ALBION RD","372086.45934","5023667.87152","-75.64129","45.34973","2017","4/28/2017","6:50:00 PM","01 - Clear","01 - Dry","10 - No control","04 - At/near private drive","01 - Daylight","03 - P.D. only","06 - SMV unattended vehicle"
"9937","MATHESON RD @ SILVESTRI CRES S","373331.17315","5032648.57190","-75.62416","45.43041","2017","9/27/2017","12:52:00 PM","01 - Clear","01 - Dry","10 - No control","03 - At intersection","01 - Daylight","02 - Non-fatal injury","02 - Angle"
"9938","MATTAMY PL btwn TO BE DETERMINED & AVENSHIRE GT (1)","362845.08314","5022583.57556","-75.75935","45.34080","2017","4/21/2017","5:30:00 PM","02 - Rain","02 - Wet","10 - No control","04 - At/near private drive","01 - Daylight","03 - P.D. only","06 - SMV unattended vehicle"
"9939","MAXIME ST @ CYRVILLE RD","374824.81262","5031172.91847","-75.60529","45.41699","2017","6/24/2017","4:36:00 PM","01 - Clear","01 - Dry","02 - Stop sign","03 - At intersection","01 - Daylight","02 - Non-fatal injury","07 - SMV other"
"9940","MAXIME ST @ CYRVILLE RD","374825.51994","5031174.62252","-75.60528","45.41700","2017","11/15/2017","7:47:00 AM","01 - Clear","01 - Dry","02 - Stop sign","03 - At intersection","01 - Daylight","03 - P.D. only","02 - Angle"
"9941","MAXIME ST btwn RIDGEBROOK DR & CYRVILLE RD","374731.69832","5031491.55642","-75.60643","45.41986","2017","4/18/2017","3:06:00 AM","01 - Clear","01 - Dry","10 - No control","01 - Non intersection","07 - Dark","02 - Non-fatal injury","06 - SMV unattended vehicle"
"9942","MAY ST @ MCARTHUR AVE","371675.05755","5032850.58140","-75.64530","45.43239","2017","10/29/2017","4:28:00 PM","02 - Rain","02 - Wet","01 - Traffic signal","03 - At intersection","01 - Daylight","03 - P.D. only","05 - Turning movement"
"9943","MAY ST @ MCARTHUR AVE","371678.42680","5032851.81597","-75.64525","45.43240","2017","2/8/2017","12:27:00 PM","01 - Clear","04 - Slush","01 - Traffic signal","02 - Intersection related","01 - Daylight","03 - P.D. only","04 - Sideswipe"
"9944","MAY ST @ MCARTHUR AVE","371674.79949","5032851.02290","-75.64530","45.43239","2017","12/19/2017","10:54:00 AM","03 - Snow","04 - Slush","01 - Traffic signal","03 - At intersection","01 - Daylight","02 - Non-fatal injury","07 - SMV other"
"9945","MAYFIELD ST @ MCARTHUR AVE","370066.18037","5032674.82109","-75.66588","45.43096","2017","10/17/2017","3:50:00 PM","01 - Clear","01 - Dry","02 - Stop sign","02 - Intersection related","01 - Daylight","03 - P.D. only","02 - Angle"
"9946","MAYFIELD ST @ MCARTHUR AVE","370066.04145","5032673.24661","-75.66588","45.43095","2017","2/28/2017","4:40:00 PM","01 - Clear","01 - Dry","02 - Stop sign","02 - Intersection related","01 - Daylight","03 - P.D. only","99 - Other"
"9947","MAYVIEW AVE @ MERIVALE RD","364879.03655","5026407.19810","-75.73293","45.37503","2017","4/29/2017","8:15:00 PM","01 - Clear","01 - Dry","02 - Stop sign","02 - Intersection related","05 - Dusk","02 - Non-fatal injury","07 - SMV other"
"9948","MAYVIEW AVE btwn MEDFORD ST & MERIVALE RD","364811.66299","5026370.55155","-75.73380","45.37471","2017","9/2/2017","8:37:00 PM","01 - Clear","01 - Dry","10 - No control","01 - Non intersection","07 - Dark","03 - P.D. only","06 - SMV unattended vehicle"
"9949","MCARTHUR AVE @ CARMEN AVE","370904.62304","5032765.53819","-75.65515","45.43170","2017","9/20/2017","12:00:00 AM","01 - Clear","01 - Dry","02 - Stop sign","02 - Intersection related","00 - Unknown","03 - P.D. only","06 - SMV unattended vehicle"
"9950","MCARTHUR AVE @ CARMEN AVE","370904.23613","5032767.28326","-75.65516","45.43171","2017","12/6/2017","7:20:00 AM","01 - Clear","01 - Dry","02 - Stop sign","02 - Intersection related","03 - Dawn","03 - P.D. only","07 - SMV other"
"9951","MCARTHUR AVE @ CARMEN AVE","370907.68192","5032766.58410","-75.65512","45.43171","2017","2/19/2017","1:24:00 PM","01 - Clear","05 - Packed snow","02 - Stop sign","02 - Intersection related","01 - Daylight","03 - P.D. only","06 - SMV unattended vehicle"
"9952","MCARTHUR AVE @ EGLISE, RUE DE L/MOORVALE ST","371444.71336","5032825.24770","-75.64824","45.43218","2017","6/14/2017","5:30:00 PM","01 - Clear","01 - Dry","01 - Traffic signal","03 - At intersection","01 - Daylight","03 - P.D. only","05 - Turning movement"
"9953","MCARTHUR AVE @ EGLISE, RUE DE L/MOORVALE ST","371446.46717","5032824.95403","-75.64822","45.43218","2017","2/15/2017","12:00:00 AM","03 - Snow","02 - Wet","01 - Traffic signal","02 - Intersection related","00 - Unknown","03 - P.D. only","06 - SMV unattended vehicle"
"9954","MCARTHUR AVE @ EGLISE, RUE DE L/MOORVALE ST","371447.21764","5032824.95403","-75.64821","45.43218","2017","2/13/2017","9:17:00 AM","01 - Clear","03 - Loose snow","01 - Traffic signal","03 - At intersection","01 - Daylight","03 - P.D. only","02 - Angle"
"9955","MCARTHUR AVE @ IRWIN MILLER ST","371079.11776","5032784.70385","-75.65292","45.43185","2017","1/9/2017","5:28:00 PM","01 - Clear","02 - Wet","01 - Traffic signal","03 - At intersection","05 - Dusk","03 - P.D. only","02 - Angle"
"9956","MCARTHUR AVE @ NORTH RIVER RD","369821.15816","5032646.35622","-75.66902","45.43073","2017","12/24/2017","2:48:00 AM","01 - Clear","02 - Wet","01 - Traffic signal","02 - Intersection related","07 - Dark","03 - P.D. only","04 - Sideswipe"
"9957","MCARTHUR AVE @ OLMSTEAD ST","370483.66479","5032724.30595","-75.66054","45.43137","2017","9/15/2017","12:25:00 PM","01 - Clear","01 - Dry","01 - Traffic signal","02 - Intersection related","01 - Daylight","03 - P.D. only","03 - Rear end"
"9958","MCARTHUR AVE @ OLMSTEAD ST","370482.36168","5032723.90122","-75.66056","45.43136","2017","9/26/2017","7:21:00 AM","01 - Clear","01 - Dry","01 - Traffic signal","03 - At intersection","01 - Daylight","03 - P.D. only","02 - Angle"
"9959","MCARTHUR AVE @ OLMSTEAD ST","370482.37455","5032722.92020","-75.66056","45.43135","2017","3/23/2017","8:50:00 AM","01 - Clear","01 - Dry","01 - Traffic signal","03 - At intersection","01 - Daylight","02 - Non-fatal injury","07 - SMV other"
"9960","MCARTHUR AVE @ VANIER PKWY","370218.54309","5032690.32428","-75.66393","45.43109","2017","6/24/2017","4:15:00 PM","02 - Rain","02 - Wet","01 - Traffic signal","02 - Intersection related","01 - Daylight","03 - P.D. only","04 - Sideswipe"
"9961","MCARTHUR AVE @ VANIER PKWY","370217.70166","5032691.25480","-75.66394","45.43109","2017","4/28/2017","3:30:00 PM","01 - Clear","01 - Dry","01 - Traffic signal","02 - Intersection related","01 - Daylight","03 - P.D. only","03 - Rear end"
"9962","MCARTHUR AVE @ VANIER PKWY","370218.37055","5032689.91700","-75.66393","45.43108","2017","6/7/2017","11:14:00 AM","01 - Clear","01 - Dry","01 - Traffic signal","02 - Intersection related","01 - Daylight","03 - P.D. only","03 - Rear end"
"9963","MCARTHUR AVE @ VANIER PKWY","370219.70834","5032691.25480","-75.66392","45.43109","2017","6/14/2017","10:00:00 PM","01 - Clear","01 - Dry","01 - Traffic signal","02 - Intersection related","07 - Dark","02 - Non-fatal injury","03 - Rear end"
"9964","MCARTHUR AVE @ VANIER PKWY","370218.37055","5032691.25480","-75.66393","45.43109","2017","6/15/2017","11:24:00 PM","01 - Clear","01 - Dry","01 - Traffic signal","03 - At intersection","07 - Dark","03 - P.D. only","05 - Turning movement"
"9965","MCARTHUR AVE @ VANIER PKWY","370218.37055","5032689.24811","-75.66393","45.43108","2017","5/11/2017","6:20:00 AM","01 - Clear","01 - Dry","01 - Traffic signal","02 - Intersection related","01 - Daylight","03 - P.D. only","03 - Rear end"
"9966","MCARTHUR AVE @ VANIER PKWY","370219.28481","5032689.42507","-75.66392","45.43108","2017","8/24/2017","10:05:00 AM","01 - Clear","01 - Dry","01 - Traffic signal","02 - Intersection related","01 - Daylight","03 - P.D. only","04 - Sideswipe"
"9967","MCARTHUR AVE @ VANIER PKWY","370217.89301","5032688.72917","-75.66394","45.43107","2017","9/1/2017","3:36:00 PM","01 - Clear","01 - Dry","01 - Traffic signal","02 - Intersection related","01 - Daylight","03 - P.D. only","04 - Sideswipe"
"9968","MCARTHUR AVE @ VANIER PKWY","370215.77631","5032692.59453","-75.66397","45.43111","2017","8/15/2017","2:50:00 PM","01 - Clear","01 - Dry","01 - Traffic signal","02 - Intersection related","01 - Daylight","03 - P.D. only","03 - Rear end"
"9969","MCARTHUR AVE @ VANIER PKWY","370218.32991","5032692.15634","-75.66393","45.43110","2017","7/11/2017","12:49:00 PM","01 - Clear","01 - Dry","01 - Traffic signal","02 - Intersection related","01 - Daylight","02 - Non-fatal injury","03 - Rear end"
"9970","MCARTHUR AVE @ VANIER PKWY","370218.86575","5032690.10499","-75.66393","45.43108","2017","7/26/2017","9:25:00 AM","01 - Clear","01 - Dry","01 - Traffic signal","02 - Intersection related","01 - Daylight","03 - P.D. only","03 - Rear end"
"9971","MCARTHUR AVE @ VANIER PKWY","370218.70500","5032689.93865","-75.66393","45.43108","2017","8/25/2017","4:04:00 PM","01 - Clear","01 - Dry","01 - Traffic signal","03 - At intersection","01 - Daylight","03 - P.D. only","02 - Angle"
"9972","MCARTHUR AVE @ VANIER PKWY","370218.70500","5032689.91551","-75.66393","45.43108","2017","9/9/2017","1:23:00 PM","01 - Clear","01 - Dry","01 - Traffic signal","03 - At intersection","01 - Daylight","02 - Non-fatal injury","03 - Rear end"
"9973","MCARTHUR AVE @ VANIER PKWY","370218.19550","5032691.60490","-75.66394","45.43110","2017","12/4/2017","7:29:00 PM","01 - Clear","01 - Dry","01 - Traffic signal","02 - Intersection related","07 - Dark","02 - Non-fatal injury","03 - Rear end"
"9974","MCARTHUR AVE @ VANIER PKWY","370218.37055","5032692.59259","-75.66393","45.43111","2017","11/24/2017","5:15:00 PM","01 - Clear","02 - Wet","01 - Traffic signal","02 - Intersection related","07 - Dark","03 - P.D. only","03 - Rear end"
"9975","MCARTHUR AVE @ VANIER PKWY","370218.22710","5032690.34695","-75.66394","45.43109","2017","12/8/2017","2:08:00 PM","01 - Clear","01 - Dry","01 - Traffic signal","02 - Intersection related","01 - Daylight","03 - P.D. only","03 - Rear end"
"9976","MCARTHUR AVE @ VANIER PKWY","370218.37055","5032690.58590","-75.66393","45.43109","2017","11/25/2017","11:40:00 AM","02 - Rain","02 - Wet","01 - Traffic signal","02 - Intersection related","01 - Daylight","03 - P.D. only","03 - Rear end"
"9977","MCARTHUR AVE @ VANIER PKWY","370219.03945","5032689.91700","-75.66393","45.43108","2017","2/8/2017","10:09:00 AM","03 - Snow","02 - Wet","01 - Traffic signal","02 - Intersection related","01 - Daylight","03 - P.D. only","03 - Rear end"
"9978","MCARTHUR AVE @ VANIER PKWY","370220.34434","5032690.58590","-75.66391","45.43109","2017","1/31/2017","8:29:00 AM","01 - Clear","06 - Ice","01 - Traffic signal","02 - Intersection related","01 - Daylight","03 - P.D. only","03 - Rear end"
"9979","MCARTHUR AVE @ VANIER PKWY","370218.37055","5032689.91700","-75.66393","45.43108","2017","3/8/2017","8:13:00 AM","04 - Freezing Rain","06 - Ice","01 - Traffic signal","02 - Intersection related","01 - Daylight","03 - P.D. only","03 - Rear end"
"9980","MCARTHUR AVE @ VANIER PKWY","370218.70500","5032689.87584","-75.66393","45.43108","2017","4/15/2017","4:55:00 PM","02 - Rain","02 - Wet","01 - Traffic signal","02 - Intersection related","01 - Daylight","03 - P.D. only","03 - Rear end"
"9981","MCARTHUR AVE @ VANIER PKWY","370217.95453","5032690.96113","-75.66394","45.43109","2017","3/23/2017","7:29:00 AM","01 - Clear","01 - Dry","01 - Traffic signal","02 - Intersection related","01 - Daylight","03 - P.D. only","03 - Rear end"
"9982","MCARTHUR AVE @ VANIER PKWY","370219.03945","5032690.58590","-75.66393","45.43109","2017","3/6/2017","12:22:00 PM","01 - Clear","01 - Dry","01 - Traffic signal","02 - Intersection related","01 - Daylight","03 - P.D. only","03 - Rear end"
"9983","MCARTHUR AVE @ VANIER PKWY","370218.70500","5032690.82485","-75.66393","45.43109","2017","12/31/2017","9:00:00 PM","03 - Snow","06 - Ice","01 - Traffic signal","02 - Intersection related","07 - Dark","03 - P.D. only","03 - Rear end"
"9984","MCARTHUR AVE @ VANIER PKWY","370218.70481","5032690.58817","-75.66393","45.43109","2017","12/16/2017","3:30:00 PM","01 - Clear","04 - Slush","01 - Traffic signal","03 - At intersection","01 - Daylight","03 - P.D. only","03 - Rear end"
"9985","MCARTHUR AVE btwn ALLEN BLVD & LACASSE AVE","370792.24336","5032752.71105","-75.65659","45.43159","2017","8/1/2017","9:29:00 AM","01 - Clear","01 - Dry","10 - No control","04 - At/near private drive","01 - Daylight","02 - Non-fatal injury","07 - SMV other"
"9986","MCARTHUR AVE btwn BRANT ST & BELISLE ST","371280.20584","5032808.30924","-75.65035","45.43205","2017","9/21/2017","6:02:00 PM","01 - Clear","01 - Dry","10 - No control","04 - At/near private drive","01 - Daylight","02 - Non-fatal injury","05 - Turning movement"
"9987","MCARTHUR AVE btwn CARMEN AVE & LAFONTAINE AVE","370940.24484","5032769.68021","-75.65470","45.43173","2017","12/19/2017","8:49:00 PM","01 - Clear","01 - Dry","10 - No control","04 - At/near private drive","07 - Dark","03 - P.D. only","99 - Other"
"9988","MCARTHUR AVE btwn CRETE PL & ALLEN BLVD","370649.40332","5032738.92071","-75.65842","45.43148","2017","10/10/2017","5:25:00 PM","01 - Clear","01 - Dry","10 - No control","01 - Non intersection","01 - Daylight","02 - Non-fatal injury","02 - Angle"
"9989","MCARTHUR AVE btwn CRETE PL & ALLEN BLVD","370548.06683","5032727.29946","-75.65972","45.43139","2017","10/24/2017","2:12:00 PM","01 - Clear","01 - Dry","10 - No control","01 - Non intersection","01 - Daylight","03 - P.D. only","06 - SMV unattended vehicle"
"9990","MCARTHUR AVE btwn CRETE PL & ALLEN BLVD","370729.25747","5032748.48293","-75.65740","45.43156","2017","1/13/2017","11:30:00 PM","01 - Clear","01 - Dry","10 - No control","01 - Non intersection","07 - Dark","03 - P.D. only","07 - SMV other"
"9991","MCARTHUR AVE btwn IRWIN MILLER ST & BRANT ST","371243.78459","5032802.97345","-75.65082","45.43200","2017","9/25/2017","3:12:00 PM","01 - Clear","01 - Dry","10 - No control","04 - At/near private drive","01 - Daylight","02 - Non-fatal injury","05 - Turning movement"
"9992","MCARTHUR AVE btwn LAFONTAINE AVE & EASTWOOD PL","370964.76247","5032770.90480","-75.65439","45.43174","2017","5/11/2017","6:11:00 PM","01 - Clear","01 - Dry","10 - No control","01 - Non intersection","01 - Daylight","03 - P.D. only","03 - Rear end"
"9993","MCARTHUR AVE btwn LAFONTAINE AVE & EASTWOOD PL","370999.58441","5032776.47280","-75.65394","45.43179","2017","11/14/2017","4:49:00 PM","01 - Clear","01 - Dry","10 - No control","01 - Non intersection","05 - Dusk","02 - Non-fatal injury","05 - Turning movement"
"9994","MCARTHUR AVE btwn MARGUERITE AVE & MAYFIELD ST","370040.40840","5032671.25290","-75.66621","45.43093","2017","4/13/2017","8:52:00 PM","01 - Clear","01 - Dry","10 - No control","01 - Non intersection","07 - Dark","03 - P.D. only","06 - SMV unattended vehicle"
"9995","MCARTHUR AVE btwn MAY ST & ST. LAURENT BLVD","371825.34473","5032868.11049","-75.64337","45.43253","2017","8/20/2017","5:03:00 AM","01 - Clear","01 - Dry","10 - No control","01 - Non intersection","07 - Dark","03 - P.D. only","03 - Rear end"
"9996","MCARTHUR AVE btwn MAY ST & ST. LAURENT BLVD","371831.25790","5032869.82655","-75.64330","45.43255","2017","3/5/2017","3:40:00 PM","01 - Clear","01 - Dry","10 - No control","01 - Non intersection","01 - Daylight","03 - P.D. only","04 - Sideswipe"
"9997","MCARTHUR AVE btwn MAY ST & ST. LAURENT BLVD","371793.80018","5032864.47545","-75.64378","45.43250","2017","4/7/2017","1:52:00 PM","01 - Clear","01 - Dry","10 - No control","04 - At/near private drive","01 - Daylight","03 - P.D. only","03 - Rear end"
"9998","MCARTHUR AVE btwn MAYFIELD ST & VANIER PKWY","370117.36721","5032679.21466","-75.66523","45.43100","2017","3/11/2017","1:42:00 PM","01 - Clear","01 - Dry","10 - No control","04 - At/near private drive","01 - Daylight","03 - P.D. only","05 - Turning movement"