"Record","Location","X","Y","Longitude","Latitude","Year","Date","Time","Environment","Road_Surface","Traffic_Control","Collision_Location","Light","Collision_Classification","Impact_type"
"9999","MCARTHUR AVE btwn MCARTHUR AVE & EGLISE, RUE DE L","371415.26688","5032820.96568","-75.64862","45.43215","2017","12/18/2017","4:35:00 PM","03 - Snow","04 - Slush","10 - No control","04 - At/near private drive","05 - Dusk","03 - P.D. only","06 - SMV unattended vehicle"
"10000","MCARTON RD btwn LOWE RD & UPPER DWYER HILL RD","339391.65918","5006879.56420","-76.05969","45.20103","2017","5/17/2017","9:04:00 PM","01 - Clear","01 - Dry","10 - No control","01 - Non intersection","07 - Dark","03 - P.D. only","07 - SMV other"
"10001","MCBEAN ST @ OTTAWA ST","357662.29504","5005236.34540","-75.82732","45.18511","2017","4/25/2017","7:58:00 AM","01 - Clear","01 - Dry","02 - Stop sign","03 - At intersection","01 - Daylight","03 - P.D. only","07 - SMV other"
"10002","MCBEAN ST @ OTTAWA ST","357661.10070","5005236.10645","-75.82734","45.18511","2017","9/21/2017","11:00:00 AM","01 - Clear","01 - Dry","02 - Stop sign","03 - At intersection","01 - Daylight","03 - P.D. only","02 - Angle"
"10003","MCBEAN ST @ PERTH ST","356743.28145","5006255.35380","-75.83891","45.19435","2017","7/21/2017","1:50:00 PM","01 - Clear","01 - Dry","01 - Traffic signal","02 - Intersection related","01 - Daylight","03 - P.D. only","99 - Other"
"10004","MCBEAN ST @ PERTH ST","356744.36395","5006255.71240","-75.83889","45.19435","2017","12/22/2017","4:20:00 PM","03 - Snow","03 - Loose snow","01 - Traffic signal","03 - At intersection","05 - Dusk","03 - P.D. only","05 - Turning movement"
"10005","MCBEAN ST btwn RICHLAND DR & DOBSON LANE","358235.18338","5004430.38716","-75.82012","45.17782","2017","11/29/2017","4:06:00 PM","01 - Clear","01 - Dry","10 - No control","01 - Non intersection","01 - Daylight","03 - P.D. only","07 - SMV other"
"10006","MCCARTHY RD @ PAUL ANKA DR","369700.05525","5023877.17390","-75.67172","45.35184","2017","6/18/2017","5:35:00 PM","01 - Clear","01 - Dry","01 - Traffic signal","03 - At intersection","01 - Daylight","02 - Non-fatal injury","02 - Angle"
"10007","MCCARTHY RD @ PAUL ANKA DR","369700.88687","5023875.15551","-75.67171","45.35182","2017","10/12/2017","10:44:00 PM","01 - Clear","01 - Dry","01 - Traffic signal","03 - At intersection","07 - Dark","03 - P.D. only","05 - Turning movement"
"10008","MCCARTHY RD @ PAUL ANKA DR","369699.72080","5023876.26605","-75.67172","45.35183","2017","1/28/2017","5:00:00 PM","01 - Clear","02 - Wet","01 - Traffic signal","02 - Intersection related","05 - Dusk","03 - P.D. only","04 - Sideswipe"
"10009","MCCARTHY RD @ PAUL ANKA DR","369700.26725","5023876.50500","-75.67171","45.35183","2017","1/28/2017","5:03:00 PM","01 - Clear","01 - Dry","01 - Traffic signal","02 - Intersection related","05 - Dusk","03 - P.D. only","03 - Rear end"
"10010","MCCARTHY RD @ PLANTE DR N","369606.21095","5024193.49545","-75.67287","45.35469","2017","7/30/2017","5:57:00 PM","01 - Clear","01 - Dry","01 - Traffic signal","02 - Intersection related","01 - Daylight","02 - Non-fatal injury","03 - Rear end"
"10011","MCCARTHY RD @ PLANTE DR N","369606.04915","5024192.83670","-75.67288","45.35469","2017","11/30/2017","10:36:00 AM","01 - Clear","01 - Dry","01 - Traffic signal","03 - At intersection","01 - Daylight","02 - Non-fatal injury","02 - Angle"
"10012","MCCARTHY RD @ PROVOST DR","369330.38135","5025133.51630","-75.67627","45.36318","2017","11/17/2017","9:02:00 AM","01 - Clear","01 - Dry","02 - Stop sign","02 - Intersection related","01 - Daylight","03 - P.D. only","03 - Rear end"
"10013","MCCARTHY RD @ PROVOST DR","369331.05025","5025133.51630","-75.67626","45.36318","2017","4/6/2017","5:39:00 PM","02 - Rain","02 - Wet","02 - Stop sign","03 - At intersection","01 - Daylight","03 - P.D. only","02 - Angle"
"10014","MCCARTHY RD @ SOUTHMORE DR","369450.05695","5024836.85880","-75.67478","45.36049","2017","5/26/2017","4:17:00 PM","01 - Clear","02 - Wet","02 - Stop sign","03 - At intersection","01 - Daylight","03 - P.D. only","02 - Angle"
"10015","MCCARTHY RD @ SOUTHMORE DR","369449.85199","5024838.16497","-75.67478","45.36051","2017","9/22/2017","3:15:00 PM","01 - Clear","01 - Dry","02 - Stop sign","03 - At intersection","01 - Daylight","02 - Non-fatal injury","02 - Angle"
"10016","MCCARTHY RD @ SOUTHMORE DR","369450.05695","5024836.85880","-75.67478","45.36049","2017","3/18/2017","6:41:00 PM","01 - Clear","01 - Dry","02 - Stop sign","03 - At intersection","05 - Dusk","02 - Non-fatal injury","07 - SMV other"
"10017","MCCARTHY RD @ TWYFORD ST","369902.42209","5023801.01424","-75.66914","45.35113","2017","1/3/2017","6:19:00 PM","02 - Rain","02 - Wet","02 - Stop sign","02 - Intersection related","07 - Dark","03 - P.D. only","02 - Angle"
"10018","MCCARTHY RD @ WALKLEY RD","369250.57567","5025300.52240","-75.67727","45.36469","2017","1/3/2017","10:40:00 PM","04 - Freezing Rain","06 - Ice","01 - Traffic signal","02 - Intersection related","07 - Dark","03 - P.D. only","03 - Rear end"
"10019","MCCARTHY RD @ WALKLEY RD","369248.71396","5025301.19130","-75.67729","45.36469","2017","3/15/2017","8:25:00 AM","03 - Snow","03 - Loose snow","01 - Traffic signal","02 - Intersection related","01 - Daylight","03 - P.D. only","03 - Rear end"
"10020","MCCARTHY RD btwn CAHILL DR W & PLANTE DR","370341.24296","5023711.35122","-75.66356","45.35029","2017","9/9/2017","12:00:00 AM","01 - Clear","01 - Dry","10 - No control","04 - At/near private drive","00 - Unknown","03 - P.D. only","06 - SMV unattended vehicle"
"10021","MCCARTHY RD btwn PAUL ANKA DR & HUNTVIEW PRIV","369751.60550","5023848.78465","-75.67106","45.35158","2017","8/30/2017","6:42:00 PM","01 - Clear","01 - Dry","10 - No control","04 - At/near private drive","01 - Daylight","02 - Non-fatal injury","03 - Rear end"
"10022","MCCARTHY RD btwn PAUL ANKA DR & HUNTVIEW PRIV","369805.26576","5023824.69177","-75.67038","45.35135","2017","9/19/2017","9:10:00 PM","01 - Clear","01 - Dry","10 - No control","04 - At/near private drive","07 - Dark","03 - P.D. only","05 - Turning movement"
"10023","MCCARTHY RD btwn PLANTE DR & HUNT CLUB RD","370461.70088","5023501.29112","-75.66205","45.34838","2017","9/13/2017","12:00:00 AM","01 - Clear","01 - Dry","10 - No control","01 - Non intersection","00 - Unknown","03 - P.D. only","06 - SMV unattended vehicle"
"10024","MCCARTHY RD btwn SOUTHMORE DR W & PLANTE DR","369489.52183","5024735.85546","-75.67429","45.35958","2017","10/23/2017","12:44:00 AM","01 - Clear","01 - Dry","10 - No control","01 - Non intersection","07 - Dark","03 - P.D. only","01 - Approaching"
"10025","MCCLELLAN RD @ RIVERBROOK RD","360682.34284","5020878.81670","-75.78713","45.32563","2017","5/7/2017","12:34:00 AM","02 - Rain","02 - Wet","02 - Stop sign","02 - Intersection related","07 - Dark","03 - P.D. only","07 - SMV other"
"10026","MCCLELLAN RD btwn GRADY CRES & HOBART CRES","360268.83515","5021188.68307","-75.79237","45.32846","2017","11/29/2017","12:00:00 AM","01 - Clear","01 - Dry","10 - No control","01 - Non intersection","00 - Unknown","03 - P.D. only","06 - SMV unattended vehicle"
"10027","MCCLINTOCK WAY btwn MCCLURE CRES & MCCLURE CRES","352178.59035","5018853.71863","-75.89580","45.30804","2017","2/7/2017","8:12:00 AM","03 - Snow","03 - Loose snow","10 - No control","01 - Non intersection","01 - Daylight","03 - P.D. only","99 - Other"
"10028","MCCLINTOCK WAY btwn MCCLURE CRES & MCCLURE CRES","352097.35181","5018866.67515","-75.89683","45.30816","2017","4/7/2017","3:17:00 PM","02 - Rain","02 - Wet","10 - No control","04 - At/near private drive","01 - Daylight","03 - P.D. only","02 - Angle"
"10029","MCCLURE CRES btwn MCCLINTOCK WAY & CHIMO DR (2)","352185.05971","5019077.20442","-75.89570","45.31005","2017","3/14/2017","9:05:00 AM","03 - Snow","03 - Loose snow","10 - No control","04 - At/near private drive","01 - Daylight","03 - P.D. only","06 - SMV unattended vehicle"
"10030","MCCOOEY LANE @ FISHER AVE","365996.69866","5026426.20000","-75.71866","45.37511","2017","5/26/2017","10:00:00 AM","02 - Rain","02 - Wet","01 - Traffic signal","02 - Intersection related","01 - Daylight","03 - P.D. only","03 - Rear end"
"10031","MCCOOEY LANE @ FISHER AVE","365998.03645","5026426.86889","-75.71864","45.37511","2017","7/7/2017","4:06:00 PM","02 - Rain","02 - Wet","01 - Traffic signal","03 - At intersection","01 - Daylight","02 - Non-fatal injury","02 - Angle"
"10032","MCCOOEY LANE @ FISHER AVE","365998.65779","5026425.29215","-75.71864","45.37510","2017","10/31/2017","11:00:00 AM","01 - Clear","01 - Dry","01 - Traffic signal","03 - At intersection","01 - Daylight","03 - P.D. only","03 - Rear end"
"10033","MCCORDICK RD @ ROGER STEVENS DR","364681.97595","4998309.26660","-75.73883","45.12222","2017","7/13/2017","7:20:00 AM","01 - Clear","02 - Wet","02 - Stop sign","03 - At intersection","01 - Daylight","01 - Fatal injury","02 - Angle"
"10034","MCCORDICK RD btwn COWELL RD & DILWORTH RD","368042.52851","4994533.32940","-75.69660","45.08795","2017","10/30/2017","5:14:00 AM","02 - Rain","02 - Wet","10 - No control","01 - Non intersection","07 - Dark","03 - P.D. only","07 - SMV other"
"10035","MCCORDICK RD btwn MCCORDICK RD & CENTURY RD W","360275.38588","5003351.86742","-75.79428","45.16796","2017","4/14/2017","3:36:00 PM","01 - Clear","01 - Dry","10 - No control","01 - Non intersection","01 - Daylight","03 - P.D. only","07 - SMV other"
"10036","MCCORDICK RD btwn MCCORDICK RD & CENTURY RD W","360060.33362","5003593.58558","-75.79699","45.17015","2017","12/19/2017","7:21:00 AM","03 - Snow","04 - Slush","10 - No control","01 - Non intersection","03 - Dawn","03 - P.D. only","01 - Approaching"
"10037","MCCORDICK RD btwn MCMULLEN RD & FAIRHURST DR","369225.55953","4993182.20980","-75.68174","45.07569","2017","10/18/2017","6:51:00 AM","01 - Clear","01 - Dry","10 - No control","01 - Non intersection","03 - Dawn","03 - P.D. only","07 - SMV other"
"10038","MCCORDICK RD btwn POLLOCK RD & ROGER STEVENS DR","362625.51569","5000637.03452","-75.76470","45.14334","2017","6/9/2017","6:00:00 PM","01 - Clear","01 - Dry","10 - No control","01 - Non intersection","01 - Daylight","03 - P.D. only","07 - SMV other"
"10039","MCEWEN AVE btwn AMBLESIDE DR & END","360960.98217","5026046.14866","-75.78299","45.37211","2017","4/29/2017","1:54:00 PM","01 - Clear","01 - Dry","10 - No control","04 - At/near private drive","01 - Daylight","02 - Non-fatal injury","07 - SMV other"
"10040","MCEWEN AVE btwn AMBLESIDE DR & END","360927.32755","5026126.14782","-75.78341","45.37283","2017","2/17/2017","3:23:00 PM","01 - Clear","02 - Wet","10 - No control","01 - Non intersection","01 - Daylight","03 - P.D. only","06 - SMV unattended vehicle"
"10041","MCGILLIVRAY ST btwn HERRIDGE ST & CLEGG ST","369021.55066","5029909.76568","-75.67959","45.40618","2017","11/17/2017","5:50:00 PM","01 - Clear","01 - Dry","10 - No control","04 - At/near private drive","07 - Dark","03 - P.D. only","06 - SMV unattended vehicle"
"10042","MCKELLAR AVE btwn BROMLEY RD & CARLING AVE","362736.94018","5026445.95130","-75.76027","45.37556","2017","8/16/2017","9:16:00 AM","01 - Clear","01 - Dry","10 - No control","04 - At/near private drive","01 - Daylight","03 - P.D. only","99 - Other"
"10043","MCKENNA CASEY DR @ STRANDHERD DR","361913.00121","5013612.84766","-75.77227","45.26016","2017","7/26/2017","11:01:00 AM","01 - Clear","01 - Dry","02 - Stop sign","02 - Intersection related","01 - Daylight","03 - P.D. only","03 - Rear end"
"10044","MCKENNA CASEY DR @ STRANDHERD DR","361911.79820","5013611.10721","-75.77229","45.26014","2017","12/13/2017","4:02:00 PM","03 - Snow","04 - Slush","02 - Stop sign","02 - Intersection related","05 - Dusk","03 - P.D. only","03 - Rear end"
"10045","MCKENNA CASEY DR @ STRANDHERD DR","361913.21832","5013611.58059","-75.77227","45.26014","2017","12/12/2017","6:21:00 PM","03 - Snow","03 - Loose snow","02 - Stop sign","03 - At intersection","07 - Dark","03 - P.D. only","05 - Turning movement"
"10046","MCKITRICK DR @ CASTLEFRANK RD","353105.70358","5017338.17963","-75.88412","45.29434","2017","1/17/2017","5:56:00 PM","03 - Snow","02 - Wet","02 - Stop sign","03 - At intersection","07 - Dark","03 - P.D. only","05 - Turning movement"
"10047","MCKITRICK DR btwn MELANIE CRES N & SUMNER ST","353002.22885","5017125.49912","-75.88546","45.29243","2017","8/27/2017","8:00:00 PM","01 - Clear","01 - Dry","10 - No control","01 - Non intersection","01 - Daylight","03 - P.D. only","06 - SMV unattended vehicle"
"10048","MCLENNAN WAY E @ TURNBULL AVE E","352541.18566","5017744.17679","-75.89128","45.29803","2017","1/30/2017","9:05:00 AM","03 - Snow","05 - Packed snow","02 - Stop sign","03 - At intersection","01 - Daylight","03 - P.D. only","02 - Angle"
"10049","MCLEOD ST @ LYON ST","367625.24063","5030292.80109","-75.69738","45.40975","2017","12/23/2017","1:10:00 PM","03 - Snow","03 - Loose snow","02 - Stop sign","03 - At intersection","01 - Daylight","03 - P.D. only","02 - Angle"
"10050","MCLEOD ST @ O'CONNOR ST","368118.71304","5030593.91119","-75.69104","45.41242","2017","11/8/2017","5:30:00 PM","01 - Clear","01 - Dry","01 - Traffic signal","02 - Intersection related","07 - Dark","03 - P.D. only","07 - SMV other"
"10051","MCLEOD ST @ O'CONNOR ST","368117.57140","5030594.16559","-75.69105","45.41242","2017","1/7/2017","1:27:00 PM","01 - Clear","01 - Dry","01 - Traffic signal","02 - Intersection related","01 - Daylight","03 - P.D. only","04 - Sideswipe"
"10052","MCLEOD ST btwn BANK ST & O'CONNOR ST","368025.49838","5030532.92666","-75.69223","45.41188","2017","8/16/2017","12:00:00 AM","01 - Clear","01 - Dry","10 - No control","01 - Non intersection","00 - Unknown","03 - P.D. only","06 - SMV unattended vehicle"
"10053","MCLEOD ST btwn METCALFE ST & METCALFE ST","368331.07892","5030721.79842","-75.68831","45.41355","2017","3/15/2017","11:40:00 AM","03 - Snow","03 - Loose snow","10 - No control","04 - At/near private drive","01 - Daylight","03 - P.D. only","05 - Turning movement"
"10054","MCLEOD ST W @ METCALFE ST","368270.47299","5030685.15298","-75.68908","45.41322","2017","6/18/2017","4:43:00 PM","01 - Clear","01 - Dry","01 - Traffic signal","03 - At intersection","01 - Daylight","03 - P.D. only","04 - Sideswipe"
"10055","MCLEOD ST W @ METCALFE ST","368270.45198","5030685.35605","-75.68909","45.41323","2017","8/22/2017","4:08:00 PM","01 - Clear","02 - Wet","01 - Traffic signal","02 - Intersection related","01 - Daylight","03 - P.D. only","04 - Sideswipe"
"10056","MCNAUGHTON AVE @ MAIN ST","369299.66206","5029855.12131","-75.67605","45.40566","2017","3/20/2017","7:38:00 AM","01 - Clear","01 - Dry","02 - Stop sign","03 - At intersection","01 - Daylight","03 - P.D. only","03 - Rear end"
"10057","MCRAE AVE @ RICHMOND RD","363609.04887","5028538.55510","-75.74889","45.39432","2017","7/15/2017","1:28:00 PM","01 - Clear","01 - Dry","01 - Traffic signal","03 - At intersection","01 - Daylight","02 - Non-fatal injury","07 - SMV other"
"10058","MCRAE AVE @ RICHMOND RD","363609.35545","5028537.21731","-75.74889","45.39430","2017","1/30/2017","1:48:00 PM","01 - Clear","01 - Dry","01 - Traffic signal","03 - At intersection","01 - Daylight","02 - Non-fatal injury","07 - SMV other"
"10059","MCRAE AVE @ RICHMOND RD","363608.74315","5028538.31841","-75.74889","45.39431","2017","12/23/2017","3:30:00 PM","03 - Snow","03 - Loose snow","01 - Traffic signal","02 - Intersection related","01 - Daylight","03 - P.D. only","03 - Rear end"
"10060","MCRAE AVE @ SCOTT ST","363457.01805","5028811.55140","-75.75080","45.39679","2017","6/5/2017","1:09:00 PM","01 - Clear","01 - Dry","02 - Stop sign","02 - Intersection related","01 - Daylight","02 - Non-fatal injury","02 - Angle"
"10061","MCRAE AVE btwn SCOTT ST & RICHMOND RD","363516.07185","5028705.18468","-75.75006","45.39582","2017","6/22/2017","12:00:00 AM","01 - Clear","01 - Dry","10 - No control","04 - At/near private drive","00 - Unknown","03 - P.D. only","06 - SMV unattended vehicle"
"10062","MCWATTERS RD btwn LISA AVE & STANTON RD","360617.37078","5023101.99095","-75.78771","45.34564","2017","2/13/2017","1:49:00 PM","01 - Clear","05 - Packed snow","10 - No control","04 - At/near private drive","01 - Daylight","03 - P.D. only","99 - Other"
"10063","MCWATTERS RD btwn LISA AVE & THORSON AVE","360719.76951","5022849.61137","-75.78643","45.34336","2017","11/2/2017","12:00:00 AM","02 - Rain","02 - Wet","10 - No control","01 - Non intersection","00 - Unknown","03 - P.D. only","06 - SMV unattended vehicle"
"10064","MEADOWBREEZE DR btwn FERNBROOK PL & WHEATLAND AVE","355474.54002","5015195.99522","-75.85414","45.27489","2017","12/28/2017","8:24:00 AM","01 - Clear","02 - Wet","10 - No control","04 - At/near private drive","01 - Daylight","03 - P.D. only","06 - SMV unattended vehicle"
"10065","MEADOWBROOK RD @ BORTOLOTTI CRES N/CEDARCROFT","374424.80616","5031989.33824","-75.61028","45.42437","2017","6/4/2017","3:36:00 PM","02 - Rain","02 - Wet","02 - Stop sign","03 - At intersection","01 - Daylight","03 - P.D. only","02 - Angle"
"10066","MEADOWBROOK RD btwn 170 W OF TELESAT CRT & RIDGEBROOK DR","374760.70968","5032127.64639","-75.60597","45.42558","2017","5/19/2017","11:15:00 PM","01 - Clear","01 - Dry","10 - No control","01 - Non intersection","07 - Dark","03 - P.D. only","06 - SMV unattended vehicle"
"10067","MEADOWBROOK RD btwn 170 W OF TELESAT CRT & RIDGEBROOK DR","374706.10618","5032102.91987","-75.60667","45.42537","2017","6/12/2017","6:59:00 PM","01 - Clear","01 - Dry","10 - No control","01 - Non intersection","01 - Daylight","03 - P.D. only","06 - SMV unattended vehicle"
"10068","MEADOWBROOK RD btwn CYRVILLE RD & FINE CRES","374639.29085","5031281.50473","-75.60764","45.41798","2017","9/7/2017","4:36:00 PM","02 - Rain","02 - Wet","10 - No control","04 - At/near private drive","01 - Daylight","03 - P.D. only","02 - Angle"
"10069","MEADOWBROOK RD btwn ENGLEWOOD PL & BLAIR RD","375172.32647","5032292.84020","-75.60069","45.42703","2017","6/16/2017","1:36:00 PM","01 - Clear","01 - Dry","10 - No control","04 - At/near private drive","01 - Daylight","03 - P.D. only","99 - Other"
"10070","MEADOWBROOK RD btwn PROGRESS PL & FOXWELL ST","374457.94565","5031598.57204","-75.60991","45.42085","2017","10/24/2017","12:00:00 AM","01 - Clear","01 - Dry","10 - No control","01 - Non intersection","00 - Unknown","03 - P.D. only","06 - SMV unattended vehicle"
"10071","MEADOWBROOK RD btwn TELESAT CRT & ENGLEWOOD PL","375115.93591","5032273.85712","-75.60141","45.42686","2017","10/20/2017","11:33:00 AM","01 - Clear","01 - Dry","10 - No control","01 - Non intersection","01 - Daylight","03 - P.D. only","06 - SMV unattended vehicle"
"10072","MEADOWFIELD PL btwn MEADOWGLEN DR & PIEDMONT PL (1)","379858.16930","5034858.05227","-75.54042","45.44962","2017","8/14/2017","12:00:00 AM","01 - Clear","01 - Dry","10 - No control","01 - Non intersection","00 - Unknown","03 - P.D. only","06 - SMV unattended vehicle"
"10073","MEADOWFIELD PL btwn MEADOWGLEN DR & PIEDMONT PL (2)","379708.24936","5035016.23936","-75.54231","45.45106","2017","11/6/2017","5:59:00 PM","01 - Clear","01 - Dry","10 - No control","04 - At/near private drive","07 - Dark","03 - P.D. only","06 - SMV unattended vehicle"
"10074","MEADOWGLEN DR @ ORLEANS BLVD","380344.74866","5034574.23660","-75.53424","45.44702","2017","6/2/2017","9:14:00 AM","01 - Clear","01 - Dry","01 - Traffic signal","02 - Intersection related","01 - Daylight","03 - P.D. only","03 - Rear end"
"10075","MEADOWGLEN DR @ ORLEANS BLVD","380344.74866","5034575.57439","-75.53424","45.44703","2017","11/22/2017","4:53:00 PM","01 - Clear","01 - Dry","01 - Traffic signal","03 - At intersection","07 - Dark","03 - P.D. only","03 - Rear end"
"10076","MEADOWGLEN DR @ ORLEANS BLVD","380345.75200","5034573.83907","-75.53423","45.44701","2017","2/4/2017","12:13:00 AM","01 - Clear","01 - Dry","01 - Traffic signal","03 - At intersection","07 - Dark","03 - P.D. only","05 - Turning movement"
"10077","MEADOWGLEN DR btwn ASPENVIEW WAY & TEAKDALE AVE","380940.07985","5034974.96071","-75.52657","45.45056","2017","11/16/2017","1:34:00 PM","01 - Clear","02 - Wet","10 - No control","01 - Non intersection","01 - Daylight","03 - P.D. only","99 - Other"
"10078","MEADOWGLEN DR btwn DU CLAIRVAUX RD & DU CLAIRVAUX RD","379962.33369","5034405.24946","-75.53916","45.44554","2017","9/11/2017","7:50:00 AM","07 - Fog, mist, smoke, dust","01 - Dry","10 - No control","01 - Non intersection","01 - Daylight","03 - P.D. only","06 - SMV unattended vehicle"
"10079","MEADOWGLEN DR btwn MEADOWFIELD PL & DES BROUSSAILLES TER","379633.07715","5034826.01611","-75.54330","45.44936","2017","6/12/2017","4:07:00 PM","01 - Clear","01 - Dry","10 - No control","01 - Non intersection","01 - Daylight","02 - Non-fatal injury","07 - SMV other"
"10080","MEADOWGLEN DR btwn WINDFLOWER WAY & ORLEANS BLVD","380315.98611","5034562.19646","-75.53461","45.44691","2017","5/15/2017","8:34:00 AM","01 - Clear","01 - Dry","10 - No control","01 - Non intersection","01 - Daylight","03 - P.D. only","01 - Approaching"
"10081","MEADOWLANDS DR    W btwn TURN LANE & MERIVALE RD","364813.82266","5023701.18739","-75.73409","45.35069","2017","9/19/2017","6:50:00 AM","01 - Clear","01 - Dry","10 - No control","01 - Non intersection","03 - Dawn","02 - Non-fatal injury","07 - SMV other"
"10082","MEADOWLANDS DR @ MERIVALE RD","364857.02766","5023726.17930","-75.73354","45.35091","2017","6/23/2017","8:40:00 PM","01 - Clear","01 - Dry","01 - Traffic signal","02 - Intersection related","05 - Dusk","03 - P.D. only","03 - Rear end"
"10083","MEADOWLANDS DR @ MERIVALE RD","364860.52638","5023725.20599","-75.73349","45.35090","2017","8/8/2017","8:12:00 AM","01 - Clear","01 - Dry","01 - Traffic signal","02 - Intersection related","01 - Daylight","02 - Non-fatal injury","03 - Rear end"
"10084","MEADOWLANDS DR @ MERIVALE RD","364859.34093","5023724.86937","-75.73351","45.35090","2017","8/16/2017","4:14:00 PM","01 - Clear","01 - Dry","01 - Traffic signal","02 - Intersection related","01 - Daylight","03 - P.D. only","05 - Turning movement"
"10085","MEADOWLANDS DR @ MERIVALE RD","364858.92188","5023725.73238","-75.73351","45.35091","2017","8/24/2017","5:08:00 PM","01 - Clear","01 - Dry","01 - Traffic signal","03 - At intersection","01 - Daylight","03 - P.D. only","03 - Rear end"
"10086","MEADOWLANDS DR @ MERIVALE RD","364858.69990","5023724.55346","-75.73352","45.35089","2017","8/8/2017","10:12:00 PM","01 - Clear","01 - Dry","01 - Traffic signal","03 - At intersection","07 - Dark","03 - P.D. only","05 - Turning movement"
"10087","MEADOWLANDS DR @ MERIVALE RD","364860.22841","5023724.49140","-75.73350","45.35089","2017","7/7/2017","4:58:00 PM","02 - Rain","02 - Wet","01 - Traffic signal","02 - Intersection related","01 - Daylight","03 - P.D. only","05 - Turning movement"
"10088","MEADOWLANDS DR @ MERIVALE RD","364857.74411","5023725.74935","-75.73353","45.35091","2017","9/11/2017","10:47:00 PM","01 - Clear","01 - Dry","01 - Traffic signal","03 - At intersection","07 - Dark","03 - P.D. only","04 - Sideswipe"
"10089","MEADOWLANDS DR @ MERIVALE RD","364858.69990","5023725.74709","-75.73352","45.35091","2017","9/5/2017","4:17:00 PM","01 - Clear","01 - Dry","01 - Traffic signal","02 - Intersection related","01 - Daylight","03 - P.D. only","03 - Rear end"
"10090","MEADOWLANDS DR @ MERIVALE RD","364858.22653","5023726.22046","-75.73352","45.35091","2017","9/29/2017","11:50:00 AM","01 - Clear","01 - Dry","01 - Traffic signal","02 - Intersection related","01 - Daylight","03 - P.D. only","03 - Rear end"
"10091","MEADOWLANDS DR @ MERIVALE RD","364858.69990","5023726.60330","-75.73352","45.35091","2017","10/8/2017","1:01:00 AM","01 - Clear","01 - Dry","01 - Traffic signal","02 - Intersection related","07 - Dark","03 - P.D. only","01 - Approaching"
"10092","MEADOWLANDS DR @ MERIVALE RD","364859.64665","5023726.69383","-75.73350","45.35091","2017","10/5/2017","10:58:00 PM","01 - Clear","01 - Dry","01 - Traffic signal","03 - At intersection","07 - Dark","03 - P.D. only","05 - Turning movement"
"10093","MEADOWLANDS DR @ MERIVALE RD","364857.75315","5023724.80034","-75.73353","45.35090","2017","10/27/2017","8:51:00 PM","01 - Clear","01 - Dry","01 - Traffic signal","02 - Intersection related","07 - Dark","03 - P.D. only","03 - Rear end"
"10094","MEADOWLANDS DR @ MERIVALE RD","364859.79280","5023725.51040","-75.73350","45.35090","2017","10/11/2017","7:30:00 PM","01 - Clear","01 - Dry","01 - Traffic signal","02 - Intersection related","07 - Dark","03 - P.D. only","04 - Sideswipe"
"10095","MEADOWLANDS DR @ MERIVALE RD","364859.70324","5023724.84150","-75.73350","45.35090","2017","11/7/2017","8:50:00 PM","01 - Clear","01 - Dry","01 - Traffic signal","03 - At intersection","07 - Dark","03 - P.D. only","05 - Turning movement"
"10096","MEADOWLANDS DR @ MERIVALE RD","364858.36545","5023724.17261","-75.73352","45.35089","2017","11/12/2017","8:12:00 PM","01 - Clear","01 - Dry","01 - Traffic signal","03 - At intersection","07 - Dark","02 - Non-fatal injury","02 - Angle"
"10097","MEADOWLANDS DR @ MERIVALE RD","364859.03435","5023725.51040","-75.73351","45.35090","2017","11/12/2017","1:56:00 AM","01 - Clear","01 - Dry","01 - Traffic signal","03 - At intersection","07 - Dark","03 - P.D. only","05 - Turning movement"
"10098","MEADOWLANDS DR @ MERIVALE RD","364859.17780","5023724.79355","-75.73351","45.35090","2017","11/21/2017","5:30:00 PM","01 - Clear","02 - Wet","01 - Traffic signal","03 - At intersection","07 - Dark","03 - P.D. only","05 - Turning movement"
"10099","MEADOWLANDS DR @ MERIVALE RD","364858.69990","5023726.05685","-75.73352","45.35091","2017","2/2/2017","12:56:00 PM","01 - Clear","01 - Dry","01 - Traffic signal","02 - Intersection related","01 - Daylight","03 - P.D. only","04 - Sideswipe"
"10100","MEADOWLANDS DR @ MERIVALE RD","364859.55827","5023726.36877","-75.73351","45.35091","2017","1/13/2017","4:02:00 PM","01 - Clear","01 - Dry","01 - Traffic signal","02 - Intersection related","01 - Daylight","03 - P.D. only","99 - Other"
"10101","MEADOWLANDS DR @ MERIVALE RD","364858.36545","5023725.51040","-75.73352","45.35090","2017","1/26/2017","2:34:00 PM","01 - Clear","01 - Dry","01 - Traffic signal","03 - At intersection","01 - Daylight","03 - P.D. only","07 - SMV other"
"10102","MEADOWLANDS DR @ MERIVALE RD","364859.03435","5023726.84819","-75.73351","45.35092","2017","4/23/2017","6:15:00 PM","01 - Clear","01 - Dry","01 - Traffic signal","03 - At intersection","01 - Daylight","03 - P.D. only","05 - Turning movement"
"10103","MEADOWLANDS DR @ MERIVALE RD","364859.70324","5023726.84819","-75.73350","45.35092","2017","3/11/2017","9:43:00 PM","01 - Clear","01 - Dry","01 - Traffic signal","03 - At intersection","07 - Dark","03 - P.D. only","05 - Turning movement"