"Record","Location","X","Y","Longitude","Latitude","Year","Date","Time","Environment","Road_Surface","Traffic_Control","Collision_Location","Light","Collision_Classification","Impact_type"
"10104","MEADOWLANDS DR @ MERIVALE RD","364859.03435","5023726.17930","-75.73351","45.35091","2017","4/1/2017","2:21:00 PM","01 - Clear","01 - Dry","01 - Traffic signal","02 - Intersection related","01 - Daylight","03 - P.D. only","03 - Rear end"
"10105","MEADOWLANDS DR @ MERIVALE RD","364857.94943","5023725.13517","-75.73353","45.35090","2017","4/4/2017","1:45:00 PM","02 - Rain","02 - Wet","01 - Traffic signal","03 - At intersection","01 - Daylight","03 - P.D. only","03 - Rear end"
"10106","MEADOWLANDS DR @ MERIVALE RD","364859.70324","5023724.17261","-75.73350","45.35089","2017","4/15/2017","8:41:00 PM","02 - Rain","02 - Wet","01 - Traffic signal","03 - At intersection","07 - Dark","02 - Non-fatal injury","05 - Turning movement"
"10107","MEADOWLANDS DR @ MERIVALE RD","364860.13359","5023725.27145","-75.73350","45.35090","2017","12/18/2017","11:49:00 AM","03 - Snow","03 - Loose snow","01 - Traffic signal","02 - Intersection related","01 - Daylight","03 - P.D. only","03 - Rear end"
"10108","MEADOWLANDS DR @ ROWLEY AVE","364325.71331","5023430.38407","-75.74035","45.34829","2017","2/10/2017","8:45:00 AM","01 - Clear","01 - Dry","02 - Stop sign","03 - At intersection","01 - Daylight","03 - P.D. only","04 - Sideswipe"
"10109","MEADOWLANDS DR @ TIVERTON DR","365204.97601","5024344.12521","-75.72902","45.35644","2017","8/24/2017","5:43:00 PM","01 - Clear","01 - Dry","01 - Traffic signal","02 - Intersection related","01 - Daylight","02 - Non-fatal injury","03 - Rear end"
"10110","MEADOWLANDS DR @ TIVERTON DR","365205.47174","5024344.24427","-75.72902","45.35644","2017","9/19/2017","7:04:00 PM","02 - Rain","02 - Wet","01 - Traffic signal","02 - Intersection related","05 - Dusk","03 - P.D. only","03 - Rear end"
"10111","MEADOWLANDS DR @ TIVERTON DR","365204.92900","5024342.78947","-75.72902","45.35643","2017","4/21/2017","7:30:00 AM","02 - Rain","02 - Wet","01 - Traffic signal","02 - Intersection related","01 - Daylight","03 - P.D. only","03 - Rear end"
"10112","MEADOWLANDS DR @ VIEWMOUNT DR","363740.68674","5023104.17271","-75.74786","45.34541","2017","6/10/2017","3:16:00 PM","01 - Clear","01 - Dry","01 - Traffic signal","02 - Intersection related","01 - Daylight","03 - P.D. only","03 - Rear end"
"10113","MEADOWLANDS DR btwn APELDOORN AVE & CLAYMOR AVE","366884.73853","5025258.13965","-75.70747","45.36452","2017","7/7/2017","5:23:00 PM","02 - Rain","02 - Wet","10 - No control","01 - Non intersection","01 - Daylight","03 - P.D. only","03 - Rear end"
"10114","MEADOWLANDS DR btwn BAYNE AVE & MERIVALE RD","364784.59369","5023684.81728","-75.73447","45.35054","2017","8/5/2017","4:27:00 PM","01 - Clear","01 - Dry","10 - No control","04 - At/near private drive","01 - Daylight","02 - Non-fatal injury","02 - Angle"
"10115","MEADOWLANDS DR btwn BAYNE AVE & MERIVALE RD","364800.84037","5023694.74117","-75.73426","45.35063","2017","10/30/2017","11:04:00 AM","02 - Rain","02 - Wet","10 - No control","04 - At/near private drive","01 - Daylight","03 - P.D. only","02 - Angle"
"10116","MEADOWLANDS DR btwn BROOK LANE & WITHROW AVE","363626.38086","5023043.31907","-75.74932","45.34487","2017","9/19/2017","7:55:00 AM","01 - Clear","01 - Dry","10 - No control","04 - At/near private drive","01 - Daylight","03 - P.D. only","99 - Other"
"10117","MEADOWLANDS DR btwn CHESTERTON DR & TIVERTON DR","365179.84539","5024260.36086","-75.72935","45.35569","2017","5/25/2017","4:21:00 PM","02 - Rain","02 - Wet","10 - No control","01 - Non intersection","01 - Daylight","03 - P.D. only","03 - Rear end"
"10118","MEADOWLANDS DR btwn CHESTERTON DR & TIVERTON DR","365154.15290","5024178.42079","-75.72969","45.35495","2017","11/18/2017","8:24:00 PM","02 - Rain","02 - Wet","10 - No control","01 - Non intersection","07 - Dark","03 - P.D. only","03 - Rear end"
"10119","MEADOWLANDS DR btwn CLAYMOR AVE & DEBRA AVE","367173.68456","5025560.04082","-75.70374","45.36721","2017","8/9/2017","1:12:00 PM","01 - Clear","01 - Dry","10 - No control","01 - Non intersection","01 - Daylight","03 - P.D. only","06 - SMV unattended vehicle"
"10120","MEADOWLANDS DR btwn CLAYMOR AVE & DEBRA AVE","367202.73316","5025579.93461","-75.70337","45.36738","2017","4/22/2017","12:19:00 PM","01 - Clear","01 - Dry","10 - No control","04 - At/near private drive","01 - Daylight","03 - P.D. only","02 - Angle"
"10121","MEADOWLANDS DR btwn CLAYMOR AVE & DEBRA AVE","367152.38786","5025542.81778","-75.70402","45.36705","2017","3/2/2017","3:14:00 PM","01 - Clear","01 - Dry","10 - No control","04 - At/near private drive","01 - Daylight","03 - P.D. only","02 - Angle"
"10122","MEADOWLANDS DR btwn EAGLE LANE & BELIVEAU ST","365474.37255","5024543.73669","-75.72556","45.35821","2017","3/14/2017","3:46:00 PM","03 - Snow","03 - Loose snow","10 - No control","04 - At/near private drive","01 - Daylight","02 - Non-fatal injury","07 - SMV other"
"10123","MEADOWLANDS DR btwn FISHER AVE & ORTONA AVE","366602.82410","5025064.17510","-75.71109","45.36280","2017","5/17/2017","5:20:00 PM","01 - Clear","01 - Dry","10 - No control","01 - Non intersection","01 - Daylight","03 - P.D. only","04 - Sideswipe"
"10124","MEADOWLANDS DR btwn HOGAN ST & NESS ST","366214.15091","5024894.08771","-75.71607","45.36130","2017","4/16/2017","1:58:00 PM","02 - Rain","02 - Wet","10 - No control","04 - At/near private drive","01 - Daylight","03 - P.D. only","02 - Angle"
"10125","MEADOWLANDS DR btwn HOGAN ST & NESS ST","366268.41666","5024891.91023","-75.71538","45.36128","2017","4/1/2017","1:50:00 PM","03 - Snow","02 - Wet","10 - No control","01 - Non intersection","01 - Daylight","03 - P.D. only","06 - SMV unattended vehicle"
"10126","MEADOWLANDS DR btwn HOGAN ST & NESS ST","366391.11028","5024928.64166","-75.71381","45.36160","2017","3/24/2017","7:54:00 PM","03 - Snow","03 - Loose snow","10 - No control","01 - Non intersection","07 - Dark","03 - P.D. only","99 - Other"
"10127","MEADOWLANDS DR btwn HOGAN ST & NESS ST","366391.10246","5024928.46270","-75.71381","45.36159","2017","3/26/2017","5:00:00 PM","02 - Rain","02 - Wet","10 - No control","04 - At/near private drive","01 - Daylight","03 - P.D. only","03 - Rear end"
"10128","MEADOWLANDS DR btwn INDIAN RD & LAIRD ST","364046.65855","5023275.72532","-75.74393","45.34693","2017","1/27/2017","12:00:00 AM","01 - Clear","01 - Dry","10 - No control","01 - Non intersection","00 - Unknown","03 - P.D. only","06 - SMV unattended vehicle"
"10129","MEADOWLANDS DR btwn INVERNESS AVE & DEER PARK RD","365819.27036","5024758.66657","-75.72113","45.36012","2017","12/11/2017","8:33:00 AM","01 - Clear","01 - Dry","10 - No control","01 - Non intersection","01 - Daylight","03 - P.D. only","01 - Approaching"
"10130","MEADOWLANDS DR btwn LAIRD ST & ROWLEY AVE","364226.92666","5023375.70025","-75.74162","45.34781","2017","9/11/2017","8:24:00 PM","01 - Clear","01 - Dry","10 - No control","01 - Non intersection","07 - Dark","02 - Non-fatal injury","06 - SMV unattended vehicle"
"10131","MEADOWLANDS DR btwn MERIVALE RD & GRANT CARMAN DR","365007.72367","5023839.60813","-75.73160","45.35192","2017","12/12/2017","7:07:00 AM","03 - Snow","05 - Packed snow","10 - No control","01 - Non intersection","03 - Dawn","02 - Non-fatal injury","07 - SMV other"
"10132","MEADOWLANDS DR btwn NE/OT BOUNDARY & FISHER AVE","366565.36590","5025040.09483","-75.71157","45.36258","2017","6/20/2017","6:30:00 PM","01 - Clear","01 - Dry","10 - No control","01 - Non intersection","01 - Daylight","03 - P.D. only","03 - Rear end"
"10133","MEADOWLANDS DR btwn NE/OT BOUNDARY & FISHER AVE","366559.34584","5025034.74366","-75.71165","45.36254","2017","3/7/2017","5:31:00 PM","02 - Rain","02 - Wet","10 - No control","04 - At/near private drive","05 - Dusk","03 - P.D. only","02 - Angle"
"10134","MEADOWLANDS DR btwn NESS ST & NE/OT BOUNDARY","366478.26507","5024984.17254","-75.71269","45.36209","2017","2/11/2017","12:00:00 AM","01 - Clear","02 - Wet","10 - No control","01 - Non intersection","00 - Unknown","03 - P.D. only","06 - SMV unattended vehicle"
"10135","MEADOWLANDS DR btwn PERRY ST & PETER ST","364444.46493","5023496.25891","-75.73883","45.34888","2017","3/9/2017","1:25:00 PM","01 - Clear","01 - Dry","10 - No control","01 - Non intersection","01 - Daylight","02 - Non-fatal injury","01 - Approaching"
"10136","MEADOWLANDS DR btwn PRINCE OF WALES DR & DEBRA AVE","367329.44398","5025666.72115","-75.70174","45.36815","2017","5/26/2017","1:00:00 PM","01 - Clear","01 - Dry","10 - No control","04 - At/near private drive","01 - Daylight","03 - P.D. only","05 - Turning movement"
"10137","MEADOWLANDS DR btwn PRINCE OF WALES DR & DEBRA AVE","367327.43729","5025665.38335","-75.70177","45.36814","2017","6/14/2017","4:54:00 PM","01 - Clear","01 - Dry","10 - No control","01 - Non intersection","01 - Daylight","03 - P.D. only","03 - Rear end"
"10138","MEADOWLANDS DR btwn PRINCE OF WALES DR & DEBRA AVE","367348.24216","5025679.72958","-75.70150","45.36827","2017","7/5/2017","4:06:00 PM","01 - Clear","01 - Dry","10 - No control","04 - At/near private drive","01 - Daylight","03 - P.D. only","02 - Angle"
"10139","MEADOWLANDS DR btwn PRINCE OF WALES DR & DEBRA AVE","367330.08491","5025671.12121","-75.70173","45.36819","2017","8/21/2017","3:26:00 PM","01 - Clear","01 - Dry","10 - No control","04 - At/near private drive","01 - Daylight","03 - P.D. only","02 - Angle"
"10140","MEADOWLANDS DR btwn PRINCE OF WALES DR & DEBRA AVE","367353.71704","5025684.60568","-75.70143","45.36831","2017","9/28/2017","6:50:00 PM","01 - Clear","01 - Dry","10 - No control","01 - Non intersection","05 - Dusk","03 - P.D. only","05 - Turning movement"
"10141","MEADOWLANDS DR btwn PRINCE OF WALES DR & DEBRA AVE","367356.12721","5025684.52487","-75.70140","45.36831","2017","11/15/2017","6:29:00 PM","01 - Clear","02 - Wet","10 - No control","01 - Non intersection","07 - Dark","03 - P.D. only","06 - SMV unattended vehicle"
"10142","MEADOWLANDS DR btwn ROWLEY AVE & PERRY ST","364395.61192","5023469.95818","-75.73946","45.34864","2017","3/29/2017","6:45:00 PM","01 - Clear","01 - Dry","10 - No control","04 - At/near private drive","05 - Dusk","03 - P.D. only","03 - Rear end"
"10143","MEADOWLANDS DR btwn TURN LANE & SULLIVAN AVE","363117.45778","5022764.46952","-75.75585","45.34240","2017","5/31/2017","2:51:00 PM","01 - Clear","01 - Dry","10 - No control","04 - At/near private drive","01 - Daylight","03 - P.D. only","02 - Angle"
"10144","MEADOWLANDS DR btwn TURN LANE & SULLIVAN AVE","363263.75667","5022840.42620","-75.75398","45.34307","2017","7/10/2017","1:26:00 AM","01 - Clear","02 - Wet","10 - No control","01 - Non intersection","07 - Dark","03 - P.D. only","06 - SMV unattended vehicle"
"10145","MEADOWLANDS DR btwn TURN LANE & SULLIVAN AVE","363144.73429","5022778.98592","-75.75550","45.34253","2017","9/8/2017","7:36:00 PM","01 - Clear","01 - Dry","10 - No control","04 - At/near private drive","05 - Dusk","03 - P.D. only","02 - Angle"
"10146","MEADOWLANDS DR btwn TURN LANE & SULLIVAN AVE","363234.38245","5022824.51067","-75.75435","45.34293","2017","3/26/2017","2:40:00 PM","01 - Clear","02 - Wet","10 - No control","01 - Non intersection","01 - Daylight","03 - P.D. only","06 - SMV unattended vehicle"
"10147","MEADOWLANDS DR btwn VIEWMOUNT DR & INDIAN RD","363879.97703","5023182.17112","-75.74607","45.34610","2017","2/15/2017","7:12:00 PM","03 - Snow","05 - Packed snow","10 - No control","04 - At/near private drive","07 - Dark","03 - P.D. only","03 - Rear end"
"10148","MEADOWLANDS DR/PETER ST @ PERRY ST","364439.28394","5023493.05171","-75.73890","45.34885","2017","4/30/2017","10:05:00 AM","04 - Freezing Rain","02 - Wet","01 - Traffic signal","03 - At intersection","01 - Daylight","03 - P.D. only","02 - Angle"
"10149","MEADOWLANDS DR/PETER ST @ PERRY ST","364439.28237","5023493.56369","-75.73890","45.34885","2017","10/31/2017","5:30:00 PM","01 - Clear","01 - Dry","01 - Traffic signal","02 - Intersection related","05 - Dusk","03 - P.D. only","03 - Rear end"
"10150","MEADOWLANDS DR/PETER ST @ PERRY ST","364438.14850","5023493.34280","-75.73891","45.34885","2017","2/22/2017","6:57:00 PM","01 - Clear","01 - Dry","01 - Traffic signal","03 - At intersection","07 - Dark","02 - Non-fatal injury","03 - Rear end"
"10151","MEADOWLANDS DR/TALLWOOD DR @ WOODROFFE AVE","363056.76258","5022730.36732","-75.75663","45.34210","2017","5/10/2017","4:40:00 PM","01 - Clear","01 - Dry","01 - Traffic signal","02 - Intersection related","01 - Daylight","03 - P.D. only","03 - Rear end"
"10152","MEADOWLANDS DR/TALLWOOD DR @ WOODROFFE AVE","363057.12996","5022729.33663","-75.75662","45.34209","2017","4/26/2017","3:43:00 PM","01 - Clear","01 - Dry","01 - Traffic signal","02 - Intersection related","01 - Daylight","03 - P.D. only","03 - Rear end"
"10153","MEADOWLANDS DR/TALLWOOD DR @ WOODROFFE AVE","363056.64838","5022730.63968","-75.75663","45.34210","2017","5/8/2017","4:50:00 PM","01 - Clear","01 - Dry","01 - Traffic signal","02 - Intersection related","01 - Daylight","03 - P.D. only","03 - Rear end"
"10154","MEADOWLANDS DR/TALLWOOD DR @ WOODROFFE AVE","363056.95453","5022730.47594","-75.75663","45.34210","2017","8/24/2017","1:45:00 PM","01 - Clear","01 - Dry","01 - Traffic signal","02 - Intersection related","01 - Daylight","03 - P.D. only","99 - Other"
"10155","MEADOWLANDS DR/TALLWOOD DR @ WOODROFFE AVE","363056.68960","5022728.89940","-75.75663","45.34209","2017","8/2/2017","6:00:00 PM","01 - Clear","01 - Dry","01 - Traffic signal","02 - Intersection related","01 - Daylight","03 - P.D. only","02 - Angle"
"10156","MEADOWLANDS DR/TALLWOOD DR @ WOODROFFE AVE","363057.77508","5022729.13745","-75.75662","45.34209","2017","10/10/2017","8:29:00 AM","01 - Clear","01 - Dry","01 - Traffic signal","03 - At intersection","01 - Daylight","03 - P.D. only","03 - Rear end"
"10157","MEADOWLANDS DR/TALLWOOD DR @ WOODROFFE AVE","363056.75391","5022730.36189","-75.75663","45.34210","2017","9/19/2017","4:47:00 PM","01 - Clear","01 - Dry","01 - Traffic signal","02 - Intersection related","01 - Daylight","03 - P.D. only","03 - Rear end"
"10158","MEADOWLANDS DR/TALLWOOD DR @ WOODROFFE AVE","363057.58345","5022730.27084","-75.75662","45.34210","2017","9/14/2017","5:00:00 PM","01 - Clear","01 - Dry","01 - Traffic signal","02 - Intersection related","01 - Daylight","03 - P.D. only","99 - Other"
"10159","MEADOWLANDS DR/TALLWOOD DR @ WOODROFFE AVE","363055.73381","5022729.29956","-75.75664","45.34209","2017","9/13/2017","12:00:00 PM","01 - Clear","01 - Dry","01 - Traffic signal","02 - Intersection related","01 - Daylight","03 - P.D. only","03 - Rear end"
"10160","MEADOWLANDS DR/TALLWOOD DR @ WOODROFFE AVE","363056.21623","5022729.31087","-75.75664","45.34209","2017","12/12/2017","2:01:00 PM","01 - Clear","01 - Dry","01 - Traffic signal","02 - Intersection related","01 - Daylight","03 - P.D. only","03 - Rear end"
"10161","MEADOWLANDS DR/TALLWOOD DR @ WOODROFFE AVE","363056.35515","5022729.82540","-75.75663","45.34210","2017","11/14/2017","11:50:00 AM","01 - Clear","01 - Dry","01 - Traffic signal","02 - Intersection related","01 - Daylight","03 - P.D. only","03 - Rear end"
"10162","MEADOWLANDS DR/TALLWOOD DR @ WOODROFFE AVE","363056.35515","5022730.49430","-75.75663","45.34210","2017","11/11/2017","10:40:00 PM","01 - Clear","01 - Dry","01 - Traffic signal","02 - Intersection related","07 - Dark","03 - P.D. only","03 - Rear end"
"10163","MEADOWLANDS DR/TALLWOOD DR @ WOODROFFE AVE","363056.66211","5022729.81642","-75.75663","45.34210","2017","1/16/2017","9:50:00 AM","01 - Clear","01 - Dry","01 - Traffic signal","02 - Intersection related","01 - Daylight","03 - P.D. only","03 - Rear end"
"10164","MEADOWLANDS DR/TALLWOOD DR @ WOODROFFE AVE","363057.02405","5022729.82540","-75.75663","45.34210","2017","3/2/2017","9:07:00 AM","03 - Snow","05 - Packed snow","01 - Traffic signal","02 - Intersection related","01 - Daylight","03 - P.D. only","03 - Rear end"
"10165","MEADOWLANDS DR/TALLWOOD DR @ WOODROFFE AVE","363056.35515","5022729.82540","-75.75663","45.34210","2017","3/4/2017","4:25:00 PM","01 - Clear","01 - Dry","01 - Traffic signal","02 - Intersection related","01 - Daylight","03 - P.D. only","03 - Rear end"
"10166","MEADOWLANDS DR/TALLWOOD DR @ WOODROFFE AVE","363057.02405","5022729.15651","-75.75663","45.34209","2017","4/11/2017","5:43:00 PM","01 - Clear","01 - Dry","01 - Traffic signal","02 - Intersection related","01 - Daylight","03 - P.D. only","03 - Rear end"
"10167","MEADOWLANDS DR/TALLWOOD DR @ WOODROFFE AVE","363055.94878","5022730.88641","-75.75664","45.34211","2017","12/28/2017","3:53:00 PM","01 - Clear","05 - Packed snow","01 - Traffic signal","02 - Intersection related","01 - Daylight","03 - P.D. only","03 - Rear end"
"10168","MEADOWLANDS DR/TALLWOOD DR @ WOODROFFE AVE","363057.16297","5022731.67773","-75.75662","45.34211","2017","12/28/2017","6:30:00 AM","01 - Clear","02 - Wet","01 - Traffic signal","02 - Intersection related","07 - Dark","03 - P.D. only","03 - Rear end"
"10169","MEDHURST DR btwn NESTOW DR & NESTOW DR","364323.49885","5022127.02173","-75.74054","45.33657","2017","3/28/2017","9:15:00 AM","01 - Clear","01 - Dry","10 - No control","04 - At/near private drive","01 - Daylight","03 - P.D. only","99 - Other"
"10170","MEDHURST DR btwn WOODROFFE AVE & BROCKINGTON CRES","363466.17819","5021845.21610","-75.75151","45.33410","2017","3/16/2017","7:52:00 AM","01 - Clear","02 - Wet","10 - No control","04 - At/near private drive","01 - Daylight","03 - P.D. only","03 - Rear end"
"10171","MELANIE CRES btwn SUMNER ST & MCKITRICK DR (2)","352763.85949","5017195.94452","-75.88850","45.29308","2017","11/26/2017","11:26:00 AM","01 - Clear","06 - Ice","10 - No control","01 - Non intersection","01 - Daylight","03 - P.D. only","06 - SMV unattended vehicle"
"10172","MELBOURNE AVE btwn KENWOOD AVE & PRINCETON AVE","363273.03688","5027787.22890","-75.75327","45.38758","2017","12/18/2017","6:53:00 PM","01 - Clear","05 - Packed snow","10 - No control","01 - Non intersection","07 - Dark","03 - P.D. only","06 - SMV unattended vehicle"
"10173","MELDRUM AVE btwn CLANCY ST & LA VERENDRYE DR","374669.64399","5035507.04936","-75.60665","45.45600","2017","8/18/2017","10:18:00 AM","02 - Rain","02 - Wet","10 - No control","01 - Non intersection","01 - Daylight","03 - P.D. only","05 - Turning movement"
"10174","MELFORT ST @ WALKLEY RD","374446.82308","5028374.35321","-75.61051","45.39184","2017","10/11/2017","4:14:00 PM","01 - Clear","01 - Dry","01 - Traffic signal","02 - Intersection related","01 - Daylight","03 - P.D. only","03 - Rear end"
"10175","MELFORT ST @ WALKLEY RD","374446.48807","5028373.16387","-75.61051","45.39183","2017","2/9/2017","4:26:00 PM","01 - Clear","01 - Dry","01 - Traffic signal","03 - At intersection","01 - Daylight","03 - P.D. only","03 - Rear end"
"10176","MELGUND AVE @ MONK ST","368399.43214","5029227.84506","-75.68763","45.40010","2017","1/7/2017","11:38:00 AM","01 - Clear","03 - Loose snow","02 - Stop sign","02 - Intersection related","01 - Daylight","03 - P.D. only","06 - SMV unattended vehicle"
"10177","MELODIE, RUE DE LA @ RENAUD RD","382170.45800","5032953.60920","-75.51116","45.43223","2017","8/8/2017","5:52:00 PM","01 - Clear","01 - Dry","02 - Stop sign","02 - Intersection related","01 - Daylight","02 - Non-fatal injury","03 - Rear end"
"10178","MELROSE AVE btwn RUSKIN ST & CARLING AVE","365904.44542","5028548.05896","-75.71958","45.39421","2017","6/9/2017","9:20:00 AM","01 - Clear","01 - Dry","10 - No control","01 - Non intersection","01 - Daylight","03 - P.D. only","06 - SMV unattended vehicle"
"10179","MER BLEUE RD btwn 210 S OF INNES RD & INNES RD","382705.34204","5035430.03294","-75.50394","45.45446","2017","8/9/2017","1:05:00 PM","01 - Clear","01 - Dry","10 - No control","04 - At/near private drive","01 - Daylight","02 - Non-fatal injury","05 - Turning movement"
"10180","MER BLEUE RD btwn 210 S OF INNES RD & INNES RD","382662.34609","5035526.11235","-75.50447","45.45533","2017","9/5/2017","3:00:00 PM","01 - Clear","01 - Dry","10 - No control","01 - Non intersection","01 - Daylight","03 - P.D. only","04 - Sideswipe"
"10181","MER BLEUE RD btwn WALL RD & MER BLEUE RD","383945.81940","5032534.30769","-75.48854","45.42826","2017","5/17/2017","5:30:00 PM","01 - Clear","01 - Dry","10 - No control","01 - Non intersection","01 - Daylight","03 - P.D. only","03 - Rear end"
"10182","MER BLEUE RD E @ NAVAN RD","384139.78604","5032190.19991","-75.48612","45.42515","2017","9/12/2017","6:20:00 AM","01 - Clear","01 - Dry","02 - Stop sign","02 - Intersection related","03 - Dawn","03 - P.D. only","03 - Rear end"
"10183","MERIDIAN PL btwn PALLISTER PRIV & CHRYSALIS WAY","362753.80123","5022761.37119","-75.76049","45.34241","2017","1/20/2017","12:00:00 AM","01 - Clear","02 - Wet","10 - No control","01 - Non intersection","00 - Unknown","03 - P.D. only","06 - SMV unattended vehicle"
"10184","MERIVALE RD @ 170 N OF HUNTCLUB RD/COSTCO/CANA","365550.19874","5022100.76310","-75.72489","45.33622","2017","11/9/2017","12:51:00 PM","01 - Clear","01 - Dry","01 - Traffic signal","02 - Intersection related","01 - Daylight","02 - Non-fatal injury","07 - SMV other"
"10185","MERIVALE RD @ 170 N OF HUNTCLUB RD/COSTCO/CANA","365549.58345","5022101.22431","-75.72490","45.33623","2017","11/6/2017","10:31:00 AM","01 - Clear","01 - Dry","01 - Traffic signal","02 - Intersection related","01 - Daylight","03 - P.D. only","03 - Rear end"
"10186","MERIVALE RD @ 170 N OF HUNTCLUB RD/COSTCO/CANA","365548.86095","5022098.75641","-75.72491","45.33621","2017","2/23/2017","6:30:00 PM","01 - Clear","02 - Wet","01 - Traffic signal","03 - At intersection","07 - Dark","02 - Non-fatal injury","02 - Angle"
"10187","MERIVALE RD @ 170 N OF HUNTCLUB RD/COSTCO/CANA","365548.19205","5022100.76310","-75.72492","45.33622","2017","3/17/2017","12:26:00 PM","01 - Clear","01 - Dry","01 - Traffic signal","02 - Intersection related","01 - Daylight","02 - Non-fatal injury","07 - SMV other"
"10188","MERIVALE RD @ 170 N OF HUNTCLUB RD/COSTCO/CANA","365549.73604","5022100.07725","-75.72490","45.33622","2017","12/26/2017","9:41:00 AM","01 - Clear","04 - Slush","01 - Traffic signal","02 - Intersection related","01 - Daylight","03 - P.D. only","02 - Angle"
"10189","MERIVALE RD @ 210 S OF MEADOWLANDS DR","364944.01485","5023529.19721","-75.73245","45.34913","2017","6/26/2017","12:34:00 PM","01 - Clear","01 - Dry","01 - Traffic signal","02 - Intersection related","01 - Daylight","02 - Non-fatal injury","03 - Rear end"
"10190","MERIVALE RD @ 210 S OF MEADOWLANDS DR","364944.06657","5023530.00149","-75.73245","45.34914","2017","6/23/2017","2:39:00 PM","01 - Clear","01 - Dry","01 - Traffic signal","02 - Intersection related","01 - Daylight","03 - P.D. only","04 - Sideswipe"
"10191","MERIVALE RD @ 210 S OF MEADOWLANDS DR","364943.34595","5023529.86610","-75.73246","45.34914","2017","4/28/2017","9:05:00 AM","01 - Clear","01 - Dry","01 - Traffic signal","02 - Intersection related","01 - Daylight","03 - P.D. only","03 - Rear end"
"10192","MERIVALE RD @ 210 S OF MEADOWLANDS DR","364943.34595","5023530.53500","-75.73246","45.34914","2017","2/21/2017","9:31:00 AM","01 - Clear","01 - Dry","01 - Traffic signal","02 - Intersection related","01 - Daylight","03 - P.D. only","07 - SMV other"
"10193","MERIVALE RD @ ANNA AVE/LAPERRIERE AVE","364861.27292","5027163.49508","-75.73307","45.38184","2017","5/30/2017","8:16:00 AM","01 - Clear","01 - Dry","01 - Traffic signal","02 - Intersection related","01 - Daylight","03 - P.D. only","03 - Rear end"
"10194","MERIVALE RD @ BASIL MACDONALD WAY/MERIVALE MAL","365097.21630","5023171.96379","-75.73054","45.34590","2017","8/4/2017","3:05:00 PM","01 - Clear","01 - Dry","01 - Traffic signal","03 - At intersection","01 - Daylight","03 - P.D. only","02 - Angle"
"10195","MERIVALE RD @ BASIL MACDONALD WAY/MERIVALE MAL","365095.89010","5023171.86517","-75.73056","45.34590","2017","6/28/2017","11:20:00 AM","01 - Clear","01 - Dry","01 - Traffic signal","02 - Intersection related","01 - Daylight","03 - P.D. only","05 - Turning movement"
"10196","MERIVALE RD @ BASIL MACDONALD WAY/MERIVALE MAL","365097.55666","5023172.69845","-75.73054","45.34591","2017","12/12/2017","8:58:00 PM","03 - Snow","03 - Loose snow","01 - Traffic signal","03 - At intersection","07 - Dark","03 - P.D. only","05 - Turning movement"
"10197","MERIVALE RD @ BASIL MACDONALD WAY/MERIVALE MAL","365097.29770","5023171.41307","-75.73054","45.34590","2017","11/3/2017","5:00:00 PM","01 - Clear","01 - Dry","01 - Traffic signal","02 - Intersection related","05 - Dusk","03 - P.D. only","03 - Rear end"
"10198","MERIVALE RD @ BONGARD AVE","365870.52626","5021316.80770","-75.72090","45.32914","2017","3/14/2017","9:52:00 AM","03 - Snow","02 - Wet","02 - Stop sign","03 - At intersection","01 - Daylight","02 - Non-fatal injury","02 - Angle"
"10199","MERIVALE RD @ CAPILANO DR/WITHROW AVE","364643.43234","5024229.10669","-75.73620","45.35545","2017","4/27/2017","11:03:00 PM","01 - Clear","01 - Dry","01 - Traffic signal","03 - At intersection","07 - Dark","02 - Non-fatal injury","02 - Angle"
"10200","MERIVALE RD @ CAPILANO DR/WITHROW AVE","364642.90690","5024227.05205","-75.73621","45.35543","2017","9/3/2017","2:53:00 PM","02 - Rain","02 - Wet","01 - Traffic signal","03 - At intersection","01 - Daylight","03 - P.D. only","02 - Angle"
"10201","MERIVALE RD @ CAPILANO DR/WITHROW AVE","364642.42900","5024227.22245","-75.73622","45.35544","2017","10/7/2017","11:53:00 AM","02 - Rain","02 - Wet","01 - Traffic signal","02 - Intersection related","01 - Daylight","03 - P.D. only","03 - Rear end"
"10202","MERIVALE RD @ CAPILANO DR/WITHROW AVE","364642.72878","5024227.85982","-75.73621","45.35544","2017","1/30/2017","6:20:00 PM","01 - Clear","01 - Dry","01 - Traffic signal","03 - At intersection","07 - Dark","03 - P.D. only","05 - Turning movement"
"10203","MERIVALE RD @ CAPILANO DR/WITHROW AVE","364642.76345","5024227.76890","-75.73621","45.35544","2017","4/11/2017","10:11:00 AM","02 - Rain","02 - Wet","01 - Traffic signal","03 - At intersection","01 - Daylight","02 - Non-fatal injury","02 - Angle"
"10204","MERIVALE RD @ CAPILANO DR/WITHROW AVE","364641.99286","5024228.08860","-75.73622","45.35544","2017","12/21/2017","12:04:00 PM","01 - Clear","01 - Dry","01 - Traffic signal","03 - At intersection","01 - Daylight","02 - Non-fatal injury","07 - SMV other"
"10205","MERIVALE RD @ CAPILANO DR/WITHROW AVE","364641.48225","5024228.47896","-75.73623","45.35545","2017","12/30/2017","9:29:00 AM","03 - Snow","05 - Packed snow","01 - Traffic signal","02 - Intersection related","01 - Daylight","03 - P.D. only","03 - Rear end"