"Record","Location","X","Y","Longitude","Latitude","Year","Date","Time","Environment","Road_Surface","Traffic_Control","Collision_Location","Light","Collision_Classification","Impact_type"
"10206","MERIVALE RD @ CLEOPATRA DR","365951.56610","5021122.70485","-75.71989","45.32739","2017","7/11/2017","5:15:00 PM","01 - Clear","02 - Wet","01 - Traffic signal","02 - Intersection related","01 - Daylight","02 - Non-fatal injury","03 - Rear end"
"10207","MERIVALE RD @ CLEOPATRA DR","365950.24957","5021122.06769","-75.71991","45.32738","2017","12/15/2017","5:47:00 PM","03 - Snow","04 - Slush","01 - Traffic signal","03 - At intersection","07 - Dark","02 - Non-fatal injury","02 - Angle"
"10208","MERIVALE RD @ CLEOPATRA DR","365951.03436","5021122.62691","-75.71990","45.32739","2017","12/20/2017","5:38:00 PM","01 - Clear","01 - Dry","01 - Traffic signal","02 - Intersection related","07 - Dark","03 - P.D. only","05 - Turning movement"
"10209","MERIVALE RD @ COLDREY AVE/CRERAR AVE","364895.79670","5027391.99795","-75.73260","45.38389","2017","7/20/2017","11:05:00 AM","01 - Clear","01 - Dry","01 - Traffic signal","02 - Intersection related","01 - Daylight","03 - P.D. only","04 - Sideswipe"
"10210","MERIVALE RD @ EMERALD PLAZA SC","364737.57660","5024004.35681","-75.73503","45.35342","2017","11/7/2017","5:24:00 PM","01 - Clear","01 - Dry","01 - Traffic signal","02 - Intersection related","07 - Dark","02 - Non-fatal injury","07 - SMV other"
"10211","MERIVALE RD @ EMERALD PLAZA SC","364736.13166","5024006.11870","-75.73505","45.35344","2017","3/15/2017","5:36:00 PM","03 - Snow","03 - Loose snow","01 - Traffic signal","02 - Intersection related","01 - Daylight","03 - P.D. only","03 - Rear end"
"10212","MERIVALE RD @ FAMILY BROWN LANE","365005.39997","5023386.02849","-75.73169","45.34784","2017","6/20/2017","5:26:00 PM","01 - Clear","01 - Dry","01 - Traffic signal","03 - At intersection","01 - Daylight","02 - Non-fatal injury","05 - Turning movement"
"10213","MERIVALE RD @ FAMILY BROWN LANE","365003.78863","5023386.12173","-75.73171","45.34784","2017","6/16/2017","6:59:00 PM","01 - Clear","01 - Dry","01 - Traffic signal","03 - At intersection","01 - Daylight","03 - P.D. only","05 - Turning movement"
"10214","MERIVALE RD @ FAMILY BROWN LANE","365005.57571","5023384.90643","-75.73168","45.34783","2017","8/30/2017","7:05:00 PM","01 - Clear","01 - Dry","01 - Traffic signal","02 - Intersection related","01 - Daylight","03 - P.D. only","03 - Rear end"
"10215","MERIVALE RD @ FAMILY BROWN LANE","365004.62465","5023385.66760","-75.73170","45.34783","2017","11/22/2017","6:40:00 AM","01 - Clear","02 - Wet","01 - Traffic signal","03 - At intersection","03 - Dawn","02 - Non-fatal injury","02 - Angle"
"10216","MERIVALE RD @ FAMILY BROWN LANE","365004.11718","5023386.17812","-75.73170","45.34784","2017","2/4/2017","11:27:00 AM","01 - Clear","01 - Dry","01 - Traffic signal","02 - Intersection related","01 - Daylight","03 - P.D. only","02 - Angle"
"10217","MERIVALE RD @ GERVIN ST","366292.57976","5020292.89101","-75.71565","45.31989","2017","11/12/2017","7:57:00 PM","01 - Clear","01 - Dry","02 - Stop sign","02 - Intersection related","07 - Dark","02 - Non-fatal injury","03 - Rear end"
"10218","MERIVALE RD @ KINGSTON AVE","364902.70470","5026273.79777","-75.73265","45.37383","2017","10/20/2017","11:55:00 AM","01 - Clear","01 - Dry","02 - Stop sign","02 - Intersection related","01 - Daylight","03 - P.D. only","03 - Rear end"
"10219","MERIVALE RD @ MACFARLANE RD","366152.85793","5020632.65849","-75.71739","45.32296","2017","10/23/2017","4:19:00 PM","01 - Clear","01 - Dry","02 - Stop sign","03 - At intersection","01 - Daylight","03 - P.D. only","05 - Turning movement"
"10220","MERIVALE RD @ PINEGLEN CRES","366242.37565","5020411.81160","-75.71627","45.32097","2017","3/16/2017","7:29:00 PM","01 - Clear","01 - Dry","02 - Stop sign","02 - Intersection related","07 - Dark","03 - P.D. only","03 - Rear end"
"10221","MERIVALE RD @ ROSSLAND AVE","364674.21660","5024151.51400","-75.73582","45.35475","2017","8/15/2017","11:28:00 AM","01 - Clear","01 - Dry","02 - Stop sign","02 - Intersection related","01 - Daylight","03 - P.D. only","03 - Rear end"
"10222","MERIVALE RD @ ROSSLAND AVE","364673.69700","5024153.03607","-75.73583","45.35477","2017","8/12/2017","6:15:00 PM","01 - Clear","01 - Dry","02 - Stop sign","02 - Intersection related","01 - Daylight","03 - P.D. only","03 - Rear end"
"10223","MERIVALE RD @ ROSSLAND AVE","364673.69700","5024151.27505","-75.73583","45.35475","2017","9/7/2017","2:30:00 PM","01 - Clear","01 - Dry","02 - Stop sign","02 - Intersection related","01 - Daylight","03 - P.D. only","05 - Turning movement"
"10224","MERIVALE RD @ ROSSLAND AVE","364674.65279","5024151.27505","-75.73581","45.35475","2017","12/8/2017","4:45:00 PM","01 - Clear","01 - Dry","02 - Stop sign","03 - At intersection","05 - Dusk","03 - P.D. only","03 - Rear end"
"10225","MERIVALE RD @ ROSSLAND AVE","364672.46243","5024147.81030","-75.73584","45.35472","2017","1/9/2017","6:33:00 PM","03 - Snow","06 - Ice","02 - Stop sign","03 - At intersection","07 - Dark","03 - P.D. only","02 - Angle"
"10226","MERIVALE RD @ SHILLINGTON AVE","364842.14669","5026810.55710","-75.73335","45.37866","2017","6/6/2017","12:04:00 PM","01 - Clear","01 - Dry","01 - Traffic signal","02 - Intersection related","01 - Daylight","03 - P.D. only","03 - Rear end"
"10227","MERIVALE RD @ SHILLINGTON AVE","364845.17210","5026809.77705","-75.73331","45.37866","2017","9/20/2017","2:57:00 PM","01 - Clear","01 - Dry","01 - Traffic signal","02 - Intersection related","01 - Daylight","03 - P.D. only","04 - Sideswipe"
"10228","MERIVALE RD @ SHILLINGTON AVE","364845.24065","5026810.08455","-75.73331","45.37866","2017","1/19/2017","3:55:00 PM","01 - Clear","02 - Wet","01 - Traffic signal","02 - Intersection related","01 - Daylight","02 - Non-fatal injury","03 - Rear end"
"10229","MERIVALE RD @ SHILLINGTON AVE","364845.69754","5026808.86920","-75.73331","45.37865","2017","2/27/2017","3:02:00 PM","01 - Clear","01 - Dry","01 - Traffic signal","02 - Intersection related","01 - Daylight","03 - P.D. only","03 - Rear end"
"10230","MERIVALE RD @ SHILLINGTON AVE","364845.14393","5026809.79263","-75.73332","45.37866","2017","12/16/2017","6:31:00 PM","01 - Clear","02 - Wet","01 - Traffic signal","02 - Intersection related","07 - Dark","03 - P.D. only","07 - SMV other"
"10231","MERIVALE RD @ SHILLINGTON AVE","364844.66463","5026809.02575","-75.73332","45.37865","2017","12/24/2017","9:24:00 AM","03 - Snow","04 - Slush","01 - Traffic signal","02 - Intersection related","01 - Daylight","03 - P.D. only","07 - SMV other"
"10232","MERIVALE RD @ SLACK RD","366020.03475","5020955.49300","-75.71904","45.32588","2017","5/26/2017","11:29:00 AM","01 - Clear","01 - Dry","01 - Traffic signal","03 - At intersection","01 - Daylight","02 - Non-fatal injury","05 - Turning movement"
"10233","MERIVALE RD @ SLACK RD","366020.06672","5020954.52919","-75.71904","45.32587","2017","8/9/2017","3:39:00 PM","01 - Clear","01 - Dry","01 - Traffic signal","02 - Intersection related","01 - Daylight","03 - P.D. only","03 - Rear end"
"10234","MERIVALE RD @ SLACK RD","366017.89579","5020955.79375","-75.71907","45.32588","2017","7/29/2017","1:55:00 PM","01 - Clear","01 - Dry","01 - Traffic signal","02 - Intersection related","01 - Daylight","02 - Non-fatal injury","03 - Rear end"
"10235","MERIVALE RD @ SLACK RD","366019.06234","5020955.17402","-75.71905","45.32588","2017","7/18/2017","11:23:00 AM","01 - Clear","01 - Dry","01 - Traffic signal","03 - At intersection","01 - Daylight","03 - P.D. only","05 - Turning movement"
"10236","MERIVALE RD @ SLACK RD","366020.03475","5020955.49300","-75.71904","45.32588","2017","6/27/2017","9:04:00 AM","01 - Clear","01 - Dry","01 - Traffic signal","02 - Intersection related","01 - Daylight","03 - P.D. only","03 - Rear end"
"10237","MERIVALE RD @ SLACK RD","366020.17367","5020955.25631","-75.71904","45.32588","2017","9/25/2017","8:49:00 AM","01 - Clear","01 - Dry","01 - Traffic signal","02 - Intersection related","01 - Daylight","03 - P.D. only","03 - Rear end"
"10238","MERIVALE RD @ SLACK RD","366019.70030","5020956.20306","-75.71904","45.32589","2017","12/5/2017","8:02:00 AM","02 - Rain","02 - Wet","01 - Traffic signal","02 - Intersection related","01 - Daylight","02 - Non-fatal injury","03 - Rear end"
"10239","MERIVALE RD @ SLACK RD","366021.20124","5020957.36917","-75.71902","45.32590","2017","2/9/2017","7:10:00 PM","01 - Clear","02 - Wet","01 - Traffic signal","02 - Intersection related","07 - Dark","03 - P.D. only","04 - Sideswipe"
"10240","MERIVALE RD @ SLACK RD","366017.98356","5020953.77626","-75.71907","45.32586","2017","1/14/2017","11:45:00 AM","01 - Clear","01 - Dry","01 - Traffic signal","02 - Intersection related","01 - Daylight","03 - P.D. only","04 - Sideswipe"
"10241","MERIVALE RD @ SLACK RD","366020.03475","5020956.83079","-75.71904","45.32589","2017","4/7/2017","8:41:00 AM","01 - Clear","01 - Dry","01 - Traffic signal","02 - Intersection related","01 - Daylight","03 - P.D. only","03 - Rear end"
"10242","MERIVALE RD @ SLACK RD","366019.70030","5020955.11777","-75.71904","45.32588","2017","3/27/2017","4:31:00 PM","02 - Rain","02 - Wet","01 - Traffic signal","02 - Intersection related","01 - Daylight","03 - P.D. only","03 - Rear end"
"10243","MERIVALE RD @ SUMMERVILLE AVE","364875.15256","5026444.74838","-75.73298","45.37537","2017","12/27/2017","3:43:00 PM","01 - Clear","02 - Wet","01 - Traffic signal","02 - Intersection related","01 - Daylight","02 - Non-fatal injury","03 - Rear end"
"10244","MERIVALE RD @ VISCOUNT AVE","364942.37498","5027679.23858","-75.73197","45.38647","2017","1/14/2017","3:20:00 PM","01 - Clear","01 - Dry","02 - Stop sign","02 - Intersection related","01 - Daylight","03 - P.D. only","04 - Sideswipe"
"10245","MERIVALE RD @ WEST HUNT CLUB RD","365611.69186","5021944.50489","-75.72413","45.33481","2017","4/28/2017","4:00:00 PM","01 - Clear","01 - Dry","01 - Traffic signal","02 - Intersection related","01 - Daylight","03 - P.D. only","03 - Rear end"
"10246","MERIVALE RD @ WEST HUNT CLUB RD","365610.09153","5021944.62675","-75.72415","45.33481","2017","6/7/2017","5:38:00 PM","01 - Clear","01 - Dry","01 - Traffic signal","02 - Intersection related","01 - Daylight","03 - P.D. only","04 - Sideswipe"
"10247","MERIVALE RD @ WEST HUNT CLUB RD","365613.02965","5021942.49820","-75.72411","45.33480","2017","6/22/2017","1:51:00 PM","01 - Clear","01 - Dry","01 - Traffic signal","02 - Intersection related","01 - Daylight","03 - P.D. only","03 - Rear end"
"10248","MERIVALE RD @ WEST HUNT CLUB RD","365613.29670","5021942.19745","-75.72411","45.33479","2017","7/17/2017","9:05:00 AM","01 - Clear","01 - Dry","01 - Traffic signal","02 - Intersection related","01 - Daylight","02 - Non-fatal injury","03 - Rear end"
"10249","MERIVALE RD @ WEST HUNT CLUB RD","365612.36075","5021942.49820","-75.72412","45.33480","2017","6/30/2017","11:30:00 AM","01 - Clear","01 - Dry","01 - Traffic signal","02 - Intersection related","01 - Daylight","02 - Non-fatal injury","03 - Rear end"
"10250","MERIVALE RD @ WEST HUNT CLUB RD","365614.36744","5021941.82930","-75.72409","45.33479","2017","7/3/2017","1:06:00 AM","02 - Rain","02 - Wet","01 - Traffic signal","02 - Intersection related","07 - Dark","03 - P.D. only","03 - Rear end"
"10251","MERIVALE RD @ WEST HUNT CLUB RD","365612.91718","5021941.83227","-75.72411","45.33479","2017","8/24/2017","11:30:00 AM","01 - Clear","01 - Dry","01 - Traffic signal","02 - Intersection related","01 - Daylight","03 - P.D. only","03 - Rear end"
"10252","MERIVALE RD @ WEST HUNT CLUB RD","365611.60230","5021942.49820","-75.72413","45.33480","2017","10/14/2017","12:27:00 PM","01 - Clear","02 - Wet","01 - Traffic signal","02 - Intersection related","01 - Daylight","03 - P.D. only","03 - Rear end"
"10253","MERIVALE RD @ WEST HUNT CLUB RD","365612.69520","5021941.95175","-75.72411","45.33479","2017","10/14/2017","10:00:00 AM","02 - Rain","02 - Wet","01 - Traffic signal","02 - Intersection related","01 - Daylight","03 - P.D. only","03 - Rear end"
"10254","MERIVALE RD @ WEST HUNT CLUB RD","365613.64195","5021943.20826","-75.72410","45.33480","2017","12/12/2017","8:12:00 AM","03 - Snow","03 - Loose snow","01 - Traffic signal","03 - At intersection","01 - Daylight","02 - Non-fatal injury","02 - Angle"
"10255","MERIVALE RD @ WEST HUNT CLUB RD","365611.69186","5021942.49820","-75.72413","45.33480","2017","11/29/2017","2:20:00 PM","01 - Clear","01 - Dry","01 - Traffic signal","02 - Intersection related","01 - Daylight","03 - P.D. only","04 - Sideswipe"
"10256","MERIVALE RD @ WEST HUNT CLUB RD","365612.36075","5021942.49820","-75.72412","45.33480","2017","11/8/2017","4:38:00 PM","01 - Clear","01 - Dry","01 - Traffic signal","02 - Intersection related","05 - Dusk","03 - P.D. only","04 - Sideswipe"
"10257","MERIVALE RD @ WEST HUNT CLUB RD","365613.64195","5021942.26151","-75.72410","45.33479","2017","12/5/2017","6:08:00 PM","01 - Clear","01 - Dry","01 - Traffic signal","02 - Intersection related","07 - Dark","03 - P.D. only","03 - Rear end"
"10258","MERIVALE RD @ WEST HUNT CLUB RD","365612.22183","5021943.68163","-75.72412","45.33481","2017","11/3/2017","6:03:00 PM","01 - Clear","01 - Dry","01 - Traffic signal","03 - At intersection","07 - Dark","03 - P.D. only","03 - Rear end"
"10259","MERIVALE RD @ WEST HUNT CLUB RD","365613.40485","5021939.72370","-75.72411","45.33477","2017","11/11/2017","3:18:00 PM","01 - Clear","01 - Dry","01 - Traffic signal","02 - Intersection related","01 - Daylight","03 - P.D. only","03 - Rear end"
"10260","MERIVALE RD @ WEST HUNT CLUB RD","365612.36075","5021943.16710","-75.72412","45.33480","2017","11/24/2017","5:07:00 PM","01 - Clear","01 - Dry","01 - Traffic signal","02 - Intersection related","07 - Dark","03 - P.D. only","03 - Rear end"
"10261","MERIVALE RD @ WEST HUNT CLUB RD","365614.36744","5021941.82930","-75.72409","45.33479","2017","12/7/2017","12:40:00 PM","01 - Clear","01 - Dry","01 - Traffic signal","02 - Intersection related","01 - Daylight","03 - P.D. only","04 - Sideswipe"
"10262","MERIVALE RD @ WEST HUNT CLUB RD","365613.02965","5021941.16041","-75.72411","45.33478","2017","2/17/2017","1:42:00 PM","01 - Clear","01 - Dry","01 - Traffic signal","02 - Intersection related","01 - Daylight","03 - P.D. only","04 - Sideswipe"
"10263","MERIVALE RD @ WEST HUNT CLUB RD","365613.44567","5021942.12297","-75.72411","45.33479","2017","1/10/2017","5:30:00 PM","03 - Snow","03 - Loose snow","01 - Traffic signal","03 - At intersection","05 - Dusk","03 - P.D. only","05 - Turning movement"
"10264","MERIVALE RD @ WEST HUNT CLUB RD","365613.02965","5021943.16710","-75.72411","45.33480","2017","2/15/2017","5:58:00 PM","03 - Snow","03 - Loose snow","01 - Traffic signal","02 - Intersection related","07 - Dark","03 - P.D. only","04 - Sideswipe"
"10265","MERIVALE RD @ WEST HUNT CLUB RD","365613.02965","5021941.82930","-75.72411","45.33479","2017","4/19/2017","10:21:00 AM","02 - Rain","02 - Wet","01 - Traffic signal","02 - Intersection related","01 - Daylight","03 - P.D. only","03 - Rear end"
"10266","MERIVALE RD @ WEST HUNT CLUB RD","365614.36744","5021943.16710","-75.72409","45.33480","2017","3/8/2017","7:48:00 AM","01 - Clear","01 - Dry","01 - Traffic signal","03 - At intersection","01 - Daylight","03 - P.D. only","05 - Turning movement"
"10267","MERIVALE RD @ WEST HUNT CLUB RD","365612.22183","5021943.68163","-75.72412","45.33481","2017","4/21/2017","8:24:00 AM","02 - Rain","02 - Wet","01 - Traffic signal","02 - Intersection related","01 - Daylight","02 - Non-fatal injury","03 - Rear end"
"10268","MERIVALE RD @ WEST HUNT CLUB RD","365613.02965","5021943.83599","-75.72411","45.33481","2017","3/17/2017","10:36:00 AM","01 - Clear","01 - Dry","01 - Traffic signal","02 - Intersection related","01 - Daylight","03 - P.D. only","03 - Rear end"
"10269","MERIVALE RD @ WEST HUNT CLUB RD","365613.16857","5021941.78814","-75.72411","45.33479","2017","4/21/2017","11:49:00 AM","01 - Clear","02 - Wet","01 - Traffic signal","03 - At intersection","01 - Daylight","02 - Non-fatal injury","03 - Rear end"
"10270","MERIVALE RD @ WEST HUNT CLUB RD","365613.69854","5021942.49820","-75.72410","45.33480","2017","3/10/2017","12:01:00 PM","01 - Clear","01 - Dry","01 - Traffic signal","03 - At intersection","01 - Daylight","03 - P.D. only","05 - Turning movement"
"10271","MERIVALE RD @ WEST HUNT CLUB RD","365614.19614","5021942.87343","-75.72410","45.33480","2017","3/26/2017","1:03:00 PM","01 - Clear","01 - Dry","01 - Traffic signal","02 - Intersection related","01 - Daylight","03 - P.D. only","03 - Rear end"
"10272","MERIVALE RD @ WEST HUNT CLUB RD","365613.64195","5021942.26151","-75.72410","45.33479","2017","12/22/2017","5:30:00 PM","03 - Snow","04 - Slush","01 - Traffic signal","02 - Intersection related","07 - Dark","03 - P.D. only","07 - SMV other"
"10273","MERIVALE RD @ WEST HUNT CLUB RD","365612.69520","5021942.73489","-75.72411","45.33480","2017","12/20/2017","4:53:00 PM","01 - Clear","01 - Dry","01 - Traffic signal","03 - At intersection","07 - Dark","03 - P.D. only","05 - Turning movement"
"10274","MERIVALE RD @ WEST HUNT CLUB RD","365612.21730","5021943.69294","-75.72412","45.33481","2017","12/29/2017","6:49:00 AM","03 - Snow","03 - Loose snow","01 - Traffic signal","02 - Intersection related","07 - Dark","03 - P.D. only","03 - Rear end"
"10275","MERIVALE RD @ WEST HUNT CLUB RD","365611.98514","5021942.26151","-75.72412","45.33479","2017","12/27/2017","5:07:00 PM","01 - Clear","01 - Dry","01 - Traffic signal","03 - At intersection","07 - Dark","02 - Non-fatal injury","07 - SMV other"
"10276","MERIVALE RD @ WOODFIELD DR/ROYDON PL","365462.57332","5022300.09420","-75.72599","45.33803","2017","5/8/2017","4:50:00 PM","01 - Clear","01 - Dry","01 - Traffic signal","02 - Intersection related","01 - Daylight","03 - P.D. only","04 - Sideswipe"
"10277","MERIVALE RD @ WOODFIELD DR/ROYDON PL","365462.36665","5022299.83669","-75.72599","45.33802","2017","6/6/2017","1:47:00 PM","02 - Rain","02 - Wet","01 - Traffic signal","03 - At intersection","01 - Daylight","03 - P.D. only","05 - Turning movement"
"10278","MERIVALE RD @ WOODFIELD DR/ROYDON PL","365463.15206","5022297.82246","-75.72598","45.33801","2017","5/15/2017","3:03:00 PM","01 - Clear","01 - Dry","01 - Traffic signal","02 - Intersection related","01 - Daylight","03 - P.D. only","03 - Rear end"
"10279","MERIVALE RD @ WOODFIELD DR/ROYDON PL","365462.26240","5022298.11412","-75.72599","45.33801","2017","4/30/2017","12:12:00 PM","02 - Rain","02 - Wet","01 - Traffic signal","03 - At intersection","01 - Daylight","03 - P.D. only","05 - Turning movement"
"10280","MERIVALE RD @ WOODFIELD DR/ROYDON PL","365463.17447","5022297.78884","-75.72598","45.33800","2017","10/27/2017","1:43:00 PM","01 - Clear","01 - Dry","01 - Traffic signal","02 - Intersection related","01 - Daylight","03 - P.D. only","05 - Turning movement"
"10281","MERIVALE RD @ WOODFIELD DR/ROYDON PL","365463.64785","5022299.20896","-75.72597","45.33802","2017","9/22/2017","4:24:00 PM","01 - Clear","01 - Dry","01 - Traffic signal","02 - Intersection related","01 - Daylight","03 - P.D. only","02 - Angle"
"10282","MERIVALE RD @ WOODFIELD DR/ROYDON PL","365462.15465","5022297.95245","-75.72599","45.33801","2017","10/9/2017","11:42:00 AM","02 - Rain","02 - Wet","01 - Traffic signal","02 - Intersection related","01 - Daylight","03 - P.D. only","04 - Sideswipe"
"10283","MERIVALE RD @ WOODFIELD DR/ROYDON PL","365463.03555","5022297.83000","-75.72598","45.33801","2017","11/29/2017","5:18:00 PM","01 - Clear","01 - Dry","01 - Traffic signal","02 - Intersection related","05 - Dusk","03 - P.D. only","03 - Rear end"
"10284","MERIVALE RD @ WOODFIELD DR/ROYDON PL","365464.22961","5022299.51790","-75.72596","45.33802","2017","11/16/2017","5:38:00 PM","02 - Rain","02 - Wet","01 - Traffic signal","03 - At intersection","07 - Dark","03 - P.D. only","05 - Turning movement"
"10285","MERIVALE RD @ WOODFIELD DR/ROYDON PL","365462.70110","5022298.49890","-75.72598","45.33801","2017","1/27/2017","10:11:00 AM","01 - Clear","01 - Dry","01 - Traffic signal","02 - Intersection related","01 - Daylight","02 - Non-fatal injury","03 - Rear end"
"10286","MERIVALE RD @ WOODFIELD DR/ROYDON PL","365464.01812","5022297.80926","-75.72597","45.33801","2017","2/3/2017","9:30:00 AM","01 - Clear","01 - Dry","01 - Traffic signal","03 - At intersection","01 - Daylight","03 - P.D. only","03 - Rear end"
"10287","MERIVALE RD @ WOODFIELD DR/ROYDON PL","365462.70110","5022298.49890","-75.72598","45.33801","2017","1/1/2017","8:58:00 AM","03 - Snow","03 - Loose snow","01 - Traffic signal","02 - Intersection related","01 - Daylight","03 - P.D. only","03 - Rear end"
"10288","MERIVALE RD @ WOODFIELD DR/ROYDON PL","365462.74812","5022303.92872","-75.72598","45.33806","2017","4/17/2017","1:59:00 PM","01 - Clear","01 - Dry","01 - Traffic signal","03 - At intersection","01 - Daylight","03 - P.D. only","03 - Rear end"
"10289","MERIVALE RD @ WOODFIELD DR/ROYDON PL","365463.70444","5022298.49890","-75.72597","45.33801","2017","3/15/2017","3:20:00 AM","03 - Snow","05 - Packed snow","01 - Traffic signal","03 - At intersection","07 - Dark","03 - P.D. only","07 - SMV other"
"10290","MERIVALE RD @ WOODFIELD DR/ROYDON PL","365463.03555","5022298.49890","-75.72598","45.33801","2017","3/5/2017","1:44:00 PM","01 - Clear","01 - Dry","01 - Traffic signal","02 - Intersection related","01 - Daylight","03 - P.D. only","03 - Rear end"
"10291","MERIVALE RD @ WOODFIELD DR/ROYDON PL","365461.79918","5022297.37150","-75.72600","45.33800","2017","12/20/2017","3:24:00 PM","01 - Clear","05 - Packed snow","01 - Traffic signal","02 - Intersection related","01 - Daylight","03 - P.D. only","03 - Rear end"
"10292","MERIVALE RD @ WOODFIELD DR/ROYDON PL","365462.22773","5022299.68233","-75.72599","45.33802","2017","12/20/2017","7:47:00 PM","01 - Clear","01 - Dry","01 - Traffic signal","03 - At intersection","07 - Dark","03 - P.D. only","05 - Turning movement"
"10293","MERIVALE RD @ WOODWARD AVE","364854.69986","5027067.54291","-75.73316","45.38097","2017","10/10/2017","3:59:00 PM","01 - Clear","01 - Dry","02 - Stop sign","03 - At intersection","01 - Daylight","03 - P.D. only","05 - Turning movement"
"10294","MERIVALE RD @ WOODWARD AVE","364854.15295","5027068.08945","-75.73317","45.38098","2017","1/27/2017","6:48:00 AM","01 - Clear","01 - Dry","02 - Stop sign","02 - Intersection related","07 - Dark","02 - Non-fatal injury","01 - Approaching"
"10295","MERIVALE RD btwn 170 N OF WEST HUNT CLUB RD/COSTCO SC & WEST HUNT CLUB","365600.70569","5021972.29358","-75.72426","45.33506","2017","3/3/2017","8:45:00 AM","03 - Snow","03 - Loose snow","10 - No control","01 - Non intersection","01 - Daylight","03 - P.D. only","04 - Sideswipe"
"10296","MERIVALE RD btwn 170 N OF WEST HUNT CLUB RD/COSTCO SC & WEST HUNT CLUB","365604.33400","5021969.25405","-75.72422","45.33504","2017","4/3/2017","4:59:00 PM","01 - Clear","01 - Dry","10 - No control","01 - Non intersection","01 - Daylight","03 - P.D. only","04 - Sideswipe"
"10297","MERIVALE RD btwn 210 S OF MEADOWLANDS DR/MERIVALE PL SC & FAMILY BROWN","364999.70223","5023397.37608","-75.73176","45.34794","2017","9/19/2017","9:04:00 PM","01 - Clear","02 - Wet","10 - No control","01 - Non intersection","07 - Dark","03 - P.D. only","03 - Rear end"
"10298","MERIVALE RD btwn 210 S OF MEADOWLANDS DR/MERIVALE PL SC & FAMILY BROWN","364948.56722","5023516.61145","-75.73240","45.34902","2017","12/13/2017","12:00:00 PM","01 - Clear","01 - Dry","10 - No control","04 - At/near private drive","01 - Daylight","03 - P.D. only","04 - Sideswipe"
"10299","MERIVALE RD btwn AMBERWOOD CRES & FALLOWFIELD RD","366741.03875","5019209.59683","-75.71006","45.31011","2017","8/16/2017","5:20:00 PM","01 - Clear","01 - Dry","10 - No control","01 - Non intersection","01 - Daylight","02 - Non-fatal injury","03 - Rear end"
"10300","MERIVALE RD btwn AMBERWOOD CRES & FALLOWFIELD RD","366594.92518","5019556.87911","-75.71188","45.31324","2017","8/23/2017","9:06:00 AM","01 - Clear","01 - Dry","10 - No control","01 - Non intersection","01 - Daylight","03 - P.D. only","03 - Rear end"
"10301","MERIVALE RD btwn AMBERWOOD CRES & FALLOWFIELD RD","366834.84283","5018983.29835","-75.70889","45.30806","2017","10/24/2017","3:42:00 PM","01 - Clear","01 - Dry","10 - No control","01 - Non intersection","01 - Daylight","03 - P.D. only","03 - Rear end"
"10302","MERIVALE RD btwn BENTLEY AVE & JAMIE AVE","365688.90715","5021760.53653","-75.72316","45.33315","2017","12/23/2017","6:00:00 PM","03 - Snow","04 - Slush","10 - No control","01 - Non intersection","07 - Dark","03 - P.D. only","04 - Sideswipe"
"10303","MERIVALE RD btwn BURRIS LANE & OT/NE BOUNDARY","364928.16205","5025149.72925","-75.73246","45.36371","2017","2/1/2017","11:49:00 AM","01 - Clear","01 - Dry","10 - No control","01 - Non intersection","01 - Daylight","03 - P.D. only","03 - Rear end"
"10304","MERIVALE RD btwn BURRIS LANE & OT/NE BOUNDARY","364924.19505","5025140.39933","-75.73251","45.36363","2017","12/29/2017","9:40:00 PM","01 - Clear","05 - Packed snow","10 - No control","01 - Non intersection","07 - Dark","03 - P.D. only","05 - Turning movement"
"10305","MERIVALE RD btwn CALDWELL AVE & CENTRAL PARK DR","364934.07196","5026022.39166","-75.73228","45.37156","2017","1/17/2017","3:59:00 PM","01 - Clear","01 - Dry","10 - No control","01 - Non intersection","01 - Daylight","03 - P.D. only","04 - Sideswipe"
"10306","MERIVALE RD btwn CAPITAL DR & MACFARLANE RD","366143.66737","5020654.86443","-75.71750","45.32316","2017","6/22/2017","7:29:00 AM","01 - Clear","01 - Dry","10 - No control","01 - Non intersection","01 - Daylight","03 - P.D. only","05 - Turning movement"
"10307","MERIVALE RD btwn CAPITAL DR & MACFARLANE RD","366108.37394","5020742.23306","-75.71794","45.32395","2017","12/18/2017","5:07:00 PM","03 - Snow","03 - Loose snow","10 - No control","04 - At/near private drive","07 - Dark","03 - P.D. only","07 - SMV other"
"10308","MERIVALE RD btwn CLEOPATRA DR & SLACK RD","365970.45456","5021075.59595","-75.71966","45.32696","2017","12/11/2017","5:12:00 PM","01 - Clear","01 - Dry","10 - No control","01 - Non intersection","07 - Dark","03 - P.D. only","03 - Rear end"
"10309","MERIVALE RD btwn CLEOPATRA DR & SLACK RD","365966.98533","5021083.14039","-75.71970","45.32703","2017","1/6/2017","11:15:00 AM","01 - Clear","02 - Wet","10 - No control","04 - At/near private drive","01 - Daylight","03 - P.D. only","05 - Turning movement"
"10310","MERIVALE RD btwn CLEOPATRA DR & SLACK RD","365995.95448","5021017.03146","-75.71934","45.32643","2017","3/19/2017","11:00:00 AM","01 - Clear","01 - Dry","10 - No control","04 - At/near private drive","01 - Daylight","03 - P.D. only","05 - Turning movement"