"Record","Location","X","Y","Longitude","Latitude","Year","Date","Time","Environment","Road_Surface","Traffic_Control","Collision_Location","Light","Collision_Classification","Impact_type"
"10311","MERIVALE RD btwn CLYDE AVE & GILBEY DR","364555.43237","5024523.11580","-75.73729","45.35811","2017","3/17/2017","8:04:00 PM","01 - Clear","01 - Dry","10 - No control","04 - At/near private drive","07 - Dark","03 - P.D. only","05 - Turning movement"
"10312","MERIVALE RD btwn CLYDE AVE & GILBEY DR","364585.80921","5024553.60437","-75.73690","45.35838","2017","3/30/2017","1:54:00 PM","01 - Clear","01 - Dry","10 - No control","04 - At/near private drive","01 - Daylight","03 - P.D. only","05 - Turning movement"
"10313","MERIVALE RD btwn CLYDE AVE & GILBEY DR","364543.00651","5024518.75523","-75.73745","45.35807","2017","4/11/2017","2:46:00 PM","01 - Clear","01 - Dry","10 - No control","01 - Non intersection","01 - Daylight","02 - Non-fatal injury","03 - Rear end"
"10314","MERIVALE RD btwn CLYDE AVE & RITA AVE","364555.13755","5024429.44946","-75.73731","45.35726","2017","7/7/2017","4:30:00 PM","02 - Rain","02 - Wet","10 - No control","01 - Non intersection","01 - Daylight","03 - P.D. only","04 - Sideswipe"
"10315","MERIVALE RD btwn CLYDE AVE & RITA AVE","364582.33180","5024367.12588","-75.73697","45.35670","2017","9/8/2017","11:45:00 AM","02 - Rain","02 - Wet","10 - No control","01 - Non intersection","01 - Daylight","02 - Non-fatal injury","03 - Rear end"
"10316","MERIVALE RD btwn CLYDE AVE & RITA AVE","364529.30303","5024483.40206","-75.73763","45.35775","2017","9/7/2017","2:02:00 PM","02 - Rain","02 - Wet","10 - No control","01 - Non intersection","01 - Daylight","03 - P.D. only","03 - Rear end"
"10317","MERIVALE RD btwn CLYDE AVE & RITA AVE","364576.15109","5024380.64162","-75.73704","45.35682","2017","4/4/2017","1:46:00 PM","02 - Rain","02 - Wet","10 - No control","04 - At/near private drive","01 - Daylight","03 - P.D. only","05 - Turning movement"
"10318","MERIVALE RD btwn CLYDE AVE & RITA AVE","364547.52124","5024452.56667","-75.73740","45.35747","2017","3/3/2017","2:30:00 PM","01 - Clear","01 - Dry","10 - No control","01 - Non intersection","01 - Daylight","03 - P.D. only","04 - Sideswipe"
"10319","MERIVALE RD btwn COLONNADE RD & WOODFIELD DR/ROYDON PL","365383.28879","5022496.46773","-75.72697","45.33980","2017","9/21/2017","9:09:00 AM","01 - Clear","01 - Dry","10 - No control","06 - Underpass or tunnel","01 - Daylight","03 - P.D. only","07 - SMV other"
"10320","MERIVALE RD btwn COLONNADE RD & WOODFIELD DR/ROYDON PL","365376.00269","5022512.54374","-75.72706","45.33994","2017","9/22/2017","12:48:00 AM","01 - Clear","01 - Dry","10 - No control","06 - Underpass or tunnel","07 - Dark","03 - P.D. only","07 - SMV other"
"10321","MERIVALE RD btwn DORCHESTER AVE & KIRKWOOD AVE","364858.95827","5026566.97251","-75.73317","45.37647","2017","11/30/2017","7:30:00 PM","01 - Clear","02 - Wet","10 - No control","01 - Non intersection","07 - Dark","03 - P.D. only","05 - Turning movement"
"10322","MERIVALE RD btwn DORCHESTER AVE & KIRKWOOD AVE","364855.10045","5026613.83738","-75.73321","45.37689","2017","1/2/2017","1:39:00 PM","01 - Clear","02 - Wet","10 - No control","01 - Non intersection","01 - Daylight","03 - P.D. only","04 - Sideswipe"
"10323","MERIVALE RD btwn EMERALD PLAZA SC & MEADOWLANDS DR","364826.33744","5023799.51256","-75.73392","45.35157","2017","9/1/2017","3:29:00 PM","01 - Clear","01 - Dry","10 - No control","01 - Non intersection","01 - Daylight","03 - P.D. only","03 - Rear end"
"10324","MERIVALE RD btwn MAYVIEW AVE & TRENTON AVE","364883.31098","5026383.80769","-75.73288","45.37482","2017","5/30/2017","3:37:00 AM","02 - Rain","02 - Wet","10 - No control","01 - Non intersection","07 - Dark","03 - P.D. only","07 - SMV other"
"10325","MERIVALE RD btwn MEADOWLANDS DR & 210 S OF MEADOWLANDS DR/MERIVALE PL","364901.17482","5023622.50037","-75.73299","45.34997","2017","6/7/2017","3:33:00 PM","01 - Clear","01 - Dry","10 - No control","01 - Non intersection","01 - Daylight","03 - P.D. only","03 - Rear end"
"10326","MERIVALE RD btwn MEADOWLANDS DR & 210 S OF MEADOWLANDS DR/MERIVALE PL","364897.83033","5023636.54719","-75.73303","45.35010","2017","5/28/2017","1:45:00 PM","01 - Clear","01 - Dry","10 - No control","01 - Non intersection","01 - Daylight","03 - P.D. only","03 - Rear end"
"10327","MERIVALE RD btwn MEADOWLANDS DR & 210 S OF MEADOWLANDS DR/MERIVALE PL","364886.45910","5023664.64083","-75.73317","45.35035","2017","3/29/2017","4:11:00 PM","01 - Clear","01 - Dry","10 - No control","04 - At/near private drive","01 - Daylight","03 - P.D. only","02 - Angle"
"10328","MERIVALE RD btwn MERIVALE RD & MERIVALE RD","364929.89693","5027618.14077","-75.73213","45.38592","2017","1/14/2017","4:40:00 PM","01 - Clear","01 - Dry","10 - No control","04 - At/near private drive","05 - Dusk","03 - P.D. only","03 - Rear end"
"10329","MERIVALE RD btwn MERIVALE RD & MERIVALE RD","364922.29214","5027582.53718","-75.73224","45.38560","2017","3/1/2017","5:57:00 PM","02 - Rain","02 - Wet","10 - No control","04 - At/near private drive","05 - Dusk","02 - Non-fatal injury","05 - Turning movement"
"10330","MERIVALE RD btwn RAVEN AVE & LAROSE AVE","364845.33554","5026920.00712","-75.73330","45.37965","2017","10/2/2017","9:45:00 AM","01 - Clear","01 - Dry","10 - No control","01 - Non intersection","01 - Daylight","03 - P.D. only","04 - Sideswipe"
"10331","MERIVALE RD btwn RAVEN AVE & LAROSE AVE","364843.48086","5026888.21885","-75.73333","45.37936","2017","3/25/2017","2:33:00 AM","03 - Snow","02 - Wet","10 - No control","01 - Non intersection","07 - Dark","01 - Fatal injury","07 - SMV other"
"10332","MERIVALE RD btwn ROSSLAND AVE & EMERALD PLAZA SC","364713.94767","5024058.78461","-75.73532","45.35391","2017","11/28/2017","7:59:00 PM","01 - Clear","01 - Dry","10 - No control","01 - Non intersection","07 - Dark","03 - P.D. only","99 - Other"
"10333","MERIVALE RD btwn ROSSLAND AVE & EMERALD PLAZA SC","364708.09777","5024071.70713","-75.73540","45.35403","2017","12/16/2017","3:02:00 PM","03 - Snow","03 - Loose snow","10 - No control","01 - Non intersection","01 - Daylight","03 - P.D. only","03 - Rear end"
"10334","MERIVALE RD btwn SLACK RD & CAPITAL DR","366061.48205","5020853.43760","-75.71852","45.32496","2017","9/1/2017","5:03:00 PM","01 - Clear","01 - Dry","10 - No control","04 - At/near private drive","01 - Daylight","03 - P.D. only","01 - Approaching"
"10335","MERIVALE RD btwn SUMMERVILLE AVE & MAYVIEW AVE","364876.37384","5026432.48277","-75.73296","45.37526","2017","3/3/2017","8:16:00 PM","01 - Clear","01 - Dry","10 - No control","01 - Non intersection","07 - Dark","03 - P.D. only","03 - Rear end"
"10336","MERIVALE RD btwn SUMMERVILLE AVE & MAYVIEW AVE","364876.37384","5026430.47608","-75.73296","45.37524","2017","4/6/2017","8:41:00 PM","01 - Clear","01 - Dry","10 - No control","01 - Non intersection","07 - Dark","03 - P.D. only","04 - Sideswipe"
"10337","MERIVALE RD btwn VIEWMOUNT DR & COLONNADE RD","365216.48588","5022893.21370","-75.72905","45.34338","2017","6/7/2017","10:42:00 AM","01 - Clear","01 - Dry","10 - No control","04 - At/near private drive","01 - Daylight","03 - P.D. only","05 - Turning movement"
"10338","MERIVALE RD btwn VIEWMOUNT DR & COLONNADE RD","365250.83110","5022814.25301","-75.72862","45.34267","2017","5/18/2017","2:20:00 PM","01 - Clear","01 - Dry","10 - No control","04 - At/near private drive","01 - Daylight","03 - P.D. only","05 - Turning movement"
"10339","MERIVALE RD btwn VIEWMOUNT DR & COLONNADE RD","365235.20653","5022847.94046","-75.72882","45.34297","2017","9/1/2017","4:21:00 PM","01 - Clear","01 - Dry","10 - No control","01 - Non intersection","01 - Daylight","02 - Non-fatal injury","03 - Rear end"
"10340","MERIVALE RD btwn VIEWMOUNT DR & COLONNADE RD","365234.83422","5022851.50543","-75.72882","45.34301","2017","4/15/2017","1:19:00 PM","01 - Clear","01 - Dry","10 - No control","01 - Non intersection","01 - Daylight","03 - P.D. only","07 - SMV other"
"10341","MERIVALE RD btwn VIEWMOUNT DR & COLONNADE RD","365195.59690","5022944.00013","-75.72931","45.34384","2017","12/19/2017","8:38:00 AM","03 - Snow","03 - Loose snow","10 - No control","01 - Non intersection","01 - Daylight","03 - P.D. only","05 - Turning movement"
"10342","MERIVALE RD btwn WEST HUNT CLUB RD & JAMIE AVE","365651.15674","5021854.20389","-75.72363","45.33400","2017","4/13/2017","5:51:00 PM","01 - Clear","01 - Dry","10 - No control","04 - At/near private drive","01 - Daylight","03 - P.D. only","05 - Turning movement"
"10343","MERIVALE RD btwn WEST HUNT CLUB RD & JAMIE AVE","365623.73199","5021920.42462","-75.72398","45.33460","2017","3/25/2017","5:53:00 AM","03 - Snow","03 - Loose snow","10 - No control","01 - Non intersection","03 - Dawn","03 - P.D. only","07 - SMV other"
"10344","MERIVALE RD btwn WESTGATE SC & CARLING AVE","364840.26593","5027787.17142","-75.73326","45.38745","2017","12/22/2017","2:17:00 PM","03 - Snow","03 - Loose snow","10 - No control","01 - Non intersection","01 - Daylight","03 - P.D. only","03 - Rear end"
"10345","MERIVALE RD btwn WITHROW AVE & ROSSLAND AVE","364671.89089","5024155.47104","-75.73585","45.35479","2017","9/8/2017","3:04:00 PM","01 - Clear","01 - Dry","10 - No control","04 - At/near private drive","01 - Daylight","02 - Non-fatal injury","02 - Angle"
"10346","MERIVALE RD btwn WOODFIELD DR & 170 N OF WEST HUNT CLUB RD/COSTCO SC","365474.40679","5022273.08084","-75.72584","45.33778","2017","6/23/2017","1:44:00 PM","01 - Clear","01 - Dry","10 - No control","01 - Non intersection","01 - Daylight","02 - Non-fatal injury","03 - Rear end"
"10347","MERIVALE RD btwn WOODFIELD DR & 170 N OF WEST HUNT CLUB RD/COSTCO SC","365500.49374","5022208.86679","-75.72551","45.33720","2017","5/24/2017","8:00:00 PM","01 - Clear","01 - Dry","10 - No control","01 - Non intersection","01 - Daylight","03 - P.D. only","03 - Rear end"
"10348","MERIVALE RD btwn WOODFIELD DR & 170 N OF WEST HUNT CLUB RD/COSTCO SC","365540.07774","5022118.94079","-75.72502","45.33639","2017","8/4/2017","3:58:00 PM","01 - Clear","01 - Dry","10 - No control","01 - Non intersection","01 - Daylight","02 - Non-fatal injury","05 - Turning movement"
"10349","MERIVALE RD btwn WOODFIELD DR & 170 N OF WEST HUNT CLUB RD/COSTCO SC","365521.17105","5022161.34043","-75.72526","45.33677","2017","9/7/2017","11:45:00 AM","01 - Clear","01 - Dry","10 - No control","01 - Non intersection","01 - Daylight","02 - Non-fatal injury","03 - Rear end"
"10350","MERIVALE RD btwn WOODFIELD DR & 170 N OF WEST HUNT CLUB RD/COSTCO SC","365514.26148","5022178.28180","-75.72534","45.33693","2017","9/26/2017","4:20:00 PM","01 - Clear","01 - Dry","10 - No control","04 - At/near private drive","01 - Daylight","03 - P.D. only","03 - Rear end"
"10351","MERIVALE RD btwn WOODFIELD DR & 170 N OF WEST HUNT CLUB RD/COSTCO SC","365512.18558","5022181.92729","-75.72537","45.33696","2017","1/23/2017","3:33:00 PM","01 - Clear","01 - Dry","10 - No control","04 - At/near private drive","01 - Daylight","03 - P.D. only","05 - Turning movement"
"10352","MERIVALE RD/LOTTA AVE @ CLYDE AVE","364521.06034","5024507.84488","-75.73773","45.35797","2017","6/18/2017","10:46:00 AM","01 - Clear","01 - Dry","01 - Traffic signal","03 - At intersection","01 - Daylight","03 - P.D. only","05 - Turning movement"
"10353","MERIVALE RD/LOTTA AVE @ CLYDE AVE","364521.17326","5024509.52370","-75.73773","45.35799","2017","6/26/2017","12:16:00 PM","01 - Clear","01 - Dry","01 - Traffic signal","02 - Intersection related","01 - Daylight","03 - P.D. only","03 - Rear end"
"10354","MERIVALE RD/LOTTA AVE @ CLYDE AVE","364521.11354","5024507.72439","-75.73773","45.35797","2017","5/31/2017","1:35:00 PM","01 - Clear","01 - Dry","01 - Traffic signal","02 - Intersection related","01 - Daylight","02 - Non-fatal injury","03 - Rear end"
"10355","MERIVALE RD/LOTTA AVE @ CLYDE AVE","364521.25435","5024507.96986","-75.73773","45.35797","2017","8/28/2017","12:43:00 PM","01 - Clear","01 - Dry","01 - Traffic signal","02 - Intersection related","01 - Daylight","03 - P.D. only","04 - Sideswipe"
"10356","MERIVALE RD/LOTTA AVE @ CLYDE AVE","364521.69830","5024506.88487","-75.73772","45.35796","2017","7/11/2017","4:28:00 PM","01 - Clear","01 - Dry","01 - Traffic signal","03 - At intersection","01 - Daylight","03 - P.D. only","07 - SMV other"
"10357","MERIVALE RD/LOTTA AVE @ CLYDE AVE","364521.17326","5024508.77119","-75.73773","45.35798","2017","6/30/2017","3:38:00 PM","02 - Rain","02 - Wet","01 - Traffic signal","02 - Intersection related","01 - Daylight","03 - P.D. only","03 - Rear end"
"10358","MERIVALE RD/LOTTA AVE @ CLYDE AVE","364523.52855","5024510.65166","-75.73770","45.35800","2017","7/14/2017","5:00:00 PM","01 - Clear","01 - Dry","01 - Traffic signal","02 - Intersection related","01 - Daylight","03 - P.D. only","03 - Rear end"
"10359","MERIVALE RD/LOTTA AVE @ CLYDE AVE","364522.12980","5024506.87865","-75.73772","45.35796","2017","8/22/2017","7:22:00 PM","02 - Rain","02 - Wet","01 - Traffic signal","03 - At intersection","01 - Daylight","03 - P.D. only","02 - Angle"
"10360","MERIVALE RD/LOTTA AVE @ CLYDE AVE","364520.42238","5024507.20692","-75.73774","45.35797","2017","8/1/2017","2:58:00 PM","01 - Clear","01 - Dry","01 - Traffic signal","03 - At intersection","01 - Daylight","03 - P.D. only","05 - Turning movement"
"10361","MERIVALE RD/LOTTA AVE @ CLYDE AVE","364522.11692","5024507.03577","-75.73772","45.35796","2017","8/21/2017","12:21:00 PM","01 - Clear","01 - Dry","01 - Traffic signal","02 - Intersection related","01 - Daylight","03 - P.D. only","03 - Rear end"
"10362","MERIVALE RD/LOTTA AVE @ CLYDE AVE","364523.27426","5024509.16067","-75.73770","45.35798","2017","10/7/2017","5:00:00 PM","01 - Clear","01 - Dry","01 - Traffic signal","02 - Intersection related","01 - Daylight","03 - P.D. only","03 - Rear end"
"10363","MERIVALE RD/LOTTA AVE @ CLYDE AVE","364522.24475","5024506.97945","-75.73772","45.35796","2017","9/24/2017","3:30:00 PM","01 - Clear","01 - Dry","01 - Traffic signal","02 - Intersection related","01 - Daylight","03 - P.D. only","04 - Sideswipe"
"10364","MERIVALE RD/LOTTA AVE @ CLYDE AVE","364521.69830","5024508.24275","-75.73772","45.35798","2017","9/11/2017","3:13:00 PM","01 - Clear","01 - Dry","01 - Traffic signal","02 - Intersection related","01 - Daylight","03 - P.D. only","05 - Turning movement"
"10365","MERIVALE RD/LOTTA AVE @ CLYDE AVE","364522.83612","5024507.89892","-75.73771","45.35797","2017","12/6/2017","3:20:00 PM","01 - Clear","01 - Dry","01 - Traffic signal","02 - Intersection related","01 - Daylight","03 - P.D. only","03 - Rear end"
"10366","MERIVALE RD/LOTTA AVE @ CLYDE AVE","364522.26875","5024507.74108","-75.73772","45.35797","2017","11/16/2017","3:01:00 PM","01 - Clear","01 - Dry","01 - Traffic signal","03 - At intersection","01 - Daylight","03 - P.D. only","02 - Angle"
"10367","MERIVALE RD/LOTTA AVE @ CLYDE AVE","364521.66184","5024507.64452","-75.73772","45.35797","2017","12/6/2017","10:43:00 AM","01 - Clear","01 - Dry","01 - Traffic signal","02 - Intersection related","01 - Daylight","03 - P.D. only","04 - Sideswipe"
"10368","MERIVALE RD/LOTTA AVE @ CLYDE AVE","364522.44877","5024506.40020","-75.73771","45.35796","2017","2/18/2017","3:55:00 PM","01 - Clear","01 - Dry","01 - Traffic signal","03 - At intersection","01 - Daylight","03 - P.D. only","05 - Turning movement"
"10369","MERIVALE RD/LOTTA AVE @ CLYDE AVE","364521.69830","5024506.97945","-75.73772","45.35796","2017","1/31/2017","8:44:00 AM","01 - Clear","01 - Dry","01 - Traffic signal","02 - Intersection related","01 - Daylight","03 - P.D. only","03 - Rear end"
"10370","MERIVALE RD/LOTTA AVE @ CLYDE AVE","364523.30117","5024507.49020","-75.73770","45.35797","2017","1/7/2017","12:36:00 AM","01 - Clear","01 - Dry","01 - Traffic signal","02 - Intersection related","07 - Dark","03 - P.D. only","04 - Sideswipe"
"10371","MERIVALE RD/LOTTA AVE @ CLYDE AVE","364522.11376","5024508.24683","-75.73772","45.35798","2017","2/15/2017","9:00:00 PM","03 - Snow","03 - Loose snow","01 - Traffic signal","03 - At intersection","07 - Dark","03 - P.D. only","05 - Turning movement"
"10372","MERIVALE RD/LOTTA AVE @ CLYDE AVE","364522.86423","5024508.24683","-75.73771","45.35798","2017","2/6/2017","7:15:00 PM","03 - Snow","03 - Loose snow","01 - Traffic signal","02 - Intersection related","07 - Dark","03 - P.D. only","03 - Rear end"
"10373","MERIVALE RD/LOTTA AVE @ CLYDE AVE","364520.93237","5024507.87152","-75.73773","45.35797","2017","4/21/2017","9:43:00 PM","01 - Clear","01 - Dry","01 - Traffic signal","02 - Intersection related","07 - Dark","03 - P.D. only","03 - Rear end"
"10374","MERIVALE RD/LOTTA AVE @ CLYDE AVE","364522.14926","5024507.75138","-75.73772","45.35797","2017","12/26/2017","12:24:00 PM","01 - Clear","04 - Slush","01 - Traffic signal","02 - Intersection related","01 - Daylight","03 - P.D. only","04 - Sideswipe"
"10375","MERIVALE RD/LOTTA AVE @ CLYDE AVE","364522.79897","5024507.86629","-75.73771","45.35797","2017","12/27/2017","11:03:00 AM","01 - Clear","01 - Dry","01 - Traffic signal","03 - At intersection","01 - Daylight","02 - Non-fatal injury","05 - Turning movement"
"10376","MERIVALE RD/LOTTA AVE @ CLYDE AVE","364522.67120","5024506.75714","-75.73771","45.35796","2017","12/26/2017","1:39:00 PM","01 - Clear","01 - Dry","01 - Traffic signal","03 - At intersection","01 - Daylight","03 - P.D. only","04 - Sideswipe"
"10377","MERNER AVE @ TIBER GT","362140.33815","5014144.42540","-75.76932","45.26492","2017","3/7/2017","11:23:00 AM","04 - Freezing Rain","06 - Ice","02 - Stop sign","02 - Intersection related","01 - Daylight","03 - P.D. only","07 - SMV other"
"10378","MERNER AVE btwn ARMADALE CRES & ARMADALE CRES","362063.67250","5014175.28919","-75.77029","45.26520","2017","10/28/2017","4:30:00 PM","01 - Clear","01 - Dry","10 - No control","01 - Non intersection","05 - Dusk","03 - P.D. only","06 - SMV unattended vehicle"
"10379","MERSEY DR btwn FLAMBOROUGH WAY & WESTMORELAND AVE","349186.54076","5023798.01014","-75.93351","45.35272","2017","7/17/2017","11:28:00 AM","01 - Clear","01 - Dry","10 - No control","04 - At/near private drive","01 - Daylight","03 - P.D. only","06 - SMV unattended vehicle"
"10380","MERSEY DR btwn FLAMBOROUGH WAY & WESTMORELAND AVE","349202.23829","5023806.34945","-75.93331","45.35280","2017","7/5/2017","5:24:00 PM","01 - Clear","01 - Dry","10 - No control","04 - At/near private drive","01 - Daylight","03 - P.D. only","06 - SMV unattended vehicle"
"10381","MERTON ST @ SCOTT ST","365327.92235","5029954.81710","-75.72677","45.40691","2017","5/18/2017","5:37:00 PM","01 - Clear","01 - Dry","01 - Traffic signal","02 - Intersection related","01 - Daylight","03 - P.D. only","03 - Rear end"
"10382","MERTON ST @ WELLINGTON ST","365489.64495","5029594.08362","-75.72474","45.40365","2017","10/21/2017","6:04:00 PM","01 - Clear","01 - Dry","02 - Stop sign","02 - Intersection related","01 - Daylight","02 - Non-fatal injury","05 - Turning movement"
"10383","METCALFE ST @ GILMOUR ST","368099.66959","5030960.80785","-75.69123","45.41572","2017","11/7/2017","12:08:00 PM","01 - Clear","01 - Dry","01 - Traffic signal","02 - Intersection related","01 - Daylight","03 - P.D. only","04 - Sideswipe"
"10384","METCALFE ST @ LAURIER AVE","367791.70606","5031451.57630","-75.69510","45.42016","2017","5/7/2017","1:20:00 PM","02 - Rain","02 - Wet","01 - Traffic signal","03 - At intersection","01 - Daylight","03 - P.D. only","04 - Sideswipe"
"10385","METCALFE ST @ LAURIER AVE","367793.35043","5031451.57630","-75.69508","45.42016","2017","8/4/2017","3:47:00 PM","01 - Clear","01 - Dry","01 - Traffic signal","02 - Intersection related","01 - Daylight","03 - P.D. only","02 - Angle"
"10386","METCALFE ST @ LAURIER AVE","367792.70940","5031451.87705","-75.69509","45.42017","2017","7/20/2017","6:01:00 PM","01 - Clear","01 - Dry","01 - Traffic signal","02 - Intersection related","01 - Daylight","03 - P.D. only","03 - Rear end"
"10387","METCALFE ST @ LAURIER AVE","367793.18730","5031451.81525","-75.69508","45.42017","2017","11/8/2017","3:25:00 PM","01 - Clear","01 - Dry","01 - Traffic signal","03 - At intersection","01 - Daylight","03 - P.D. only","05 - Turning movement"
"10388","METCALFE ST @ LAURIER AVE","367790.24026","5031451.57630","-75.69512","45.42016","2017","2/16/2017","12:00:00 PM","01 - Clear","04 - Slush","01 - Traffic signal","02 - Intersection related","01 - Daylight","03 - P.D. only","06 - SMV unattended vehicle"
"10389","METCALFE ST @ NEPEAN ST","367875.04416","5031319.90565","-75.69406","45.41897","2017","9/15/2017","9:00:00 AM","01 - Clear","01 - Dry","01 - Traffic signal","02 - Intersection related","01 - Daylight","03 - P.D. only","06 - SMV unattended vehicle"
"10390","METCALFE ST @ PRETORIA AVE","368492.37685","5030331.89940","-75.68630","45.41003","2017","6/8/2017","3:20:00 PM","01 - Clear","01 - Dry","02 - Stop sign","02 - Intersection related","01 - Daylight","03 - P.D. only","03 - Rear end"
"10391","METCALFE ST @ PRETORIA AVE","368492.66046","5030333.16794","-75.68629","45.41004","2017","8/22/2017","4:10:00 PM","02 - Rain","02 - Wet","02 - Stop sign","03 - At intersection","01 - Daylight","03 - P.D. only","02 - Angle"
"10392","METCALFE ST @ SLATER ST","367731.36215","5031550.91359","-75.69586","45.42106","2017","11/2/2017","9:45:00 PM","02 - Rain","02 - Wet","01 - Traffic signal","03 - At intersection","07 - Dark","02 - Non-fatal injury","07 - SMV other"
"10393","METCALFE ST @ SLATER ST","367731.69660","5031549.57580","-75.69586","45.42105","2017","1/19/2017","8:14:00 AM","01 - Clear","02 - Wet","01 - Traffic signal","02 - Intersection related","01 - Daylight","03 - P.D. only","04 - Sideswipe"
"10394","METCALFE ST @ SLATER ST","367733.19754","5031549.95103","-75.69584","45.42105","2017","1/11/2017","6:30:00 AM","02 - Rain","04 - Slush","01 - Traffic signal","03 - At intersection","07 - Dark","03 - P.D. only","02 - Angle"
"10395","METCALFE ST @ SLATER ST","367732.69994","5031550.24470","-75.69584","45.42106","2017","3/14/2017","3:53:00 PM","03 - Snow","03 - Loose snow","01 - Traffic signal","03 - At intersection","01 - Daylight","02 - Non-fatal injury","07 - SMV other"
"10396","METCALFE ST @ SOMERSET ST","368009.70096","5031104.57280","-75.69236","45.41702","2017","11/22/2017","4:16:00 PM","01 - Clear","01 - Dry","01 - Traffic signal","03 - At intersection","01 - Daylight","03 - P.D. only","02 - Angle"
"10397","METCALFE ST @ SOMERSET ST","368011.17767","5031104.80949","-75.69234","45.41702","2017","12/29/2017","9:30:00 AM","01 - Clear","06 - Ice","01 - Traffic signal","03 - At intersection","01 - Daylight","03 - P.D. only","02 - Angle"
"10398","METCALFE ST @ SOMERSET ST","368010.25334","5031103.89636","-75.69236","45.41702","2017","12/20/2017","6:17:00 AM","03 - Snow","04 - Slush","01 - Traffic signal","02 - Intersection related","07 - Dark","03 - P.D. only","07 - SMV other"
"10399","METCALFE ST @ STRATHCONA AVE","368536.96190","5030263.55069","-75.68573","45.40941","2017","10/26/2017","4:46:00 PM","01 - Clear","01 - Dry","02 - Stop sign","02 - Intersection related","01 - Daylight","03 - P.D. only","05 - Turning movement"
"10400","METCALFE ST @ WAVERLEY ST","368162.04895","5030859.90679","-75.69045","45.41481","2017","4/29/2017","3:30:00 PM","01 - Clear","01 - Dry","02 - Stop sign","03 - At intersection","01 - Daylight","03 - P.D. only","05 - Turning movement"
"10401","METCALFE ST @ WELLINGTON ST","367565.18970","5031817.58160","-75.69795","45.42348","2017","6/19/2017","12:08:00 PM","01 - Clear","01 - Dry","01 - Traffic signal","02 - Intersection related","01 - Daylight","03 - P.D. only","03 - Rear end"
"10402","METCALFE ST @ WELLINGTON ST","367565.69920","5031819.40808","-75.69794","45.42349","2017","7/11/2017","5:02:00 PM","01 - Clear","01 - Dry","01 - Traffic signal","02 - Intersection related","01 - Daylight","03 - P.D. only","03 - Rear end"
"10403","METCALFE ST @ WELLINGTON ST","367565.69918","5031817.58161","-75.69794","45.42348","2017","6/10/2017","2:50:00 AM","01 - Clear","01 - Dry","01 - Traffic signal","03 - At intersection","07 - Dark","02 - Non-fatal injury","07 - SMV other"
"10404","METCALFE ST btwn COOPER ST & SOMERSET ST W","367983.55048","5031147.88504","-75.69269","45.41741","2017","5/11/2017","5:15:00 PM","01 - Clear","01 - Dry","10 - No control","01 - Non intersection","01 - Daylight","03 - P.D. only","06 - SMV unattended vehicle"
"10405","METCALFE ST btwn FRANK ST & GLADSTONE AVE","368216.23674","5030774.01206","-75.68977","45.41403","2017","3/16/2017","10:55:00 AM","01 - Clear","03 - Loose snow","10 - No control","01 - Non intersection","01 - Daylight","03 - P.D. only","04 - Sideswipe"
"10406","METCALFE ST btwn LAURIER AVE W & GLOUCESTER ST","367809.76626","5031422.14486","-75.69488","45.41990","2017","5/22/2017","12:00:00 AM","01 - Clear","01 - Dry","10 - No control","01 - Non intersection","00 - Unknown","03 - P.D. only","06 - SMV unattended vehicle"
"10407","METCALFE ST btwn QUEEN ST & ALBERT ST","367684.67709","5031625.62203","-75.69645","45.42174","2017","7/6/2017","10:51:00 AM","01 - Clear","01 - Dry","10 - No control","04 - At/near private drive","01 - Daylight","03 - P.D. only","02 - Angle"
"10408","MICHAEL COWPLAND DR btwn TERENCE MATTHEWS CRES & EAGLESON RD","354235.90690","5016516.16449","-75.86980","45.28686","2017","8/14/2017","9:24:00 PM","01 - Clear","01 - Dry","10 - No control","04 - At/near private drive","07 - Dark","02 - Non-fatal injury","02 - Angle"
"10409","MICHAEL ST @ BELFAST RD","373126.54260","5030676.81081","-75.62705","45.41269","2017","1/5/2017","11:06:00 AM","01 - Clear","06 - Ice","02 - Stop sign","02 - Intersection related","01 - Daylight","03 - P.D. only","03 - Rear end"
"10410","MICHAEL ST btwn KENASTON ST & BELFAST RD","373091.70326","5030774.07452","-75.62748","45.41357","2017","7/13/2017","12:12:00 PM","01 - Clear","01 - Dry","10 - No control","05 - At railway crossing","01 - Daylight","03 - P.D. only","07 - SMV other"
"10411","MICHAEL ST btwn PARISIEN ST & MICHAEL ST","372923.42199","5031198.97663","-75.62957","45.41741","2017","8/15/2017","7:52:00 PM","01 - Clear","01 - Dry","10 - No control","04 - At/near private drive","05 - Dusk","03 - P.D. only","02 - Angle"
"10412","MILNER DOWNS CRES btwn BRIDGESTONE DR & EAGLEVIEW ST","355451.42893","5015747.99809","-75.85438","45.27986","2017","9/27/2017","5:14:00 AM","01 - Clear","01 - Dry","10 - No control","04 - At/near private drive","07 - Dark","03 - P.D. only","06 - SMV unattended vehicle"
"10413","MILTON RD @ NAVAN RD","387268.78820","5031812.52164","-75.44621","45.42139","2017","3/6/2017","1:00:00 PM","01 - Clear","01 - Dry","02 - Stop sign","03 - At intersection","01 - Daylight","01 - Fatal injury","02 - Angle"