"Record","Location","X","Y","Longitude","Latitude","Year","Date","Time","Environment","Road_Surface","Traffic_Control","Collision_Location","Light","Collision_Classification","Impact_type"
"10414","MILTON RD @ SMITH RD","387572.47095","5031062.51870","-75.44245","45.41460","2017","10/29/2017","4:24:00 AM","02 - Rain","02 - Wet","02 - Stop sign","03 - At intersection","07 - Dark","03 - P.D. only","02 - Angle"
"10415","MILTON RD btwn CANARY ST & SMITH RD","387362.09984","5031582.42077","-75.44505","45.41930","2017","3/14/2017","1:15:00 PM","03 - Snow","03 - Loose snow","10 - No control","01 - Non intersection","01 - Daylight","03 - P.D. only","04 - Sideswipe"
"10416","MILTON RD btwn PERRAULT RD & RUSSELL RD","389324.54327","5026422.28934","-75.42086","45.37264","2017","4/15/2017","4:26:00 PM","02 - Rain","02 - Wet","10 - No control","01 - Non intersection","01 - Daylight","03 - P.D. only","07 - SMV other"
"10417","MILTON RD btwn SMITH RD & PERRAULT RD","388201.47055","5029548.34345","-75.43467","45.40090","2017","1/3/2017","12:02:00 PM","04 - Freezing Rain","06 - Ice","10 - No control","01 - Non intersection","01 - Daylight","03 - P.D. only","07 - SMV other"
"10418","MIRAMICHI ST @ WOODROFFE AVE","362332.16500","5024318.74655","-75.76569","45.35645","2017","12/16/2017","10:30:00 AM","01 - Clear","03 - Loose snow","02 - Stop sign","02 - Intersection related","01 - Daylight","03 - P.D. only","03 - Rear end"
"10419","MISS OTTAWA ST @ MONTREAL RD","375797.72780","5034649.77964","-75.59235","45.44817","2017","9/15/2017","11:39:00 PM","01 - Clear","01 - Dry","01 - Traffic signal","02 - Intersection related","07 - Dark","03 - P.D. only","03 - Rear end"
"10420","MISS OTTAWA ST @ MONTREAL RD","375798.17473","5034647.46758","-75.59235","45.44815","2017","9/13/2017","8:34:00 PM","01 - Clear","01 - Dry","01 - Traffic signal","02 - Intersection related","07 - Dark","02 - Non-fatal injury","03 - Rear end"
"10421","MISS OTTAWA ST @ MONTREAL RD","375798.73114","5034647.24711","-75.59234","45.44815","2017","12/5/2017","7:52:00 AM","02 - Rain","02 - Wet","01 - Traffic signal","02 - Intersection related","01 - Daylight","03 - P.D. only","03 - Rear end"
"10422","MISTRAL WAY btwn SONESTA CIRC & HUNTMAR DR","350323.63544","5016572.59337","-75.91966","45.28763","2017","9/16/2017","4:00:00 PM","01 - Clear","01 - Dry","10 - No control","04 - At/near private drive","01 - Daylight","03 - P.D. only","06 - SMV unattended vehicle"
"10423","MITCH OWENS RD @ DOZOIS RD/LIMEBANK RD","371674.67175","5012109.12886","-75.64811","45.24577","2017","9/21/2017","3:00:00 PM","01 - Clear","01 - Dry","01 - Traffic signal","03 - At intersection","01 - Daylight","03 - P.D. only","03 - Rear end"
"10424","MITCH OWENS RD @ DOZOIS RD/LIMEBANK RD","371678.04974","5012109.78091","-75.64806","45.24577","2017","9/10/2017","10:25:00 AM","01 - Clear","01 - Dry","01 - Traffic signal","02 - Intersection related","01 - Daylight","02 - Non-fatal injury","03 - Rear end"
"10425","MITCH OWENS RD @ DOZOIS RD/LIMEBANK RD","371674.78418","5012117.69007","-75.64810","45.24584","2017","11/27/2017","4:15:00 PM","01 - Clear","01 - Dry","01 - Traffic signal","02 - Intersection related","05 - Dusk","03 - P.D. only","03 - Rear end"
"10426","MITCH OWENS RD @ DOZOIS RD/LIMEBANK RD","371673.96718","5012108.42000","-75.64812","45.24576","2017","1/18/2017","1:13:00 AM","03 - Snow","04 - Slush","01 - Traffic signal","03 - At intersection","07 - Dark","02 - Non-fatal injury","02 - Angle"
"10427","MITCH OWENS RD @ OLD PRESCOTT RD","377087.75966","5015549.11980","-75.57866","45.27618","2017","6/21/2017","4:15:00 PM","01 - Clear","01 - Dry","01 - Traffic signal","02 - Intersection related","01 - Daylight","03 - P.D. only","99 - Other"
"10428","MITCH OWENS RD @ OLD PRESCOTT RD","377087.71174","5015549.61170","-75.57866","45.27619","2017","1/6/2017","4:23:00 PM","01 - Clear","02 - Wet","01 - Traffic signal","02 - Intersection related","01 - Daylight","03 - P.D. only","04 - Sideswipe"
"10429","MITCH OWENS RD @ STAGECOACH RD","375398.75136","5014484.45820","-75.60033","45.26677","2017","6/26/2017","7:54:00 AM","01 - Clear","01 - Dry","01 - Traffic signal","02 - Intersection related","01 - Daylight","02 - Non-fatal injury","03 - Rear end"
"10430","MITCH OWENS RD @ STAGECOACH RD","375400.39573","5014486.38128","-75.60031","45.26679","2017","8/10/2017","9:51:00 PM","01 - Clear","01 - Dry","01 - Traffic signal","02 - Intersection related","07 - Dark","03 - P.D. only","05 - Turning movement"
"10431","MITCH OWENS RD @ STAGECOACH RD","375398.76662","5014486.11477","-75.60033","45.26679","2017","7/31/2017","12:11:00 PM","01 - Clear","01 - Dry","01 - Traffic signal","03 - At intersection","01 - Daylight","03 - P.D. only","05 - Turning movement"
"10432","MITCH OWENS RD @ STAGECOACH RD","375398.75136","5014485.12710","-75.60033","45.26678","2017","10/30/2017","2:55:00 PM","01 - Clear","01 - Dry","01 - Traffic signal","03 - At intersection","01 - Daylight","03 - P.D. only","02 - Angle"
"10433","MITCH OWENS RD @ STAGECOACH RD","375400.75804","5014484.45820","-75.60031","45.26677","2017","4/11/2017","3:33:00 PM","01 - Clear","01 - Dry","01 - Traffic signal","02 - Intersection related","01 - Daylight","03 - P.D. only","03 - Rear end"
"10434","MITCH OWENS RD btwn 8TH LINE RD & ANDERSON RD","382534.80313","5018878.42030","-75.50872","45.30556","2017","4/13/2017","8:51:00 AM","01 - Clear","01 - Dry","10 - No control","01 - Non intersection","01 - Daylight","03 - P.D. only","07 - SMV other"
"10435","MITCH OWENS RD btwn DAWN TARA DR & JOHN QUINN RD","380303.36897","5017511.52574","-75.53738","45.29350","2017","8/8/2017","6:57:00 PM","01 - Clear","01 - Dry","10 - No control","01 - Non intersection","01 - Daylight","03 - P.D. only","07 - SMV other"
"10436","MITCH OWENS RD btwn DOWNEY RD & MANOTICK STATION RD","372799.31280","5012829.43711","-75.63368","45.25214","2017","5/25/2017","6:50:00 AM","01 - Clear","01 - Dry","10 - No control","01 - Non intersection","01 - Daylight","02 - Non-fatal injury","07 - SMV other"
"10437","MITCH OWENS RD btwn DOWNEY RD & MANOTICK STATION RD","373339.24655","5013162.34221","-75.62676","45.25508","2017","5/15/2017","10:47:00 AM","01 - Clear","01 - Dry","10 - No control","01 - Non intersection","01 - Daylight","01 - Fatal injury","01 - Approaching"
"10438","MITCH OWENS RD btwn DOWNEY RD & MANOTICK STATION RD","373464.77855","5013240.47381","-75.62515","45.25577","2017","10/15/2017","10:59:00 AM","01 - Clear","01 - Dry","10 - No control","01 - Non intersection","01 - Daylight","02 - Non-fatal injury","03 - Rear end"
"10439","MITCH OWENS RD btwn DOWNEY RD & MANOTICK STATION RD","372664.92470","5012740.07608","-75.63541","45.25135","2017","1/16/2017","8:37:00 PM","01 - Clear","01 - Dry","10 - No control","01 - Non intersection","07 - Dark","03 - P.D. only","07 - SMV other"
"10440","MITCH OWENS RD btwn DOWNEY RD & MANOTICK STATION RD","373340.52527","5013159.70918","-75.62674","45.25506","2017","12/28/2017","2:58:00 PM","01 - Clear","03 - Loose snow","10 - No control","01 - Non intersection","01 - Daylight","02 - Non-fatal injury","07 - SMV other"
"10441","MITCH OWENS RD btwn EMERALD LINKS DR & STAGECOACH RD","374890.39015","5014163.38797","-75.60686","45.26394","2017","5/2/2017","4:29:00 PM","02 - Rain","02 - Wet","10 - No control","01 - Non intersection","01 - Daylight","02 - Non-fatal injury","03 - Rear end"
"10442","MITCH OWENS RD btwn EMERALD LINKS DR & STAGECOACH RD","375244.90520","5014387.46823","-75.60231","45.26592","2017","6/13/2017","5:21:00 PM","01 - Clear","01 - Dry","10 - No control","01 - Non intersection","01 - Daylight","03 - P.D. only","03 - Rear end"
"10443","MITCH OWENS RD btwn FARMERS WAY & YORKS CORNERS RD","385330.67723","5020543.81679","-75.47280","45.32023","2017","12/15/2017","7:00:00 AM","01 - Clear","01 - Dry","10 - No control","01 - Non intersection","03 - Dawn","02 - Non-fatal injury","03 - Rear end"
"10444","MITCH OWENS RD btwn FARMERS WAY & YORKS CORNERS RD","385202.50674","5020470.59151","-75.47445","45.31958","2017","12/12/2017","2:20:00 PM","03 - Snow","05 - Packed snow","10 - No control","04 - At/near private drive","01 - Daylight","02 - Non-fatal injury","07 - SMV other"
"10445","MITCH OWENS RD btwn HALL RD & BLACKCREEK RD","386554.31868","5021274.36310","-75.45708","45.32666","2017","9/13/2017","12:50:00 PM","01 - Clear","01 - Dry","10 - No control","01 - Non intersection","01 - Daylight","02 - Non-fatal injury","03 - Rear end"
"10446","MITCH OWENS RD btwn LIMEBANK RD & DOWNEY RD","371927.09178","5012270.82423","-75.64487","45.24720","2017","12/1/2017","6:02:00 AM","01 - Clear","01 - Dry","10 - No control","01 - Non intersection","07 - Dark","03 - P.D. only","07 - SMV other"
"10447","MITCH OWENS RD btwn LIMEBANK RD & DOWNEY RD","372368.91172","5012551.56368","-75.63920","45.24968","2017","11/19/2017","7:03:00 AM","03 - Snow","03 - Loose snow","10 - No control","04 - At/near private drive","03 - Dawn","03 - P.D. only","07 - SMV other"
"10448","MITCH OWENS RD btwn LIMEBANK RD & DOWNEY RD","371845.55932","5012217.05785","-75.64591","45.24672","2017","12/13/2017","8:53:00 AM","03 - Snow","05 - Packed snow","10 - No control","01 - Non intersection","01 - Daylight","02 - Non-fatal injury","01 - Approaching"
"10449","MITCH OWENS RD btwn MANOTICK STATION RD & BOWESVILLE RD","374149.62953","5013684.36303","-75.61636","45.25970","2017","4/28/2017","1:40:00 PM","01 - Clear","01 - Dry","10 - No control","01 - Non intersection","01 - Daylight","03 - P.D. only","01 - Approaching"
"10450","MITCH OWENS RD btwn MANOTICK STATION RD & BOWESVILLE RD","373788.06687","5013450.38888","-75.62100","45.25763","2017","8/30/2017","12:57:00 PM","01 - Clear","01 - Dry","10 - No control","04 - At/near private drive","01 - Daylight","03 - P.D. only","02 - Angle"
"10451","MITCH OWENS RD btwn MANOTICK STATION RD & BOWESVILLE RD","373549.21333","5013295.18665","-75.62407","45.25626","2017","11/29/2017","7:00:00 AM","01 - Clear","02 - Wet","10 - No control","01 - Non intersection","03 - Dawn","03 - P.D. only","04 - Sideswipe"
"10452","MITCH OWENS RD btwn RAMSAYVILLE RD & 8TH LINE RD","381389.99850","5018183.56006","-75.52343","45.29943","2017","10/20/2017","3:30:00 PM","01 - Clear","01 - Dry","10 - No control","01 - Non intersection","01 - Daylight","03 - P.D. only","03 - Rear end"
"10453","MITCH OWENS RD btwn RAMSAYVILLE RD & 8TH LINE RD","382072.66305","5018607.01948","-75.51466","45.30317","2017","3/24/2017","7:59:00 PM","03 - Snow","03 - Loose snow","10 - No control","01 - Non intersection","07 - Dark","03 - P.D. only","01 - Approaching"
"10454","MITCH OWENS RD btwn RIVER RD & SPRATT RD","369538.70813","5010794.07760","-75.67548","45.23413","2017","6/22/2017","9:16:00 AM","01 - Clear","01 - Dry","10 - No control","04 - At/near private drive","01 - Daylight","03 - P.D. only","05 - Turning movement"
"10455","MITCH OWENS RD btwn RIVER RD & SPRATT RD","369587.11480","5010818.50402","-75.67486","45.23435","2017","6/9/2017","4:56:00 PM","01 - Clear","01 - Dry","10 - No control","01 - Non intersection","01 - Daylight","03 - P.D. only","03 - Rear end"
"10456","MITCH OWENS RD btwn RIVER RD & SPRATT RD","369673.47779","5010872.58549","-75.67376","45.23483","2017","10/10/2017","8:51:00 AM","01 - Clear","01 - Dry","10 - No control","01 - Non intersection","01 - Daylight","03 - P.D. only","03 - Rear end"
"10457","MITCH OWENS RD btwn RIVER RD & SPRATT RD","369742.90039","5010915.76837","-75.67287","45.23521","2017","10/18/2017","5:49:00 PM","01 - Clear","01 - Dry","10 - No control","04 - At/near private drive","01 - Daylight","03 - P.D. only","02 - Angle"
"10458","MITCH OWENS RD btwn RIVER RD & SPRATT RD","369578.12460","5010815.50729","-75.67498","45.23432","2017","11/30/2017","3:40:00 PM","02 - Rain","02 - Wet","10 - No control","04 - At/near private drive","01 - Daylight","03 - P.D. only","02 - Angle"
"10459","MITCH OWENS RD btwn RIVER RD & SPRATT RD","369564.63931","5010808.01546","-75.67515","45.23426","2017","3/9/2017","4:21:00 PM","01 - Clear","01 - Dry","10 - No control","04 - At/near private drive","01 - Daylight","03 - P.D. only","02 - Angle"
"10460","MITCH OWENS RD btwn RIVER RD & SPRATT RD","369542.37331","5010794.75131","-75.67544","45.23414","2017","3/2/2017","2:41:00 PM","01 - Clear","01 - Dry","10 - No control","04 - At/near private drive","01 - Daylight","03 - P.D. only","02 - Angle"
"10461","MITCH OWENS RD btwn SALE BARN RD & HAWTHORNE RD","378871.35963","5016655.95494","-75.55576","45.28596","2017","12/14/2017","6:48:00 AM","01 - Clear","01 - Dry","10 - No control","01 - Non intersection","07 - Dark","03 - P.D. only","07 - SMV other"
"10462","MITCH OWENS RD btwn SALE BARN RD & HAWTHORNE RD","379144.29156","5016818.54354","-75.55226","45.28739","2017","1/23/2017","5:58:00 AM","01 - Clear","06 - Ice","10 - No control","01 - Non intersection","07 - Dark","02 - Non-fatal injury","03 - Rear end"
"10463","MITCH OWENS RD btwn SALE BARN RD & HAWTHORNE RD","378959.86829","5016707.94020","-75.55463","45.28641","2017","3/28/2017","5:00:00 PM","01 - Clear","01 - Dry","10 - No control","01 - Non intersection","01 - Daylight","03 - P.D. only","07 - SMV other"
"10464","MITCH OWENS RD btwn SPRATT RD & LIMEBANK RD","371552.32032","5012031.49572","-75.64967","45.24508","2017","5/21/2017","11:00:00 PM","02 - Rain","02 - Wet","10 - No control","01 - Non intersection","07 - Dark","03 - P.D. only","07 - SMV other"
"10465","MITCH OWENS RD btwn SPRATT RD & LIMEBANK RD","370821.98023","5011582.22386","-75.65904","45.24110","2017","12/16/2017","10:11:00 PM","01 - Clear","01 - Dry","10 - No control","01 - Non intersection","07 - Dark","03 - P.D. only","07 - SMV other"
"10466","MITCH OWENS RD btwn TURN LANE & SALE BARN RD","378531.41598","5016444.44249","-75.56013","45.28409","2017","7/27/2017","3:32:00 PM","01 - Clear","01 - Dry","10 - No control","01 - Non intersection","01 - Daylight","02 - Non-fatal injury","01 - Approaching"
"10467","MITCH OWENS RD btwn TURN LANE & SALE BARN RD","378610.57761","5016494.95370","-75.55911","45.28453","2017","2/3/2017","6:48:00 PM","01 - Clear","01 - Dry","10 - No control","01 - Non intersection","07 - Dark","03 - P.D. only","07 - SMV other"
"10468","MITCH OWENS RD btwn TURN LANE & SALE BARN RD","377964.89028","5016101.32366","-75.56740","45.28106","2017","3/28/2017","10:11:00 PM","01 - Clear","01 - Dry","10 - No control","01 - Non intersection","07 - Dark","03 - P.D. only","07 - SMV other"
"10469","MITCH OWENS RD btwn TURN LANE & SALE BARN RD","377917.54734","5016061.39693","-75.56801","45.28071","2017","3/10/2017","11:30:00 PM","01 - Clear","01 - Dry","10 - No control","01 - Non intersection","07 - Dark","03 - P.D. only","07 - SMV other"
"10470","MITCH OWENS RD/BRIDGE ST @ RIVER RD","369499.37285","5010769.73080","-75.67599","45.23392","2017","6/5/2017","5:30:00 PM","01 - Clear","01 - Dry","01 - Traffic signal","02 - Intersection related","01 - Daylight","03 - P.D. only","03 - Rear end"
"10471","MITCH OWENS RD/BRIDGE ST @ RIVER RD","369499.87638","5010770.73073","-75.67598","45.23393","2017","8/30/2017","7:04:00 PM","01 - Clear","01 - Dry","01 - Traffic signal","03 - At intersection","01 - Daylight","02 - Non-fatal injury","05 - Turning movement"
"10472","MITCH OWENS RD/BRIDGE ST @ RIVER RD","369499.68204","5010768.42558","-75.67598","45.23390","2017","9/8/2017","6:55:00 PM","01 - Clear","01 - Dry","01 - Traffic signal","02 - Intersection related","01 - Daylight","03 - P.D. only","99 - Other"
"10473","MITCH OWENS RD/BRIDGE ST @ RIVER RD","369497.91167","5010771.50018","-75.67601","45.23393","2017","10/27/2017","8:34:00 AM","01 - Clear","01 - Dry","01 - Traffic signal","02 - Intersection related","01 - Daylight","03 - P.D. only","03 - Rear end"
"10474","MITCH OWENS RD/BRIDGE ST @ RIVER RD","369499.54874","5010771.09824","-75.67599","45.23393","2017","11/6/2017","1:44:00 AM","02 - Rain","02 - Wet","01 - Traffic signal","03 - At intersection","07 - Dark","03 - P.D. only","07 - SMV other"
"10475","MITCH OWENS RD/BRIDGE ST @ RIVER RD","369499.23761","5010770.67651","-75.67599","45.23393","2017","11/21/2017","4:11:00 PM","01 - Clear","01 - Dry","01 - Traffic signal","02 - Intersection related","05 - Dusk","03 - P.D. only","03 - Rear end"
"10476","MOFFATT POND CRT btwn ANJANA CIRC & COBBLE HILL DR","361690.94728","5013995.91217","-75.77506","45.26362","2017","8/13/2017","6:23:00 PM","01 - Clear","01 - Dry","10 - No control","01 - Non intersection","01 - Daylight","03 - P.D. only","06 - SMV unattended vehicle"
"10477","MOHRS RD btwn GALETTA SIDE RD & RIDDLEDALE RD","324092.83029","5031481.34329","-76.25347","45.42300","2017","1/21/2017","2:10:00 PM","01 - Clear","03 - Loose snow","10 - No control","01 - Non intersection","01 - Daylight","03 - P.D. only","07 - SMV other"
"10478","MOHRS RD btwn KINBURN SIDE RD & CARRYS SIDE RD","328181.00150","5027066.19865","-76.20144","45.38315","2017","2/15/2017","9:06:00 AM","03 - Snow","03 - Loose snow","10 - No control","01 - Non intersection","01 - Daylight","03 - P.D. only","07 - SMV other"
"10479","MONET CRT btwn SIEVERIGHT AVE & MONET CRT","372475.08324","5024444.62111","-75.63623","45.35668","2017","2/6/2017","7:00:00 PM","03 - Snow","04 - Slush","10 - No control","01 - Non intersection","07 - Dark","03 - P.D. only","06 - SMV unattended vehicle"
"10480","MONSON CRES btwn FILLMORE CRES & FILLMORE CRES","375351.62588","5036262.29955","-75.59783","45.46273","2017","8/27/2017","12:47:00 PM","01 - Clear","01 - Dry","10 - No control","04 - At/near private drive","01 - Daylight","03 - P.D. only","06 - SMV unattended vehicle"
"10481","MONTCREST DR @ WATTERS RD","384865.64829","5038589.13435","-75.47580","45.48263","2017","11/2/2017","3:09:00 PM","02 - Rain","02 - Wet","02 - Stop sign","02 - Intersection related","01 - Daylight","03 - P.D. only","03 - Rear end"
"10482","MONTEREY DR btwn BASELINE RD & GRAHAM CREEK PRIV","359857.30979","5022105.45507","-75.79752","45.33674","2017","3/24/2017","9:30:00 AM","03 - Snow","03 - Loose snow","10 - No control","01 - Non intersection","01 - Daylight","03 - P.D. only","01 - Approaching"
"10483","MONTEREY DR btwn COSTELLO AVE & ABINGDON DR","360187.84996","5022185.97106","-75.79330","45.33744","2017","2/20/2017","3:01:00 PM","01 - Clear","01 - Dry","10 - No control","01 - Non intersection","01 - Daylight","03 - P.D. only","06 - SMV unattended vehicle"
"10484","MONTFORT ST btwn BRADLEY AVE & STE. ANNE ST","370517.62009","5033567.62119","-75.65999","45.43895","2017","2/13/2017","9:54:00 PM","01 - Clear","03 - Loose snow","10 - No control","04 - At/near private drive","07 - Dark","03 - P.D. only","02 - Angle"
"10485","MONTFORT ST btwn STE. ANNE ST & GRANVILLE ST","370775.49256","5033596.08826","-75.65669","45.43918","2017","7/2/2017","12:00:00 AM","01 - Clear","01 - Dry","10 - No control","01 - Non intersection","00 - Unknown","03 - P.D. only","06 - SMV unattended vehicle"
"10486","MONTGOMERY ST @ MONTREAL RD","369813.71260","5032919.94707","-75.66908","45.43319","2017","8/17/2017","4:10:00 PM","02 - Rain","02 - Wet","01 - Traffic signal","03 - At intersection","01 - Daylight","03 - P.D. only","04 - Sideswipe"
"10487","MONTGOMERY ST @ MONTREAL RD","369813.23923","5032919.87804","-75.66908","45.43319","2017","9/6/2017","3:55:00 PM","01 - Clear","01 - Dry","01 - Traffic signal","02 - Intersection related","01 - Daylight","02 - Non-fatal injury","04 - Sideswipe"
"10488","MONTGOMERY ST @ MONTREAL RD","369814.65934","5032921.53484","-75.66906","45.43320","2017","12/8/2017","8:49:00 PM","01 - Clear","01 - Dry","01 - Traffic signal","03 - At intersection","07 - Dark","02 - Non-fatal injury","07 - SMV other"
"10489","MONTGOMERY ST @ MONTREAL RD","369812.75427","5032921.24293","-75.66909","45.43320","2017","2/9/2017","9:50:00 AM","01 - Clear","01 - Dry","01 - Traffic signal","02 - Intersection related","01 - Daylight","03 - P.D. only","03 - Rear end"
"10490","MONTREAL RD @ 46 E OF HILLSIDE DR/MONTREAL SQU","371750.46950","5033917.70900","-75.64419","45.44198","2017","6/29/2017","2:08:00 PM","02 - Rain","02 - Wet","01 - Traffic signal","03 - At intersection","01 - Daylight","03 - P.D. only","05 - Turning movement"
"10491","MONTREAL RD @ 46 E OF HILLSIDE DR/MONTREAL SQU","371748.95666","5033917.35890","-75.64421","45.44198","2017","10/11/2017","10:20:00 AM","01 - Clear","01 - Dry","01 - Traffic signal","02 - Intersection related","01 - Daylight","03 - P.D. only","07 - SMV other"
"10492","MONTREAL RD @ 46 E OF HILLSIDE DR/MONTREAL SQU","371750.13585","5033915.80787","-75.64419","45.44197","2017","2/1/2017","6:30:00 AM","03 - Snow","03 - Loose snow","01 - Traffic signal","02 - Intersection related","07 - Dark","03 - P.D. only","03 - Rear end"
"10493","MONTREAL RD @ BATHGATE DR/BURMA RD","373225.23190","5034516.59220","-75.62526","45.44723","2017","6/23/2017","9:14:00 AM","02 - Rain","02 - Wet","01 - Traffic signal","03 - At intersection","01 - Daylight","03 - P.D. only","05 - Turning movement"
"10494","MONTREAL RD @ BATHGATE DR/BURMA RD","373225.15390","5034516.37645","-75.62526","45.44723","2017","8/21/2017","1:22:00 PM","01 - Clear","01 - Dry","01 - Traffic signal","02 - Intersection related","01 - Daylight","03 - P.D. only","04 - Sideswipe"
"10495","MONTREAL RD @ BATHGATE DR/BURMA RD","373224.29090","5034515.51345","-75.62527","45.44722","2017","8/21/2017","3:21:00 PM","01 - Clear","01 - Dry","01 - Traffic signal","02 - Intersection related","01 - Daylight","03 - P.D. only","03 - Rear end"
"10496","MONTREAL RD @ BATHGATE DR/BURMA RD","373224.38795","5034516.59220","-75.62527","45.44723","2017","11/16/2017","1:22:00 PM","02 - Rain","02 - Wet","01 - Traffic signal","02 - Intersection related","01 - Daylight","03 - P.D. only","03 - Rear end"
"10497","MONTREAL RD @ BATHGATE DR/BURMA RD","373225.80788","5034517.40631","-75.62525","45.44724","2017","1/15/2017","10:12:00 PM","01 - Clear","01 - Dry","01 - Traffic signal","03 - At intersection","07 - Dark","03 - P.D. only","05 - Turning movement"
"10498","MONTREAL RD @ BATHGATE DR/BURMA RD","373224.17966","5034517.40631","-75.62527","45.44724","2017","1/26/2017","4:52:00 PM","01 - Clear","02 - Wet","01 - Traffic signal","03 - At intersection","05 - Dusk","02 - Non-fatal injury","07 - SMV other"
"10499","MONTREAL RD @ BATHGATE DR/BURMA RD","373224.38795","5034515.92330","-75.62527","45.44722","2017","4/14/2017","4:20:00 AM","01 - Clear","01 - Dry","01 - Traffic signal","03 - At intersection","07 - Dark","03 - P.D. only","04 - Sideswipe"
"10500","MONTREAL RD @ BATHGATE DR/BURMA RD","373224.38795","5034515.92330","-75.62527","45.44722","2017","4/6/2017","5:36:00 PM","02 - Rain","02 - Wet","01 - Traffic signal","02 - Intersection related","01 - Daylight","03 - P.D. only","02 - Angle"
"10501","MONTREAL RD @ BORTHWICK AVE","371944.34495","5034010.11598","-75.64170","45.44280","2017","9/1/2017","3:15:00 PM","01 - Clear","01 - Dry","02 - Stop sign","03 - At intersection","01 - Daylight","03 - P.D. only","02 - Angle"
"10502","MONTREAL RD @ BORTHWICK AVE","371941.76425","5034010.29336","-75.64173","45.44280","2017","9/14/2017","11:07:00 AM","01 - Clear","01 - Dry","02 - Stop sign","03 - At intersection","01 - Daylight","02 - Non-fatal injury","05 - Turning movement"
"10503","MONTREAL RD @ CARSON'S RD/CODD'S RD","372771.80330","5034396.82287","-75.63107","45.44620","2017","10/25/2017","12:06:00 PM","01 - Clear","01 - Dry","01 - Traffic signal","03 - At intersection","01 - Daylight","03 - P.D. only","05 - Turning movement"
"10504","MONTREAL RD @ CARSON'S RD/CODD'S RD","372770.75126","5034399.12024","-75.63108","45.44622","2017","9/11/2017","9:20:00 AM","01 - Clear","01 - Dry","01 - Traffic signal","02 - Intersection related","01 - Daylight","02 - Non-fatal injury","03 - Rear end"
"10505","MONTREAL RD @ CARSON'S RD/CODD'S RD","372771.72174","5034397.91190","-75.63107","45.44621","2017","3/8/2017","4:50:00 PM","01 - Clear","01 - Dry","01 - Traffic signal","02 - Intersection related","01 - Daylight","03 - P.D. only","04 - Sideswipe"
"10506","MONTREAL RD @ CARSON'S RD/CODD'S RD","372771.68256","5034398.35391","-75.63107","45.44621","2017","12/28/2017","8:01:00 AM","01 - Clear","01 - Dry","01 - Traffic signal","02 - Intersection related","01 - Daylight","03 - P.D. only","03 - Rear end"
"10507","MONTREAL RD @ DEN HAAG DR/LANG'S RD","372386.71800","5034220.87364","-75.63602","45.44465","2017","9/20/2017","6:00:00 PM","01 - Clear","01 - Dry","01 - Traffic signal","02 - Intersection related","01 - Daylight","03 - P.D. only","03 - Rear end"
"10508","MONTREAL RD @ DEN HAAG DR/LANG'S RD","372386.71800","5034221.82039","-75.63602","45.44466","2017","9/15/2017","3:42:00 PM","01 - Clear","01 - Dry","01 - Traffic signal","02 - Intersection related","01 - Daylight","03 - P.D. only","03 - Rear end"
"10509","MONTREAL RD @ DEN HAAG DR/LANG'S RD","372387.05245","5034220.91480","-75.63601","45.44465","2017","2/9/2017","4:08:00 PM","01 - Clear","01 - Dry","01 - Traffic signal","02 - Intersection related","01 - Daylight","02 - Non-fatal injury","03 - Rear end"
"10510","MONTREAL RD @ DUCHARME BLVD/CANTIN ST","371017.01135","5033566.59436","-75.65361","45.43890","2017","4/26/2017","2:39:00 PM","01 - Clear","01 - Dry","01 - Traffic signal","03 - At intersection","01 - Daylight","03 - P.D. only","02 - Angle"
"10511","MONTREAL RD @ DUCHARME BLVD/CANTIN ST","371017.70384","5033566.57462","-75.65360","45.43890","2017","10/2/2017","8:56:00 AM","01 - Clear","01 - Dry","01 - Traffic signal","02 - Intersection related","01 - Daylight","02 - Non-fatal injury","03 - Rear end"
"10512","MONTREAL RD @ DUCHARME BLVD/CANTIN ST","371018.19565","5033565.09919","-75.65360","45.43888","2017","9/28/2017","12:45:00 PM","01 - Clear","01 - Dry","01 - Traffic signal","02 - Intersection related","01 - Daylight","03 - P.D. only","04 - Sideswipe"
"10513","MONTREAL RD @ DUCHARME BLVD/CANTIN ST","371018.31263","5033565.73301","-75.65359","45.43889","2017","10/4/2017","12:10:00 PM","01 - Clear","01 - Dry","01 - Traffic signal","02 - Intersection related","01 - Daylight","03 - P.D. only","02 - Angle"
"10514","MONTREAL RD @ DUCHARME BLVD/CANTIN ST","371017.61337","5033565.99234","-75.65360","45.43889","2017","10/18/2017","11:09:00 AM","01 - Clear","01 - Dry","01 - Traffic signal","02 - Intersection related","01 - Daylight","03 - P.D. only","04 - Sideswipe"
"10515","MONTREAL RD @ FOXVIEW PL/DESLOGES PRIV","372908.61701","5034446.73113","-75.62931","45.44663","2017","8/30/2017","9:38:00 AM","01 - Clear","01 - Dry","02 - Stop sign","02 - Intersection related","01 - Daylight","03 - P.D. only","04 - Sideswipe"
"10516","MONTREAL RD @ FOXVIEW PL/DESLOGES PRIV","372909.15784","5034447.40948","-75.62931","45.44664","2017","3/4/2017","12:22:00 PM","01 - Clear","01 - Dry","02 - Stop sign","02 - Intersection related","01 - Daylight","03 - P.D. only","03 - Rear end"