"Record","Location","X","Y","Longitude","Latitude","Year","Date","Time","Environment","Road_Surface","Traffic_Control","Collision_Location","Light","Collision_Classification","Impact_type"
"10517","MONTREAL RD @ GRANVILLE ST/LAFONTAINE AVE","370827.74014","5033476.35695","-75.65604","45.43810","2017","5/7/2017","1:45:00 PM","01 - Clear","01 - Dry","01 - Traffic signal","02 - Intersection related","01 - Daylight","03 - P.D. only","02 - Angle"
"10518","MONTREAL RD @ GRANVILLE ST/LAFONTAINE AVE","370827.67945","5033475.35449","-75.65604","45.43809","2017","6/7/2017","6:10:00 PM","01 - Clear","01 - Dry","01 - Traffic signal","03 - At intersection","01 - Daylight","03 - P.D. only","05 - Turning movement"
"10519","MONTREAL RD @ GRANVILLE ST/LAFONTAINE AVE","370826.88672","5033474.31649","-75.65605","45.43808","2017","7/16/2017","6:42:00 PM","01 - Clear","01 - Dry","01 - Traffic signal","02 - Intersection related","01 - Daylight","03 - P.D. only","05 - Turning movement"
"10520","MONTREAL RD @ GRANVILLE ST/LAFONTAINE AVE","370826.71340","5033474.35491","-75.65606","45.43808","2017","10/2/2017","7:31:00 AM","01 - Clear","01 - Dry","01 - Traffic signal","02 - Intersection related","01 - Daylight","03 - P.D. only","02 - Angle"
"10521","MONTREAL RD @ GRANVILLE ST/LAFONTAINE AVE","370827.25985","5033475.68450","-75.65605","45.43810","2017","9/29/2017","11:17:00 PM","01 - Clear","02 - Wet","01 - Traffic signal","03 - At intersection","07 - Dark","03 - P.D. only","05 - Turning movement"
"10522","MONTREAL RD @ GRANVILLE ST/LAFONTAINE AVE","370827.46387","5033474.21637","-75.65605","45.43808","2017","2/5/2017","1:31:00 PM","01 - Clear","02 - Wet","01 - Traffic signal","03 - At intersection","01 - Daylight","02 - Non-fatal injury","07 - SMV other"
"10523","MONTREAL RD @ MONTFORT HOSPITAL","372223.42824","5034144.91300","-75.63811","45.44398","2017","4/12/2017","2:53:00 PM","01 - Clear","01 - Dry","01 - Traffic signal","02 - Intersection related","01 - Daylight","03 - P.D. only","04 - Sideswipe"
"10524","MONTREAL RD @ MONTFORT HOSPITAL","372224.09714","5034144.24410","-75.63810","45.44398","2017","4/5/2017","6:08:00 AM","02 - Rain","02 - Wet","01 - Traffic signal","03 - At intersection","03 - Dawn","02 - Non-fatal injury","07 - SMV other"
"10525","MONTREAL RD @ NORTH RIVER RD","369740.04315","5032888.25380","-75.67002","45.43291","2017","4/27/2017","4:31:00 PM","01 - Clear","01 - Dry","01 - Traffic signal","03 - At intersection","01 - Daylight","03 - P.D. only","02 - Angle"
"10526","MONTREAL RD @ NORTH RIVER RD","369739.70870","5032887.82159","-75.67003","45.43291","2017","8/28/2017","5:52:00 PM","01 - Clear","01 - Dry","01 - Traffic signal","03 - At intersection","01 - Daylight","02 - Non-fatal injury","07 - SMV other"
"10527","MONTREAL RD @ NORTH RIVER RD","369739.37425","5032888.25380","-75.67003","45.43291","2017","12/6/2017","8:00:00 PM","01 - Clear","01 - Dry","01 - Traffic signal","03 - At intersection","07 - Dark","03 - P.D. only","02 - Angle"
"10528","MONTREAL RD @ NORTH RIVER RD","369740.71204","5032886.91600","-75.67001","45.43290","2017","11/5/2017","4:14:00 PM","02 - Rain","02 - Wet","01 - Traffic signal","03 - At intersection","05 - Dusk","03 - P.D. only","05 - Turning movement"
"10529","MONTREAL RD @ NORTH RIVER RD","369738.20776","5032887.20967","-75.67004","45.43290","2017","2/23/2017","10:34:00 PM","01 - Clear","01 - Dry","01 - Traffic signal","02 - Intersection related","07 - Dark","03 - P.D. only","03 - Rear end"
"10530","MONTREAL RD @ NORTH RIVER RD","369740.04315","5032888.25380","-75.67002","45.43291","2017","2/27/2017","10:06:00 AM","01 - Clear","01 - Dry","01 - Traffic signal","03 - At intersection","01 - Daylight","02 - Non-fatal injury","07 - SMV other"
"10531","MONTREAL RD @ NORTH RIVER RD","369740.04315","5032888.25380","-75.67002","45.43291","2017","4/8/2017","1:07:00 AM","01 - Clear","01 - Dry","01 - Traffic signal","02 - Intersection related","07 - Dark","03 - P.D. only","99 - Other"
"10532","MONTREAL RD @ OGILVIE RD","375655.06945","5034555.24831","-75.59419","45.44734","2017","5/1/2017","1:12:00 PM","02 - Rain","02 - Wet","01 - Traffic signal","02 - Intersection related","01 - Daylight","03 - P.D. only","03 - Rear end"
"10533","MONTREAL RD @ OGILVIE RD","375654.09397","5034555.94507","-75.59420","45.44734","2017","8/15/2017","8:55:00 AM","01 - Clear","02 - Wet","01 - Traffic signal","02 - Intersection related","01 - Daylight","03 - P.D. only","03 - Rear end"
"10534","MONTREAL RD @ OGILVIE RD","375653.81652","5034556.35648","-75.59421","45.44735","2017","7/27/2017","8:05:00 AM","01 - Clear","01 - Dry","01 - Traffic signal","02 - Intersection related","01 - Daylight","03 - P.D. only","03 - Rear end"
"10535","MONTREAL RD @ OGILVIE RD","375655.06945","5034557.25500","-75.59419","45.44735","2017","6/28/2017","5:30:00 PM","01 - Clear","01 - Dry","01 - Traffic signal","02 - Intersection related","01 - Daylight","03 - P.D. only","03 - Rear end"
"10536","MONTREAL RD @ OGILVIE RD","375654.26163","5034556.34941","-75.59420","45.44735","2017","10/25/2017","12:55:00 PM","01 - Clear","01 - Dry","01 - Traffic signal","02 - Intersection related","01 - Daylight","03 - P.D. only","03 - Rear end"
"10537","MONTREAL RD @ OGILVIE RD","375654.26163","5034556.82279","-75.59420","45.44735","2017","10/26/2017","7:28:00 PM","01 - Clear","01 - Dry","01 - Traffic signal","02 - Intersection related","07 - Dark","02 - Non-fatal injury","03 - Rear end"
"10538","MONTREAL RD @ OGILVIE RD","375654.25710","5034556.82505","-75.59420","45.44735","2017","9/15/2017","1:45:00 PM","01 - Clear","01 - Dry","01 - Traffic signal","03 - At intersection","01 - Daylight","03 - P.D. only","03 - Rear end"
"10539","MONTREAL RD @ OGILVIE RD","375654.73500","5034557.76953","-75.59420","45.44736","2017","9/22/2017","6:36:00 PM","01 - Clear","01 - Dry","01 - Traffic signal","02 - Intersection related","01 - Daylight","03 - P.D. only","03 - Rear end"
"10540","MONTREAL RD @ OGILVIE RD","375653.73166","5034555.91720","-75.59421","45.44734","2017","11/30/2017","5:20:00 PM","02 - Rain","02 - Wet","01 - Traffic signal","02 - Intersection related","07 - Dark","03 - P.D. only","99 - Other"
"10541","MONTREAL RD @ OGILVIE RD","375654.40055","5034555.91720","-75.59420","45.44734","2017","11/26/2017","7:40:00 PM","03 - Snow","06 - Ice","01 - Traffic signal","02 - Intersection related","07 - Dark","03 - P.D. only","01 - Approaching"
"10542","MONTREAL RD @ OGILVIE RD","375653.73166","5034556.58610","-75.59421","45.44735","2017","12/1/2017","4:06:00 PM","01 - Clear","01 - Dry","01 - Traffic signal","02 - Intersection related","05 - Dusk","03 - P.D. only","03 - Rear end"
"10543","MONTREAL RD @ OGILVIE RD","375654.48416","5034555.41553","-75.59420","45.44734","2017","1/31/2017","4:02:00 PM","01 - Clear","01 - Dry","01 - Traffic signal","02 - Intersection related","01 - Daylight","03 - P.D. only","04 - Sideswipe"
"10544","MONTREAL RD @ OGILVIE RD","375653.78825","5034556.82279","-75.59421","45.44735","2017","1/19/2017","6:00:00 PM","02 - Rain","02 - Wet","01 - Traffic signal","02 - Intersection related","07 - Dark","03 - P.D. only","03 - Rear end"
"10545","MONTREAL RD @ OLMSTEAD ST","370332.85064","5033213.39786","-75.66240","45.43578","2017","9/1/2017","4:53:00 PM","01 - Clear","01 - Dry","01 - Traffic signal","03 - At intersection","01 - Daylight","02 - Non-fatal injury","07 - SMV other"
"10546","MONTREAL RD @ OLMSTEAD ST","370333.58853","5033213.95326","-75.66239","45.43579","2017","8/15/2017","4:30:00 PM","01 - Clear","01 - Dry","01 - Traffic signal","02 - Intersection related","01 - Daylight","03 - P.D. only","04 - Sideswipe"
"10547","MONTREAL RD @ OLMSTEAD ST","370331.75751","5033213.82535","-75.66242","45.43579","2017","9/20/2017","6:40:00 AM","01 - Clear","01 - Dry","01 - Traffic signal","02 - Intersection related","03 - Dawn","03 - P.D. only","03 - Rear end"
"10548","MONTREAL RD @ OLMSTEAD ST","370332.95770","5033213.16085","-75.66240","45.43578","2017","1/7/2017","12:00:00 AM","01 - Clear","01 - Dry","01 - Traffic signal","02 - Intersection related","00 - Unknown","03 - P.D. only","06 - SMV unattended vehicle"
"10549","MONTREAL RD @ OLMSTEAD ST","370333.04775","5033212.91750","-75.66240","45.43578","2017","3/30/2017","3:24:00 PM","01 - Clear","01 - Dry","01 - Traffic signal","02 - Intersection related","01 - Daylight","03 - P.D. only","04 - Sideswipe"
"10550","MONTREAL RD @ OLMSTEAD ST","370333.25218","5033212.11458","-75.66240","45.43577","2017","12/31/2017","5:21:00 PM","01 - Clear","02 - Wet","01 - Traffic signal","03 - At intersection","07 - Dark","02 - Non-fatal injury","07 - SMV other"
"10551","MONTREAL RD @ PALACE ST","369956.71894","5032999.25450","-75.66724","45.43389","2017","3/8/2017","5:17:00 PM","01 - Clear","01 - Dry","10 - No control","03 - At intersection","01 - Daylight","03 - P.D. only","05 - Turning movement"
"10552","MONTREAL RD @ PARK ST","370515.13452","5033315.76963","-75.66006","45.43669","2017","9/17/2017","2:50:00 PM","01 - Clear","01 - Dry","02 - Stop sign","02 - Intersection related","01 - Daylight","03 - P.D. only","04 - Sideswipe"
"10553","MONTREAL RD @ SHEFFORD RD","376126.06495","5034852.90580","-75.58813","45.44997","2017","5/4/2017","8:03:00 AM","01 - Clear","01 - Dry","01 - Traffic signal","02 - Intersection related","01 - Daylight","03 - P.D. only","04 - Sideswipe"
"10554","MONTREAL RD @ SHEFFORD RD","376124.72716","5034853.57470","-75.58815","45.44997","2017","5/26/2017","3:42:00 PM","02 - Rain","02 - Wet","01 - Traffic signal","02 - Intersection related","01 - Daylight","03 - P.D. only","03 - Rear end"
"10555","MONTREAL RD @ SHEFFORD RD","376126.19863","5034852.73768","-75.58813","45.44996","2017","6/9/2017","3:29:00 PM","01 - Clear","01 - Dry","01 - Traffic signal","02 - Intersection related","01 - Daylight","03 - P.D. only","04 - Sideswipe"
"10556","MONTREAL RD @ SHEFFORD RD","376126.06495","5034855.58139","-75.58813","45.44999","2017","5/27/2017","10:00:00 AM","01 - Clear","01 - Dry","01 - Traffic signal","02 - Intersection related","01 - Daylight","03 - P.D. only","03 - Rear end"
"10557","MONTREAL RD @ SHEFFORD RD","376126.29595","5034854.72400","-75.58812","45.44998","2017","11/3/2017","2:13:00 AM","02 - Rain","02 - Wet","01 - Traffic signal","03 - At intersection","07 - Dark","03 - P.D. only","04 - Sideswipe"
"10558","MONTREAL RD @ SHEFFORD RD","376124.72716","5034854.24360","-75.58814","45.44998","2017","11/16/2017","1:43:00 PM","02 - Rain","02 - Wet","01 - Traffic signal","02 - Intersection related","01 - Daylight","03 - P.D. only","04 - Sideswipe"
"10559","MONTREAL RD @ SHEFFORD RD","376125.39605","5034852.90580","-75.58814","45.44997","2017","2/17/2017","12:53:00 PM","05 - Drifting Snow","02 - Wet","01 - Traffic signal","03 - At intersection","01 - Daylight","03 - P.D. only","02 - Angle"
"10560","MONTREAL RD @ SHEFFORD RD","376122.60766","5034857.38837","-75.58817","45.45001","2017","1/6/2017","9:31:00 AM","01 - Clear","01 - Dry","01 - Traffic signal","02 - Intersection related","01 - Daylight","02 - Non-fatal injury","04 - Sideswipe"
"10561","MONTREAL RD @ SHEFFORD RD","376127.16419","5034853.33575","-75.58811","45.44997","2017","12/21/2017","8:46:00 AM","01 - Clear","01 - Dry","01 - Traffic signal","03 - At intersection","01 - Daylight","02 - Non-fatal injury","05 - Turning movement"
"10562","MONTREAL RD @ SINCLAIR ST","375967.79088","5034757.63594","-75.59017","45.44913","2017","8/24/2017","1:12:00 PM","01 - Clear","01 - Dry","01 - Traffic signal","02 - Intersection related","01 - Daylight","03 - P.D. only","03 - Rear end"
"10563","MONTREAL RD @ SINCLAIR ST","375967.42489","5034755.48053","-75.59017","45.44911","2017","10/2/2017","4:25:00 PM","01 - Clear","01 - Dry","01 - Traffic signal","02 - Intersection related","01 - Daylight","03 - P.D. only","03 - Rear end"
"10564","MONTREAL RD @ SINCLAIR ST","375969.27845","5034756.04895","-75.59015","45.44911","2017","10/5/2017","5:10:00 PM","01 - Clear","01 - Dry","01 - Traffic signal","02 - Intersection related","01 - Daylight","03 - P.D. only","03 - Rear end"
"10565","MONTREAL RD @ SINCLAIR ST","375969.30883","5034756.58710","-75.59015","45.44912","2017","12/21/2017","9:30:00 PM","01 - Clear","01 - Dry","01 - Traffic signal","03 - At intersection","07 - Dark","02 - Non-fatal injury","07 - SMV other"
"10566","MONTREAL RD @ ST. LAURENT BLVD","371546.70624","5033818.26360","-75.64681","45.44111","2017","4/28/2017","12:03:00 PM","01 - Clear","01 - Dry","01 - Traffic signal","02 - Intersection related","01 - Daylight","03 - P.D. only","07 - SMV other"
"10567","MONTREAL RD @ ST. LAURENT BLVD","371546.70624","5033816.92580","-75.64681","45.44110","2017","5/26/2017","8:34:00 PM","01 - Clear","01 - Dry","01 - Traffic signal","03 - At intersection","05 - Dusk","02 - Non-fatal injury","05 - Turning movement"
"10568","MONTREAL RD @ ST. LAURENT BLVD","371545.36845","5033819.60139","-75.64682","45.44112","2017","5/21/2017","5:20:00 PM","02 - Rain","02 - Wet","01 - Traffic signal","03 - At intersection","01 - Daylight","02 - Non-fatal injury","07 - SMV other"
"10569","MONTREAL RD @ ST. LAURENT BLVD","371545.36845","5033818.26360","-75.64682","45.44111","2017","6/16/2017","10:54:00 AM","01 - Clear","01 - Dry","01 - Traffic signal","03 - At intersection","01 - Daylight","03 - P.D. only","05 - Turning movement"
"10570","MONTREAL RD @ ST. LAURENT BLVD","371547.37514","5033817.59470","-75.64680","45.44110","2017","7/4/2017","5:48:00 PM","01 - Clear","01 - Dry","01 - Traffic signal","02 - Intersection related","01 - Daylight","03 - P.D. only","03 - Rear end"
"10571","MONTREAL RD @ ST. LAURENT BLVD","371544.42698","5033817.27572","-75.64684","45.44110","2017","7/11/2017","12:45:00 PM","01 - Clear","01 - Dry","01 - Traffic signal","02 - Intersection related","01 - Daylight","03 - P.D. only","05 - Turning movement"
"10572","MONTREAL RD @ ST. LAURENT BLVD","371545.70290","5033816.94745","-75.64682","45.44110","2017","8/22/2017","10:13:00 AM","02 - Rain","02 - Wet","01 - Traffic signal","02 - Intersection related","01 - Daylight","03 - P.D. only","04 - Sideswipe"
"10573","MONTREAL RD @ ST. LAURENT BLVD","371545.25597","5033817.81816","-75.64683","45.44111","2017","8/19/2017","9:40:00 PM","01 - Clear","01 - Dry","01 - Traffic signal","02 - Intersection related","07 - Dark","03 - P.D. only","04 - Sideswipe"
"10574","MONTREAL RD @ ST. LAURENT BLVD","371545.06187","5033816.95367","-75.64683","45.44110","2017","7/18/2017","8:19:00 AM","01 - Clear","01 - Dry","01 - Traffic signal","03 - At intersection","01 - Daylight","03 - P.D. only","05 - Turning movement"
"10575","MONTREAL RD @ ST. LAURENT BLVD","371544.48524","5033819.11677","-75.64683","45.44112","2017","8/10/2017","2:30:00 PM","01 - Clear","01 - Dry","01 - Traffic signal","02 - Intersection related","01 - Daylight","03 - P.D. only","03 - Rear end"
"10576","MONTREAL RD @ ST. LAURENT BLVD","371544.28278","5033818.30476","-75.64684","45.44111","2017","7/9/2017","4:20:00 PM","01 - Clear","01 - Dry","01 - Traffic signal","02 - Intersection related","01 - Daylight","03 - P.D. only","01 - Approaching"
"10577","MONTREAL RD @ ST. LAURENT BLVD","371547.62598","5033816.95367","-75.64680","45.44110","2017","8/17/2017","11:20:00 AM","01 - Clear","01 - Dry","01 - Traffic signal","02 - Intersection related","01 - Daylight","03 - P.D. only","02 - Angle"
"10578","MONTREAL RD @ ST. LAURENT BLVD","371545.69636","5033817.60115","-75.64682","45.44110","2017","6/27/2017","10:18:00 PM","01 - Clear","01 - Dry","01 - Traffic signal","02 - Intersection related","07 - Dark","03 - P.D. only","03 - Rear end"
"10579","MONTREAL RD @ ST. LAURENT BLVD","371545.70313","5033817.59453","-75.64682","45.44110","2017","8/23/2017","10:06:00 AM","01 - Clear","01 - Dry","01 - Traffic signal","02 - Intersection related","01 - Daylight","02 - Non-fatal injury","03 - Rear end"
"10580","MONTREAL RD @ ST. LAURENT BLVD","371544.74711","5033817.35575","-75.64683","45.44110","2017","9/19/2017","5:10:00 PM","01 - Clear","01 - Dry","01 - Traffic signal","02 - Intersection related","01 - Daylight","03 - P.D. only","04 - Sideswipe"
"10581","MONTREAL RD @ ST. LAURENT BLVD","371546.18080","5033817.83365","-75.64681","45.44111","2017","9/5/2017","4:24:00 PM","01 - Clear","01 - Dry","01 - Traffic signal","03 - At intersection","01 - Daylight","03 - P.D. only","05 - Turning movement"
"10582","MONTREAL RD @ ST. LAURENT BLVD","371546.59675","5033816.47738","-75.64681","45.44109","2017","9/5/2017","11:16:00 AM","01 - Clear","01 - Dry","01 - Traffic signal","02 - Intersection related","01 - Daylight","03 - P.D. only","04 - Sideswipe"
"10583","MONTREAL RD @ ST. LAURENT BLVD","371545.22953","5033817.35801","-75.64683","45.44110","2017","10/29/2017","1:31:00 AM","02 - Rain","02 - Wet","01 - Traffic signal","03 - At intersection","07 - Dark","03 - P.D. only","05 - Turning movement"
"10584","MONTREAL RD @ ST. LAURENT BLVD","371546.64965","5033817.83139","-75.64681","45.44111","2017","9/5/2017","4:13:00 PM","01 - Clear","01 - Dry","01 - Traffic signal","02 - Intersection related","01 - Daylight","03 - P.D. only","03 - Rear end"
"10585","MONTREAL RD @ ST. LAURENT BLVD","371547.37514","5033816.92580","-75.64680","45.44110","2017","12/1/2017","2:32:00 PM","01 - Clear","01 - Dry","01 - Traffic signal","03 - At intersection","01 - Daylight","03 - P.D. only","05 - Turning movement"
"10586","MONTREAL RD @ ST. LAURENT BLVD","371544.74711","5033818.31155","-75.64683","45.44111","2017","12/11/2017","9:22:00 AM","01 - Clear","06 - Ice","01 - Traffic signal","02 - Intersection related","01 - Daylight","03 - P.D. only","03 - Rear end"
"10587","MONTREAL RD @ ST. LAURENT BLVD","371547.37514","5033816.92580","-75.64680","45.44110","2017","12/1/2017","10:29:00 PM","01 - Clear","01 - Dry","01 - Traffic signal","02 - Intersection related","07 - Dark","03 - P.D. only","05 - Turning movement"
"10588","MONTREAL RD @ ST. LAURENT BLVD","371544.69956","5033818.26360","-75.64683","45.44111","2017","3/13/2017","10:27:00 AM","01 - Clear","01 - Dry","01 - Traffic signal","02 - Intersection related","01 - Daylight","03 - P.D. only","04 - Sideswipe"
"10589","MONTREAL RD @ ST. LAURENT BLVD","371546.03735","5033818.26360","-75.64682","45.44111","2017","2/20/2017","1:50:00 PM","01 - Clear","01 - Dry","01 - Traffic signal","02 - Intersection related","01 - Daylight","03 - P.D. only","04 - Sideswipe"
"10590","MONTREAL RD @ ST. LAURENT BLVD","371545.70290","5033816.87785","-75.64682","45.44110","2017","12/23/2017","4:30:00 PM","03 - Snow","06 - Ice","01 - Traffic signal","02 - Intersection related","05 - Dusk","03 - P.D. only","03 - Rear end"
"10591","MONTREAL RD @ ST. LAURENT BLVD","371546.21049","5033817.49151","-75.64681","45.44110","2017","12/15/2017","7:35:00 PM","03 - Snow","03 - Loose snow","01 - Traffic signal","03 - At intersection","07 - Dark","03 - P.D. only","05 - Turning movement"
"10592","MONTREAL RD @ STE. ANNE ST","370707.18197","5033416.35931","-75.65759","45.43757","2017","10/23/2017","4:09:00 PM","01 - Clear","01 - Dry","02 - Stop sign","03 - At intersection","01 - Daylight","03 - P.D. only","05 - Turning movement"
"10593","MONTREAL RD @ STE. ANNE ST","370708.42534","5033418.31274","-75.65757","45.43759","2017","1/6/2017","6:14:00 PM","03 - Snow","03 - Loose snow","02 - Stop sign","03 - At intersection","07 - Dark","03 - P.D. only","02 - Angle"
"10594","MONTREAL RD @ STE. ANNE ST","370707.04305","5033416.59600","-75.65759","45.43757","2017","2/9/2017","10:18:00 AM","01 - Clear","02 - Wet","02 - Stop sign","03 - At intersection","01 - Daylight","03 - P.D. only","02 - Angle"
"10595","MONTREAL RD @ STE. ANNE ST","370707.45907","5033417.72170","-75.65759","45.43759","2017","1/8/2017","2:41:00 PM","01 - Clear","05 - Packed snow","02 - Stop sign","02 - Intersection related","01 - Daylight","02 - Non-fatal injury","03 - Rear end"
"10596","MONTREAL RD @ STE. ANNE ST","370707.91865","5033416.77917","-75.65758","45.43758","2017","12/23/2017","10:30:00 AM","03 - Snow","04 - Slush","02 - Stop sign","03 - At intersection","01 - Daylight","03 - P.D. only","05 - Turning movement"
"10597","MONTREAL RD @ VANIER PKWY","370073.04425","5033065.59210","-75.66574","45.43448","2017","6/14/2017","6:12:00 PM","01 - Clear","01 - Dry","01 - Traffic signal","03 - At intersection","01 - Daylight","02 - Non-fatal injury","02 - Angle"
"10598","MONTREAL RD @ VANIER PKWY","370072.37535","5033064.92320","-75.66575","45.43447","2017","5/15/2017","10:04:00 AM","01 - Clear","01 - Dry","01 - Traffic signal","02 - Intersection related","01 - Daylight","03 - P.D. only","05 - Turning movement"
"10599","MONTREAL RD @ VANIER PKWY","370074.38204","5033064.25431","-75.66572","45.43446","2017","5/15/2017","10:30:00 AM","01 - Clear","01 - Dry","01 - Traffic signal","02 - Intersection related","01 - Daylight","03 - P.D. only","03 - Rear end"
"10600","MONTREAL RD @ VANIER PKWY","370071.22271","5033066.10465","-75.66576","45.43448","2017","5/30/2017","9:13:00 AM","01 - Clear","01 - Dry","01 - Traffic signal","02 - Intersection related","01 - Daylight","03 - P.D. only","03 - Rear end"
"10601","MONTREAL RD @ VANIER PKWY","370074.38204","5033066.26100","-75.66572","45.43448","2017","5/30/2017","8:26:00 AM","01 - Clear","01 - Dry","01 - Traffic signal","02 - Intersection related","01 - Daylight","03 - P.D. only","04 - Sideswipe"
"10602","MONTREAL RD @ VANIER PKWY","370073.71314","5033064.92320","-75.66573","45.43447","2017","6/16/2017","9:30:00 PM","01 - Clear","01 - Dry","01 - Traffic signal","02 - Intersection related","07 - Dark","03 - P.D. only","03 - Rear end"
"10603","MONTREAL RD @ VANIER PKWY","370072.37535","5033066.92989","-75.66575","45.43449","2017","5/25/2017","8:05:00 AM","01 - Clear","01 - Dry","01 - Traffic signal","02 - Intersection related","01 - Daylight","03 - P.D. only","04 - Sideswipe"
"10604","MONTREAL RD @ VANIER PKWY","370073.04425","5033065.59210","-75.66574","45.43448","2017","5/2/2017","8:16:00 AM","01 - Clear","01 - Dry","01 - Traffic signal","02 - Intersection related","01 - Daylight","03 - P.D. only","03 - Rear end"
"10605","MONTREAL RD @ VANIER PKWY","370073.04425","5033064.92320","-75.66574","45.43447","2017","5/2/2017","3:38:00 PM","02 - Rain","02 - Wet","01 - Traffic signal","03 - At intersection","01 - Daylight","03 - P.D. only","03 - Rear end"
"10606","MONTREAL RD @ VANIER PKWY","370073.35083","5033064.31005","-75.66574","45.43446","2017","8/19/2017","4:35:00 PM","01 - Clear","01 - Dry","01 - Traffic signal","02 - Intersection related","01 - Daylight","03 - P.D. only","04 - Sideswipe"
"10607","MONTREAL RD @ VANIER PKWY","370072.70980","5033065.36662","-75.66575","45.43447","2017","7/21/2017","3:27:00 PM","01 - Clear","01 - Dry","01 - Traffic signal","02 - Intersection related","01 - Daylight","03 - P.D. only","03 - Rear end"
"10608","MONTREAL RD @ VANIER PKWY","370072.70980","5033065.36662","-75.66575","45.43447","2017","8/25/2017","11:12:00 PM","01 - Clear","01 - Dry","01 - Traffic signal","02 - Intersection related","07 - Dark","03 - P.D. only","03 - Rear end"
"10609","MONTREAL RD @ VANIER PKWY","370072.23643","5033064.88204","-75.66575","45.43447","2017","10/16/2017","6:21:00 AM","01 - Clear","01 - Dry","01 - Traffic signal","02 - Intersection related","03 - Dawn","03 - P.D. only","04 - Sideswipe"
"10610","MONTREAL RD @ VANIER PKWY","370072.70996","5033065.59467","-75.66575","45.43448","2017","9/26/2017","10:51:00 AM","01 - Clear","01 - Dry","01 - Traffic signal","02 - Intersection related","01 - Daylight","03 - P.D. only","03 - Rear end"
"10611","MONTREAL RD @ VANIER PKWY","370072.23643","5033065.35541","-75.66575","45.43447","2017","11/11/2017","9:07:00 PM","01 - Clear","01 - Dry","01 - Traffic signal","02 - Intersection related","07 - Dark","03 - P.D. only","03 - Rear end"
"10612","MONTREAL RD @ VANIER PKWY","370072.47311","5033064.88204","-75.66575","45.43447","2017","11/28/2017","4:48:00 PM","01 - Clear","01 - Dry","01 - Traffic signal","03 - At intersection","05 - Dusk","03 - P.D. only","05 - Turning movement"
"10613","MONTREAL RD @ VANIER PKWY","370072.23643","5033065.35541","-75.66575","45.43447","2017","11/17/2017","5:48:00 AM","03 - Snow","03 - Loose snow","01 - Traffic signal","03 - At intersection","07 - Dark","02 - Non-fatal injury","07 - SMV other"
"10614","MONTREAL RD @ VANIER PKWY","370071.70107","5033064.91981","-75.66576","45.43447","2017","11/7/2017","1:10:00 PM","01 - Clear","01 - Dry","01 - Traffic signal","02 - Intersection related","01 - Daylight","03 - P.D. only","03 - Rear end"
"10615","MONTREAL RD @ VANIER PKWY","370072.70980","5033065.35315","-75.66575","45.43447","2017","11/1/2017","7:26:00 PM","02 - Rain","02 - Wet","01 - Traffic signal","03 - At intersection","07 - Dark","02 - Non-fatal injury","05 - Turning movement"
"10616","MONTREAL RD @ VANIER PKWY","370072.70980","5033065.21687","-75.66575","45.43447","2017","2/10/2017","8:15:00 PM","03 - Snow","02 - Wet","01 - Traffic signal","02 - Intersection related","07 - Dark","03 - P.D. only","04 - Sideswipe"
"10617","MONTREAL RD @ VANIER PKWY","370072.37535","5033064.92320","-75.66575","45.43447","2017","2/21/2017","4:41:00 PM","02 - Rain","02 - Wet","01 - Traffic signal","02 - Intersection related","01 - Daylight","03 - P.D. only","04 - Sideswipe"
"10618","MONTREAL RD @ VANIER PKWY","370073.46027","5033065.96733","-75.66574","45.43448","2017","3/24/2017","11:30:00 PM","01 - Clear","03 - Loose snow","01 - Traffic signal","02 - Intersection related","07 - Dark","03 - P.D. only","03 - Rear end"
"10619","MONTREAL RD @ VANIER PKWY","370073.18317","5033065.11873","-75.66574","45.43447","2017","12/20/2017","10:46:00 PM","03 - Snow","03 - Loose snow","01 - Traffic signal","02 - Intersection related","07 - Dark","03 - P.D. only","03 - Rear end"
"10620","MONTREAL RD btwn AVIATION PKWY & DEN HAAG DR (1)","372183.26634","5034125.40852","-75.63863","45.44381","2017","6/23/2017","8:45:00 AM","02 - Rain","02 - Wet","10 - No control","01 - Non intersection","01 - Daylight","03 - P.D. only","04 - Sideswipe"
"10621","MONTREAL RD btwn AVIATION PKWY & DEN HAAG DR (1)","372204.10088","5034137.31673","-75.63836","45.44392","2017","9/5/2017","4:26:00 PM","01 - Clear","01 - Dry","10 - No control","01 - Non intersection","01 - Daylight","03 - P.D. only","04 - Sideswipe"
"10622","MONTREAL RD btwn BETHAMY LANE & OGILVIE RD","375500.11654","5034459.25643","-75.59619","45.44649","2017","5/27/2017","6:18:00 PM","01 - Clear","01 - Dry","10 - No control","04 - At/near private drive","01 - Daylight","02 - Non-fatal injury","02 - Angle"