"Record","Location","X","Y","Longitude","Latitude","Year","Date","Time","Environment","Road_Surface","Traffic_Control","Collision_Location","Light","Collision_Classification","Impact_type"
"10623","MONTREAL RD btwn BETHAMY LANE & OGILVIE RD","375529.31694","5034477.65633","-75.59581","45.44665","2017","5/18/2017","9:45:00 AM","01 - Clear","01 - Dry","10 - No control","04 - At/near private drive","01 - Daylight","03 - P.D. only","02 - Angle"
"10624","MONTREAL RD btwn BETHAMY LANE & OGILVIE RD","375635.32672","5034544.51509","-75.59445","45.44724","2017","8/30/2017","8:21:00 PM","01 - Clear","01 - Dry","10 - No control","01 - Non intersection","07 - Dark","02 - Non-fatal injury","07 - SMV other"
"10625","MONTREAL RD btwn BETHAMY LANE & OGILVIE RD","375626.06116","5034539.14285","-75.59456","45.44719","2017","9/17/2017","12:07:00 PM","01 - Clear","01 - Dry","10 - No control","04 - At/near private drive","01 - Daylight","03 - P.D. only","04 - Sideswipe"
"10626","MONTREAL RD btwn BETHAMY LANE & OGILVIE RD","375516.29081","5034467.07088","-75.59598","45.44656","2017","9/21/2017","11:28:00 AM","01 - Clear","01 - Dry","10 - No control","04 - At/near private drive","01 - Daylight","02 - Non-fatal injury","05 - Turning movement"
"10627","MONTREAL RD btwn BETHAMY LANE & OGILVIE RD","375594.57445","5034520.02124","-75.59497","45.44703","2017","2/12/2017","12:35:00 PM","03 - Snow","03 - Loose snow","10 - No control","04 - At/near private drive","01 - Daylight","03 - P.D. only","02 - Angle"
"10628","MONTREAL RD btwn BLAIR RD & CLOVELLY RD","374068.77680","5034433.59146","-75.61449","45.44640","2017","8/31/2017","6:35:00 PM","01 - Clear","01 - Dry","10 - No control","04 - At/near private drive","01 - Daylight","03 - P.D. only","03 - Rear end"
"10629","MONTREAL RD btwn BORTHWICK AVE & CUMMINGS AVE","371962.73729","5034019.52111","-75.64146","45.44288","2017","10/17/2017","5:35:00 PM","01 - Clear","01 - Dry","10 - No control","01 - Non intersection","01 - Daylight","03 - P.D. only","04 - Sideswipe"
"10630","MONTREAL RD btwn BRITTANY DR & BORTHWICK AVE","371927.26943","5034002.09290","-75.64192","45.44273","2017","4/18/2017","6:30:00 PM","01 - Clear","01 - Dry","10 - No control","04 - At/near private drive","01 - Daylight","03 - P.D. only","02 - Angle"
"10631","MONTREAL RD btwn CENTER ST & BRITTANY DR","371824.98679","5033952.68060","-75.64323","45.44229","2017","9/19/2017","6:00:00 PM","01 - Clear","01 - Dry","10 - No control","04 - At/near private drive","01 - Daylight","03 - P.D. only","03 - Rear end"
"10632","MONTREAL RD btwn CENTER ST & BRITTANY DR","371830.23320","5033956.08297","-75.64316","45.44232","2017","1/31/2017","5:49:00 PM","01 - Clear","01 - Dry","10 - No control","04 - At/near private drive","07 - Dark","02 - Non-fatal injury","07 - SMV other"
"10633","MONTREAL RD btwn CODY AVE & OLMSTEAD ST","370287.52614","5033188.00722","-75.66298","45.43556","2017","10/4/2017","8:20:00 PM","01 - Clear","01 - Dry","10 - No control","01 - Non intersection","07 - Dark","02 - Non-fatal injury","03 - Rear end"
"10634","MONTREAL RD btwn CODY AVE & OLMSTEAD ST","370256.28647","5033170.46517","-75.66339","45.43540","2017","1/8/2017","4:57:00 PM","01 - Clear","01 - Dry","10 - No control","01 - Non intersection","05 - Dusk","03 - P.D. only","04 - Sideswipe"
"10635","MONTREAL RD btwn CODY AVE & OLMSTEAD ST","370277.06338","5033180.68226","-75.66312","45.43549","2017","3/20/2017","6:41:00 PM","01 - Clear","01 - Dry","10 - No control","04 - At/near private drive","05 - Dusk","03 - P.D. only","04 - Sideswipe"
"10636","MONTREAL RD btwn Continuation of MONTREAL RD & MARIER AVE","370409.96705","5033256.41596","-75.66141","45.43616","2017","8/7/2017","7:39:00 PM","01 - Clear","01 - Dry","10 - No control","01 - Non intersection","05 - Dusk","03 - P.D. only","04 - Sideswipe"
"10637","MONTREAL RD btwn CYR AVE & HANNAH ST","370238.93100","5033159.36904","-75.66361","45.43530","2017","6/1/2017","10:24:00 PM","01 - Clear","01 - Dry","10 - No control","01 - Non intersection","07 - Dark","03 - P.D. only","04 - Sideswipe"
"10638","MONTREAL RD btwn DEN HAAG DR & CODD'S RD","372673.70526","5034358.19848","-75.63233","45.44586","2017","9/21/2017","12:24:00 PM","01 - Clear","01 - Dry","10 - No control","04 - At/near private drive","01 - Daylight","03 - P.D. only","02 - Angle"
"10639","MONTREAL RD btwn DEN HAAG DR & CODD'S RD","372407.11934","5034230.27935","-75.63575","45.44473","2017","4/9/2017","1:37:00 AM","01 - Clear","01 - Dry","10 - No control","01 - Non intersection","07 - Dark","03 - P.D. only","07 - SMV other"
"10640","MONTREAL RD btwn DUROCHER ST & SAVARD AVE","370153.09646","5033109.61236","-75.66471","45.43486","2017","10/29/2017","2:22:00 AM","02 - Rain","02 - Wet","10 - No control","01 - Non intersection","07 - Dark","02 - Non-fatal injury","07 - SMV other"
"10641","MONTREAL RD btwn EGLISE, RUE DE L & ST. LAURENT BLVD","371363.85083","5033728.14754","-75.64916","45.44032","2017","6/19/2017","1:30:00 PM","01 - Clear","01 - Dry","10 - No control","04 - At/near private drive","01 - Daylight","03 - P.D. only","03 - Rear end"
"10642","MONTREAL RD btwn EGLISE, RUE DE L & ST. LAURENT BLVD","371248.42058","5033677.84930","-75.65064","45.43987","2017","9/15/2017","8:56:00 AM","01 - Clear","01 - Dry","10 - No control","01 - Non intersection","01 - Daylight","03 - P.D. only","04 - Sideswipe"
"10643","MONTREAL RD btwn EGLISE, RUE DE L & ST. LAURENT BLVD","371339.31555","5033721.88131","-75.64947","45.44026","2017","11/30/2017","8:30:00 AM","01 - Clear","01 - Dry","10 - No control","01 - Non intersection","01 - Daylight","03 - P.D. only","07 - SMV other"
"10644","MONTREAL RD btwn EGLISE, RUE DE L & ST. LAURENT BLVD","371441.84747","5033768.45196","-75.64815","45.44067","2017","2/15/2017","4:57:00 PM","03 - Snow","04 - Slush","10 - No control","04 - At/near private drive","05 - Dusk","02 - Non-fatal injury","02 - Angle"
"10645","MONTREAL RD btwn EGLISE, RUE DE L & ST. LAURENT BLVD","371539.33067","5033814.01429","-75.64690","45.44107","2017","1/16/2017","3:57:00 PM","01 - Clear","01 - Dry","10 - No control","04 - At/near private drive","01 - Daylight","03 - P.D. only","04 - Sideswipe"
"10646","MONTREAL RD btwn ELWOOD ST & BECKENHAM LANE","374478.38551","5034386.97930","-75.60926","45.44594","2017","11/26/2017","7:31:00 PM","03 - Snow","03 - Loose snow","10 - No control","01 - Non intersection","07 - Dark","03 - P.D. only","03 - Rear end"
"10647","MONTREAL RD btwn ELWOOD ST & BECKENHAM LANE","374455.14470","5034388.93382","-75.60955","45.44596","2017","2/15/2017","5:20:00 PM","03 - Snow","03 - Loose snow","10 - No control","01 - Non intersection","07 - Dark","02 - Non-fatal injury","07 - SMV other"
"10648","MONTREAL RD btwn GATESTONE PRIV & SINCLAIR ST","375959.94936","5034751.54507","-75.59027","45.44907","2017","12/18/2017","1:36:00 AM","01 - Clear","01 - Dry","10 - No control","01 - Non intersection","07 - Dark","02 - Non-fatal injury","07 - SMV other"
"10649","MONTREAL RD btwn GRANVILLE ST & ALFRED ST","370834.56380","5033476.92714","-75.65595","45.43811","2017","12/14/2017","9:13:00 PM","01 - Clear","01 - Dry","10 - No control","01 - Non intersection","07 - Dark","03 - P.D. only","01 - Approaching"
"10650","MONTREAL RD btwn HILLSIDE DR & MONTREAL SQUARE SC","371729.73486","5033905.43385","-75.64446","45.44188","2017","6/30/2017","11:43:00 AM","01 - Clear","01 - Dry","10 - No control","01 - Non intersection","01 - Daylight","02 - Non-fatal injury","05 - Turning movement"
"10651","MONTREAL RD btwn HILLSIDE DR & MONTREAL SQUARE SC","371727.11316","5033906.05624","-75.64449","45.44188","2017","8/11/2017","6:46:00 PM","01 - Clear","01 - Dry","10 - No control","01 - Non intersection","01 - Daylight","03 - P.D. only","04 - Sideswipe"
"10652","MONTREAL RD btwn LACASSE AVE & STE. ANNE ST","370697.69804","5033411.61292","-75.65771","45.43753","2017","8/14/2017","8:42:00 PM","01 - Clear","01 - Dry","10 - No control","01 - Non intersection","05 - Dusk","02 - Non-fatal injury","07 - SMV other"
"10653","MONTREAL RD btwn LAJOIE ST & L'ALLEMAND ST","370553.71550","5033337.92270","-75.65956","45.43688","2017","2/2/2017","1:52:00 PM","01 - Clear","01 - Dry","10 - No control","01 - Non intersection","01 - Daylight","03 - P.D. only","04 - Sideswipe"
"10654","MONTREAL RD btwn L'ALLEMAND ST & ALTHA AVE","370598.76918","5033362.90713","-75.65898","45.43710","2017","5/19/2017","6:09:00 PM","01 - Clear","01 - Dry","10 - No control","01 - Non intersection","01 - Daylight","03 - P.D. only","06 - SMV unattended vehicle"
"10655","MONTREAL RD btwn L'ALLEMAND ST & ALTHA AVE","370607.99733","5033367.23404","-75.65886","45.43714","2017","4/4/2017","6:53:00 AM","02 - Rain","02 - Wet","10 - No control","01 - Non intersection","03 - Dawn","02 - Non-fatal injury","07 - SMV other"
"10656","MONTREAL RD btwn MISS OTTAWA ST & GATESTONE PRIV","375826.06313","5034669.57957","-75.59199","45.44835","2017","3/23/2017","4:05:00 PM","01 - Clear","01 - Dry","10 - No control","01 - Non intersection","01 - Daylight","03 - P.D. only","03 - Rear end"
"10657","MONTREAL RD btwn MONA AVE & LAFONTAINE AVE","370814.72929","5033469.13239","-75.65621","45.43804","2017","10/20/2017","8:18:00 PM","01 - Clear","01 - Dry","10 - No control","01 - Non intersection","07 - Dark","03 - P.D. only","07 - SMV other"
"10658","MONTREAL RD btwn MONTGOMERY ST & PALACE ST","369908.96459","5032973.47763","-75.66785","45.43366","2017","5/30/2017","4:07:00 PM","01 - Clear","01 - Dry","10 - No control","04 - At/near private drive","01 - Daylight","03 - P.D. only","05 - Turning movement"
"10659","MONTREAL RD btwn MONTGOMERY ST & PALACE ST","369900.59785","5032965.94329","-75.66796","45.43360","2017","9/15/2017","5:30:00 PM","01 - Clear","01 - Dry","10 - No control","01 - Non intersection","01 - Daylight","03 - P.D. only","07 - SMV other"
"10660","MONTREAL RD btwn MONTGOMERY ST & PALACE ST","369929.75798","5032983.13626","-75.66758","45.43375","2017","11/8/2017","3:38:00 PM","01 - Clear","01 - Dry","10 - No control","01 - Non intersection","01 - Daylight","02 - Non-fatal injury","07 - SMV other"
"10661","MONTREAL RD btwn MONTREAL SQUARE SC & CENTER ST","371793.28001","5033938.87867","-75.64364","45.44217","2017","11/16/2017","12:22:00 PM","02 - Rain","02 - Wet","10 - No control","01 - Non intersection","01 - Daylight","03 - P.D. only","04 - Sideswipe"
"10662","MONTREAL RD btwn MONTREAL SQUARE SC & CENTER ST","371794.61780","5033938.87867","-75.64362","45.44217","2017","3/29/2017","11:27:00 AM","01 - Clear","01 - Dry","10 - No control","01 - Non intersection","01 - Daylight","03 - P.D. only","04 - Sideswipe"
"10663","MONTREAL RD btwn OGILVIE RD & LAPORTE ST","375673.79855","5034568.62623","-75.59395","45.44745","2017","5/4/2017","5:36:00 PM","01 - Clear","01 - Dry","10 - No control","04 - At/near private drive","01 - Daylight","03 - P.D. only","02 - Angle"
"10664","MONTREAL RD btwn OGILVIE RD & LAPORTE ST","375683.83199","5034573.97740","-75.59382","45.44750","2017","3/27/2017","11:51:00 AM","02 - Rain","02 - Wet","10 - No control","04 - At/near private drive","01 - Daylight","03 - P.D. only","05 - Turning movement"
"10665","MONTREAL RD btwn OR174 IC109 RAMP66 & OR174 IC109 RAMP65","376310.73097","5034941.10392","-75.58575","45.45074","2017","5/30/2017","4:38:00 PM","01 - Clear","01 - Dry","10 - No control","01 - Non intersection","01 - Daylight","02 - Non-fatal injury","03 - Rear end"
"10666","MONTREAL RD btwn OR174 IC109 RAMP66 & OR174 IC109 RAMP65","376390.36307","5034977.05011","-75.58473","45.45106","2017","2/15/2017","8:30:00 AM","03 - Snow","03 - Loose snow","10 - No control","01 - Non intersection","01 - Daylight","03 - P.D. only","04 - Sideswipe"
"10667","MONTREAL RD btwn OR174 IC109 RAMP66 & OR174 IC109 RAMP65","376340.38664","5034954.36388","-75.58537","45.45086","2017","12/18/2017","1:05:00 PM","03 - Snow","03 - Loose snow","10 - No control","04 - At/near private drive","01 - Daylight","03 - P.D. only","05 - Turning movement"
"10668","MONTREAL RD btwn PALACE ST & VANIER PKWY","369987.98682","5033015.89670","-75.66684","45.43404","2017","7/31/2017","4:06:00 PM","01 - Clear","01 - Dry","10 - No control","04 - At/near private drive","01 - Daylight","03 - P.D. only","02 - Angle"
"10669","MONTREAL RD btwn PALACE ST & VANIER PKWY","369985.13584","5033016.83471","-75.66687","45.43405","2017","9/24/2017","10:30:00 AM","01 - Clear","01 - Dry","10 - No control","01 - Non intersection","01 - Daylight","02 - Non-fatal injury","07 - SMV other"
"10670","MONTREAL RD btwn PALACE ST & VANIER PKWY","369983.17122","5033015.86371","-75.66690","45.43404","2017","9/5/2017","10:53:00 AM","01 - Clear","01 - Dry","10 - No control","01 - Non intersection","01 - Daylight","03 - P.D. only","03 - Rear end"
"10671","MONTREAL RD btwn PALACE ST & VANIER PKWY","370045.34761","5033049.38606","-75.66610","45.43433","2017","11/19/2017","9:19:00 PM","03 - Snow","03 - Loose snow","10 - No control","01 - Non intersection","07 - Dark","02 - Non-fatal injury","07 - SMV other"
"10672","MONTREAL RD btwn PALACE ST & VANIER PKWY","370010.83689","5033032.14728","-75.66654","45.43418","2017","4/7/2017","5:22:00 PM","01 - Clear","01 - Dry","10 - No control","01 - Non intersection","01 - Daylight","03 - P.D. only","04 - Sideswipe"
"10673","MONTREAL RD btwn PALACE ST & VANIER PKWY","369996.89671","5033021.69767","-75.66672","45.43409","2017","4/3/2017","12:37:00 PM","01 - Clear","01 - Dry","10 - No control","01 - Non intersection","01 - Daylight","03 - P.D. only","04 - Sideswipe"
"10674","MONTREAL RD btwn SHEFFORD RD & OR174 IC109 RAMP56","376142.77192","5034861.85872","-75.58791","45.45005","2017","10/6/2017","7:12:00 PM","01 - Clear","01 - Dry","10 - No control","01 - Non intersection","07 - Dark","03 - P.D. only","03 - Rear end"
"10675","MONTREAL RD btwn SINCLAIR ST & SHEFFORD RD","376002.28173","5034779.82499","-75.58972","45.44932","2017","10/6/2017","3:37:00 PM","01 - Clear","01 - Dry","10 - No control","04 - At/near private drive","01 - Daylight","03 - P.D. only","02 - Angle"
"10676","MONTREAL RD btwn SINCLAIR ST & SHEFFORD RD","376043.67378","5034805.22841","-75.58919","45.44955","2017","12/8/2017","7:45:00 AM","01 - Clear","01 - Dry","10 - No control","01 - Non intersection","03 - Dawn","03 - P.D. only","03 - Rear end"
"10677","MONTREAL RD btwn ST. LAURENT BLVD & HILLSIDE DR","371604.23133","5033848.36393","-75.64607","45.44137","2017","6/11/2017","8:59:00 PM","01 - Clear","01 - Dry","10 - No control","04 - At/near private drive","05 - Dusk","03 - P.D. only","03 - Rear end"
"10678","MONTREAL RD btwn ST. LAURENT BLVD & HILLSIDE DR","371682.65748","5033883.60137","-75.64506","45.44168","2017","6/8/2017","6:33:00 PM","01 - Clear","01 - Dry","10 - No control","04 - At/near private drive","01 - Daylight","03 - P.D. only","02 - Angle"
"10679","MONTREAL RD btwn ST. LAURENT BLVD & HILLSIDE DR","371614.93367","5033852.37731","-75.64593","45.44141","2017","7/6/2017","4:10:00 PM","01 - Clear","01 - Dry","10 - No control","04 - At/near private drive","01 - Daylight","03 - P.D. only","02 - Angle"
"10680","MONTREAL RD btwn ST. LAURENT BLVD & HILLSIDE DR","371659.54580","5033873.37639","-75.64536","45.44159","2017","9/21/2017","1:47:00 PM","01 - Clear","01 - Dry","10 - No control","04 - At/near private drive","01 - Daylight","02 - Non-fatal injury","02 - Angle"
"10681","MONTREAL RD btwn ST. LAURENT BLVD & HILLSIDE DR","371695.50944","5033889.02125","-75.64490","45.44173","2017","10/17/2017","7:05:00 PM","01 - Clear","01 - Dry","10 - No control","01 - Non intersection","05 - Dusk","03 - P.D. only","02 - Angle"
"10682","MONTREAL RD btwn ST. LAURENT BLVD & HILLSIDE DR","371582.97889","5033837.42744","-75.64634","45.44128","2017","9/5/2017","4:44:00 PM","01 - Clear","01 - Dry","10 - No control","04 - At/near private drive","01 - Daylight","03 - P.D. only","05 - Turning movement"
"10683","MONTREAL RD btwn ST. LAURENT BLVD & HILLSIDE DR","371626.57722","5033857.48541","-75.64578","45.44145","2017","1/26/2017","2:16:00 PM","01 - Clear","02 - Wet","10 - No control","04 - At/near private drive","01 - Daylight","02 - Non-fatal injury","02 - Angle"
"10684","MONTREAL RD btwn ST. LAURENT BLVD & HILLSIDE DR","371683.16109","5033882.47764","-75.64505","45.44167","2017","3/7/2017","3:45:00 PM","04 - Freezing Rain","06 - Ice","10 - No control","01 - Non intersection","01 - Daylight","03 - P.D. only","04 - Sideswipe"
"10685","MONTREAL RD btwn ST. LAURENT BLVD & HILLSIDE DR","371558.07748","5033821.60808","-75.64666","45.44114","2017","3/7/2017","3:44:00 PM","02 - Rain","02 - Wet","10 - No control","01 - Non intersection","01 - Daylight","03 - P.D. only","04 - Sideswipe"
"10686","MONTREAL RD btwn ST. LAURENT BLVD & HILLSIDE DR","371599.19402","5033842.68346","-75.64613","45.44132","2017","12/19/2017","4:04:00 PM","02 - Rain","04 - Slush","10 - No control","04 - At/near private drive","05 - Dusk","03 - P.D. only","05 - Turning movement"
"10687","MONTREAL RD btwn ST. LAURENT BLVD & HILLSIDE DR","371555.44995","5033823.79096","-75.64669","45.44116","2017","1/16/2017","3:57:00 PM","01 - Clear","01 - Dry","10 - No control","04 - At/near private drive","01 - Daylight","03 - P.D. only","04 - Sideswipe"
"10688","MONTREAL RD/HANNAH ST @ CODY AVE","370255.51664","5033169.33097","-75.66340","45.43539","2017","9/14/2017","4:00:00 PM","01 - Clear","01 - Dry","01 - Traffic signal","03 - At intersection","01 - Daylight","03 - P.D. only","05 - Turning movement"
"10689","MONTREAL RD/HANNAH ST @ CODY AVE","370254.58277","5033170.11809","-75.66341","45.43540","2017","4/6/2017","9:09:00 AM","01 - Clear","01 - Dry","01 - Traffic signal","02 - Intersection related","01 - Daylight","03 - P.D. only","04 - Sideswipe"
"10690","MONTREAL RD/HANNAH ST @ CODY AVE","370255.53066","5033170.49746","-75.66340","45.43540","2017","3/31/2017","8:45:00 PM","03 - Snow","04 - Slush","01 - Traffic signal","02 - Intersection related","07 - Dark","03 - P.D. only","03 - Rear end"
"10691","MOODIE DR @ 200 N OF ROBERTSON RD","356987.31405","5020642.15400","-75.83429","45.32379","2017","3/15/2017","5:34:00 PM","01 - Clear","01 - Dry","01 - Traffic signal","02 - Intersection related","01 - Daylight","03 - P.D. only","04 - Sideswipe"
"10692","MOODIE DR @ CORKSTOWN RD","356349.65542","5022760.54433","-75.84220","45.34290","2017","5/24/2017","1:55:00 PM","01 - Clear","01 - Dry","01 - Traffic signal","03 - At intersection","01 - Daylight","02 - Non-fatal injury","02 - Angle"
"10693","MOODIE DR @ CORKSTOWN RD","356340.64548","5022766.55096","-75.84232","45.34295","2017","6/18/2017","3:30:00 PM","01 - Clear","01 - Dry","01 - Traffic signal","02 - Intersection related","01 - Daylight","03 - P.D. only","03 - Rear end"
"10694","MOODIE DR @ CORKSTOWN RD","356346.18648","5022760.69409","-75.84225","45.34290","2017","7/28/2017","6:41:00 AM","01 - Clear","01 - Dry","01 - Traffic signal","02 - Intersection related","01 - Daylight","03 - P.D. only","04 - Sideswipe"
"10695","MOODIE DR @ FITZGERALD RD/STAFFORD RD","356921.31098","5020810.35681","-75.83512","45.32531","2017","1/20/2017","1:15:00 PM","01 - Clear","02 - Wet","01 - Traffic signal","03 - At intersection","01 - Daylight","03 - P.D. only","03 - Rear end"
"10696","MOODIE DR @ HWY 417 MOODIE IC134R63","356389.04874","5022479.02537","-75.84173","45.34036","2017","11/22/2017","8:30:00 AM","02 - Rain","02 - Wet","01 - Traffic signal","03 - At intersection","01 - Daylight","02 - Non-fatal injury","05 - Turning movement"
"10697","MOODIE DR @ RICHMOND RD N","357393.10676","5019690.28481","-75.82922","45.31519","2017","1/20/2017","9:41:00 AM","01 - Clear","02 - Wet","02 - Stop sign","02 - Intersection related","01 - Daylight","03 - P.D. only","02 - Angle"
"10698","MOODIE DR @ RICHMOND RD N","357393.71279","5019688.74429","-75.82921","45.31518","2017","2/14/2017","10:57:00 AM","01 - Clear","01 - Dry","02 - Stop sign","03 - At intersection","01 - Daylight","02 - Non-fatal injury","02 - Angle"
"10699","MOODIE DR @ RICHMOND RD S","357433.98005","5019539.80740","-75.82871","45.31384","2017","6/12/2017","11:32:00 AM","01 - Clear","01 - Dry","03 - Yield sign","02 - Intersection related","01 - Daylight","03 - P.D. only","03 - Rear end"
"10700","MOODIE DR @ RICHMOND RD S","357434.19205","5019540.47630","-75.82871","45.31384","2017","1/23/2017","5:34:00 PM","01 - Clear","01 - Dry","03 - Yield sign","02 - Intersection related","05 - Dusk","03 - P.D. only","03 - Rear end"
"10701","MOODIE DR @ ROBERTSON RD","357066.98655","5020455.47810","-75.83329","45.32210","2017","6/13/2017","2:45:00 PM","01 - Clear","01 - Dry","01 - Traffic signal","02 - Intersection related","01 - Daylight","03 - P.D. only","03 - Rear end"
"10702","MOODIE DR @ ROBERTSON RD","357064.51572","5020454.79993","-75.83333","45.32210","2017","8/2/2017","11:56:00 AM","01 - Clear","01 - Dry","01 - Traffic signal","02 - Intersection related","01 - Daylight","02 - Non-fatal injury","02 - Angle"
"10703","MOODIE DR @ ROBERTSON RD","357067.29006","5020456.43504","-75.83329","45.32211","2017","7/23/2017","5:42:00 PM","01 - Clear","01 - Dry","01 - Traffic signal","02 - Intersection related","01 - Daylight","03 - P.D. only","02 - Angle"
"10704","MOODIE DR @ ROBERTSON RD","357067.13000","5020455.23915","-75.83329","45.32210","2017","10/31/2017","4:20:00 PM","01 - Clear","01 - Dry","01 - Traffic signal","02 - Intersection related","01 - Daylight","03 - P.D. only","03 - Rear end"
"10705","MOODIE DR @ ROBERTSON RD","357066.65210","5020454.29467","-75.83330","45.32209","2017","11/9/2017","5:43:00 PM","02 - Rain","02 - Wet","01 - Traffic signal","02 - Intersection related","07 - Dark","03 - P.D. only","03 - Rear end"
"10706","MOODIE DR @ ROBERTSON RD","357067.16160","5020455.47810","-75.83329","45.32210","2017","11/11/2017","9:31:00 AM","01 - Clear","01 - Dry","01 - Traffic signal","02 - Intersection related","01 - Daylight","02 - Non-fatal injury","03 - Rear end"
"10707","MOODIE DR @ ROBERTSON RD","357065.90163","5020454.35240","-75.83331","45.32209","2017","1/7/2017","1:26:00 PM","01 - Clear","01 - Dry","01 - Traffic signal","02 - Intersection related","01 - Daylight","03 - P.D. only","03 - Rear end"
"10708","MOODIE DR @ ROBERTSON RD","357068.36884","5020456.33647","-75.83328","45.32211","2017","1/18/2017","6:45:00 AM","04 - Freezing Rain","05 - Packed snow","01 - Traffic signal","02 - Intersection related","07 - Dark","03 - P.D. only","04 - Sideswipe"
"10709","MOODIE DR @ ROBERTSON RD","357066.65210","5020454.38520","-75.83330","45.32209","2017","1/18/2017","8:18:00 AM","02 - Rain","02 - Wet","01 - Traffic signal","02 - Intersection related","01 - Daylight","03 - P.D. only","04 - Sideswipe"
"10710","MOODIE DR @ ROBERTSON RD","357067.65544","5020456.14700","-75.83329","45.32211","2017","2/13/2017","8:40:00 AM","01 - Clear","04 - Slush","01 - Traffic signal","02 - Intersection related","01 - Daylight","02 - Non-fatal injury","03 - Rear end"
"10711","MOODIE DR @ ROBERTSON RD","357066.65210","5020455.47810","-75.83330","45.32210","2017","1/31/2017","9:15:00 AM","01 - Clear","06 - Ice","01 - Traffic signal","02 - Intersection related","01 - Daylight","02 - Non-fatal injury","03 - Rear end"
"10712","MOODIE DR @ TIMM DR","356816.65184","5021084.81309","-75.83642","45.32778","2017","11/29/2017","5:38:00 PM","01 - Clear","01 - Dry","02 - Stop sign","03 - At intersection","07 - Dark","03 - P.D. only","05 - Turning movement"
"10713","MOODIE DR @ TIMM DR","356813.52758","5021095.09661","-75.83646","45.32788","2017","2/24/2017","8:54:00 AM","01 - Clear","01 - Dry","02 - Stop sign","02 - Intersection related","01 - Daylight","03 - P.D. only","03 - Rear end"
"10714","MOODIE DR @ WEST HUNT CLUB RD","357908.65504","5018499.12460","-75.82277","45.30444","2017","6/24/2017","7:15:00 PM","02 - Rain","02 - Wet","01 - Traffic signal","02 - Intersection related","01 - Daylight","03 - P.D. only","03 - Rear end"
"10715","MOODIE DR @ WEST HUNT CLUB RD","357907.98615","5018498.45570","-75.82278","45.30443","2017","5/26/2017","7:45:00 AM","02 - Rain","02 - Wet","01 - Traffic signal","02 - Intersection related","01 - Daylight","03 - P.D. only","03 - Rear end"
"10716","MOODIE DR @ WEST HUNT CLUB RD","357907.17833","5018499.16576","-75.82279","45.30444","2017","9/3/2017","5:10:00 PM","02 - Rain","02 - Wet","01 - Traffic signal","02 - Intersection related","01 - Daylight","03 - P.D. only","03 - Rear end"
"10717","MOODIE DR @ WEST HUNT CLUB RD","357907.31725","5018499.79349","-75.82279","45.30444","2017","7/24/2017","8:25:00 AM","01 - Clear","02 - Wet","01 - Traffic signal","02 - Intersection related","01 - Daylight","03 - P.D. only","03 - Rear end"
"10718","MOODIE DR @ WEST HUNT CLUB RD","357907.65170","5018496.95194","-75.82278","45.30442","2017","7/13/2017","8:58:00 AM","01 - Clear","01 - Dry","01 - Traffic signal","02 - Intersection related","01 - Daylight","03 - P.D. only","03 - Rear end"
"10719","MOODIE DR @ WEST HUNT CLUB RD","357908.59845","5018497.74564","-75.82277","45.30442","2017","9/22/2017","8:10:00 AM","01 - Clear","01 - Dry","01 - Traffic signal","02 - Intersection related","01 - Daylight","02 - Non-fatal injury","03 - Rear end"
"10720","MOODIE DR @ WEST HUNT CLUB RD","357908.65504","5018497.78680","-75.82277","45.30442","2017","10/29/2017","3:31:00 PM","02 - Rain","02 - Wet","01 - Traffic signal","02 - Intersection related","01 - Daylight","03 - P.D. only","07 - SMV other"
"10721","MOODIE DR @ WEST HUNT CLUB RD","357907.20477","5018498.23224","-75.82279","45.30443","2017","9/4/2017","10:50:00 AM","02 - Rain","02 - Wet","01 - Traffic signal","03 - At intersection","01 - Daylight","02 - Non-fatal injury","03 - Rear end"
"10722","MOODIE DR @ WEST HUNT CLUB RD","357917.40322","5018551.29460","-75.82265","45.30491","2017","2/17/2017","7:38:00 AM","01 - Clear","01 - Dry","01 - Traffic signal","02 - Intersection related","01 - Daylight","03 - P.D. only","03 - Rear end"
"10723","MOODIE DR btwn 325 N OF CORKSTOWN RD/NORTEL S ENTRANCE & CORKSTOWN RD","356327.74055","5022860.00476","-75.84247","45.34379","2017","4/25/2017","4:18:00 PM","02 - Rain","02 - Wet","10 - No control","01 - Non intersection","01 - Daylight","03 - P.D. only","03 - Rear end"
"10724","MOODIE DR btwn ARNOLD DR & SONGBIRD PRIV","357605.30267","5019188.17422","-75.82656","45.31066","2017","1/24/2017","10:01:00 PM","03 - Snow","03 - Loose snow","10 - No control","01 - Non intersection","07 - Dark","03 - P.D. only","06 - SMV unattended vehicle"
"10725","MOODIE DR btwn BARNSDALE RD & BROPHY DR","362707.56236","5006956.87623","-75.76292","45.20020","2017","6/30/2017","9:26:00 PM","01 - Clear","01 - Dry","10 - No control","01 - Non intersection","07 - Dark","03 - P.D. only","03 - Rear end"
"10726","MOODIE DR btwn BARNSDALE RD & BROPHY DR","361979.23677","5008709.59755","-75.77199","45.21603","2017","11/20/2017","11:12:00 PM","01 - Clear","01 - Dry","10 - No control","01 - Non intersection","07 - Dark","02 - Non-fatal injury","03 - Rear end"