"Record","Location","X","Y","Longitude","Latitude","Year","Date","Time","Environment","Road_Surface","Traffic_Control","Collision_Location","Light","Collision_Classification","Impact_type"
"10727","MOODIE DR btwn CORKSTOWN RD & HWY417 IC134 RAMP62","356347.54449","5022751.79316","-75.84223","45.34282","2017","9/23/2017","11:23:00 PM","01 - Clear","01 - Dry","10 - No control","01 - Non intersection","07 - Dark","03 - P.D. only","07 - SMV other"
"10728","MOODIE DR btwn MCKENNA CASEY DR & CAMBRIAN RD","360648.55099","5011959.77733","-75.78857","45.24538","2017","11/9/2017","2:03:00 PM","01 - Clear","01 - Dry","10 - No control","04 - At/near private drive","01 - Daylight","03 - P.D. only","07 - SMV other"
"10729","MOODIE DR btwn MCKENNA CASEY DR & CAMBRIAN RD","360733.47586","5011763.64192","-75.78751","45.24361","2017","12/12/2017","2:58:00 PM","03 - Snow","03 - Loose snow","10 - No control","01 - Non intersection","01 - Daylight","02 - Non-fatal injury","01 - Approaching"
"10730","MOODIE DR btwn MCKENNA CASEY DR & CAMBRIAN RD","360718.72800","5011780.44412","-75.78770","45.24376","2017","11/26/2017","9:33:00 PM","03 - Snow","03 - Loose snow","10 - No control","01 - Non intersection","07 - Dark","03 - P.D. only","07 - SMV other"
"10731","MOODIE DR btwn MCKENNA CASEY DR & CAMBRIAN RD","360509.23621","5012286.17961","-75.79031","45.24833","2017","2/1/2017","6:35:00 AM","03 - Snow","03 - Loose snow","10 - No control","01 - Non intersection","07 - Dark","03 - P.D. only","01 - Approaching"
"10732","MOODIE DR btwn MCKENNA CASEY DR & CAMBRIAN RD","360380.37036","5012591.28994","-75.79191","45.25109","2017","12/19/2017","10:00:00 AM","03 - Snow","03 - Loose snow","10 - No control","01 - Non intersection","01 - Daylight","03 - P.D. only","07 - SMV other"
"10733","MOODIE DR btwn MOODIE DR & 340 S OF CARLING AVE/NORTEL NORTH ENT","355976.75642","5023693.25959","-75.84687","45.35132","2017","11/28/2017","6:02:00 PM","01 - Clear","01 - Dry","10 - No control","01 - Non intersection","07 - Dark","03 - P.D. only","03 - Rear end"
"10734","MOODIE DR btwn ROBERTSON RD & HADLEY CIRC","357097.08688","5020393.93964","-75.83292","45.32155","2017","5/16/2017","5:43:00 PM","01 - Clear","01 - Dry","10 - No control","04 - At/near private drive","01 - Daylight","03 - P.D. only","07 - SMV other"
"10735","MOODIE DR btwn ROBERTSON RD & HADLEY CIRC","357087.96358","5020410.12291","-75.83303","45.32169","2017","10/1/2017","12:50:00 PM","01 - Clear","01 - Dry","10 - No control","01 - Non intersection","01 - Daylight","02 - Non-fatal injury","02 - Angle"
"10736","MOODIE DR btwn ROBERTSON RD & HADLEY CIRC","357118.65622","5020340.00602","-75.83265","45.32106","2017","11/16/2017","8:30:00 AM","02 - Rain","02 - Wet","10 - No control","04 - At/near private drive","01 - Daylight","03 - P.D. only","02 - Angle"
"10737","MOODIE DR btwn SONGBIRD PRIV & Continuation of MOODIE DR","357855.14334","5018623.53931","-75.82344","45.30556","2017","11/22/2017","6:45:00 AM","01 - Clear","02 - Wet","10 - No control","01 - Non intersection","03 - Dawn","03 - P.D. only","07 - SMV other"
"10738","MOODIE DR btwn WEST HUNT CLUB RD & ALTI PL","358646.67676","5016680.52814","-75.81356","45.28802","2017","9/3/2017","6:21:00 PM","02 - Rain","02 - Wet","10 - No control","01 - Non intersection","01 - Daylight","03 - P.D. only","07 - SMV other"
"10739","MOODIE DR btwn WEST HUNT CLUB RD & ALTI PL","359065.61267","5015675.77077","-75.80833","45.27894","2017","11/16/2017","7:10:00 AM","02 - Rain","02 - Wet","10 - No control","04 - At/near private drive","03 - Dawn","03 - P.D. only","02 - Angle"
"10740","MOODIE DR btwn WEST HUNT CLUB RD & ALTI PL","357966.18013","5018357.31858","-75.82205","45.30316","2017","11/10/2017","3:22:00 PM","03 - Snow","02 - Wet","10 - No control","01 - Non intersection","01 - Daylight","03 - P.D. only","07 - SMV other"
"10741","MOODIE DR btwn WEST HUNT CLUB RD & ALTI PL","358462.89477","5016968.01236","-75.81587","45.29062","2017","2/17/2017","2:08:00 PM","01 - Clear","02 - Wet","10 - No control","04 - At/near private drive","01 - Daylight","03 - P.D. only","05 - Turning movement"
"10742","MOODIE DR btwn WEST HUNT CLUB RD & ALTI PL","358795.77585","5016303.99835","-75.81170","45.28462","2017","3/24/2017","7:41:00 PM","05 - Drifting Snow","03 - Loose snow","10 - No control","01 - Non intersection","07 - Dark","03 - P.D. only","07 - SMV other"
"10743","MOONEY'S BAY PL @ RIVERSIDE DR","368354.29488","5025296.74879","-75.68871","45.36473","2017","4/21/2017","9:44:00 AM","01 - Clear","01 - Dry","01 - Traffic signal","02 - Intersection related","01 - Daylight","02 - Non-fatal injury","03 - Rear end"
"10744","MOORE ST btwn DR. NEELIN DR & MARY HILL CRES","356857.66579","5007085.15746","-75.83737","45.20181","2017","2/11/2017","10:04:00 AM","03 - Snow","03 - Loose snow","10 - No control","01 - Non intersection","01 - Daylight","03 - P.D. only","01 - Approaching"
"10745","MOORVALE ST btwn MCARTHUR AVE & ROPER AVE","371451.74660","5032773.10962","-75.64816","45.43171","2017","4/26/2017","2:25:00 PM","01 - Clear","01 - Dry","10 - No control","01 - Non intersection","01 - Daylight","03 - P.D. only","06 - SMV unattended vehicle"
"10746","MORIN ST btwn ST. LAURENT BLVD & COTE ST","371675.56375","5033265.36737","-75.64523","45.43612","2017","1/25/2017","12:11:00 AM","01 - Clear","04 - Slush","10 - No control","01 - Non intersection","07 - Dark","03 - P.D. only","06 - SMV unattended vehicle"
"10747","MORISSET AVE btwn CALDWELL AVE & MERIVALE RD","364699.38564","5026388.61937","-75.73523","45.37488","2017","7/29/2017","6:22:00 AM","01 - Clear","01 - Dry","10 - No control","01 - Non intersection","01 - Daylight","03 - P.D. only","04 - Sideswipe"
"10748","MORISSET AVE btwn CALDWELL AVE & MERIVALE RD","364612.74305","5026338.34533","-75.73634","45.37443","2017","2/15/2017","4:25:00 PM","03 - Snow","03 - Loose snow","10 - No control","01 - Non intersection","01 - Daylight","03 - P.D. only","99 - Other"
"10749","MORLEY BLVD @ SANFORD AVE","366709.04155","5026133.86410","-75.70960","45.37241","2017","5/30/2017","7:31:00 PM","01 - Clear","02 - Wet","02 - Stop sign","03 - At intersection","01 - Daylight","02 - Non-fatal injury","02 - Angle"
"10750","MORNINGMIST WAY btwn BUCKLES ST & SUMMERBREEZE DR","375088.78850","4999764.29910","-75.60636","45.13436","2017","11/10/2017","8:08:00 PM","01 - Clear","01 - Dry","10 - No control","01 - Non intersection","07 - Dark","03 - P.D. only","06 - SMV unattended vehicle"
"10751","MORRISON DR @ BASELINE RD","360101.33944","5022310.16260","-75.79439","45.33856","2017","5/23/2017","7:50:00 AM","01 - Clear","01 - Dry","01 - Traffic signal","02 - Intersection related","01 - Daylight","03 - P.D. only","03 - Rear end"
"10752","MORRISON DR @ BASELINE RD","360100.21707","5022309.73039","-75.79440","45.33856","2017","12/20/2017","1:06:00 PM","01 - Clear","01 - Dry","01 - Traffic signal","03 - At intersection","01 - Daylight","03 - P.D. only","02 - Angle"
"10753","MORRISON DR @ GREENBANK RD","360553.33906","5023128.92570","-75.78853","45.34589","2017","2/17/2017","2:00:00 PM","01 - Clear","04 - Slush","02 - Stop sign","02 - Intersection related","01 - Daylight","03 - P.D. only","03 - Rear end"
"10754","MORRISON DR btwn ASHLEY ST & DRAPER AVE","360287.25299","5023134.46183","-75.79192","45.34596","2017","11/2/2017","12:00:00 AM","01 - Clear","01 - Dry","10 - No control","01 - Non intersection","07 - Dark","03 - P.D. only","06 - SMV unattended vehicle"
"10755","MOSS GROVE ST @ SORENTO ST S","366224.41565","5014893.21490","-75.71718","45.27131","2017","2/7/2017","7:35:00 AM","03 - Snow","05 - Packed snow","02 - Stop sign","03 - At intersection","01 - Daylight","03 - P.D. only","02 - Angle"
"10756","MOSS GROVE ST btwn SORENTO ST & PAUL METIVIER DR","366238.89891","5014860.64174","-75.71700","45.27102","2017","4/5/2017","9:35:00 AM","01 - Clear","01 - Dry","10 - No control","04 - At/near private drive","01 - Daylight","03 - P.D. only","06 - SMV unattended vehicle"
"10757","MOUNTSHANNON DR btwn LONGFIELDS DR & BOULDER WAY","364271.52306","5016604.10662","-75.74187","45.28688","2017","8/5/2017","10:30:00 AM","01 - Clear","01 - Dry","10 - No control","01 - Non intersection","01 - Daylight","03 - P.D. only","06 - SMV unattended vehicle"
"10758","MOUNTSHANNON DR btwn WHITEGATE CRES & WHITEGATE CRES","364853.97872","5016859.10315","-75.73441","45.28912","2017","1/17/2017","12:00:00 AM","01 - Clear","01 - Dry","10 - No control","01 - Non intersection","00 - Unknown","03 - P.D. only","06 - SMV unattended vehicle"
"10759","MULLIGAN ST @ RIVER RD","367964.71160","5017434.45300","-75.69468","45.29402","2017","3/30/2017","6:11:00 PM","01 - Clear","01 - Dry","02 - Stop sign","03 - At intersection","05 - Dusk","02 - Non-fatal injury","03 - Rear end"
"10760","MUNSTER RD btwn DOGWOOD DR & COPELAND RD","349560.47630","5002083.93648","-75.93069","45.15731","2017","3/8/2017","8:00:00 AM","03 - Snow","06 - Ice","10 - No control","01 - Non intersection","01 - Daylight","03 - P.D. only","07 - SMV other"
"10761","MUNSTER RD btwn FERNBANK RD & LUCAS LANE","345308.85098","5006965.79473","-75.98437","45.20149","2017","10/26/2017","10:56:00 PM","01 - Clear","01 - Dry","10 - No control","01 - Non intersection","07 - Dark","03 - P.D. only","03 - Rear end"
"10762","MUNSTER RD btwn MANSFIELD RD & OWLSHEAD RD","348282.39512","5003587.51357","-75.94682","45.17092","2017","11/3/2017","10:08:00 PM","01 - Clear","01 - Dry","10 - No control","01 - Non intersection","07 - Dark","03 - P.D. only","07 - SMV other"
"10763","MUNSTER RD btwn OWLSHEAD RD & BLEEKS RD","348731.11634","5003061.46465","-75.94116","45.16616","2017","11/1/2017","3:09:00 AM","01 - Clear","02 - Wet","10 - No control","01 - Non intersection","07 - Dark","03 - P.D. only","07 - SMV other"
"10764","MURPHY SIDE RD @ SECOND LINE RD","343968.10850","5027532.07001","-75.99981","45.38663","2017","10/18/2017","4:57:00 PM","01 - Clear","01 - Dry","02 - Stop sign","03 - At intersection","01 - Daylight","03 - P.D. only","02 - Angle"
"10765","MURRAY ST @ PARENT AVE","367862.68257","5032488.42407","-75.69406","45.42949","2017","7/24/2017","3:12:00 PM","01 - Clear","02 - Wet","01 - Traffic signal","03 - At intersection","01 - Daylight","03 - P.D. only","02 - Angle"
"10766","MURRAY ST @ PARENT AVE","367863.18260","5032489.79114","-75.69406","45.42950","2017","11/8/2017","3:23:00 PM","01 - Clear","01 - Dry","01 - Traffic signal","03 - At intersection","01 - Daylight","02 - Non-fatal injury","05 - Turning movement"
"10767","MURRAY ST @ PARENT AVE","367862.70470","5032489.41051","-75.69406","45.42949","2017","2/1/2017","1:36:00 PM","01 - Clear","02 - Wet","01 - Traffic signal","03 - At intersection","01 - Daylight","02 - Non-fatal injury","07 - SMV other"
"10768","MURRAY ST @ SUSSEX DR","367706.04473","5032395.47427","-75.69608","45.42866","2017","6/8/2017","4:00:00 PM","01 - Clear","01 - Dry","01 - Traffic signal","03 - At intersection","01 - Daylight","03 - P.D. only","02 - Angle"
"10769","MURRAY ST @ SUSSEX DR","367707.09760","5032394.28155","-75.69606","45.42865","2017","7/7/2017","12:36:00 PM","01 - Clear","01 - Dry","01 - Traffic signal","02 - Intersection related","01 - Daylight","02 - Non-fatal injury","07 - SMV other"
"10770","MURRAY ST @ SUSSEX DR","367705.60602","5032395.13833","-75.69608","45.42866","2017","7/25/2017","1:20:00 PM","01 - Clear","01 - Dry","01 - Traffic signal","03 - At intersection","01 - Daylight","02 - Non-fatal injury","05 - Turning movement"
"10771","MURRAY ST @ SUSSEX DR","367708.27957","5032392.62113","-75.69605","45.42864","2017","2/9/2017","9:16:00 AM","01 - Clear","04 - Slush","01 - Traffic signal","02 - Intersection related","01 - Daylight","03 - P.D. only","03 - Rear end"
"10772","MURRAY ST @ SUSSEX DR","367707.86355","5032393.15951","-75.69605","45.42864","2017","4/11/2017","10:28:00 AM","02 - Rain","02 - Wet","01 - Traffic signal","02 - Intersection related","01 - Daylight","03 - P.D. only","04 - Sideswipe"
"10773","MURRAY ST @ SUSSEX DR","367708.96279","5032393.78045","-75.69604","45.42865","2017","12/20/2017","12:06:00 PM","01 - Clear","04 - Slush","01 - Traffic signal","02 - Intersection related","01 - Daylight","03 - P.D. only","04 - Sideswipe"
"10774","MURRAY ST btwn CUMBERLAND ST & KING EDWARD AVE","368248.14950","5032727.30981","-75.68911","45.43160","2017","12/20/2017","9:30:00 AM","01 - Clear","01 - Dry","10 - No control","01 - Non intersection","01 - Daylight","03 - P.D. only","04 - Sideswipe"
"10775","MURRAY ST btwn DALHOUSIE ST & CUMBERLAND ST","368127.00597","5032650.44355","-75.69066","45.43092","2017","6/26/2017","12:00:00 AM","01 - Clear","01 - Dry","10 - No control","01 - Non intersection","00 - Unknown","03 - P.D. only","06 - SMV unattended vehicle"
"10776","MURRAY ST btwn DALHOUSIE ST & CUMBERLAND ST","368042.50512","5032600.35045","-75.69175","45.43048","2017","7/7/2017","12:00:00 AM","01 - Clear","01 - Dry","10 - No control","01 - Non intersection","00 - Unknown","03 - P.D. only","06 - SMV unattended vehicle"
"10777","MURRAY ST btwn DALHOUSIE ST & CUMBERLAND ST","368158.86258","5032671.77425","-75.69026","45.43111","2017","1/22/2017","10:00:00 PM","01 - Clear","02 - Wet","10 - No control","01 - Non intersection","07 - Dark","03 - P.D. only","06 - SMV unattended vehicle"
"10778","MURRAY ST btwn PARENT AVE & DALHOUSIE ST","367904.99338","5032517.12852","-75.69352","45.42974","2017","7/2/2017","2:25:00 PM","01 - Clear","01 - Dry","10 - No control","01 - Non intersection","01 - Daylight","03 - P.D. only","06 - SMV unattended vehicle"
"10779","MURRAY ST btwn SUSSEX DR & PARENT AVE","367775.47243","5032436.53771","-75.69518","45.42903","2017","6/7/2017","1:22:00 PM","01 - Clear","01 - Dry","10 - No control","01 - Non intersection","01 - Daylight","02 - Non-fatal injury","04 - Sideswipe"
"10780","MURRAY ST btwn SUSSEX DR & PARENT AVE","367795.76250","5032448.12077","-75.69492","45.42913","2017","4/9/2017","2:30:00 PM","01 - Clear","01 - Dry","10 - No control","01 - Non intersection","01 - Daylight","03 - P.D. only","99 - Other"
"10781","MUTUAL ST btwn EGLISE, RUE DE L & MAY ST","371467.51737","5032912.40402","-75.64794","45.43297","2017","8/17/2017","4:21:00 PM","01 - Clear","01 - Dry","10 - No control","01 - Non intersection","01 - Daylight","03 - P.D. only","07 - SMV other"
"10782","NAIRN ST btwn HALKIRK AVE & KINCARDINE DR","352324.27975","5016846.91114","-75.89413","45.28997","2017","2/14/2017","2:18:00 PM","03 - Snow","03 - Loose snow","10 - No control","01 - Non intersection","01 - Daylight","03 - P.D. only","06 - SMV unattended vehicle"
"10783","NANTES ST btwn BRIAN COBURN BLVD & IVANY WAY","386090.10300","5035721.84700","-75.46062","45.45670","2017","2/11/2017","12:00:00 AM","01 - Clear","04 - Slush","10 - No control","01 - Non intersection","00 - Unknown","03 - P.D. only","06 - SMV unattended vehicle"
"10784","NANTES ST btwn BRIAN COBURN BLVD & IVANY WAY","386090.10300","5035721.84700","-75.46062","45.45670","2017","3/31/2017","12:00:00 AM","01 - Clear","01 - Dry","10 - No control","01 - Non intersection","00 - Unknown","03 - P.D. only","06 - SMV unattended vehicle"
"10785","NASKAPI DR @ OGILVIE RD","375600.11167","5034689.90047","-75.59487","45.44855","2017","4/17/2017","1:46:00 PM","01 - Clear","01 - Dry","02 - Stop sign","02 - Intersection related","01 - Daylight","02 - Non-fatal injury","03 - Rear end"
"10786","NATIONAL CAPITAL COMM DRWY btwn HOLLAND AVE & TUNIS AVE","365530.75020","5027649.30344","-75.72446","45.38615","2017","12/25/2017","8:13:00 PM","01 - Clear","06 - Ice","10 - No control","01 - Non intersection","07 - Dark","03 - P.D. only","07 - SMV other"
"10787","NAVAHO DR @ 265 E OF WOODROFFE AVE","362922.04456","5023625.91179","-75.75824","45.35017","2017","3/16/2017","4:56:00 PM","01 - Clear","01 - Dry","01 - Traffic signal","03 - At intersection","01 - Daylight","03 - P.D. only","05 - Turning movement"
"10788","NAVAHO DR @ SHERMAN DR","363051.29523","5024835.79886","-75.75645","45.36105","2017","7/25/2017","1:29:00 PM","01 - Clear","01 - Dry","02 - Stop sign","02 - Intersection related","01 - Daylight","03 - P.D. only","07 - SMV other"
"10789","NAVAHO DR @ WOODROFFE AVE/TRANSITWAY N BASELIN","362705.81040","5023493.44835","-75.76102","45.34900","2017","8/15/2017","12:27:00 PM","01 - Clear","01 - Dry","01 - Traffic signal","02 - Intersection related","01 - Daylight","03 - P.D. only","07 - SMV other"
"10790","NAVAHO DR @ WOODROFFE AVE/TRANSITWAY N BASELIN","362705.76853","5023493.98453","-75.76102","45.34900","2017","9/16/2017","8:21:00 PM","01 - Clear","01 - Dry","01 - Traffic signal","02 - Intersection related","07 - Dark","02 - Non-fatal injury","03 - Rear end"
"10791","NAVAHO DR @ WOODROFFE AVE/TRANSITWAY N BASELIN","362705.23856","5023492.80110","-75.76103","45.34899","2017","12/13/2017","7:42:00 AM","03 - Snow","05 - Packed snow","01 - Traffic signal","03 - At intersection","03 - Dawn","02 - Non-fatal injury","07 - SMV other"
"10792","NAVAHO DR @ WOODROFFE AVE/TRANSITWAY N BASELIN","362706.69286","5023492.57562","-75.76101","45.34899","2017","11/24/2017","3:10:00 PM","01 - Clear","01 - Dry","01 - Traffic signal","03 - At intersection","01 - Daylight","03 - P.D. only","05 - Turning movement"
"10793","NAVAHO DR @ WOODROFFE AVE/TRANSITWAY N BASELIN","362706.24190","5023490.92493","-75.76101","45.34897","2017","2/10/2017","8:00:00 AM","01 - Clear","02 - Wet","01 - Traffic signal","03 - At intersection","01 - Daylight","03 - P.D. only","05 - Turning movement"
"10794","NAVAHO DR @ WOODROFFE AVE/TRANSITWAY N BASELIN","362705.69916","5023493.61521","-75.76102","45.34900","2017","1/30/2017","7:00:00 AM","01 - Clear","02 - Wet","01 - Traffic signal","03 - At intersection","03 - Dawn","03 - P.D. only","05 - Turning movement"
"10795","NAVAHO DR @ WOODROFFE AVE/TRANSITWAY N BASELIN","362707.74284","5023494.67727","-75.76099","45.34901","2017","2/7/2017","1:59:00 PM","03 - Snow","04 - Slush","01 - Traffic signal","03 - At intersection","01 - Daylight","03 - P.D. only","05 - Turning movement"
"10796","NAVAHO DR @ WOODROFFE AVE/TRANSITWAY N BASELIN","362706.99237","5023492.42587","-75.76100","45.34899","2017","1/9/2017","6:39:00 AM","01 - Clear","04 - Slush","01 - Traffic signal","03 - At intersection","07 - Dark","03 - P.D. only","05 - Turning movement"
"10797","NAVAHO DR @ WOODROFFE AVE/TRANSITWAY N BASELIN","362706.78835","5023493.34755","-75.76101","45.34900","2017","1/27/2017","4:02:00 PM","03 - Snow","03 - Loose snow","01 - Traffic signal","02 - Intersection related","01 - Daylight","03 - P.D. only","03 - Rear end"
"10798","NAVAHO DR @ WOODROFFE AVE/TRANSITWAY N BASELIN","362705.49143","5023490.92493","-75.76102","45.34897","2017","3/30/2017","1:55:00 PM","01 - Clear","01 - Dry","01 - Traffic signal","02 - Intersection related","01 - Daylight","02 - Non-fatal injury","03 - Rear end"
"10799","NAVAHO DR btwn Continuation of NAVAHO DR & Continuation of NAVAHO DR","363146.08421","5023903.53512","-75.75535","45.35265","2017","8/20/2017","4:39:00 AM","01 - Clear","01 - Dry","10 - No control","01 - Non intersection","07 - Dark","03 - P.D. only","07 - SMV other"
"10800","NAVAHO DR btwn Continuation of NAVAHO DR & Continuation of NAVAHO DR","362943.89692","5023663.03785","-75.75796","45.35050","2017","11/18/2017","10:19:00 PM","02 - Rain","02 - Wet","10 - No control","01 - Non intersection","07 - Dark","03 - P.D. only","07 - SMV other"
"10801","NAVAHO DR btwn NAVAHO DR & DEERFIELD DR","363137.25857","5024004.20344","-75.75545","45.35356","2017","8/29/2017","1:10:00 PM","01 - Clear","01 - Dry","10 - No control","04 - At/near private drive","01 - Daylight","03 - P.D. only","02 - Angle"
"10802","NAVAHO DR btwn WOODROFFE AVE & Continuation of NAVAHO DR","362793.81587","5023542.50524","-75.75989","45.34943","2017","12/12/2017","8:49:00 AM","03 - Snow","03 - Loose snow","10 - No control","04 - At/near private drive","01 - Daylight","03 - P.D. only","05 - Turning movement"
"10803","NAVAHO DR btwn WOODROFFE AVE & Continuation of NAVAHO DR","362796.20846","5023545.18711","-75.75986","45.34945","2017","2/7/2017","7:30:00 PM","03 - Snow","03 - Loose snow","10 - No control","04 - At/near private drive","07 - Dark","03 - P.D. only","02 - Angle"
"10804","NAVAHO DR btwn WOODROFFE AVE & Continuation of NAVAHO DR","362755.48735","5023522.68934","-75.76038","45.34926","2017","1/9/2017","3:12:00 PM","01 - Clear","01 - Dry","10 - No control","04 - At/near private drive","01 - Daylight","03 - P.D. only","02 - Angle"
"10805","NAVAN RD @ PAGE RD","381658.80421","5032769.83305","-75.51773","45.43064","2017","9/18/2017","5:00:00 AM","01 - Clear","01 - Dry","02 - Stop sign","03 - At intersection","07 - Dark","03 - P.D. only","07 - SMV other"
"10806","NAVAN RD @ PAGE RD","381660.76334","5032771.21880","-75.51770","45.43065","2017","3/2/2017","7:00:00 AM","04 - Freezing Rain","06 - Ice","02 - Stop sign","03 - At intersection","03 - Dawn","03 - P.D. only","02 - Angle"
"10807","NAVAN RD @ TENTH LINE RD","385757.45305","5031833.20200","-75.46551","45.42175","2017","3/29/2017","5:29:00 PM","01 - Clear","01 - Dry","01 - Traffic signal","02 - Intersection related","01 - Daylight","03 - P.D. only","03 - Rear end"
"10808","NAVAN RD @ TRIM RD","388560.54967","5032375.15027","-75.42961","45.42629","2017","2/12/2017","3:30:00 PM","03 - Snow","05 - Packed snow","02 - Stop sign","02 - Intersection related","01 - Daylight","03 - P.D. only","01 - Approaching"
"10809","NAVAN RD btwn DIAMOND WAY & TENTH LINE RD","385564.65021","5031877.16701","-75.46797","45.42217","2017","7/4/2017","7:15:00 PM","01 - Clear","01 - Dry","10 - No control","01 - Non intersection","01 - Daylight","03 - P.D. only","03 - Rear end"
"10810","NAVAN RD btwn DIAMOND WAY & TENTH LINE RD","384894.15737","5032036.35577","-75.47651","45.42368","2017","6/28/2017","7:16:00 PM","02 - Rain","02 - Wet","10 - No control","04 - At/near private drive","01 - Daylight","03 - P.D. only","03 - Rear end"
"10811","NAVAN RD btwn DIAMOND WAY & TENTH LINE RD","385592.46692","5031866.58755","-75.46761","45.42207","2017","1/9/2017","6:37:00 PM","01 - Clear","01 - Dry","10 - No control","01 - Non intersection","07 - Dark","03 - P.D. only","07 - SMV other"
"10812","NAVAN RD btwn INNES RD & ORLEANS BLVD","379805.44737","5033217.21074","-75.54134","45.43486","2017","9/5/2017","12:40:00 AM","01 - Clear","02 - Wet","10 - No control","01 - Non intersection","07 - Dark","03 - P.D. only","03 - Rear end"
"10813","NAVAN RD btwn MER BLEUE RD & NAVAN RD","384056.52396","5032226.44065","-75.48718","45.42548","2017","3/18/2017","4:10:00 PM","01 - Clear","01 - Dry","10 - No control","04 - At/near private drive","01 - Daylight","03 - P.D. only","02 - Angle"
"10814","NAVAN RD btwn MUSTANG ST & TO BE DETERMINED","388099.39185","5032189.42079","-75.43553","45.42468","2017","5/16/2017","12:30:00 PM","01 - Clear","01 - Dry","10 - No control","04 - At/near private drive","01 - Daylight","03 - P.D. only","02 - Angle"
"10815","NAVAN RD btwn ORLEANS BLVD & PAGE RD","381038.85474","5032976.66599","-75.52562","45.43257","2017","5/31/2017","9:29:00 AM","01 - Clear","08 - Loose sand or gravel","10 - No control","01 - Non intersection","01 - Daylight","03 - P.D. only","02 - Angle"
"10816","NAVAN RD btwn RENAUD RD & MER BLEUE RD","382100.42907","5032654.70475","-75.51210","45.42955","2017","11/27/2017","7:20:00 AM","01 - Clear","01 - Dry","10 - No control","01 - Non intersection","01 - Daylight","03 - P.D. only","06 - SMV unattended vehicle"
"10817","NAVAN RD btwn RENAUD RD & MER BLEUE RD","382903.85305","5032452.09224","-75.50187","45.42764","2017","1/12/2017","7:31:00 AM","02 - Rain","02 - Wet","10 - No control","01 - Non intersection","03 - Dawn","02 - Non-fatal injury","07 - SMV other"
"10818","NAVAN RD btwn TENTH LINE RD & CANARY ST","386224.58448","5031857.85520","-75.45954","45.42192","2017","1/2/2017","7:25:00 PM","01 - Clear","01 - Dry","10 - No control","01 - Non intersection","07 - Dark","03 - P.D. only","04 - Sideswipe"
"10819","NAVAN RD W @ MER BLEUE RD","384006.67568","5032255.75175","-75.48781","45.42575","2017","5/17/2017","5:07:00 PM","01 - Clear","01 - Dry","02 - Stop sign","02 - Intersection related","01 - Daylight","02 - Non-fatal injury","02 - Angle"
"10820","NAVY PRIV @ PRINCE OF WALES DR","366840.71775","5028679.74750","-75.70760","45.39531","2017","6/16/2017","10:08:00 PM","01 - Clear","01 - Dry","02 - Stop sign","02 - Intersection related","07 - Dark","03 - P.D. only","07 - SMV other"
"10821","NEEPAWA AVE @ SAVILLE ROW","362054.02025","5026414.53000","-75.76900","45.37533","2017","6/11/2017","10:06:00 AM","01 - Clear","01 - Dry","02 - Stop sign","03 - At intersection","01 - Daylight","03 - P.D. only","02 - Angle"
"10822","NEIL WAY @ RIVERSIDE DR","369465.68959","5028290.60295","-75.67413","45.39157","2017","11/21/2017","7:44:00 AM","01 - Clear","02 - Wet","02 - Stop sign","02 - Intersection related","01 - Daylight","03 - P.D. only","03 - Rear end"
"10823","NELSON ST @ RIDEAU ST","368651.98444","5032497.61321","-75.68398","45.42950","2017","6/4/2017","4:14:00 PM","01 - Clear","01 - Dry","01 - Traffic signal","03 - At intersection","01 - Daylight","03 - P.D. only","05 - Turning movement"
"10824","NELSON ST @ RIDEAU ST","368650.98110","5032497.99406","-75.68399","45.42950","2017","7/27/2017","1:46:00 PM","01 - Clear","01 - Dry","01 - Traffic signal","02 - Intersection related","01 - Daylight","03 - P.D. only","05 - Turning movement"
"10825","NELSON ST @ RIDEAU ST","368650.98110","5032498.14779","-75.68399","45.42950","2017","7/16/2017","2:30:00 PM","01 - Clear","01 - Dry","01 - Traffic signal","02 - Intersection related","01 - Daylight","03 - P.D. only","04 - Sideswipe"
"10826","NELSON ST @ RIDEAU ST","368651.52755","5032499.49745","-75.68398","45.42951","2017","10/12/2017","3:38:00 PM","01 - Clear","01 - Dry","01 - Traffic signal","03 - At intersection","01 - Daylight","02 - Non-fatal injury","07 - SMV other"
"10827","NELSON ST @ RIDEAU ST","368650.64665","5032497.61321","-75.68399","45.42950","2017","11/15/2017","11:24:00 AM","01 - Clear","01 - Dry","01 - Traffic signal","02 - Intersection related","01 - Daylight","03 - P.D. only","04 - Sideswipe"
"10828","NELSON ST @ SOMERSET ST","369095.24934","5031762.93305","-75.67841","45.42285","2017","10/9/2017","3:48:00 PM","01 - Clear","02 - Wet","02 - Stop sign","02 - Intersection related","01 - Daylight","03 - P.D. only","06 - SMV unattended vehicle"
"10829","NELSON ST @ SOMERSET ST","369095.70994","5031762.24510","-75.67840","45.42284","2017","3/18/2017","10:26:00 AM","01 - Clear","01 - Dry","02 - Stop sign","03 - At intersection","01 - Daylight","03 - P.D. only","02 - Angle"