"Record","Location","X","Y","Longitude","Latitude","Year","Date","Time","Environment","Road_Surface","Traffic_Control","Collision_Location","Light","Collision_Classification","Impact_type"
"10830","NELSON ST @ SOMERSET ST","369095.70994","5031760.23841","-75.67840","45.42282","2017","2/20/2017","10:33:00 PM","01 - Clear","01 - Dry","02 - Stop sign","03 - At intersection","07 - Dark","03 - P.D. only","02 - Angle"
"10831","NELSON ST @ STEWART ST","368770.26567","5032289.91691","-75.68249","45.42762","2017","9/7/2017","2:07:00 PM","01 - Clear","01 - Dry","02 - Stop sign","02 - Intersection related","01 - Daylight","03 - P.D. only","06 - SMV unattended vehicle"
"10832","NELSON ST @ WILBROD ST","368813.71110","5032224.43917","-75.68194","45.42702","2017","1/27/2017","12:00:00 AM","01 - Clear","04 - Slush","02 - Stop sign","02 - Intersection related","00 - Unknown","03 - P.D. only","06 - SMV unattended vehicle"
"10833","NELSON ST btwn LAURIER AVE E & OSGOODE ST","368936.77149","5032019.45377","-75.68040","45.42517","2017","6/1/2017","7:00:00 PM","01 - Clear","01 - Dry","10 - No control","01 - Non intersection","01 - Daylight","02 - Non-fatal injury","07 - SMV other"
"10834","NELSON ST btwn SOMERSET ST E & TEMPLETON ST","369133.16814","5031702.04443","-75.67793","45.42229","2017","11/22/2017","12:00:00 AM","01 - Clear","01 - Dry","10 - No control","01 - Non intersection","00 - Unknown","03 - P.D. only","06 - SMV unattended vehicle"
"10835","NELSON ST btwn SOMERSET ST E & TEMPLETON ST","369110.47151","5031736.75855","-75.67822","45.42261","2017","1/31/2017","12:00:00 AM","01 - Clear","01 - Dry","10 - No control","01 - Non intersection","00 - Unknown","03 - P.D. only","06 - SMV unattended vehicle"
"10836","NELSON ST btwn WILBROD ST & LAURIER AVE E","368871.36358","5032126.94515","-75.68122","45.42614","2017","10/30/2017","3:46:00 AM","01 - Clear","01 - Dry","10 - No control","01 - Non intersection","07 - Dark","02 - Non-fatal injury","07 - SMV other"
"10837","NELSON ST btwn WILBROD ST & LAURIER AVE E","368851.77966","5032161.40051","-75.68147","45.42645","2017","1/4/2017","8:05:00 AM","03 - Snow","03 - Loose snow","10 - No control","04 - At/near private drive","01 - Daylight","03 - P.D. only","06 - SMV unattended vehicle"
"10838","NEPEAN ST @ BANK ST","367563.03955","5031134.24450","-75.69807","45.41733","2017","4/13/2017","4:21:00 PM","01 - Clear","01 - Dry","02 - Stop sign","02 - Intersection related","01 - Daylight","03 - P.D. only","02 - Angle"
"10839","NEPEAN ST @ BANK ST","367562.70510","5031132.86554","-75.69807","45.41732","2017","12/24/2017","12:07:00 PM","03 - Snow","03 - Loose snow","02 - Stop sign","02 - Intersection related","01 - Daylight","03 - P.D. only","02 - Angle"
"10840","NEPEAN ST @ O'CONNOR ST","367721.71324","5031225.91570","-75.69603","45.41814","2017","5/20/2017","11:01:00 AM","01 - Clear","01 - Dry","02 - Stop sign","03 - At intersection","01 - Daylight","02 - Non-fatal injury","02 - Angle"
"10841","NEPEAN ST @ O'CONNOR ST","367721.34786","5031225.62766","-75.69603","45.41814","2017","6/27/2017","4:08:00 PM","01 - Clear","01 - Dry","02 - Stop sign","03 - At intersection","01 - Daylight","02 - Non-fatal injury","05 - Turning movement"
"10842","NEPEAN ST @ O'CONNOR ST","367721.35093","5031225.30255","-75.69603","45.41813","2017","7/18/2017","10:20:00 AM","01 - Clear","01 - Dry","02 - Stop sign","03 - At intersection","01 - Daylight","02 - Non-fatal injury","07 - SMV other"
"10843","NEPEAN ST @ O'CONNOR ST","367721.04435","5031226.58460","-75.69603","45.41815","2017","12/14/2017","9:27:00 PM","01 - Clear","02 - Wet","02 - Stop sign","03 - At intersection","07 - Dark","03 - P.D. only","02 - Angle"
"10844","NEPEAN ST @ O'CONNOR ST","367721.71324","5031228.59129","-75.69603","45.41816","2017","4/15/2017","12:55:00 PM","01 - Clear","01 - Dry","02 - Stop sign","03 - At intersection","01 - Daylight","03 - P.D. only","02 - Angle"
"10845","NEPEAN ST @ O'CONNOR ST","367720.70990","5031225.40117","-75.69604","45.41813","2017","12/20/2017","8:30:00 AM","01 - Clear","03 - Loose snow","02 - Stop sign","02 - Intersection related","01 - Daylight","03 - P.D. only","04 - Sideswipe"
"10846","NEPEAN ST btwn BANK ST & O'CONNOR ST","367576.51597","5031141.70482","-75.69789","45.41739","2017","5/8/2017","12:00:00 AM","01 - Clear","01 - Dry","10 - No control","01 - Non intersection","00 - Unknown","03 - P.D. only","06 - SMV unattended vehicle"
"10847","NEPEAN ST btwn LYON ST N & KENT ST","367293.43164","5030968.07625","-75.70153","45.41586","2017","1/2/2017","1:07:00 PM","01 - Clear","03 - Loose snow","10 - No control","01 - Non intersection","01 - Daylight","02 - Non-fatal injury","07 - SMV other"
"10848","NEPEAN ST btwn METCALFE ST & ELGIN ST","367958.07541","5031369.14892","-75.69299","45.41941","2017","4/27/2017","2:30:00 PM","01 - Clear","02 - Wet","10 - No control","01 - Non intersection","01 - Daylight","03 - P.D. only","07 - SMV other"
"10849","NEPEAN ST btwn O'CONNOR ST & METCALFE ST","367807.08760","5031279.19523","-75.69493","45.41861","2017","5/29/2017","12:44:00 PM","01 - Clear","01 - Dry","10 - No control","04 - At/near private drive","01 - Daylight","03 - P.D. only","05 - Turning movement"
"10850","NERTA ST @ ST. LAURENT BLVD","373675.77451","5028604.79035","-75.62032","45.39399","2017","9/19/2017","5:00:00 PM","01 - Clear","01 - Dry","02 - Stop sign","02 - Intersection related","01 - Daylight","03 - P.D. only","03 - Rear end"
"10851","NERTA ST @ ST. LAURENT BLVD","373676.52715","5028602.67935","-75.62031","45.39398","2017","2/13/2017","6:31:00 PM","01 - Clear","03 - Loose snow","02 - Stop sign","02 - Intersection related","07 - Dark","03 - P.D. only","03 - Rear end"
"10852","NETLEY CIRC btwn FINDLAY CREEK DR & FINDLAY CREEK DR","375368.08611","5019847.19712","-75.59996","45.31503","2017","6/14/2017","2:28:00 PM","01 - Clear","01 - Dry","10 - No control","01 - Non intersection","01 - Daylight","03 - P.D. only","06 - SMV unattended vehicle"
"10853","NEW ORCHARD AVE @ RICHMOND RD","361293.67740","5026219.75789","-75.77873","45.37364","2017","10/8/2017","9:35:00 AM","01 - Clear","02 - Wet","01 - Traffic signal","03 - At intersection","01 - Daylight","02 - Non-fatal injury","05 - Turning movement"
"10854","NEW ORCHARD AVE @ RICHMOND RD","361294.68074","5026219.52120","-75.77871","45.37364","2017","12/11/2017","2:50:00 PM","01 - Clear","02 - Wet","01 - Traffic signal","02 - Intersection related","01 - Daylight","03 - P.D. only","03 - Rear end"
"10855","NEWCASTLE AVE btwn PEPPERIDGE WAY & HALTON TER","348820.64408","5023251.12996","-75.93823","45.34782","2017","6/13/2017","12:00:00 AM","01 - Clear","01 - Dry","10 - No control","01 - Non intersection","00 - Unknown","03 - P.D. only","06 - SMV unattended vehicle"
"10856","NEWPORT CRES btwn HUNTERSFIELD DR & HUNTERSFIELD DR","373037.41312","5025005.23264","-75.62897","45.36167","2017","11/27/2017","12:00:00 AM","03 - Snow","03 - Loose snow","10 - No control","01 - Non intersection","00 - Unknown","03 - P.D. only","06 - SMV unattended vehicle"
"10857","NICHOLAS ST btwn BESSERER ST & DALY AVE","368194.68794","5032097.95576","-75.68987","45.42594","2017","7/11/2017","11:19:00 PM","01 - Clear","01 - Dry","10 - No control","01 - Non intersection","07 - Dark","02 - Non-fatal injury","04 - Sideswipe"
"10858","NICHOLAS ST btwn BESSERER ST & DALY AVE","368196.38587","5032095.09018","-75.68985","45.42592","2017","8/10/2017","3:17:00 PM","01 - Clear","01 - Dry","10 - No control","01 - Non intersection","01 - Daylight","02 - Non-fatal injury","03 - Rear end"
"10859","NICHOLAS ST btwn DALY AVE & SB RAMP FROM WALLER/NICHOLAS/MACKENZIE KIN","368291.58060","5031950.25263","-75.68865","45.42460","2017","12/5/2017","12:30:00 PM","01 - Clear","01 - Dry","10 - No control","06 - Underpass or tunnel","01 - Daylight","02 - Non-fatal injury","07 - SMV other"
"10860","NICHOLAS ST btwn DALY AVE & SB RAMP FROM WALLER/NICHOLAS/MACKENZIE KIN","368270.29649","5031983.96723","-75.68892","45.42491","2017","3/17/2017","1:48:00 PM","01 - Clear","01 - Dry","10 - No control","04 - At/near private drive","01 - Daylight","03 - P.D. only","99 - Other"
"10861","NICHOLAS ST NB btwn HWY417 IC118 RAMP52 & WALLER ST","368977.67619","5031360.86027","-75.67996","45.41924","2017","8/10/2017","6:49:00 AM","01 - Clear","01 - Dry","10 - No control","01 - Non intersection","01 - Daylight","02 - Non-fatal injury","03 - Rear end"
"10862","NICHOLAS ST NB btwn HWY417 IC118 RAMP52 & WALLER ST","368940.28871","5031382.73991","-75.68044","45.41944","2017","8/8/2017","3:25:00 PM","01 - Clear","01 - Dry","10 - No control","01 - Non intersection","01 - Daylight","02 - Non-fatal injury","03 - Rear end"
"10863","NICHOLAS ST NB btwn HWY417 IC118 RAMP52 & WALLER ST","368614.97511","5031618.81948","-75.68456","45.42159","2017","9/15/2017","8:07:00 PM","01 - Clear","01 - Dry","10 - No control","01 - Non intersection","07 - Dark","03 - P.D. only","04 - Sideswipe"
"10864","NICHOLAS ST NB btwn HWY417 IC118 RAMP52 & WALLER ST","369045.45899","5031327.48062","-75.67910","45.41893","2017","11/10/2017","11:48:00 AM","01 - Clear","01 - Dry","10 - No control","01 - Non intersection","01 - Daylight","03 - P.D. only","04 - Sideswipe"
"10865","NICHOLAS ST NB btwn HWY417 IC118 RAMP52 & WALLER ST","369045.46943","5031327.47830","-75.67910","45.41893","2017","11/6/2017","3:42:00 PM","01 - Clear","01 - Dry","10 - No control","01 - Non intersection","01 - Daylight","03 - P.D. only","04 - Sideswipe"
"10866","NICHOLAS ST NB btwn HWY417 IC118 RAMP52 & WALLER ST","369091.25874","5031305.75411","-75.67852","45.41873","2017","12/7/2017","7:16:00 PM","01 - Clear","01 - Dry","10 - No control","01 - Non intersection","07 - Dark","03 - P.D. only","04 - Sideswipe"
"10867","NICHOLAS ST NB btwn HWY417 IC118 RAMP52 & WALLER ST","369041.84354","5031329.12711","-75.67915","45.41895","2017","11/3/2017","3:25:00 PM","01 - Clear","01 - Dry","10 - No control","01 - Non intersection","01 - Daylight","03 - P.D. only","04 - Sideswipe"
"10868","NICHOLAS ST NB btwn HWY417 IC118 RAMP52 & WALLER ST","368534.80940","5031678.85917","-75.68558","45.42214","2017","11/24/2017","9:45:00 PM","01 - Clear","01 - Dry","10 - No control","01 - Non intersection","07 - Dark","03 - P.D. only","03 - Rear end"
"10869","NICHOLAS ST NB btwn HWY417 IC118 RAMP52 & WALLER ST","369095.09942","5031302.99525","-75.67847","45.41871","2017","1/26/2017","9:30:00 AM","01 - Clear","01 - Dry","10 - No control","01 - Non intersection","01 - Daylight","03 - P.D. only","04 - Sideswipe"
"10870","NICHOLAS ST NB btwn HWY417 IC118 RAMP52 & WALLER ST","368908.82139","5031407.82481","-75.68084","45.41967","2017","3/20/2017","5:37:00 PM","01 - Clear","01 - Dry","10 - No control","01 - Non intersection","01 - Daylight","03 - P.D. only","03 - Rear end"
"10871","NICHOLAS ST NB btwn LAURIER AVE E & WALLER ST","368437.20009","5031744.63261","-75.68682","45.42274","2017","6/14/2017","5:15:00 PM","01 - Clear","01 - Dry","10 - No control","01 - Non intersection","01 - Daylight","03 - P.D. only","04 - Sideswipe"
"10872","NICHOLAS ST NB btwn LAURIER AVE E & WALLER ST","368491.02830","5031708.63779","-75.68613","45.42241","2017","6/16/2017","9:50:00 PM","01 - Clear","01 - Dry","10 - No control","01 - Non intersection","07 - Dark","03 - P.D. only","03 - Rear end"
"10873","NICHOLAS ST NB btwn LAURIER AVE E & WALLER ST","368403.28400","5031784.09589","-75.68725","45.42310","2017","5/25/2017","6:15:00 AM","01 - Clear","01 - Dry","10 - No control","01 - Non intersection","03 - Dawn","03 - P.D. only","03 - Rear end"
"10874","NICHOLAS ST NB btwn LAURIER AVE E & WALLER ST","368448.18897","5031737.81590","-75.68668","45.42268","2017","8/7/2017","1:56:00 PM","01 - Clear","01 - Dry","10 - No control","01 - Non intersection","01 - Daylight","03 - P.D. only","04 - Sideswipe"
"10875","NICHOLAS ST NB btwn LAURIER AVE E & WALLER ST","368490.72183","5031711.05365","-75.68614","45.42243","2017","9/15/2017","6:12:00 PM","01 - Clear","01 - Dry","10 - No control","01 - Non intersection","01 - Daylight","02 - Non-fatal injury","03 - Rear end"
"10876","NICHOLAS ST NB btwn LAURIER AVE E & WALLER ST","368489.08657","5031711.76546","-75.68616","45.42244","2017","12/1/2017","2:15:00 PM","01 - Clear","01 - Dry","10 - No control","01 - Non intersection","01 - Daylight","02 - Non-fatal injury","03 - Rear end"
"10877","NICHOLAS ST SB btwn Continuation of NICHOLAS ST & HWY417 IC118 RAMP35","369052.59911","5031315.54742","-75.67901","45.41882","2017","6/30/2017","6:30:00 PM","01 - Clear","01 - Dry","10 - No control","01 - Non intersection","01 - Daylight","03 - P.D. only","03 - Rear end"
"10878","NICHOLAS ST SB btwn Continuation of NICHOLAS ST & HWY417 IC118 RAMP35","369007.63297","5031335.15929","-75.67958","45.41901","2017","3/12/2017","11:54:00 AM","01 - Clear","01 - Dry","10 - No control","01 - Non intersection","01 - Daylight","03 - P.D. only","03 - Rear end"
"10879","NICHOLAS ST SB btwn LAURIER AVE E & Continuation of NICHOLAS ST","368481.32931","5031702.11605","-75.68626","45.42235","2017","8/15/2017","2:45:00 PM","01 - Clear","01 - Dry","10 - No control","01 - Non intersection","01 - Daylight","03 - P.D. only","03 - Rear end"
"10880","NICHOLAS ST SB btwn LAURIER AVE E & Continuation of NICHOLAS ST","368440.85593","5031728.44741","-75.68677","45.42260","2017","10/2/2017","12:01:00 PM","01 - Clear","01 - Dry","10 - No control","01 - Non intersection","01 - Daylight","03 - P.D. only","04 - Sideswipe"
"10881","NICHOLAS ST SB btwn RAMP & LAURIER AVE E","368368.39367","5031808.12713","-75.68769","45.42332","2017","10/1/2017","3:15:00 PM","01 - Clear","01 - Dry","10 - No control","01 - Non intersection","01 - Daylight","03 - P.D. only","04 - Sideswipe"
"10882","NICHOLAS ST/NICHOLAS ST SB @ SB RAMP FROM WALL","368319.99607","5031893.08164","-75.68830","45.42409","2017","6/13/2017","8:46:00 PM","01 - Clear","01 - Dry","01 - Traffic signal","03 - At intersection","05 - Dusk","03 - P.D. only","02 - Angle"
"10883","NINTH LINE RD btwn FARMERS WAY & HALL RD","383829.84332","5022157.95412","-75.49169","45.33492","2017","7/20/2017","1:31:00 AM","01 - Clear","01 - Dry","10 - No control","01 - Non intersection","07 - Dark","03 - P.D. only","07 - SMV other"
"10884","NINTH LINE RD btwn RAMSAYVILLE RD & ANDERSON RD","380912.02913","5020436.55324","-75.52917","45.31975","2017","4/18/2017","4:45:00 PM","01 - Clear","01 - Dry","10 - No control","01 - Non intersection","01 - Daylight","03 - P.D. only","05 - Turning movement"
"10885","NIXON DR @ TAYLOR WAY","374277.63216","5000769.10781","-75.61653","45.14348","2017","7/16/2017","3:10:00 PM","01 - Clear","01 - Dry","10 - No control","02 - Intersection related","01 - Daylight","02 - Non-fatal injury","07 - SMV other"
"10886","NIXON DR btwn BUCKLES ST & DALMENY RD","374839.08779","4999446.19825","-75.60958","45.13152","2017","12/17/2017","4:20:00 PM","01 - Clear","06 - Ice","10 - No control","01 - Non intersection","05 - Dusk","03 - P.D. only","07 - SMV other"
"10887","NIXON DR/ROGER STEVENS DR @ RIVER RD","373169.34957","5002763.30652","-75.63035","45.16153","2017","6/6/2017","5:11:00 PM","02 - Rain","02 - Wet","02 - Stop sign","03 - At intersection","01 - Daylight","03 - P.D. only","05 - Turning movement"
"10888","NIXON DR/ROGER STEVENS DR @ RIVER RD","373169.68670","5002762.63224","-75.63035","45.16152","2017","6/27/2017","6:17:00 AM","01 - Clear","01 - Dry","02 - Stop sign","03 - At intersection","01 - Daylight","03 - P.D. only","02 - Angle"
"10889","NOBLE CRES btwn DICKINSON AVE & SOUTHMORE DR W","368726.38162","5024460.47163","-75.68407","45.35717","2017","12/25/2017","8:01:00 PM","03 - Snow","05 - Packed snow","10 - No control","01 - Non intersection","07 - Dark","03 - P.D. only","06 - SMV unattended vehicle"
"10890","NOEL ST @ TAYLOR LANE","368859.05510","5033756.42627","-75.68117","45.44080","2017","1/2/2017","12:20:00 PM","01 - Clear","05 - Packed snow","10 - No control","03 - At intersection","01 - Daylight","03 - P.D. only","06 - SMV unattended vehicle"
"10891","NORANDA AVE btwn ST. LAURENT BLVD & SLADEN AVE","371745.48260","5033634.42185","-75.64429","45.43944","2017","12/30/2017","12:02:00 AM","01 - Clear","06 - Ice","10 - No control","04 - At/near private drive","07 - Dark","03 - P.D. only","05 - Turning movement"
"10892","NORBERRY CRES btwn SPRINGLAND DR & SPRINGLAND DR","368625.58418","5025586.53604","-75.68521","45.36732","2017","5/18/2017","10:50:00 PM","01 - Clear","01 - Dry","10 - No control","01 - Non intersection","07 - Dark","03 - P.D. only","06 - SMV unattended vehicle"
"10893","NORICE ST @ PERRY ST","364560.19510","5023221.53060","-75.73739","45.34639","2017","3/8/2017","2:38:00 PM","01 - Clear","01 - Dry","02 - Stop sign","03 - At intersection","01 - Daylight","02 - Non-fatal injury","07 - SMV other"
"10894","NORICE ST @ WOODROFFE AVE","363195.01845","5022396.82330","-75.75490","45.33909","2017","5/11/2017","11:30:00 PM","01 - Clear","01 - Dry","01 - Traffic signal","03 - At intersection","07 - Dark","01 - Fatal injury","05 - Turning movement"
"10895","NORICE ST @ WOODROFFE AVE","363193.68066","5022398.82999","-75.75492","45.33911","2017","6/2/2017","5:26:00 PM","01 - Clear","01 - Dry","01 - Traffic signal","02 - Intersection related","01 - Daylight","02 - Non-fatal injury","03 - Rear end"
"10896","NORICE ST @ WOODROFFE AVE","363194.68400","5022397.73115","-75.75491","45.33910","2017","11/2/2017","8:18:00 AM","02 - Rain","02 - Wet","01 - Traffic signal","03 - At intersection","01 - Daylight","03 - P.D. only","05 - Turning movement"
"10897","NORICE ST @ WOODROFFE AVE","363195.77690","5022398.03865","-75.75489","45.33910","2017","2/3/2017","8:53:00 AM","01 - Clear","02 - Wet","01 - Traffic signal","02 - Intersection related","01 - Daylight","03 - P.D. only","03 - Rear end"
"10898","NORICE ST @ WOODROFFE AVE","363195.68734","5022396.82330","-75.75490","45.33909","2017","4/12/2017","4:15:00 PM","02 - Rain","02 - Wet","01 - Traffic signal","02 - Intersection related","01 - Daylight","02 - Non-fatal injury","03 - Rear end"
"10899","NORICE ST @ WOODROFFE AVE","363195.68734","5022397.49220","-75.75490","45.33909","2017","4/11/2017","8:20:00 AM","02 - Rain","02 - Wet","01 - Traffic signal","02 - Intersection related","01 - Daylight","03 - P.D. only","03 - Rear end"
"10900","NORICE ST btwn GLENRIDGE RD & DARLY PL","364878.59272","5023399.75049","-75.73330","45.34797","2017","11/10/2017","12:00:00 AM","01 - Clear","01 - Dry","10 - No control","01 - Non intersection","00 - Unknown","03 - P.D. only","06 - SMV unattended vehicle"
"10901","NORICE ST btwn SULLIVAN AVE & BROOK LANE","363588.97305","5022616.24549","-75.74985","45.34103","2017","7/15/2017","12:04:00 PM","01 - Clear","01 - Dry","10 - No control","01 - Non intersection","01 - Daylight","03 - P.D. only","07 - SMV other"
"10902","NORICE ST btwn WOODROFFE AVE & SULLIVAN AVE","363329.60960","5022469.20251","-75.75318","45.33973","2017","5/4/2017","12:00:00 AM","01 - Clear","01 - Dry","10 - No control","01 - Non intersection","00 - Unknown","03 - P.D. only","06 - SMV unattended vehicle"
"10903","NORICE ST btwn WOODROFFE AVE & SULLIVAN AVE","363285.73039","5022446.03589","-75.75374","45.33952","2017","8/18/2017","1:05:00 PM","01 - Clear","01 - Dry","10 - No control","04 - At/near private drive","01 - Daylight","03 - P.D. only","07 - SMV other"
"10904","NORMAN ST @ PRESTON ST","366717.04245","5029194.22720","-75.70912","45.39995","2017","3/15/2017","9:13:00 AM","03 - Snow","03 - Loose snow","02 - Stop sign","03 - At intersection","01 - Daylight","03 - P.D. only","02 - Angle"
"10905","NORMANDY CRES btwn APELDOORN AVE & PRINCE OF WALES DR","367370.84545","5024621.76648","-75.70135","45.35875","2017","12/13/2017","4:45:00 PM","03 - Snow","05 - Packed snow","10 - No control","01 - Non intersection","05 - Dusk","03 - P.D. only","01 - Approaching"
"10906","NORTH RIVER RD btwn COUPAL ST & TUDOR PL","369576.59875","5033212.28617","-75.67207","45.43584","2017","4/27/2017","12:21:00 PM","01 - Clear","01 - Dry","10 - No control","04 - At/near private drive","01 - Daylight","03 - P.D. only","02 - Angle"
"10907","NORTH RIVER RD btwn MONTREAL RD & SELKIRK ST","369747.91283","5032865.15279","-75.66992","45.43270","2017","4/18/2017","2:56:00 PM","01 - Clear","01 - Dry","10 - No control","01 - Non intersection","01 - Daylight","02 - Non-fatal injury","07 - SMV other"
"10908","NORTH RIVER RD btwn SELKIRK ST & MCARTHUR AVE","369788.20368","5032741.76550","-75.66942","45.43159","2017","11/30/2017","4:00:00 PM","02 - Rain","02 - Wet","10 - No control","04 - At/near private drive","05 - Dusk","03 - P.D. only","05 - Turning movement"
"10909","NORTH RIVERSIDE DR @ RIVERSIDE CRES","368759.90730","5010745.39999","-75.68541","45.23377","2017","7/19/2017","12:40:00 AM","01 - Clear","01 - Dry","10 - No control","02 - Intersection related","07 - Dark","03 - P.D. only","02 - Angle"
"10910","NORTH SERVICE RD @ ROSSIGNOL CRES W","382681.40745","5039415.92640","-75.50361","45.49032","2017","5/14/2017","1:16:00 AM","01 - Clear","02 - Wet","02 - Stop sign","03 - At intersection","07 - Dark","03 - P.D. only","07 - SMV other"
"10911","NORTHSIDE RD W @ RICHMOND RD","358175.66000","5021109.20095","-75.81908","45.32790","2017","9/20/2017","5:19:00 PM","01 - Clear","01 - Dry","10 - No control","02 - Intersection related","01 - Daylight","03 - P.D. only","03 - Rear end"
"10912","NOTRE DAME ST    W btwn ST. JOSEPH BLVD & END","379627.99858","5036256.10676","-75.54315","45.46223","2017","3/23/2017","3:06:00 PM","01 - Clear","01 - Dry","10 - No control","04 - At/near private drive","01 - Daylight","03 - P.D. only","06 - SMV unattended vehicle"
"10913","NOTRE DAME ST btwn ST. JEAN ST & BELCOURT BLVD","381273.76239","5037191.53913","-75.52196","45.47046","2017","11/29/2017","5:44:00 PM","01 - Clear","01 - Dry","10 - No control","04 - At/near private drive","07 - Dark","03 - P.D. only","06 - SMV unattended vehicle"
"10914","NOTRE DAME ST W @ ST. JOSEPH BLVD","379544.28804","5036269.60846","-75.54422","45.46236","2017","11/18/2017","6:51:00 PM","02 - Rain","02 - Wet","02 - Stop sign","02 - Intersection related","07 - Dark","03 - P.D. only","04 - Sideswipe"
"10915","NUGGETT DR btwn NATALIE WAY & NATALIE WAY","381612.99248","5035731.01979","-75.51785","45.45729","2017","6/7/2017","4:12:00 PM","01 - Clear","01 - Dry","10 - No control","04 - At/near private drive","01 - Daylight","03 - P.D. only","99 - Other"
"10916","OAK CREEK RD @ RICHARDSON SIDE RD","347206.28364","5018091.47650","-75.95927","45.30150","2017","1/9/2017","10:00:00 AM","01 - Clear","06 - Ice","02 - Stop sign","03 - At intersection","01 - Daylight","03 - P.D. only","99 - Other"
"10917","OAKBROOK CIRC btwn SANDY OAKS DR & SHAKEWOOD ST","380692.46814","5033927.86604","-75.52990","45.44116","2017","3/18/2017","12:00:00 AM","01 - Clear","01 - Dry","10 - No control","01 - Non intersection","00 - Unknown","03 - P.D. only","06 - SMV unattended vehicle"
"10918","OAKLAND AVE btwn WILTON LANE & MONK ST","368452.87884","5028987.57523","-75.68697","45.39793","2017","5/30/2017","4:17:00 AM","01 - Clear","01 - Dry","10 - No control","01 - Non intersection","07 - Dark","02 - Non-fatal injury","06 - SMV unattended vehicle"
"10919","OAKLAND AVE btwn WILTON LANE & MONK ST","368452.87884","5028988.65141","-75.68697","45.39794","2017","11/1/2017","9:55:00 AM","02 - Rain","02 - Wet","10 - No control","01 - Non intersection","01 - Daylight","03 - P.D. only","06 - SMV unattended vehicle"
"10920","OAKLAWN CRES btwn GARDENWAY DR & GARDENWAY DR","383993.56751","5036684.23750","-75.48727","45.46560","2017","4/18/2017","12:00:00 AM","01 - Clear","01 - Dry","10 - No control","01 - Non intersection","00 - Unknown","03 - P.D. only","06 - SMV unattended vehicle"
"10921","OAKSIDE CRES btwn GOWARD DR & GOWARD DR","348021.77143","5023630.18745","-75.94839","45.35129","2017","1/7/2017","1:05:00 PM","01 - Clear","02 - Wet","10 - No control","04 - At/near private drive","01 - Daylight","03 - P.D. only","06 - SMV unattended vehicle"
"10922","O'CONNOR ST @ PRETORIA AVE","368337.71414","5030238.90040","-75.68828","45.40920","2017","3/17/2017","9:41:00 AM","01 - Clear","01 - Dry","02 - Stop sign","03 - At intersection","01 - Daylight","03 - P.D. only","02 - Angle"
"10923","O'CONNOR ST @ QUEEN ST","367497.70010","5031584.86914","-75.69884","45.42139","2017","11/7/2017","8:09:00 AM","01 - Clear","01 - Dry","01 - Traffic signal","03 - At intersection","01 - Daylight","02 - Non-fatal injury","03 - Rear end"
"10924","O'CONNOR ST @ QUEEN ST","367499.37234","5031586.91699","-75.69882","45.42141","2017","3/9/2017","10:40:00 AM","01 - Clear","01 - Dry","01 - Traffic signal","03 - At intersection","01 - Daylight","02 - Non-fatal injury","07 - SMV other"
"10925","O'CONNOR ST @ SECOND AVE","368594.66353","5029800.34193","-75.68506","45.40523","2017","8/16/2017","2:39:00 PM","01 - Clear","01 - Dry","02 - Stop sign","03 - At intersection","01 - Daylight","03 - P.D. only","04 - Sideswipe"
"10926","O'CONNOR ST @ SLATER ST","367580.34286","5031449.61926","-75.69780","45.42016","2017","7/25/2017","5:54:00 AM","02 - Rain","02 - Wet","01 - Traffic signal","02 - Intersection related","03 - Dawn","03 - P.D. only","05 - Turning movement"
"10927","O'CONNOR ST @ SLATER ST","367580.03935","5031450.57620","-75.69781","45.42017","2017","11/14/2017","1:41:00 PM","01 - Clear","01 - Dry","01 - Traffic signal","02 - Intersection related","01 - Daylight","03 - P.D. only","04 - Sideswipe"
"10928","O'CONNOR ST @ SLATER ST","367579.70410","5031450.57700","-75.69781","45.42017","2017","1/30/2017","7:03:00 PM","01 - Clear","01 - Dry","01 - Traffic signal","02 - Intersection related","07 - Dark","03 - P.D. only","03 - Rear end"
"10929","O'CONNOR ST @ SLATER ST","367580.24764","5031450.84757","-75.69780","45.42018","2017","1/16/2017","2:52:00 PM","01 - Clear","01 - Dry","01 - Traffic signal","03 - At intersection","01 - Daylight","03 - P.D. only","04 - Sideswipe"
"10930","O'CONNOR ST @ SOMERSET ST","367855.71010","5031010.65082","-75.69434","45.41619","2017","6/17/2017","12:12:00 AM","01 - Clear","01 - Dry","01 - Traffic signal","03 - At intersection","07 - Dark","03 - P.D. only","07 - SMV other"
"10931","O'CONNOR ST @ SOMERSET ST","367856.04455","5031013.24280","-75.69434","45.41621","2017","5/5/2017","6:31:00 PM","02 - Rain","02 - Wet","01 - Traffic signal","03 - At intersection","01 - Daylight","03 - P.D. only","05 - Turning movement"
"10932","O'CONNOR ST @ SOMERSET ST","367855.71010","5031012.84527","-75.69434","45.41621","2017","9/14/2017","11:00:00 PM","01 - Clear","01 - Dry","01 - Traffic signal","02 - Intersection related","07 - Dark","03 - P.D. only","05 - Turning movement"
"10933","O'CONNOR ST @ SOMERSET ST","367855.37565","5031012.57390","-75.69435","45.41621","2017","3/9/2017","3:18:00 PM","01 - Clear","01 - Dry","01 - Traffic signal","03 - At intersection","01 - Daylight","02 - Non-fatal injury","05 - Turning movement"