"Record","Location","X","Y","Longitude","Latitude","Year","Date","Time","Environment","Road_Surface","Traffic_Control","Collision_Location","Light","Collision_Classification","Impact_type"
"10934","O'CONNOR ST @ STRATHCONA AVE","368378.71654","5030169.89370","-75.68777","45.40858","2017","11/9/2017","4:58:00 PM","01 - Clear","01 - Dry","02 - Stop sign","02 - Intersection related","07 - Dark","02 - Non-fatal injury","02 - Angle"
"10935","O'CONNOR ST @ WELLINGTON ST","367413.69920","5031721.86565","-75.69990","45.42263","2017","9/25/2017","8:30:00 AM","01 - Clear","01 - Dry","01 - Traffic signal","02 - Intersection related","01 - Daylight","03 - P.D. only","01 - Approaching"
"10936","O'CONNOR ST @ WELLINGTON ST","367414.17710","5031721.86565","-75.69989","45.42263","2017","12/8/2017","4:27:00 PM","01 - Clear","01 - Dry","01 - Traffic signal","03 - At intersection","05 - Dusk","03 - P.D. only","03 - Rear end"
"10937","O'CONNOR ST @ WELLINGTON ST","367414.44967","5031722.20727","-75.69989","45.42263","2017","2/14/2017","6:15:00 AM","03 - Snow","03 - Loose snow","01 - Traffic signal","03 - At intersection","03 - Dawn","03 - P.D. only","05 - Turning movement"
"10938","O'CONNOR ST @ WELLINGTON ST","367414.24194","5031722.03976","-75.69989","45.42263","2017","1/19/2017","4:03:00 PM","01 - Clear","01 - Dry","01 - Traffic signal","02 - Intersection related","01 - Daylight","03 - P.D. only","99 - Other"
"10939","O'CONNOR ST @ WELLINGTON ST","367414.03365","5031721.91360","-75.69989","45.42263","2017","3/29/2017","5:38:00 PM","01 - Clear","01 - Dry","01 - Traffic signal","03 - At intersection","01 - Daylight","03 - P.D. only","05 - Turning movement"
"10940","O'CONNOR ST btwn ALBERT ST & SLATER ST","367547.79088","5031506.64812","-75.69821","45.42068","2017","3/31/2017","8:16:00 AM","01 - Clear","01 - Dry","10 - No control","01 - Non intersection","01 - Daylight","03 - P.D. only","06 - SMV unattended vehicle"
"10941","O'CONNOR ST btwn COOPER ST & SOMERSET ST W","367833.97097","5031044.68092","-75.69462","45.41650","2017","11/9/2017","12:10:00 PM","01 - Clear","01 - Dry","10 - No control","01 - Non intersection","01 - Daylight","03 - P.D. only","04 - Sideswipe"
"10942","O'CONNOR ST btwn FIFTH AVE & HOLMWOOD AVE","368740.65133","5029484.61203","-75.68323","45.40238","2017","11/26/2017","2:04:00 AM","01 - Clear","02 - Wet","10 - No control","01 - Non intersection","07 - Dark","03 - P.D. only","04 - Sideswipe"
"10943","O'CONNOR ST btwn GLADSTONE AVE & MCLEOD ST","368081.06572","5030645.19177","-75.69151","45.41288","2017","11/25/2017","2:05:00 PM","01 - Clear","01 - Dry","10 - No control","01 - Non intersection","01 - Daylight","03 - P.D. only","04 - Sideswipe"
"10944","O'CONNOR ST btwn GLOUCESTER ST & NEPEAN ST","367695.23495","5031266.85987","-75.69636","45.41851","2017","3/15/2017","12:00:00 AM","03 - Snow","05 - Packed snow","10 - No control","01 - Non intersection","00 - Unknown","03 - P.D. only","06 - SMV unattended vehicle"
"10945","O'CONNOR ST btwn LISGAR ST & COOPER ST","367765.03718","5031155.93084","-75.69548","45.41751","2017","8/18/2017","4:05:00 PM","01 - Clear","01 - Dry","10 - No control","01 - Non intersection","01 - Daylight","03 - P.D. only","06 - SMV unattended vehicle"
"10946","O'CONNOR ST btwn MACLAREN ST & GILMOUR ST","367936.32366","5030880.65039","-75.69333","45.41501","2017","8/15/2017","11:20:00 AM","01 - Clear","01 - Dry","10 - No control","01 - Non intersection","01 - Daylight","02 - Non-fatal injury","07 - SMV other"
"10947","O'CONNOR ST btwn MACLAREN ST & GILMOUR ST","367915.08202","5030915.68569","-75.69360","45.41533","2017","10/10/2017","10:20:00 AM","01 - Clear","01 - Dry","10 - No control","01 - Non intersection","01 - Daylight","03 - P.D. only","06 - SMV unattended vehicle"
"10948","O'CONNOR ST btwn MACLAREN ST & GILMOUR ST","367923.63972","5030901.78386","-75.69349","45.41520","2017","11/8/2017","6:32:00 PM","01 - Clear","01 - Dry","10 - No control","01 - Non intersection","07 - Dark","03 - P.D. only","04 - Sideswipe"
"10949","O'CONNOR ST btwn SPARKS ST & QUEEN ST","367466.87646","5031632.95039","-75.69923","45.42182","2017","10/6/2017","10:45:00 AM","01 - Clear","01 - Dry","10 - No control","01 - Non intersection","01 - Daylight","03 - P.D. only","99 - Other"
"10950","O'CONNOR ST btwn WAVERLEY ST & FRANK ST","368035.49480","5030722.01858","-75.69208","45.41358","2017","11/11/2017","12:00:00 AM","01 - Clear","01 - Dry","10 - No control","01 - Non intersection","00 - Unknown","03 - P.D. only","06 - SMV unattended vehicle"
"10951","O'CONNOR ST btwn WELLINGTON ST & SPARKS ST","367420.72261","5031709.87347","-75.69981","45.42252","2017","11/15/2017","9:37:00 AM","01 - Clear","01 - Dry","10 - No control","01 - Non intersection","01 - Daylight","03 - P.D. only","04 - Sideswipe"
"10952","ODESSA WAY btwn COBBLE HILL DR & NEWBURGH PL","360934.64100","5015220.78500","-75.78456","45.27470","2017","3/7/2017","10:00:00 AM","04 - Freezing Rain","06 - Ice","10 - No control","01 - Non intersection","01 - Daylight","03 - P.D. only","06 - SMV unattended vehicle"
"10953","OGILVIE RD @ 125 E OF ELMLEA GT","375093.93334","5033550.36890","-75.60151","45.43835","2017","3/11/2017","1:00:00 PM","01 - Clear","01 - Dry","01 - Traffic signal","02 - Intersection related","01 - Daylight","03 - P.D. only","03 - Rear end"
"10954","OGILVIE RD @ BATHGATE DR/CITYPARK DR W","373827.19202","5032800.14902","-75.61780","45.43173","2017","6/20/2017","8:06:00 AM","02 - Rain","02 - Wet","01 - Traffic signal","02 - Intersection related","01 - Daylight","03 - P.D. only","04 - Sideswipe"
"10955","OGILVIE RD @ BATHGATE DR/CITYPARK DR W","373829.05655","5032801.91429","-75.61778","45.43174","2017","7/21/2017","4:02:00 PM","01 - Clear","01 - Dry","01 - Traffic signal","03 - At intersection","01 - Daylight","03 - P.D. only","02 - Angle"
"10956","OGILVIE RD @ BATHGATE DR/CITYPARK DR W","373828.10781","5032801.05093","-75.61779","45.43174","2017","10/11/2017","3:00:00 PM","01 - Clear","01 - Dry","01 - Traffic signal","02 - Intersection related","01 - Daylight","03 - P.D. only","03 - Rear end"
"10957","OGILVIE RD @ BATHGATE DR/CITYPARK DR W","373829.72544","5032799.90760","-75.61777","45.43173","2017","11/27/2017","12:14:00 PM","01 - Clear","06 - Ice","01 - Traffic signal","03 - At intersection","01 - Daylight","03 - P.D. only","02 - Angle"
"10958","OGILVIE RD @ BATHGATE DR/CITYPARK DR W","373831.04900","5032801.83992","-75.61775","45.43174","2017","1/9/2017","6:30:00 PM","01 - Clear","04 - Slush","01 - Traffic signal","02 - Intersection related","07 - Dark","03 - P.D. only","04 - Sideswipe"
"10959","OGILVIE RD @ BATHGATE DR/CITYPARK DR W","373829.05655","5032801.24540","-75.61778","45.43174","2017","2/18/2017","12:10:00 PM","01 - Clear","02 - Wet","01 - Traffic signal","03 - At intersection","01 - Daylight","02 - Non-fatal injury","02 - Angle"
"10960","OGILVIE RD @ BATHGATE DR/CITYPARK DR W","373828.43567","5032800.38600","-75.61779","45.43173","2017","1/20/2017","2:48:00 PM","04 - Freezing Rain","02 - Wet","01 - Traffic signal","03 - At intersection","01 - Daylight","02 - Non-fatal injury","03 - Rear end"
"10961","OGILVIE RD @ BATHGATE DR/CITYPARK DR W","373829.05655","5032799.90760","-75.61778","45.43173","2017","3/4/2017","12:30:00 AM","03 - Snow","06 - Ice","01 - Traffic signal","03 - At intersection","07 - Dark","03 - P.D. only","07 - SMV other"
"10962","OGILVIE RD @ BATHGATE DR/CITYPARK DR W","373829.05655","5032799.23871","-75.61778","45.43172","2017","4/9/2017","10:06:00 PM","01 - Clear","01 - Dry","01 - Traffic signal","03 - At intersection","07 - Dark","03 - P.D. only","05 - Turning movement"
"10963","OGILVIE RD @ BATHGATE DR/CITYPARK DR W","373829.05655","5032801.24540","-75.61778","45.43174","2017","3/12/2017","2:00:00 PM","01 - Clear","01 - Dry","01 - Traffic signal","02 - Intersection related","01 - Daylight","03 - P.D. only","03 - Rear end"
"10964","OGILVIE RD @ BATHGATE DR/CITYPARK DR W","373827.82018","5032799.90006","-75.61779","45.43173","2017","12/29/2017","10:41:00 AM","01 - Clear","01 - Dry","01 - Traffic signal","02 - Intersection related","01 - Daylight","02 - Non-fatal injury","03 - Rear end"
"10965","OGILVIE RD @ CITY PARK DR E/CSIS HQ ACCESS","374189.06265","5033011.24570","-75.61315","45.43359","2017","5/18/2017","7:13:00 PM","01 - Clear","01 - Dry","01 - Traffic signal","03 - At intersection","01 - Daylight","03 - P.D. only","03 - Rear end"
"10966","OGILVIE RD @ CITY PARK DR E/CSIS HQ ACCESS","374189.73154","5033010.57680","-75.61314","45.43358","2017","5/23/2017","12:53:00 PM","01 - Clear","01 - Dry","01 - Traffic signal","03 - At intersection","01 - Daylight","02 - Non-fatal injury","03 - Rear end"
"10967","OGILVIE RD @ CITY PARK DR E/CSIS HQ ACCESS","374187.78145","5033010.81349","-75.61316","45.43359","2017","9/3/2017","5:40:00 PM","02 - Rain","02 - Wet","01 - Traffic signal","02 - Intersection related","01 - Daylight","02 - Non-fatal injury","07 - SMV other"
"10968","OGILVIE RD @ CITY PARK DR E/CSIS HQ ACCESS","374188.11440","5033008.98827","-75.61316","45.43357","2017","10/13/2017","11:42:00 AM","01 - Clear","01 - Dry","01 - Traffic signal","02 - Intersection related","01 - Daylight","03 - P.D. only","05 - Turning movement"
"10969","OGILVIE RD @ CITY PARK DR E/CSIS HQ ACCESS","374187.72486","5033009.23901","-75.61317","45.43357","2017","2/17/2017","6:51:00 PM","01 - Clear","01 - Dry","01 - Traffic signal","03 - At intersection","07 - Dark","03 - P.D. only","05 - Turning movement"
"10970","OGILVIE RD @ ELMLEA GT/SHOPPERS CITY EAST SC","374988.37950","5033486.43696","-75.60287","45.43779","2017","8/23/2017","5:50:00 PM","01 - Clear","01 - Dry","01 - Traffic signal","02 - Intersection related","01 - Daylight","03 - P.D. only","03 - Rear end"
"10971","OGILVIE RD @ ELMLEA GT/SHOPPERS CITY EAST SC","374987.98223","5033486.20757","-75.60287","45.43778","2017","2/8/2017","7:41:00 AM","01 - Clear","04 - Slush","01 - Traffic signal","03 - At intersection","01 - Daylight","03 - P.D. only","04 - Sideswipe"
"10972","OGILVIE RD @ ELMRIDGE DR/JASMINE CRES N","375420.95208","5034060.80018","-75.59726","45.44291","2017","8/29/2017","9:48:00 AM","01 - Clear","01 - Dry","01 - Traffic signal","02 - Intersection related","01 - Daylight","03 - P.D. only","04 - Sideswipe"
"10973","OGILVIE RD @ ELMRIDGE DR/JASMINE CRES N","375421.06455","5034060.57820","-75.59725","45.44291","2017","11/26/2017","10:15:00 AM","01 - Clear","01 - Dry","01 - Traffic signal","03 - At intersection","01 - Daylight","02 - Non-fatal injury","05 - Turning movement"
"10974","OGILVIE RD @ ELMRIDGE DR/JASMINE CRES N","375420.73010","5034059.22135","-75.59726","45.44290","2017","1/11/2017","4:27:00 PM","02 - Rain","02 - Wet","01 - Traffic signal","03 - At intersection","01 - Daylight","02 - Non-fatal injury","02 - Angle"
"10975","OGILVIE RD @ MATHESON RD/PALMERSTON DR","373379.73548","5032536.51469","-75.62356","45.42940","2017","7/21/2017","5:40:00 PM","01 - Clear","01 - Dry","01 - Traffic signal","02 - Intersection related","01 - Daylight","03 - P.D. only","03 - Rear end"
"10976","OGILVIE RD @ MATHESON RD/PALMERSTON DR","373380.19500","5032537.90034","-75.62355","45.42941","2017","10/5/2017","4:02:00 PM","01 - Clear","01 - Dry","01 - Traffic signal","02 - Intersection related","01 - Daylight","03 - P.D. only","03 - Rear end"
"10977","OGILVIE RD @ MATHESON RD/PALMERSTON DR","373381.69594","5032537.38670","-75.62353","45.42941","2017","2/22/2017","12:24:00 PM","02 - Rain","02 - Wet","01 - Traffic signal","02 - Intersection related","01 - Daylight","02 - Non-fatal injury","03 - Rear end"
"10978","OGILVIE RD btwn BATHGATE DR & CITY PARK DR (1)","373841.76626","5032808.18669","-75.61762","45.43180","2017","2/15/2017","9:37:00 AM","03 - Snow","05 - Packed snow","10 - No control","01 - Non intersection","01 - Daylight","02 - Non-fatal injury","03 - Rear end"
"10979","OGILVIE RD btwn BLAIR RD & DUNHAM ST","374686.25601","5033301.04343","-75.60675","45.43615","2017","1/25/2017","8:46:00 PM","03 - Snow","06 - Ice","10 - No control","01 - Non intersection","07 - Dark","02 - Non-fatal injury","03 - Rear end"
"10980","OGILVIE RD btwn CADBORO RD & BATHGATE DR","373724.70872","5032740.37583","-75.61912","45.43120","2017","11/16/2017","4:45:00 PM","02 - Rain","02 - Wet","10 - No control","01 - Non intersection","05 - Dusk","02 - Non-fatal injury","03 - Rear end"
"10981","OGILVIE RD btwn CITY PARK DR & BLAIR RD (2)","374373.60999","5033116.96965","-75.61078","45.43452","2017","5/18/2017","4:42:00 PM","01 - Clear","01 - Dry","10 - No control","01 - Non intersection","01 - Daylight","03 - P.D. only","04 - Sideswipe"
"10982","OGILVIE RD btwn CITY PARK DR & BLAIR RD (2)","374329.46283","5033092.88938","-75.61134","45.43431","2017","12/1/2017","7:44:00 PM","01 - Clear","01 - Dry","10 - No control","01 - Non intersection","07 - Dark","03 - P.D. only","03 - Rear end"
"10983","OGILVIE RD btwn CITY PARK DR & BLAIR RD (2)","374358.39794","5033112.40225","-75.61097","45.43448","2017","12/8/2017","10:43:00 AM","01 - Clear","01 - Dry","10 - No control","01 - Non intersection","01 - Daylight","03 - P.D. only","07 - SMV other"
"10984","OGILVIE RD btwn COVENTRY RD & OGILVIE RD","372354.49246","5031956.89244","-75.63674","45.42428","2017","6/16/2017","11:56:00 AM","01 - Clear","01 - Dry","10 - No control","01 - Non intersection","01 - Daylight","03 - P.D. only","04 - Sideswipe"
"10985","OGILVIE RD btwn CUMMINGS AVE & BEAULIEU PL","372821.10498","5032208.20674","-75.63074","45.42650","2017","6/15/2017","3:45:00 PM","01 - Clear","01 - Dry","10 - No control","01 - Non intersection","01 - Daylight","03 - P.D. only","04 - Sideswipe"
"10986","OGILVIE RD btwn CUMMINGS AVE & BEAULIEU PL","372789.43540","5032193.16420","-75.63115","45.42637","2017","12/15/2017","1:14:00 PM","03 - Snow","02 - Wet","10 - No control","01 - Non intersection","01 - Daylight","03 - P.D. only","03 - Rear end"
"10987","OGILVIE RD btwn CUMMINGS AVE & BEAULIEU PL","372955.69194","5032284.08454","-75.62901","45.42717","2017","12/1/2017","1:26:00 PM","01 - Clear","01 - Dry","10 - No control","04 - At/near private drive","01 - Daylight","03 - P.D. only","04 - Sideswipe"
"10988","OGILVIE RD btwn CUMMINGS AVE & BEAULIEU PL","372795.93865","5032195.28041","-75.63106","45.42639","2017","1/5/2017","1:48:00 PM","01 - Clear","02 - Wet","10 - No control","04 - At/near private drive","01 - Daylight","03 - P.D. only","02 - Angle"
"10989","OGILVIE RD btwn ELMLEA GT & 125 E OF ELMLEA GT (2)","375095.95572","5033552.60948","-75.60148","45.43837","2017","10/16/2017","12:37:00 PM","01 - Clear","01 - Dry","10 - No control","04 - At/near private drive","01 - Daylight","03 - P.D. only","03 - Rear end"
"10990","OGILVIE RD btwn ELMLEA GT & 125 E OF ELMLEA GT (2)","375136.04899","5033579.20605","-75.60097","45.43861","2017","2/16/2017","5:22:00 AM","01 - Clear","03 - Loose snow","10 - No control","04 - At/near private drive","07 - Dark","03 - P.D. only","02 - Angle"
"10991","OGILVIE RD btwn JASMINE CRES & ELMRIDGE DR","375414.00849","5033960.67500","-75.59736","45.44201","2017","1/23/2017","8:53:00 PM","01 - Clear","05 - Packed snow","10 - No control","01 - Non intersection","07 - Dark","03 - P.D. only","03 - Rear end"
"10992","OGILVIE RD btwn KENDER AVE & LA VERENDRYE DR","375386.35446","5035251.94346","-75.59753","45.45363","2017","7/22/2017","12:00:00 AM","01 - Clear","01 - Dry","10 - No control","01 - Non intersection","00 - Unknown","03 - P.D. only","06 - SMV unattended vehicle"
"10993","OGILVIE RD btwn LA VERENDRYE DR & EASTVALE DR","375433.68546","5035132.16310","-75.59694","45.45255","2017","6/26/2017","1:30:00 PM","01 - Clear","01 - Dry","10 - No control","04 - At/near private drive","01 - Daylight","02 - Non-fatal injury","03 - Rear end"
"10994","OGILVIE RD btwn MURDOCK GT & CUMMINGS AVE","372728.31886","5032159.63638","-75.63193","45.42607","2017","11/20/2017","3:38:00 PM","01 - Clear","01 - Dry","10 - No control","04 - At/near private drive","01 - Daylight","03 - P.D. only","02 - Angle"
"10995","OGILVIE RD btwn MURDOCK GT & CUMMINGS AVE","372737.46316","5032164.95718","-75.63182","45.42612","2017","2/14/2017","12:09:00 PM","03 - Snow","02 - Wet","10 - No control","04 - At/near private drive","01 - Daylight","03 - P.D. only","05 - Turning movement"
"10996","OGILVIE WALK CRES btwn AMBASSADOR AVE & AMBASSADOR AVE","374048.04019","5032652.34250","-75.61500","45.43038","2017","2/9/2017","8:40:00 AM","01 - Clear","05 - Packed snow","10 - No control","04 - At/near private drive","01 - Daylight","03 - P.D. only","06 - SMV unattended vehicle"
"10997","O'KEEFE CRT btwn FOXTAIL AVE & END","360143.55562","5014974.11493","-75.79467","45.27255","2017","4/23/2017","11:26:00 PM","01 - Clear","01 - Dry","10 - No control","01 - Non intersection","07 - Dark","02 - Non-fatal injury","07 - SMV other"
"10998","OLD ALMONTE RD btwn CORKERY RD & HOWIE RD","339054.40593","5013188.46959","-76.06355","45.25782","2017","11/20/2017","6:39:00 PM","01 - Clear","01 - Dry","10 - No control","01 - Non intersection","07 - Dark","03 - P.D. only","07 - SMV other"
"10999","OLD ALMONTE RD btwn UPPER DWYER HILL RD & CORKERY RD","337942.09233","5012089.24122","-76.07780","45.24798","2017","3/20/2017","6:54:00 PM","01 - Clear","04 - Slush","10 - No control","01 - Non intersection","05 - Dusk","03 - P.D. only","07 - SMV other"
"11000","OLD CARP RD @ SECOND LINE RD","347766.59920","5023538.45914","-75.95165","45.35048","2017","8/11/2017","8:37:00 AM","01 - Clear","01 - Dry","02 - Stop sign","03 - At intersection","01 - Daylight","03 - P.D. only","02 - Angle"
"11001","OLD CARP RD @ SECOND LINE RD","347765.51372","5023538.85905","-75.95167","45.35048","2017","9/8/2017","11:03:00 AM","02 - Rain","02 - Wet","02 - Stop sign","03 - At intersection","01 - Daylight","02 - Non-fatal injury","02 - Angle"
"11002","OLD CARP RD @ SECOND LINE RD","347766.59920","5023537.02883","-75.95165","45.35046","2017","12/17/2017","11:00:00 AM","01 - Clear","02 - Wet","02 - Stop sign","03 - At intersection","01 - Daylight","03 - P.D. only","07 - SMV other"
"11003","OLD COUNTRY GT @ VIEWMOUNT DR","366771.65645","5023896.27021","-75.70908","45.35227","2017","11/21/2017","8:55:00 AM","01 - Clear","02 - Wet","02 - Stop sign","02 - Intersection related","01 - Daylight","03 - P.D. only","07 - SMV other"
"11004","OLD COUNTRY GT btwn VIEWMOUNT DR & HOMESTEAD ST","366803.75969","5023894.58421","-75.70867","45.35226","2017","1/9/2017","4:05:00 PM","01 - Clear","06 - Ice","10 - No control","01 - Non intersection","01 - Daylight","03 - P.D. only","06 - SMV unattended vehicle"
"11005","OLD INNES RD @ BANTREE ST","373726.12454","5030352.37480","-75.61944","45.40971","2017","5/2/2017","9:41:00 AM","01 - Clear","01 - Dry","02 - Stop sign","02 - Intersection related","01 - Daylight","03 - P.D. only","03 - Rear end"
"11006","OLD INNES RD @ BANTREE ST","373727.64833","5030352.49926","-75.61942","45.40971","2017","10/18/2017","8:49:00 AM","01 - Clear","01 - Dry","02 - Stop sign","03 - At intersection","01 - Daylight","03 - P.D. only","05 - Turning movement"
"11007","OLD INNES RD @ BANTREE ST","373727.70163","5030352.73870","-75.61942","45.40972","2017","10/30/2017","7:00:00 AM","02 - Rain","02 - Wet","02 - Stop sign","03 - At intersection","03 - Dawn","03 - P.D. only","05 - Turning movement"
"11008","OLD INNES RD @ BANTREE ST","373728.67402","5030351.91059","-75.61940","45.40971","2017","10/4/2017","4:00:00 PM","01 - Clear","01 - Dry","02 - Stop sign","03 - At intersection","01 - Daylight","03 - P.D. only","02 - Angle"
"11009","OLD INNES RD btwn BANTREE ST & SHEFFIELD RD","373995.11407","5030500.74320","-75.61598","45.41102","2017","11/6/2017","3:36:00 AM","02 - Rain","02 - Wet","10 - No control","01 - Non intersection","07 - Dark","03 - P.D. only","07 - SMV other"
"11010","OLD MONTREAL RD @ MARKET ST E/PETER HARKNESS L","390474.41607","5042552.98940","-75.40338","45.51763","2017","7/4/2017","1:10:00 PM","01 - Clear","01 - Dry","02 - Stop sign","03 - At intersection","01 - Daylight","03 - P.D. only","02 - Angle"
"11011","OLD MONTREAL RD @ MARKET ST E/PETER HARKNESS L","390473.57340","5042553.57510","-75.40339","45.51764","2017","7/20/2017","10:42:00 PM","01 - Clear","01 - Dry","02 - Stop sign","02 - Intersection related","07 - Dark","03 - P.D. only","07 - SMV other"
"11012","OLD MONTREAL RD btwn BARNETT DR & PIERRETTE DR","391396.92430","5042646.42247","-75.39156","45.51836","2017","11/29/2017","11:40:00 AM","01 - Clear","02 - Wet","10 - No control","04 - At/near private drive","01 - Daylight","03 - P.D. only","07 - SMV other"
"11013","OLD MONTREAL RD btwn GERALD ST & Continuation of OLD MONTREAL RD","384961.91527","5039449.91896","-75.47443","45.49037","2017","10/6/2017","6:25:00 AM","01 - Clear","01 - Dry","10 - No control","04 - At/near private drive","03 - Dawn","03 - P.D. only","04 - Sideswipe"
"11014","OLD MONTREAL RD btwn GRAND-CH-NE, COUR DU CRT & TED KELLY LANE","386333.29547","5040850.68426","-75.45666","45.50281","2017","12/3/2017","12:52:00 AM","03 - Snow","02 - Wet","10 - No control","01 - Non intersection","07 - Dark","03 - P.D. only","07 - SMV other"
"11015","OLD MONTREAL RD btwn KING ARTHUR ST & QUIGLEY HILL RD","388585.78352","5041477.13738","-75.42773","45.50818","2017","11/27/2017","6:30:00 PM","01 - Clear","01 - Dry","10 - No control","01 - Non intersection","07 - Dark","03 - P.D. only","07 - SMV other"
"11016","OLD MONTREAL RD btwn KING ARTHUR ST & QUIGLEY HILL RD","388594.43321","5041466.13773","-75.42762","45.50808","2017","1/9/2017","7:02:00 AM","01 - Clear","06 - Ice","10 - No control","01 - Non intersection","03 - Dawn","03 - P.D. only","03 - Rear end"
"11017","OLD MONTREAL RD btwn KINSELLA DR & TO BE DETERMINED","392515.68619","5042703.25640","-75.37723","45.51873","2017","11/25/2017","11:15:00 PM","01 - Clear","02 - Wet","10 - No control","01 - Non intersection","07 - Dark","03 - P.D. only","07 - SMV other"
"11018","OLD MONTREAL RD btwn MEADOW LANE RD & KING ARTHUR ST","386838.42049","5040903.29629","-75.45019","45.50323","2017","2/25/2017","3:57:00 PM","02 - Rain","02 - Wet","10 - No control","01 - Non intersection","01 - Daylight","03 - P.D. only","07 - SMV other"
"11019","OLD MONTREAL RD btwn TO BE DETERMINED & BECKETT'S CREEK RD","392727.05331","5042597.68478","-75.37454","45.51775","2017","12/16/2017","9:56:00 PM","03 - Snow","03 - Loose snow","10 - No control","01 - Non intersection","07 - Dark","03 - P.D. only","03 - Rear end"
"11020","OLD MONTREAL RD E @ REGIONAL RD 174","394617.56257","5043035.92993","-75.35027","45.52145","2017","1/6/2017","7:49:00 PM","01 - Clear","02 - Wet","02 - Stop sign","03 - At intersection","07 - Dark","03 - P.D. only","02 - Angle"
"11021","OLD PRESCOTT RD @ PARKWAY RD","377888.89033","5013684.22177","-75.56872","45.25932","2017","2/28/2017","8:52:00 AM","01 - Clear","01 - Dry","01 - Traffic signal","03 - At intersection","01 - Daylight","03 - P.D. only","02 - Angle"
"11022","OLD PRESCOTT RD btwn CHRIS TIERNEY PRIV & BREANNA CARDILL ST","378417.12295","5009458.16583","-75.56262","45.22124","2017","7/10/2017","1:43:00 PM","01 - Clear","01 - Dry","10 - No control","01 - Non intersection","01 - Daylight","02 - Non-fatal injury","07 - SMV other"
"11023","OLD PRESCOTT RD btwn CHRIS TIERNEY PRIV & BREANNA CARDILL ST","378507.59428","5009520.70627","-75.56146","45.22179","2017","7/27/2017","12:29:00 PM","01 - Clear","01 - Dry","10 - No control","01 - Non intersection","01 - Daylight","03 - P.D. only","07 - SMV other"
"11024","OLD RICHMOND RD @ SANIBEL PRIV N","357378.65100","5019211.46710","-75.82945","45.31089","2017","1/13/2017","6:01:00 PM","01 - Clear","01 - Dry","10 - No control","02 - Intersection related","07 - Dark","03 - P.D. only","05 - Turning movement"
"11025","OLD RICHMOND RD @ SANIBEL PRIV S","357367.81590","5019164.68000","-75.82959","45.31047","2017","4/21/2017","7:42:00 AM","02 - Rain","02 - Wet","10 - No control","02 - Intersection related","01 - Daylight","03 - P.D. only","02 - Angle"
"11026","OLD SECOND LINE RD @ TERRY FOX DR","348795.20000","5022408.41290","-75.93863","45.34024","2017","10/21/2017","1:27:00 PM","01 - Clear","01 - Dry","01 - Traffic signal","02 - Intersection related","01 - Daylight","03 - P.D. only","03 - Rear end"
"11027","OLD ST. PATRICK ST btwn BEAUSOLEIL DR & END","368496.12797","5032972.25804","-75.68591","45.43378","2017","12/21/2017","9:20:00 PM","01 - Clear","06 - Ice","10 - No control","01 - Non intersection","07 - Dark","03 - P.D. only","06 - SMV unattended vehicle"
"11028","OLD ST. PATRICK ST btwn BEAUSOLEIL DR & PATRO ST","368566.75915","5033016.83235","-75.68500","45.43418","2017","11/16/2017","5:00:00 PM","02 - Rain","02 - Wet","10 - No control","01 - Non intersection","07 - Dark","03 - P.D. only","06 - SMV unattended vehicle"
"11029","OLD TENTH LINE RD @ TENTH LINE RD","383042.49300","5038359.21785","-75.49916","45.48077","2017","11/3/2017","2:54:00 PM","01 - Clear","01 - Dry","01 - Traffic signal","03 - At intersection","01 - Daylight","03 - P.D. only","03 - Rear end"
"11030","OLD TENTH LINE RD @ TENTH LINE RD","383041.68065","5038358.31000","-75.49917","45.48076","2017","11/16/2017","4:45:00 PM","02 - Rain","02 - Wet","01 - Traffic signal","02 - Intersection related","05 - Dusk","03 - P.D. only","03 - Rear end"
"11031","OLD TENTH LINE RD @ TENTH LINE RD","383042.76557","5038357.85320","-75.49916","45.48076","2017","2/12/2017","9:56:00 PM","03 - Snow","06 - Ice","01 - Traffic signal","03 - At intersection","07 - Dark","03 - P.D. only","02 - Angle"
"11032","OLD TENTH LINE RD @ TENTH LINE RD","383042.34955","5038358.97890","-75.49916","45.48077","2017","3/14/2017","2:15:00 PM","03 - Snow","03 - Loose snow","01 - Traffic signal","02 - Intersection related","01 - Daylight","03 - P.D. only","03 - Rear end"
"11033","OLD TENTH LINE RD @ TENTH LINE RD","383042.96185","5038358.74221","-75.49915","45.48077","2017","12/19/2017","7:25:00 AM","03 - Snow","03 - Loose snow","01 - Traffic signal","02 - Intersection related","03 - Dawn","03 - P.D. only","03 - Rear end"
"11034","OLD TENTH LINE RD/OR174 IC101 RAMP63 @ ST. JOS","383118.33098","5038786.39248","-75.49812","45.48461","2017","6/23/2017","8:51:00 AM","02 - Rain","02 - Wet","01 - Traffic signal","03 - At intersection","01 - Daylight","02 - Non-fatal injury","02 - Angle"
"11035","OLD TENTH LINE RD/OR174 IC101 RAMP63 @ ST. JOS","383120.74744","5038786.93209","-75.49809","45.48461","2017","5/16/2017","9:56:00 PM","01 - Clear","01 - Dry","01 - Traffic signal","02 - Intersection related","07 - Dark","03 - P.D. only","07 - SMV other"