"Record","Location","X","Y","Longitude","Latitude","Year","Date","Time","Environment","Road_Surface","Traffic_Control","Collision_Location","Light","Collision_Classification","Impact_type"
"11036","OLD TENTH LINE RD/OR174 IC101 RAMP63 @ ST. JOS","383119.40965","5038784.92540","-75.49811","45.48459","2017","5/28/2017","8:30:00 PM","01 - Clear","01 - Dry","01 - Traffic signal","02 - Intersection related","05 - Dusk","03 - P.D. only","03 - Rear end"
"11037","OLD TENTH LINE RD/OR174 IC101 RAMP63 @ ST. JOS","383119.16780","5038785.38533","-75.49811","45.48460","2017","6/30/2017","8:30:00 AM","01 - Clear","01 - Dry","01 - Traffic signal","03 - At intersection","01 - Daylight","03 - P.D. only","02 - Angle"
"11038","OLD TENTH LINE RD/OR174 IC101 RAMP63 @ ST. JOS","383119.23460","5038783.55629","-75.49811","45.48458","2017","10/30/2017","4:40:00 PM","01 - Clear","01 - Dry","01 - Traffic signal","02 - Intersection related","01 - Daylight","02 - Non-fatal injury","02 - Angle"
"11039","OLD TENTH LINE RD/OR174 IC101 RAMP63 @ ST. JOS","383119.63333","5038785.44594","-75.49810","45.48460","2017","9/29/2017","3:00:00 PM","01 - Clear","01 - Dry","01 - Traffic signal","02 - Intersection related","01 - Daylight","03 - P.D. only","07 - SMV other"
"11040","OLD TENTH LINE RD/OR174 IC101 RAMP63 @ ST. JOS","383118.07186","5038785.59430","-75.49812","45.48460","2017","11/30/2017","5:27:00 PM","03 - Snow","02 - Wet","01 - Traffic signal","03 - At intersection","07 - Dark","03 - P.D. only","05 - Turning movement"
"11041","OLD TENTH LINE RD/OR174 IC101 RAMP63 @ ST. JOS","383121.28302","5038784.02249","-75.49808","45.48459","2017","2/12/2017","4:23:00 PM","03 - Snow","04 - Slush","01 - Traffic signal","03 - At intersection","01 - Daylight","03 - P.D. only","02 - Angle"
"11042","OLD TENTH LINE RD/OR174 IC101 RAMP63 @ ST. JOS","383117.89410","5038786.18524","-75.49813","45.48461","2017","4/5/2017","12:01:00 PM","01 - Clear","01 - Dry","01 - Traffic signal","03 - At intersection","01 - Daylight","02 - Non-fatal injury","02 - Angle"
"11043","OLMSTEAD ST @ JEANNE MANCE ST","370466.43871","5032942.57424","-75.66073","45.43333","2017","8/11/2017","10:38:00 AM","01 - Clear","01 - Dry","02 - Stop sign","02 - Intersection related","01 - Daylight","02 - Non-fatal injury","04 - Sideswipe"
"11044","OLMSTEAD ST btwn GLADU ST & MCARTHUR AVE","370477.91875","5032782.56880","-75.66061","45.43189","2017","5/2/2017","12:00:00 AM","02 - Rain","02 - Wet","10 - No control","01 - Non intersection","07 - Dark","03 - P.D. only","06 - SMV unattended vehicle"
"11045","OLMSTEAD ST btwn LEVIS AVE & JEANNE MANCE ST","370460.97253","5032980.58303","-75.66080","45.43368","2017","11/28/2017","1:47:00 AM","01 - Clear","06 - Ice","10 - No control","01 - Non intersection","07 - Dark","03 - P.D. only","07 - SMV other"
"11046","ONSLOW CRES btwn BELGRAVE RD & ELLIOT AVE","369703.16636","5029702.65911","-75.67091","45.40425","2017","1/11/2017","12:06:00 AM","03 - Snow","04 - Slush","10 - No control","01 - Non intersection","07 - Dark","03 - P.D. only","03 - Rear end"
"11047","ONTARIO ST @ NORTH RIVER RD","369938.06964","5032315.26072","-75.66757","45.42774","2017","7/21/2017","9:00:00 AM","01 - Clear","01 - Dry","02 - Stop sign","03 - At intersection","01 - Daylight","03 - P.D. only","02 - Angle"
"11048","OPUS ST btwn ROMINA ST & BRIGITTA ST","354637.62897","5015254.42823","-75.86480","45.27548","2017","11/23/2017","9:00:00 PM","01 - Clear","01 - Dry","10 - No control","01 - Non intersection","07 - Dark","03 - P.D. only","07 - SMV other"
"11049","OR174 IC101 RAMP45 btwn ST. JOSEPH BLVD & REGIONAL ROAD 174","383397.18439","5039299.39615","-75.49447","45.48919","2017","9/28/2017","6:33:00 AM","01 - Clear","01 - Dry","10 - No control","01 - Non intersection","03 - Dawn","02 - Non-fatal injury","03 - Rear end"
"11050","OR174 IC102 RAMP15 @ PLACE D'ORLEANS DR","381879.97782","5038346.40000","-75.51403","45.48079","2017","1/22/2017","7:47:00 PM","01 - Clear","01 - Dry","01 - Traffic signal","03 - At intersection","07 - Dark","02 - Non-fatal injury","02 - Angle"
"11051","OR174 IC102 RAMP36 btwn REGIONAL ROAD 174 & TRANSIT","381447.63493","5038216.18597","-75.51958","45.47966","2017","10/19/2017","12:45:00 AM","01 - Clear","01 - Dry","10 - No control","07 - Overpass or bridge","07 - Dark","03 - P.D. only","07 - SMV other"
"11052","OR174 IC102 RAMP36 btwn REGIONAL ROAD 174 & TRANSIT","381052.55100","5037970.64443","-75.52467","45.47750","2017","11/23/2017","11:26:00 AM","01 - Clear","01 - Dry","10 - No control","01 - Non intersection","01 - Daylight","03 - P.D. only","03 - Rear end"
"11053","OR174 IC105 RAMP36/OR174 IC105 RAMP16 @ TRANSI","379308.00047","5037036.79218","-75.54712","45.46928","2017","1/30/2017","6:26:00 AM","01 - Clear","02 - Wet","03 - Yield sign","02 - Intersection related","07 - Dark","03 - P.D. only","03 - Rear end"
"11054","OR174 IC109 RAMP54 btwn REGIONAL ROAD 174 & ST. JOSEPH BLVD","376565.29130","5034919.18776","-75.58250","45.45052","2017","6/21/2017","2:54:00 PM","01 - Clear","01 - Dry","10 - No control","01 - Non intersection","01 - Daylight","02 - Non-fatal injury","07 - SMV other"
"11055","OR174 IC109 RAMP64 btwn OR174 IC109 RAMP66 & REGIONAL ROAD 174","376375.25361","5035092.23674","-75.58491","45.45209","2017","7/24/2017","6:16:00 AM","02 - Rain","02 - Wet","10 - No control","01 - Non intersection","01 - Daylight","02 - Non-fatal injury","04 - Sideswipe"
"11056","OR174 IC109 RAMP64 btwn OR174 IC109 RAMP66 & REGIONAL ROAD 174","376528.59149","5035200.05279","-75.58293","45.45305","2017","7/14/2017","11:57:00 PM","02 - Rain","02 - Wet","10 - No control","01 - Non intersection","07 - Dark","03 - P.D. only","07 - SMV other"
"11057","OR174 IC109 RAMP65 @ MONTREAL RD","376402.92576","5034982.29925","-75.58457","45.45110","2017","4/28/2017","6:46:00 PM","01 - Clear","01 - Dry","01 - Traffic signal","02 - Intersection related","01 - Daylight","03 - P.D. only","03 - Rear end"
"11058","OR174 IC109 RAMP65 @ MONTREAL RD","376402.98803","5034982.00279","-75.58457","45.45110","2017","5/6/2017","11:30:00 AM","02 - Rain","02 - Wet","01 - Traffic signal","03 - At intersection","01 - Daylight","03 - P.D. only","02 - Angle"
"11059","OR174 IC109 RAMP65 @ MONTREAL RD","376402.70170","5034982.06085","-75.58457","45.45110","2017","7/17/2017","7:30:00 PM","01 - Clear","01 - Dry","01 - Traffic signal","02 - Intersection related","01 - Daylight","03 - P.D. only","03 - Rear end"
"11060","OR174 IC109 RAMP65 @ MONTREAL RD","376402.23580","5034982.53412","-75.58458","45.45110","2017","9/28/2017","6:45:00 AM","01 - Clear","01 - Dry","01 - Traffic signal","02 - Intersection related","03 - Dawn","02 - Non-fatal injury","03 - Rear end"
"11061","OR174 IC109 RAMP65 @ MONTREAL RD","376402.55360","5034982.25163","-75.58457","45.45110","2017","9/28/2017","7:17:00 AM","01 - Clear","01 - Dry","01 - Traffic signal","02 - Intersection related","01 - Daylight","03 - P.D. only","03 - Rear end"
"11062","OR174 IC109 RAMP65 @ MONTREAL RD","376402.64599","5034982.89707","-75.58457","45.45111","2017","10/24/2017","11:16:00 AM","02 - Rain","02 - Wet","01 - Traffic signal","03 - At intersection","01 - Daylight","02 - Non-fatal injury","01 - Approaching"
"11063","OR174 IC109 RAMP65 @ MONTREAL RD","376404.36191","5034983.50334","-75.58455","45.45111","2017","11/9/2017","5:01:00 PM","01 - Clear","01 - Dry","01 - Traffic signal","02 - Intersection related","05 - Dusk","03 - P.D. only","03 - Rear end"
"11064","OR174 IC109 RAMP65 @ MONTREAL RD","376402.98803","5034982.67169","-75.58457","45.45111","2017","11/29/2017","2:00:00 PM","01 - Clear","01 - Dry","01 - Traffic signal","03 - At intersection","01 - Daylight","03 - P.D. only","03 - Rear end"
"11065","OR174 IC109 RAMP65 @ MONTREAL RD","376403.21794","5034983.01543","-75.58457","45.45111","2017","12/14/2017","6:45:00 PM","01 - Clear","01 - Dry","01 - Traffic signal","02 - Intersection related","07 - Dark","03 - P.D. only","03 - Rear end"
"11066","OR174 IC109 RAMP65 @ MONTREAL RD","376402.76008","5034983.07756","-75.58457","45.45111","2017","12/7/2017","6:07:00 AM","01 - Clear","01 - Dry","01 - Traffic signal","02 - Intersection related","07 - Dark","03 - P.D. only","07 - SMV other"
"11067","OR174 IC109 RAMP65 @ MONTREAL RD","376403.65692","5034983.34059","-75.58456","45.45111","2017","2/15/2017","9:00:00 AM","03 - Snow","03 - Loose snow","01 - Traffic signal","03 - At intersection","01 - Daylight","02 - Non-fatal injury","02 - Angle"
"11068","OR174 IC109 RAMP65 @ MONTREAL RD","376402.13861","5034983.22432","-75.58458","45.45111","2017","1/18/2017","5:35:00 AM","04 - Freezing Rain","06 - Ice","01 - Traffic signal","02 - Intersection related","07 - Dark","03 - P.D. only","04 - Sideswipe"
"11069","OR174 IC109 RAMP65 @ MONTREAL RD","376403.27024","5034982.49641","-75.58457","45.45110","2017","2/15/2017","9:24:00 AM","03 - Snow","04 - Slush","01 - Traffic signal","02 - Intersection related","01 - Daylight","02 - Non-fatal injury","03 - Rear end"
"11070","OR174 IC109 RAMP65 @ MONTREAL RD","376403.48148","5034983.17440","-75.58456","45.45111","2017","2/11/2017","11:30:00 AM","03 - Snow","02 - Wet","01 - Traffic signal","02 - Intersection related","01 - Daylight","03 - P.D. only","99 - Other"
"11071","OR174 IC109 RAMP65 @ MONTREAL RD","376402.43301","5034982.84591","-75.58458","45.45111","2017","12/19/2017","6:00:00 AM","01 - Clear","03 - Loose snow","01 - Traffic signal","02 - Intersection related","07 - Dark","03 - P.D. only","03 - Rear end"
"11072","OR174 IC109 RAMP66 @ MONTREAL RD","376297.80964","5034935.21023","-75.58592","45.45069","2017","8/23/2017","5:04:00 PM","01 - Clear","01 - Dry","03 - Yield sign","02 - Intersection related","01 - Daylight","03 - P.D. only","03 - Rear end"
"11073","OR174 IC112 RAMP15 btwn BLAIR RD & REGIONAL ROAD 174","375099.03550","5033041.79290","-75.60152","45.43377","2017","9/22/2017","7:46:00 PM","01 - Clear","08 - Loose sand or gravel","10 - No control","01 - Non intersection","07 - Dark","02 - Non-fatal injury","07 - SMV other"
"11074","OR174 IC112 RAMP15 btwn BLAIR RD & REGIONAL ROAD 174","375043.61196","5032960.45683","-75.60224","45.43305","2017","10/5/2017","8:07:00 PM","01 - Clear","01 - Dry","10 - No control","01 - Non intersection","07 - Dark","03 - P.D. only","07 - SMV other"
"11075","OR174 IC112 RAMP51 btwn REGIONAL ROAD 174 & OR174 IC112 RAMP52","374967.38127","5032878.43813","-75.60322","45.43232","2017","3/28/2017","12:56:00 PM","01 - Clear","01 - Dry","10 - No control","01 - Non intersection","01 - Daylight","03 - P.D. only","07 - SMV other"
"11076","ORANGEVILLE ST btwn BOOTH ST & LEBRETON ST S","366931.10037","5029587.86681","-75.70633","45.40347","2017","7/20/2017","12:00:00 AM","01 - Clear","01 - Dry","10 - No control","01 - Non intersection","07 - Dark","03 - P.D. only","06 - SMV unattended vehicle"
"11077","ORCHARDVIEW AVE @ GARDENWAY DR","384734.67010","5036807.09975","-75.47777","45.46662","2017","9/3/2017","4:32:00 PM","02 - Rain","02 - Wet","02 - Stop sign","03 - At intersection","01 - Daylight","03 - P.D. only","02 - Angle"
"11078","ORCHARDVIEW AVE @ GARDENWAY DR","384735.36312","5036806.83364","-75.47776","45.46661","2017","12/2/2017","10:45:00 AM","01 - Clear","01 - Dry","02 - Stop sign","03 - At intersection","01 - Daylight","03 - P.D. only","02 - Angle"
"11079","ORCHARDVIEW AVE @ GARDENWAY DR","384735.76300","5036806.92853","-75.47776","45.46662","2017","1/14/2017","10:22:00 AM","01 - Clear","01 - Dry","02 - Stop sign","03 - At intersection","01 - Daylight","02 - Non-fatal injury","02 - Angle"
"11080","ORCHARDVIEW AVE btwn NORTHAMPTON DR & GARDENWAY DR","384728.93125","5036821.06873","-75.47784","45.46674","2017","12/19/2017","4:33:00 PM","01 - Clear","05 - Packed snow","10 - No control","04 - At/near private drive","05 - Dusk","02 - Non-fatal injury","99 - Other"
"11081","ORCHARDVIEW AVE btwn NORTHAMPTON DR & GARDENWAY DR","384687.05951","5036933.94902","-75.47836","45.46776","2017","12/23/2017","7:16:00 PM","01 - Clear","02 - Wet","10 - No control","01 - Non intersection","07 - Dark","03 - P.D. only","06 - SMV unattended vehicle"
"11082","ORLEANS BLVD @ LONGLEAF DR N/SILVERBIRCH ST","380738.48316","5034033.61459","-75.52930","45.44211","2017","12/8/2017","5:55:00 PM","01 - Clear","01 - Dry","02 - Stop sign","02 - Intersection related","07 - Dark","03 - P.D. only","04 - Sideswipe"
"11083","ORLEANS BLVD @ MAPLE RUN AVE/BEAUSEJOUR DR S","380575.39664","5035316.68913","-75.53118","45.45367","2017","8/3/2017","9:25:00 PM","01 - Clear","01 - Dry","01 - Traffic signal","02 - Intersection related","07 - Dark","03 - P.D. only","05 - Turning movement"
"11084","ORLEANS BLVD @ MAPLE RUN AVE/BEAUSEJOUR DR S","380572.75390","5035315.29793","-75.53122","45.45366","2017","1/28/2017","1:43:00 PM","01 - Clear","02 - Wet","01 - Traffic signal","03 - At intersection","01 - Daylight","02 - Non-fatal injury","05 - Turning movement"
"11085","ORLEANS BLVD @ MAPLE RUN AVE/BEAUSEJOUR DR S","380572.46308","5035316.19260","-75.53122","45.45367","2017","12/27/2017","4:10:00 PM","01 - Clear","01 - Dry","01 - Traffic signal","03 - At intersection","05 - Dusk","03 - P.D. only","02 - Angle"
"11086","ORLEANS BLVD @ NAVAN RD","380596.51810","5033091.47936","-75.53125","45.43365","2017","7/11/2017","4:34:00 PM","01 - Clear","01 - Dry","02 - Stop sign","02 - Intersection related","01 - Daylight","03 - P.D. only","01 - Approaching"
"11087","ORLEANS BLVD @ NAVAN RD","380597.46485","5033091.51041","-75.53124","45.43365","2017","9/5/2017","8:50:00 AM","01 - Clear","01 - Dry","02 - Stop sign","02 - Intersection related","01 - Daylight","03 - P.D. only","03 - Rear end"
"11088","ORLEANS BLVD @ NAVAN RD","380594.18387","5033095.71174","-75.53128","45.43369","2017","11/12/2017","3:16:00 PM","01 - Clear","01 - Dry","02 - Stop sign","03 - At intersection","01 - Daylight","03 - P.D. only","02 - Angle"
"11089","ORLEANS BLVD @ NAVAN RD","380597.06084","5033091.47573","-75.53125","45.43365","2017","2/7/2017","7:18:00 AM","01 - Clear","04 - Slush","02 - Stop sign","03 - At intersection","01 - Daylight","03 - P.D. only","02 - Angle"
"11090","ORLEANS BLVD @ PINEGLADE CRES/CRESTMONT PL","380610.00353","5034138.43167","-75.53092","45.44307","2017","2/15/2017","9:00:00 AM","03 - Snow","03 - Loose snow","02 - Stop sign","03 - At intersection","01 - Daylight","03 - P.D. only","05 - Turning movement"
"11091","ORLEANS BLVD @ ST. JOSEPH BLVD","380631.73773","5036980.58976","-75.53020","45.46864","2017","6/9/2017","6:30:00 PM","01 - Clear","01 - Dry","01 - Traffic signal","02 - Intersection related","01 - Daylight","03 - P.D. only","05 - Turning movement"
"11092","ORLEANS BLVD @ ST. JOSEPH BLVD","380632.68445","5036980.82679","-75.53019","45.46864","2017","8/25/2017","3:52:00 PM","01 - Clear","01 - Dry","01 - Traffic signal","03 - At intersection","01 - Daylight","02 - Non-fatal injury","05 - Turning movement"
"11093","ORLEANS BLVD @ ST. JOSEPH BLVD","380629.91122","5036982.11217","-75.53023","45.46865","2017","8/10/2017","10:52:00 AM","01 - Clear","01 - Dry","01 - Traffic signal","02 - Intersection related","01 - Daylight","03 - P.D. only","03 - Rear end"
"11094","ORLEANS BLVD @ ST. JOSEPH BLVD","380631.73770","5036980.21487","-75.53021","45.46863","2017","2/8/2017","4:02:00 PM","01 - Clear","02 - Wet","01 - Traffic signal","03 - At intersection","01 - Daylight","02 - Non-fatal injury","07 - SMV other"
"11095","ORLEANS BLVD @ ST. JOSEPH BLVD","380631.19496","5036980.86147","-75.53021","45.46864","2017","1/22/2017","1:36:00 AM","02 - Rain","02 - Wet","01 - Traffic signal","02 - Intersection related","07 - Dark","02 - Non-fatal injury","07 - SMV other"
"11096","ORLEANS BLVD @ ST. JOSEPH BLVD","380630.73436","5036980.59010","-75.53022","45.46864","2017","4/5/2017","12:00:00 PM","01 - Clear","01 - Dry","01 - Traffic signal","02 - Intersection related","01 - Daylight","02 - Non-fatal injury","03 - Rear end"
"11097","ORLEANS BLVD @ ST. JOSEPH BLVD","380631.57864","5036980.70455","-75.53021","45.46864","2017","3/10/2017","12:01:00 PM","01 - Clear","01 - Dry","01 - Traffic signal","02 - Intersection related","01 - Daylight","03 - P.D. only","07 - SMV other"
"11098","ORLEANS BLVD @ ST. JOSEPH BLVD","380632.21107","5036979.88004","-75.53020","45.46863","2017","12/30/2017","10:55:00 AM","01 - Clear","06 - Ice","01 - Traffic signal","02 - Intersection related","01 - Daylight","03 - P.D. only","03 - Rear end"
"11099","ORLEANS BLVD btwn BOYER RD & BEAUSEJOUR DR","380996.27604","5035521.93058","-75.52577","45.45547","2017","1/9/2017","12:25:00 AM","01 - Clear","03 - Loose snow","10 - No control","01 - Non intersection","07 - Dark","03 - P.D. only","03 - Rear end"
"11100","ORLEANS BLVD btwn BOYER RD & BEAUSEJOUR DR","381103.34622","5035721.48847","-75.52437","45.45726","2017","3/8/2017","7:45:00 AM","01 - Clear","02 - Wet","10 - No control","04 - At/near private drive","01 - Daylight","03 - P.D. only","04 - Sideswipe"
"11101","ORLEANS BLVD btwn BROKEN OAK DR & JEANNE D'ARC BLVD N","379985.85127","5038200.30698","-75.53828","45.47968","2017","10/11/2017","3:28:00 PM","01 - Clear","01 - Dry","10 - No control","01 - Non intersection","01 - Daylight","02 - Non-fatal injury","03 - Rear end"
"11102","ORLEANS BLVD btwn BROKEN OAK DR & JEANNE D'ARC BLVD N","379915.85842","5038273.28689","-75.53916","45.48034","2017","10/22/2017","9:40:00 PM","01 - Clear","01 - Dry","10 - No control","01 - Non intersection","07 - Dark","03 - P.D. only","07 - SMV other"
"11103","ORLEANS BLVD btwn FOREST VALLEY DR & MEADOWGLEN DR","380280.20793","5034725.15090","-75.53505","45.44838","2017","1/8/2017","8:06:00 PM","01 - Clear","02 - Wet","10 - No control","01 - Non intersection","07 - Dark","03 - P.D. only","04 - Sideswipe"
"11104","ORLEANS BLVD btwn FORTUNE DR & LUMBERMAN WAY","380318.32719","5037538.33723","-75.53413","45.47369","2017","12/29/2017","5:36:00 AM","03 - Snow","03 - Loose snow","10 - No control","01 - Non intersection","07 - Dark","02 - Non-fatal injury","07 - SMV other"
"11105","ORLEANS BLVD btwn JEANNE D'ARC BLVD S & BEAUSEJOUR DR","381011.60314","5036046.36233","-75.52549","45.46019","2017","5/20/2017","1:45:00 PM","01 - Clear","01 - Dry","10 - No control","04 - At/near private drive","01 - Daylight","03 - P.D. only","02 - Angle"
"11106","ORLEANS BLVD btwn LUMBERMAN WAY & ST. JOSEPH BLVD","380618.48326","5036999.76170","-75.53037","45.46881","2017","10/31/2017","6:32:00 AM","01 - Clear","01 - Dry","10 - No control","04 - At/near private drive","03 - Dawn","03 - P.D. only","02 - Angle"
"11107","ORLEANS BLVD btwn LUMBERMAN WAY & ST. JOSEPH BLVD","380628.16701","5036985.09094","-75.53025","45.46868","2017","3/1/2017","4:00:00 PM","02 - Rain","02 - Wet","10 - No control","04 - At/near private drive","01 - Daylight","03 - P.D. only","02 - Angle"
"11108","ORLEANS BLVD btwn LUMBERMAN WAY & ST. JOSEPH BLVD","380575.12918","5037061.33108","-75.53092","45.46937","2017","3/2/2017","3:06:00 PM","01 - Clear","01 - Dry","10 - No control","04 - At/near private drive","01 - Daylight","03 - P.D. only","05 - Turning movement"
"11109","ORMROD RD btwn WORLEY ST & FLEWELLYN RD","341912.81060","5002312.40568","-76.02794","45.15981","2017","12/12/2017","6:57:00 PM","03 - Snow","05 - Packed snow","10 - No control","01 - Non intersection","07 - Dark","03 - P.D. only","07 - SMV other"
"11110","ORMROD RD btwn WORLEY ST & FLEWELLYN RD","341887.18512","5002303.15754","-76.02827","45.15973","2017","11/15/2017","3:43:00 AM","01 - Clear","01 - Dry","10 - No control","01 - Non intersection","07 - Dark","02 - Non-fatal injury","07 - SMV other"
"11111","ORTONA AVE btwn FALAISE RD & STORMONT ST","366945.07264","5024593.17152","-75.70678","45.35853","2017","9/11/2017","3:25:00 PM","01 - Clear","01 - Dry","10 - No control","04 - At/near private drive","01 - Daylight","02 - Non-fatal injury","06 - SMV unattended vehicle"
"11112","ORTONA AVE N @ NORMANDY CRES N","366830.25645","5024871.87186","-75.70821","45.36105","2017","8/9/2017","2:24:00 PM","01 - Clear","01 - Dry","02 - Stop sign","03 - At intersection","01 - Daylight","02 - Non-fatal injury","02 - Angle"
"11113","OSGOODE MAIN ST btwn 2ND LINE RD & BLANCHFIELD RD","377225.45022","5002451.44822","-75.57881","45.15832","2017","6/8/2017","3:31:00 PM","01 - Clear","01 - Dry","10 - No control","01 - Non intersection","01 - Daylight","03 - P.D. only","07 - SMV other"
"11114","OSGOODE MAIN ST btwn ELIZABETH ST & VANCE ST","375160.77330","5001137.08265","-75.60525","45.14670","2017","3/23/2017","8:24:00 AM","01 - Clear","01 - Dry","10 - No control","01 - Non intersection","01 - Daylight","03 - P.D. only","06 - SMV unattended vehicle"
"11115","OSGOODE MAIN ST btwn OLD GEORGE ST & ROBERT DOWD ST","374839.25540","5000908.12965","-75.60937","45.14467","2017","12/22/2017","12:00:00 PM","03 - Snow","03 - Loose snow","10 - No control","04 - At/near private drive","01 - Daylight","03 - P.D. only","03 - Rear end"
"11116","OSGOODE ST @ RANGE RD","369498.09767","5032250.00321","-75.67320","45.42719","2017","9/12/2017","1:25:00 PM","01 - Clear","01 - Dry","02 - Stop sign","02 - Intersection related","01 - Daylight","03 - P.D. only","06 - SMV unattended vehicle"
"11117","OSGOODE ST @ SWEETLAND AVE","369064.32777","5031983.88894","-75.67877","45.42484","2017","7/30/2017","6:29:00 PM","01 - Clear","01 - Dry","02 - Stop sign","03 - At intersection","01 - Daylight","03 - P.D. only","02 - Angle"
"11118","OSGOODE ST @ SWEETLAND AVE","369066.03995","5031983.24001","-75.67875","45.42483","2017","4/2/2017","9:05:00 PM","01 - Clear","01 - Dry","02 - Stop sign","02 - Intersection related","07 - Dark","02 - Non-fatal injury","07 - SMV other"
"11119","OSGOODE ST btwn BLACKBURN AVE & GOULBURN AVE","369356.94610","5032163.17316","-75.67501","45.42642","2017","2/25/2017","6:53:00 PM","01 - Clear","01 - Dry","10 - No control","01 - Non intersection","07 - Dark","03 - P.D. only","06 - SMV unattended vehicle"
"11120","OSNABROOK PRIV btwn DUNDONALD DR & KILBIRNIE DR","365547.34637","5012190.19654","-75.72614","45.24705","2017","8/28/2017","7:00:00 AM","01 - Clear","01 - Dry","10 - No control","04 - At/near private drive","01 - Daylight","03 - P.D. only","06 - SMV unattended vehicle"
"11121","OTHELLO AVE @ PLEASANT PARK RD","373447.89316","5028736.21395","-75.62322","45.39520","2017","11/17/2017","7:44:00 PM","01 - Clear","01 - Dry","02 - Stop sign","02 - Intersection related","07 - Dark","03 - P.D. only","02 - Angle"
"11122","OTHELLO AVE @ PLEASANT PARK RD","373447.26864","5028737.27293","-75.62322","45.39521","2017","1/18/2017","8:49:00 AM","04 - Freezing Rain","04 - Slush","02 - Stop sign","02 - Intersection related","01 - Daylight","03 - P.D. only","02 - Angle"
"11123","O'TOOLE RD btwn INNES RD & FRENCH HILL RD","389199.30112","5038037.77008","-75.42047","45.47716","2017","7/3/2017","6:55:00 AM","01 - Clear","01 - Dry","10 - No control","01 - Non intersection","01 - Daylight","03 - P.D. only","07 - SMV other"
"11124","OTTAWA RIVER PKWY @ ISLAND PARK DR","363299.12680","5029453.34765","-75.75274","45.40257","2017","8/24/2017","7:15:00 AM","01 - Clear","01 - Dry","01 - Traffic signal","02 - Intersection related","01 - Daylight","03 - P.D. only","99 - Other"
"11125","OTTAWA RIVER PKWY @ ISLAND PARK DR","363298.66449","5029453.57245","-75.75275","45.40258","2017","9/22/2017","9:05:00 AM","01 - Clear","01 - Dry","01 - Traffic signal","02 - Intersection related","01 - Daylight","03 - P.D. only","03 - Rear end"
"11126","OTTAWA RIVER PKWY @ ISLAND PARK DR","363299.17320","5029454.28025","-75.75274","45.40258","2017","10/30/2017","11:29:00 AM","02 - Rain","02 - Wet","01 - Traffic signal","02 - Intersection related","01 - Daylight","02 - Non-fatal injury","03 - Rear end"
"11127","OTTAWA RIVER PKWY @ ISLAND PARK DR","363299.02975","5029454.90119","-75.75274","45.40259","2017","11/27/2017","4:30:00 PM","02 - Rain","02 - Wet","01 - Traffic signal","02 - Intersection related","05 - Dusk","03 - P.D. only","03 - Rear end"
"11128","OTTAWA RIVER PKWY @ ISLAND PARK DR","363298.77239","5029454.33475","-75.75274","45.40258","2017","1/4/2017","7:30:00 AM","04 - Freezing Rain","03 - Loose snow","01 - Traffic signal","02 - Intersection related","03 - Dawn","03 - P.D. only","03 - Rear end"
"11129","OTTAWA RIVER PKWY @ ISLAND PARK DR","363301.29857","5029456.93312","-75.75271","45.40261","2017","1/28/2017","6:10:00 AM","07 - Fog, mist, smoke, dust","99 - Other","01 - Traffic signal","02 - Intersection related","07 - Dark","02 - Non-fatal injury","07 - SMV other"
"11130","OTTAWA RIVER PKWY @ ISLAND PARK DR","363298.69530","5029453.56340","-75.75275","45.40258","2017","9/30/2017","3:30:00 PM","01 - Clear","01 - Dry","01 - Traffic signal","02 - Intersection related","01 - Daylight","03 - P.D. only","03 - Rear end"
"11131","OTTAWA RIVER PKWY @ ISLAND PARK DR","363298.69529","5029453.56340","-75.75275","45.40258","2017","9/20/2017","6:00:00 AM","01 - Clear","01 - Dry","01 - Traffic signal","02 - Intersection related","03 - Dawn","03 - P.D. only","03 - Rear end"
"11132","OTTAWA RIVER PKWY @ ISLAND PARK DR","363298.69529","5029453.56341","-75.75275","45.40258","2017","10/1/2017","10:00:00 AM","01 - Clear","01 - Dry","01 - Traffic signal","03 - At intersection","01 - Daylight","03 - P.D. only","03 - Rear end"
"11133","OTTAWA RIVER PKWY @ ISLAND PARK DR","363298.70291","5029453.57245","-75.75275","45.40258","2017","9/6/2017","10:48:00 AM","01 - Clear","01 - Dry","01 - Traffic signal","03 - At intersection","01 - Daylight","03 - P.D. only","03 - Rear end"
"11134","OTTAWA RIVER PKWY @ ISLAND PARK DR","363298.53410","5029453.54538","-75.75275","45.40258","2017","7/21/2017","9:00:00 PM","01 - Clear","01 - Dry","01 - Traffic signal","03 - At intersection","05 - Dusk","03 - P.D. only","05 - Turning movement"
"11135","OTTAWA RIVER PKWY @ ISLAND PARK DR","363300.04817","5029453.33792","-75.75273","45.40257","2017","8/26/2017","2:21:00 PM","01 - Clear","01 - Dry","01 - Traffic signal","02 - Intersection related","01 - Daylight","03 - P.D. only","03 - Rear end"
"11136","OTTAWA RIVER PKWY @ ISLAND PARK DR","363298.69531","5029453.56340","-75.75275","45.40258","2017","12/15/2017","6:40:00 AM","01 - Clear","06 - Ice","01 - Traffic signal","02 - Intersection related","07 - Dark","03 - P.D. only","05 - Turning movement"
"11137","OTTAWA RIVER PKWY @ ISLAND PARK DR","363298.70030","5029453.60702","-75.75275","45.40258","2017","2/25/2017","3:00:00 PM","02 - Rain","02 - Wet","01 - Traffic signal","03 - At intersection","01 - Daylight","03 - P.D. only","03 - Rear end"
"11138","OTTAWA RIVER PKWY @ ISLAND PARK DR","363299.26345","5029454.53804","-75.75274","45.40258","2017","12/30/2017","6:04:00 PM","03 - Snow","06 - Ice","01 - Traffic signal","03 - At intersection","07 - Dark","03 - P.D. only","03 - Rear end"
"11139","OTTAWA RIVER PKWY @ ISLAND PARK DR","363298.69530","5029453.56340","-75.75275","45.40258","2017","5/8/2017","4:20:00 PM","01 - Clear","01 - Dry","01 - Traffic signal","03 - At intersection","01 - Daylight","03 - P.D. only","03 - Rear end"