"Record","Location","X","Y","Longitude","Latitude","Year","Date","Time","Environment","Road_Surface","Traffic_Control","Collision_Location","Light","Collision_Classification","Impact_type"
"11140","OTTAWA RIVER PKWY @ ISLAND PARK DR","363298.69530","5029453.56340","-75.75275","45.40258","2017","8/1/2017","4:45:00 PM","01 - Clear","01 - Dry","01 - Traffic signal","02 - Intersection related","01 - Daylight","02 - Non-fatal injury","03 - Rear end"
"11141","OTTAWA RIVER PKWY @ ISLAND PARK DR","363298.69529","5029453.56340","-75.75275","45.40258","2017","12/30/2017","7:55:00 PM","01 - Clear","04 - Slush","01 - Traffic signal","02 - Intersection related","07 - Dark","03 - P.D. only","03 - Rear end"
"11142","OTTAWA RIVER PKWY @ ISLAND PARK DR","363298.78231","5029453.32209","-75.75274","45.40257","2017","3/13/2017","3:55:00 PM","01 - Clear","01 - Dry","01 - Traffic signal","03 - At intersection","01 - Daylight","03 - P.D. only","04 - Sideswipe"
"11143","OTTAWA RIVER PKWY @ ISLAND PARK DR","363298.69528","5029453.56346","-75.75275","45.40258","2017","8/19/2017","7:06:00 PM","01 - Clear","01 - Dry","01 - Traffic signal","02 - Intersection related","01 - Daylight","03 - P.D. only","02 - Angle"
"11144","OTTAWA RIVER PKWY @ PORTAGE BRIDGE","366516.54225","5031314.63310","-75.71141","45.41904","2017","5/23/2017","5:28:00 PM","01 - Clear","01 - Dry","01 - Traffic signal","02 - Intersection related","01 - Daylight","03 - P.D. only","02 - Angle"
"11145","OTTAWA RIVER PKWY @ PORTAGE BRIDGE","366515.96016","5031314.56383","-75.71142","45.41904","2017","5/16/2017","2:57:00 PM","01 - Clear","01 - Dry","01 - Traffic signal","02 - Intersection related","01 - Daylight","03 - P.D. only","99 - Other"
"11146","OTTAWA RIVER PKWY @ PORTAGE BRIDGE","366516.28288","5031313.65012","-75.71142","45.41904","2017","3/22/2017","10:12:00 AM","01 - Clear","01 - Dry","01 - Traffic signal","02 - Intersection related","01 - Daylight","02 - Non-fatal injury","03 - Rear end"
"11147","OTTAWA RIVER PKWY @ PORTAGE BRIDGE","366516.09447","5031313.17379","-75.71142","45.41903","2017","4/2/2017","10:50:00 PM","01 - Clear","01 - Dry","01 - Traffic signal","02 - Intersection related","07 - Dark","03 - P.D. only","04 - Sideswipe"
"11148","OTTAWA RIVER PKWY @ PORTAGE BRIDGE","366516.20826","5031314.63114","-75.71142","45.41904","2017","5/26/2017","9:40:00 AM","01 - Clear","02 - Wet","01 - Traffic signal","02 - Intersection related","01 - Daylight","03 - P.D. only","03 - Rear end"
"11149","OTTAWA RIVER PKWY @ PORTAGE BRIDGE","366516.04366","5031316.27701","-75.71142","45.41906","2017","4/3/2017","6:00:00 PM","02 - Rain","02 - Wet","01 - Traffic signal","02 - Intersection related","01 - Daylight","03 - P.D. only","04 - Sideswipe"
"11150","OTTAWA RIVER PKWY @ REMIC RAPIDS ENT/TUNNEY'S","364263.27140","5030245.24680","-75.74033","45.40962","2017","10/2/2017","4:13:00 AM","01 - Clear","01 - Dry","01 - Traffic signal","02 - Intersection related","07 - Dark","03 - P.D. only","02 - Angle"
"11151","OTTAWA RIVER PKWY @ REMIC RAPIDS ENT/TUNNEY'S","364263.27140","5030245.24680","-75.74033","45.40962","2017","7/5/2017","1:22:00 PM","01 - Clear","01 - Dry","01 - Traffic signal","02 - Intersection related","01 - Daylight","03 - P.D. only","03 - Rear end"
"11152","OTTAWA RIVER PKWY @ REMIC RAPIDS ENT/TUNNEY'S","364263.27140","5030245.24680","-75.74033","45.40962","2017","10/9/2017","9:14:00 AM","02 - Rain","02 - Wet","01 - Traffic signal","02 - Intersection related","01 - Daylight","03 - P.D. only","07 - SMV other"
"11153","OTTAWA RIVER PKWY @ REMIC RAPIDS ENT/TUNNEY'S","364263.27102","5030245.24673","-75.74033","45.40962","2017","12/23/2017","5:00:00 PM","03 - Snow","04 - Slush","01 - Traffic signal","02 - Intersection related","07 - Dark","03 - P.D. only","05 - Turning movement"
"11154","OTTAWA RIVER PKWY @ REMIC RAPIDS ENT/TUNNEY'S","364263.27140","5030245.24680","-75.74033","45.40962","2017","5/20/2017","2:47:00 PM","01 - Clear","01 - Dry","01 - Traffic signal","02 - Intersection related","01 - Daylight","03 - P.D. only","07 - SMV other"
"11155","OTTAWA RIVER PKWY @ RIVER ST/SLIDELL ST","365156.70324","5030377.57281","-75.72890","45.41073","2017","7/25/2017","3:56:00 PM","01 - Clear","01 - Dry","01 - Traffic signal","02 - Intersection related","01 - Daylight","03 - P.D. only","03 - Rear end"
"11156","OTTAWA RIVER PKWY @ VIMY PLACE PRIV","365976.99470","5030795.71530","-75.71837","45.41442","2017","2/2/2017","7:58:00 AM","01 - Clear","02 - Wet","01 - Traffic signal","02 - Intersection related","01 - Daylight","03 - P.D. only","03 - Rear end"
"11157","OTTAWA RIVER PKWY @ VIMY PLACE PRIV","365975.74094","5030796.72791","-75.71839","45.41443","2017","3/9/2017","3:16:00 PM","01 - Clear","01 - Dry","01 - Traffic signal","02 - Intersection related","01 - Daylight","03 - P.D. only","03 - Rear end"
"11158","OTTAWA RIVER PKWY @ VIMY PLACE PRIV","365974.18859","5030798.49316","-75.71841","45.41445","2017","12/28/2017","3:45:00 PM","01 - Clear","06 - Ice","01 - Traffic signal","02 - Intersection related","01 - Daylight","02 - Non-fatal injury","03 - Rear end"
"11159","OTTAWA RIVER PKWY @ WELLINGTON ST EB","366690.74066","5031277.58625","-75.70919","45.41870","2017","4/29/2017","12:42:00 PM","01 - Clear","01 - Dry","02 - Stop sign","02 - Intersection related","01 - Daylight","03 - P.D. only","03 - Rear end"
"11160","OTTAWA RIVER PKWY @ WOODROFFE AVE","361427.53997","5027003.39517","-75.77693","45.38068","2017","1/4/2017","8:29:00 AM","03 - Snow","03 - Loose snow","02 - Stop sign","02 - Intersection related","01 - Daylight","03 - P.D. only","03 - Rear end"
"11161","OTTAWA RIVER PKWY @ WOODROFFE AVE","361426.68157","5027002.53674","-75.77694","45.38068","2017","10/23/2017","7:30:00 PM","01 - Clear","01 - Dry","02 - Stop sign","02 - Intersection related","07 - Dark","03 - P.D. only","03 - Rear end"
"11162","OTTAWA RIVER PKWY @ WOODROFFE AVE","361427.44817","5027002.25293","-75.77693","45.38067","2017","3/1/2017","4:25:00 PM","02 - Rain","02 - Wet","02 - Stop sign","02 - Intersection related","01 - Daylight","03 - P.D. only","03 - Rear end"
"11163","OTTAWA RIVER PKWY btwn TRANSITWAY - TIME POINT & VIMY PLACE PRIV","365766.30557","5030525.56005","-75.72110","45.41201","2017","6/22/2017","2:30:00 PM","01 - Clear","01 - Dry","10 - No control","01 - Non intersection","01 - Daylight","03 - P.D. only","07 - SMV other"
"11164","OTTAWA RIVER PKWY btwn VIMY PLACE PRIV & BOOTH ST","366093.76127","5030885.08962","-75.71687","45.41522","2017","9/28/2017","4:07:00 PM","00 - Unknown","01 - Dry","10 - No control","01 - Non intersection","01 - Daylight","03 - P.D. only","03 - Rear end"
"11165","OTTAWA RIVER PKWY btwn VIMY PLACE PRIV & BOOTH ST","366227.76421","5030980.71452","-75.71514","45.41607","2017","5/14/2017","9:30:00 PM","02 - Rain","02 - Wet","10 - No control","01 - Non intersection","07 - Dark","03 - P.D. only","04 - Sideswipe"
"11166","OTTAWA RIVER PKWY btwn WOODROFFE AVE & TURN LANE","361429.73568","5027011.55107","-75.77690","45.38076","2017","2/10/2017","6:01:00 PM","03 - Snow","03 - Loose snow","10 - No control","01 - Non intersection","05 - Dusk","02 - Non-fatal injury","03 - Rear end"
"11167","OTTAWA RIVER PKWY EB btwn TRANSIT & TURN LANE (1)","362676.36854","5028380.12387","-75.76082","45.39297","2017","2/8/2017","9:45:00 AM","01 - Clear","04 - Slush","10 - No control","01 - Non intersection","01 - Daylight","03 - P.D. only","02 - Angle"
"11168","OTTAWA RIVER PKWY EB btwn TRANSIT & TURN LANE (1)","362667.34686","5029043.27592","-75.76086","45.39894","2017","6/3/2017","3:54:00 PM","01 - Clear","01 - Dry","10 - No control","01 - Non intersection","01 - Daylight","02 - Non-fatal injury","03 - Rear end"
"11169","OTTAWA RIVER PKWY EB btwn TRANSIT & TURN LANE (2)","360956.80023","5025746.74871","-75.78308","45.36941","2017","12/30/2017","11:34:00 PM","03 - Snow","03 - Loose snow","10 - No control","01 - Non intersection","07 - Dark","03 - P.D. only","04 - Sideswipe"
"11170","OTTAWA RIVER PKWY EB btwn TUNNEY'S PASTURE/REMIC RAPIDS ENT & ISLAND P","364369.26406","5030303.62213","-75.73897","45.41013","2017","5/12/2017","4:00:00 PM","01 - Clear","01 - Dry","10 - No control","01 - Non intersection","01 - Daylight","03 - P.D. only","03 - Rear end"
"11171","OTTAWA RIVER PKWY OFFR-EB @ PARKDALE AVE","364685.09634","5030331.05427","-75.73493","45.41035","2017","9/3/2017","2:30:00 PM","02 - Rain","02 - Wet","03 - Yield sign","02 - Intersection related","01 - Daylight","02 - Non-fatal injury","07 - SMV other"
"11172","OTTAWA RIVER PKWY OFFR-EB @ PARKDALE AVE","364683.09858","5030331.64358","-75.73496","45.41036","2017","12/11/2017","7:58:00 AM","01 - Clear","01 - Dry","03 - Yield sign","03 - At intersection","01 - Daylight","03 - P.D. only","03 - Rear end"
"11173","OTTAWA RIVER PKWY ONR-EB @ PARKDALE AVE","364692.63616","5030334.36691","-75.73483","45.41038","2017","3/16/2017","1:15:00 PM","01 - Clear","01 - Dry","10 - No control","02 - Intersection related","01 - Daylight","03 - P.D. only","04 - Sideswipe"
"11174","OTTAWA RIVER PKWY WB @ PARKDALE AVE WB ON RAMP","364638.24924","5030469.00380","-75.73551","45.41160","2017","4/4/2017","4:30:00 PM","01 - Clear","01 - Dry","03 - Yield sign","02 - Intersection related","01 - Daylight","03 - P.D. only","04 - Sideswipe"
"11175","OTTAWA RIVER PKWY WB btwn RAMP & RAMP","364717.64685","5030452.33203","-75.73450","45.41144","2017","2/24/2017","3:00:00 PM","00 - Unknown","00 - Unknown","10 - No control","01 - Non intersection","01 - Daylight","02 - Non-fatal injury","03 - Rear end"
"11176","OTTAWA RIVER PKWY WB btwn TRANSIT & TURN LANE","362669.01253","5029106.64022","-75.76083","45.39951","2017","6/15/2017","7:31:00 AM","01 - Clear","01 - Dry","10 - No control","01 - Non intersection","01 - Daylight","03 - P.D. only","07 - SMV other"
"11177","OTTAWA RIVER PKWY WB btwn TRANSIT & TURN LANE","362743.31581","5029157.50596","-75.75987","45.39996","2017","12/30/2017","10:45:00 AM","03 - Snow","06 - Ice","10 - No control","01 - Non intersection","01 - Daylight","03 - P.D. only","07 - SMV other"
"11178","OTTAWA RIVER PKWY WB btwn TRANSIT & TURN LANE","363012.83020","5029246.81738","-75.75642","45.40074","2017","5/27/2017","10:15:00 PM","01 - Clear","01 - Dry","10 - No control","01 - Non intersection","07 - Dark","03 - P.D. only","04 - Sideswipe"
"11179","OTTAWA RIVER PKWY WB btwn TRANSIT & TURN LANE","362595.99594","5028218.83021","-75.76187","45.39152","2017","8/14/2017","6:01:00 PM","01 - Clear","01 - Dry","10 - No control","01 - Non intersection","01 - Daylight","03 - P.D. only","03 - Rear end"
"11180","OTTAWA RIVER PKWY WB btwn TUNNEY'S PASTURE/REMIC RAPIDS ENT & PARKDALE","363651.83286","5029901.02870","-75.74818","45.40657","2017","4/15/2017","12:49:00 PM","01 - Clear","01 - Dry","10 - No control","01 - Non intersection","01 - Daylight","03 - P.D. only","04 - Sideswipe"
"11181","OTTAWA RIVER PKWY WB btwn TUNNEY'S PASTURE/REMIC RAPIDS ENT & PARKDALE","363945.00167","5029988.54177","-75.74443","45.40733","2017","4/26/2017","3:50:00 PM","01 - Clear","01 - Dry","10 - No control","01 - Non intersection","01 - Daylight","03 - P.D. only","03 - Rear end"
"11182","OTTAWA RIVER PKWY WB btwn TUNNEY'S PASTURE/REMIC RAPIDS ENT & PARKDALE","364617.79825","5030470.87278","-75.73577","45.41162","2017","4/27/2017","5:00:00 PM","01 - Clear","04 - Slush","10 - No control","01 - Non intersection","01 - Daylight","03 - P.D. only","04 - Sideswipe"
"11183","OTTAWA RIVER PKWY WB btwn TUNNEY'S PASTURE/REMIC RAPIDS ENT & PARKDALE","363483.78079","5029802.58512","-75.75034","45.40570","2017","6/1/2017","3:45:00 PM","01 - Clear","01 - Dry","10 - No control","01 - Non intersection","01 - Daylight","03 - P.D. only","03 - Rear end"
"11184","OTTAWA RIVER PKWY WB btwn TUNNEY'S PASTURE/REMIC RAPIDS ENT & PARKDALE","363370.84863","5029622.67276","-75.75180","45.40409","2017","6/20/2017","3:45:00 PM","99 - Other","01 - Dry","10 - No control","01 - Non intersection","01 - Daylight","03 - P.D. only","04 - Sideswipe"
"11185","OTTAWA RIVER PKWY WB btwn TUNNEY'S PASTURE/REMIC RAPIDS ENT & PARKDALE","363357.59172","5029600.79341","-75.75198","45.40390","2017","1/31/2017","2:00:00 PM","01 - Clear","01 - Dry","10 - No control","01 - Non intersection","01 - Daylight","03 - P.D. only","03 - Rear end"
"11186","OTTAWA RIVER PKWY WB btwn TUNNEY'S PASTURE/REMIC RAPIDS ENT & PARKDALE","364609.83863","5030469.22958","-75.73588","45.41160","2017","1/25/2017","6:03:00 PM","01 - Clear","01 - Dry","10 - No control","01 - Non intersection","07 - Dark","03 - P.D. only","04 - Sideswipe"
"11187","OTTAWA RIVER PKWY WB btwn TUNNEY'S PASTURE/REMIC RAPIDS ENT & PARKDALE","363378.75814","5029648.14039","-75.75170","45.40432","2017","3/9/2017","3:39:00 PM","01 - Clear","01 - Dry","10 - No control","01 - Non intersection","01 - Daylight","03 - P.D. only","03 - Rear end"
"11188","OTTAWA RIVER PKWY WB btwn TUNNEY'S PASTURE/REMIC RAPIDS ENT & PARKDALE","363390.29765","5029665.81185","-75.75155","45.40448","2017","7/10/2017","1:08:00 PM","01 - Clear","02 - Wet","10 - No control","01 - Non intersection","01 - Daylight","03 - P.D. only","03 - Rear end"
"11189","OTTAWA RIVER PKWY WB btwn TUNNEY'S PASTURE/REMIC RAPIDS ENT & PARKDALE","363367.78718","5029615.94134","-75.75184","45.40403","2017","12/20/2017","10:38:00 AM","01 - Clear","02 - Wet","10 - No control","01 - Non intersection","01 - Daylight","03 - P.D. only","04 - Sideswipe"
"11190","OTTAWA RIVER PKWY WB btwn WOODROFFE AVE & TRANSIT","362149.45303","5027624.44418","-75.76764","45.38621","2017","4/15/2017","11:17:00 PM","07 - Fog, mist, smoke, dust","02 - Wet","10 - No control","01 - Non intersection","07 - Dark","03 - P.D. only","03 - Rear end"
"11191","OTTAWA RIVER PKWY WB RAMP/CARLING AVE WB btwn CARLING AVE & OTTAWA RIV","360872.46504","5025195.99904","-75.78422","45.36446","2017","10/3/2017","12:00:00 AM","01 - Clear","01 - Dry","10 - No control","01 - Non intersection","00 - Unknown","03 - P.D. only","04 - Sideswipe"
"11192","OTTAWA ROAD 29 btwn GALETTA SIDE RD & GALETTA SIDE RD","319038.37268","5027233.15943","-76.31818","45.38489","2017","12/13/2017","8:58:00 AM","03 - Snow","04 - Slush","10 - No control","01 - Non intersection","01 - Daylight","03 - P.D. only","07 - SMV other"
"11193","OTTAWA ROAD 29 btwn GALETTA SIDE RD & GALETTA SIDE RD","319537.95382","5027734.14384","-76.31178","45.38939","2017","3/16/2017","10:18:00 PM","03 - Snow","05 - Packed snow","10 - No control","01 - Non intersection","07 - Dark","03 - P.D. only","07 - SMV other"
"11194","OTTAWA ROAD 29 btwn GALETTA SIDE RD & WALTER BRADLEY RD","320187.54986","5025518.15652","-76.30356","45.36944","2017","11/25/2017","5:05:00 PM","01 - Clear","01 - Dry","10 - No control","01 - Non intersection","07 - Dark","03 - P.D. only","07 - SMV other"
"11195","OTTAWA ROAD 29 btwn GALETTA SIDE RD & WALTER BRADLEY RD","320676.81840","5025002.47350","-76.29733","45.36479","2017","3/14/2017","5:05:00 PM","05 - Drifting Snow","05 - Packed snow","10 - No control","01 - Non intersection","01 - Daylight","03 - P.D. only","07 - SMV other"
"11196","OTTAWA ROAD 29 btwn UPPER DWYER HILL RD & HWY417 IC180 RAMP51","317957.69464","5030647.40506","-76.33189","45.41564","2017","11/8/2017","11:30:00 PM","01 - Clear","01 - Dry","10 - No control","01 - Non intersection","07 - Dark","03 - P.D. only","07 - SMV other"
"11197","OTTAWA ST btwn KING ST & EAGLESON RD","358064.28616","5005611.93193","-75.82217","45.18846","2017","6/13/2017","4:37:00 PM","01 - Clear","01 - Dry","10 - No control","05 - At railway crossing","01 - Daylight","03 - P.D. only","07 - SMV other"
"11198","OTTENBRITE CRES btwn KEYROCK DR & KEYROCK DR","349251.52610","5020380.73240","-75.93299","45.32197","2017","1/30/2017","11:00:00 PM","01 - Clear","03 - Loose snow","10 - No control","04 - At/near private drive","07 - Dark","03 - P.D. only","06 - SMV unattended vehicle"
"11199","OTTERSON DR btwn BLANCHARD CRES & BLANCHARD CRES","368663.67999","5024739.83673","-75.68483","45.35969","2017","3/10/2017","4:55:00 PM","03 - Snow","03 - Loose snow","10 - No control","01 - Non intersection","01 - Daylight","03 - P.D. only","06 - SMV unattended vehicle"
"11200","OWL DR @ PIGEON TER","370223.22536","5024078.87973","-75.66501","45.35360","2017","2/13/2017","8:45:00 AM","01 - Clear","04 - Slush","03 - Yield sign","03 - At intersection","01 - Daylight","02 - Non-fatal injury","07 - SMV other"
"11201","OWL VALLEY DR @ SHORELINE DR","368381.01871","5015617.04360","-75.68961","45.27763","2017","1/16/2017","8:44:00 AM","01 - Clear","01 - Dry","02 - Stop sign","02 - Intersection related","01 - Daylight","03 - P.D. only","04 - Sideswipe"
"11202","PAGE RD btwn BUTTONFIELD PL & SILVERBIRCH ST","381053.04721","5034153.96658","-75.52526","45.44316","2017","7/7/2017","8:20:00 AM","01 - Clear","01 - Dry","10 - No control","01 - Non intersection","01 - Daylight","03 - P.D. only","03 - Rear end"
"11203","PAGE RD btwn INNES RD & BUTTONFIELD PL","380946.37358","5034404.13962","-75.52658","45.44542","2017","12/17/2017","6:42:00 PM","01 - Clear","01 - Dry","10 - No control","01 - Non intersection","07 - Dark","02 - Non-fatal injury","03 - Rear end"
"11204","PAGE RD btwn MEADOWGLEN DR & INNES RD","380881.39448","5034559.95249","-75.52739","45.44683","2017","3/18/2017","6:52:00 PM","01 - Clear","01 - Dry","10 - No control","04 - At/near private drive","07 - Dark","03 - P.D. only","02 - Angle"
"11205","PALISADE ST btwn CONDIE ST & CENTREPOINTE DR","362143.32064","5022271.11007","-75.76834","45.33804","2017","2/3/2017","12:36:00 PM","01 - Clear","01 - Dry","10 - No control","01 - Non intersection","01 - Daylight","03 - P.D. only","06 - SMV unattended vehicle"
"11206","PALLADIUM DR @ SILVER SEVEN RD","351052.03263","5017886.88756","-75.91026","45.29941","2017","8/8/2017","10:01:00 AM","01 - Clear","01 - Dry","01 - Traffic signal","03 - At intersection","01 - Daylight","03 - P.D. only","05 - Turning movement"
"11207","PALLADIUM DR @ SILVER SEVEN RD","351051.94215","5017886.10901","-75.91026","45.29941","2017","7/7/2017","4:12:00 PM","02 - Rain","02 - Wet","01 - Traffic signal","03 - At intersection","01 - Daylight","03 - P.D. only","04 - Sideswipe"
"11208","PALLADIUM DR @ SILVER SEVEN RD","351052.67059","5017888.16348","-75.91025","45.29942","2017","7/25/2017","5:36:00 PM","01 - Clear","01 - Dry","01 - Traffic signal","03 - At intersection","01 - Daylight","03 - P.D. only","02 - Angle"
"11209","PALLADIUM DR @ SILVER SEVEN RD","351050.96667","5017888.08783","-75.91027","45.29942","2017","7/13/2017","4:51:00 PM","01 - Clear","01 - Dry","01 - Traffic signal","03 - At intersection","01 - Daylight","03 - P.D. only","05 - Turning movement"
"11210","PALLADIUM DR @ SILVER SEVEN RD","351052.08107","5017887.68349","-75.91025","45.29942","2017","10/22/2017","12:46:00 PM","01 - Clear","01 - Dry","01 - Traffic signal","03 - At intersection","01 - Daylight","03 - P.D. only","05 - Turning movement"
"11211","PALLADIUM DR @ SILVER SEVEN RD","351052.61104","5017887.44680","-75.91025","45.29942","2017","11/26/2017","6:37:00 PM","03 - Snow","05 - Packed snow","01 - Traffic signal","02 - Intersection related","07 - Dark","03 - P.D. only","07 - SMV other"
"11212","PALLADIUM DR @ SILVER SEVEN RD","351053.27994","5017887.44680","-75.91024","45.29942","2017","4/19/2017","4:15:00 PM","02 - Rain","02 - Wet","01 - Traffic signal","02 - Intersection related","01 - Daylight","03 - P.D. only","02 - Angle"
"11213","PALLADIUM DR @ SILVER SEVEN RD","351052.11720","5017886.42780","-75.91025","45.29941","2017","3/24/2017","8:27:00 AM","05 - Drifting Snow","03 - Loose snow","01 - Traffic signal","03 - At intersection","01 - Daylight","02 - Non-fatal injury","02 - Angle"
"11214","PALLADIUM DR btwn CYCLONE TAYLOR BLVD & SILVER SEVEN RD","350280.97952","5017592.69554","-75.92011","45.29682","2017","1/12/2017","10:37:00 PM","01 - Clear","01 - Dry","10 - No control","04 - At/near private drive","07 - Dark","03 - P.D. only","04 - Sideswipe"
"11215","PALLADIUM DR btwn CYCLONE TAYLOR BLVD & SILVER SEVEN RD","350246.45067","5017580.81786","-75.92055","45.29671","2017","3/4/2017","12:39:00 AM","01 - Clear","01 - Dry","10 - No control","01 - Non intersection","07 - Dark","03 - P.D. only","03 - Rear end"
"11216","PALLADIUM DR btwn HUNTMAR DR & HWY417 IC142 RAMP25","349643.89062","5017331.59025","-75.92826","45.29451","2017","10/24/2017","11:12:00 PM","02 - Rain","02 - Wet","10 - No control","01 - Non intersection","07 - Dark","03 - P.D. only","06 - SMV unattended vehicle"
"11217","PALLADIUM DR btwn HUNTMAR DR & HWY417 IC142 RAMP25","349589.30682","5017255.26226","-75.92896","45.29382","2017","10/2/2017","11:41:00 AM","01 - Clear","01 - Dry","10 - No control","04 - At/near private drive","01 - Daylight","02 - Non-fatal injury","02 - Angle"
"11218","PALLADIUM DR btwn HUNTMAR DR & HWY417 IC142 RAMP25","349545.95993","5017131.27252","-75.92953","45.29271","2017","4/8/2017","12:45:00 PM","01 - Clear","01 - Dry","10 - No control","01 - Non intersection","01 - Daylight","03 - P.D. only","03 - Rear end"
"11219","PALLADIUM DR btwn HUNTMAR DR & HWY417 IC142 RAMP25","349562.32479","5017178.22706","-75.92931","45.29313","2017","4/22/2017","12:56:00 AM","01 - Clear","01 - Dry","10 - No control","04 - At/near private drive","07 - Dark","03 - P.D. only","05 - Turning movement"
"11220","PALLADIUM DR btwn HWY417 IC142 RAMP52 & HWY417 IC142 RAMP53","349071.51316","5017036.31576","-75.93558","45.29189","2017","11/24/2017","4:16:00 PM","01 - Clear","01 - Dry","10 - No control","01 - Non intersection","01 - Daylight","02 - Non-fatal injury","05 - Turning movement"
"11221","PALLADIUM DR btwn SILVER SEVEN RD & TERRY FOX DR","351090.70544","5017917.22124","-75.90976","45.29968","2017","7/18/2017","2:04:00 PM","01 - Clear","01 - Dry","10 - No control","01 - Non intersection","01 - Daylight","02 - Non-fatal injury","03 - Rear end"
"11222","PALLADIUM DR btwn SILVER SEVEN RD & TERRY FOX DR","351238.79804","5018146.86169","-75.90785","45.30174","2017","11/24/2017","3:57:00 PM","01 - Clear","01 - Dry","10 - No control","04 - At/near private drive","01 - Daylight","03 - P.D. only","02 - Angle"
"11223","PALLADIUM DR btwn SILVER SEVEN RD & TERRY FOX DR","351142.19063","5017956.01263","-75.90910","45.30003","2017","2/14/2017","10:32:00 AM","01 - Clear","02 - Wet","10 - No control","04 - At/near private drive","01 - Daylight","02 - Non-fatal injury","02 - Angle"
"11224","PALLADIUM DR btwn SILVER SEVEN RD & TERRY FOX DR","351261.35680","5018173.07955","-75.90756","45.30197","2017","2/19/2017","7:40:00 AM","01 - Clear","01 - Dry","10 - No control","01 - Non intersection","01 - Daylight","03 - P.D. only","04 - Sideswipe"
"11225","PALLADIUM DR/HWY 417 PALLADIU IC142R52 @ HWY 4","349053.27655","5017058.25130","-75.93581","45.29209","2017","3/18/2017","5:31:00 PM","01 - Clear","01 - Dry","02 - Stop sign","02 - Intersection related","05 - Dusk","03 - P.D. only","03 - Rear end"
"11226","PALMERSTON DR btwn PEREZ CRES & HALMONT DR","373443.81899","5032364.80103","-75.62276","45.42785","2017","2/20/2017","12:30:00 PM","01 - Clear","01 - Dry","10 - No control","01 - Non intersection","01 - Daylight","03 - P.D. only","01 - Approaching"
"11227","PALSEN ST @ PERRY ST","364522.03275","5023304.50970","-75.73786","45.34714","2017","7/8/2017","1:08:00 PM","01 - Clear","01 - Dry","02 - Stop sign","02 - Intersection related","01 - Daylight","03 - P.D. only","03 - Rear end"
"11228","PAMILLA ST @ PRESTON ST","366749.70654","5029120.56120","-75.70871","45.39928","2017","11/22/2017","10:17:00 AM","01 - Clear","01 - Dry","01 - Traffic signal","02 - Intersection related","01 - Daylight","03 - P.D. only","03 - Rear end"
"11229","PAMILLA ST @ PRESTON ST","366749.15415","5029119.65928","-75.70872","45.39927","2017","11/20/2017","2:15:00 PM","01 - Clear","01 - Dry","01 - Traffic signal","02 - Intersection related","01 - Daylight","02 - Non-fatal injury","07 - SMV other"
"11230","PAMILLA ST @ PRESTON ST","366749.70654","5029121.23010","-75.70871","45.39929","2017","2/25/2017","3:11:00 PM","02 - Rain","02 - Wet","01 - Traffic signal","03 - At intersection","01 - Daylight","03 - P.D. only","02 - Angle"
"11231","PAMILLA ST btwn PRESTON ST & ROCHESTER ST","366806.83317","5029148.50830","-75.70798","45.39953","2017","10/15/2017","12:00:00 AM","01 - Clear","01 - Dry","10 - No control","01 - Non intersection","00 - Unknown","03 - P.D. only","06 - SMV unattended vehicle"
"11232","PANA RD btwn 9TH LINE RD & YORKS CORNERS RD","386481.91320","5014185.23855","-75.45917","45.26288","2017","11/17/2017","9:48:00 PM","01 - Clear","01 - Dry","10 - No control","01 - Non intersection","07 - Dark","03 - P.D. only","07 - SMV other"
"11233","PANET ST @ SHILLINGTON AVE","364935.36345","5026863.54330","-75.73216","45.37913","2017","6/1/2017","9:15:00 AM","01 - Clear","01 - Dry","02 - Stop sign","03 - At intersection","01 - Daylight","03 - P.D. only","02 - Angle"
"11234","PANMURE RD @ UPPER DWYER HILL RD","329349.88174","5019816.85424","-76.18687","45.31787","2017","8/1/2017","6:20:00 PM","01 - Clear","01 - Dry","02 - Stop sign","02 - Intersection related","01 - Daylight","02 - Non-fatal injury","02 - Angle"
"11235","PANMURE RD @ UPPER DWYER HILL RD","329349.08805","5019816.87420","-76.18688","45.31787","2017","3/9/2017","12:25:00 PM","01 - Clear","01 - Dry","02 - Stop sign","03 - At intersection","01 - Daylight","02 - Non-fatal injury","02 - Angle"
"11236","PANMURE RD btwn HWY417 IC163 RAMP15 & HWY417 IC163 RAMP16","331314.75544","5021479.71362","-76.16172","45.33277","2017","7/21/2017","12:15:00 PM","01 - Clear","01 - Dry","10 - No control","01 - Non intersection","01 - Daylight","03 - P.D. only","03 - Rear end"
"11237","PANMURE RD btwn MISSISSIPPI MILLS TWP & UPPER DWYER HILL RD","328977.89080","5019483.15480","-76.19163","45.31488","2017","3/2/2017","10:26:00 PM","01 - Clear","01 - Dry","10 - No control","01 - Non intersection","07 - Dark","01 - Fatal injury","07 - SMV other"
"11238","PARENT AVE @ BOLTON ST","367596.69074","5032918.84483","-75.69741","45.43338","2017","5/31/2017","8:10:00 PM","01 - Clear","01 - Dry","02 - Stop sign","03 - At intersection","01 - Daylight","03 - P.D. only","02 - Angle"
"11239","PARENT AVE @ ST. ANDREW ST","367732.69470","5032696.29646","-75.69570","45.43137","2017","12/26/2017","2:27:00 PM","01 - Clear","02 - Wet","02 - Stop sign","03 - At intersection","01 - Daylight","03 - P.D. only","02 - Angle"
"11240","PARENT AVE @ ST. PATRICK ST","367822.23778","5032555.25431","-75.69457","45.43009","2017","5/2/2017","7:14:00 PM","01 - Clear","01 - Dry","01 - Traffic signal","02 - Intersection related","01 - Daylight","03 - P.D. only","04 - Sideswipe"