"Record","Location","X","Y","Longitude","Latitude","Year","Date","Time","Environment","Road_Surface","Traffic_Control","Collision_Location","Light","Collision_Classification","Impact_type"
"11241","PARENT AVE @ ST. PATRICK ST","367822.74801","5032557.38443","-75.69456","45.43011","2017","4/7/2017","8:50:00 PM","01 - Clear","01 - Dry","01 - Traffic signal","02 - Intersection related","07 - Dark","03 - P.D. only","04 - Sideswipe"
"11242","PARENT AVE @ ST. PATRICK ST","367822.70564","5032557.26190","-75.69457","45.43011","2017","4/23/2017","2:41:00 PM","01 - Clear","01 - Dry","01 - Traffic signal","03 - At intersection","01 - Daylight","03 - P.D. only","05 - Turning movement"
"11243","PARENT AVE @ ST. PATRICK ST","367822.70564","5032556.59300","-75.69457","45.43010","2017","3/24/2017","9:30:00 PM","03 - Snow","04 - Slush","01 - Traffic signal","03 - At intersection","07 - Dark","03 - P.D. only","05 - Turning movement"
"11244","PARENT AVE @ ST. PATRICK ST","367821.91637","5032556.47559","-75.69458","45.43010","2017","12/21/2017","1:49:00 PM","01 - Clear","01 - Dry","01 - Traffic signal","02 - Intersection related","01 - Daylight","03 - P.D. only","06 - SMV unattended vehicle"
"11245","PARENT AVE btwn GUIGUES AVE & ST. PATRICK ST","367789.99165","5032606.67461","-75.69498","45.43056","2017","5/16/2017","6:30:00 PM","01 - Clear","01 - Dry","10 - No control","04 - At/near private drive","01 - Daylight","03 - P.D. only","99 - Other"
"11246","PARK AVE btwn ELGIN ST & CARTIER ST","368512.48552","5030738.32597","-75.68599","45.41368","2017","1/13/2017","3:49:00 PM","01 - Clear","05 - Packed snow","10 - No control","01 - Non intersection","01 - Daylight","03 - P.D. only","06 - SMV unattended vehicle"
"11247","PARK ST btwn CARILLON ST & MONTREAL RD","370505.47863","5033327.70715","-75.66018","45.43679","2017","4/7/2017","12:00:00 AM","02 - Rain","02 - Wet","10 - No control","01 - Non intersection","00 - Unknown","03 - P.D. only","06 - SMV unattended vehicle"
"11248","PARK ST btwn CARILLON ST & MONTREAL RD","370498.05377","5033343.29936","-75.66027","45.43694","2017","4/3/2017","12:00:00 AM","01 - Clear","01 - Dry","10 - No control","01 - Non intersection","00 - Unknown","03 - P.D. only","06 - SMV unattended vehicle"
"11249","PARKDALE AVE @ GLADSTONE AVE","365215.02946","5029117.89220","-75.72831","45.39939","2017","5/5/2017","4:53:00 PM","01 - Clear","02 - Wet","01 - Traffic signal","02 - Intersection related","01 - Daylight","03 - P.D. only","02 - Angle"
"11250","PARKDALE AVE @ GLADSTONE AVE","365217.03615","5029117.89220","-75.72828","45.39939","2017","6/16/2017","11:41:00 AM","01 - Clear","01 - Dry","01 - Traffic signal","03 - At intersection","01 - Daylight","03 - P.D. only","03 - Rear end"
"11251","PARKDALE AVE @ GLADSTONE AVE","365216.70170","5029117.92007","-75.72829","45.39939","2017","8/9/2017","6:18:00 PM","01 - Clear","01 - Dry","01 - Traffic signal","02 - Intersection related","01 - Daylight","03 - P.D. only","03 - Rear end"
"11252","PARKDALE AVE @ GLADSTONE AVE","365217.17960","5029117.36636","-75.72828","45.39939","2017","12/18/2017","10:17:00 AM","03 - Snow","04 - Slush","01 - Traffic signal","02 - Intersection related","01 - Daylight","02 - Non-fatal injury","03 - Rear end"
"11253","PARKDALE AVE @ HWY 417 PARKDAL IC122R15/HWY 41","365336.22030","5028844.83785","-75.72680","45.39693","2017","8/12/2017","5:00:00 PM","01 - Clear","02 - Wet","01 - Traffic signal","03 - At intersection","01 - Daylight","02 - Non-fatal injury","02 - Angle"
"11254","PARKDALE AVE @ HWY 417 PARKDAL IC122R15/HWY 41","365337.33616","5028845.87368","-75.72678","45.39693","2017","7/27/2017","10:05:00 AM","01 - Clear","01 - Dry","01 - Traffic signal","03 - At intersection","01 - Daylight","03 - P.D. only","02 - Angle"
"11255","PARKDALE AVE @ HWY 417 PARKDAL IC122R15/HWY 41","365336.22483","5028845.79139","-75.72680","45.39693","2017","9/24/2017","11:18:00 AM","01 - Clear","01 - Dry","01 - Traffic signal","03 - At intersection","01 - Daylight","02 - Non-fatal injury","07 - SMV other"
"11256","PARKDALE AVE @ HWY 417 PARKDAL IC122R15/HWY 41","365337.70154","5028844.88580","-75.72678","45.39693","2017","4/12/2017","5:26:00 PM","01 - Clear","01 - Dry","01 - Traffic signal","03 - At intersection","01 - Daylight","03 - P.D. only","02 - Angle"
"11257","PARKDALE AVE @ HWY 417 PARKDAL IC122R15/HWY 41","365338.94961","5028844.42900","-75.72676","45.39692","2017","3/13/2017","6:02:00 PM","01 - Clear","01 - Dry","01 - Traffic signal","02 - Intersection related","05 - Dusk","03 - P.D. only","03 - Rear end"
"11258","PARKDALE AVE @ KENILWORTH ST","365445.36535","5028594.21281","-75.72543","45.39466","2017","5/23/2017","5:30:00 PM","01 - Clear","01 - Dry","02 - Stop sign","03 - At intersection","01 - Daylight","03 - P.D. only","02 - Angle"
"11259","PARKDALE AVE @ KENILWORTH ST","365447.37204","5028595.55060","-75.72541","45.39467","2017","4/25/2017","9:15:00 AM","01 - Clear","01 - Dry","02 - Stop sign","03 - At intersection","01 - Daylight","03 - P.D. only","05 - Turning movement"
"11260","PARKDALE AVE @ KENILWORTH ST","365446.64655","5028594.36717","-75.72542","45.39466","2017","8/31/2017","6:59:00 AM","01 - Clear","01 - Dry","02 - Stop sign","03 - At intersection","01 - Daylight","03 - P.D. only","05 - Turning movement"
"11261","PARKDALE AVE @ KENILWORTH ST","365444.94933","5028595.92583","-75.72544","45.39468","2017","1/10/2017","5:19:00 PM","03 - Snow","03 - Loose snow","02 - Stop sign","02 - Intersection related","05 - Dusk","03 - P.D. only","02 - Angle"
"11262","PARKDALE AVE @ RUSKIN ST","365506.69906","5028450.88780","-75.72467","45.39337","2017","6/2/2017","8:17:00 AM","01 - Clear","01 - Dry","01 - Traffic signal","02 - Intersection related","01 - Daylight","03 - P.D. only","04 - Sideswipe"
"11263","PARKDALE AVE @ RUSKIN ST","365507.93909","5028452.74013","-75.72465","45.39338","2017","12/27/2017","6:36:00 PM","01 - Clear","05 - Packed snow","01 - Traffic signal","02 - Intersection related","07 - Dark","03 - P.D. only","06 - SMV unattended vehicle"
"11264","PARKDALE AVE @ SCOTT ST","364950.03805","5029727.89759","-75.73162","45.40490","2017","5/23/2017","2:54:00 PM","01 - Clear","01 - Dry","01 - Traffic signal","03 - At intersection","01 - Daylight","03 - P.D. only","07 - SMV other"
"11265","PARKDALE AVE @ SCOTT ST","364950.03805","5029727.22870","-75.73162","45.40490","2017","4/30/2017","12:51:00 PM","02 - Rain","02 - Wet","01 - Traffic signal","02 - Intersection related","01 - Daylight","03 - P.D. only","04 - Sideswipe"
"11266","PARKDALE AVE @ SCOTT ST","364948.70026","5029726.55980","-75.73164","45.40489","2017","7/5/2017","8:56:00 AM","01 - Clear","01 - Dry","01 - Traffic signal","03 - At intersection","01 - Daylight","03 - P.D. only","03 - Rear end"
"11267","PARKDALE AVE @ SCOTT ST","364949.70360","5029725.88941","-75.73162","45.40489","2017","6/30/2017","2:03:00 AM","01 - Clear","02 - Wet","01 - Traffic signal","03 - At intersection","07 - Dark","03 - P.D. only","02 - Angle"
"11268","PARKDALE AVE @ SCOTT ST","364948.42768","5029726.87878","-75.73164","45.40489","2017","8/3/2017","4:02:00 PM","01 - Clear","01 - Dry","01 - Traffic signal","03 - At intersection","01 - Daylight","03 - P.D. only","05 - Turning movement"
"11269","PARKDALE AVE @ SCOTT ST","364950.70694","5029726.55980","-75.73161","45.40489","2017","2/24/2017","9:50:00 AM","01 - Clear","01 - Dry","01 - Traffic signal","03 - At intersection","01 - Daylight","03 - P.D. only","02 - Angle"
"11270","PARKDALE AVE @ SCOTT ST","364950.03805","5029725.89090","-75.73162","45.40489","2017","3/4/2017","6:39:00 PM","01 - Clear","01 - Dry","01 - Traffic signal","02 - Intersection related","05 - Dusk","03 - P.D. only","03 - Rear end"
"11271","PARKDALE AVE @ SHERWOOD DR","365379.69966","5028746.88279","-75.72625","45.39604","2017","5/2/2017","4:22:00 PM","02 - Rain","02 - Wet","01 - Traffic signal","02 - Intersection related","01 - Daylight","03 - P.D. only","01 - Approaching"
"11272","PARKDALE AVE @ SHERWOOD DR","365380.36855","5028746.21390","-75.72624","45.39603","2017","5/3/2017","7:39:00 PM","01 - Clear","01 - Dry","01 - Traffic signal","03 - At intersection","01 - Daylight","03 - P.D. only","02 - Angle"
"11273","PARKDALE AVE @ SHERWOOD DR","365381.21250","5028745.54500","-75.72623","45.39603","2017","11/18/2017","10:30:00 AM","01 - Clear","02 - Wet","01 - Traffic signal","03 - At intersection","01 - Daylight","03 - P.D. only","03 - Rear end"
"11274","PARKDALE AVE @ TYNDALL ST","365264.70394","5029012.89200","-75.72769","45.39844","2017","5/10/2017","2:34:00 PM","01 - Clear","01 - Dry","02 - Stop sign","03 - At intersection","01 - Daylight","03 - P.D. only","02 - Angle"
"11275","PARKDALE AVE @ TYNDALL ST","365264.03505","5029012.22311","-75.72770","45.39844","2017","5/4/2017","9:45:00 AM","01 - Clear","01 - Dry","02 - Stop sign","02 - Intersection related","01 - Daylight","03 - P.D. only","03 - Rear end"
"11276","PARKDALE AVE @ TYNDALL ST","365264.17397","5029014.74433","-75.72770","45.39846","2017","9/29/2017","1:30:00 PM","01 - Clear","01 - Dry","02 - Stop sign","03 - At intersection","01 - Daylight","03 - P.D. only","05 - Turning movement"
"11277","PARKDALE AVE @ TYNDALL ST","365263.36615","5029013.56090","-75.72771","45.39845","2017","11/28/2017","9:42:00 PM","01 - Clear","02 - Wet","02 - Stop sign","02 - Intersection related","07 - Dark","02 - Non-fatal injury","03 - Rear end"
"11278","PARKDALE AVE @ TYNDALL ST","365265.13429","5029013.79985","-75.72768","45.39845","2017","12/17/2017","5:20:00 PM","01 - Clear","04 - Slush","02 - Stop sign","02 - Intersection related","07 - Dark","03 - P.D. only","03 - Rear end"
"11279","PARKDALE AVE @ WELLINGTON ST","365150.03505","5029269.88680","-75.72912","45.40077","2017","7/27/2017","4:59:00 PM","01 - Clear","01 - Dry","01 - Traffic signal","02 - Intersection related","01 - Daylight","03 - P.D. only","99 - Other"
"11280","PARKDALE AVE @ WELLINGTON ST","365149.36615","5029270.55570","-75.72913","45.40077","2017","11/20/2017","3:03:00 PM","01 - Clear","01 - Dry","01 - Traffic signal","02 - Intersection related","01 - Daylight","03 - P.D. only","04 - Sideswipe"
"11281","PARKDALE AVE @ WELLINGTON ST","365149.15415","5029268.91636","-75.72913","45.40076","2017","2/4/2017","5:07:00 PM","01 - Clear","01 - Dry","01 - Traffic signal","02 - Intersection related","01 - Daylight","03 - P.D. only","04 - Sideswipe"
"11282","PARKDALE AVE @ WESTMOUNT AVE/HWY 417 PARKDAL I","365300.91225","5028923.81557","-75.72724","45.39764","2017","11/30/2017","9:37:00 AM","01 - Clear","06 - Ice","01 - Traffic signal","02 - Intersection related","01 - Daylight","03 - P.D. only","03 - Rear end"
"11283","PARKDALE AVE btwn BULLMAN ST & OXFORD ST","365027.92823","5029550.74094","-75.73065","45.40330","2017","9/28/2017","3:59:00 PM","01 - Clear","01 - Dry","10 - No control","01 - Non intersection","01 - Daylight","03 - P.D. only","06 - SMV unattended vehicle"
"11284","PARKDALE AVE btwn BULLMAN ST & OXFORD ST","365059.14265","5029475.66143","-75.73026","45.40263","2017","3/9/2017","10:48:00 AM","01 - Clear","01 - Dry","10 - No control","01 - Non intersection","01 - Daylight","03 - P.D. only","03 - Rear end"
"11285","PARKDALE AVE btwn BULLMAN ST & OXFORD ST","365039.91054","5029521.11999","-75.73050","45.40304","2017","12/26/2017","6:27:00 PM","01 - Clear","01 - Dry","10 - No control","01 - Non intersection","07 - Dark","03 - P.D. only","07 - SMV other"
"11286","PARKDALE AVE btwn FOSTER ST & TYNDALL ST","365260.02167","5029021.58766","-75.72775","45.39852","2017","5/5/2017","7:01:00 PM","02 - Rain","02 - Wet","10 - No control","01 - Non intersection","01 - Daylight","03 - P.D. only","04 - Sideswipe"
"11287","PARKDALE AVE btwn GLADSTONE AVE & FOSTER ST","365224.84281","5029102.00750","-75.72819","45.39925","2017","10/12/2017","10:25:00 AM","01 - Clear","01 - Dry","10 - No control","01 - Non intersection","01 - Daylight","03 - P.D. only","03 - Rear end"
"11288","PARKDALE AVE btwn GRANT ST & WELLINGTON ST W","365145.38064","5029281.98268","-75.72918","45.40087","2017","8/18/2017","6:41:00 AM","01 - Clear","02 - Wet","10 - No control","04 - At/near private drive","01 - Daylight","03 - P.D. only","02 - Angle"
"11289","PARKDALE AVE btwn GRANT ST & WELLINGTON ST W","365144.68388","5029286.60921","-75.72919","45.40092","2017","3/27/2017","11:55:00 AM","02 - Rain","02 - Wet","10 - No control","04 - At/near private drive","01 - Daylight","03 - P.D. only","02 - Angle"
"11290","PARKDALE AVE btwn HWY417 IC122 RAMP51 & SHERWOOD DR","365348.40389","5028820.80554","-75.72664","45.39671","2017","11/16/2017","5:01:00 PM","02 - Rain","02 - Wet","10 - No control","01 - Non intersection","07 - Dark","02 - Non-fatal injury","03 - Rear end"
"11291","PARKDALE AVE btwn INGLEWOOD PL & CARLING AVE","365583.80118","5028273.09120","-75.72370","45.39176","2017","8/23/2017","4:21:00 PM","01 - Clear","01 - Dry","10 - No control","01 - Non intersection","01 - Daylight","03 - P.D. only","03 - Rear end"
"11292","PARKDALE AVE btwn INGLEWOOD PL & CARLING AVE","365617.31812","5028196.44957","-75.72329","45.39107","2017","8/23/2017","12:00:00 AM","01 - Clear","01 - Dry","10 - No control","01 - Non intersection","00 - Unknown","03 - P.D. only","06 - SMV unattended vehicle"
"11293","PARKDALE AVE btwn KENILWORTH ST & HUTCHISON AVE","365464.46153","5028551.27293","-75.72519","45.39427","2017","2/8/2017","3:50:00 PM","01 - Clear","01 - Dry","10 - No control","01 - Non intersection","01 - Daylight","03 - P.D. only","01 - Approaching"
"11294","PARKDALE AVE btwn SCOTT ST & BULLMAN ST","364963.41597","5029688.43271","-75.73145","45.40455","2017","5/5/2017","2:26:00 PM","02 - Rain","02 - Wet","10 - No control","04 - At/near private drive","01 - Daylight","03 - P.D. only","02 - Angle"
"11295","PARKDALE AVE btwn TO BE DETERMINED & EMMERSON AVE","364709.43219","5030284.85657","-75.73463","45.40994","2017","7/1/2017","3:06:00 PM","01 - Clear","01 - Dry","10 - No control","01 - Non intersection","01 - Daylight","02 - Non-fatal injury","05 - Turning movement"
"11296","PARKDALE AVE WB OFF RAMP/OTTAWA RIVER PKWY btwn OTTAWA RIVER PKWY & PA","364694.13107","5030582.02367","-75.73479","45.41261","2017","3/21/2017","8:20:00 AM","03 - Snow","05 - Packed snow","10 - No control","01 - Non intersection","01 - Daylight","03 - P.D. only","03 - Rear end"
"11297","PARKDALE AVE WB ON RAMP/OTTAWA RIVER PKWY btwn PARKDALE AVE & OTTAWA R","364661.98531","5030406.55389","-75.73522","45.41104","2017","5/5/2017","4:21:00 PM","02 - Rain","02 - Wet","10 - No control","01 - Non intersection","01 - Daylight","02 - Non-fatal injury","03 - Rear end"
"11298","PARKDALE AVE/SPENCER ST @ OXFORD ST","365059.49173","5029474.65825","-75.73025","45.40262","2017","4/26/2017","11:08:00 AM","01 - Clear","01 - Dry","02 - Stop sign","03 - At intersection","01 - Daylight","03 - P.D. only","02 - Angle"
"11299","PARKDALE AVE/SPENCER ST @ OXFORD ST","365060.10390","5029474.30369","-75.73025","45.40261","2017","4/28/2017","3:00:00 PM","01 - Clear","01 - Dry","02 - Stop sign","02 - Intersection related","01 - Daylight","03 - P.D. only","03 - Rear end"
"11300","PARKGLEN DR @ WOODROFFE AVE","362888.15242","5023126.78034","-75.75873","45.34568","2017","7/18/2017","12:19:00 PM","01 - Clear","01 - Dry","02 - Stop sign","02 - Intersection related","01 - Daylight","03 - P.D. only","04 - Sideswipe"
"11301","PARKGLEN DR @ WOODROFFE AVE","362888.68790","5023127.05905","-75.75873","45.34568","2017","9/26/2017","3:44:00 PM","01 - Clear","01 - Dry","02 - Stop sign","02 - Intersection related","01 - Daylight","03 - P.D. only","03 - Rear end"
"11302","PARKGLEN DR @ WOODROFFE AVE","362889.16127","5023127.22266","-75.75872","45.34569","2017","12/13/2017","8:02:00 PM","01 - Clear","04 - Slush","02 - Stop sign","03 - At intersection","07 - Dark","03 - P.D. only","02 - Angle"
"11303","PARKGLEN DR @ WOODROFFE AVE","362888.21000","5023125.79575","-75.75873","45.34567","2017","12/15/2017","6:15:00 PM","01 - Clear","04 - Slush","02 - Stop sign","03 - At intersection","07 - Dark","03 - P.D. only","02 - Angle"
"11304","PARKIN CIRC btwn FIRST (1ST) ST & STEDMAN ST","372801.42356","5022932.94945","-75.63227","45.34305","2017","8/19/2017","12:00:00 AM","01 - Clear","01 - Dry","10 - No control","01 - Non intersection","00 - Unknown","03 - P.D. only","06 - SMV unattended vehicle"
"11305","PARKIN CIRC btwn MAASS GT & STEDMAN ST","372544.49911","5022916.37658","-75.63555","45.34292","2017","2/3/2017","3:58:00 PM","01 - Clear","01 - Dry","10 - No control","01 - Non intersection","01 - Daylight","03 - P.D. only","06 - SMV unattended vehicle"
"11306","PARKSIDE CRES btwn VIEWMOUNT DR & VIEWMOUNT DR","364494.20534","5022640.66620","-75.73830","45.34117","2017","12/28/2017","9:43:00 PM","01 - Clear","06 - Ice","10 - No control","01 - Non intersection","07 - Dark","03 - P.D. only","06 - SMV unattended vehicle"
"11307","PARKWAY RD @ SALE BARN RD","379604.76420","5014728.20285","-75.54671","45.26853","2017","12/8/2017","9:03:00 AM","01 - Clear","01 - Dry","02 - Stop sign","03 - At intersection","01 - Daylight","03 - P.D. only","02 - Angle"
"11308","PARKWAY RD btwn BANK ST & SALE BARN RD","378802.30153","5014239.03063","-75.55700","45.26422","2017","3/15/2017","10:40:00 AM","03 - Snow","03 - Loose snow","10 - No control","04 - At/near private drive","01 - Daylight","03 - P.D. only","05 - Turning movement"
"11309","PARKWAY RD btwn CEDAR LANE & HIRAM DR","376878.70893","5013016.51272","-75.58169","45.25342","2017","6/4/2017","3:52:00 AM","01 - Clear","01 - Dry","10 - No control","01 - Non intersection","07 - Dark","02 - Non-fatal injury","07 - SMV other"
"11310","PARKWAY RD btwn CEDAR LANE & HIRAM DR","376893.71241","5013032.08259","-75.58150","45.25355","2017","4/7/2017","12:22:00 PM","02 - Rain","02 - Wet","10 - No control","04 - At/near private drive","01 - Daylight","02 - Non-fatal injury","05 - Turning movement"
"11311","PARKWAY RD btwn SALE BARN RD & JOHN QUINN RD","379688.73856","5014780.36488","-75.54563","45.26899","2017","7/20/2017","1:31:00 PM","01 - Clear","01 - Dry","10 - No control","04 - At/near private drive","01 - Daylight","03 - P.D. only","07 - SMV other"
"11312","PAR-LA-VILLE CIRC btwn AQUILO CRES & AQUILO CRES","349966.41855","5016657.22444","-75.92421","45.28842","2017","1/5/2017","3:13:00 PM","01 - Clear","05 - Packed snow","10 - No control","01 - Non intersection","01 - Daylight","03 - P.D. only","06 - SMV unattended vehicle"
"11313","PARTHIA AVE btwn WALLFORD WAY & KINGSMILL ST","365650.98390","5024986.13180","-75.72325","45.36218","2017","7/7/2017","10:43:00 AM","01 - Clear","01 - Dry","10 - No control","04 - At/near private drive","01 - Daylight","03 - P.D. only","06 - SMV unattended vehicle"
"11314","PATTERSON AVE @ QUEEN ELIZABETH DRWY","368727.26870","5030323.00729","-75.68330","45.40992","2017","2/21/2017","1:20:00 PM","01 - Clear","01 - Dry","02 - Stop sign","03 - At intersection","01 - Daylight","03 - P.D. only","05 - Turning movement"
"11315","PAUL ANKA DR @ UPLANDS DR","369458.32574","5023577.82681","-75.67484","45.34917","2017","7/20/2017","3:54:00 PM","01 - Clear","01 - Dry","02 - Stop sign","03 - At intersection","01 - Daylight","02 - Non-fatal injury","02 - Angle"
"11316","PAUL ANKA DR @ UPLANDS DR","369457.24550","5023575.27695","-75.67485","45.34914","2017","9/18/2017","7:30:00 PM","01 - Clear","01 - Dry","02 - Stop sign","02 - Intersection related","05 - Dusk","03 - P.D. only","06 - SMV unattended vehicle"
"11317","PAUL ANKA DR @ UPLANDS DR","369458.05785","5023574.84700","-75.67484","45.34914","2017","12/5/2017","8:06:00 AM","02 - Rain","02 - Wet","02 - Stop sign","03 - At intersection","01 - Daylight","03 - P.D. only","02 - Angle"
"11318","PAUL ANKA DR @ UPLANDS DR","369456.22246","5023575.14067","-75.67487","45.34914","2017","2/5/2017","11:45:00 PM","01 - Clear","04 - Slush","02 - Stop sign","02 - Intersection related","07 - Dark","03 - P.D. only","07 - SMV other"
"11319","PAUL ANKA DR @ UPLANDS DR","369458.81630","5023576.60880","-75.67483","45.34915","2017","1/3/2017","9:19:00 AM","01 - Clear","02 - Wet","02 - Stop sign","03 - At intersection","01 - Daylight","03 - P.D. only","02 - Angle"
"11320","PAUL ANKA DR @ UPLANDS DR","369459.22434","5023574.39020","-75.67483","45.34913","2017","2/7/2017","8:34:00 AM","03 - Snow","04 - Slush","02 - Stop sign","02 - Intersection related","01 - Daylight","03 - P.D. only","03 - Rear end"
"11321","PAUL ANKA DR btwn UPLANDS DR & MCCARTHY RD","369562.86605","5023706.38139","-75.67349","45.35031","2017","6/5/2017","12:00:00 AM","01 - Clear","01 - Dry","10 - No control","01 - Non intersection","00 - Unknown","03 - P.D. only","06 - SMV unattended vehicle"
"11322","PAUL ANKA DR btwn UPLANDS DR & MCCARTHY RD","369609.67738","5023772.82328","-75.67288","45.35091","2017","5/24/2017","12:00:00 AM","01 - Clear","01 - Dry","10 - No control","01 - Non intersection","00 - Unknown","03 - P.D. only","06 - SMV unattended vehicle"
"11323","PAUL ANKA DR btwn UPLANDS DR & SAMPLE RD","369441.01714","5023368.03043","-75.67509","45.34728","2017","1/12/2017","12:00:00 AM","01 - Clear","02 - Wet","10 - No control","01 - Non intersection","00 - Unknown","03 - P.D. only","06 - SMV unattended vehicle"
"11324","PAUL METIVIER DR btwn CLEARBROOK DR & MOSS GROVE ST","366155.83224","5014787.88828","-75.71807","45.27037","2017","9/27/2017","10:44:00 AM","01 - Clear","01 - Dry","10 - No control","01 - Non intersection","01 - Daylight","03 - P.D. only","06 - SMV unattended vehicle"
"11325","PAUL METIVIER DR btwn CLEARBROOK DR & MOSS GROVE ST","366137.31709","5014779.29494","-75.71831","45.27030","2017","4/18/2017","7:00:00 AM","01 - Clear","01 - Dry","10 - No control","01 - Non intersection","03 - Dawn","03 - P.D. only","06 - SMV unattended vehicle"
"11326","PAUL METIVIER DR btwn LEAMINGTON WAY & LONGFIELDS DR","365065.45200","5014199.86900","-75.73204","45.26517","2017","11/16/2017","7:24:00 PM","02 - Rain","02 - Wet","10 - No control","04 - At/near private drive","07 - Dark","03 - P.D. only","06 - SMV unattended vehicle"
"11327","PAUL METIVIER DR btwn LEAMINGTON WAY & LONGFIELDS DR","365122.75200","5014257.91300","-75.73130","45.26569","2017","11/26/2017","6:11:00 PM","03 - Snow","03 - Loose snow","10 - No control","01 - Non intersection","07 - Dark","03 - P.D. only","06 - SMV unattended vehicle"
"11328","PAUL METIVIER DR btwn LEAMINGTON WAY & LONGFIELDS DR","365111.71400","5014243.43900","-75.73144","45.26556","2017","1/9/2017","9:32:00 AM","01 - Clear","05 - Packed snow","10 - No control","04 - At/near private drive","01 - Daylight","03 - P.D. only","06 - SMV unattended vehicle"
"11329","PAUL METIVIER DR btwn MOSS GROVE ST & WOODROFFE AVE","366287.92782","5014838.99574","-75.71638","45.27082","2017","1/23/2017","8:07:00 PM","01 - Clear","02 - Wet","10 - No control","04 - At/near private drive","07 - Dark","03 - P.D. only","99 - Other"
"11330","PAULA CRES btwn BERNADETTE PL & BANNER RD","360134.79696","5021422.27455","-75.79406","45.33057","2017","10/19/2017","12:00:00 AM","01 - Clear","01 - Dry","10 - No control","01 - Non intersection","00 - Unknown","03 - P.D. only","06 - SMV unattended vehicle"
"11331","PEACOCK CRES btwn FLANDERS ST & FLANDERS ST","361975.39679","5014534.57108","-75.77137","45.26844","2017","3/7/2017","8:07:00 AM","04 - Freezing Rain","06 - Ice","10 - No control","01 - Non intersection","01 - Daylight","03 - P.D. only","06 - SMV unattended vehicle"
"11332","PEERLESS ST btwn BAMBURGH WAY & HIBISCUS WAY","361355.44410","5015014.14780","-75.77922","45.27281","2017","4/25/2017","10:12:00 AM","01 - Clear","01 - Dry","10 - No control","04 - At/near private drive","01 - Daylight","03 - P.D. only","06 - SMV unattended vehicle"
"11333","PENDRA WAY btwn WINDANCE CRES & MAXWELL BRIDGE RD","349213.06115","5024697.96049","-75.93309","45.36082","2017","6/25/2017","12:00:00 AM","01 - Clear","01 - Dry","10 - No control","01 - Non intersection","00 - Unknown","03 - P.D. only","06 - SMV unattended vehicle"
"11334","PENNARD WAY btwn BINBURY WAY & INVERKIP AVE (2)","372634.84220","5025647.62805","-75.63402","45.36749","2017","10/4/2017","9:10:00 AM","01 - Clear","01 - Dry","10 - No control","04 - At/near private drive","01 - Daylight","03 - P.D. only","06 - SMV unattended vehicle"
"11335","PENNYCROSS LANE btwn RICHARDSON SIDE RD & DAVID MANCHESTER RD","344103.33527","5015189.11060","-75.99907","45.27556","2017","10/25/2017","8:39:00 AM","01 - Clear","01 - Dry","10 - No control","01 - Non intersection","01 - Daylight","03 - P.D. only","04 - Sideswipe"
"11336","PEPPERVILLE CRES btwn TEMPLEFORD AVE & TABARET ST","354557.63092","5015474.70090","-75.86580","45.27747","2017","11/18/2017","9:58:00 PM","02 - Rain","02 - Wet","10 - No control","01 - Non intersection","07 - Dark","03 - P.D. only","06 - SMV unattended vehicle"
"11337","PEPPERVILLE CRES btwn TEMPLEFORD AVE & TABARET ST","354528.17418","5015417.04140","-75.86618","45.27695","2017","2/16/2017","2:32:00 PM","01 - Clear","05 - Packed snow","10 - No control","01 - Non intersection","01 - Daylight","03 - P.D. only","02 - Angle"
"11338","PERCIFOR WAY btwn LEITA PL W & TRAVIS ST W","381057.10700","5032645.96300","-75.52544","45.42959","2017","1/8/2017","12:00:00 AM","03 - Snow","05 - Packed snow","10 - No control","01 - Non intersection","00 - Unknown","03 - P.D. only","06 - SMV unattended vehicle"
"11339","PERCY ST @ GLOUCESTER ST","366940.97303","5030856.96822","-75.70605","45.41489","2017","5/14/2017","9:49:00 PM","01 - Clear","01 - Dry","02 - Stop sign","03 - At intersection","07 - Dark","03 - P.D. only","07 - SMV other"
"11340","PERCY ST btwn ACADEMY PRIV & LISGAR ST","367013.59110","5030735.81411","-75.70514","45.41379","2017","11/17/2017","12:00:00 AM","01 - Clear","01 - Dry","10 - No control","01 - Non intersection","00 - Unknown","03 - P.D. only","06 - SMV unattended vehicle"
"11341","PERCY ST btwn CHAMBERLAIN AVE & GLENDALE AVE","367563.71617","5029815.88512","-75.69822","45.40547","2017","5/21/2017","11:32:00 AM","01 - Clear","01 - Dry","10 - No control","04 - At/near private drive","01 - Daylight","03 - P.D. only","06 - SMV unattended vehicle"
"11342","PERTH ST @ QUEEN CHARLOTTE ST/ROCHELLE DR","356183.55325","5005740.16067","-75.84608","45.18976","2017","12/11/2017","8:49:00 AM","01 - Clear","01 - Dry","02 - Stop sign","02 - Intersection related","01 - Daylight","03 - P.D. only","04 - Sideswipe"
"11343","PERTH ST @ QUEEN CHARLOTTE ST/ROCHELLE DR","356182.83002","5005742.23955","-75.84609","45.18978","2017","2/20/2017","1:58:00 AM","01 - Clear","06 - Ice","02 - Stop sign","02 - Intersection related","07 - Dark","02 - Non-fatal injury","07 - SMV other"
"11344","PERTH ST btwn FRANKTOWN RD & ROCHELLE DR","356143.47607","5005709.23708","-75.84660","45.18948","2017","6/17/2017","4:28:00 AM","01 - Clear","01 - Dry","10 - No control","01 - Non intersection","07 - Dark","03 - P.D. only","07 - SMV other"