"Record","Location","X","Y","Longitude","Latitude","Year","Date","Time","Environment","Road_Surface","Traffic_Control","Collision_Location","Light","Collision_Classification","Impact_type"
"11345","PERTH ST btwn GAMBLE DR & SHEA RD","357510.84179","5006956.81134","-75.82907","45.20061","2017","9/16/2017","10:00:00 AM","01 - Clear","01 - Dry","10 - No control","04 - At/near private drive","01 - Daylight","03 - P.D. only","02 - Angle"
"11346","PERTH ST btwn GAMBLE DR & SHEA RD","357493.90177","5006939.02164","-75.82928","45.20045","2017","3/2/2017","10:51:00 AM","01 - Clear","01 - Dry","10 - No control","04 - At/near private drive","01 - Daylight","02 - Non-fatal injury","05 - Turning movement"
"11347","PERTH ST btwn SHEA RD & EAGLESON RD","357598.59153","5007037.44208","-75.82794","45.20133","2017","3/21/2017","3:39:00 AM","01 - Clear","01 - Dry","10 - No control","01 - Non intersection","07 - Dark","03 - P.D. only","07 - SMV other"
"11348","PERTH ST btwn SHEA RD & EAGLESON RD","357620.06796","5007056.61616","-75.82766","45.20150","2017","2/24/2017","7:29:00 PM","02 - Rain","02 - Wet","10 - No control","04 - At/near private drive","07 - Dark","03 - P.D. only","03 - Rear end"
"11349","PETER MORAND CRES btwn ROGER GUINDON AVE & ROGER GUINDON AVE","372139.91974","5029646.94224","-75.63979","45.40352","2017","11/22/2017","12:00:00 AM","01 - Clear","01 - Dry","10 - No control","01 - Non intersection","00 - Unknown","03 - P.D. only","06 - SMV unattended vehicle"
"11350","PETER MORAND CRES btwn ROGER GUINDON AVE & ROGER GUINDON AVE","372140.79471","5029633.90815","-75.63979","45.40340","2017","2/28/2017","3:18:00 PM","01 - Clear","01 - Dry","10 - No control","04 - At/near private drive","01 - Daylight","03 - P.D. only","02 - Angle"
"11351","PETRICHOR CRES btwn GERRY LALONDE DR E & GERRY LALONDE DR W","383820.77600","5035312.78300","-75.48970","45.45328","2017","5/28/2017","12:00:00 AM","01 - Clear","01 - Dry","10 - No control","04 - At/near private drive","07 - Dark","03 - P.D. only","06 - SMV unattended vehicle"
"11352","PHEASANT RUN DR btwn FLINT CRT & JENNIFER LANE","361490.86468","5015406.66815","-75.77745","45.27633","2017","7/7/2017","2:45:00 PM","01 - Clear","01 - Dry","10 - No control","04 - At/near private drive","01 - Daylight","03 - P.D. only","02 - Angle"
"11353","PHEASANT RUN DR btwn FLINT CRT & READY WAY","361393.34490","5015639.00265","-75.77866","45.27843","2017","10/25/2017","6:30:00 AM","01 - Clear","01 - Dry","10 - No control","04 - At/near private drive","03 - Dawn","03 - P.D. only","06 - SMV unattended vehicle"
"11354","PICCADILLY AVE btwn BYRON AVE & IONA ST","364387.95432","5028521.51507","-75.73895","45.39410","2017","1/31/2017","6:00:00 PM","03 - Snow","03 - Loose snow","10 - No control","04 - At/near private drive","07 - Dark","03 - P.D. only","06 - SMV unattended vehicle"
"11355","PICKFORD DR btwn CLARKSON CRES & CLARKSON CRES","353481.95074","5018593.19254","-75.87920","45.30560","2017","12/16/2017","11:22:00 AM","01 - Clear","04 - Slush","10 - No control","01 - Non intersection","01 - Daylight","03 - P.D. only","06 - SMV unattended vehicle"
"11356","PICKFORD DR btwn SHATNER GT & CLARKSON CRES","353424.88108","5018696.95274","-75.87992","45.30654","2017","7/8/2017","12:00:00 AM","01 - Clear","01 - Dry","10 - No control","01 - Non intersection","00 - Unknown","03 - P.D. only","06 - SMV unattended vehicle"
"11357","PIETY HILL WAY btwn DANBY CRT & GOODFELLOW CRT","358006.99080","5013936.46780","-75.82200","45.26337","2017","1/16/2017","10:57:00 AM","01 - Clear","01 - Dry","10 - No control","04 - At/near private drive","01 - Daylight","03 - P.D. only","06 - SMV unattended vehicle"
"11358","PIKE ST btwn CASTLEGREEN PRIV & HUNTERSFIELD DR","373208.80645","5025238.76386","-75.62675","45.36375","2017","11/1/2017","6:29:00 AM","01 - Clear","01 - Dry","10 - No control","01 - Non intersection","07 - Dark","02 - Non-fatal injury","02 - Angle"
"11359","PINE HILL DR btwn BRANDY CREEK CRES & PEREGRINE CRES","355831.34416","5017117.67181","-75.84940","45.29216","2017","5/16/2017","1:13:00 PM","01 - Clear","01 - Dry","10 - No control","01 - Non intersection","01 - Daylight","02 - Non-fatal injury","07 - SMV other"
"11360","PINE VISTA DR btwn RUSTIC HILLS CRES & RUSTIC HILLS CRES","386927.95464","5037579.48579","-75.44960","45.47331","2017","6/2/2017","2:36:00 PM","01 - Clear","01 - Dry","10 - No control","01 - Non intersection","01 - Daylight","03 - P.D. only","06 - SMV unattended vehicle"
"11361","PINE VISTA DR btwn SIESTA CRT & SIESTA CRT","387145.62777","5037663.95596","-75.44680","45.47405","2017","7/19/2017","12:00:00 AM","01 - Clear","01 - Dry","10 - No control","01 - Non intersection","00 - Unknown","03 - P.D. only","06 - SMV unattended vehicle"
"11362","PINECREST RD @ LISA AVE","360693.63668","5022917.89792","-75.78676","45.34398","2017","6/5/2017","9:21:00 PM","01 - Clear","01 - Dry","02 - Stop sign","02 - Intersection related","07 - Dark","03 - P.D. only","07 - SMV other"
"11363","PINECREST RD @ LISA AVE","360693.41768","5022916.42814","-75.78676","45.34397","2017","1/21/2017","8:31:00 AM","02 - Rain","06 - Ice","02 - Stop sign","03 - At intersection","01 - Daylight","03 - P.D. only","02 - Angle"
"11364","PINECREST RD @ QUEENSVIEW DR","360347.66361","5023782.54168","-75.79108","45.35179","2017","4/6/2017","8:44:00 PM","01 - Clear","01 - Dry","01 - Traffic signal","02 - Intersection related","07 - Dark","03 - P.D. only","03 - Rear end"
"11365","PINECREST RD @ QUEENSVIEW DR","360346.67970","5023782.38868","-75.79109","45.35179","2017","9/8/2017","5:15:00 PM","01 - Clear","01 - Dry","01 - Traffic signal","02 - Intersection related","01 - Daylight","03 - P.D. only","05 - Turning movement"
"11366","PINECREST RD @ QUEENSVIEW DR","360347.01415","5023784.17490","-75.79109","45.35180","2017","11/29/2017","1:59:00 PM","01 - Clear","01 - Dry","01 - Traffic signal","02 - Intersection related","01 - Daylight","03 - P.D. only","02 - Angle"
"11367","PINECREST RD @ QUEENSVIEW DR","360347.01415","5023783.50600","-75.79109","45.35180","2017","11/17/2017","9:20:00 AM","01 - Clear","01 - Dry","01 - Traffic signal","02 - Intersection related","01 - Daylight","03 - P.D. only","03 - Rear end"
"11368","PINECREST RD @ QUEENSVIEW DR","360346.34525","5023784.17490","-75.79109","45.35180","2017","12/15/2017","12:49:00 PM","01 - Clear","02 - Wet","01 - Traffic signal","03 - At intersection","01 - Daylight","03 - P.D. only","02 - Angle"
"11369","PINECREST RD @ RICHMOND RD","360073.67384","5024470.17461","-75.79450","45.35800","2017","4/27/2017","8:00:00 AM","01 - Clear","01 - Dry","01 - Traffic signal","02 - Intersection related","01 - Daylight","02 - Non-fatal injury","03 - Rear end"
"11370","PINECREST RD @ RICHMOND RD","360073.27933","5024471.81681","-75.79450","45.35801","2017","8/1/2017","7:11:00 PM","01 - Clear","01 - Dry","01 - Traffic signal","03 - At intersection","01 - Daylight","03 - P.D. only","03 - Rear end"
"11371","PINECREST RD @ RICHMOND RD","360071.46749","5024471.21165","-75.79452","45.35801","2017","7/24/2017","4:40:00 PM","02 - Rain","02 - Wet","01 - Traffic signal","02 - Intersection related","01 - Daylight","03 - P.D. only","03 - Rear end"
"11372","PINECREST RD @ RICHMOND RD","360072.06900","5024471.21165","-75.79452","45.35801","2017","7/31/2017","5:19:00 PM","01 - Clear","01 - Dry","01 - Traffic signal","02 - Intersection related","01 - Daylight","03 - P.D. only","03 - Rear end"
"11373","PINECREST RD @ RICHMOND RD","360072.03254","5024470.55546","-75.79452","45.35800","2017","8/3/2017","1:42:00 PM","01 - Clear","01 - Dry","01 - Traffic signal","03 - At intersection","01 - Daylight","03 - P.D. only","03 - Rear end"
"11374","PINECREST RD @ RICHMOND RD","360072.12776","5024471.78377","-75.79452","45.35801","2017","10/16/2017","6:47:00 PM","01 - Clear","01 - Dry","01 - Traffic signal","02 - Intersection related","07 - Dark","03 - P.D. only","03 - Rear end"
"11375","PINECREST RD @ RICHMOND RD","360073.14387","5024471.27571","-75.79450","45.35801","2017","10/12/2017","7:02:00 PM","01 - Clear","01 - Dry","01 - Traffic signal","02 - Intersection related","05 - Dusk","03 - P.D. only","03 - Rear end"
"11376","PINECREST RD @ RICHMOND RD","360072.67050","5024470.96595","-75.79451","45.35800","2017","9/18/2017","11:01:00 PM","01 - Clear","01 - Dry","01 - Traffic signal","03 - At intersection","07 - Dark","03 - P.D. only","05 - Turning movement"
"11377","PINECREST RD @ THORSON AVE","360748.74340","5022779.58582","-75.78607","45.34273","2017","3/28/2017","3:26:00 PM","01 - Clear","01 - Dry","02 - Stop sign","02 - Intersection related","01 - Daylight","03 - P.D. only","99 - Other"
"11378","PINECREST RD btwn CARLING AVE & RICHMOND RD","360023.07736","5024592.09988","-75.79513","45.35910","2017","7/2/2017","9:55:00 PM","01 - Clear","02 - Wet","10 - No control","04 - At/near private drive","07 - Dark","03 - P.D. only","03 - Rear end"
"11379","PINECREST RD btwn DUMAURIER AVE & QUEENSVIEW DR","360334.30512","5023815.61302","-75.79124","45.35209","2017","11/16/2017","2:00:00 PM","01 - Clear","01 - Dry","10 - No control","01 - Non intersection","01 - Daylight","03 - P.D. only","04 - Sideswipe"
"11380","PINECREST RD btwn FALLIS AVE & HARWOOD AVE","360158.85607","5024240.52526","-75.79344","45.35592","2017","2/18/2017","4:40:00 PM","01 - Clear","01 - Dry","10 - No control","01 - Non intersection","01 - Daylight","03 - P.D. only","03 - Rear end"
"11381","PINECREST RD btwn HWY417 IC129 RAMP26 & GREENBANK RD","360419.30940","5023598.10753","-75.79018","45.35012","2017","1/31/2017","7:01:00 PM","01 - Clear","02 - Wet","10 - No control","01 - Non intersection","07 - Dark","03 - P.D. only","04 - Sideswipe"
"11382","PINECREST RD btwn KELLY AVE & DUMAURIER AVE","360300.85060","5023891.07895","-75.79166","45.35277","2017","10/20/2017","4:15:00 PM","01 - Clear","01 - Dry","10 - No control","04 - At/near private drive","01 - Daylight","03 - P.D. only","02 - Angle"
"11383","PINECREST RD btwn RICHMOND RD & FALLIS AVE","360090.50307","5024419.54318","-75.79429","45.35754","2017","6/24/2017","10:30:00 AM","01 - Clear","01 - Dry","10 - No control","01 - Non intersection","01 - Daylight","03 - P.D. only","04 - Sideswipe"
"11384","PINECREST RD/HWY 417 PINECRE IC129R63 @ TRANSI","360387.93982","5023678.32435","-75.79057","45.35085","2017","9/16/2017","6:38:00 PM","01 - Clear","01 - Dry","01 - Traffic signal","02 - Intersection related","05 - Dusk","03 - P.D. only","03 - Rear end"
"11385","PINECREST RD/HWY 417 PINECRE IC129R63 @ TRANSI","360388.08665","5023677.83575","-75.79057","45.35084","2017","2/14/2017","7:09:00 PM","03 - Snow","02 - Wet","01 - Traffic signal","02 - Intersection related","07 - Dark","02 - Non-fatal injury","07 - SMV other"
"11386","PINECREST RD/HWY 417 PINECRE IC129R63 @ TRANSI","360388.29471","5023676.66929","-75.79057","45.35083","2017","3/25/2017","1:32:00 AM","02 - Rain","02 - Wet","01 - Traffic signal","02 - Intersection related","07 - Dark","03 - P.D. only","03 - Rear end"
"11387","PINEPOINT DR btwn LYNHAR RD & STINSON AVE","358326.63819","5020827.91006","-75.81719","45.32536","2017","5/17/2017","2:00:00 PM","01 - Clear","01 - Dry","10 - No control","04 - At/near private drive","01 - Daylight","03 - P.D. only","06 - SMV unattended vehicle"
"11388","PINETRAIL CRES btwn ROCKCRESS GDN & ROCKCRESS GDN","362911.09286","5022408.13722","-75.75853","45.33921","2017","2/3/2017","1:07:00 PM","01 - Clear","05 - Packed snow","10 - No control","01 - Non intersection","01 - Daylight","03 - P.D. only","06 - SMV unattended vehicle"
"11389","PINETRAIL CRES btwn WILDBRIAR WAY & WILDBRIAR WAY","362855.00922","5022155.84377","-75.75927","45.33695","2017","11/26/2017","12:00:00 AM","01 - Clear","01 - Dry","10 - No control","01 - Non intersection","07 - Dark","03 - P.D. only","06 - SMV unattended vehicle"
"11390","PINEWOOD CRES btwn HARWOOD AVE & HENLEY ST","360323.31001","5024063.05223","-75.79136","45.35431","2017","4/28/2017","1:00:00 PM","01 - Clear","01 - Dry","10 - No control","01 - Non intersection","01 - Daylight","03 - P.D. only","04 - Sideswipe"
"11391","PINEWOOD CRES btwn HARWOOD AVE & HENLEY ST","360396.51532","5024107.41582","-75.79042","45.35471","2017","1/21/2017","2:52:00 PM","01 - Clear","02 - Wet","10 - No control","04 - At/near private drive","01 - Daylight","03 - P.D. only","99 - Other"
"11392","PINEWOOD CRES btwn RICHMOND RD & HARWOOD AVE","360131.79228","5024494.80305","-75.79375","45.35821","2017","10/11/2017","12:00:00 AM","01 - Clear","01 - Dry","10 - No control","01 - Non intersection","00 - Unknown","03 - P.D. only","06 - SMV unattended vehicle"
"11393","PINNACLE ST @ TRIM RD","387033.39810","5036135.42110","-75.44849","45.46031","2017","1/7/2017","2:00:00 PM","01 - Clear","06 - Ice","02 - Stop sign","02 - Intersection related","01 - Daylight","03 - P.D. only","03 - Rear end"
"11394","PLACE D'ORLEANS DR @ OR174 IC102 RAMP51/TRANSI","381391.48219","5038031.49461","-75.52033","45.47801","2017","7/11/2017","7:00:00 PM","02 - Rain","02 - Wet","01 - Traffic signal","02 - Intersection related","01 - Daylight","03 - P.D. only","03 - Rear end"
"11395","PLACE D'ORLEANS DR @ OR174 IC102 RAMP51/TRANSI","381391.25990","5038031.30835","-75.52033","45.47801","2017","9/21/2017","8:01:00 AM","01 - Clear","01 - Dry","01 - Traffic signal","02 - Intersection related","01 - Daylight","03 - P.D. only","03 - Rear end"
"11396","PLACE D'ORLEANS DR @ PLACE D'ORLEANS SC N","381415.15862","5037940.97732","-75.52004","45.47719","2017","5/19/2017","3:21:00 PM","01 - Clear","01 - Dry","01 - Traffic signal","03 - At intersection","01 - Daylight","03 - P.D. only","05 - Turning movement"
"11397","PLACE D'ORLEANS DR @ PLACE D'ORLEANS SC N","381415.02454","5037941.38939","-75.52004","45.47719","2017","7/9/2017","1:03:00 PM","01 - Clear","01 - Dry","01 - Traffic signal","03 - At intersection","01 - Daylight","03 - P.D. only","05 - Turning movement"
"11398","PLACE D'ORLEANS DR btwn CENTRUM BLVD & ST. JOSEPH BLVD","381984.33765","5038032.95851","-75.51274","45.47796","2017","1/28/2017","6:36:00 PM","01 - Clear","02 - Wet","10 - No control","01 - Non intersection","07 - Dark","03 - P.D. only","05 - Turning movement"
"11399","PLACE D'ORLEANS DR btwn OR174 IC102 RAMP51 & ST. JOSEPH BLVD (1)","381400.79603","5037972.97069","-75.52022","45.47748","2017","9/30/2017","1:26:00 PM","01 - Clear","01 - Dry","10 - No control","01 - Non intersection","01 - Daylight","03 - P.D. only","02 - Angle"
"11400","PLACE D'ORLEANS DR btwn OR174 IC102 RAMP51 & ST. JOSEPH BLVD (1)","381404.60244","5037969.04978","-75.52017","45.47744","2017","2/8/2017","2:15:00 PM","01 - Clear","01 - Dry","10 - No control","04 - At/near private drive","01 - Daylight","03 - P.D. only","05 - Turning movement"
"11401","PLACE D'ORLEANS DR W @ ST. JOSEPH BLVD","381602.84024","5037685.00000","-75.51768","45.47487","2017","8/24/2017","3:55:00 PM","01 - Clear","01 - Dry","01 - Traffic signal","03 - At intersection","01 - Daylight","03 - P.D. only","05 - Turning movement"
"11402","PLACE D'ORLEANS DR W @ ST. JOSEPH BLVD","381600.97772","5037682.52652","-75.51770","45.47484","2017","12/2/2017","4:30:00 PM","01 - Clear","01 - Dry","01 - Traffic signal","02 - Intersection related","05 - Dusk","03 - P.D. only","03 - Rear end"
"11403","PLACE D'ORLEANS DR W @ ST. JOSEPH BLVD","381602.90634","5037683.46100","-75.51768","45.47485","2017","3/2/2017","5:50:00 PM","01 - Clear","01 - Dry","01 - Traffic signal","03 - At intersection","01 - Daylight","03 - P.D. only","05 - Turning movement"
"11404","PLACE D'ORLEANS DR W @ ST. JOSEPH BLVD","381601.53100","5037684.96230","-75.51769","45.47487","2017","12/27/2017","2:56:00 PM","01 - Clear","01 - Dry","01 - Traffic signal","03 - At intersection","01 - Daylight","03 - P.D. only","03 - Rear end"
"11405","PLACID ST btwn SODERLIND ST & RYAN DR","361330.07410","5023432.18957","-75.77858","45.34856","2017","7/26/2017","12:00:00 AM","01 - Clear","01 - Dry","10 - No control","04 - At/near private drive","00 - Unknown","03 - P.D. only","06 - SMV unattended vehicle"
"11406","PLAINRIDGE CRES btwn GRAPEFERN TER & END (1)","386218.41071","5036275.87622","-75.45889","45.46167","2017","2/1/2017","12:00:00 AM","03 - Snow","03 - Loose snow","10 - No control","04 - At/near private drive","00 - Unknown","03 - P.D. only","06 - SMV unattended vehicle"
"11407","PLANTE DR btwn AVOCADO ST & MINA LANE","370475.61805","5024357.34465","-75.66176","45.35608","2017","9/22/2017","9:27:00 PM","01 - Clear","01 - Dry","10 - No control","01 - Non intersection","07 - Dark","02 - Non-fatal injury","06 - SMV unattended vehicle"
"11408","PLAYFAIR DR btwn BEATTIE AVE & DELMAR DR","371970.64920","5028246.49133","-75.64215","45.39094","2017","12/22/2017","7:52:00 PM","03 - Snow","06 - Ice","10 - No control","04 - At/near private drive","07 - Dark","03 - P.D. only","06 - SMV unattended vehicle"
"11409","PLEASANT PARK RD @ ALTA VISTA DR","370364.05086","5028466.21041","-75.66263","45.39307","2017","7/7/2017","1:50:00 PM","01 - Clear","01 - Dry","01 - Traffic signal","02 - Intersection related","01 - Daylight","03 - P.D. only","03 - Rear end"
"11410","PLEASANT PARK RD @ ALTA VISTA DR","370366.05755","5028467.54820","-75.66261","45.39308","2017","12/11/2017","2:55:00 PM","01 - Clear","01 - Dry","01 - Traffic signal","02 - Intersection related","01 - Daylight","02 - Non-fatal injury","03 - Rear end"
"11411","PLEASANT PARK RD @ ALTA VISTA DR","370365.17665","5028468.09465","-75.66262","45.39308","2017","2/3/2017","9:58:00 AM","01 - Clear","01 - Dry","01 - Traffic signal","03 - At intersection","01 - Daylight","02 - Non-fatal injury","02 - Angle"
"11412","PLEASANT PARK RD @ ST. LAURENT BLVD","373597.39345","5028795.54990","-75.62130","45.39572","2017","5/31/2017","10:48:00 AM","01 - Clear","01 - Dry","01 - Traffic signal","02 - Intersection related","01 - Daylight","03 - P.D. only","04 - Sideswipe"
"11413","PLEASANT PARK RD @ ST. LAURENT BLVD","373598.06235","5028795.54990","-75.62129","45.39572","2017","4/26/2017","9:29:00 PM","01 - Clear","01 - Dry","01 - Traffic signal","03 - At intersection","07 - Dark","02 - Non-fatal injury","07 - SMV other"
"11414","PLEASANT PARK RD @ ST. LAURENT BLVD","373598.73124","5028796.88769","-75.62128","45.39573","2017","5/1/2017","5:46:00 PM","02 - Rain","02 - Wet","01 - Traffic signal","03 - At intersection","01 - Daylight","02 - Non-fatal injury","07 - SMV other"
"11415","PLEASANT PARK RD @ ST. LAURENT BLVD","373597.11907","5028795.24549","-75.62130","45.39572","2017","8/11/2017","8:38:00 AM","01 - Clear","01 - Dry","01 - Traffic signal","02 - Intersection related","01 - Daylight","03 - P.D. only","03 - Rear end"
"11416","PLEASANT PARK RD @ ST. LAURENT BLVD","373597.29640","5028794.47115","-75.62130","45.39571","2017","8/14/2017","4:18:00 PM","01 - Clear","01 - Dry","01 - Traffic signal","02 - Intersection related","01 - Daylight","03 - P.D. only","03 - Rear end"
"11417","PLEASANT PARK RD @ ST. LAURENT BLVD","373597.72790","5028795.86888","-75.62129","45.39572","2017","8/2/2017","9:01:00 PM","01 - Clear","01 - Dry","01 - Traffic signal","03 - At intersection","07 - Dark","03 - P.D. only","04 - Sideswipe"
"11418","PLEASANT PARK RD @ ST. LAURENT BLVD","373597.39345","5028794.88100","-75.62130","45.39571","2017","6/30/2017","3:37:00 PM","02 - Rain","02 - Wet","01 - Traffic signal","02 - Intersection related","01 - Daylight","03 - P.D. only","03 - Rear end"
"11419","PLEASANT PARK RD @ ST. LAURENT BLVD","373598.68369","5028794.83305","-75.62128","45.39571","2017","12/12/2017","6:06:00 PM","03 - Snow","05 - Packed snow","01 - Traffic signal","02 - Intersection related","07 - Dark","02 - Non-fatal injury","07 - SMV other"
"11420","PLEASANT PARK RD @ ST. LAURENT BLVD","373598.06235","5028794.88100","-75.62129","45.39571","2017","3/24/2017","6:55:00 PM","03 - Snow","04 - Slush","01 - Traffic signal","02 - Intersection related","07 - Dark","03 - P.D. only","03 - Rear end"
"11421","PLEASANT PARK RD @ ST. LAURENT BLVD","373597.72790","5028796.25996","-75.62129","45.39573","2017","12/29/2017","2:22:00 PM","01 - Clear","01 - Dry","01 - Traffic signal","02 - Intersection related","01 - Daylight","03 - P.D. only","99 - Other"
"11422","PLEASANT PARK RD btwn CAVENDISH RD & ALTA VISTA DR","370286.98371","5028458.97604","-75.66362","45.39301","2017","8/4/2017","3:16:00 PM","01 - Clear","01 - Dry","10 - No control","04 - At/near private drive","01 - Daylight","03 - P.D. only","99 - Other"
"11423","PLEASANT PARK RD btwn FAIRBANKS AVE & LYNDA LANE","371007.90543","5028538.58609","-75.65440","45.39366","2017","1/31/2017","12:07:00 AM","01 - Clear","01 - Dry","10 - No control","01 - Non intersection","07 - Dark","02 - Non-fatal injury","03 - Rear end"
"11424","PLEASANT PARK RD btwn FAIRBANKS AVE & LYNDA LANE","371280.54905","5028566.64130","-75.65092","45.39388","2017","12/23/2017","4:20:00 PM","03 - Snow","05 - Packed snow","10 - No control","01 - Non intersection","05 - Dusk","03 - P.D. only","06 - SMV unattended vehicle"
"11425","PLEASANT PARK RD btwn HOLT CRES & CAMROSE ST","372599.22982","5028608.37998","-75.63407","45.39413","2017","1/11/2017","12:00:00 AM","01 - Clear","06 - Ice","10 - No control","01 - Non intersection","00 - Unknown","03 - P.D. only","06 - SMV unattended vehicle"
"11426","PLYMOUTH ST btwn LEBRETON ST S & BELL ST S","367077.15170","5029573.33183","-75.70447","45.40333","2017","2/15/2017","4:15:00 PM","03 - Snow","03 - Loose snow","10 - No control","01 - Non intersection","01 - Daylight","03 - P.D. only","06 - SMV unattended vehicle"
"11427","POND ST btwn MACNABB PL & LAKEWAY DR","370176.03866","5034961.86844","-75.66417","45.45153","2017","4/9/2017","12:52:00 AM","01 - Clear","01 - Dry","10 - No control","01 - Non intersection","07 - Dark","03 - P.D. only","01 - Approaching"
"11428","POPLAR ST @ PRESTON ST","366391.24854","5029935.78538","-75.71319","45.40665","2017","5/15/2017","11:46:00 AM","01 - Clear","01 - Dry","02 - Stop sign","02 - Intersection related","01 - Daylight","02 - Non-fatal injury","03 - Rear end"
"11429","POPLIN ST @ SPRATT RD","368441.47400","5014895.82900","-75.68893","45.27114","2017","12/8/2017","10:00:00 AM","01 - Clear","01 - Dry","02 - Stop sign","02 - Intersection related","01 - Daylight","03 - P.D. only","99 - Other"
"11430","PORTAGE AVE btwn DORVAL AVE & DAUPHIN RD","372137.67587","5028933.14432","-75.63992","45.39710","2017","7/1/2017","4:44:00 AM","01 - Clear","01 - Dry","10 - No control","01 - Non intersection","07 - Dark","03 - P.D. only","07 - SMV other"
"11431","PORTAGE AVE btwn DORVAL AVE & DAUPHIN RD","372144.46844","5028933.82642","-75.63983","45.39710","2017","12/30/2017","1:50:00 PM","01 - Clear","05 - Packed snow","10 - No control","04 - At/near private drive","01 - Daylight","03 - P.D. only","99 - Other"
"11432","PORTAGE AVE btwn DORVAL AVE & END","372047.11897","5028923.18437","-75.64108","45.39702","2017","2/8/2017","12:17:00 PM","01 - Clear","05 - Packed snow","10 - No control","04 - At/near private drive","01 - Daylight","03 - P.D. only","06 - SMV unattended vehicle"
"11433","PORTAGE BRIDGE NB btwn PROVINCIAL BOUNDARY & WELLINGTON ST","366496.03300","5031372.18500","-75.71167","45.41956","2017","12/28/2017","7:41:00 AM","00 - Unknown","06 - Ice","10 - No control","01 - Non intersection","03 - Dawn","03 - P.D. only","07 - SMV other"
"11434","PORTAGE BRIDGE SB btwn PROVINCIAL BOUNDARY & WELLINGTON ST","366369.85800","5031574.28000","-75.71325","45.42139","2017","5/15/2017","12:16:00 PM","01 - Clear","01 - Dry","10 - No control","07 - Overpass or bridge","01 - Daylight","03 - P.D. only","03 - Rear end"
"11435","PORTAGE BRIDGE SB btwn PROVINCIAL BOUNDARY & WELLINGTON ST","366339.57700","5031669.43000","-75.71363","45.42225","2017","6/1/2017","7:56:00 AM","01 - Clear","01 - Dry","10 - No control","01 - Non intersection","01 - Daylight","03 - P.D. only","03 - Rear end"
"11436","PORTAGE BRIDGE SB btwn PROVINCIAL BOUNDARY & WELLINGTON ST","366339.57700","5031669.43000","-75.71363","45.42225","2017","1/7/2017","11:15:00 PM","01 - Clear","06 - Ice","10 - No control","07 - Overpass or bridge","07 - Dark","02 - Non-fatal injury","07 - SMV other"
"11437","PORTAGE BRIDGE SB btwn PROVINCIAL BOUNDARY & WELLINGTON ST","366339.46000","5031669.81000","-75.71363","45.42226","2017","5/31/2017","7:50:00 AM","01 - Clear","01 - Dry","10 - No control","07 - Overpass or bridge","01 - Daylight","03 - P.D. only","03 - Rear end"
"11438","PORTOBELLO BLVD @ VALIN ST","385349.76266","5037697.56930","-75.46976","45.47456","2017","10/15/2017","1:15:00 AM","01 - Clear","02 - Wet","02 - Stop sign","02 - Intersection related","07 - Dark","02 - Non-fatal injury","03 - Rear end"
"11439","PORTOBELLO BLVD/SPRINGRIDGE DR S @ TRIM RD","385689.57160","5038070.48210","-75.46535","45.47787","2017","6/22/2017","11:00:00 AM","01 - Clear","01 - Dry","01 - Traffic signal","02 - Intersection related","01 - Daylight","03 - P.D. only","03 - Rear end"
"11440","PORTOBELLO BLVD/SPRINGRIDGE DR S @ TRIM RD","385690.41555","5038071.50110","-75.46534","45.47788","2017","11/19/2017","9:40:00 PM","01 - Clear","01 - Dry","01 - Traffic signal","02 - Intersection related","07 - Dark","03 - P.D. only","03 - Rear end"
"11441","PORTOBELLO BLVD/SPRINGRIDGE DR S @ TRIM RD","385692.06439","5038071.50110","-75.46532","45.47788","2017","1/23/2017","3:09:00 PM","01 - Clear","01 - Dry","01 - Traffic signal","03 - At intersection","01 - Daylight","02 - Non-fatal injury","02 - Angle"
"11442","PORTOBELLO BLVD/SPRINGRIDGE DR S @ TRIM RD","385689.60320","5038071.26215","-75.46535","45.47788","2017","12/21/2017","8:11:00 AM","01 - Clear","01 - Dry","01 - Traffic signal","02 - Intersection related","01 - Daylight","03 - P.D. only","07 - SMV other"
"11443","POULIN AVE @ RICHMOND RD","360325.34495","5024899.84490","-75.79124","45.36184","2017","6/20/2017","8:24:00 AM","01 - Clear","01 - Dry","01 - Traffic signal","02 - Intersection related","01 - Daylight","02 - Non-fatal injury","99 - Other"
"11444","POULIN AVE @ RICHMOND RD","360325.34495","5024899.84490","-75.79124","45.36184","2017","6/27/2017","1:50:00 PM","01 - Clear","01 - Dry","01 - Traffic signal","03 - At intersection","01 - Daylight","03 - P.D. only","05 - Turning movement"
"11445","POULIN AVE @ RICHMOND RD","360326.16669","5024900.29760","-75.79123","45.36185","2017","9/27/2017","11:57:00 AM","01 - Clear","01 - Dry","01 - Traffic signal","03 - At intersection","01 - Daylight","03 - P.D. only","07 - SMV other"
"11446","POULIN AVE @ RICHMOND RD","360324.53210","5024899.62033","-75.79125","45.36184","2017","12/7/2017","7:34:00 PM","01 - Clear","01 - Dry","01 - Traffic signal","03 - At intersection","07 - Dark","02 - Non-fatal injury","07 - SMV other"