"Record","Location","X","Y","Longitude","Latitude","Year","Date","Time","Environment","Road_Surface","Traffic_Control","Collision_Location","Light","Collision_Classification","Impact_type"
"11447","POULIN AVE @ RICHMOND RD","360324.64689","5024899.06366","-75.79125","45.36184","2017","1/1/2017","12:08:00 PM","03 - Snow","02 - Wet","01 - Traffic signal","03 - At intersection","01 - Daylight","02 - Non-fatal injury","03 - Rear end"
"11448","POULIN AVE @ RICHMOND RD","360327.39614","5024900.51380","-75.79121","45.36185","2017","1/10/2017","9:23:00 PM","03 - Snow","03 - Loose snow","01 - Traffic signal","02 - Intersection related","07 - Dark","03 - P.D. only","05 - Turning movement"
"11449","POULIN AVE @ RICHMOND RD","360325.34495","5024901.18270","-75.79124","45.36186","2017","4/4/2017","12:34:00 PM","02 - Rain","02 - Wet","01 - Traffic signal","03 - At intersection","01 - Daylight","03 - P.D. only","05 - Turning movement"
"11450","POWELL AVE btwn LYON ST S & BANK ST","368129.44975","5029924.67355","-75.69098","45.40639","2017","11/16/2017","10:00:00 AM","02 - Rain","02 - Wet","10 - No control","01 - Non intersection","01 - Daylight","03 - P.D. only","06 - SMV unattended vehicle"
"11451","POWELL AVE btwn LYON ST S & BANK ST","368097.98404","5029903.12352","-75.69139","45.40620","2017","2/21/2017","4:20:00 PM","01 - Clear","01 - Dry","10 - No control","01 - Non intersection","01 - Daylight","03 - P.D. only","02 - Angle"
"11452","PRESLAND RD @ LOLA ST","371175.19610","5031861.85915","-75.65182","45.42354","2017","10/21/2017","2:50:00 PM","01 - Clear","01 - Dry","02 - Stop sign","03 - At intersection","01 - Daylight","02 - Non-fatal injury","07 - SMV other"
"11453","PRESLAND RD @ VANIER PKWY","370432.11856","5031751.63700","-75.66133","45.42262","2017","6/26/2017","10:19:00 AM","01 - Clear","01 - Dry","01 - Traffic signal","02 - Intersection related","01 - Daylight","02 - Non-fatal injury","03 - Rear end"
"11454","PRESLAND RD @ VANIER PKWY","370435.00860","5031752.66752","-75.66129","45.42263","2017","5/22/2017","11:42:00 AM","02 - Rain","02 - Wet","01 - Traffic signal","02 - Intersection related","01 - Daylight","02 - Non-fatal injury","03 - Rear end"
"11455","PRESLAND RD @ VANIER PKWY","370432.17515","5031751.87369","-75.66133","45.42262","2017","12/27/2017","12:59:00 PM","01 - Clear","01 - Dry","01 - Traffic signal","03 - At intersection","01 - Daylight","03 - P.D. only","03 - Rear end"
"11456","PRESLAND RD btwn WHITTON CRES & ELLIS PRIV","370957.87131","5031812.08794","-75.65460","45.42311","2017","9/1/2017","12:00:00 AM","01 - Clear","01 - Dry","10 - No control","01 - Non intersection","07 - Dark","03 - P.D. only","06 - SMV unattended vehicle"
"11457","PRESTON ST @ ELM ST","366246.09721","5030273.05035","-75.71500","45.40970","2017","1/10/2017","6:27:00 PM","03 - Snow","03 - Loose snow","01 - Traffic signal","02 - Intersection related","07 - Dark","03 - P.D. only","01 - Approaching"
"11458","PRESTON ST @ PRIMROSE AVE","366210.81100","5030349.40827","-75.71544","45.41039","2017","2/15/2017","9:10:00 AM","03 - Snow","03 - Loose snow","02 - Stop sign","02 - Intersection related","01 - Daylight","03 - P.D. only","03 - Rear end"
"11459","PRESTON ST @ PRINCE OF WALES DR/QUEEN ELIZABET","366900.71150","5028776.33225","-75.70682","45.39617","2017","8/3/2017","11:25:00 AM","01 - Clear","01 - Dry","01 - Traffic signal","02 - Intersection related","01 - Daylight","02 - Non-fatal injury","02 - Angle"
"11460","PRESTON ST @ PRINCE OF WALES DR/QUEEN ELIZABET","366900.71150","5028776.77762","-75.70682","45.39618","2017","8/4/2017","1:07:00 PM","01 - Clear","01 - Dry","01 - Traffic signal","02 - Intersection related","01 - Daylight","03 - P.D. only","02 - Angle"
"11461","PRESTON ST @ PRINCE OF WALES DR/QUEEN ELIZABET","366900.71150","5028776.78469","-75.70682","45.39618","2017","10/2/2017","12:45:00 PM","01 - Clear","01 - Dry","01 - Traffic signal","02 - Intersection related","01 - Daylight","03 - P.D. only","03 - Rear end"
"11462","PRESTON ST @ PRINCE OF WALES DR/QUEEN ELIZABET","366901.71484","5028775.87910","-75.70681","45.39617","2017","11/3/2017","3:22:00 PM","01 - Clear","01 - Dry","01 - Traffic signal","03 - At intersection","01 - Daylight","03 - P.D. only","02 - Angle"
"11463","PRESTON ST @ PRINCE OF WALES DR/QUEEN ELIZABET","366899.70816","5028777.88579","-75.70684","45.39619","2017","4/8/2017","2:47:00 PM","01 - Clear","01 - Dry","01 - Traffic signal","02 - Intersection related","01 - Daylight","03 - P.D. only","03 - Rear end"
"11464","PRESTON ST @ PRINCE OF WALES DR/QUEEN ELIZABET","366900.37705","5028777.21690","-75.70683","45.39618","2017","2/23/2017","6:13:00 PM","01 - Clear","02 - Wet","01 - Traffic signal","02 - Intersection related","05 - Dusk","03 - P.D. only","03 - Rear end"
"11465","PRESTON ST @ PRINCE OF WALES DR/QUEEN ELIZABET","366900.71153","5028776.54821","-75.70682","45.39617","2017","9/12/2017","9:20:00 AM","01 - Clear","01 - Dry","01 - Traffic signal","03 - At intersection","01 - Daylight","02 - Non-fatal injury","05 - Turning movement"
"11466","PRESTON ST @ PRINCE OF WALES DR/QUEEN ELIZABET","366900.23813","5028777.73143","-75.70683","45.39618","2017","12/21/2017","4:00:00 PM","01 - Clear","02 - Wet","01 - Traffic signal","03 - At intersection","05 - Dusk","03 - P.D. only","03 - Rear end"
"11467","PRESTON ST @ SIDNEY ST","366809.95224","5028986.00710","-75.70796","45.39807","2017","6/23/2017","4:43:00 PM","01 - Clear","01 - Dry","02 - Stop sign","03 - At intersection","01 - Daylight","03 - P.D. only","02 - Angle"
"11468","PRESTON ST @ SIDNEY ST","366810.03438","5028985.60957","-75.70796","45.39806","2017","1/23/2017","11:14:00 AM","01 - Clear","01 - Dry","02 - Stop sign","03 - At intersection","01 - Daylight","03 - P.D. only","02 - Angle"
"11469","PRESTON ST @ SOMERSET ST","366307.15215","5030127.02205","-75.71424","45.40838","2017","9/28/2017","5:00:00 PM","01 - Clear","01 - Dry","01 - Traffic signal","02 - Intersection related","01 - Daylight","03 - P.D. only","04 - Sideswipe"
"11470","PRESTON ST @ SOMERSET ST","366306.60570","5030127.56850","-75.71424","45.40838","2017","10/5/2017","5:53:00 PM","01 - Clear","01 - Dry","01 - Traffic signal","03 - At intersection","01 - Daylight","02 - Non-fatal injury","05 - Turning movement"
"11471","PRESTON ST @ SOMERSET ST","366307.69858","5030127.56849","-75.71423","45.40838","2017","11/28/2017","5:54:00 PM","01 - Clear","01 - Dry","01 - Traffic signal","02 - Intersection related","07 - Dark","03 - P.D. only","07 - SMV other"
"11472","PRESTON ST @ SPRUCE ST","366275.15695","5030200.56550","-75.71464","45.40904","2017","10/8/2017","1:51:00 PM","01 - Clear","01 - Dry","02 - Stop sign","02 - Intersection related","01 - Daylight","03 - P.D. only","06 - SMV unattended vehicle"
"11473","PRESTON ST @ ST. ANTHONY ST","366555.70080","5029561.80275","-75.71113","45.40327","2017","9/16/2017","3:30:00 PM","01 - Clear","01 - Dry","02 - Stop sign","02 - Intersection related","01 - Daylight","03 - P.D. only","06 - SMV unattended vehicle"
"11474","PRESTON ST @ ST. ANTHONY ST","366555.70080","5029562.28065","-75.71113","45.40327","2017","12/8/2017","11:30:00 PM","01 - Clear","01 - Dry","02 - Stop sign","03 - At intersection","07 - Dark","03 - P.D. only","02 - Angle"
"11475","PRESTON ST @ ST. ANTHONY ST","366556.03525","5029561.56380","-75.71113","45.40327","2017","11/26/2017","6:40:00 PM","03 - Snow","04 - Slush","02 - Stop sign","03 - At intersection","07 - Dark","03 - P.D. only","02 - Angle"
"11476","PRESTON ST @ WILLOW ST","366424.69804","5029862.90059","-75.71277","45.40599","2017","4/21/2017","7:00:00 AM","02 - Rain","02 - Wet","02 - Stop sign","03 - At intersection","01 - Daylight","02 - Non-fatal injury","02 - Angle"
"11477","PRESTON ST btwn ALBERT ST & PRIMROSE AVE","366180.42944","5030419.08605","-75.71582","45.41102","2017","11/10/2017","12:00:00 AM","01 - Clear","01 - Dry","10 - No control","01 - Non intersection","00 - Unknown","03 - P.D. only","06 - SMV unattended vehicle"
"11478","PRESTON ST btwn BALSAM ST & GLADSTONE AVE","366472.85325","5029752.20202","-75.71217","45.40499","2017","2/21/2017","11:51:00 AM","01 - Clear","01 - Dry","10 - No control","01 - Non intersection","01 - Daylight","03 - P.D. only","03 - Rear end"
"11479","PRESTON ST btwn CARLING AVE & PRINCE OF WALES DR","366888.08938","5028794.85454","-75.70698","45.39634","2017","2/11/2017","12:45:00 PM","03 - Snow","04 - Slush","10 - No control","01 - Non intersection","01 - Daylight","03 - P.D. only","04 - Sideswipe"
"11480","PRESTON ST btwn GEORGE ST W & ABERDEEN ST","366621.46952","5029411.04152","-75.71031","45.40191","2017","6/26/2017","5:40:00 PM","01 - Clear","01 - Dry","10 - No control","01 - Non intersection","01 - Daylight","03 - P.D. only","06 - SMV unattended vehicle"
"11481","PRESTON ST btwn NORMAN ST & PAMILLA ST","366738.33531","5029141.96588","-75.70885","45.39948","2017","12/1/2017","2:56:00 PM","01 - Clear","01 - Dry","10 - No control","04 - At/near private drive","01 - Daylight","03 - P.D. only","02 - Angle"
"11482","PRESTON ST btwn SIDNEY ST & CARLING AVE","366818.14850","5028965.44339","-75.70785","45.39788","2017","12/9/2017","12:00:00 AM","03 - Snow","02 - Wet","10 - No control","01 - Non intersection","00 - Unknown","03 - P.D. only","06 - SMV unattended vehicle"
"11483","PRESTONE DR @ ST. JOSEPH BLVD","382326.07885","5038274.92269","-75.50834","45.48009","2017","6/24/2017","11:00:00 AM","01 - Clear","01 - Dry","01 - Traffic signal","03 - At intersection","01 - Daylight","02 - Non-fatal injury","05 - Turning movement"
"11484","PRESTONE DR @ ST. JOSEPH BLVD","382326.07885","5038274.25380","-75.50834","45.48009","2017","4/23/2017","1:57:00 PM","01 - Clear","01 - Dry","01 - Traffic signal","03 - At intersection","01 - Daylight","02 - Non-fatal injury","02 - Angle"
"11485","PRESTONE DR btwn LEFEBVRE WAY & HATFIELD CRES","382895.92245","5037647.69659","-75.50115","45.47439","2017","4/12/2017","10:44:00 AM","01 - Clear","01 - Dry","10 - No control","01 - Non intersection","01 - Daylight","01 - Fatal injury","07 - SMV other"
"11486","PRETORIA AVE @ QUEEN ELIZABETH DRWY","368664.14992","5030431.30852","-75.68409","45.41090","2017","3/1/2017","6:30:00 PM","01 - Clear","02 - Wet","10 - No control","02 - Intersection related","07 - Dark","03 - P.D. only","03 - Rear end"
"11487","PRETORIA AVE @ QUEEN ELIZABETH DRWY","368663.96490","5030430.44884","-75.68409","45.41090","2017","12/21/2017","2:16:00 PM","01 - Clear","02 - Wet","10 - No control","02 - Intersection related","01 - Daylight","03 - P.D. only","03 - Rear end"
"11488","PRETORIA AVE btwn METCALFE ST & ELGIN ST","368516.84239","5030346.54322","-75.68598","45.41015","2017","6/22/2017","11:54:00 AM","01 - Clear","01 - Dry","10 - No control","04 - At/near private drive","01 - Daylight","03 - P.D. only","02 - Angle"
"11489","PRIMROSE AVE btwn PRESTON ST & ROCHESTER ST","366324.49069","5030397.81125","-75.71398","45.41081","2017","6/21/2017","12:00:00 AM","01 - Clear","01 - Dry","10 - No control","01 - Non intersection","00 - Unknown","03 - P.D. only","06 - SMV unattended vehicle"
"11490","PRINCE ALBERT ST btwn EDITH AVE & LOLA ST","371113.10912","5031968.97295","-75.65260","45.42451","2017","1/31/2017","12:00:00 AM","01 - Clear","02 - Wet","10 - No control","01 - Non intersection","00 - Unknown","03 - P.D. only","06 - SMV unattended vehicle"
"11491","PRINCE ALBERT ST btwn FRANCES ST & ISIDORE ST","371613.85421","5032027.48479","-75.64619","45.42499","2017","4/12/2017","12:00:00 AM","01 - Clear","01 - Dry","10 - No control","01 - Non intersection","00 - Unknown","03 - P.D. only","06 - SMV unattended vehicle"
"11492","PRINCE ALBERT ST btwn ISIDORE ST & BERNARD ST","371796.41661","5032046.07590","-75.64386","45.42514","2017","4/2/2017","9:15:00 AM","01 - Clear","01 - Dry","10 - No control","01 - Non intersection","01 - Daylight","03 - P.D. only","04 - Sideswipe"
"11493","PRINCE ALBERT ST btwn LOLA ST & NAUGHTON ST","371302.96567","5031992.18905","-75.65017","45.42470","2017","3/14/2017","2:49:00 PM","03 - Snow","03 - Loose snow","10 - No control","04 - At/near private drive","01 - Daylight","02 - Non-fatal injury","02 - Angle"
"11494","PRINCE ALBERT ST btwn MARION AVE & END","370338.63009","5031883.00953","-75.66250","45.42381","2017","4/21/2017","12:00:00 AM","01 - Clear","01 - Dry","10 - No control","01 - Non intersection","00 - Unknown","03 - P.D. only","06 - SMV unattended vehicle"
"11495","PRINCE ALBERT ST btwn NAUGHTON ST & FRANCES ST","371496.53628","5032014.50772","-75.64769","45.42488","2017","10/13/2017","12:00:00 AM","01 - Clear","01 - Dry","10 - No control","01 - Non intersection","00 - Unknown","03 - P.D. only","06 - SMV unattended vehicle"
"11496","PRINCE ALBERT ST btwn NAUGHTON ST & FRANCES ST","371461.20134","5032011.38438","-75.64814","45.42486","2017","10/5/2017","12:00:00 AM","01 - Clear","02 - Wet","10 - No control","01 - Non intersection","00 - Unknown","03 - P.D. only","06 - SMV unattended vehicle"
"11497","PRINCE OF WALES DR @ FAIRPARK DR","367269.37549","5015413.02772","-75.70380","45.27590","2017","8/8/2017","5:15:00 PM","01 - Clear","01 - Dry","02 - Stop sign","02 - Intersection related","01 - Daylight","02 - Non-fatal injury","03 - Rear end"
"11498","PRINCE OF WALES DR @ FAIRPARK DR","367269.29540","5015414.77264","-75.70380","45.27591","2017","9/20/2017","5:05:00 PM","01 - Clear","01 - Dry","02 - Stop sign","03 - At intersection","01 - Daylight","02 - Non-fatal injury","03 - Rear end"
"11499","PRINCE OF WALES DR @ FAIRPARK DR","367270.52128","5015413.94523","-75.70379","45.27591","2017","11/20/2017","12:47:00 PM","01 - Clear","01 - Dry","02 - Stop sign","03 - At intersection","01 - Daylight","02 - Non-fatal injury","02 - Angle"
"11500","PRINCE OF WALES DR @ FALAISE RD/KOCHAR DR N","367459.75061","5024905.70894","-75.70018","45.36130","2017","9/21/2017","8:14:00 AM","01 - Clear","01 - Dry","01 - Traffic signal","02 - Intersection related","01 - Daylight","03 - P.D. only","03 - Rear end"
"11501","PRINCE OF WALES DR @ FALAISE RD/KOCHAR DR N","367461.25285","5024904.51420","-75.70016","45.36128","2017","10/2/2017","4:19:00 PM","01 - Clear","01 - Dry","01 - Traffic signal","03 - At intersection","01 - Daylight","03 - P.D. only","03 - Rear end"
"11502","PRINCE OF WALES DR @ FALAISE RD/KOCHAR DR N","367460.70640","5024904.75089","-75.70016","45.36129","2017","12/5/2017","6:11:00 PM","02 - Rain","02 - Wet","01 - Traffic signal","02 - Intersection related","07 - Dark","02 - Non-fatal injury","03 - Rear end"
"11503","PRINCE OF WALES DR @ FALLOWFIELD RD","367399.37555","5019167.13910","-75.70167","45.30967","2017","4/29/2017","6:25:00 PM","01 - Clear","01 - Dry","01 - Traffic signal","03 - At intersection","01 - Daylight","03 - P.D. only","05 - Turning movement"
"11504","PRINCE OF WALES DR @ FALLOWFIELD RD","367402.28511","5019166.47020","-75.70163","45.30966","2017","1/5/2017","11:44:00 AM","03 - Snow","06 - Ice","01 - Traffic signal","02 - Intersection related","01 - Daylight","03 - P.D. only","03 - Rear end"
"11505","PRINCE OF WALES DR @ FALLOWFIELD RD","367399.37555","5019165.80130","-75.70167","45.30965","2017","3/6/2017","7:55:00 AM","01 - Clear","01 - Dry","01 - Traffic signal","02 - Intersection related","01 - Daylight","03 - P.D. only","03 - Rear end"
"11506","PRINCE OF WALES DR @ FALLOWFIELD RD","367398.95953","5019167.59590","-75.70168","45.30967","2017","2/19/2017","3:03:00 PM","01 - Clear","01 - Dry","01 - Traffic signal","02 - Intersection related","01 - Daylight","02 - Non-fatal injury","03 - Rear end"
"11507","PRINCE OF WALES DR @ MEADOWLANDS DR/HOG'S BACK","367371.58445","5025692.80810","-75.70120","45.36839","2017","5/21/2017","11:32:00 PM","02 - Rain","02 - Wet","01 - Traffic signal","03 - At intersection","07 - Dark","02 - Non-fatal injury","02 - Angle"
"11508","PRINCE OF WALES DR @ MEADOWLANDS DR/HOG'S BACK","367373.84898","5025693.47700","-75.70117","45.36839","2017","6/16/2017","6:43:00 AM","01 - Clear","02 - Wet","01 - Traffic signal","03 - At intersection","01 - Daylight","02 - Non-fatal injury","05 - Turning movement"
"11509","PRINCE OF WALES DR @ MEADOWLANDS DR/HOG'S BACK","367371.44553","5025694.18706","-75.70120","45.36840","2017","9/25/2017","11:01:00 AM","01 - Clear","01 - Dry","01 - Traffic signal","02 - Intersection related","01 - Daylight","03 - P.D. only","03 - Rear end"
"11510","PRINCE OF WALES DR @ MEADOWLANDS DR/HOG'S BACK","367372.87469","5025693.23805","-75.70118","45.36839","2017","11/2/2017","8:58:00 AM","02 - Rain","02 - Wet","01 - Traffic signal","02 - Intersection related","01 - Daylight","03 - P.D. only","04 - Sideswipe"
"11511","PRINCE OF WALES DR @ MEADOWLANDS DR/HOG'S BACK","367372.25335","5025694.14590","-75.70119","45.36840","2017","11/18/2017","1:54:00 PM","04 - Freezing Rain","06 - Ice","01 - Traffic signal","02 - Intersection related","01 - Daylight","03 - P.D. only","03 - Rear end"
"11512","PRINCE OF WALES DR @ MEADOWLANDS DR/HOG'S BACK","367371.91890","5025693.71595","-75.70120","45.36839","2017","11/8/2017","6:30:00 PM","01 - Clear","01 - Dry","01 - Traffic signal","02 - Intersection related","07 - Dark","03 - P.D. only","04 - Sideswipe"
"11513","PRINCE OF WALES DR @ MEADOWLANDS DR/HOG'S BACK","367372.25335","5025693.47700","-75.70119","45.36839","2017","2/20/2017","2:44:00 PM","01 - Clear","01 - Dry","01 - Traffic signal","03 - At intersection","01 - Daylight","02 - Non-fatal injury","02 - Angle"
"11514","PRINCE OF WALES DR @ MEADOWLANDS DR/HOG'S BACK","367372.92224","5025692.80810","-75.70118","45.36838","2017","4/6/2017","6:23:00 PM","02 - Rain","02 - Wet","01 - Traffic signal","02 - Intersection related","01 - Daylight","03 - P.D. only","03 - Rear end"
"11515","PRINCE OF WALES DR @ MEADOWLANDS DR/HOG'S BACK","367372.42840","5025691.43899","-75.70119","45.36837","2017","4/15/2017","4:30:00 PM","02 - Rain","02 - Wet","01 - Traffic signal","02 - Intersection related","01 - Daylight","03 - P.D. only","04 - Sideswipe"
"11516","PRINCE OF WALES DR @ MEADOWLANDS DR/HOG'S BACK","367372.47845","5025692.29704","-75.70119","45.36838","2017","12/22/2017","2:16:00 PM","01 - Clear","04 - Slush","01 - Traffic signal","02 - Intersection related","01 - Daylight","03 - P.D. only","04 - Sideswipe"
"11517","PRINCE OF WALES DR @ MERIVALE RD","367449.71130","5017615.17855","-75.70123","45.29570","2017","7/26/2017","12:59:00 PM","01 - Clear","01 - Dry","01 - Traffic signal","03 - At intersection","01 - Daylight","03 - P.D. only","07 - SMV other"
"11518","PRINCE OF WALES DR @ MERIVALE RD","367449.23793","5017616.69729","-75.70123","45.29571","2017","8/25/2017","9:51:00 AM","01 - Clear","01 - Dry","01 - Traffic signal","03 - At intersection","01 - Daylight","02 - Non-fatal injury","05 - Turning movement"
"11519","PRINCE OF WALES DR @ MERIVALE RD","367448.70796","5017616.46060","-75.70124","45.29571","2017","6/30/2017","5:10:00 PM","02 - Rain","02 - Wet","01 - Traffic signal","03 - At intersection","01 - Daylight","03 - P.D. only","03 - Rear end"
"11520","PRINCE OF WALES DR @ MERIVALE RD","367450.25775","5017616.46060","-75.70122","45.29571","2017","1/20/2017","2:50:00 PM","01 - Clear","02 - Wet","01 - Traffic signal","02 - Intersection related","01 - Daylight","03 - P.D. only","03 - Rear end"
"11521","PRINCE OF WALES DR @ MERIVALE RD","367451.38354","5017615.12281","-75.70120","45.29570","2017","4/4/2017","2:43:00 PM","02 - Rain","02 - Wet","01 - Traffic signal","02 - Intersection related","01 - Daylight","02 - Non-fatal injury","03 - Rear end"
"11522","PRINCE OF WALES DR @ MERIVALE RD","367450.04575","5017615.12281","-75.70122","45.29570","2017","4/11/2017","10:16:00 AM","02 - Rain","02 - Wet","01 - Traffic signal","02 - Intersection related","01 - Daylight","03 - P.D. only","03 - Rear end"
"11523","PRINCE OF WALES DR @ MERIVALE RD","367450.71464","5017617.12950","-75.70121","45.29571","2017","4/2/2017","5:20:00 AM","07 - Fog, mist, smoke, dust","02 - Wet","01 - Traffic signal","02 - Intersection related","07 - Dark","03 - P.D. only","07 - SMV other"
"11524","PRINCE OF WALES DR @ MERIVALE RD","367451.38354","5017616.46060","-75.70120","45.29571","2017","3/6/2017","10:55:00 PM","04 - Freezing Rain","06 - Ice","01 - Traffic signal","03 - At intersection","07 - Dark","03 - P.D. only","07 - SMV other"
"11525","PRINCE OF WALES DR @ NORMANDY CRES S/KOCHAR DR","367445.80708","5024562.74668","-75.70040","45.35821","2017","5/12/2017","4:30:00 PM","01 - Clear","01 - Dry","01 - Traffic signal","02 - Intersection related","01 - Daylight","03 - P.D. only","03 - Rear end"
"11526","PRINCE OF WALES DR @ NORMANDY CRES S/KOCHAR DR","367445.70566","5024562.52120","-75.70040","45.35821","2017","6/21/2017","4:12:00 PM","01 - Clear","01 - Dry","01 - Traffic signal","02 - Intersection related","01 - Daylight","03 - P.D. only","03 - Rear end"
"11527","PRINCE OF WALES DR @ NORMANDY CRES S/KOCHAR DR","367446.90466","5024562.36799","-75.70038","45.35821","2017","9/6/2017","8:16:00 AM","01 - Clear","01 - Dry","01 - Traffic signal","02 - Intersection related","01 - Daylight","02 - Non-fatal injury","03 - Rear end"
"11528","PRINCE OF WALES DR @ NORMANDY CRES S/KOCHAR DR","367446.38974","5024562.32426","-75.70039","45.35821","2017","1/20/2017","10:15:00 AM","01 - Clear","01 - Dry","01 - Traffic signal","02 - Intersection related","01 - Daylight","03 - P.D. only","03 - Rear end"
"11529","PRINCE OF WALES DR @ NORMANDY CRES/MELFA CRES","367427.31821","5025223.46566","-75.70055","45.36416","2017","6/8/2017","8:27:00 AM","01 - Clear","01 - Dry","02 - Stop sign","02 - Intersection related","01 - Daylight","03 - P.D. only","03 - Rear end"
"11530","PRINCE OF WALES DR @ RIDEAU SHORE CRT","367236.45917","5023622.13517","-75.70319","45.34977","2017","2/8/2017","7:00:00 PM","01 - Clear","03 - Loose snow","02 - Stop sign","02 - Intersection related","07 - Dark","03 - P.D. only","07 - SMV other"
"11531","PRINCE OF WALES DR @ SANFORD AVE","366803.27561","5026129.24925","-75.70840","45.37236","2017","12/10/2017","2:48:00 PM","03 - Snow","03 - Loose snow","02 - Stop sign","02 - Intersection related","01 - Daylight","03 - P.D. only","02 - Angle"
"11532","PRINCE OF WALES DR @ SANFORD AVE","366804.81886","5026128.76496","-75.70838","45.37236","2017","12/25/2017","4:03:00 PM","03 - Snow","06 - Ice","02 - Stop sign","03 - At intersection","05 - Dusk","03 - P.D. only","07 - SMV other"
"11533","PRINCE OF WALES DR @ STRANDHERD DR","367174.95535","5014824.19100","-75.70508","45.27061","2017","6/2/2017","3:41:00 PM","01 - Clear","02 - Wet","01 - Traffic signal","02 - Intersection related","01 - Daylight","03 - P.D. only","03 - Rear end"
"11534","PRINCE OF WALES DR @ STRANDHERD DR","367174.95535","5014822.85321","-75.70508","45.27060","2017","6/26/2017","7:11:00 AM","01 - Clear","01 - Dry","01 - Traffic signal","03 - At intersection","01 - Daylight","02 - Non-fatal injury","02 - Angle"
"11535","PRINCE OF WALES DR @ STRANDHERD DR","367175.62425","5014824.19100","-75.70507","45.27061","2017","6/4/2017","12:59:00 AM","01 - Clear","01 - Dry","01 - Traffic signal","02 - Intersection related","07 - Dark","03 - P.D. only","03 - Rear end"
"11536","PRINCE OF WALES DR @ STRANDHERD DR","367175.89130","5014825.09326","-75.70507","45.27062","2017","8/8/2017","5:56:00 PM","01 - Clear","01 - Dry","01 - Traffic signal","02 - Intersection related","01 - Daylight","03 - P.D. only","03 - Rear end"
"11537","PRINCE OF WALES DR @ STRANDHERD DR","367175.76770","5014824.42995","-75.70507","45.27061","2017","10/30/2017","7:25:00 AM","02 - Rain","02 - Wet","01 - Traffic signal","02 - Intersection related","01 - Daylight","03 - P.D. only","03 - Rear end"
"11538","PRINCE OF WALES DR @ STRANDHERD DR","367175.76317","5014823.00757","-75.70507","45.27060","2017","9/26/2017","7:17:00 AM","01 - Clear","01 - Dry","01 - Traffic signal","03 - At intersection","03 - Dawn","03 - P.D. only","03 - Rear end"
"11539","PRINCE OF WALES DR @ STRANDHERD DR","367174.33401","5014823.95205","-75.70509","45.27061","2017","9/14/2017","2:51:00 PM","01 - Clear","01 - Dry","01 - Traffic signal","02 - Intersection related","01 - Daylight","03 - P.D. only","03 - Rear end"
"11540","PRINCE OF WALES DR @ STRANDHERD DR","367175.28980","5014823.48094","-75.70508","45.27060","2017","10/22/2017","5:21:00 PM","01 - Clear","01 - Dry","01 - Traffic signal","02 - Intersection related","01 - Daylight","03 - P.D. only","03 - Rear end"
"11541","PRINCE OF WALES DR @ STRANDHERD DR","367175.76317","5014824.42769","-75.70507","45.27061","2017","11/2/2017","7:30:00 PM","02 - Rain","02 - Wet","01 - Traffic signal","02 - Intersection related","07 - Dark","03 - P.D. only","03 - Rear end"
"11542","PRINCE OF WALES DR @ STRANDHERD DR","367175.28980","5014824.66437","-75.70508","45.27061","2017","12/13/2017","9:23:00 AM","01 - Clear","01 - Dry","01 - Traffic signal","02 - Intersection related","01 - Daylight","03 - P.D. only","03 - Rear end"
"11543","PRINCE OF WALES DR @ STRANDHERD DR","367174.78030","5014824.19100","-75.70508","45.27061","2017","11/15/2017","7:50:00 AM","01 - Clear","01 - Dry","01 - Traffic signal","02 - Intersection related","01 - Daylight","03 - P.D. only","03 - Rear end"
"11544","PRINCE OF WALES DR @ STRANDHERD DR","367174.28646","5014824.85990","-75.70509","45.27061","2017","11/30/2017","8:50:00 AM","01 - Clear","01 - Dry","01 - Traffic signal","02 - Intersection related","01 - Daylight","03 - P.D. only","03 - Rear end"
"11545","PRINCE OF WALES DR @ STRANDHERD DR","367175.28980","5014824.42769","-75.70508","45.27061","2017","11/3/2017","8:38:00 AM","02 - Rain","02 - Wet","01 - Traffic signal","02 - Intersection related","01 - Daylight","02 - Non-fatal injury","03 - Rear end"
"11546","PRINCE OF WALES DR @ STRANDHERD DR","367175.66583","5014823.61917","-75.70507","45.27060","2017","1/16/2017","8:41:00 AM","01 - Clear","01 - Dry","01 - Traffic signal","02 - Intersection related","01 - Daylight","03 - P.D. only","03 - Rear end"
"11547","PRINCE OF WALES DR @ STRANDHERD DR","367174.77577","5014824.05732","-75.70508","45.27061","2017","3/3/2017","2:10:00 AM","01 - Clear","01 - Dry","01 - Traffic signal","02 - Intersection related","07 - Dark","03 - P.D. only","07 - SMV other"
"11548","PRINCE OF WALES DR @ STRANDHERD DR","367175.62425","5014822.85321","-75.70507","45.27060","2017","3/28/2017","10:45:00 AM","01 - Clear","01 - Dry","01 - Traffic signal","02 - Intersection related","01 - Daylight","03 - P.D. only","99 - Other"
"11549","PRINCE OF WALES DR @ STRANDHERD DR","367175.62425","5014825.52879","-75.70507","45.27062","2017","3/17/2017","5:10:00 PM","01 - Clear","01 - Dry","01 - Traffic signal","02 - Intersection related","01 - Daylight","03 - P.D. only","04 - Sideswipe"