"Record","Location","X","Y","Longitude","Latitude","Year","Date","Time","Environment","Road_Surface","Traffic_Control","Collision_Location","Light","Collision_Classification","Impact_type"
"11550","PRINCE OF WALES DR @ WATERFORD DR","367362.86411","5021037.18183","-75.70190","45.32650","2017","7/27/2017","2:02:00 PM","01 - Clear","01 - Dry","02 - Stop sign","02 - Intersection related","01 - Daylight","02 - Non-fatal injury","07 - SMV other"
"11551","PRINCE OF WALES DR @ WEST HUNT CLUB RD","367459.71364","5021891.50330","-75.70056","45.33417","2017","5/5/2017","6:46:00 AM","02 - Rain","02 - Wet","01 - Traffic signal","02 - Intersection related","01 - Daylight","02 - Non-fatal injury","03 - Rear end"
"11552","PRINCE OF WALES DR @ WEST HUNT CLUB RD","367459.15339","5021891.47560","-75.70057","45.33417","2017","6/8/2017","4:13:00 PM","01 - Clear","01 - Dry","01 - Traffic signal","02 - Intersection related","01 - Daylight","03 - P.D. only","04 - Sideswipe"
"11553","PRINCE OF WALES DR @ WEST HUNT CLUB RD","367459.04475","5021891.50330","-75.70057","45.33417","2017","5/29/2017","5:30:00 PM","01 - Clear","01 - Dry","01 - Traffic signal","02 - Intersection related","01 - Daylight","02 - Non-fatal injury","03 - Rear end"
"11554","PRINCE OF WALES DR @ WEST HUNT CLUB RD","367459.04475","5021892.17220","-75.70057","45.33418","2017","5/1/2017","8:31:00 PM","02 - Rain","02 - Wet","01 - Traffic signal","02 - Intersection related","05 - Dusk","03 - P.D. only","99 - Other"
"11555","PRINCE OF WALES DR @ WEST HUNT CLUB RD","367459.71364","5021890.83440","-75.70056","45.33417","2017","6/6/2017","5:16:00 PM","02 - Rain","02 - Wet","01 - Traffic signal","02 - Intersection related","01 - Daylight","03 - P.D. only","07 - SMV other"
"11556","PRINCE OF WALES DR @ WEST HUNT CLUB RD","367457.49264","5021891.80771","-75.70059","45.33418","2017","7/17/2017","5:53:00 PM","01 - Clear","01 - Dry","01 - Traffic signal","02 - Intersection related","01 - Daylight","03 - P.D. only","03 - Rear end"
"11557","PRINCE OF WALES DR @ WEST HUNT CLUB RD","367458.71030","5021891.50330","-75.70057","45.33417","2017","7/7/2017","4:00:00 PM","02 - Rain","02 - Wet","01 - Traffic signal","02 - Intersection related","01 - Daylight","03 - P.D. only","04 - Sideswipe"
"11558","PRINCE OF WALES DR @ WEST HUNT CLUB RD","367458.70129","5021891.52613","-75.70057","45.33417","2017","8/19/2017","1:42:00 PM","01 - Clear","01 - Dry","01 - Traffic signal","03 - At intersection","01 - Daylight","02 - Non-fatal injury","03 - Rear end"
"11559","PRINCE OF WALES DR @ WEST HUNT CLUB RD","367458.37585","5021892.84109","-75.70057","45.33419","2017","11/1/2017","1:34:00 AM","01 - Clear","01 - Dry","01 - Traffic signal","03 - At intersection","07 - Dark","03 - P.D. only","02 - Angle"
"11560","PRINCE OF WALES DR @ WEST HUNT CLUB RD","367460.34964","5021892.04975","-75.70055","45.33418","2017","10/11/2017","10:45:00 AM","01 - Clear","01 - Dry","01 - Traffic signal","02 - Intersection related","01 - Daylight","03 - P.D. only","03 - Rear end"
"11561","PRINCE OF WALES DR @ WEST HUNT CLUB RD","367459.15723","5021891.27984","-75.70056","45.33417","2017","9/6/2017","4:55:00 PM","01 - Clear","01 - Dry","01 - Traffic signal","02 - Intersection related","01 - Daylight","03 - P.D. only","03 - Rear end"
"11562","PRINCE OF WALES DR @ WEST HUNT CLUB RD","367458.23693","5021891.26661","-75.70058","45.33417","2017","10/21/2017","5:06:00 PM","01 - Clear","01 - Dry","01 - Traffic signal","02 - Intersection related","05 - Dusk","03 - P.D. only","03 - Rear end"
"11563","PRINCE OF WALES DR @ WEST HUNT CLUB RD","367458.71030","5021892.21336","-75.70057","45.33418","2017","10/24/2017","10:24:00 AM","02 - Rain","02 - Wet","01 - Traffic signal","03 - At intersection","01 - Daylight","03 - P.D. only","04 - Sideswipe"
"11564","PRINCE OF WALES DR @ WEST HUNT CLUB RD","367458.71030","5021891.77467","-75.70057","45.33418","2017","10/18/2017","3:05:00 PM","01 - Clear","01 - Dry","01 - Traffic signal","02 - Intersection related","01 - Daylight","03 - P.D. only","03 - Rear end"
"11565","PRINCE OF WALES DR @ WEST HUNT CLUB RD","367458.71030","5021892.69804","-75.70057","45.33418","2017","11/29/2017","2:49:00 PM","01 - Clear","02 - Wet","01 - Traffic signal","02 - Intersection related","01 - Daylight","03 - P.D. only","03 - Rear end"
"11566","PRINCE OF WALES DR @ WEST HUNT CLUB RD","367459.71364","5021890.83440","-75.70056","45.33417","2017","12/6/2017","8:37:00 AM","01 - Clear","01 - Dry","01 - Traffic signal","02 - Intersection related","01 - Daylight","03 - P.D. only","03 - Rear end"
"11567","PRINCE OF WALES DR @ WEST HUNT CLUB RD","367457.70696","5021892.17220","-75.70058","45.33418","2017","12/14/2017","4:05:00 PM","01 - Clear","02 - Wet","01 - Traffic signal","02 - Intersection related","05 - Dusk","03 - P.D. only","04 - Sideswipe"
"11568","PRINCE OF WALES DR @ WEST HUNT CLUB RD","367459.71364","5021890.16551","-75.70056","45.33416","2017","11/26/2017","1:30:00 PM","01 - Clear","01 - Dry","01 - Traffic signal","02 - Intersection related","01 - Daylight","03 - P.D. only","03 - Rear end"
"11569","PRINCE OF WALES DR @ WEST HUNT CLUB RD","367460.13042","5021892.21336","-75.70055","45.33418","2017","1/14/2017","5:47:00 PM","01 - Clear","01 - Dry","01 - Traffic signal","02 - Intersection related","07 - Dark","03 - P.D. only","03 - Rear end"
"11570","PRINCE OF WALES DR @ WEST HUNT CLUB RD","367458.16385","5021890.41040","-75.70058","45.33416","2017","1/21/2017","4:00:00 PM","01 - Clear","02 - Wet","01 - Traffic signal","02 - Intersection related","01 - Daylight","03 - P.D. only","03 - Rear end"
"11571","PRINCE OF WALES DR @ WEST HUNT CLUB RD","367458.37585","5021890.83440","-75.70058","45.33417","2017","2/20/2017","7:33:00 PM","01 - Clear","01 - Dry","01 - Traffic signal","02 - Intersection related","07 - Dark","03 - P.D. only","04 - Sideswipe"
"11572","PRINCE OF WALES DR @ WEST HUNT CLUB RD","367459.04475","5021891.50330","-75.70057","45.33417","2017","3/9/2017","12:47:00 PM","01 - Clear","01 - Dry","01 - Traffic signal","02 - Intersection related","01 - Daylight","02 - Non-fatal injury","03 - Rear end"
"11573","PRINCE OF WALES DR @ WEST HUNT CLUB RD","367459.04475","5021892.84109","-75.70057","45.33419","2017","4/11/2017","10:18:00 PM","01 - Clear","01 - Dry","01 - Traffic signal","03 - At intersection","07 - Dark","03 - P.D. only","02 - Angle"
"11574","PRINCE OF WALES DR @ WEST HUNT CLUB RD","367459.71364","5021890.16551","-75.70056","45.33416","2017","4/8/2017","3:55:00 PM","02 - Rain","02 - Wet","01 - Traffic signal","02 - Intersection related","01 - Daylight","03 - P.D. only","03 - Rear end"
"11575","PRINCE OF WALES DR @ WEST HUNT CLUB RD","367458.71030","5021890.37760","-75.70057","45.33416","2017","3/14/2017","6:24:00 PM","03 - Snow","03 - Loose snow","01 - Traffic signal","02 - Intersection related","05 - Dusk","03 - P.D. only","03 - Rear end"
"11576","PRINCE OF WALES DR @ WEST HUNT CLUB RD","367459.04475","5021892.17220","-75.70057","45.33418","2017","3/9/2017","7:46:00 AM","01 - Clear","01 - Dry","01 - Traffic signal","02 - Intersection related","01 - Daylight","03 - P.D. only","04 - Sideswipe"
"11577","PRINCE OF WALES DR @ WEST HUNT CLUB RD","367458.23240","5021892.69804","-75.70058","45.33418","2017","12/20/2017","5:38:00 PM","01 - Clear","01 - Dry","01 - Traffic signal","02 - Intersection related","07 - Dark","03 - P.D. only","03 - Rear end"
"11578","PRINCE OF WALES DR @ WEST HUNT CLUB RD","367458.71036","5021891.50392","-75.70057","45.33417","2017","12/15/2017","8:35:00 PM","03 - Snow","03 - Loose snow","01 - Traffic signal","02 - Intersection related","07 - Dark","03 - P.D. only","03 - Rear end"
"11579","PRINCE OF WALES DR btwn 187 N OF MEADOWLANDS DR & MEADOWLANDS DR/HOG'S","367340.81522","5025790.46697","-75.70158","45.36927","2017","6/6/2017","3:54:00 PM","01 - Clear","02 - Wet","10 - No control","04 - At/near private drive","01 - Daylight","03 - P.D. only","02 - Angle"
"11580","PRINCE OF WALES DR btwn 187 N OF MEADOWLANDS DR & MEADOWLANDS DR/HOG'S","367339.53915","5025793.81638","-75.70160","45.36930","2017","6/8/2017","7:25:00 PM","01 - Clear","01 - Dry","10 - No control","04 - At/near private drive","01 - Daylight","03 - P.D. only","03 - Rear end"
"11581","PRINCE OF WALES DR btwn 187 N OF MEADOWLANDS DR & MEADOWLANDS DR/HOG'S","367339.94814","5025788.90848","-75.70159","45.36925","2017","1/23/2017","8:57:00 PM","01 - Clear","01 - Dry","10 - No control","01 - Non intersection","07 - Dark","03 - P.D. only","04 - Sideswipe"
"11582","PRINCE OF WALES DR btwn 187 N OF MEADOWLANDS DR & MEADOWLANDS DR/HOG'S","367349.51087","5025776.42014","-75.70147","45.36914","2017","4/5/2017","8:49:00 AM","01 - Clear","01 - Dry","10 - No control","01 - Non intersection","01 - Daylight","03 - P.D. only","04 - Sideswipe"
"11583","PRINCE OF WALES DR btwn BARNSDALE RD & JOCKVALE RD","366650.37513","5011653.48343","-75.71216","45.24212","2017","6/28/2017","4:24:00 PM","01 - Clear","02 - Wet","10 - No control","01 - Non intersection","01 - Daylight","03 - P.D. only","03 - Rear end"
"11584","PRINCE OF WALES DR btwn BLAZER AVE & DEAKIN ST","367379.21696","5021446.78760","-75.70164","45.33018","2017","5/20/2017","4:15:00 PM","01 - Clear","01 - Dry","10 - No control","01 - Non intersection","01 - Daylight","03 - P.D. only","03 - Rear end"
"11585","PRINCE OF WALES DR btwn BLAZER AVE & DEAKIN ST","367351.68210","5021336.51848","-75.70201","45.32919","2017","7/1/2017","11:45:00 PM","02 - Rain","02 - Wet","10 - No control","01 - Non intersection","07 - Dark","03 - P.D. only","07 - SMV other"
"11586","PRINCE OF WALES DR btwn BLAZER AVE & DEAKIN ST","367351.87125","5021336.04560","-75.70200","45.32919","2017","7/1/2017","11:24:00 PM","02 - Rain","02 - Wet","10 - No control","01 - Non intersection","07 - Dark","03 - P.D. only","07 - SMV other"
"11587","PRINCE OF WALES DR btwn BLAZER AVE & DEAKIN ST","367348.45074","5021159.26857","-75.70207","45.32760","2017","9/24/2017","8:54:00 PM","01 - Clear","01 - Dry","10 - No control","01 - Non intersection","07 - Dark","02 - Non-fatal injury","07 - SMV other"
"11588","PRINCE OF WALES DR btwn BLAZER AVE & DEAKIN ST","367352.37665","5021127.22329","-75.70202","45.32731","2017","11/12/2017","12:45:00 PM","01 - Clear","01 - Dry","10 - No control","04 - At/near private drive","01 - Daylight","03 - P.D. only","02 - Angle"
"11589","PRINCE OF WALES DR btwn BORDEN SIDE RD & NE/OT BOUNDARY","367168.15399","5024112.57123","-75.70400","45.35418","2017","3/10/2017","3:53:00 PM","01 - Clear","01 - Dry","10 - No control","01 - Non intersection","01 - Daylight","02 - Non-fatal injury","03 - Rear end"
"11590","PRINCE OF WALES DR btwn CARSONBY RD W & ORMOND RD","366643.48595","5003442.76831","-75.71327","45.16824","2017","11/13/2017","5:08:00 PM","01 - Clear","01 - Dry","10 - No control","01 - Non intersection","07 - Dark","02 - Non-fatal injury","01 - Approaching"
"11591","PRINCE OF WALES DR btwn COLONNADE RD & STEPHANIE AVE","367441.24278","5023151.10154","-75.70063","45.34551","2017","9/1/2017","2:47:00 PM","01 - Clear","01 - Dry","10 - No control","01 - Non intersection","01 - Daylight","03 - P.D. only","03 - Rear end"
"11592","PRINCE OF WALES DR btwn COLONNADE RD & STEPHANIE AVE","367430.49755","5023178.22179","-75.70077","45.34575","2017","10/11/2017","4:05:00 PM","01 - Clear","01 - Dry","10 - No control","01 - Non intersection","01 - Daylight","03 - P.D. only","03 - Rear end"
"11593","PRINCE OF WALES DR btwn DEAKIN ST & WATERBEND LANE","367393.47626","5021533.08033","-75.70145","45.33095","2017","1/25/2017","4:38:00 PM","01 - Clear","01 - Dry","10 - No control","01 - Non intersection","01 - Daylight","03 - P.D. only","03 - Rear end"
"11594","PRINCE OF WALES DR btwn DYNES RD & 187 N OF MEADOWLANDS DR","367129.90963","5025919.73372","-75.70426","45.37045","2017","9/11/2017","3:47:00 PM","01 - Clear","01 - Dry","10 - No control","04 - At/near private drive","01 - Daylight","03 - P.D. only","02 - Angle"
"11595","PRINCE OF WALES DR btwn DYNES RD & 187 N OF MEADOWLANDS DR","367243.34368","5025880.38470","-75.70281","45.37008","2017","2/3/2017","1:54:00 PM","01 - Clear","01 - Dry","10 - No control","04 - At/near private drive","01 - Daylight","03 - P.D. only","05 - Turning movement"
"11596","PRINCE OF WALES DR btwn FALLOWFIELD RD & AMBERWOOD CRES","367391.04370","5019268.54947","-75.70177","45.31058","2017","11/2/2017","7:20:00 AM","02 - Rain","02 - Wet","10 - No control","01 - Non intersection","03 - Dawn","03 - P.D. only","07 - SMV other"
"11597","PRINCE OF WALES DR btwn FALLOWFIELD RD & AMBERWOOD CRES","367367.97912","5019461.27202","-75.70204","45.31232","2017","2/5/2017","10:13:00 PM","05 - Drifting Snow","06 - Ice","10 - No control","01 - Non intersection","07 - Dark","03 - P.D. only","06 - SMV unattended vehicle"
"11598","PRINCE OF WALES DR btwn FALLOWFIELD RD & AMBERWOOD CRES","367487.32200","5020156.93386","-75.70043","45.31856","2017","2/10/2017","5:20:00 AM","01 - Clear","01 - Dry","10 - No control","01 - Non intersection","07 - Dark","02 - Non-fatal injury","01 - Approaching"
"11599","PRINCE OF WALES DR btwn FALLOWFIELD RD & AMBERWOOD CRES","367393.58342","5019281.60515","-75.70173","45.31070","2017","2/23/2017","4:15:00 PM","01 - Clear","01 - Dry","10 - No control","01 - Non intersection","01 - Daylight","03 - P.D. only","03 - Rear end"
"11600","PRINCE OF WALES DR btwn FISHER AVE & NE/OT BOUNDARY","367165.86882","5024034.47959","-75.70404","45.35348","2017","5/10/2017","4:00:00 PM","01 - Clear","01 - Dry","10 - No control","01 - Non intersection","01 - Daylight","03 - P.D. only","03 - Rear end"
"11601","PRINCE OF WALES DR btwn FISHER AVE & NE/OT BOUNDARY","367163.59829","5023991.03201","-75.70407","45.35309","2017","8/17/2017","3:36:00 PM","01 - Clear","01 - Dry","10 - No control","04 - At/near private drive","01 - Daylight","02 - Non-fatal injury","03 - Rear end"
"11602","PRINCE OF WALES DR btwn FISHER AVE & NE/OT BOUNDARY","367163.18151","5023999.83056","-75.70408","45.35317","2017","11/6/2017","5:17:00 PM","01 - Clear","01 - Dry","10 - No control","04 - At/near private drive","07 - Dark","03 - P.D. only","05 - Turning movement"
"11603","PRINCE OF WALES DR btwn FISHER AVE & NE/OT BOUNDARY","367161.37035","5023970.60495","-75.70410","45.35291","2017","11/20/2017","3:52:00 PM","01 - Clear","01 - Dry","10 - No control","04 - At/near private drive","01 - Daylight","03 - P.D. only","05 - Turning movement"
"11604","PRINCE OF WALES DR btwn FISHER AVE & NE/OT BOUNDARY","367163.37704","5023994.01632","-75.70407","45.35312","2017","12/4/2017","6:21:00 PM","01 - Clear","01 - Dry","10 - No control","04 - At/near private drive","07 - Dark","03 - P.D. only","04 - Sideswipe"
"11605","PRINCE OF WALES DR btwn FISHER AVE & NE/OT BOUNDARY","367163.84308","5024003.94569","-75.70407","45.35321","2017","2/28/2017","2:53:00 PM","01 - Clear","01 - Dry","10 - No control","04 - At/near private drive","01 - Daylight","02 - Non-fatal injury","05 - Turning movement"
"11606","PRINCE OF WALES DR btwn FOREST HILL AVE & BASELINE RD/HERON RD","366843.38641","5026329.77836","-75.70786","45.37416","2017","6/17/2017","9:05:00 AM","01 - Clear","01 - Dry","10 - No control","01 - Non intersection","01 - Daylight","02 - Non-fatal injury","05 - Turning movement"
"11607","PRINCE OF WALES DR btwn FOREST HILL AVE & BASELINE RD/HERON RD","366847.42186","5026342.23440","-75.70781","45.37428","2017","12/12/2017","3:29:00 AM","03 - Snow","03 - Loose snow","10 - No control","01 - Non intersection","07 - Dark","03 - P.D. only","07 - SMV other"
"11608","PRINCE OF WALES DR btwn FOREST HILL AVE & BASELINE RD/HERON RD","366845.94730","5026338.86675","-75.70783","45.37424","2017","11/14/2017","3:41:00 PM","01 - Clear","01 - Dry","10 - No control","04 - At/near private drive","01 - Daylight","03 - P.D. only","02 - Angle"
"11609","PRINCE OF WALES DR btwn FOREST HILL AVE & BASELINE RD/HERON RD","366843.38641","5026333.37035","-75.70786","45.37420","2017","2/18/2017","9:58:00 AM","01 - Clear","01 - Dry","10 - No control","04 - At/near private drive","01 - Daylight","03 - P.D. only","02 - Angle"
"11610","PRINCE OF WALES DR btwn GREENBANK RD & BARNSDALE RD","366637.08082","5011281.13115","-75.71237","45.23878","2017","7/31/2017","4:45:00 AM","01 - Clear","01 - Dry","10 - No control","01 - Non intersection","07 - Dark","03 - P.D. only","07 - SMV other"
"11611","PRINCE OF WALES DR btwn HARTWELL LOCKS/548 N OF RIDEAUVIEW TER & FAIRC","367101.79778","5026902.79841","-75.70449","45.37930","2017","6/29/2017","10:30:00 PM","02 - Rain","02 - Wet","10 - No control","04 - At/near private drive","07 - Dark","03 - P.D. only","07 - SMV other"
"11612","PRINCE OF WALES DR btwn HARTWELL LOCKS/548 N OF RIDEAUVIEW TER & FAIRC","367091.86590","5026881.42112","-75.70462","45.37910","2017","1/4/2017","8:02:00 PM","03 - Snow","06 - Ice","10 - No control","01 - Non intersection","07 - Dark","02 - Non-fatal injury","01 - Approaching"
"11613","PRINCE OF WALES DR btwn JAMES CRAIG ST & RUSSVERN DR","366511.33323","4999739.64835","-75.71540","45.13494","2017","2/2/2017","7:51:00 AM","01 - Clear","01 - Dry","10 - No control","01 - Non intersection","01 - Daylight","03 - P.D. only","01 - Approaching"
"11614","PRINCE OF WALES DR btwn JOCKVALE RD & MAPLEHILL WAY","366722.93883","5012298.27558","-75.71115","45.24792","2017","12/12/2017","8:24:00 PM","03 - Snow","03 - Loose snow","10 - No control","01 - Non intersection","07 - Dark","03 - P.D. only","07 - SMV other"
"11615","PRINCE OF WALES DR btwn JOCKVALE RD & MAPLEHILL WAY","366719.73275","5012279.02922","-75.71120","45.24775","2017","12/13/2017","5:20:00 PM","01 - Clear","02 - Wet","10 - No control","01 - Non intersection","07 - Dark","03 - P.D. only","05 - Turning movement"
"11616","PRINCE OF WALES DR btwn LODGE RD & STRANDHERD DR","367131.80115","5014732.91263","-75.70564","45.26979","2017","12/15/2017","9:43:00 AM","03 - Snow","06 - Ice","10 - No control","01 - Non intersection","01 - Daylight","03 - P.D. only","04 - Sideswipe"
"11617","PRINCE OF WALES DR btwn MAPLEHILL WAY & LODGE RD","366888.86316","5013076.96398","-75.70894","45.25491","2017","5/10/2017","7:27:00 PM","01 - Clear","01 - Dry","10 - No control","04 - At/near private drive","01 - Daylight","03 - P.D. only","02 - Angle"
"11618","PRINCE OF WALES DR btwn MARYLAND AVE & DYNES RD","367090.71967","5025933.09986","-75.70476","45.37057","2017","8/17/2017","9:22:00 PM","02 - Rain","02 - Wet","10 - No control","01 - Non intersection","07 - Dark","02 - Non-fatal injury","07 - SMV other"
"11619","PRINCE OF WALES DR btwn MEADOWLANDS DR & NESBITT PL","367375.59783","5025665.38335","-75.70115","45.36814","2017","11/27/2017","5:31:00 PM","01 - Clear","06 - Ice","10 - No control","01 - Non intersection","07 - Dark","03 - P.D. only","03 - Rear end"
"11620","PRINCE OF WALES DR btwn MELFA CRES & NORMANDY CRES","367418.05491","5025313.68223","-75.70066","45.36497","2017","7/5/2017","3:50:00 PM","01 - Clear","01 - Dry","10 - No control","01 - Non intersection","01 - Daylight","03 - P.D. only","03 - Rear end"
"11621","PRINCE OF WALES DR btwn MELFA CRES & NORMANDY CRES","367411.57789","5025367.70590","-75.70073","45.36546","2017","9/19/2017","6:29:00 PM","01 - Clear","01 - Dry","10 - No control","01 - Non intersection","01 - Daylight","03 - P.D. only","03 - Rear end"
"11622","PRINCE OF WALES DR btwn MELFA CRES & NORMANDY CRES","367415.60532","5025326.40080","-75.70069","45.36508","2017","2/21/2017","12:20:00 PM","01 - Clear","01 - Dry","10 - No control","01 - Non intersection","01 - Daylight","03 - P.D. only","07 - SMV other"
"11623","PRINCE OF WALES DR btwn MERIVALE RD & HOLBORN AVE","367450.82118","5017666.84906","-75.70121","45.29616","2017","8/28/2017","5:46:00 PM","01 - Clear","01 - Dry","10 - No control","01 - Non intersection","01 - Daylight","03 - P.D. only","03 - Rear end"
"11624","PRINCE OF WALES DR btwn NATIONAL CAPITAL COMM DRWY & HARTWELL LOCKS/54","366920.75344","5027659.17868","-75.70671","45.38612","2017","6/17/2017","4:02:00 AM","01 - Clear","01 - Dry","10 - No control","01 - Non intersection","07 - Dark","02 - Non-fatal injury","07 - SMV other"
"11625","PRINCE OF WALES DR btwn NATIONAL CAPITAL COMM DRWY & HARTWELL LOCKS/54","366923.24573","5027768.39137","-75.70666","45.38710","2017","6/9/2017","11:28:00 AM","01 - Clear","01 - Dry","10 - No control","04 - At/near private drive","01 - Daylight","03 - P.D. only","04 - Sideswipe"
"11626","PRINCE OF WALES DR btwn NATIONAL CAPITAL COMM DRWY & HARTWELL LOCKS/54","366992.24941","5027347.36830","-75.70583","45.38331","2017","1/5/2017","8:15:00 AM","01 - Clear","06 - Ice","10 - No control","01 - Non intersection","01 - Daylight","02 - Non-fatal injury","01 - Approaching"
"11627","PRINCE OF WALES DR btwn NATIONAL CAPITAL COMM DRWY & NATIONAL CAPITAL","366850.43334","5028131.76403","-75.70755","45.39038","2017","8/8/2017","4:28:00 PM","01 - Clear","01 - Dry","10 - No control","01 - Non intersection","01 - Daylight","03 - P.D. only","03 - Rear end"
"11628","PRINCE OF WALES DR btwn NAVY PRIV & PRESTON ST","366848.27871","5028692.44783","-75.70750","45.39542","2017","12/6/2017","2:33:00 PM","01 - Clear","01 - Dry","10 - No control","01 - Non intersection","01 - Daylight","03 - P.D. only","03 - Rear end"
"11629","PRINCE OF WALES DR btwn NORMANDY CRES & FALAISE RD (1)","367463.96285","5024887.41786","-75.70012","45.36113","2017","10/17/2017","4:36:00 PM","01 - Clear","01 - Dry","10 - No control","01 - Non intersection","01 - Daylight","03 - P.D. only","03 - Rear end"
"11630","PRINCE OF WALES DR btwn NORMANDY CRES & FALAISE RD (1)","367473.74988","5024795.48410","-75.70001","45.36030","2017","9/12/2017","12:06:00 PM","01 - Clear","01 - Dry","10 - No control","01 - Non intersection","01 - Daylight","03 - P.D. only","05 - Turning movement"
"11631","PRINCE OF WALES DR btwn NORMANDY CRES & FALAISE RD (2)","367436.68805","5025119.42814","-75.70044","45.36322","2017","9/21/2017","8:18:00 AM","01 - Clear","01 - Dry","10 - No control","01 - Non intersection","01 - Daylight","03 - P.D. only","03 - Rear end"
"11632","PRINCE OF WALES DR btwn ORMOND RD & PHELAN RD W","367069.82650","5002267.97444","-75.70799","45.15764","2017","12/18/2017","7:13:00 PM","03 - Snow","03 - Loose snow","10 - No control","01 - Non intersection","07 - Dark","03 - P.D. only","07 - SMV other"
"11633","PRINCE OF WALES DR btwn ORMOND RD & PHELAN RD W","367056.92092","5002362.02919","-75.70814","45.15848","2017","12/22/2017","3:20:00 PM","03 - Snow","03 - Loose snow","10 - No control","01 - Non intersection","01 - Daylight","03 - P.D. only","07 - SMV other"
"11634","PRINCE OF WALES DR btwn ORMOND RD & PHELAN RD W","367061.96911","5002263.70864","-75.70809","45.15760","2017","12/18/2017","9:00:00 PM","03 - Snow","03 - Loose snow","10 - No control","01 - Non intersection","07 - Dark","03 - P.D. only","07 - SMV other"
"11635","PRINCE OF WALES DR btwn RIDEAU GLEN DR & FALLOWFIELD RD","367419.29713","5019065.84898","-75.70143","45.30875","2017","5/30/2017","1:30:00 PM","01 - Clear","01 - Dry","10 - No control","01 - Non intersection","01 - Daylight","03 - P.D. only","03 - Rear end"
"11636","PRINCE OF WALES DR btwn RIDEAU GLEN DR & FALLOWFIELD RD","367437.57982","5018969.31044","-75.70121","45.30788","2017","9/7/2017","7:57:00 AM","02 - Rain","02 - Wet","10 - No control","01 - Non intersection","01 - Daylight","03 - P.D. only","03 - Rear end"
"11637","PRINCE OF WALES DR btwn RIDEAU GLEN DR & FALLOWFIELD RD","367413.42237","5019090.88492","-75.70150","45.30898","2017","3/2/2017","10:46:00 PM","01 - Clear","01 - Dry","10 - No control","01 - Non intersection","07 - Dark","03 - P.D. only","03 - Rear end"
"11638","PRINCE OF WALES DR btwn RIDEAU GLEN DR & FALLOWFIELD RD","367410.07789","5019110.95181","-75.70154","45.30916","2017","3/24/2017","6:45:00 PM","03 - Snow","02 - Wet","10 - No control","01 - Non intersection","07 - Dark","03 - P.D. only","07 - SMV other"
"11639","PRINCE OF WALES DR btwn RIDEAU GLEN DR & FALLOWFIELD RD","367440.17823","5018965.13241","-75.70118","45.30784","2017","3/8/2017","8:40:00 AM","01 - Clear","06 - Ice","10 - No control","01 - Non intersection","01 - Daylight","02 - Non-fatal injury","07 - SMV other"
"11640","PRINCE OF WALES DR btwn RIDEAU SHORE CRT & COLONNADE RD","367388.94023","5023281.61044","-75.70128","45.34669","2017","8/26/2017","8:47:00 PM","01 - Clear","01 - Dry","10 - No control","01 - Non intersection","07 - Dark","03 - P.D. only","04 - Sideswipe"
"11641","PRINCE OF WALES DR btwn TURN LANE & WEST HUNT CLUB RD","367455.52051","5021843.97539","-75.70062","45.33375","2017","6/7/2017","1:49:00 PM","01 - Clear","01 - Dry","10 - No control","01 - Non intersection","01 - Daylight","03 - P.D. only","05 - Turning movement"
"11642","PRINCE OF WALES DR btwn TURN LANE & WEST HUNT CLUB RD","367457.76239","5021878.06253","-75.70058","45.33405","2017","9/8/2017","6:49:00 PM","01 - Clear","01 - Dry","10 - No control","01 - Non intersection","05 - Dusk","03 - P.D. only","03 - Rear end"
"11643","PRINCE OF WALES DR btwn TURN LANE & WEST HUNT CLUB RD","367447.71866","5021798.55228","-75.70072","45.33334","2017","12/7/2017","7:08:00 AM","03 - Snow","06 - Ice","10 - No control","04 - At/near private drive","03 - Dawn","03 - P.D. only","05 - Turning movement"
"11644","PRINCE OF WALES DR btwn TURN LANE & WEST HUNT CLUB RD","367446.40261","5021791.32502","-75.70074","45.33327","2017","1/2/2017","9:29:00 PM","01 - Clear","02 - Wet","10 - No control","01 - Non intersection","07 - Dark","03 - P.D. only","05 - Turning movement"
"11645","PRINCE OF WALES DR btwn TURN LANE & WOODROFFE AVE","366783.54544","5013967.03109","-75.71017","45.26293","2017","6/6/2017","3:58:00 PM","02 - Rain","02 - Wet","10 - No control","01 - Non intersection","01 - Daylight","03 - P.D. only","07 - SMV other"
"11646","PRINCE OF WALES DR btwn WATERBEND LANE & TURN LANE","367421.12069","5021663.37937","-75.70108","45.33212","2017","7/2/2017","5:02:00 PM","02 - Rain","02 - Wet","10 - No control","01 - Non intersection","01 - Daylight","03 - P.D. only","03 - Rear end"
"11647","PRINCE OF WALES DR btwn WATERBEND LANE & TURN LANE","367431.41419","5021717.27124","-75.70094","45.33261","2017","11/22/2017","4:39:00 PM","01 - Clear","01 - Dry","10 - No control","04 - At/near private drive","05 - Dusk","03 - P.D. only","05 - Turning movement"
"11648","PRINCE OF WALES DR btwn WATERBRIDGE DR & CRESTWAY DR","367361.53191","5016477.97409","-75.70249","45.28547","2017","12/24/2017","4:31:00 PM","03 - Snow","03 - Loose snow","10 - No control","01 - Non intersection","05 - Dusk","03 - P.D. only","07 - SMV other"
"11649","PRINCE OF WALES DR btwn WELLSMERE CRT & RIDEAU HEIGHTS LANE","367460.94819","5022653.31923","-75.70045","45.34103","2017","7/13/2017","3:40:00 AM","01 - Clear","01 - Dry","10 - No control","04 - At/near private drive","07 - Dark","02 - Non-fatal injury","03 - Rear end"