"Record","Location","X","Y","Longitude","Latitude","Year","Date","Time","Environment","Road_Surface","Traffic_Control","Collision_Location","Light","Collision_Classification","Impact_type"
"11650","PRINCE OF WALES DR btwn WELLSMERE CRT & TURN LANE","367391.05938","5022310.20996","-75.70138","45.33795","2017","3/28/2017","3:47:00 PM","01 - Clear","01 - Dry","10 - No control","01 - Non intersection","01 - Daylight","02 - Non-fatal injury","05 - Turning movement"
"11651","PRINCE OF WALES DR btwn WELLSMERE CRT & TURN LANE","367388.74175","5022347.86797","-75.70141","45.33829","2017","4/13/2017","12:26:00 PM","01 - Clear","01 - Dry","10 - No control","01 - Non intersection","01 - Daylight","03 - P.D. only","04 - Sideswipe"
"11652","PRINCE OF WALES DR btwn WELLSMERE CRT & TURN LANE","367450.18959","5022045.11277","-75.70066","45.33556","2017","12/21/2017","6:04:00 PM","01 - Clear","01 - Dry","10 - No control","01 - Non intersection","07 - Dark","03 - P.D. only","03 - Rear end"
"11653","PRINCE OF WALES DR btwn WEST HUNT CLUB RD & TURN LANE","367455.97806","5021992.04975","-75.70059","45.33508","2017","1/21/2017","7:17:00 PM","01 - Clear","01 - Dry","10 - No control","01 - Non intersection","07 - Dark","03 - P.D. only","04 - Sideswipe"
"11654","PRINCE OF WALES DR btwn WEST HUNT CLUB RD & TURN LANE","367459.16126","5021953.96102","-75.70056","45.33474","2017","12/27/2017","7:00:00 PM","01 - Clear","01 - Dry","10 - No control","01 - Non intersection","07 - Dark","03 - P.D. only","04 - Sideswipe"
"11655","PRINCE OF WALES DR btwn WILLIAM MCEWEN DR & CARSONBY RD W","366106.76108","5004816.37952","-75.71992","45.18065","2017","6/10/2017","1:26:00 AM","01 - Clear","01 - Dry","10 - No control","01 - Non intersection","07 - Dark","03 - P.D. only","07 - SMV other"
"11656","PRINCE OF WALES DR btwn WINDING WAY & MERIVALE RD","367450.04575","5017528.16629","-75.70123","45.29491","2017","6/12/2017","5:01:00 PM","01 - Clear","01 - Dry","10 - No control","01 - Non intersection","01 - Daylight","03 - P.D. only","03 - Rear end"
"11657","PRINCE OF WALES DR btwn WOODROFFE AVE & ROCKY HILL DR","366837.88009","5014138.73359","-75.70946","45.26447","2017","8/6/2017","6:52:00 PM","01 - Clear","01 - Dry","10 - No control","01 - Non intersection","01 - Daylight","03 - P.D. only","07 - SMV other"
"11658","PRINCE ST @ SUMMERVILLE AVE","365041.03289","5026544.93076","-75.73085","45.37626","2017","1/15/2017","12:23:00 PM","01 - Clear","01 - Dry","02 - Stop sign","03 - At intersection","01 - Daylight","03 - P.D. only","02 - Angle"
"11659","PRINCESS AVE @ ROCKCLIFFE PKWY","368227.36655","5034331.93199","-75.68917","45.44604","2017","10/20/2017","5:00:00 PM","01 - Clear","01 - Dry","11 - Roundabout","03 - At intersection","01 - Daylight","03 - P.D. only","03 - Rear end"
"11660","PRINCESS AVE @ ROCKCLIFFE PKWY","368227.70105","5034330.59758","-75.68916","45.44603","2017","10/10/2017","3:16:00 PM","01 - Clear","01 - Dry","11 - Roundabout","03 - At intersection","01 - Daylight","03 - P.D. only","03 - Rear end"
"11661","PRINCESS AVE btwn SUSSEX DR & ROCKCLIFFE PKWY","367980.82365","5034174.68068","-75.69234","45.44465","2017","6/16/2017","11:52:00 AM","02 - Rain","02 - Wet","10 - No control","01 - Non intersection","01 - Daylight","03 - P.D. only","04 - Sideswipe"
"11662","PRINCESS AVE btwn SUSSEX DR & ROCKCLIFFE PKWY","368160.05726","5034231.60886","-75.69004","45.44514","2017","12/22/2017","1:08:00 PM","03 - Snow","04 - Slush","10 - No control","01 - Non intersection","01 - Daylight","03 - P.D. only","07 - SMV other"
"11663","PRINCESS AVE btwn TO BE DETERMINED & LISGAR RD (2)","368649.30705","5034347.17968","-75.68377","45.44614","2017","8/4/2017","11:54:00 PM","02 - Rain","02 - Wet","10 - No control","01 - Non intersection","07 - Dark","03 - P.D. only","07 - SMV other"
"11664","PRINCESS PATRICIA WAY @ QUEEN ELIZABETH DRWY","368968.69320","5029417.99180","-75.68033","45.40176","2017","6/30/2017","5:48:00 PM","01 - Clear","02 - Wet","02 - Stop sign","02 - Intersection related","01 - Daylight","03 - P.D. only","03 - Rear end"
"11665","PRINCESS PATRICIA WAY @ QUEEN ELIZABETH DRWY","368968.69320","5029417.99180","-75.68033","45.40176","2017","5/6/2017","3:30:00 PM","02 - Rain","02 - Wet","02 - Stop sign","02 - Intersection related","01 - Daylight","02 - Non-fatal injury","01 - Approaching"
"11666","PRINCESS PATRICIA WAY btwn MARCHE WAY & PRINCESS PATRICIA WAY","368836.40130","5029302.10410","-75.68203","45.40073","2017","9/3/2017","11:30:00 AM","02 - Rain","02 - Wet","10 - No control","01 - Non intersection","01 - Daylight","03 - P.D. only","04 - Sideswipe"
"11667","PROMENADE AVE @ BRISBANE RD","366852.57615","5021078.87288","-75.70841","45.32692","2017","8/4/2017","9:14:00 AM","01 - Clear","02 - Wet","02 - Stop sign","03 - At intersection","01 - Daylight","03 - P.D. only","05 - Turning movement"
"11668","ProposedCANYON WALK DR @ EARL ARMSTRONG RD","369397.92175","5015630.41427","-75.67665","45.27766","2017","5/15/2017","7:36:00 PM","01 - Clear","01 - Dry","01 - Traffic signal","03 - At intersection","01 - Daylight","03 - P.D. only","05 - Turning movement"
"11669","ProposedCANYON WALK DR @ EARL ARMSTRONG RD","369402.91824","5015627.91603","-75.67658","45.27764","2017","6/14/2017","6:17:00 PM","01 - Clear","01 - Dry","01 - Traffic signal","03 - At intersection","01 - Daylight","02 - Non-fatal injury","05 - Turning movement"
"11670","ProposedWESTVALLEY PRIV @ GLENHAVEN PRIV","370179.99406","5025910.55793","-75.66532","45.37009","2017","9/27/2017","8:02:00 PM","01 - Clear","01 - Dry","10 - No control","02 - Intersection related","07 - Dark","03 - P.D. only","04 - Sideswipe"
"11671","PROVENDER AVE btwn BURMA RD & ROTHBURY CRES","373146.37202","5034685.20297","-75.62624","45.44876","2017","8/27/2017","11:54:00 AM","01 - Clear","01 - Dry","10 - No control","04 - At/near private drive","01 - Daylight","03 - P.D. only","06 - SMV unattended vehicle"
"11672","PROVENDER AVE btwn ROTHBURY CRES & END","372902.80876","5034765.07567","-75.62934","45.44950","2017","12/19/2017","12:00:00 AM","01 - Clear","05 - Packed snow","10 - No control","01 - Non intersection","00 - Unknown","03 - P.D. only","06 - SMV unattended vehicle"
"11673","PROVOST DR btwn HYDE ST & MARCEL ST","369397.46852","5025182.30339","-75.67541","45.36361","2017","7/30/2017","12:00:00 PM","01 - Clear","01 - Dry","10 - No control","04 - At/near private drive","01 - Daylight","03 - P.D. only","06 - SMV unattended vehicle"
"11674","PUTMAN AVE @ SPRINGFIELD RD","369186.70010","5033908.39886","-75.67696","45.44214","2017","11/21/2017","2:19:00 PM","01 - Clear","01 - Dry","02 - Stop sign","03 - At intersection","01 - Daylight","03 - P.D. only","02 - Angle"
"11675","QUARRY RD @ BRITTANY DR","371787.87131","5034284.57918","-75.64366","45.44528","2017","2/23/2017","6:17:00 PM","01 - Clear","02 - Wet","02 - Stop sign","02 - Intersection related","07 - Dark","02 - Non-fatal injury","03 - Rear end"
"11676","QUEEN ELIZABETH DRWY @ SOMERSET ST","368570.70742","5031473.57837","-75.68515","45.42029","2017","10/10/2017","10:36:00 AM","01 - Clear","01 - Dry","02 - Stop sign","02 - Intersection related","01 - Daylight","03 - P.D. only","02 - Angle"
"11677","QUEEN ELIZABETH DRWY @ STRATHCONA AVE","368694.17487","5030359.59605","-75.68371","45.41026","2017","7/19/2017","9:16:00 PM","01 - Clear","01 - Dry","02 - Stop sign","03 - At intersection","07 - Dark","03 - P.D. only","02 - Angle"
"11678","QUEEN ELIZABETH DRWY btwn ARGYLE AVE & MCLEOD ST","368728.61685","5030857.63267","-75.68321","45.41473","2017","12/4/2017","7:15:00 PM","01 - Clear","01 - Dry","10 - No control","04 - At/near private drive","07 - Dark","03 - P.D. only","07 - SMV other"
"11679","QUEEN ELIZABETH DRWY btwn LAKESIDE AVE & LAKEVIEW TER","367632.39838","5028558.41293","-75.69751","45.39415","2017","7/5/2017","4:37:00 PM","01 - Clear","01 - Dry","10 - No control","01 - Non intersection","01 - Daylight","02 - Non-fatal injury","07 - SMV other"
"11680","QUEEN ELIZABETH DRWY btwn MONKLAND AVE & LINDEN TER","368790.87177","5030258.56650","-75.68249","45.40934","2017","7/7/2017","6:56:00 PM","02 - Rain","02 - Wet","10 - No control","01 - Non intersection","01 - Daylight","03 - P.D. only","07 - SMV other"
"11681","QUEEN ELIZABETH DRWY btwn PRESTON ST & CRESCENT HGTS","366955.86600","5028864.01696","-75.70611","45.39696","2017","9/19/2017","3:14:00 PM","01 - Clear","01 - Dry","10 - No control","01 - Non intersection","01 - Daylight","03 - P.D. only","03 - Rear end"
"11682","QUEEN ELIZABETH DRWY btwn PRESTON ST & CRESCENT HGTS","367138.16673","5028947.91337","-75.70377","45.39769","2017","7/16/2017","3:00:00 PM","01 - Clear","01 - Dry","10 - No control","01 - Non intersection","01 - Daylight","02 - Non-fatal injury","07 - SMV other"
"11683","QUEEN ELIZABETH DRWY btwn QUEEN ELIZABETH PL & FIFTH AVE","369008.40955","5029249.04061","-75.67984","45.40023","2017","8/22/2017","4:45:00 PM","02 - Rain","02 - Wet","10 - No control","01 - Non intersection","01 - Daylight","03 - P.D. only","07 - SMV other"
"11684","QUEEN MARY ST @ ISIDORE ST","371674.67175","5032102.86914","-75.64540","45.42566","2017","12/21/2017","4:26:00 PM","01 - Clear","02 - Wet","02 - Stop sign","03 - At intersection","05 - Dusk","03 - P.D. only","02 - Angle"
"11685","QUEEN MARY ST @ QUILL ST","370735.22707","5031999.13233","-75.65742","45.42482","2017","1/1/2017","8:43:00 PM","01 - Clear","03 - Loose snow","02 - Stop sign","02 - Intersection related","07 - Dark","03 - P.D. only","07 - SMV other"
"11686","QUEEN MARY ST @ VANIER PKWY","370361.87417","5031958.30570","-75.66220","45.42449","2017","9/21/2017","12:08:00 PM","01 - Clear","01 - Dry","01 - Traffic signal","03 - At intersection","01 - Daylight","02 - Non-fatal injury","01 - Approaching"
"11687","QUEEN MARY ST @ VANIER PKWY","370363.51595","5031955.33455","-75.66218","45.42446","2017","11/3/2017","2:23:00 PM","01 - Clear","01 - Dry","01 - Traffic signal","02 - Intersection related","01 - Daylight","03 - P.D. only","03 - Rear end"
"11688","QUEEN MARY ST @ VANIER PKWY","370364.12270","5031957.99686","-75.66217","45.42448","2017","2/13/2017","3:15:00 PM","01 - Clear","03 - Loose snow","01 - Traffic signal","02 - Intersection related","01 - Daylight","03 - P.D. only","03 - Rear end"
"11689","QUEEN MARY ST @ VANIER PKWY","370363.71050","5031957.20987","-75.66217","45.42448","2017","1/9/2017","9:15:00 PM","01 - Clear","02 - Wet","01 - Traffic signal","02 - Intersection related","07 - Dark","03 - P.D. only","99 - Other"
"11690","QUEEN MARY ST @ VANIER PKWY","370364.71384","5031958.92289","-75.66216","45.42449","2017","2/13/2017","8:45:00 PM","01 - Clear","00 - Unknown","01 - Traffic signal","02 - Intersection related","07 - Dark","02 - Non-fatal injury","03 - Rear end"
"11691","QUEEN MARY ST @ VANIER PKWY","370364.25324","5031958.39921","-75.66217","45.42449","2017","2/6/2017","8:58:00 PM","03 - Snow","04 - Slush","01 - Traffic signal","03 - At intersection","07 - Dark","02 - Non-fatal injury","07 - SMV other"
"11692","QUEEN MARY ST @ VANIER PKWY","370366.28561","5031957.58510","-75.66214","45.42448","2017","1/11/2017","10:30:00 AM","01 - Clear","03 - Loose snow","01 - Traffic signal","02 - Intersection related","01 - Daylight","03 - P.D. only","03 - Rear end"
"11693","QUEEN MARY ST @ VANIER PKWY","370364.71384","5031958.25400","-75.66216","45.42449","2017","2/11/2017","4:33:00 PM","01 - Clear","01 - Dry","01 - Traffic signal","02 - Intersection related","01 - Daylight","03 - P.D. only","07 - SMV other"
"11694","QUEEN MARY ST @ VANIER PKWY","370362.75471","5031958.77984","-75.66219","45.42449","2017","12/30/2017","7:55:00 PM","01 - Clear","01 - Dry","01 - Traffic signal","03 - At intersection","07 - Dark","03 - P.D. only","05 - Turning movement"
"11695","QUEEN MARY ST @ VANIER PKWY","370364.18387","5031958.29516","-75.66217","45.42449","2017","12/27/2017","11:05:00 AM","01 - Clear","01 - Dry","01 - Traffic signal","03 - At intersection","01 - Daylight","03 - P.D. only","05 - Turning movement"
"11696","QUEEN MARY ST @ VERA ST","370522.80416","5031973.29121","-75.66014","45.42461","2017","1/28/2017","11:37:00 PM","03 - Snow","05 - Packed snow","02 - Stop sign","02 - Intersection related","07 - Dark","02 - Non-fatal injury","01 - Approaching"
"11697","QUEEN MARY ST btwn FRANCES ST & ISIDORE ST","371583.66615","5032094.98315","-75.64657","45.42560","2017","7/23/2017","4:19:00 PM","01 - Clear","01 - Dry","10 - No control","01 - Non intersection","01 - Daylight","03 - P.D. only","06 - SMV unattended vehicle"
"11698","QUEEN ST @ LYON ST","367018.44118","5031287.79422","-75.70500","45.41876","2017","6/23/2017","12:30:00 PM","01 - Clear","02 - Wet","01 - Traffic signal","02 - Intersection related","01 - Daylight","03 - P.D. only","04 - Sideswipe"
"11699","QUEEN ST @ LYON ST","367017.61080","5031288.12695","-75.70501","45.41876","2017","10/12/2017","1:17:00 PM","01 - Clear","01 - Dry","01 - Traffic signal","03 - At intersection","01 - Daylight","03 - P.D. only","02 - Angle"
"11700","QUEEN ST btwn LYON ST N & KENT ST","367104.72521","5031339.43235","-75.70389","45.41922","2017","12/4/2017","2:18:00 PM","01 - Clear","01 - Dry","10 - No control","01 - Non intersection","01 - Daylight","02 - Non-fatal injury","07 - SMV other"
"11701","QUEEN ST btwn LYON ST N & KENT ST","367095.75621","5031333.36512","-75.70401","45.41916","2017","12/14/2017","4:21:00 PM","01 - Clear","03 - Loose snow","10 - No control","01 - Non intersection","05 - Dusk","03 - P.D. only","07 - SMV other"
"11702","QUEEN ST btwn METCALFE ST & ELGIN ST","367680.72605","5031701.31106","-75.69649","45.42242","2017","4/5/2017","12:09:00 PM","01 - Clear","01 - Dry","10 - No control","04 - At/near private drive","01 - Daylight","03 - P.D. only","06 - SMV unattended vehicle"
"11703","QUEENSBURY DR btwn GRENADIER WAY & DOULTON GT","365462.77550","5016227.49594","-75.72673","45.28339","2017","3/18/2017","12:00:00 AM","01 - Clear","01 - Dry","10 - No control","01 - Non intersection","00 - Unknown","03 - P.D. only","06 - SMV unattended vehicle"
"11704","QUEENSDALE AVE @ SIXTH ST","373623.07125","5023613.84080","-75.62169","45.34909","2017","2/24/2017","4:10:00 PM","02 - Rain","02 - Wet","02 - Stop sign","03 - At intersection","01 - Daylight","03 - P.D. only","02 - Angle"
"11705","QUEENSDALE AVE btwn BANNON WAY & BANK ST","373198.26424","5023365.51796","-75.62715","45.34690","2017","2/21/2017","4:28:00 PM","01 - Clear","01 - Dry","10 - No control","04 - At/near private drive","01 - Daylight","03 - P.D. only","02 - Angle"
"11706","QUEENSDALE AVE btwn MAVIS ST & BANNON WAY","373038.35543","5023270.15275","-75.62920","45.34606","2017","5/9/2017","2:30:00 PM","01 - Clear","01 - Dry","10 - No control","04 - At/near private drive","01 - Daylight","03 - P.D. only","02 - Angle"
"11707","QUEENSGROVE RD btwn FAIRLAWN AVE & PARKHURST BLVD","362285.03162","5025056.98434","-75.76621","45.36310","2017","12/9/2017","6:00:00 PM","01 - Clear","01 - Dry","10 - No control","01 - Non intersection","07 - Dark","03 - P.D. only","06 - SMV unattended vehicle"
"11708","QUEENSLINE DR btwn NANAIMO DR & ESQUIMAULT AVE","359649.61372","5022632.94470","-75.80011","45.34150","2017","6/14/2017","8:39:00 PM","01 - Clear","01 - Dry","10 - No control","01 - Non intersection","05 - Dusk","03 - P.D. only","07 - SMV other"
"11709","QUEENSVIEW DR btwn PINECREST RD & END","360516.24492","5023853.07122","-75.78892","45.35241","2017","6/12/2017","12:27:00 PM","02 - Rain","02 - Wet","10 - No control","04 - At/near private drive","01 - Daylight","02 - Non-fatal injury","07 - SMV other"
"11710","RAFTSMAN LANE S @ VOYAGEUR DR","379025.18575","5037885.59750","-75.55061","45.47695","2017","9/8/2017","5:34:00 PM","01 - Clear","01 - Dry","02 - Stop sign","03 - At intersection","01 - Daylight","02 - Non-fatal injury","02 - Angle"
"11711","RAINBOW ST btwn CANOTEK RD & END (1)","376170.85401","5035317.17399","-75.58749","45.45414","2017","4/5/2017","3:15:00 PM","01 - Clear","01 - Dry","10 - No control","04 - At/near private drive","01 - Daylight","03 - P.D. only","05 - Turning movement"
"11712","RAINROCK CRES btwn COMPASS ST & DRAGONFLY WALK","382149.83240","5033483.20420","-75.51134","45.43700","2017","2/16/2017","12:00:00 AM","01 - Clear","03 - Loose snow","10 - No control","01 - Non intersection","00 - Unknown","03 - P.D. only","06 - SMV unattended vehicle"
"11713","RAINSFORD AVE btwn WILSON ST & CLARKE AVE","372201.98516","5033807.70187","-75.63843","45.44095","2017","2/13/2017","10:28:00 AM","01 - Clear","03 - Loose snow","10 - No control","04 - At/near private drive","01 - Daylight","03 - P.D. only","99 - Other"
"11714","RAMP btwn Continuation of RAMP & AIRPORT PKWY","371034.06640","5023571.44313","-75.65473","45.34896","2017","11/5/2017","5:35:00 PM","02 - Rain","02 - Wet","10 - No control","01 - Non intersection","07 - Dark","03 - P.D. only","04 - Sideswipe"
"11715","RAMP btwn Continuation of RAMP & END (2)","346499.97373","5015218.31288","-75.96852","45.27568","2017","9/7/2017","12:30:00 AM","01 - Clear","01 - Dry","10 - No control","01 - Non intersection","07 - Dark","03 - P.D. only","07 - SMV other"
"11716","RAMP btwn Continuation of RAMP & END (2)","346743.66072","5015305.12742","-75.96541","45.27645","2017","2/10/2017","8:35:00 PM","03 - Snow","03 - Loose snow","10 - No control","01 - Non intersection","07 - Dark","03 - P.D. only","07 - SMV other"
"11717","RAMP btwn Continuation of RAMP & END (2)","346376.13511","5015174.86279","-75.97010","45.27530","2017","2/17/2017","6:20:00 AM","01 - Clear","06 - Ice","10 - No control","01 - Non intersection","03 - Dawn","02 - Non-fatal injury","07 - SMV other"
"11718","RAMP btwn HIGHWAY 417 & HIGHWAY 7","345911.17214","5014581.67511","-75.97608","45.26999","2017","6/11/2017","5:55:00 AM","01 - Clear","01 - Dry","10 - No control","01 - Non intersection","01 - Daylight","03 - P.D. only","07 - SMV other"
"11719","RAMP btwn HIGHWAY 417 & HWY417 IC96 RAMP16","387339.38282","5023906.62332","-75.44663","45.35025","2017","3/14/2017","9:30:00 AM","03 - Snow","03 - Loose snow","10 - No control","01 - Non intersection","01 - Daylight","03 - P.D. only","07 - SMV other"
"11720","RAMSAYVILLE RD @ LEITRIM RD","378726.22545","5023872.95825","-75.55654","45.35091","2017","10/1/2017","11:48:00 PM","01 - Clear","01 - Dry","02 - Stop sign","03 - At intersection","07 - Dark","03 - P.D. only","03 - Rear end"
"11721","RAMSAYVILLE RD @ LEITRIM RD","378728.68478","5023884.73931","-75.55650","45.35101","2017","11/29/2017","8:26:00 AM","01 - Clear","02 - Wet","02 - Stop sign","03 - At intersection","01 - Daylight","02 - Non-fatal injury","02 - Angle"
"11722","RAMSAYVILLE RD @ LEITRIM RD","378725.76856","5023872.83580","-75.55654","45.35090","2017","3/15/2017","7:49:00 AM","03 - Snow","03 - Loose snow","02 - Stop sign","02 - Intersection related","01 - Daylight","03 - P.D. only","03 - Rear end"
"11723","RAMSAYVILLE RD @ MITCH OWENS RD","381144.79140","5018038.19993","-75.52657","45.29815","2017","10/17/2017","8:16:00 AM","01 - Clear","01 - Dry","02 - Stop sign","02 - Intersection related","01 - Daylight","03 - P.D. only","03 - Rear end"
"11724","RAMSAYVILLE RD @ MITCH OWENS RD","381145.74719","5018037.75445","-75.52656","45.29814","2017","12/5/2017","8:48:00 AM","02 - Rain","02 - Wet","02 - Stop sign","02 - Intersection related","01 - Daylight","03 - P.D. only","03 - Rear end"
"11725","RAMSAYVILLE RD @ MITCH OWENS RD","381142.11090","5018033.44639","-75.52661","45.29811","2017","11/24/2017","12:12:00 PM","01 - Clear","01 - Dry","02 - Stop sign","03 - At intersection","01 - Daylight","02 - Non-fatal injury","02 - Angle"
"11726","RAMSAYVILLE RD @ NINTH LINE RD","380302.42791","5020068.25250","-75.53700","45.31650","2017","4/19/2017","9:50:00 PM","01 - Clear","02 - Wet","02 - Stop sign","02 - Intersection related","07 - Dark","03 - P.D. only","07 - SMV other"
"11727","RAMSAYVILLE RD @ RIDEAU RD","380352.44505","5019957.47660","-75.53638","45.31550","2017","7/10/2017","4:23:00 PM","01 - Clear","01 - Dry","02 - Stop sign","03 - At intersection","01 - Daylight","02 - Non-fatal injury","02 - Angle"
"11728","RAMSAYVILLE RD @ RIDGE RD","376679.63129","5028859.11000","-75.58193","45.39598","2017","11/3/2017","4:00:00 PM","01 - Clear","01 - Dry","02 - Stop sign","03 - At intersection","01 - Daylight","03 - P.D. only","02 - Angle"
"11729","RAMSAYVILLE RD @ RIDGE RD","376684.08025","5028862.19861","-75.58187","45.39601","2017","12/5/2017","7:43:00 AM","02 - Rain","02 - Wet","02 - Stop sign","03 - At intersection","03 - Dawn","02 - Non-fatal injury","02 - Angle"
"11730","RAMSAYVILLE RD @ RIDGE RD","376683.41135","5028864.20530","-75.58188","45.39603","2017","3/8/2017","5:51:00 AM","01 - Clear","06 - Ice","02 - Stop sign","02 - Intersection related","03 - Dawn","03 - P.D. only","07 - SMV other"
"11731","RAMSAYVILLE RD @ RIDGE RD","376683.41135","5028861.52971","-75.58188","45.39600","2017","3/24/2017","10:15:00 PM","03 - Snow","03 - Loose snow","02 - Stop sign","03 - At intersection","07 - Dark","03 - P.D. only","05 - Turning movement"
"11732","RAMSAYVILLE RD @ RUSSELL RD N","377777.42705","5026757.86430","-75.56822","45.37696","2017","3/10/2017","1:23:00 AM","01 - Clear","01 - Dry","02 - Stop sign","02 - Intersection related","07 - Dark","02 - Non-fatal injury","07 - SMV other"
"11733","RAMSAYVILLE RD @ RUSSELL RD S","377831.42055","5026128.85360","-75.56762","45.37130","2017","6/19/2017","10:07:00 AM","01 - Clear","01 - Dry","02 - Stop sign","02 - Intersection related","01 - Daylight","03 - P.D. only","07 - SMV other"
"11734","RAMSAYVILLE RD @ WALKLEY EXTENSION RD","376464.41015","5029419.88130","-75.58459","45.40105","2017","3/7/2017","10:14:00 PM","02 - Rain","06 - Ice","10 - No control","02 - Intersection related","07 - Dark","03 - P.D. only","07 - SMV other"
"11735","RAMSAYVILLE RD @ WALKLEY EXTENSION RD","376463.50402","5029425.81831","-75.58460","45.40110","2017","12/23/2017","5:30:00 PM","03 - Snow","03 - Loose snow","10 - No control","03 - At intersection","07 - Dark","03 - P.D. only","02 - Angle"
"11736","RAMSAYVILLE RD btwn GENERATION CRT & RUSSELL RD","377890.45507","5025887.76364","-75.56690","45.36912","2017","2/19/2017","6:45:00 AM","01 - Clear","02 - Wet","10 - No control","01 - Non intersection","07 - Dark","03 - P.D. only","07 - SMV other"
"11737","RAMSAYVILLE RD btwn LEITRIM RD & EIGHTH LINE RD","378911.03746","5023434.26703","-75.55424","45.34694","2017","12/1/2017","4:15:00 PM","01 - Clear","01 - Dry","10 - No control","04 - At/near private drive","05 - Dusk","03 - P.D. only","03 - Rear end"
"11738","RAMSAYVILLE RD btwn LEITRIM RD & EIGHTH LINE RD","379364.40067","5022302.58571","-75.54863","45.33671","2017","11/15/2017","9:46:00 PM","01 - Clear","01 - Dry","10 - No control","01 - Non intersection","07 - Dark","03 - P.D. only","03 - Rear end"
"11739","RAMSAYVILLE RD btwn LEITRIM RD & LEITRIM RD","378752.52441","5023809.95955","-75.55621","45.35034","2017","6/8/2017","12:27:00 PM","01 - Clear","01 - Dry","10 - No control","01 - Non intersection","01 - Daylight","03 - P.D. only","07 - SMV other"
"11740","RAMSAYVILLE RD btwn LOUISEIZE RD & NINTH LINE RD","380265.88864","5020164.03944","-75.53746","45.31737","2017","11/21/2017","10:14:00 PM","01 - Clear","02 - Wet","10 - No control","01 - Non intersection","07 - Dark","03 - P.D. only","07 - SMV other"
"11741","RAMSAYVILLE RD btwn RIDEAU RD & MITCH OWENS RD","380944.76600","5018502.02223","-75.52905","45.30234","2017","6/25/2017","3:15:00 AM","01 - Clear","01 - Dry","10 - No control","01 - Non intersection","07 - Dark","03 - P.D. only","07 - SMV other"
"11742","RAMSAYVILLE RD btwn RIDGE RD & RUSSELL RD","377705.18625","5026806.69374","-75.56913","45.37741","2017","10/26/2017","4:29:00 PM","01 - Clear","01 - Dry","10 - No control","01 - Non intersection","05 - Dusk","03 - P.D. only","07 - SMV other"
"11743","RAMSAYVILLE RD btwn RIDGE RD & RUSSELL RD","377198.86894","5027553.16609","-75.57549","45.38418","2017","10/5/2017","12:31:00 AM","01 - Clear","01 - Dry","10 - No control","01 - Non intersection","07 - Dark","03 - P.D. only","03 - Rear end"
"11744","RAMSAYVILLE RD btwn WHYTE SIDE RD & LEITRIM RD","378706.37056","5023920.32744","-75.55678","45.35133","2017","6/13/2017","12:52:00 AM","01 - Clear","01 - Dry","10 - No control","01 - Non intersection","07 - Dark","02 - Non-fatal injury","03 - Rear end"
"11745","RAMSAYVILLE RD btwn WHYTE SIDE RD & LEITRIM RD","378044.55463","5025519.52644","-75.56499","45.36579","2017","11/19/2017","6:59:00 AM","03 - Snow","06 - Ice","10 - No control","01 - Non intersection","03 - Dawn","03 - P.D. only","07 - SMV other"
"11746","RAMSAYVILLE RD btwn WHYTE SIDE RD & LEITRIM RD","378654.61842","5024059.67137","-75.55742","45.35259","2017","2/11/2017","8:05:00 PM","01 - Clear","05 - Packed snow","10 - No control","01 - Non intersection","07 - Dark","03 - P.D. only","07 - SMV other"
"11747","RAMSEY CRES btwn DUMAURIER AVE & DUMAURIER AVE","360074.14971","5023401.65075","-75.79461","45.34838","2017","7/15/2017","3:29:00 PM","01 - Clear","01 - Dry","10 - No control","01 - Non intersection","01 - Daylight","02 - Non-fatal injury","07 - SMV other"
"11748","RANDALL AVE btwn ALTA VISTA DR & BRAESIDE AVE","370464.39290","5027370.16557","-75.66150","45.38319","2017","12/1/2017","8:58:00 AM","01 - Clear","02 - Wet","10 - No control","01 - Non intersection","01 - Daylight","03 - P.D. only","01 - Approaching"
"11749","RANDALL AVE btwn RALSTON ST & RIDGECREST PL","370136.07572","5027333.63537","-75.66570","45.38290","2017","3/22/2017","10:38:00 AM","01 - Clear","01 - Dry","10 - No control","01 - Non intersection","01 - Daylight","03 - P.D. only","06 - SMV unattended vehicle"
"11750","RANDALL AVE btwn UTAH ST & BEAVER AVE","369935.11909","5027311.24693","-75.66826","45.38271","2017","3/30/2017","8:01:00 PM","01 - Clear","01 - Dry","10 - No control","04 - At/near private drive","07 - Dark","03 - P.D. only","06 - SMV unattended vehicle"
"11751","RAVEN AVE @ KIRKWOOD AVE","364690.93262","5026773.65758","-75.73529","45.37834","2017","5/7/2017","11:43:00 AM","01 - Clear","02 - Wet","02 - Stop sign","03 - At intersection","01 - Daylight","02 - Non-fatal injury","02 - Angle"
"11752","RAVEN AVE @ KIRKWOOD AVE","364689.87469","5026774.38106","-75.73530","45.37835","2017","5/11/2017","1:35:00 AM","01 - Clear","01 - Dry","02 - Stop sign","02 - Intersection related","07 - Dark","03 - P.D. only","07 - SMV other"
"11753","RAVEN AVE btwn KIRKWOOD AVE & MERIVALE RD","364802.65900","5026845.60763","-75.73385","45.37898","2017","11/24/2017","2:39:00 AM","01 - Clear","01 - Dry","10 - No control","04 - At/near private drive","07 - Dark","03 - P.D. only","07 - SMV other"