"Record","Location","X","Y","Longitude","Latitude","Year","Date","Time","Environment","Road_Surface","Traffic_Control","Collision_Location","Light","Collision_Classification","Impact_type"
"11754","RAVENHILL AVE @ ROOSEVELT AVE","363070.14916","5027985.54790","-75.75584","45.38939","2017","8/24/2017","12:59:00 PM","01 - Clear","01 - Dry","03 - Yield sign","03 - At intersection","01 - Daylight","02 - Non-fatal injury","02 - Angle"
"11755","RAY WILSON RD btwn YORKS CORNERS RD & GREGOIRE RD","390027.97959","5011659.98667","-75.41442","45.23974","2017","10/26/2017","4:26:00 PM","01 - Clear","01 - Dry","10 - No control","01 - Non intersection","01 - Daylight","02 - Non-fatal injury","07 - SMV other"
"11756","RAYMOND ST/HWY 417 ROCHEST IC121BR16 @ ROCHEST","366737.99513","5029618.72331","-75.70880","45.40377","2017","5/6/2017","9:20:00 PM","02 - Rain","02 - Wet","01 - Traffic signal","03 - At intersection","07 - Dark","03 - P.D. only","02 - Angle"
"11757","RAYMOND ST/HWY 417 ROCHEST IC121BR16 @ ROCHEST","366737.67441","5029618.60195","-75.70880","45.40376","2017","10/22/2017","2:08:00 PM","01 - Clear","01 - Dry","01 - Traffic signal","03 - At intersection","01 - Daylight","03 - P.D. only","05 - Turning movement"
"11758","RAYMOND ST/HWY 417 ROCHEST IC121BR16 @ ROCHEST","366737.71956","5029618.31279","-75.70880","45.40376","2017","2/12/2017","12:00:00 PM","03 - Snow","05 - Packed snow","01 - Traffic signal","02 - Intersection related","01 - Daylight","03 - P.D. only","03 - Rear end"
"11759","REDPATH DR btwn BREEZEWAY DR & DYLAN WAY","366738.01290","5016471.94014","-75.71044","45.28547","2017","6/22/2017","10:48:00 AM","01 - Clear","00 - Unknown","10 - No control","04 - At/near private drive","01 - Daylight","03 - P.D. only","05 - Turning movement"
"11760","REDPATH DR btwn KNOWLTON DR & DYLAN WAY","366598.07457","5016798.12111","-75.71219","45.28842","2017","7/1/2017","12:00:00 AM","01 - Clear","01 - Dry","10 - No control","01 - Non intersection","00 - Unknown","03 - P.D. only","06 - SMV unattended vehicle"
"11761","REGATTA AVE btwn BRAMBLING WAY & EGRET WAY","364702.26610","5012424.31520","-75.73688","45.24923","2017","3/7/2017","11:32:00 AM","04 - Freezing Rain","06 - Ice","10 - No control","01 - Non intersection","01 - Daylight","03 - P.D. only","06 - SMV unattended vehicle"
"11762","REGENT ST btwn BANK ST & HOWICK PL","368429.65835","5029329.69077","-75.68723","45.40101","2017","10/11/2017","12:02:00 PM","01 - Clear","01 - Dry","10 - No control","04 - At/near private drive","01 - Daylight","03 - P.D. only","06 - SMV unattended vehicle"
"11763","REGENT ST btwn BANK ST & HOWICK PL","368480.14828","5029359.67763","-75.68658","45.40128","2017","4/9/2017","12:00:00 AM","01 - Clear","01 - Dry","10 - No control","01 - Non intersection","00 - Unknown","03 - P.D. only","06 - SMV unattended vehicle"
"11764","REGIMENT AVE btwn TEMPLEFORD AVE & PEPPERVILLE CRES","354417.36269","5015546.28933","-75.86758","45.27812","2017","12/16/2017","10:25:00 AM","01 - Clear","05 - Packed snow","10 - No control","01 - Non intersection","01 - Daylight","03 - P.D. only","06 - SMV unattended vehicle"
"11765","REGINA ST btwn LINCOLN HEIGHTS RD & END","360734.85775","5025692.47380","-75.78592","45.36894","2017","3/17/2017","3:32:00 AM","03 - Snow","02 - Wet","10 - No control","01 - Non intersection","07 - Dark","02 - Non-fatal injury","07 - SMV other"
"11766","REGIONAL RD 174 @ EAST ST/PETER HARKNESS LANE","390420.44646","5042703.91032","-75.40404","45.51900","2017","1/30/2017","5:20:00 PM","01 - Clear","01 - Dry","02 - Stop sign","02 - Intersection related","05 - Dusk","03 - P.D. only","03 - Rear end"
"11767","REGIONAL RD 174 @ TRIM RD","384350.18106","5039991.67849","-75.48217","45.49531","2017","6/4/2017","6:35:00 PM","02 - Rain","02 - Wet","01 - Traffic signal","02 - Intersection related","01 - Daylight","03 - P.D. only","07 - SMV other"
"11768","REGIONAL RD 174 @ TRIM RD","384350.93693","5039989.99568","-75.48216","45.49530","2017","8/29/2017","4:08:00 PM","01 - Clear","01 - Dry","01 - Traffic signal","02 - Intersection related","01 - Daylight","03 - P.D. only","03 - Rear end"
"11769","REGIONAL RD 174 @ TRIM RD","384351.51885","5039990.34070","-75.48215","45.49530","2017","7/1/2017","10:30:00 PM","02 - Rain","02 - Wet","01 - Traffic signal","02 - Intersection related","07 - Dark","03 - P.D. only","03 - Rear end"
"11770","REGIONAL RD 174 @ TRIM RD","384351.81114","5039990.24810","-75.48215","45.49530","2017","7/16/2017","3:41:00 AM","01 - Clear","01 - Dry","01 - Traffic signal","02 - Intersection related","07 - Dark","03 - P.D. only","07 - SMV other"
"11771","REGIONAL RD 174 @ TRIM RD","384352.85664","5039991.00960","-75.48214","45.49531","2017","11/28/2017","4:40:00 PM","01 - Clear","01 - Dry","01 - Traffic signal","02 - Intersection related","05 - Dusk","03 - P.D. only","03 - Rear end"
"11772","REGIONAL RD 174 @ TRIM RD","384352.30925","5039989.62875","-75.48214","45.49529","2017","12/11/2017","3:49:00 PM","01 - Clear","01 - Dry","01 - Traffic signal","03 - At intersection","01 - Daylight","03 - P.D. only","03 - Rear end"
"11773","REGIONAL RD 174 @ TRIM RD","384351.76356","5039990.42230","-75.48215","45.49530","2017","11/2/2017","9:00:00 AM","02 - Rain","02 - Wet","01 - Traffic signal","02 - Intersection related","01 - Daylight","03 - P.D. only","04 - Sideswipe"
"11774","REGIONAL RD 174 @ TRIM RD","384351.34380","5039992.37871","-75.48216","45.49532","2017","11/15/2017","10:36:00 AM","01 - Clear","01 - Dry","01 - Traffic signal","02 - Intersection related","01 - Daylight","03 - P.D. only","03 - Rear end"
"11775","REGIONAL RD 174 @ TRIM RD","384352.85664","5039990.34070","-75.48214","45.49530","2017","11/15/2017","7:45:00 AM","01 - Clear","01 - Dry","01 - Traffic signal","02 - Intersection related","01 - Daylight","03 - P.D. only","04 - Sideswipe"
"11776","REGIONAL RD 174 @ TRIM RD","384353.38181","5039992.37871","-75.48213","45.49532","2017","3/16/2017","6:28:00 PM","01 - Clear","01 - Dry","01 - Traffic signal","03 - At intersection","05 - Dusk","03 - P.D. only","05 - Turning movement"
"11777","REGIONAL RD 174 @ WEST ST","390002.12522","5042640.55353","-75.40941","45.51848","2017","1/29/2017","2:50:00 PM","01 - Clear","02 - Wet","02 - Stop sign","02 - Intersection related","01 - Daylight","02 - Non-fatal injury","03 - Rear end"
"11778","REGIONAL RD 174 EB @ OR174 IC109 RAMP55","376461.33143","5034962.55053","-75.58383","45.45092","2017","9/15/2017","3:27:00 PM","01 - Clear","01 - Dry","10 - No control","02 - Intersection related","01 - Daylight","03 - P.D. only","03 - Rear end"
"11779","REGIONAL RD 174 EB btwn REGIONAL RD 174 & TRIM RD","384542.15430","5040105.39087","-75.47970","45.49631","2017","11/28/2017","7:02:00 PM","01 - Clear","01 - Dry","10 - No control","01 - Non intersection","07 - Dark","03 - P.D. only","07 - SMV other"
"11780","REGIONAL RD 174 EB btwn REGIONAL RD 174 & TRIM RD","384365.60612","5039973.41589","-75.48198","45.49515","2017","1/11/2017","9:27:00 AM","01 - Clear","02 - Wet","10 - No control","01 - Non intersection","01 - Daylight","03 - P.D. only","04 - Sideswipe"
"11781","REGIONAL RD 174 WB btwn REGIONAL RD 174 & TRIM RD","384436.46868","5040047.86578","-75.48106","45.49581","2017","3/2/2017","9:31:00 AM","01 - Clear","06 - Ice","10 - No control","01 - Non intersection","01 - Daylight","03 - P.D. only","03 - Rear end"
"11782","REGIONAL ROAD 174 btwn CAMERON ST & WEST ST","389883.75953","5042621.00825","-75.41093","45.51832","2017","10/13/2017","1:31:00 PM","01 - Clear","01 - Dry","09 - Traffic controller","01 - Non intersection","01 - Daylight","02 - Non-fatal injury","07 - SMV other"
"11783","REGIONAL ROAD 174 btwn CAMERON ST & WEST ST","389888.99612","5042622.17760","-75.41086","45.51833","2017","1/24/2017","9:29:00 AM","01 - Clear","02 - Wet","10 - No control","01 - Non intersection","01 - Daylight","03 - P.D. only","07 - SMV other"
"11784","REGIONAL ROAD 174 btwn CAMERON ST & WEST ST","389869.26276","5042619.00034","-75.41111","45.51830","2017","2/2/2017","10:33:00 PM","03 - Snow","02 - Wet","10 - No control","01 - Non intersection","07 - Dark","03 - P.D. only","07 - SMV other"
"11785","REGIONAL ROAD 174 btwn CAMERON ST & WEST ST","389959.43581","5042634.95560","-75.40995","45.51843","2017","4/7/2017","6:37:00 AM","02 - Rain","02 - Wet","10 - No control","01 - Non intersection","01 - Daylight","02 - Non-fatal injury","03 - Rear end"
"11786","REGIONAL ROAD 174 btwn Continuation of REGIONAL ROAD 174 & OR174 IC112","374438.69267","5032574.93840","-75.61002","45.42964","2017","8/18/2017","3:40:00 PM","01 - Clear","02 - Wet","10 - No control","01 - Non intersection","01 - Daylight","03 - P.D. only","04 - Sideswipe"
"11787","REGIONAL ROAD 174 btwn Continuation of REGIONAL ROAD 174 & OR174 IC112","374198.61227","5032389.60321","-75.61311","45.42800","2017","9/28/2017","6:26:00 AM","01 - Clear","01 - Dry","10 - No control","01 - Non intersection","03 - Dawn","03 - P.D. only","03 - Rear end"
"11788","REGIONAL ROAD 174 btwn Continuation of REGIONAL ROAD 174 & OR174 IC112","374440.19596","5032575.07759","-75.61000","45.42964","2017","11/1/2017","7:20:00 AM","01 - Clear","01 - Dry","10 - No control","01 - Non intersection","03 - Dawn","03 - P.D. only","03 - Rear end"
"11789","REGIONAL ROAD 174 btwn Continuation of REGIONAL ROAD 174 & OR174 IC112","374281.74731","5032456.63645","-75.61204","45.42859","2017","9/28/2017","9:03:00 AM","01 - Clear","01 - Dry","10 - No control","01 - Non intersection","01 - Daylight","02 - Non-fatal injury","03 - Rear end"
"11790","REGIONAL ROAD 174 btwn Continuation of REGIONAL ROAD 174 & OR174 IC112","374282.04313","5032453.22375","-75.61204","45.42856","2017","12/14/2017","4:14:00 PM","01 - Clear","02 - Wet","10 - No control","01 - Non intersection","05 - Dusk","02 - Non-fatal injury","03 - Rear end"
"11791","REGIONAL ROAD 174 btwn Continuation of REGIONAL ROAD 174 & OR174 IC112","374362.79324","5032519.06674","-75.61100","45.42915","2017","1/6/2017","12:00:00 PM","01 - Clear","01 - Dry","10 - No control","01 - Non intersection","01 - Daylight","03 - P.D. only","99 - Other"
"11792","REGIONAL ROAD 174 btwn Continuation of REGIONAL ROAD 174 & OR174 IC112","374285.77592","5032454.35786","-75.61199","45.42857","2017","4/8/2017","9:40:00 AM","01 - Clear","01 - Dry","10 - No control","01 - Non intersection","01 - Daylight","03 - P.D. only","03 - Rear end"
"11793","REGIONAL ROAD 174 btwn Continuation of REGIONAL ROAD 174 & TO BE DETER","384694.54939","5040356.25899","-75.47771","45.49855","2017","9/10/2017","12:11:00 PM","01 - Clear","01 - Dry","10 - No control","01 - Non intersection","01 - Daylight","02 - Non-fatal injury","05 - Turning movement"
"11794","REGIONAL ROAD 174 btwn EAST ST & EAST SHORE RD","390619.67166","5042734.92197","-75.40149","45.51925","2017","7/18/2017","12:10:00 PM","01 - Clear","01 - Dry","10 - No control","01 - Non intersection","01 - Daylight","03 - P.D. only","07 - SMV other"
"11795","REGIONAL ROAD 174 btwn EAST ST & EAST SHORE RD","391278.95147","5042818.86905","-75.39304","45.51992","2017","1/8/2017","8:17:00 AM","01 - Clear","02 - Wet","10 - No control","01 - Non intersection","01 - Daylight","03 - P.D. only","07 - SMV other"
"11796","REGIONAL ROAD 174 btwn EAST ST & EAST SHORE RD","391071.66095","5042799.78242","-75.39569","45.51978","2017","12/25/2017","6:43:00 AM","03 - Snow","03 - Loose snow","10 - No control","01 - Non intersection","07 - Dark","03 - P.D. only","07 - SMV other"
"11797","REGIONAL ROAD 174 btwn HIGHWAY 417 & HWY417 IC113 RAMP65","373680.91838","5031847.41062","-75.61980","45.42317","2017","9/6/2017","11:12:00 PM","01 - Clear","01 - Dry","10 - No control","01 - Non intersection","07 - Dark","03 - P.D. only","07 - SMV other"
"11798","REGIONAL ROAD 174 btwn HWY417 IC113 RAMP67 & Continuation of REGIONAL","373741.29431","5032049.00669","-75.61901","45.42498","2017","5/11/2017","9:15:00 AM","01 - Clear","01 - Dry","10 - No control","01 - Non intersection","01 - Daylight","03 - P.D. only","03 - Rear end"
"11799","REGIONAL ROAD 174 btwn HWY417 IC113 RAMP67 & Continuation of REGIONAL","373717.61118","5032029.86752","-75.61931","45.42481","2017","7/26/2017","9:51:00 AM","01 - Clear","01 - Dry","10 - No control","01 - Non intersection","01 - Daylight","02 - Non-fatal injury","03 - Rear end"
"11800","REGIONAL ROAD 174 btwn HWY417 IC113 RAMP67 & Continuation of REGIONAL","373697.02347","5032020.19036","-75.61958","45.42472","2017","10/27/2017","10:42:00 AM","01 - Clear","01 - Dry","10 - No control","01 - Non intersection","01 - Daylight","03 - P.D. only","03 - Rear end"
"11801","REGIONAL ROAD 174 btwn HWY417 IC113 RAMP67 & Continuation of REGIONAL","373493.56326","5031878.95570","-75.62219","45.42347","2017","9/20/2017","10:29:00 AM","01 - Clear","01 - Dry","10 - No control","01 - Non intersection","01 - Daylight","03 - P.D. only","03 - Rear end"
"11802","REGIONAL ROAD 174 btwn HWY417 IC113 RAMP67 & Continuation of REGIONAL","373722.02227","5032036.39105","-75.61925","45.42487","2017","10/29/2017","8:07:00 PM","02 - Rain","02 - Wet","10 - No control","01 - Non intersection","07 - Dark","02 - Non-fatal injury","07 - SMV other"
"11803","REGIONAL ROAD 174 btwn HWY417 IC113 RAMP67 & Continuation of REGIONAL","373934.40713","5032186.55456","-75.61652","45.42620","2017","11/16/2017","4:16:00 PM","02 - Rain","02 - Wet","10 - No control","01 - Non intersection","05 - Dusk","02 - Non-fatal injury","03 - Rear end"
"11804","REGIONAL ROAD 174 btwn HWY417 IC113 RAMP67 & Continuation of REGIONAL","373796.38542","5032092.39769","-75.61830","45.42536","2017","2/17/2017","3:20:00 PM","01 - Clear","01 - Dry","10 - No control","01 - Non intersection","01 - Daylight","03 - P.D. only","03 - Rear end"
"11805","REGIONAL ROAD 174 btwn MCTEER RD & CANAAN RD","395395.67568","5043278.91893","-75.34027","45.52354","2017","5/30/2017","11:13:00 PM","01 - Clear","01 - Dry","10 - No control","01 - Non intersection","07 - Dark","03 - P.D. only","03 - Rear end"
"11806","REGIONAL ROAD 174 btwn MCTEER RD & CANAAN RD","395659.10697","5043373.41732","-75.33688","45.52436","2017","5/14/2017","11:15:00 AM","02 - Rain","02 - Wet","10 - No control","01 - Non intersection","01 - Daylight","03 - P.D. only","07 - SMV other"
"11807","REGIONAL ROAD 174 btwn MCTEER RD & CANAAN RD","395536.03005","5043326.59458","-75.33846","45.52395","2017","11/24/2017","4:52:00 PM","02 - Rain","02 - Wet","10 - No control","01 - Non intersection","07 - Dark","03 - P.D. only","07 - SMV other"
"11808","REGIONAL ROAD 174 btwn MORIN RD & OLD MONTREAL RD","392365.62513","5042756.00624","-75.37914","45.51922","2017","1/6/2017","8:12:00 AM","01 - Clear","00 - Unknown","10 - No control","01 - Non intersection","01 - Daylight","03 - P.D. only","01 - Approaching"
"11809","REGIONAL ROAD 174 btwn OLD MONTREAL RD & OLD MONTREAL RD","394566.97932","5043024.85236","-75.35092","45.52136","2017","11/10/2017","1:41:00 PM","01 - Clear","01 - Dry","10 - No control","01 - Non intersection","01 - Daylight","02 - Non-fatal injury","07 - SMV other"
"11810","REGIONAL ROAD 174 btwn OLD MONTREAL RD & OLD MONTREAL RD","392915.45791","5042735.93935","-75.37211","45.51897","2017","3/24/2017","7:24:00 AM","03 - Snow","03 - Loose snow","10 - No control","01 - Non intersection","01 - Daylight","03 - P.D. only","07 - SMV other"
"11811","REGIONAL ROAD 174 btwn OR174 IC101 RAMP36 & OR174 IC101 RAMP26","382445.02776","5038743.94454","-75.50674","45.48430","2017","5/29/2017","11:12:00 AM","02 - Rain","02 - Wet","10 - No control","01 - Non intersection","01 - Daylight","03 - P.D. only","07 - SMV other"
"11812","REGIONAL ROAD 174 btwn OR174 IC101 RAMP61 & TRIM RD","383525.85181","5039430.87764","-75.49281","45.49036","2017","9/15/2017","5:35:00 AM","01 - Clear","01 - Dry","10 - No control","01 - Non intersection","07 - Dark","03 - P.D. only","07 - SMV other"
"11813","REGIONAL ROAD 174 btwn OR174 IC101 RAMP63 & OR174 IC101 RAMP45","382820.03491","5038929.98015","-75.50191","45.48593","2017","4/26/2017","4:55:00 PM","01 - Clear","01 - Dry","10 - No control","01 - Non intersection","01 - Daylight","03 - P.D. only","04 - Sideswipe"
"11814","REGIONAL ROAD 174 btwn OR174 IC101 RAMP63 & OR174 IC101 RAMP45","382692.63804","5038857.09832","-75.50355","45.48529","2017","8/1/2017","10:46:00 PM","01 - Clear","01 - Dry","10 - No control","01 - Non intersection","07 - Dark","02 - Non-fatal injury","07 - SMV other"
"11815","REGIONAL ROAD 174 btwn OR174 IC102 RAMP51 & REGIONAL ROAD 174","381361.30302","5038105.50789","-75.52070","45.47868","2017","7/16/2017","3:54:00 PM","01 - Clear","01 - Dry","10 - No control","01 - Non intersection","01 - Daylight","03 - P.D. only","04 - Sideswipe"
"11816","REGIONAL ROAD 174 btwn OR174 IC102 RAMP51 & REGIONAL ROAD 174","381449.40719","5038153.90893","-75.51957","45.47910","2017","2/8/2017","5:35:00 PM","01 - Clear","02 - Wet","10 - No control","01 - Non intersection","07 - Dark","03 - P.D. only","99 - Other"
"11817","REGIONAL ROAD 174 btwn OR174 IC102 RAMP51 & REGIONAL ROAD 174","381402.10569","5038127.58147","-75.52018","45.47887","2017","3/22/2017","2:09:00 PM","01 - Clear","01 - Dry","10 - No control","01 - Non intersection","01 - Daylight","02 - Non-fatal injury","07 - SMV other"
"11818","REGIONAL ROAD 174 btwn OR174 IC102 RAMP61 & OR174 IC101 RAMP36","382282.65078","5038653.75309","-75.50883","45.48351","2017","7/21/2017","10:33:00 AM","01 - Clear","01 - Dry","10 - No control","01 - Non intersection","01 - Daylight","03 - P.D. only","03 - Rear end"
"11819","REGIONAL ROAD 174 btwn OR174 IC102 RAMP61 & OR174 IC101 RAMP36","382025.54510","5038508.52239","-75.51214","45.48223","2017","10/12/2017","9:51:00 AM","02 - Rain","02 - Wet","10 - No control","01 - Non intersection","01 - Daylight","03 - P.D. only","03 - Rear end"
"11820","REGIONAL ROAD 174 btwn OR174 IC105 RAMP16 & OR174 IC105 RAMP26","378998.77511","5036794.04417","-75.55111","45.46713","2017","5/4/2017","7:59:00 AM","01 - Clear","01 - Dry","10 - No control","01 - Non intersection","01 - Daylight","03 - P.D. only","04 - Sideswipe"
"11821","REGIONAL ROAD 174 btwn OR174 IC105 RAMP16 & OR174 IC105 RAMP26","379289.49211","5036973.57739","-75.54737","45.46872","2017","6/20/2017","8:35:00 AM","01 - Clear","01 - Dry","10 - No control","01 - Non intersection","01 - Daylight","03 - P.D. only","03 - Rear end"
"11822","REGIONAL ROAD 174 btwn OR174 IC105 RAMP25 & OR174 IC102 RAMP51","380456.89200","5037591.61787","-75.53235","45.47415","2017","6/26/2017","12:36:00 PM","01 - Clear","01 - Dry","10 - No control","01 - Non intersection","01 - Daylight","02 - Non-fatal injury","07 - SMV other"
"11823","REGIONAL ROAD 174 btwn OR174 IC105 RAMP25 & OR174 IC102 RAMP51","380625.26725","5037690.44371","-75.53018","45.47502","2017","8/5/2017","10:25:00 PM","02 - Rain","02 - Wet","10 - No control","01 - Non intersection","07 - Dark","03 - P.D. only","07 - SMV other"
"11824","REGIONAL ROAD 174 btwn OR174 IC105 RAMP26 & OR174 IC105 RAMP63","379430.51762","5037052.89855","-75.54555","45.46942","2017","6/15/2017","9:50:00 AM","01 - Clear","01 - Dry","10 - No control","01 - Non intersection","01 - Daylight","02 - Non-fatal injury","03 - Rear end"
"11825","REGIONAL ROAD 174 btwn OR174 IC105 RAMP26 & OR174 IC105 RAMP63","379452.10766","5037064.54024","-75.54528","45.46952","2017","6/15/2017","9:39:00 AM","01 - Clear","01 - Dry","10 - No control","01 - Non intersection","01 - Daylight","03 - P.D. only","07 - SMV other"
"11826","REGIONAL ROAD 174 btwn OR174 IC105 RAMP26 & OR174 IC105 RAMP63","379529.60411","5037105.07194","-75.54428","45.46987","2017","6/6/2017","7:15:00 PM","01 - Clear","01 - Dry","10 - No control","01 - Non intersection","01 - Daylight","03 - P.D. only","03 - Rear end"
"11827","REGIONAL ROAD 174 btwn OR174 IC105 RAMP26 & OR174 IC105 RAMP63","379501.85106","5037089.53490","-75.54464","45.46974","2017","5/15/2017","8:25:00 AM","01 - Clear","01 - Dry","10 - No control","01 - Non intersection","01 - Daylight","03 - P.D. only","04 - Sideswipe"
"11828","REGIONAL ROAD 174 btwn OR174 IC105 RAMP26 & OR174 IC105 RAMP63","379579.25332","5037131.00760","-75.54364","45.47010","2017","2/8/2017","4:07:00 AM","04 - Freezing Rain","06 - Ice","10 - No control","01 - Non intersection","07 - Dark","02 - Non-fatal injury","07 - SMV other"
"11829","REGIONAL ROAD 174 btwn OR174 IC105 RAMP26 & OR174 IC105 RAMP63","379659.17643","5037172.92826","-75.54261","45.47047","2017","4/13/2017","9:13:00 AM","01 - Clear","01 - Dry","10 - No control","01 - Non intersection","01 - Daylight","02 - Non-fatal injury","03 - Rear end"
"11830","REGIONAL ROAD 174 btwn OR174 IC105 RAMP35 & OR174 IC105 RAMP25","379640.32281","5037132.33260","-75.54286","45.47011","2017","9/10/2017","3:00:00 AM","01 - Clear","01 - Dry","10 - No control","01 - Non intersection","07 - Dark","03 - P.D. only","07 - SMV other"
"11831","REGIONAL ROAD 174 btwn OR174 IC105 RAMP35 & OR174 IC105 RAMP25","379639.45291","5037131.89375","-75.54287","45.47010","2017","2/1/2017","7:35:00 AM","03 - Snow","04 - Slush","10 - No control","01 - Non intersection","01 - Daylight","03 - P.D. only","03 - Rear end"
"11832","REGIONAL ROAD 174 btwn OR174 IC105 RAMP51 & OR174 IC105 RAMP35","379375.68049","5036983.68206","-75.54627","45.46880","2017","5/16/2017","4:50:00 PM","01 - Clear","01 - Dry","10 - No control","01 - Non intersection","01 - Daylight","03 - P.D. only","04 - Sideswipe"
"11833","REGIONAL ROAD 174 btwn OR174 IC105 RAMP51 & OR174 IC105 RAMP35","379320.08686","5036953.97952","-75.54698","45.46854","2017","7/4/2017","9:51:00 PM","01 - Clear","01 - Dry","10 - No control","01 - Non intersection","07 - Dark","03 - P.D. only","03 - Rear end"
"11834","REGIONAL ROAD 174 btwn OR174 IC105 RAMP51 & OR174 IC105 RAMP35","379221.02555","5036899.87772","-75.54826","45.46806","2017","11/5/2017","4:45:00 AM","01 - Clear","02 - Wet","10 - No control","01 - Non intersection","07 - Dark","03 - P.D. only","07 - SMV other"
"11835","REGIONAL ROAD 174 btwn OR174 IC105 RAMP51 & OR174 IC105 RAMP35","379225.25889","5036901.99439","-75.54820","45.46808","2017","4/9/2017","1:35:00 PM","01 - Clear","01 - Dry","10 - No control","01 - Non intersection","01 - Daylight","03 - P.D. only","04 - Sideswipe"
"11836","REGIONAL ROAD 174 btwn OR174 IC105 RAMP63 & OR174 IC102 RAMP36","380321.66780","5037549.86446","-75.53408","45.47379","2017","7/22/2017","1:57:00 PM","01 - Clear","01 - Dry","10 - No control","01 - Non intersection","01 - Daylight","02 - Non-fatal injury","07 - SMV other"
"11837","REGIONAL ROAD 174 btwn OR174 IC105 RAMP63 & OR174 IC102 RAMP36","380866.27478","5037855.90104","-75.52707","45.47648","2017","7/11/2017","2:26:00 PM","01 - Clear","01 - Dry","10 - No control","01 - Non intersection","01 - Daylight","03 - P.D. only","04 - Sideswipe"
"11838","REGIONAL ROAD 174 btwn OR174 IC105 RAMP63 & OR174 IC102 RAMP36","379779.71863","5037243.71064","-75.54106","45.47109","2017","10/5/2017","7:39:00 AM","01 - Clear","01 - Dry","10 - No control","01 - Non intersection","01 - Daylight","02 - Non-fatal injury","03 - Rear end"
"11839","REGIONAL ROAD 174 btwn OR174 IC105 RAMP63 & OR174 IC102 RAMP36","379909.23293","5037315.21713","-75.53939","45.47172","2017","10/24/2017","8:16:00 AM","02 - Rain","02 - Wet","10 - No control","01 - Non intersection","01 - Daylight","03 - P.D. only","03 - Rear end"
"11840","REGIONAL ROAD 174 btwn OR174 IC105 RAMP63 & OR174 IC102 RAMP36","380778.23668","5037807.70984","-75.52820","45.47606","2017","1/3/2017","11:37:00 AM","02 - Rain","04 - Slush","10 - No control","01 - Non intersection","01 - Daylight","03 - P.D. only","07 - SMV other"
"11841","REGIONAL ROAD 174 btwn OR174 IC105 RAMP63 & OR174 IC102 RAMP36","380605.19740","5037709.92229","-75.53043","45.47520","2017","1/23/2017","7:48:00 AM","01 - Clear","06 - Ice","10 - No control","01 - Non intersection","03 - Dawn","03 - P.D. only","03 - Rear end"
"11842","REGIONAL ROAD 174 btwn OR174 IC105 RAMP63 & OR174 IC102 RAMP36","379767.40732","5037233.70325","-75.54122","45.47101","2017","1/8/2017","3:53:00 AM","01 - Clear","01 - Dry","10 - No control","01 - Non intersection","07 - Dark","03 - P.D. only","07 - SMV other"
"11843","REGIONAL ROAD 174 btwn OR174 IC105 RAMP63 & OR174 IC102 RAMP36","380300.03038","5037538.56383","-75.53436","45.47369","2017","2/13/2017","6:59:00 PM","01 - Clear","04 - Slush","10 - No control","01 - Non intersection","07 - Dark","03 - P.D. only","99 - Other"
"11844","REGIONAL ROAD 174 btwn OR174 IC105 RAMP63 & OR174 IC102 RAMP36","379824.61015","5037258.92527","-75.54048","45.47123","2017","3/2/2017","10:03:00 PM","01 - Clear","01 - Dry","10 - No control","01 - Non intersection","07 - Dark","03 - P.D. only","07 - SMV other"
"11845","REGIONAL ROAD 174 btwn OR174 IC105 RAMP63 & OR174 IC102 RAMP36","380757.82466","5037793.96803","-75.52847","45.47594","2017","3/10/2017","1:15:00 PM","01 - Clear","01 - Dry","10 - No control","01 - Non intersection","01 - Daylight","03 - P.D. only","04 - Sideswipe"
"11846","REGIONAL ROAD 174 btwn OR174 IC109 RAMP54 & OR174 IC109 RAMP55","376404.99471","5034838.85898","-75.58456","45.44981","2017","6/5/2017","9:04:00 AM","01 - Clear","01 - Dry","10 - No control","01 - Non intersection","01 - Daylight","03 - P.D. only","07 - SMV other"
"11847","REGIONAL ROAD 174 btwn OR174 IC109 RAMP54 & OR174 IC109 RAMP55","376425.73050","5034880.99945","-75.58429","45.45019","2017","12/2/2017","3:30:00 PM","01 - Clear","01 - Dry","10 - No control","01 - Non intersection","01 - Daylight","03 - P.D. only","99 - Other"
"11848","REGIONAL ROAD 174 btwn OR174 IC109 RAMP54 & OR174 IC109 RAMP55","376422.98918","5034883.46936","-75.58433","45.45021","2017","12/9/2017","9:38:00 PM","03 - Snow","06 - Ice","10 - No control","01 - Non intersection","07 - Dark","03 - P.D. only","07 - SMV other"
"11849","REGIONAL ROAD 174 btwn OR174 IC109 RAMP54 & OR174 IC109 RAMP55","376442.18655","5034924.54879","-75.58408","45.45058","2017","1/13/2017","5:53:00 PM","01 - Clear","01 - Dry","10 - No control","01 - Non intersection","07 - Dark","03 - P.D. only","03 - Rear end"
"11850","REGIONAL ROAD 174 btwn OR174 IC109 RAMP54 & OR174 IC109 RAMP55","376441.56381","5034918.61851","-75.58409","45.45053","2017","1/30/2017","5:41:00 PM","01 - Clear","01 - Dry","10 - No control","01 - Non intersection","07 - Dark","03 - P.D. only","03 - Rear end"
"11851","REGIONAL ROAD 174 btwn OR174 IC109 RAMP54 & OR174 IC109 RAMP55","376397.58905","5034825.20347","-75.58466","45.44969","2017","4/18/2017","3:44:00 PM","01 - Clear","01 - Dry","10 - No control","01 - Non intersection","01 - Daylight","03 - P.D. only","03 - Rear end"
"11852","REGIONAL ROAD 174 btwn OR174 IC109 RAMP56 & OR174 IC109 RAMP86","376378.90776","5034820.79878","-75.58490","45.44965","2017","5/2/2017","11:31:00 AM","01 - Clear","01 - Dry","10 - No control","01 - Non intersection","01 - Daylight","03 - P.D. only","03 - Rear end"