"Record","Location","X","Y","Longitude","Latitude","Year","Date","Time","Environment","Road_Surface","Traffic_Control","Collision_Location","Light","Collision_Classification","Impact_type"
"11853","REGIONAL ROAD 174 btwn OR174 IC109 RAMP56 & OR174 IC109 RAMP86","376402.98803","5034883.00614","-75.58458","45.45021","2017","12/13/2017","7:34:00 AM","01 - Clear","03 - Loose snow","10 - No control","01 - Non intersection","03 - Dawn","03 - P.D. only","03 - Rear end"
"11854","REGIONAL ROAD 174 btwn OR174 IC109 RAMP64 & OR174 IC105 RAMP16","376594.96127","5035291.03289","-75.58207","45.45386","2017","6/25/2017","4:32:00 AM","01 - Clear","01 - Dry","10 - No control","01 - Non intersection","07 - Dark","03 - P.D. only","07 - SMV other"
"11855","REGIONAL ROAD 174 btwn OR174 IC109 RAMP64 & OR174 IC105 RAMP16","376629.27420","5035347.46450","-75.58162","45.45436","2017","7/24/2017","6:07:00 AM","02 - Rain","02 - Wet","10 - No control","01 - Non intersection","01 - Daylight","03 - P.D. only","07 - SMV other"
"11856","REGIONAL ROAD 174 btwn OR174 IC109 RAMP64 & OR174 IC105 RAMP16","376778.23886","5035517.78875","-75.57969","45.45588","2017","11/1/2017","3:35:00 AM","01 - Clear","01 - Dry","10 - No control","01 - Non intersection","07 - Dark","02 - Non-fatal injury","07 - SMV other"
"11857","REGIONAL ROAD 174 btwn OR174 IC109 RAMP64 & OR174 IC105 RAMP16","376608.33920","5035309.76199","-75.58190","45.45403","2017","11/30/2017","4:54:00 PM","03 - Snow","06 - Ice","10 - No control","01 - Non intersection","07 - Dark","03 - P.D. only","04 - Sideswipe"
"11858","REGIONAL ROAD 174 btwn OR174 IC109 RAMP64 & OR174 IC105 RAMP16","378899.04703","5036745.42693","-75.55240","45.46671","2017","11/10/2017","5:00:00 PM","01 - Clear","01 - Dry","10 - No control","01 - Non intersection","05 - Dusk","03 - P.D. only","07 - SMV other"
"11859","REGIONAL ROAD 174 btwn OR174 IC109 RAMP64 & OR174 IC105 RAMP16","377120.00139","5035732.76390","-75.57529","45.45778","2017","12/9/2017","8:46:00 PM","03 - Snow","03 - Loose snow","10 - No control","01 - Non intersection","07 - Dark","03 - P.D. only","03 - Rear end"
"11860","REGIONAL ROAD 174 btwn OR174 IC109 RAMP64 & OR174 IC105 RAMP16","376773.86111","5035508.89717","-75.57975","45.45580","2017","12/14/2017","9:20:00 AM","01 - Clear","01 - Dry","10 - No control","01 - Non intersection","01 - Daylight","03 - P.D. only","03 - Rear end"
"11861","REGIONAL ROAD 174 btwn OR174 IC109 RAMP64 & OR174 IC105 RAMP16","376639.52513","5035362.19307","-75.58149","45.45450","2017","12/8/2017","2:43:00 AM","01 - Clear","01 - Dry","10 - No control","01 - Non intersection","07 - Dark","02 - Non-fatal injury","07 - SMV other"
"11862","REGIONAL ROAD 174 btwn OR174 IC109 RAMP64 & OR174 IC105 RAMP16","378742.65793","5036656.46056","-75.55441","45.46592","2017","3/6/2017","9:57:00 PM","02 - Rain","04 - Slush","10 - No control","01 - Non intersection","07 - Dark","03 - P.D. only","07 - SMV other"
"11863","REGIONAL ROAD 174 btwn OR174 IC109 RAMP64 & OR174 IC105 RAMP16","376690.61344","5035425.48105","-75.58083","45.45506","2017","3/5/2017","3:55:00 PM","01 - Clear","01 - Dry","10 - No control","01 - Non intersection","01 - Daylight","03 - P.D. only","07 - SMV other"
"11864","REGIONAL ROAD 174 btwn OR174 IC109 RAMP64 & OR174 IC105 RAMP16","377601.81056","5036006.61011","-75.56909","45.46019","2017","12/23/2017","3:43:00 PM","03 - Snow","03 - Loose snow","10 - No control","01 - Non intersection","01 - Daylight","03 - P.D. only","04 - Sideswipe"
"11865","REGIONAL ROAD 174 btwn OR174 IC109 RAMP86 & OR174 IC109 RAMP64","376502.65358","5035102.40413","-75.58328","45.45217","2017","6/27/2017","10:50:00 AM","01 - Clear","01 - Dry","10 - No control","01 - Non intersection","01 - Daylight","03 - P.D. only","07 - SMV other"
"11866","REGIONAL ROAD 174 btwn OR174 IC112 RAMP15 & TRANSIT","375521.21652","5033367.08373","-75.59607","45.43666","2017","7/22/2017","3:16:00 AM","01 - Clear","01 - Dry","10 - No control","01 - Non intersection","07 - Dark","03 - P.D. only","07 - SMV other"
"11867","REGIONAL ROAD 174 btwn OR174 IC112 RAMP15 & TRANSIT","375171.09240","5033103.34625","-75.60059","45.43432","2017","7/27/2017","3:54:00 PM","01 - Clear","01 - Dry","10 - No control","01 - Non intersection","01 - Daylight","02 - Non-fatal injury","03 - Rear end"
"11868","REGIONAL ROAD 174 btwn OR174 IC112 RAMP15 & TRANSIT","375184.89852","5033115.32082","-75.60041","45.43443","2017","10/19/2017","12:02:00 AM","01 - Clear","01 - Dry","10 - No control","01 - Non intersection","07 - Dark","02 - Non-fatal injury","99 - Other"
"11869","REGIONAL ROAD 174 btwn OR174 IC112 RAMP15 & TRANSIT","375347.21736","5033233.04657","-75.59832","45.43547","2017","11/12/2017","1:15:00 AM","01 - Clear","01 - Dry","10 - No control","01 - Non intersection","07 - Dark","03 - P.D. only","07 - SMV other"
"11870","REGIONAL ROAD 174 btwn OR174 IC112 RAMP15 & TRANSIT","375196.62479","5033123.40932","-75.60026","45.43450","2017","12/13/2017","6:51:00 PM","01 - Clear","01 - Dry","10 - No control","01 - Non intersection","07 - Dark","03 - P.D. only","03 - Rear end"
"11871","REGIONAL ROAD 174 btwn OR174 IC112 RAMP15 & TRANSIT","375196.62479","5033122.93595","-75.60026","45.43450","2017","12/9/2017","8:24:00 PM","03 - Snow","05 - Packed snow","10 - No control","01 - Non intersection","07 - Dark","03 - P.D. only","07 - SMV other"
"11872","REGIONAL ROAD 174 btwn OR174 IC112 RAMP15 & TRANSIT","375196.22941","5033123.70364","-75.60026","45.43450","2017","12/8/2017","5:40:00 PM","01 - Clear","01 - Dry","10 - No control","01 - Non intersection","07 - Dark","03 - P.D. only","03 - Rear end"
"11873","REGIONAL ROAD 174 btwn OR174 IC112 RAMP26 & OR174 IC112 RAMP61","375158.63256","5033116.78771","-75.60074","45.43444","2017","6/1/2017","7:25:00 AM","01 - Clear","01 - Dry","10 - No control","01 - Non intersection","01 - Daylight","03 - P.D. only","03 - Rear end"
"11874","REGIONAL ROAD 174 btwn OR174 IC112 RAMP26 & OR174 IC112 RAMP61","375021.44342","5033012.97409","-75.60251","45.43352","2017","5/29/2017","3:24:00 PM","02 - Rain","02 - Wet","10 - No control","01 - Non intersection","01 - Daylight","03 - P.D. only","03 - Rear end"
"11875","REGIONAL ROAD 174 btwn OR174 IC112 RAMP36 & OR174 IC112 RAMP26","374725.85664","5032787.02183","-75.60632","45.43152","2017","6/23/2017","8:20:00 AM","02 - Rain","02 - Wet","10 - No control","01 - Non intersection","01 - Daylight","02 - Non-fatal injury","03 - Rear end"
"11876","REGIONAL ROAD 174 btwn OR174 IC112 RAMP36 & OR174 IC112 RAMP26","374594.80602","5032687.80268","-75.60801","45.43064","2017","5/2/2017","8:10:00 AM","01 - Clear","01 - Dry","10 - No control","01 - Non intersection","01 - Daylight","03 - P.D. only","03 - Rear end"
"11877","REGIONAL ROAD 174 btwn OR174 IC112 RAMP36 & OR174 IC112 RAMP26","374577.41472","5032673.75585","-75.60823","45.43052","2017","5/2/2017","8:10:00 AM","01 - Clear","01 - Dry","10 - No control","01 - Non intersection","01 - Daylight","03 - P.D. only","03 - Rear end"
"11878","REGIONAL ROAD 174 btwn OR174 IC112 RAMP36 & OR174 IC112 RAMP26","374756.13598","5032812.97968","-75.60593","45.43175","2017","10/30/2017","7:51:00 AM","02 - Rain","02 - Wet","10 - No control","01 - Non intersection","01 - Daylight","03 - P.D. only","07 - SMV other"
"11879","REGIONAL ROAD 174 btwn OR174 IC112 RAMP36 & OR174 IC112 RAMP26","374778.11828","5032829.38160","-75.60565","45.43190","2017","9/5/2017","5:40:00 PM","01 - Clear","01 - Dry","10 - No control","07 - Overpass or bridge","01 - Daylight","03 - P.D. only","99 - Other"
"11880","REGIONAL ROAD 174 btwn OR174 IC112 RAMP36 & OR174 IC112 RAMP26","374671.85505","5032751.44122","-75.60702","45.43121","2017","11/17/2017","3:47:00 PM","01 - Clear","01 - Dry","10 - No control","01 - Non intersection","01 - Daylight","03 - P.D. only","03 - Rear end"
"11881","REGIONAL ROAD 174 btwn OR174 IC112 RAMP36 & OR174 IC112 RAMP26","374746.10254","5032806.95962","-75.60606","45.43170","2017","12/13/2017","3:31:00 PM","03 - Snow","06 - Ice","10 - No control","01 - Non intersection","01 - Daylight","03 - P.D. only","07 - SMV other"
"11882","REGIONAL ROAD 174 btwn OR174 IC112 RAMP36 & OR174 IC112 RAMP26","374612.19732","5032703.85619","-75.60778","45.43078","2017","2/10/2017","6:50:00 PM","01 - Clear","01 - Dry","10 - No control","01 - Non intersection","07 - Dark","03 - P.D. only","99 - Other"
"11883","REGIONAL ROAD 174 btwn OR174 IC112 RAMP51 & OR174 IC112 RAMP15","374946.77143","5032935.38771","-75.60348","45.43283","2017","5/7/2017","5:49:00 PM","01 - Clear","01 - Dry","10 - No control","01 - Non intersection","01 - Daylight","03 - P.D. only","04 - Sideswipe"
"11884","REGIONAL ROAD 174 btwn OR174 IC112 RAMP51 & OR174 IC112 RAMP15","375090.83314","5033046.15538","-75.60162","45.43382","2017","12/16/2017","3:53:00 PM","01 - Clear","04 - Slush","10 - No control","01 - Non intersection","01 - Daylight","03 - P.D. only","04 - Sideswipe"
"11885","REGIONAL ROAD 174 btwn QUIGLEY HILL RD & CAMERON ST","388871.44588","5042463.94679","-75.42391","45.51702","2017","7/27/2017","4:10:00 PM","01 - Clear","01 - Dry","10 - No control","01 - Non intersection","01 - Daylight","02 - Non-fatal injury","03 - Rear end"
"11886","REGIONAL ROAD 174 btwn QUIGLEY HILL RD & CAMERON ST","389661.86656","5042586.49886","-75.41377","45.51803","2017","2/10/2017","9:44:00 AM","01 - Clear","01 - Dry","10 - No control","01 - Non intersection","01 - Daylight","02 - Non-fatal injury","03 - Rear end"
"11887","REGIONAL ROAD 174 btwn QUIGLEY HILL RD & CAMERON ST","388867.96071","5042469.39734","-75.42395","45.51707","2017","1/12/2017","6:55:00 AM","02 - Rain","02 - Wet","10 - No control","01 - Non intersection","07 - Dark","03 - P.D. only","01 - Approaching"
"11888","REGIONAL ROAD 174 btwn QUIGLEY HILL RD & REGIONAL ROAD 174 DIVIDED","384856.40147","5040860.74845","-75.47555","45.50307","2017","6/6/2017","1:33:00 PM","02 - Rain","02 - Wet","10 - No control","01 - Non intersection","01 - Daylight","03 - P.D. only","07 - SMV other"
"11889","REGIONAL ROAD 174 btwn QUIGLEY HILL RD & REGIONAL ROAD 174 DIVIDED","385507.89430","5041533.02269","-75.46711","45.50905","2017","8/7/2017","5:16:00 PM","01 - Clear","01 - Dry","10 - No control","01 - Non intersection","01 - Daylight","03 - P.D. only","07 - SMV other"
"11890","REGIONAL ROAD 174 btwn QUIGLEY HILL RD & REGIONAL ROAD 174 DIVIDED","387373.63960","5042387.22269","-75.44309","45.51651","2017","7/10/2017","12:37:00 PM","02 - Rain","02 - Wet","10 - No control","01 - Non intersection","01 - Daylight","03 - P.D. only","07 - SMV other"
"11891","REGIONAL ROAD 174 btwn QUIGLEY HILL RD & REGIONAL ROAD 174 DIVIDED","385861.46468","5041848.46889","-75.46253","45.51184","2017","11/28/2017","6:15:00 AM","01 - Clear","01 - Dry","10 - No control","01 - Non intersection","07 - Dark","03 - P.D. only","07 - SMV other"
"11892","REGIONAL ROAD 174 btwn QUIGLEY HILL RD & REGIONAL ROAD 174 DIVIDED","387875.37631","5042386.35409","-75.43667","45.51645","2017","1/27/2017","4:20:00 PM","03 - Snow","03 - Loose snow","10 - No control","01 - Non intersection","01 - Daylight","03 - P.D. only","03 - Rear end"
"11893","REGIONAL ROAD 174 btwn QUIGLEY HILL RD & REGIONAL ROAD 174 DIVIDED","384841.75054","5040839.59581","-75.47574","45.50288","2017","12/16/2017","10:20:00 PM","01 - Clear","01 - Dry","10 - No control","01 - Non intersection","07 - Dark","01 - Fatal injury","01 - Approaching"
"11894","REGIONAL ROAD 174 btwn RAMP & TRIM RD","384201.01718","5039863.91930","-75.48410","45.49418","2017","5/4/2017","4:28:00 PM","01 - Clear","01 - Dry","10 - No control","01 - Non intersection","01 - Daylight","03 - P.D. only","06 - SMV unattended vehicle"
"11895","REGIONAL ROAD 174 btwn TRANSIT & OR174 IC105 RAMP51","376976.08956","5035629.03694","-75.57715","45.45686","2017","6/25/2017","7:32:00 PM","01 - Clear","02 - Wet","10 - No control","01 - Non intersection","01 - Daylight","02 - Non-fatal injury","03 - Rear end"
"11896","REGIONAL ROAD 174 btwn TRANSIT & OR174 IC105 RAMP51","378531.83011","5036503.27025","-75.55713","45.46457","2017","5/4/2017","10:47:00 AM","01 - Clear","01 - Dry","10 - No control","01 - Non intersection","01 - Daylight","02 - Non-fatal injury","07 - SMV other"
"11897","REGIONAL ROAD 174 btwn TRANSIT & OR174 IC105 RAMP51","378570.53892","5036529.88999","-75.55663","45.46480","2017","9/26/2017","9:08:00 AM","01 - Clear","01 - Dry","10 - No control","01 - Non intersection","01 - Daylight","02 - Non-fatal injury","04 - Sideswipe"
"11898","REGIONAL ROAD 174 btwn TRANSIT & OR174 IC105 RAMP51","378568.52931","5036528.45084","-75.55666","45.46479","2017","12/6/2017","4:36:00 AM","01 - Clear","01 - Dry","10 - No control","01 - Non intersection","07 - Dark","03 - P.D. only","07 - SMV other"
"11899","REGIONAL ROAD 174 btwn TRANSIT & OR174 IC109 RAMP56","376108.89979","5034221.19769","-75.58844","45.44428","2017","5/31/2017","7:28:00 AM","01 - Clear","01 - Dry","10 - No control","01 - Non intersection","01 - Daylight","03 - P.D. only","03 - Rear end"
"11900","REGIONAL ROAD 174 btwn TRANSIT & OR174 IC109 RAMP56","375898.01545","5033801.55921","-75.59120","45.44053","2017","5/12/2017","7:55:00 AM","01 - Clear","01 - Dry","10 - No control","01 - Non intersection","01 - Daylight","02 - Non-fatal injury","03 - Rear end"
"11901","REGIONAL ROAD 174 btwn TRANSIT & OR174 IC109 RAMP56","376205.67114","5034437.11154","-75.58717","45.44622","2017","8/24/2017","5:06:00 PM","01 - Clear","01 - Dry","10 - No control","01 - Non intersection","01 - Daylight","02 - Non-fatal injury","03 - Rear end"
"11902","REGIONAL ROAD 174 btwn TRANSIT & OR174 IC109 RAMP56","375978.32786","5033937.00272","-75.59015","45.44174","2017","10/25/2017","4:49:00 PM","01 - Clear","01 - Dry","10 - No control","01 - Non intersection","01 - Daylight","02 - Non-fatal injury","03 - Rear end"
"11903","REGIONAL ROAD 174 btwn TRANSIT & OR174 IC109 RAMP56","375572.86895","5033439.10341","-75.59540","45.43730","2017","12/14/2017","9:06:00 AM","01 - Clear","01 - Dry","10 - No control","01 - Non intersection","01 - Daylight","03 - P.D. only","03 - Rear end"
"11904","REGIONAL ROAD 174 btwn TRANSIT & OR174 IC109 RAMP56","376186.35344","5034396.80083","-75.58742","45.44586","2017","12/12/2017","5:28:00 PM","05 - Drifting Snow","03 - Loose snow","10 - No control","01 - Non intersection","07 - Dark","03 - P.D. only","07 - SMV other"
"11905","REGIONAL ROAD 174 btwn TRANSIT & OR174 IC109 RAMP56","375888.09988","5033793.94271","-75.59132","45.44046","2017","2/7/2017","10:51:00 PM","03 - Snow","05 - Packed snow","10 - No control","01 - Non intersection","07 - Dark","02 - Non-fatal injury","03 - Rear end"
"11906","REGIONAL ROAD 174 btwn TRANSIT & OR174 IC109 RAMP56","375591.96237","5033453.90593","-75.59516","45.43743","2017","2/7/2017","10:38:00 PM","04 - Freezing Rain","04 - Slush","10 - No control","01 - Non intersection","07 - Dark","02 - Non-fatal injury","07 - SMV other"
"11907","REGIONAL ROAD 174 btwn TRANSIT & OR174 IC109 RAMP56","376081.84097","5034161.74291","-75.58879","45.44375","2017","12/27/2017","12:22:00 PM","01 - Clear","06 - Ice","10 - No control","01 - Non intersection","01 - Daylight","03 - P.D. only","07 - SMV other"
"11908","REGIONAL ROAD 174 EB btwn HWY417 IC113 RAMP65 & OR174 BLAIR IC112 RAMP51","374820.22408","5032833.62207","-75.60511","45.43193","2017","5/3/2017","5:47:00 PM","01 - Clear","01 - Dry","10 - No control","01 - Non intersection","01 - Daylight","03 - P.D. only","03 - Rear end"
"11909","REGIONAL ROAD 174 EB btwn HWY417 IC113 RAMP65 & OR174 BLAIR IC112 RAMP51","374749.02712","5032780.60355","-75.60603","45.43146","2017","5/27/2017","10:55:00 AM","01 - Clear","01 - Dry","10 - No control","01 - Non intersection","01 - Daylight","03 - P.D. only","07 - SMV other"
"11910","REGIONAL ROAD 174 EB btwn HWY417 IC113 RAMP65 & OR174 BLAIR IC112 RAMP51","374672.08510","5032724.52075","-75.60702","45.43096","2017","6/21/2017","5:32:00 PM","01 - Clear","01 - Dry","10 - No control","01 - Non intersection","01 - Daylight","03 - P.D. only","03 - Rear end"
"11911","REGIONAL ROAD 174 EB btwn HWY417 IC113 RAMP65 & OR174 BLAIR IC112 RAMP51","374696.44526","5032740.00455","-75.60670","45.43110","2017","7/1/2017","8:28:00 AM","02 - Rain","02 - Wet","10 - No control","01 - Non intersection","01 - Daylight","03 - P.D. only","07 - SMV other"
"11912","REGIONAL ROAD 174 EB btwn HWY417 IC113 RAMP65 & OR174 BLAIR IC112 RAMP51","374017.97716","5032180.06407","-75.61545","45.42613","2017","9/14/2017","3:57:00 PM","01 - Clear","01 - Dry","10 - No control","01 - Non intersection","01 - Daylight","02 - Non-fatal injury","03 - Rear end"
"11913","REGIONAL ROAD 174 EB btwn HWY417 IC113 RAMP65 & OR174 BLAIR IC112 RAMP51","374133.27993","5032317.56765","-75.61396","45.42736","2017","9/26/2017","9:34:00 AM","01 - Clear","01 - Dry","10 - No control","01 - Non intersection","01 - Daylight","02 - Non-fatal injury","03 - Rear end"
"11914","REGIONAL ROAD 174 EB btwn HWY417 IC113 RAMP65 & OR174 BLAIR IC112 RAMP51","374755.48777","5032786.90313","-75.60594","45.43152","2017","9/12/2017","9:32:00 PM","01 - Clear","01 - Dry","10 - No control","01 - Non intersection","07 - Dark","02 - Non-fatal injury","03 - Rear end"
"11915","REGIONAL ROAD 174 EB btwn HWY417 IC113 RAMP65 & OR174 BLAIR IC112 RAMP51","374140.95058","5032323.77988","-75.61386","45.42741","2017","9/15/2017","11:16:00 AM","01 - Clear","01 - Dry","10 - No control","01 - Non intersection","01 - Daylight","03 - P.D. only","03 - Rear end"
"11916","REGIONAL ROAD 174 EB btwn HWY417 IC113 RAMP65 & OR174 BLAIR IC112 RAMP51","374777.28860","5032802.68054","-75.60566","45.43166","2017","10/24/2017","3:55:00 PM","01 - Clear","01 - Dry","10 - No control","01 - Non intersection","01 - Daylight","03 - P.D. only","03 - Rear end"
"11917","REGIONAL ROAD 174 EB btwn HWY417 IC113 RAMP65 & OR174 BLAIR IC112 RAMP51","374685.48197","5032735.11860","-75.60684","45.43106","2017","12/13/2017","4:12:00 PM","01 - Clear","01 - Dry","10 - No control","01 - Non intersection","05 - Dusk","03 - P.D. only","03 - Rear end"
"11918","REGIONAL ROAD 174 EB btwn HWY417 IC113 RAMP65 & OR174 BLAIR IC112 RAMP51","374800.28314","5032818.99975","-75.60536","45.43180","2017","11/14/2017","4:58:00 PM","01 - Clear","01 - Dry","10 - No control","01 - Non intersection","05 - Dusk","03 - P.D. only","03 - Rear end"
"11919","REGIONAL ROAD 174 EB btwn HWY417 IC113 RAMP65 & OR174 BLAIR IC112 RAMP51","374771.52060","5032799.60176","-75.60574","45.43163","2017","12/1/2017","3:16:00 PM","01 - Clear","01 - Dry","10 - No control","01 - Non intersection","01 - Daylight","03 - P.D. only","04 - Sideswipe"
"11920","REGIONAL ROAD 174 EB btwn HWY417 IC113 RAMP65 & OR174 BLAIR IC112 RAMP51","374746.10254","5032777.52818","-75.60606","45.43143","2017","12/2/2017","11:21:00 PM","01 - Clear","01 - Dry","10 - No control","01 - Non intersection","07 - Dark","03 - P.D. only","04 - Sideswipe"
"11921","REGIONAL ROAD 174 EB btwn HWY417 IC113 RAMP65 & OR174 BLAIR IC112 RAMP51","374727.24749","5032768.07023","-75.60631","45.43135","2017","12/7/2017","4:56:00 PM","01 - Clear","01 - Dry","10 - No control","01 - Non intersection","07 - Dark","02 - Non-fatal injury","03 - Rear end"
"11922","REGIONAL ROAD 174 EB btwn HWY417 IC113 RAMP65 & OR174 BLAIR IC112 RAMP51","374782.80256","5032804.78837","-75.60559","45.43167","2017","2/14/2017","8:50:00 AM","01 - Clear","01 - Dry","10 - No control","01 - Non intersection","01 - Daylight","03 - P.D. only","03 - Rear end"
"11923","REGIONAL ROAD 174 EB btwn HWY417 IC113 RAMP65 & OR174 BLAIR IC112 RAMP51","374754.80635","5032785.19601","-75.60595","45.43150","2017","2/12/2017","2:56:00 AM","03 - Snow","04 - Slush","10 - No control","01 - Non intersection","07 - Dark","03 - P.D. only","07 - SMV other"
"11924","REGIONAL ROAD 174 EB btwn HWY417 IC113 RAMP65 & OR174 BLAIR IC112 RAMP51","374725.24080","5032764.72575","-75.60633","45.43132","2017","4/13/2017","5:43:00 PM","01 - Clear","01 - Dry","10 - No control","01 - Non intersection","01 - Daylight","03 - P.D. only","04 - Sideswipe"
"11925","REGIONAL ROAD 174 EB btwn OR174 IC109 RAMP55 & TRANSIT","376505.32916","5035062.93925","-75.58325","45.45182","2017","4/26/2017","6:01:00 PM","01 - Clear","01 - Dry","10 - No control","01 - Non intersection","01 - Daylight","03 - P.D. only","04 - Sideswipe"
"11926","REGIONAL ROAD 174 EB btwn OR174 IC109 RAMP55 & TRANSIT","376531.41612","5035123.13992","-75.58291","45.45236","2017","6/4/2017","12:17:00 PM","01 - Clear","01 - Dry","10 - No control","01 - Non intersection","01 - Daylight","02 - Non-fatal injury","03 - Rear end"
"11927","REGIONAL ROAD 174 EB btwn OR174 IC109 RAMP55 & TRANSIT","376466.76753","5034973.83202","-75.58376","45.45102","2017","7/24/2017","9:27:00 PM","02 - Rain","02 - Wet","10 - No control","01 - Non intersection","07 - Dark","02 - Non-fatal injury","07 - SMV other"
"11928","REGIONAL ROAD 174 EB btwn OR174 IC109 RAMP55 & TRANSIT","376571.54990","5035208.75865","-75.58238","45.45312","2017","7/5/2017","8:49:00 PM","01 - Clear","01 - Dry","10 - No control","01 - Non intersection","05 - Dusk","03 - P.D. only","03 - Rear end"
"11929","REGIONAL ROAD 174 EB btwn OR174 IC109 RAMP55 & TRANSIT","376480.56146","5035002.21954","-75.58357","45.45127","2017","7/13/2017","5:30:00 AM","01 - Clear","01 - Dry","10 - No control","01 - Non intersection","03 - Dawn","03 - P.D. only","07 - SMV other"
"11930","REGIONAL ROAD 174 EB btwn OR174 IC109 RAMP55 & TRANSIT","376484.48214","5035009.14389","-75.58352","45.45134","2017","8/16/2017","4:06:00 PM","01 - Clear","01 - Dry","10 - No control","07 - Overpass or bridge","01 - Daylight","03 - P.D. only","03 - Rear end"
"11931","REGIONAL ROAD 174 EB btwn OR174 IC109 RAMP55 & TRANSIT","376532.82270","5035128.70585","-75.58289","45.45241","2017","12/14/2017","6:46:00 PM","01 - Clear","01 - Dry","10 - No control","01 - Non intersection","07 - Dark","02 - Non-fatal injury","03 - Rear end"
"11932","REGIONAL ROAD 174 EB btwn OR174 IC109 RAMP55 & TRANSIT","376503.32853","5035053.97294","-75.58328","45.45174","2017","12/14/2017","8:46:00 PM","03 - Snow","06 - Ice","10 - No control","01 - Non intersection","07 - Dark","03 - P.D. only","03 - Rear end"
"11933","REGIONAL ROAD 174 EB btwn OR174 IC109 RAMP55 & TRANSIT","376529.62229","5035117.37926","-75.58293","45.45230","2017","12/12/2017","9:12:00 AM","03 - Snow","04 - Slush","10 - No control","01 - Non intersection","01 - Daylight","03 - P.D. only","07 - SMV other"
"11934","REGIONAL ROAD 174 EB btwn OR174 IC109 RAMP55 & TRANSIT","376493.28903","5035034.17671","-75.58341","45.45156","2017","12/6/2017","7:05:00 PM","01 - Clear","01 - Dry","10 - No control","01 - Non intersection","07 - Dark","03 - P.D. only","03 - Rear end"
"11935","REGIONAL ROAD 174 EB btwn OR174 IC109 RAMP55 & TRANSIT","376494.35212","5035031.10169","-75.58339","45.45153","2017","12/5/2017","5:57:00 PM","01 - Clear","02 - Wet","10 - No control","07 - Overpass or bridge","07 - Dark","02 - Non-fatal injury","03 - Rear end"
"11936","REGIONAL ROAD 174 EB btwn OR174 IC109 RAMP55 & TRANSIT","376545.68123","5035159.94323","-75.58272","45.45269","2017","1/9/2017","8:17:00 AM","01 - Clear","02 - Wet","10 - No control","01 - Non intersection","01 - Daylight","03 - P.D. only","03 - Rear end"
"11937","REGIONAL ROAD 174 EB btwn OR174 IC109 RAMP55 & TRANSIT","376512.44262","5035066.54659","-75.58316","45.45185","2017","3/2/2017","7:32:00 PM","02 - Rain","02 - Wet","10 - No control","01 - Non intersection","07 - Dark","03 - P.D. only","03 - Rear end"
"11938","REGIONAL ROAD 174 EB btwn OR174 IC109 RAMP55 & TRANSIT","376571.54990","5035205.41416","-75.58238","45.45309","2017","4/14/2017","10:25:00 PM","01 - Clear","01 - Dry","10 - No control","01 - Non intersection","07 - Dark","03 - P.D. only","04 - Sideswipe"
"11939","REGIONAL ROAD 174 EB btwn OR174 IC109 RAMP55 & TRANSIT","376465.19538","5034971.96935","-75.58378","45.45100","2017","3/30/2017","5:00:00 PM","01 - Clear","01 - Dry","10 - No control","01 - Non intersection","01 - Daylight","03 - P.D. only","04 - Sideswipe"
"11940","REGIONAL ROAD 174 EB btwn OR174 IC109 RAMP55 & TRANSIT","376483.41284","5035008.34025","-75.58354","45.45133","2017","12/18/2017","7:28:00 PM","03 - Snow","03 - Loose snow","10 - No control","01 - Non intersection","07 - Dark","03 - P.D. only","04 - Sideswipe"
"11941","REMNOR AVE btwn BADGELEY AVE & BADGELEY AVE","349608.98917","5020453.63681","-75.92842","45.32260","2017","1/30/2017","12:00:00 AM","01 - Clear","01 - Dry","10 - No control","01 - Non intersection","00 - Unknown","03 - P.D. only","06 - SMV unattended vehicle"
"11942","REMNOR AVE btwn BADGELEY AVE & BADGELEY AVE","349568.49983","5020494.75946","-75.92894","45.32298","2017","3/11/2017","12:00:00 AM","01 - Clear","01 - Dry","10 - No control","01 - Non intersection","00 - Unknown","03 - P.D. only","06 - SMV unattended vehicle"
"11943","REMNOR AVE btwn BADGELEY AVE & BADGELEY AVE","349603.48076","5020458.39212","-75.92849","45.32265","2017","4/21/2017","12:00:00 AM","01 - Clear","01 - Dry","10 - No control","01 - Non intersection","00 - Unknown","03 - P.D. only","06 - SMV unattended vehicle"
"11944","RENAUD RD @ MER BLEUE RD","383449.85508","5033734.26533","-75.49469","45.43912","2017","2/3/2017","4:33:00 PM","01 - Clear","01 - Dry","02 - Stop sign","03 - At intersection","01 - Daylight","03 - P.D. only","02 - Angle"
"11945","RENAUD RD @ MER BLEUE RD","383444.58592","5033736.04133","-75.49476","45.43913","2017","3/2/2017","4:06:00 PM","01 - Clear","01 - Dry","02 - Stop sign","03 - At intersection","01 - Daylight","03 - P.D. only","03 - Rear end"
"11946","RENAUD RD @ NAVAN RD","381816.76110","5032737.26585","-75.51572","45.43033","2017","10/19/2017","1:03:00 PM","01 - Clear","01 - Dry","01 - Traffic signal","02 - Intersection related","01 - Daylight","03 - P.D. only","02 - Angle"
"11947","RENAUD RD @ NAVAN RD","381819.16507","5032741.24752","-75.51569","45.43036","2017","10/24/2017","7:24:00 AM","02 - Rain","02 - Wet","01 - Traffic signal","03 - At intersection","03 - Dawn","02 - Non-fatal injury","07 - SMV other"
"11948","RENAUD RD @ RENAUD RD N","379760.06129","5032024.91406","-75.54211","45.42414","2017","7/21/2017","12:00:00 AM","01 - Clear","01 - Dry","10 - No control","02 - Intersection related","00 - Unknown","03 - P.D. only","06 - SMV unattended vehicle"
"11949","RENAUD RD @ RENAUD RD S","379960.75636","5031599.21940","-75.53961","45.42029","2017","11/28/2017","4:23:00 PM","01 - Clear","01 - Dry","10 - No control","02 - Intersection related","05 - Dusk","03 - P.D. only","07 - SMV other"
"11950","RENAUD RD @ RENAUD RD S","379962.09415","5031599.88829","-75.53959","45.42030","2017","3/18/2017","11:12:00 PM","01 - Clear","01 - Dry","10 - No control","02 - Intersection related","07 - Dark","03 - P.D. only","07 - SMV other"