"Record","Location","X","Y","Longitude","Latitude","Year","Date","Time","Environment","Road_Surface","Traffic_Control","Collision_Location","Light","Collision_Classification","Impact_type"
"11951","RENAUD RD @ SADDLERIDGE DR","381580.83510","5032591.70000","-75.51875","45.42904","2017","6/15/2017","7:20:00 AM","01 - Clear","01 - Dry","02 - Stop sign","02 - Intersection related","01 - Daylight","03 - P.D. only","99 - Other"
"11952","RENAUD RD btwn Continuation of RENAUD RD & PERCIFOR WAY","379971.25140","5031598.69379","-75.53947","45.42028","2017","12/23/2017","2:29:00 PM","03 - Snow","03 - Loose snow","10 - No control","01 - Non intersection","01 - Daylight","03 - P.D. only","07 - SMV other"
"11953","RENAUD RD btwn IDA ST & Continuation of RENAUD RD","378557.83783","5031712.22130","-75.55751","45.42146","2017","10/9/2017","10:01:00 PM","07 - Fog, mist, smoke, dust","01 - Dry","10 - No control","01 - Non intersection","07 - Dark","03 - P.D. only","03 - Rear end"
"11954","RENAUD RD btwn IDA ST & Continuation of RENAUD RD","379734.53439","5032022.36588","-75.54243","45.42412","2017","12/25/2017","10:42:00 AM","03 - Snow","03 - Loose snow","10 - No control","01 - Non intersection","01 - Daylight","03 - P.D. only","01 - Approaching"
"11955","RENAUD RD btwn IDA ST & Continuation of RENAUD RD","378607.06025","5031727.90044","-75.55688","45.42159","2017","12/27/2017","11:30:00 PM","01 - Clear","06 - Ice","10 - No control","01 - Non intersection","07 - Dark","03 - P.D. only","07 - SMV other"
"11956","RENAUD RD btwn WEIR RD & MAURICE ST","377858.70184","5031527.88255","-75.56647","45.41987","2017","1/27/2017","1:00:00 AM","03 - Snow","02 - Wet","10 - No control","01 - Non intersection","07 - Dark","03 - P.D. only","07 - SMV other"
"11957","RESEARCH RD btwn CANADAIR PRIV & UPLANDS DR","370760.33496","5021392.82814","-75.65852","45.32938","2017","5/19/2017","4:07:00 PM","01 - Clear","01 - Dry","10 - No control","01 - Non intersection","01 - Daylight","03 - P.D. only","07 - SMV other"
"11958","REVELL DR N @ CARRISON DR N","367744.24435","5008981.92335","-75.69856","45.21799","2017","1/28/2017","10:28:00 AM","03 - Snow","03 - Loose snow","02 - Stop sign","03 - At intersection","01 - Daylight","02 - Non-fatal injury","02 - Angle"
"11959","REVELSTOKE DR @ RIVERSIDE DR","368216.70896","5024423.51780","-75.69058","45.35689","2017","12/13/2017","9:56:00 AM","01 - Clear","03 - Loose snow","01 - Traffic signal","03 - At intersection","01 - Daylight","02 - Non-fatal injury","05 - Turning movement"
"11960","REVELSTOKE DR @ RIVERSIDE DR","368218.72809","5024424.93981","-75.69055","45.35690","2017","1/4/2017","7:47:00 PM","05 - Drifting Snow","06 - Ice","01 - Traffic signal","02 - Intersection related","07 - Dark","02 - Non-fatal injury","03 - Rear end"
"11961","RICARDO ST btwn REXTON ST & ST. BRUNO ST","385105.73811","5036287.63369","-75.47311","45.46190","2017","7/8/2017","5:17:00 PM","01 - Clear","01 - Dry","10 - No control","04 - At/near private drive","01 - Daylight","03 - P.D. only","02 - Angle"
"11962","RICE AVE btwn WOODROFFE AVE & LOCKHART AVE","361504.11660","5026960.58429","-75.77595","45.38029","2017","8/22/2017","12:00:00 AM","01 - Clear","01 - Dry","10 - No control","04 - At/near private drive","00 - Unknown","03 - P.D. only","06 - SMV unattended vehicle"
"11963","RICHARD AVE @ CLEMENTINE BLVD","369504.26704","5026960.72869","-75.67381","45.37960","2017","1/19/2017","10:28:00 AM","01 - Clear","04 - Slush","02 - Stop sign","02 - Intersection related","01 - Daylight","03 - P.D. only","99 - Other"
"11964","RICHARDSON SIDE RD @ SPRUCE RIDGE RD","343201.86015","5014397.44980","-76.01062","45.26849","2017","6/8/2017","6:13:00 PM","01 - Clear","01 - Dry","02 - Stop sign","03 - At intersection","01 - Daylight","02 - Non-fatal injury","03 - Rear end"
"11965","RICHARDSON SIDE RD @ SPRUCE RIDGE RD","343201.95720","5014397.66555","-76.01062","45.26849","2017","8/11/2017","3:59:00 PM","01 - Clear","01 - Dry","02 - Stop sign","02 - Intersection related","01 - Daylight","03 - P.D. only","07 - SMV other"
"11966","RICHARDSON SIDE RD @ TERRY FOX DR","348803.08600","5019506.07210","-75.93879","45.31413","2017","6/16/2017","3:44:00 PM","01 - Clear","01 - Dry","01 - Traffic signal","03 - At intersection","01 - Daylight","03 - P.D. only","02 - Angle"
"11967","RICHARDSON SIDE RD @ TERRY FOX DR","348803.08600","5019506.07210","-75.93879","45.31413","2017","7/29/2017","9:41:00 AM","01 - Clear","01 - Dry","01 - Traffic signal","03 - At intersection","01 - Daylight","03 - P.D. only","05 - Turning movement"
"11968","RICHARDSON SIDE RD @ TERRY FOX DR","348803.08600","5019506.07210","-75.93879","45.31413","2017","11/26/2017","7:52:00 AM","01 - Clear","01 - Dry","01 - Traffic signal","03 - At intersection","01 - Daylight","03 - P.D. only","02 - Angle"
"11969","RICHARDSON SIDE RD @ TERRY FOX DR","348803.08600","5019506.07210","-75.93879","45.31413","2017","11/24/2017","3:00:00 PM","01 - Clear","01 - Dry","01 - Traffic signal","02 - Intersection related","01 - Daylight","02 - Non-fatal injury","04 - Sideswipe"
"11970","RICHARDSON SIDE RD @ TERRY FOX DR","348803.08600","5019506.07210","-75.93879","45.31413","2017","4/10/2017","1:19:00 PM","01 - Clear","01 - Dry","01 - Traffic signal","03 - At intersection","01 - Daylight","02 - Non-fatal injury","05 - Turning movement"
"11971","RICHARDSON SIDE RD btwn CARP RD & OAK CREEK RD","346320.79830","5017261.99506","-75.97063","45.29409","2017","9/29/2017","12:00:00 AM","01 - Clear","01 - Dry","10 - No control","01 - Non intersection","00 - Unknown","03 - P.D. only","06 - SMV unattended vehicle"
"11972","RICHARDSON SIDE RD btwn CARP RD & OAK CREEK RD","346434.32311","5017366.13090","-75.96918","45.29502","2017","3/6/2017","10:30:00 PM","04 - Freezing Rain","06 - Ice","10 - No control","01 - Non intersection","07 - Dark","03 - P.D. only","07 - SMV other"
"11973","RICHARDSON SIDE RD btwn DAVID MANCHESTER RD & WILLIAM MOONEY RD","344393.65840","5015481.12905","-75.99534","45.27817","2017","9/16/2017","12:52:00 PM","01 - Clear","01 - Dry","10 - No control","01 - Non intersection","01 - Daylight","02 - Non-fatal injury","07 - SMV other"
"11974","RICHARDSON SIDE RD btwn OAK CREEK RD & HUNTMAR DR","347883.33722","5018697.63806","-75.95059","45.30691","2017","5/25/2017","7:36:00 PM","02 - Rain","02 - Wet","10 - No control","01 - Non intersection","01 - Daylight","03 - P.D. only","07 - SMV other"
"11975","RICHARDSON SIDE RD btwn OAK CREEK RD & HUNTMAR DR","347444.35549","5018306.86050","-75.95622","45.30342","2017","3/7/2017","6:57:00 PM","03 - Snow","05 - Packed snow","10 - No control","04 - At/near private drive","07 - Dark","03 - P.D. only","05 - Turning movement"
"11976","RICHARDSON SIDE RD btwn PENNYCROSS LANE & DAVID MANCHESTER RD","344093.22214","5015208.19704","-75.99919","45.27573","2017","12/12/2017","6:43:00 PM","03 - Snow","05 - Packed snow","10 - No control","01 - Non intersection","07 - Dark","03 - P.D. only","07 - SMV other"
"11977","RICHARDSON SIDE RD btwn WILDMEADOW CIRC & GREY STONE DR","343500.55850","5014668.57316","-76.00679","45.27091","2017","4/8/2017","8:30:00 PM","01 - Clear","01 - Dry","10 - No control","01 - Non intersection","07 - Dark","03 - P.D. only","07 - SMV other"
"11978","RICHARDSON SIDE RD/TERON RD @ STEACIE DR","351408.10477","5021708.38151","-75.90536","45.33378","2017","10/20/2017","11:19:00 AM","01 - Clear","01 - Dry","02 - Stop sign","02 - Intersection related","01 - Daylight","03 - P.D. only","05 - Turning movement"
"11979","RICHER DR btwn LEGAULT ST & LEBLANC DR","380972.16056","5036803.73375","-75.52588","45.46701","2017","12/25/2017","11:14:00 PM","03 - Snow","02 - Wet","10 - No control","04 - At/near private drive","07 - Dark","03 - P.D. only","06 - SMV unattended vehicle"
"11980","RICHMOND RD @ EDGEWORTH AVE/MCEWEN AVE","361076.74610","5025883.34047","-75.78153","45.37063","2017","3/2/2017","6:44:00 PM","01 - Clear","01 - Dry","01 - Traffic signal","03 - At intersection","05 - Dusk","02 - Non-fatal injury","07 - SMV other"
"11981","RICHMOND RD @ FRASER AVE","362489.69190","5027691.77999","-75.76329","45.38679","2017","9/27/2017","3:38:00 PM","02 - Rain","02 - Wet","01 - Traffic signal","02 - Intersection related","01 - Daylight","03 - P.D. only","03 - Rear end"
"11982","RICHMOND RD @ HARTLEIGH AVE","361182.31384","5026042.54851","-75.78017","45.37206","2017","5/19/2017","4:06:00 AM","01 - Clear","01 - Dry","02 - Stop sign","02 - Intersection related","07 - Dark","03 - P.D. only","03 - Rear end"
"11983","RICHMOND RD @ HOLLY ACRES RD/NANAIMO DR","359058.33715","5022746.48941","-75.80764","45.34257","2017","6/14/2017","3:58:00 PM","01 - Clear","01 - Dry","01 - Traffic signal","02 - Intersection related","01 - Daylight","03 - P.D. only","03 - Rear end"
"11984","RICHMOND RD @ HOLLY ACRES RD/NANAIMO DR","359058.33715","5022748.49610","-75.80764","45.34258","2017","6/15/2017","7:45:00 AM","01 - Clear","01 - Dry","01 - Traffic signal","02 - Intersection related","01 - Daylight","03 - P.D. only","04 - Sideswipe"
"11985","RICHMOND RD @ HOLLY ACRES RD/NANAIMO DR","359059.61835","5022748.73279","-75.80763","45.34259","2017","8/24/2017","5:38:00 PM","01 - Clear","01 - Dry","01 - Traffic signal","03 - At intersection","01 - Daylight","02 - Non-fatal injury","05 - Turning movement"
"11986","RICHMOND RD @ HOLLY ACRES RD/NANAIMO DR","359059.62739","5022749.21295","-75.80763","45.34259","2017","9/11/2017","11:31:00 AM","01 - Clear","01 - Dry","01 - Traffic signal","03 - At intersection","01 - Daylight","03 - P.D. only","05 - Turning movement"
"11987","RICHMOND RD @ HOLLY ACRES RD/NANAIMO DR","359059.14497","5022747.78604","-75.80763","45.34258","2017","9/19/2017","10:13:00 PM","01 - Clear","01 - Dry","01 - Traffic signal","03 - At intersection","07 - Dark","03 - P.D. only","99 - Other"
"11988","RICHMOND RD @ HOLLY ACRES RD/NANAIMO DR","359059.11853","5022747.37878","-75.80763","45.34257","2017","9/15/2017","7:45:00 AM","01 - Clear","01 - Dry","01 - Traffic signal","02 - Intersection related","01 - Daylight","03 - P.D. only","03 - Rear end"
"11989","RICHMOND RD @ HOLLY ACRES RD/NANAIMO DR","359059.42207","5022747.37040","-75.80763","45.34257","2017","2/11/2017","4:13:00 AM","03 - Snow","03 - Loose snow","01 - Traffic signal","02 - Intersection related","07 - Dark","03 - P.D. only","07 - SMV other"
"11990","RICHMOND RD @ HOLLY ACRES RD/NANAIMO DR","359060.38834","5022748.49610","-75.80762","45.34258","2017","1/7/2017","3:35:00 PM","01 - Clear","01 - Dry","01 - Traffic signal","02 - Intersection related","01 - Daylight","03 - P.D. only","03 - Rear end"
"11991","RICHMOND RD @ HOLLY ACRES RD/NANAIMO DR","359059.21434","5022749.85295","-75.80763","45.34260","2017","2/2/2017","6:48:00 AM","01 - Clear","03 - Loose snow","01 - Traffic signal","02 - Intersection related","03 - Dawn","02 - Non-fatal injury","07 - SMV other"
"11992","RICHMOND RD @ HOLLY ACRES RD/NANAIMO DR","359057.66826","5022748.49610","-75.80765","45.34259","2017","3/28/2017","5:07:00 PM","01 - Clear","01 - Dry","01 - Traffic signal","03 - At intersection","01 - Daylight","03 - P.D. only","02 - Angle"
"11993","RICHMOND RD @ HOLLY ACRES RD/NANAIMO DR","359058.19370","5022747.77925","-75.80765","45.34258","2017","12/26/2017","11:34:00 AM","01 - Clear","03 - Loose snow","01 - Traffic signal","02 - Intersection related","01 - Daylight","03 - P.D. only","03 - Rear end"
"11994","RICHMOND RD @ HOLLY ACRES RD/NANAIMO DR","359058.22064","5022747.81966","-75.80765","45.34258","2017","12/26/2017","5:03:00 PM","01 - Clear","02 - Wet","01 - Traffic signal","03 - At intersection","07 - Dark","03 - P.D. only","05 - Turning movement"
"11995","RICHMOND RD @ LYNHAR RD/STAFFORD RD","358138.72787","5021086.14630","-75.81956","45.32770","2017","5/19/2017","9:40:00 AM","01 - Clear","01 - Dry","01 - Traffic signal","02 - Intersection related","01 - Daylight","03 - P.D. only","02 - Angle"
"11996","RICHMOND RD @ LYNHAR RD/STAFFORD RD","358137.37602","5021086.70149","-75.81957","45.32770","2017","12/13/2017","1:03:00 PM","01 - Clear","01 - Dry","01 - Traffic signal","02 - Intersection related","01 - Daylight","03 - P.D. only","04 - Sideswipe"
"11997","RICHMOND RD @ LYNHAR RD/STAFFORD RD","358136.92811","5021086.48410","-75.81958","45.32770","2017","11/18/2017","1:30:00 AM","04 - Freezing Rain","06 - Ice","01 - Traffic signal","02 - Intersection related","07 - Dark","03 - P.D. only","07 - SMV other"
"11998","RICHMOND RD @ LYNHAR RD/STAFFORD RD","358137.12573","5021087.42046","-75.81958","45.32771","2017","11/8/2017","4:43:00 PM","01 - Clear","01 - Dry","01 - Traffic signal","02 - Intersection related","05 - Dusk","03 - P.D. only","05 - Turning movement"
"11999","RICHMOND RD @ LYNHAR RD/STAFFORD RD","358138.02820","5021087.35367","-75.81957","45.32771","2017","11/19/2017","1:14:00 AM","04 - Freezing Rain","06 - Ice","01 - Traffic signal","03 - At intersection","07 - Dark","03 - P.D. only","07 - SMV other"
"12000","RICHMOND RD @ LYNHAR RD/STAFFORD RD","358136.58048","5021085.80764","-75.81958","45.32769","2017","12/19/2017","6:48:00 AM","03 - Snow","03 - Loose snow","01 - Traffic signal","02 - Intersection related","07 - Dark","03 - P.D. only","07 - SMV other"
"12001","RICHMOND RD @ NORTHSIDE RD E","358329.36270","5021225.97090","-75.81711","45.32894","2017","11/21/2017","1:34:00 PM","01 - Clear","02 - Wet","01 - Traffic signal","02 - Intersection related","01 - Daylight","03 - P.D. only","02 - Angle"
"12002","RICHMOND RD @ NORTHSIDE RD E","358327.96530","5021224.93714","-75.81713","45.32893","2017","3/28/2017","10:06:00 AM","01 - Clear","02 - Wet","01 - Traffic signal","03 - At intersection","01 - Daylight","03 - P.D. only","02 - Angle"
"12003","RICHMOND RD @ ROBERTSON RD","357578.05466","5020749.02422","-75.82674","45.32471","2017","7/6/2017","11:10:00 AM","01 - Clear","01 - Dry","01 - Traffic signal","02 - Intersection related","01 - Daylight","02 - Non-fatal injury","02 - Angle"
"12004","RICHMOND RD @ ROBERTSON RD","357578.13300","5020749.72005","-75.82674","45.32471","2017","12/12/2017","3:04:00 PM","03 - Snow","03 - Loose snow","01 - Traffic signal","02 - Intersection related","01 - Daylight","02 - Non-fatal injury","03 - Rear end"
"12005","RICHMOND RD @ ROBERTSON RD","357577.29541","5020749.81486","-75.82675","45.32471","2017","2/3/2017","6:09:00 PM","01 - Clear","01 - Dry","01 - Traffic signal","02 - Intersection related","07 - Dark","02 - Non-fatal injury","03 - Rear end"
"12006","RICHMOND RD @ ROBERTSON RD","357578.72605","5020750.81979","-75.82674","45.32472","2017","1/1/2017","7:17:00 AM","05 - Drifting Snow","01 - Dry","01 - Traffic signal","02 - Intersection related","03 - Dawn","03 - P.D. only","07 - SMV other"
"12007","RICHMOND RD @ ROBERTSON RD","357578.65844","5020748.81220","-75.82674","45.32470","2017","3/31/2017","11:49:00 PM","03 - Snow","04 - Slush","01 - Traffic signal","03 - At intersection","07 - Dark","02 - Non-fatal injury","07 - SMV other"
"12008","RICHMOND RD @ SEYTON DR","357398.60146","5019314.32080","-75.82919","45.31181","2017","10/6/2017","3:09:00 PM","01 - Clear","01 - Dry","01 - Traffic signal","02 - Intersection related","01 - Daylight","03 - P.D. only","04 - Sideswipe"
"12009","RICHMOND RD @ STINSON AVE","357874.81459","5020927.98691","-75.82294","45.32629","2017","4/27/2017","10:23:00 PM","01 - Clear","01 - Dry","01 - Traffic signal","02 - Intersection related","07 - Dark","03 - P.D. only","03 - Rear end"
"12010","RICHMOND RD @ STONEHAVEN DR","356781.97555","5015892.77479","-75.83741","45.28107","2017","5/5/2017","2:39:00 PM","02 - Rain","02 - Wet","01 - Traffic signal","02 - Intersection related","01 - Daylight","02 - Non-fatal injury","03 - Rear end"
"12011","RICHMOND RD @ STONEHAVEN DR","356781.97555","5015892.77479","-75.83741","45.28107","2017","6/5/2017","12:35:00 PM","02 - Rain","02 - Wet","01 - Traffic signal","02 - Intersection related","01 - Daylight","03 - P.D. only","03 - Rear end"
"12012","RICHMOND RD @ STONEHAVEN DR","356782.05227","5015891.66677","-75.83741","45.28106","2017","7/21/2017","7:24:00 AM","01 - Clear","01 - Dry","01 - Traffic signal","03 - At intersection","01 - Daylight","03 - P.D. only","05 - Turning movement"
"12013","RICHMOND RD @ STONEHAVEN DR","356783.31334","5015891.43700","-75.83739","45.28106","2017","10/28/2017","3:05:00 PM","01 - Clear","01 - Dry","01 - Traffic signal","03 - At intersection","01 - Daylight","03 - P.D. only","05 - Turning movement"
"12014","RICHMOND RD @ STONEHAVEN DR","356782.15060","5015892.45600","-75.83741","45.28107","2017","12/14/2017","6:10:00 PM","01 - Clear","06 - Ice","01 - Traffic signal","03 - At intersection","07 - Dark","03 - P.D. only","07 - SMV other"
"12015","RICHMOND RD @ STONEHAVEN DR","356781.30665","5015892.77479","-75.83742","45.28107","2017","11/3/2017","6:37:00 PM","01 - Clear","01 - Dry","01 - Traffic signal","02 - Intersection related","07 - Dark","03 - P.D. only","03 - Rear end"
"12016","RICHMOND RD @ STONEHAVEN DR","356781.09836","5015891.70837","-75.83742","45.28106","2017","1/5/2017","12:51:00 PM","03 - Snow","03 - Loose snow","01 - Traffic signal","02 - Intersection related","01 - Daylight","03 - P.D. only","05 - Turning movement"
"12017","RICHMOND RD @ STONEHAVEN DR","356781.30665","5015891.43700","-75.83742","45.28106","2017","2/17/2017","5:49:00 PM","01 - Clear","01 - Dry","01 - Traffic signal","03 - At intersection","05 - Dusk","03 - P.D. only","05 - Turning movement"
"12018","RICHMOND RD @ TWEEDSMUIR AVE","363519.69250","5028483.25976","-75.75004","45.39383","2017","9/16/2017","6:42:00 PM","01 - Clear","01 - Dry","02 - Stop sign","03 - At intersection","01 - Daylight","03 - P.D. only","02 - Angle"
"12019","RICHMOND RD @ WAVELL AVE","362173.22943","5027397.28271","-75.76736","45.38417","2017","6/15/2017","6:21:00 AM","01 - Clear","01 - Dry","02 - Stop sign","03 - At intersection","01 - Daylight","03 - P.D. only","01 - Approaching"
"12020","RICHMOND RD @ WAVELL AVE","362173.44629","5027397.43951","-75.76736","45.38417","2017","7/18/2017","1:19:00 PM","01 - Clear","01 - Dry","02 - Stop sign","03 - At intersection","01 - Daylight","03 - P.D. only","02 - Angle"
"12021","RICHMOND RD @ WEST HUNT CLUB RD","357144.64396","5018153.80009","-75.83255","45.30139","2017","4/24/2017","10:55:00 AM","01 - Clear","01 - Dry","01 - Traffic signal","02 - Intersection related","01 - Daylight","03 - P.D. only","03 - Rear end"
"12022","RICHMOND RD @ WEST HUNT CLUB RD","357146.59405","5018151.27887","-75.83252","45.30136","2017","8/29/2017","5:15:00 PM","01 - Clear","01 - Dry","01 - Traffic signal","03 - At intersection","01 - Daylight","03 - P.D. only","05 - Turning movement"
"12023","RICHMOND RD @ WEST HUNT CLUB RD","357145.13780","5018151.44330","-75.83254","45.30137","2017","7/5/2017","8:32:00 AM","01 - Clear","01 - Dry","01 - Traffic signal","03 - At intersection","01 - Daylight","03 - P.D. only","05 - Turning movement"
"12024","RICHMOND RD @ WEST HUNT CLUB RD","357146.74020","5018151.36940","-75.83252","45.30136","2017","10/4/2017","9:09:00 AM","01 - Clear","01 - Dry","01 - Traffic signal","02 - Intersection related","01 - Daylight","03 - P.D. only","03 - Rear end"
"12025","RICHMOND RD @ WEST HUNT CLUB RD","357146.60309","5018152.22335","-75.83252","45.30137","2017","12/15/2017","7:43:00 AM","03 - Snow","06 - Ice","01 - Traffic signal","02 - Intersection related","03 - Dawn","03 - P.D. only","03 - Rear end"
"12026","RICHMOND RD @ WEST HUNT CLUB RD","357144.69151","5018152.22335","-75.83255","45.30137","2017","11/2/2017","12:02:00 PM","02 - Rain","02 - Wet","01 - Traffic signal","03 - At intersection","01 - Daylight","03 - P.D. only","03 - Rear end"
"12027","RICHMOND RD @ WEST HUNT CLUB RD","357146.19375","5018151.91585","-75.83253","45.30137","2017","1/31/2017","7:30:00 AM","01 - Clear","01 - Dry","01 - Traffic signal","02 - Intersection related","03 - Dawn","03 - P.D. only","03 - Rear end"
"12028","RICHMOND RD @ WEST HUNT CLUB RD","357143.97506","5018152.46230","-75.83256","45.30137","2017","4/1/2017","3:01:00 AM","03 - Snow","02 - Wet","01 - Traffic signal","02 - Intersection related","07 - Dark","02 - Non-fatal injury","07 - SMV other"
"12029","RICHMOND RD @ WEST HUNT CLUB RD","357145.31285","5018153.13120","-75.83254","45.30138","2017","2/26/2017","5:10:00 AM","03 - Snow","03 - Loose snow","01 - Traffic signal","02 - Intersection related","07 - Dark","03 - P.D. only","07 - SMV other"
"12030","RICHMOND RD @ WEST HUNT CLUB RD","357145.31285","5018152.46230","-75.83254","45.30137","2017","3/17/2017","10:21:00 AM","01 - Clear","01 - Dry","01 - Traffic signal","03 - At intersection","01 - Daylight","02 - Non-fatal injury","03 - Rear end"
"12031","RICHMOND RD @ WEST HUNT CLUB RD","357146.12520","5018152.22335","-75.83253","45.30137","2017","12/17/2017","11:32:00 AM","01 - Clear","03 - Loose snow","01 - Traffic signal","03 - At intersection","01 - Daylight","03 - P.D. only","04 - Sideswipe"
"12032","RICHMOND RD @ WINONA AVE","363296.52234","5028338.83990","-75.75291","45.39255","2017","5/24/2017","5:18:00 PM","01 - Clear","01 - Dry","02 - Stop sign","03 - At intersection","01 - Daylight","02 - Non-fatal injury","02 - Angle"
"12033","RICHMOND RD @ WOODROFFE AVE","361584.46442","5026654.74518","-75.77496","45.37753","2017","8/26/2017","11:29:00 AM","01 - Clear","01 - Dry","01 - Traffic signal","02 - Intersection related","01 - Daylight","03 - P.D. only","03 - Rear end"
"12034","RICHMOND RD @ WOODROFFE AVE","361585.77188","5026653.70909","-75.77495","45.37752","2017","10/23/2017","2:26:00 PM","01 - Clear","01 - Dry","01 - Traffic signal","02 - Intersection related","01 - Daylight","03 - P.D. only","03 - Rear end"
"12035","RICHMOND RD @ WOODROFFE AVE","361584.68640","5026653.43030","-75.77496","45.37752","2017","10/13/2017","11:48:00 AM","01 - Clear","01 - Dry","01 - Traffic signal","03 - At intersection","01 - Daylight","03 - P.D. only","05 - Turning movement"
"12036","RICHMOND RD @ WOODROFFE AVE","361583.68306","5026654.52320","-75.77497","45.37753","2017","11/29/2017","11:49:00 AM","01 - Clear","01 - Dry","01 - Traffic signal","02 - Intersection related","01 - Daylight","03 - P.D. only","02 - Angle"
"12037","RICHMOND RD @ WOODROFFE AVE","361585.02085","5026654.52320","-75.77496","45.37753","2017","2/18/2017","1:04:00 PM","01 - Clear","06 - Ice","01 - Traffic signal","02 - Intersection related","01 - Daylight","03 - P.D. only","03 - Rear end"
"12038","RICHMOND RD @ WOODROFFE AVE","361585.68974","5026655.19210","-75.77495","45.37754","2017","4/19/2017","1:15:00 PM","02 - Rain","02 - Wet","01 - Traffic signal","02 - Intersection related","01 - Daylight","03 - P.D. only","03 - Rear end"
"12039","RICHMOND RD @ WOODROFFE AVE","361585.16430","5026655.24005","-75.77495","45.37754","2017","12/15/2017","8:53:00 PM","03 - Snow","03 - Loose snow","01 - Traffic signal","03 - At intersection","07 - Dark","03 - P.D. only","05 - Turning movement"
"12040","RICHMOND RD btwn ASSALY RD & REGINA LANE","360776.16115","5025577.30318","-75.78541","45.36790","2017","5/11/2017","5:04:00 PM","01 - Clear","01 - Dry","10 - No control","04 - At/near private drive","01 - Daylight","03 - P.D. only","05 - Turning movement"
"12041","RICHMOND RD btwn ASSALY RD & REGINA LANE","360752.75082","5025552.61477","-75.78571","45.36768","2017","6/27/2017","8:30:00 PM","01 - Clear","01 - Dry","10 - No control","01 - Non intersection","05 - Dusk","03 - P.D. only","07 - SMV other"
"12042","RICHMOND RD btwn ASSALY RD & REGINA LANE","360769.47323","5025570.00607","-75.78549","45.36784","2017","10/29/2017","10:32:00 AM","02 - Rain","02 - Wet","10 - No control","01 - Non intersection","01 - Daylight","02 - Non-fatal injury","07 - SMV other"
"12043","RICHMOND RD btwn ASSALY RD & REGINA LANE","360758.82563","5025557.44728","-75.78563","45.36773","2017","10/5/2017","4:30:00 PM","01 - Clear","01 - Dry","10 - No control","04 - At/near private drive","01 - Daylight","02 - Non-fatal injury","07 - SMV other"
"12044","RICHMOND RD btwn BASELINE RD TURN LANE & NORTHSIDE RD","358531.95116","5021595.49466","-75.81449","45.33225","2017","11/29/2017","7:32:00 AM","01 - Clear","02 - Wet","10 - No control","01 - Non intersection","01 - Daylight","02 - Non-fatal injury","03 - Rear end"
"12045","RICHMOND RD btwn BERKLEY AVE & ROOSEVELT AVE","362970.33230","5028108.18985","-75.75710","45.39050","2017","10/19/2017","5:36:00 PM","01 - Clear","01 - Dry","10 - No control","01 - Non intersection","01 - Daylight","03 - P.D. only","06 - SMV unattended vehicle"
"12046","RICHMOND RD btwn BROADVIEW AVE & GOLDEN AVE","362858.70343","5028022.91012","-75.75853","45.38974","2017","12/1/2017","7:11:00 PM","01 - Clear","01 - Dry","10 - No control","01 - Non intersection","07 - Dark","02 - Non-fatal injury","06 - SMV unattended vehicle"
"12047","RICHMOND RD btwn BROADVIEW AVE & GOLDEN AVE","362723.74024","5027903.87537","-75.76027","45.38868","2017","3/21/2017","5:30:00 PM","01 - Clear","01 - Dry","10 - No control","04 - At/near private drive","01 - Daylight","03 - P.D. only","02 - Angle"
"12048","RICHMOND RD btwn CAMBRIAN RD & CAMBRIAN RD","359111.49314","5009518.28515","-75.80841","45.22353","2017","1/4/2017","7:57:00 PM","03 - Snow","06 - Ice","10 - No control","01 - Non intersection","07 - Dark","03 - P.D. only","07 - SMV other"
"12049","RICHMOND RD btwn CROYDON AVE & ASSALY RD","360663.78761","5025460.30708","-75.78685","45.36686","2017","6/21/2017","3:44:00 PM","01 - Clear","01 - Dry","10 - No control","01 - Non intersection","01 - Daylight","03 - P.D. only","03 - Rear end"
"12050","RICHMOND RD btwn CROYDON AVE & ASSALY RD","360689.20567","5025488.40072","-75.78653","45.36711","2017","3/2/2017","9:30:00 AM","03 - Snow","02 - Wet","10 - No control","01 - Non intersection","01 - Daylight","03 - P.D. only","03 - Rear end"
"12051","RICHMOND RD btwn EDGEWOOD AVE & ATHLONE AVE","363443.32161","5028434.19784","-75.75102","45.39339","2017","11/27/2017","11:15:00 AM","01 - Clear","01 - Dry","10 - No control","04 - At/near private drive","01 - Daylight","03 - P.D. only","02 - Angle"
"12052","RICHMOND RD btwn EDGEWOOD AVE & ATHLONE AVE","363426.15843","5028422.24721","-75.75124","45.39329","2017","4/13/2017","10:30:00 AM","01 - Clear","01 - Dry","10 - No control","01 - Non intersection","01 - Daylight","03 - P.D. only","06 - SMV unattended vehicle"
"12053","RICHMOND RD btwn EDGEWORTH AVE/MCEWEN AVE & REGINA LANE","361062.68897","5025869.28334","-75.78171","45.37051","2017","4/27/2017","10:13:00 AM","01 - Clear","01 - Dry","10 - No control","04 - At/near private drive","01 - Daylight","03 - P.D. only","02 - Angle"