"Record","Location","X","Y","Longitude","Latitude","Year","Date","Time","Environment","Road_Surface","Traffic_Control","Collision_Location","Light","Collision_Classification","Impact_type"
"12054","RICHMOND RD btwn EDGEWORTH AVE/MCEWEN AVE & REGINA LANE","360932.23879","5025737.14630","-75.78339","45.36933","2017","12/14/2017","3:00:00 PM","01 - Clear","02 - Wet","10 - No control","01 - Non intersection","01 - Daylight","02 - Non-fatal injury","07 - SMV other"
"12055","RICHMOND RD btwn FRASER AVE & BROADVIEW AVE","362534.66511","5027734.27263","-75.76271","45.38717","2017","11/15/2017","3:58:00 PM","01 - Clear","01 - Dry","10 - No control","01 - Non intersection","01 - Daylight","03 - P.D. only","04 - Sideswipe"
"12056","RICHMOND RD btwn HIGH ST & PINECREST RD","360035.81208","5024408.97421","-75.79499","45.35745","2017","2/8/2017","1:12:00 PM","01 - Clear","01 - Dry","10 - No control","01 - Non intersection","01 - Daylight","03 - P.D. only","04 - Sideswipe"
"12057","RICHMOND RD btwn HILSON AVE & PATRICIA AVE","363947.33158","5028748.87353","-75.74455","45.39618","2017","11/20/2017","3:13:00 PM","01 - Clear","01 - Dry","10 - No control","01 - Non intersection","01 - Daylight","02 - Non-fatal injury","04 - Sideswipe"
"12058","RICHMOND RD btwn HWY416 IC75A RAMP53 & HWY416 IC75A RAMP63","358676.13313","5021909.11202","-75.81261","45.33506","2017","11/1/2017","6:46:00 AM","01 - Clear","01 - Dry","10 - No control","01 - Non intersection","07 - Dark","03 - P.D. only","04 - Sideswipe"
"12059","RICHMOND RD btwn HWY417 IC130 RAMP36 & TO BE DETERMINED","359314.40942","5023284.28249","-75.80432","45.34739","2017","12/5/2017","4:50:00 PM","02 - Rain","02 - Wet","10 - No control","01 - Non intersection","07 - Dark","02 - Non-fatal injury","03 - Rear end"
"12060","RICHMOND RD btwn JOHN SUTHERLAND DR & HOLLY ACRES RD","359049.69296","5022726.17554","-75.80776","45.34238","2017","9/24/2017","2:26:00 AM","01 - Clear","01 - Dry","10 - No control","01 - Non intersection","07 - Dark","03 - P.D. only","07 - SMV other"
"12061","RICHMOND RD btwn JOHN SUTHERLAND DR & HOLLY ACRES RD","358966.78163","5022541.47772","-75.80884","45.34073","2017","12/7/2017","5:30:00 PM","01 - Clear","01 - Dry","10 - No control","04 - At/near private drive","07 - Dark","03 - P.D. only","02 - Angle"
"12062","RICHMOND RD btwn JOHN SUTHERLAND DR & HOLLY ACRES RD","359018.02033","5022656.29518","-75.80817","45.34176","2017","2/5/2017","8:56:00 PM","03 - Snow","04 - Slush","10 - No control","04 - At/near private drive","07 - Dark","03 - P.D. only","99 - Other"
"12063","RICHMOND RD btwn JOHN SUTHERLAND DR & HOLLY ACRES RD","359017.39580","5022657.31411","-75.80818","45.34177","2017","2/14/2017","12:11:00 PM","03 - Snow","02 - Wet","10 - No control","01 - Non intersection","01 - Daylight","02 - Non-fatal injury","04 - Sideswipe"
"12064","RICHMOND RD btwn LOCKHART AVE & CLEARY AVE","361934.52853","5027150.41705","-75.77044","45.38196","2017","1/19/2017","4:30:00 PM","01 - Clear","01 - Dry","10 - No control","01 - Non intersection","01 - Daylight","03 - P.D. only","03 - Rear end"
"12065","RICHMOND RD btwn MCEWEN AVE & HARTLEIGH AVE","361134.66149","5025969.93241","-75.78078","45.37141","2017","3/7/2017","3:48:00 AM","04 - Freezing Rain","06 - Ice","10 - No control","01 - Non intersection","07 - Dark","03 - P.D. only","07 - SMV other"
"12066","RICHMOND RD btwn MCRAE AVE & CLIFTON RD","363652.40739","5028564.15773","-75.74833","45.39454","2017","7/5/2017","3:50:00 PM","01 - Clear","01 - Dry","10 - No control","01 - Non intersection","01 - Daylight","02 - Non-fatal injury","04 - Sideswipe"
"12067","RICHMOND RD btwn MCRAE AVE & CLIFTON RD","363692.86334","5028588.47277","-75.74781","45.39476","2017","11/12/2017","12:08:00 PM","01 - Clear","01 - Dry","10 - No control","01 - Non intersection","01 - Daylight","03 - P.D. only","05 - Turning movement"
"12068","RICHMOND RD btwn MOODIE DR & BLACK FOREST LANE","357412.77518","5019699.30677","-75.82896","45.31527","2017","10/6/2017","8:11:00 PM","01 - Clear","01 - Dry","10 - No control","01 - Non intersection","07 - Dark","03 - P.D. only","07 - SMV other"
"12069","RICHMOND RD btwn NE/OT BOUNDARY & DUMAURIER AVE","359550.99618","5023612.67382","-75.80126","45.35032","2017","10/12/2017","8:47:00 AM","01 - Clear","01 - Dry","10 - No control","01 - Non intersection","01 - Daylight","03 - P.D. only","03 - Rear end"
"12070","RICHMOND RD btwn NEW ORCHARD AVE & WOODROFFE AVE","361441.20814","5026452.51651","-75.77682","45.37573","2017","5/30/2017","9:10:00 AM","01 - Clear","01 - Dry","10 - No control","04 - At/near private drive","01 - Daylight","03 - P.D. only","02 - Angle"
"12071","RICHMOND RD btwn NEW ORCHARD AVE & WOODROFFE AVE","361514.53914","5026560.54730","-75.77587","45.37669","2017","8/13/2017","11:46:00 PM","01 - Clear","01 - Dry","10 - No control","01 - Non intersection","07 - Dark","02 - Non-fatal injury","04 - Sideswipe"
"12072","RICHMOND RD btwn NEW ORCHARD AVE & WOODROFFE AVE","361408.37274","5026405.66218","-75.77724","45.37531","2017","10/11/2017","4:57:00 PM","01 - Clear","01 - Dry","10 - No control","04 - At/near private drive","01 - Daylight","03 - P.D. only","99 - Other"
"12073","RICHMOND RD btwn NEW ORCHARD AVE & WOODROFFE AVE","361526.15797","5026576.26233","-75.77572","45.37683","2017","10/18/2017","11:12:00 AM","01 - Clear","01 - Dry","10 - No control","01 - Non intersection","01 - Daylight","03 - P.D. only","05 - Turning movement"
"12074","RICHMOND RD btwn NEW ORCHARD AVE & WOODROFFE AVE","361545.39646","5026601.26876","-75.77547","45.37706","2017","12/5/2017","4:12:00 AM","01 - Clear","01 - Dry","10 - No control","01 - Non intersection","07 - Dark","03 - P.D. only","07 - SMV other"
"12075","RICHMOND RD btwn NEW ORCHARD AVE & WOODROFFE AVE","361443.25471","5026456.32322","-75.77679","45.37576","2017","2/9/2017","10:23:00 AM","01 - Clear","01 - Dry","10 - No control","04 - At/near private drive","01 - Daylight","02 - Non-fatal injury","07 - SMV other"
"12076","RICHMOND RD btwn NEW ORCHARD AVE & WOODROFFE AVE","361414.08566","5026419.57469","-75.77717","45.37543","2017","3/23/2017","4:49:00 PM","01 - Clear","01 - Dry","10 - No control","04 - At/near private drive","01 - Daylight","03 - P.D. only","02 - Angle"
"12077","RICHMOND RD btwn NORTHSIDE RD & NORTHSIDE RD (2)","358307.78429","5021204.32615","-75.81739","45.32875","2017","6/22/2017","6:58:00 PM","01 - Clear","01 - Dry","10 - No control","01 - Non intersection","01 - Daylight","03 - P.D. only","04 - Sideswipe"
"12078","RICHMOND RD btwn PERTH ST & CAMBRIAN RD","359022.24916","5008494.64107","-75.80966","45.21433","2017","10/14/2017","7:45:00 AM","01 - Clear","02 - Wet","10 - No control","01 - Non intersection","01 - Daylight","03 - P.D. only","07 - SMV other"
"12079","RICHMOND RD btwn PERTH ST & CAMBRIAN RD","359057.20975","5008940.87816","-75.80917","45.21834","2017","11/3/2017","8:09:00 AM","02 - Rain","02 - Wet","10 - No control","01 - Non intersection","01 - Daylight","03 - P.D. only","07 - SMV other"
"12080","RICHMOND RD btwn PERTH ST & CAMBRIAN RD","358281.07717","5007575.97657","-75.81920","45.20612","2017","11/28/2017","9:29:00 AM","01 - Clear","01 - Dry","10 - No control","01 - Non intersection","01 - Daylight","02 - Non-fatal injury","07 - SMV other"
"12081","RICHMOND RD btwn PERTH ST & CAMBRIAN RD","358812.22501","5008001.20352","-75.81239","45.20991","2017","12/15/2017","3:31:00 PM","01 - Clear","02 - Wet","10 - No control","01 - Non intersection","01 - Daylight","02 - Non-fatal injury","01 - Approaching"
"12082","RICHMOND RD btwn POULIN AVE & 140 E OF POULIN AVE","360391.05633","5025006.06235","-75.79039","45.36279","2017","2/9/2017","4:20:00 PM","01 - Clear","02 - Wet","10 - No control","04 - At/near private drive","01 - Daylight","03 - P.D. only","04 - Sideswipe"
"12083","RICHMOND RD btwn POULIN AVE & 140 E OF POULIN AVE","360384.40939","5024992.42263","-75.79047","45.36267","2017","2/16/2017","7:36:00 AM","03 - Snow","06 - Ice","10 - No control","01 - Non intersection","01 - Daylight","03 - P.D. only","99 - Other"
"12084","RICHMOND RD btwn ROBERTSON RD & STINSON AVE","357862.19245","5020923.53204","-75.82310","45.32626","2017","6/2/2017","9:28:00 PM","01 - Clear","01 - Dry","10 - No control","01 - Non intersection","07 - Dark","03 - P.D. only","03 - Rear end"
"12085","RICHMOND RD btwn ROBERTSON RD & STINSON AVE","357772.69269","5020868.53892","-75.82425","45.32577","2017","11/8/2017","6:03:00 PM","01 - Clear","01 - Dry","10 - No control","04 - At/near private drive","07 - Dark","02 - Non-fatal injury","02 - Angle"
"12086","RICHMOND RD btwn ROBERTSON RD & STINSON AVE","357659.45638","5020798.83547","-75.82570","45.32515","2017","12/18/2017","7:45:00 PM","03 - Snow","05 - Packed snow","10 - No control","04 - At/near private drive","07 - Dark","03 - P.D. only","05 - Turning movement"
"12087","RICHMOND RD btwn ROOSEVELT AVE & WINSTON AVE","362997.04770","5028130.52726","-75.75675","45.39070","2017","3/29/2017","12:00:00 AM","01 - Clear","01 - Dry","10 - No control","01 - Non intersection","00 - Unknown","03 - P.D. only","06 - SMV unattended vehicle"
"12088","RICHMOND RD btwn STEEPLE HILL CRES & CAMBRIAN RD","359073.02616","5010404.88434","-75.80881","45.23151","2017","5/6/2017","12:26:00 AM","02 - Rain","02 - Wet","10 - No control","01 - Non intersection","07 - Dark","03 - P.D. only","07 - SMV other"
"12089","RICHMOND RD btwn STEEPLE HILL CRES & CAMBRIAN RD","359099.12978","5009979.33846","-75.80852","45.22768","2017","7/28/2017","6:03:00 PM","01 - Clear","01 - Dry","10 - No control","01 - Non intersection","01 - Daylight","03 - P.D. only","07 - SMV other"
"12090","RICHMOND RD btwn STEEPLE HILL CRES & PIETY HILL WAY","357436.82834","5014260.17629","-75.82924","45.26633","2017","4/30/2017","12:54:00 PM","01 - Clear","02 - Wet","10 - No control","01 - Non intersection","01 - Daylight","02 - Non-fatal injury","07 - SMV other"
"12091","RICHMOND RD btwn STINSON AVE & STAFFORD RD","358120.26651","5021076.02272","-75.81979","45.32761","2017","1/28/2017","5:21:00 PM","01 - Clear","01 - Dry","10 - No control","01 - Non intersection","05 - Dusk","03 - P.D. only","04 - Sideswipe"
"12092","RICHMOND RD btwn STINSON AVE & STAFFORD RD","358098.82958","5021063.82734","-75.82007","45.32750","2017","2/14/2017","7:10:00 AM","01 - Clear","01 - Dry","10 - No control","04 - At/near private drive","03 - Dawn","03 - P.D. only","02 - Angle"
"12093","RICHMOND RD btwn STINSON AVE & STAFFORD RD","357886.69425","5020936.89666","-75.82279","45.32637","2017","3/12/2017","10:15:00 AM","01 - Clear","01 - Dry","10 - No control","04 - At/near private drive","01 - Daylight","03 - P.D. only","07 - SMV other"
"12094","RICHMOND RD btwn STONEHAVEN DR & HOPE SIDE RD","356808.73140","5015827.89185","-75.83707","45.28048","2017","4/10/2017","12:39:00 PM","01 - Clear","01 - Dry","10 - No control","01 - Non intersection","01 - Daylight","03 - P.D. only","07 - SMV other"
"12095","RICHMOND RD btwn TURN LANE & HWY416 IC75A RAMP53","358574.74033","5021686.82975","-75.81393","45.33307","2017","5/2/2017","7:00:00 PM","02 - Rain","02 - Wet","10 - No control","01 - Non intersection","01 - Daylight","03 - P.D. only","03 - Rear end"
"12096","RICHMOND RD btwn TURN LANE & JOHN SUTHERLAND DR","358757.83868","5022086.47446","-75.81155","45.33665","2017","5/30/2017","8:20:00 PM","01 - Clear","02 - Wet","10 - No control","01 - Non intersection","05 - Dusk","02 - Non-fatal injury","01 - Approaching"
"12097","RICHMOND RD btwn TWEEDSMUIR AVE & MCRAE AVE","363577.54989","5028519.63844","-75.74930","45.39415","2017","1/16/2017","12:00:00 AM","01 - Clear","01 - Dry","10 - No control","01 - Non intersection","00 - Unknown","03 - P.D. only","06 - SMV unattended vehicle"
"12098","RICHMOND RD btwn WAVELL AVE & WINDERMERE AVE","362232.16457","5027455.23097","-75.76660","45.38468","2017","12/14/2017","4:10:00 PM","01 - Clear","01 - Dry","10 - No control","01 - Non intersection","05 - Dusk","03 - P.D. only","02 - Angle"
"12099","RICHMOND RD btwn WEST HUNT CLUB RD & SEYTON DR","357153.33961","5018189.25160","-75.83243","45.30171","2017","7/14/2017","2:48:00 PM","02 - Rain","02 - Wet","10 - No control","01 - Non intersection","01 - Daylight","03 - P.D. only","01 - Approaching"
"12100","RICHMOND RD btwn WEST HUNT CLUB RD & SEYTON DR","357383.89380","5019239.61111","-75.82938","45.31114","2017","1/31/2017","11:32:00 PM","01 - Clear","01 - Dry","10 - No control","04 - At/near private drive","07 - Dark","03 - P.D. only","03 - Rear end"
"12101","RICHMOND RD btwn WEST HUNT CLUB RD & SEYTON DR","357302.07303","5018913.00061","-75.83046","45.30821","2017","1/4/2017","5:28:00 AM","01 - Clear","01 - Dry","10 - No control","01 - Non intersection","07 - Dark","03 - P.D. only","07 - SMV other"
"12102","RICHMOND RD btwn WEST HUNT CLUB RD & SEYTON DR","357331.72991","5019013.07941","-75.83007","45.30910","2017","2/27/2017","3:00:00 PM","01 - Clear","01 - Dry","10 - No control","01 - Non intersection","01 - Daylight","03 - P.D. only","04 - Sideswipe"
"12103","RICHMOND RD btwn WEST HUNT CLUB RD & STONEHAVEN DR","357121.90148","5018036.74324","-75.83285","45.30034","2017","5/3/2017","9:23:00 AM","01 - Clear","01 - Dry","10 - No control","01 - Non intersection","01 - Daylight","02 - Non-fatal injury","03 - Rear end"
"12104","RICHMOND RD btwn WEST HUNT CLUB RD & STONEHAVEN DR","356760.87607","5015940.07088","-75.83767","45.28150","2017","9/28/2017","8:59:00 AM","01 - Clear","01 - Dry","10 - No control","01 - Non intersection","01 - Daylight","02 - Non-fatal injury","03 - Rear end"
"12105","RICHMOND RD btwn WEST HUNT CLUB RD & STONEHAVEN DR","356988.53337","5017426.49041","-75.83461","45.29485","2017","10/24/2017","6:50:00 AM","02 - Rain","02 - Wet","10 - No control","01 - Non intersection","07 - Dark","02 - Non-fatal injury","03 - Rear end"
"12106","RICHMOND RD btwn WEST HUNT CLUB RD & STONEHAVEN DR","356931.15602","5017176.30448","-75.83537","45.29261","2017","10/17/2017","9:39:00 PM","01 - Clear","01 - Dry","10 - No control","01 - Non intersection","07 - Dark","03 - P.D. only","07 - SMV other"
"12107","RICHMOND RD btwn WEST HUNT CLUB RD & STONEHAVEN DR","357115.21252","5018009.98738","-75.83294","45.30009","2017","11/15/2017","9:00:00 PM","01 - Clear","01 - Dry","10 - No control","01 - Non intersection","07 - Dark","03 - P.D. only","07 - SMV other"
"12108","RICHMOND RD btwn WEST HUNT CLUB RD & STONEHAVEN DR","357040.50802","5017660.49154","-75.83393","45.29696","2017","12/14/2017","9:21:00 PM","01 - Clear","02 - Wet","10 - No control","01 - Non intersection","07 - Dark","02 - Non-fatal injury","03 - Rear end"
"12109","RICHMOND RD btwn WEST HUNT CLUB RD & STONEHAVEN DR","356928.22031","5017147.41536","-75.83541","45.29235","2017","11/4/2017","1:08:00 AM","01 - Clear","01 - Dry","10 - No control","01 - Non intersection","07 - Dark","03 - P.D. only","07 - SMV other"
"12110","RICHMOND RD btwn WEST HUNT CLUB RD & STONEHAVEN DR","356935.03855","5017170.32700","-75.83532","45.29255","2017","4/6/2017","7:53:00 PM","02 - Rain","02 - Wet","10 - No control","01 - Non intersection","07 - Dark","03 - P.D. only","07 - SMV other"
"12111","RICHMOND RD btwn WESTMINSTER AVE & WESTMINSTER AVE","362363.66361","5027575.09780","-75.76491","45.38575","2017","2/8/2017","3:40:00 PM","01 - Clear","02 - Wet","10 - No control","01 - Non intersection","01 - Daylight","03 - P.D. only","03 - Rear end"
"12112","RICHMOND RD btwn WINSTON AVE & CHURCHILL AVE N","363128.93456","5028224.55938","-75.75506","45.39153","2017","4/27/2017","8:51:00 AM","01 - Clear","01 - Dry","10 - No control","04 - At/near private drive","01 - Daylight","03 - P.D. only","02 - Angle"
"12113","RICHMOND RD btwn WINSTON AVE & CHURCHILL AVE N","363121.23000","5028220.75580","-75.75516","45.39150","2017","8/23/2017","12:30:00 PM","01 - Clear","01 - Dry","10 - No control","04 - At/near private drive","01 - Daylight","03 - P.D. only","06 - SMV unattended vehicle"
"12114","RICHMOND RD btwn WINSTON AVE & CHURCHILL AVE N","363203.96133","5028275.93857","-75.75410","45.39199","2017","8/21/2017","3:23:00 PM","01 - Clear","01 - Dry","10 - No control","01 - Non intersection","01 - Daylight","03 - P.D. only","06 - SMV unattended vehicle"
"12115","RICHMOND RD btwn WINSTON AVE & CHURCHILL AVE N","363100.34554","5028202.98596","-75.75543","45.39134","2017","10/6/2017","4:39:00 PM","01 - Clear","01 - Dry","10 - No control","01 - Non intersection","01 - Daylight","03 - P.D. only","04 - Sideswipe"
"12116","RICHMOND RD btwn WINSTON AVE & CHURCHILL AVE N","363128.28552","5028223.67556","-75.75507","45.39152","2017","10/19/2017","11:35:00 AM","01 - Clear","01 - Dry","10 - No control","04 - At/near private drive","01 - Daylight","03 - P.D. only","06 - SMV unattended vehicle"
"12117","RICHMOND RD btwn WINSTON AVE & CHURCHILL AVE N","363053.46890","5028171.91782","-75.75603","45.39106","2017","1/4/2017","7:38:00 PM","01 - Clear","02 - Wet","10 - No control","04 - At/near private drive","07 - Dark","03 - P.D. only","05 - Turning movement"
"12118","RICHMOND RD btwn WINSTON AVE & CHURCHILL AVE N","363220.48843","5028287.44421","-75.75388","45.39209","2017","2/25/2017","12:35:00 PM","03 - Snow","02 - Wet","10 - No control","01 - Non intersection","01 - Daylight","03 - P.D. only","06 - SMV unattended vehicle"
"12119","RICHMOND RD btwn WOODROFFE AVE & LOCKHART AVE","361640.92000","5026737.38402","-75.77423","45.37827","2017","12/14/2017","5:26:00 PM","01 - Clear","05 - Packed snow","10 - No control","04 - At/near private drive","07 - Dark","03 - P.D. only","05 - Turning movement"
"12120","RICHMOND RD btwn WOODROFFE AVE & LOCKHART AVE","361640.79026","5026738.31830","-75.77423","45.37828","2017","2/16/2017","4:17:00 PM","01 - Clear","01 - Dry","10 - No control","04 - At/near private drive","01 - Daylight","03 - P.D. only","02 - Angle"
"12121","RICHMOND RD btwn WOODROFFE AVE & LOCKHART AVE","361640.04579","5026738.58599","-75.77424","45.37828","2017","2/8/2017","2:59:00 PM","01 - Clear","02 - Wet","10 - No control","04 - At/near private drive","01 - Daylight","03 - P.D. only","02 - Angle"
"12122","RICHMOND RD btwn WOODROFFE AVE & LOCKHART AVE","361639.87035","5026736.79745","-75.77425","45.37827","2017","3/5/2017","6:52:00 AM","01 - Clear","01 - Dry","10 - No control","01 - Non intersection","01 - Daylight","03 - P.D. only","05 - Turning movement"
"12123","RICHMOND RD btwn WOODROFFE AVE & LOCKHART AVE","361697.34913","5026819.25693","-75.77350","45.37900","2017","12/21/2017","10:00:00 AM","01 - Clear","01 - Dry","10 - No control","04 - At/near private drive","01 - Daylight","03 - P.D. only","05 - Turning movement"
"12124","RIDDELL AVE   N btwn LENESTER AVE & END","362998.74853","5026076.44266","-75.75698","45.37221","2017","2/5/2017","10:46:00 AM","01 - Clear","03 - Loose snow","10 - No control","04 - At/near private drive","01 - Daylight","03 - P.D. only","07 - SMV other"
"12125","RIDDELL DR btwn MARCH VALLEY RD & SIXTH LINE RD","349230.35990","5028216.52177","-75.93255","45.39248","2017","6/5/2017","9:05:00 AM","02 - Rain","02 - Wet","10 - No control","01 - Non intersection","01 - Daylight","03 - P.D. only","07 - SMV other"
"12126","RIDDELL DR btwn MARCH VALLEY RD & SIXTH LINE RD","350083.71945","5029001.57562","-75.92158","45.39949","2017","2/3/2017","8:23:00 PM","01 - Clear","01 - Dry","10 - No control","01 - Non intersection","07 - Dark","03 - P.D. only","07 - SMV other"
"12127","RIDDELL DR btwn MARCH VALLEY RD & SIXTH LINE RD","349803.66989","5028748.61734","-75.92518","45.39723","2017","2/6/2017","3:33:00 PM","03 - Snow","03 - Loose snow","10 - No control","01 - Non intersection","01 - Daylight","03 - P.D. only","07 - SMV other"
"12128","RIDDELL DR btwn MORAN ST & MARCH VALLEY RD","347589.56458","5026694.10194","-75.95364","45.37888","2017","9/10/2017","10:23:00 AM","01 - Clear","01 - Dry","10 - No control","01 - Non intersection","01 - Daylight","03 - P.D. only","07 - SMV other"
"12129","RIDDELL DR btwn MORAN ST & MARCH VALLEY RD","348117.30259","5027187.50927","-75.94686","45.38329","2017","4/5/2017","8:35:00 AM","01 - Clear","01 - Dry","10 - No control","01 - Non intersection","01 - Daylight","03 - P.D. only","07 - SMV other"
"12130","RIDEAU PL @ RIDEAU ST","369527.60921","5032964.38459","-75.67273","45.43362","2017","11/28/2017","1:56:00 AM","01 - Clear","06 - Ice","02 - Stop sign","03 - At intersection","07 - Dark","03 - P.D. only","07 - SMV other"
"12131","RIDEAU RD btwn BANK ST & DONCASTER RD","377030.00334","5017890.62645","-75.57905","45.29726","2017","6/13/2017","3:15:00 PM","01 - Clear","01 - Dry","10 - No control","01 - Non intersection","01 - Daylight","03 - P.D. only","99 - Other"
"12132","RIDEAU RD btwn BANK ST & DONCASTER RD","377830.16620","5018354.08499","-75.56878","45.30134","2017","1/23/2017","7:11:00 AM","02 - Rain","06 - Ice","10 - No control","01 - Non intersection","03 - Dawn","03 - P.D. only","07 - SMV other"
"12133","RIDEAU RD btwn BOWESVILLE RD & ALBION RD","374696.23074","5016364.22858","-75.60902","45.28376","2017","11/14/2017","3:00:00 PM","01 - Clear","01 - Dry","10 - No control","01 - Non intersection","01 - Daylight","03 - P.D. only","07 - SMV other"
"12134","RIDEAU RD btwn BOWESVILLE RD & ALBION RD","374291.53480","5016112.82656","-75.61421","45.28154","2017","3/7/2017","2:25:00 AM","04 - Freezing Rain","06 - Ice","10 - No control","01 - Non intersection","07 - Dark","03 - P.D. only","07 - SMV other"
"12135","RIDEAU RD btwn LIMEBANK RD & DOWNEY RD","371693.95547","5014482.70023","-75.64754","45.26712","2017","3/15/2017","12:00:00 PM","03 - Snow","03 - Loose snow","10 - No control","01 - Non intersection","01 - Daylight","03 - P.D. only","07 - SMV other"
"12136","RIDEAU RD btwn POWER RD & HAWTHORNE RD","378495.49891","5018789.67036","-75.56024","45.30519","2017","10/31/2017","7:05:00 AM","01 - Clear","01 - Dry","10 - No control","04 - At/near private drive","01 - Daylight","03 - P.D. only","02 - Angle"
"12137","RIDEAU RD btwn POWER RD & HAWTHORNE RD","378474.18396","5018746.47463","-75.56052","45.30481","2017","10/29/2017","10:16:00 PM","02 - Rain","02 - Wet","10 - No control","01 - Non intersection","07 - Dark","03 - P.D. only","07 - SMV other"
"12138","RIDEAU RD btwn SOMME ST & RAMSAYVILLE RD","380179.86980","5019856.47326","-75.53860","45.31461","2017","12/1/2017","7:07:00 AM","04 - Freezing Rain","02 - Wet","10 - No control","01 - Non intersection","03 - Dawn","03 - P.D. only","07 - SMV other"
"12139","RIDEAU ST @ WALLER ST","368283.08235","5032275.92189","-75.68872","45.42754","2017","6/12/2017","1:10:00 PM","01 - Clear","01 - Dry","01 - Traffic signal","03 - At intersection","01 - Daylight","03 - P.D. only","05 - Turning movement"
"12140","RIDEAU ST @ WALLER ST","368282.41345","5032275.25300","-75.68873","45.42753","2017","8/8/2017","10:52:00 AM","01 - Clear","01 - Dry","01 - Traffic signal","02 - Intersection related","01 - Daylight","03 - P.D. only","99 - Other"
"12141","RIDEAU ST @ WALLER ST","368283.08235","5032275.92189","-75.68872","45.42754","2017","11/14/2017","3:10:00 PM","01 - Clear","01 - Dry","01 - Traffic signal","02 - Intersection related","01 - Daylight","03 - P.D. only","04 - Sideswipe"
"12142","RIDEAU ST @ WALLER ST","368283.69465","5032274.34741","-75.68871","45.42752","2017","12/14/2017","9:27:00 AM","01 - Clear","06 - Ice","01 - Traffic signal","03 - At intersection","01 - Daylight","03 - P.D. only","05 - Turning movement"
"12143","RIDEAU ST @ WALLER ST","368284.08569","5032275.25300","-75.68871","45.42753","2017","1/12/2017","5:07:00 PM","02 - Rain","02 - Wet","01 - Traffic signal","03 - At intersection","05 - Dusk","02 - Non-fatal injury","07 - SMV other"
"12144","RIDEAU ST @ WURTEMBURG ST","369356.25047","5032924.82375","-75.67492","45.43328","2017","6/12/2017","3:20:00 PM","01 - Clear","01 - Dry","01 - Traffic signal","02 - Intersection related","01 - Daylight","02 - Non-fatal injury","04 - Sideswipe"
"12145","RIDEAU ST @ WURTEMBURG ST","369357.70954","5032925.58860","-75.67490","45.43328","2017","5/19/2017","2:30:00 PM","01 - Clear","01 - Dry","01 - Traffic signal","02 - Intersection related","01 - Daylight","03 - P.D. only","04 - Sideswipe"
"12146","RIDEAU ST @ WURTEMBURG ST","369356.68383","5032925.16675","-75.67491","45.43328","2017","1/30/2017","9:05:00 AM","01 - Clear","01 - Dry","01 - Traffic signal","02 - Intersection related","01 - Daylight","03 - P.D. only","03 - Rear end"
"12147","RIDEAU ST @ WURTEMBURG ST","369358.12632","5032926.29866","-75.67490","45.43329","2017","12/29/2017","11:38:00 AM","01 - Clear","04 - Slush","01 - Traffic signal","02 - Intersection related","01 - Daylight","03 - P.D. only","04 - Sideswipe"
"12148","RIDEAU ST btwn AUGUSTA ST & COBOURG ST","369023.84579","5032723.27857","-75.67919","45.43149","2017","6/4/2017","2:32:00 PM","01 - Clear","01 - Dry","10 - No control","01 - Non intersection","01 - Daylight","02 - Non-fatal injury","03 - Rear end"
"12149","RIDEAU ST btwn AUGUSTA ST & COBOURG ST","369055.68308","5032742.88193","-75.67879","45.43167","2017","7/3/2017","8:50:00 PM","01 - Clear","01 - Dry","10 - No control","04 - At/near private drive","05 - Dusk","03 - P.D. only","05 - Turning movement"
"12150","RIDEAU ST btwn AUGUSTA ST & COBOURG ST","369126.74909","5032786.06114","-75.67787","45.43205","2017","8/26/2017","3:03:00 AM","01 - Clear","01 - Dry","10 - No control","01 - Non intersection","07 - Dark","03 - P.D. only","05 - Turning movement"
"12151","RIDEAU ST btwn CUMBERLAND ST & KING EDWARD AVE","368441.07542","5032369.97227","-75.68669","45.42837","2017","6/20/2017","10:41:00 PM","01 - Clear","01 - Dry","10 - No control","01 - Non intersection","07 - Dark","02 - Non-fatal injury","07 - SMV other"
"12152","RIDEAU ST btwn CUMBERLAND ST & KING EDWARD AVE","368467.47643","5032387.30715","-75.68635","45.42852","2017","8/10/2017","10:22:00 AM","01 - Clear","01 - Dry","10 - No control","01 - Non intersection","01 - Daylight","02 - Non-fatal injury","07 - SMV other"
"12153","RIDEAU ST btwn CUMBERLAND ST & KING EDWARD AVE","368448.75593","5032374.49022","-75.68659","45.42841","2017","11/13/2017","12:33:00 PM","01 - Clear","01 - Dry","10 - No control","04 - At/near private drive","01 - Daylight","03 - P.D. only","05 - Turning movement"
"12154","RIDEAU ST btwn CUMBERLAND ST & KING EDWARD AVE","368398.92572","5032344.02082","-75.68723","45.42814","2017","12/2/2017","6:27:00 PM","01 - Clear","01 - Dry","10 - No control","01 - Non intersection","07 - Dark","03 - P.D. only","04 - Sideswipe"
"12155","RIDEAU ST btwn CUMBERLAND ST & KING EDWARD AVE","368472.39590","5032391.22345","-75.68628","45.42856","2017","11/23/2017","4:03:00 PM","01 - Clear","01 - Dry","10 - No control","04 - At/near private drive","01 - Daylight","03 - P.D. only","05 - Turning movement"