"Record","Location","X","Y","Longitude","Latitude","Year","Date","Time","Environment","Road_Surface","Traffic_Control","Collision_Location","Light","Collision_Classification","Impact_type"
"12156","RIDEAU ST btwn CUMBERLAND ST & KING EDWARD AVE","368393.81927","5032341.80204","-75.68730","45.42812","2017","2/8/2017","6:30:00 AM","04 - Freezing Rain","03 - Loose snow","10 - No control","04 - At/near private drive","03 - Dawn","03 - P.D. only","05 - Turning movement"
"12157","RIDEAU ST btwn CUMBERLAND ST & KING EDWARD AVE","368484.46277","5032396.40937","-75.68613","45.42860","2017","3/10/2017","8:16:00 PM","01 - Clear","01 - Dry","10 - No control","01 - Non intersection","07 - Dark","03 - P.D. only","04 - Sideswipe"
"12158","RIDEAU ST btwn FRIEL ST & CHAPEL ST","368788.09036","5032579.27995","-75.68223","45.43022","2017","12/12/2017","7:23:00 AM","03 - Snow","03 - Loose snow","10 - No control","01 - Non intersection","03 - Dawn","02 - Non-fatal injury","07 - SMV other"
"12159","RIDEAU ST btwn KING EDWARD AVE & NELSON ST","368562.19404","5032444.18221","-75.68513","45.42902","2017","6/3/2017","2:30:00 PM","01 - Clear","01 - Dry","10 - No control","04 - At/near private drive","01 - Daylight","03 - P.D. only","02 - Angle"
"12160","RIDEAU ST btwn KING EDWARD AVE & NELSON ST","368543.75848","5032432.17894","-75.68537","45.42892","2017","7/18/2017","9:30:00 PM","01 - Clear","01 - Dry","10 - No control","01 - Non intersection","07 - Dark","02 - Non-fatal injury","07 - SMV other"
"12161","RIDEAU ST btwn NELSON ST & FRIEL ST","368738.24959","5032550.99051","-75.68287","45.42997","2017","9/14/2017","2:45:00 PM","01 - Clear","01 - Dry","10 - No control","04 - At/near private drive","01 - Daylight","02 - Non-fatal injury","07 - SMV other"
"12162","RIDEAU ST btwn NELSON ST & FRIEL ST","368665.18228","5032506.28828","-75.68381","45.42957","2017","1/9/2017","2:29:00 PM","01 - Clear","01 - Dry","10 - No control","01 - Non intersection","01 - Daylight","03 - P.D. only","06 - SMV unattended vehicle"
"12163","RIDEAU ST btwn SUSSEX DR & 88 W OF WILLIAM ST/FREIMAN MALL","367948.52146","5032061.40826","-75.69302","45.42564","2017","1/3/2017","5:33:00 PM","03 - Snow","04 - Slush","10 - No control","01 - Non intersection","05 - Dusk","03 - P.D. only","01 - Approaching"
"12164","RIDEAU ST btwn WALLER ST & CUMBERLAND ST","368310.03013","5032291.17619","-75.68837","45.42767","2017","10/6/2017","3:50:00 PM","01 - Clear","01 - Dry","10 - No control","04 - At/near private drive","01 - Daylight","03 - P.D. only","02 - Angle"
"12165","RIDEAU ST btwn WELLINGTON ST & MACKENZIE AVE","367817.04494","5031975.40181","-75.69471","45.42487","2017","5/20/2017","1:05:00 PM","01 - Clear","01 - Dry","10 - No control","01 - Non intersection","01 - Daylight","03 - P.D. only","04 - Sideswipe"
"12166","RIDEAU ST btwn WELLINGTON ST & MACKENZIE AVE","367835.18821","5031986.63039","-75.69448","45.42497","2017","2/10/2017","4:15:00 PM","01 - Clear","01 - Dry","10 - No control","01 - Non intersection","01 - Daylight","03 - P.D. only","03 - Rear end"
"12167","RIDEAU ST btwn WILLIAM ST & NICHOLAS ST","368136.86815","5032180.08992","-75.69060","45.42669","2017","7/11/2017","9:29:00 PM","01 - Clear","01 - Dry","10 - No control","04 - At/near private drive","07 - Dark","02 - Non-fatal injury","07 - SMV other"
"12168","RIDEAU ST btwn WURTEMBURG ST & RIDEAU PL","369438.45516","5032967.78478","-75.67386","45.43366","2017","10/2/2017","2:07:00 PM","01 - Clear","01 - Dry","10 - No control","07 - Overpass or bridge","01 - Daylight","03 - P.D. only","07 - SMV other"
"12169","RIDEAU ST btwn WURTEMBURG ST & RIDEAU PL","369444.96528","5032969.86796","-75.67378","45.43367","2017","12/28/2017","11:20:00 PM","03 - Snow","06 - Ice","10 - No control","01 - Non intersection","07 - Dark","02 - Non-fatal injury","01 - Approaching"
"12170","RIDEAU VALLEY DR    N btwn KELLY MARIE DR & BOUCHER CRES","370635.88121","5008143.46026","-75.66186","45.21018","2017","9/2/2017","9:30:00 PM","01 - Clear","01 - Dry","10 - No control","01 - Non intersection","07 - Dark","03 - P.D. only","07 - SMV other"
"12171","RIDEAU VALLEY DR btwn BARNSDALE RD & BANKFIELD RD","368019.06124","5010532.60923","-75.69487","45.23192","2017","1/3/2017","7:01:00 PM","04 - Freezing Rain","06 - Ice","10 - No control","01 - Non intersection","07 - Dark","03 - P.D. only","01 - Approaching"
"12172","RIDEAU VALLEY DR E @ ROGER STEVENS DR E","372213.10037","5002827.03869","-75.64250","45.16219","2017","12/18/2017","6:24:00 PM","03 - Snow","03 - Loose snow","02 - Stop sign","02 - Intersection related","07 - Dark","03 - P.D. only","03 - Rear end"
"12173","RIDGE RD btwn ANDERSON RD & END","379461.57225","5028530.23113","-75.54645","45.39273","2017","11/13/2017","10:21:00 PM","01 - Clear","01 - Dry","10 - No control","01 - Non intersection","07 - Dark","02 - Non-fatal injury","03 - Rear end"
"12174","RIDGEBROOK DR btwn ERIC CRES & ERIC CRES","374716.70556","5031965.19867","-75.60655","45.42413","2017","1/31/2017","1:11:00 PM","01 - Clear","03 - Loose snow","10 - No control","01 - Non intersection","01 - Daylight","03 - P.D. only","06 - SMV unattended vehicle"
"12175","RIDGEWOOD AVE @ RIVERSIDE DR","368281.70804","5025611.53899","-75.68959","45.36757","2017","6/27/2017","7:31:00 PM","01 - Clear","01 - Dry","01 - Traffic signal","02 - Intersection related","01 - Daylight","03 - P.D. only","03 - Rear end"
"12176","RIDGEWOOD AVE @ RIVERSIDE DR","368281.31353","5025609.22789","-75.68960","45.36755","2017","7/15/2017","2:55:00 PM","01 - Clear","01 - Dry","01 - Traffic signal","02 - Intersection related","01 - Daylight","03 - P.D. only","03 - Rear end"
"12177","RIDGEWOOD AVE @ RIVERSIDE DR","368281.03915","5025608.19451","-75.68960","45.36754","2017","2/16/2017","2:52:00 PM","01 - Clear","03 - Loose snow","01 - Traffic signal","02 - Intersection related","01 - Daylight","03 - P.D. only","03 - Rear end"
"12178","RIOCAN AVE @ STRANDHERD DR","364173.88104","5014945.24150","-75.74331","45.27196","2017","5/6/2017","2:25:00 PM","02 - Rain","02 - Wet","01 - Traffic signal","02 - Intersection related","01 - Daylight","02 - Non-fatal injury","03 - Rear end"
"12179","RIOCAN AVE @ STRANDHERD DR","364172.54325","5014944.57260","-75.74333","45.27195","2017","5/8/2017","4:27:00 PM","03 - Snow","02 - Wet","01 - Traffic signal","02 - Intersection related","01 - Daylight","03 - P.D. only","03 - Rear end"
"12180","RIOCAN AVE @ STRANDHERD DR","364171.87435","5014945.24150","-75.74333","45.27196","2017","6/3/2017","5:00:00 PM","01 - Clear","01 - Dry","01 - Traffic signal","02 - Intersection related","01 - Daylight","03 - P.D. only","03 - Rear end"
"12181","RIOCAN AVE @ STRANDHERD DR","364172.20880","5014944.89158","-75.74333","45.27195","2017","8/1/2017","9:00:00 AM","01 - Clear","01 - Dry","01 - Traffic signal","03 - At intersection","01 - Daylight","03 - P.D. only","02 - Angle"
"12182","RIOCAN AVE @ STRANDHERD DR","364171.87435","5014945.24150","-75.74333","45.27196","2017","10/29/2017","8:30:00 PM","02 - Rain","02 - Wet","01 - Traffic signal","03 - At intersection","07 - Dark","03 - P.D. only","05 - Turning movement"
"12183","RIOCAN AVE @ STRANDHERD DR","364173.21214","5014943.90370","-75.74332","45.27195","2017","11/23/2017","5:22:00 PM","03 - Snow","03 - Loose snow","01 - Traffic signal","03 - At intersection","07 - Dark","03 - P.D. only","05 - Turning movement"
"12184","RIOCAN AVE @ STRANDHERD DR","364172.54325","5014945.24150","-75.74333","45.27196","2017","11/6/2017","1:30:00 PM","01 - Clear","01 - Dry","01 - Traffic signal","03 - At intersection","01 - Daylight","03 - P.D. only","05 - Turning movement"
"12185","RIOCAN AVE @ STRANDHERD DR","364173.21214","5014945.24150","-75.74332","45.27196","2017","11/6/2017","7:43:00 PM","01 - Clear","01 - Dry","01 - Traffic signal","03 - At intersection","07 - Dark","02 - Non-fatal injury","05 - Turning movement"
"12186","RIOCAN AVE @ STRANDHERD DR","364172.68217","5014945.28266","-75.74332","45.27196","2017","11/6/2017","9:14:00 PM","01 - Clear","01 - Dry","01 - Traffic signal","02 - Intersection related","07 - Dark","03 - P.D. only","03 - Rear end"
"12187","RIOCAN AVE @ STRANDHERD DR","364173.21214","5014945.91039","-75.74332","45.27196","2017","2/19/2017","2:20:00 PM","01 - Clear","01 - Dry","01 - Traffic signal","02 - Intersection related","01 - Daylight","03 - P.D. only","03 - Rear end"
"12188","RIOCAN AVE @ STRANDHERD DR","364173.21214","5014944.57260","-75.74332","45.27195","2017","4/6/2017","5:28:00 PM","02 - Rain","02 - Wet","01 - Traffic signal","02 - Intersection related","01 - Daylight","03 - P.D. only","03 - Rear end"
"12189","RIOCAN AVE @ STRANDHERD DR","364173.21214","5014944.57260","-75.74332","45.27195","2017","3/12/2017","1:14:00 PM","01 - Clear","01 - Dry","01 - Traffic signal","02 - Intersection related","01 - Daylight","03 - P.D. only","04 - Sideswipe"
"12190","RIOCAN AVE btwn MARKETPLACE AVE & END","364332.00418","5014677.05841","-75.74133","45.26953","2017","11/26/2017","11:28:00 AM","01 - Clear","01 - Dry","10 - No control","04 - At/near private drive","01 - Daylight","03 - P.D. only","02 - Angle"
"12191","RIOCAN AVE btwn MARKETPLACE AVE & END","364375.47889","5014606.32375","-75.74078","45.26889","2017","3/1/2017","1:27:00 PM","01 - Clear","01 - Dry","10 - No control","04 - At/near private drive","01 - Daylight","03 - P.D. only","01 - Approaching"
"12192","RIOCAN AVE btwn STRANDHERD DR & MARKETPLACE AVE","364244.88015","5014831.20500","-75.74242","45.27093","2017","9/21/2017","2:36:00 PM","01 - Clear","01 - Dry","10 - No control","01 - Non intersection","01 - Daylight","03 - P.D. only","03 - Rear end"
"12193","RITA AVE @ MERIVALE RD","364614.66980","5024295.99632","-75.73656","45.35606","2017","11/20/2017","12:50:00 PM","01 - Clear","02 - Wet","02 - Stop sign","02 - Intersection related","01 - Daylight","03 - P.D. only","03 - Rear end"
"12194","RIVER MIST RD btwn BRAMBLING WAY & RIVER ROCK AVE","364432.21400","5012488.31611","-75.74031","45.24983","2017","7/14/2017","7:51:00 PM","01 - Clear","02 - Wet","10 - No control","01 - Non intersection","01 - Daylight","03 - P.D. only","06 - SMV unattended vehicle"
"12195","RIVER MIST RD btwn DAMSELFLY WAY & DES SOLDATS-RIENDEAU ST","364911.71000","5011575.09500","-75.73431","45.24157","2017","12/20/2017","8:41:00 PM","03 - Snow","04 - Slush","10 - No control","04 - At/near private drive","07 - Dark","03 - P.D. only","02 - Angle"
"12196","RIVER RD @ RIDEAU RD","368048.29336","5012366.45727","-75.69426","45.24842","2017","9/18/2017","7:00:00 PM","01 - Clear","01 - Dry","02 - Stop sign","02 - Intersection related","05 - Dusk","02 - Non-fatal injury","05 - Turning movement"
"12197","RIVER RD @ RIVERSEDGE CRES","368003.70900","5015872.07500","-75.69439","45.27996","2017","11/26/2017","6:41:00 PM","05 - Drifting Snow","03 - Loose snow","02 - Stop sign","02 - Intersection related","07 - Dark","03 - P.D. only","07 - SMV other"
"12198","RIVER RD @ ROYAL PALM CRES S","370334.36674","5009452.18706","-75.66553","45.22198","2017","11/9/2017","3:00:00 PM","01 - Clear","01 - Dry","10 - No control","02 - Intersection related","01 - Daylight","03 - P.D. only","05 - Turning movement"
"12199","RIVER RD @ RYEBURN DR","368049.70230","5016306.62743","-75.69374","45.28387","2017","12/13/2017","10:02:00 AM","03 - Snow","06 - Ice","02 - Stop sign","02 - Intersection related","01 - Daylight","03 - P.D. only","01 - Approaching"
"12200","RIVER RD @ SOUTH GOWER BOUNDARY RD","374599.56752","4996515.72943","-75.61303","45.10517","2017","11/27/2017","6:57:00 AM","01 - Clear","01 - Dry","02 - Stop sign","03 - At intersection","03 - Dawn","03 - P.D. only","02 - Angle"
"12201","RIVER RD @ TEWSLEY","367969.14110","5015644.81338","-75.69486","45.27792","2017","10/31/2017","8:46:00 AM","01 - Clear","01 - Dry","01 - Traffic signal","02 - Intersection related","01 - Daylight","02 - Non-fatal injury","03 - Rear end"
"12202","RIVER RD @ TEWSLEY","367968.59465","5015645.95180","-75.69486","45.27793","2017","2/2/2017","9:15:00 AM","01 - Clear","01 - Dry","01 - Traffic signal","02 - Intersection related","01 - Daylight","03 - P.D. only","03 - Rear end"
"12203","RIVER RD btwn 175 N OF EARL ARMSTRONG/LOBLAWS SC & 700 N OF EARL ARMST","367652.56136","5014870.80392","-75.69899","45.27099","2017","8/24/2017","5:47:00 PM","01 - Clear","01 - Dry","10 - No control","01 - Non intersection","01 - Daylight","02 - Non-fatal injury","03 - Rear end"
"12204","RIVER RD btwn CABIN RD & LORNE BRIDGE RD","372886.69810","5001645.86482","-75.63410","45.15150","2017","7/24/2017","10:14:00 PM","02 - Rain","02 - Wet","10 - No control","04 - At/near private drive","07 - Dark","02 - Non-fatal injury","05 - Turning movement"
"12205","RIVER RD btwn CABIN RD & OSGOODE MAIN ST","372994.55011","4999977.31730","-75.63295","45.13648","2017","11/6/2017","7:29:00 AM","01 - Clear","01 - Dry","10 - No control","01 - Non intersection","01 - Daylight","03 - P.D. only","07 - SMV other"
"12206","RIVER RD btwn EARL ARMSTRONG RD & 175 N OF EARL ARMSTRONG/LOBLAWS SC","367611.68882","5014778.61725","-75.69952","45.27016","2017","11/8/2017","5:59:00 PM","01 - Clear","01 - Dry","10 - No control","01 - Non intersection","07 - Dark","03 - P.D. only","03 - Rear end"
"12207","RIVER RD btwn EARL ARMSTRONG RD & NICOLLS ISLAND RD","367570.23002","5014676.83677","-75.70006","45.26925","2017","12/29/2017","11:58:00 PM","01 - Clear","06 - Ice","10 - No control","01 - Non intersection","07 - Dark","03 - P.D. only","07 - SMV other"
"12208","RIVER RD btwn EDGEWATER DR & WOODEDEN DR","373373.75130","5005189.64658","-75.62742","45.18334","2017","5/17/2017","3:21:00 PM","01 - Clear","01 - Dry","10 - No control","01 - Non intersection","01 - Daylight","02 - Non-fatal injury","01 - Approaching"
"12209","RIVER RD btwn HONEY GABLES DR & RYEBURN DR","368031.42508","5016182.25012","-75.69399","45.28275","2017","11/29/2017","4:51:00 PM","01 - Clear","01 - Dry","10 - No control","01 - Non intersection","05 - Dusk","03 - P.D. only","03 - Rear end"
"12210","RIVER RD btwn JARVIS DR & LEWER ST","368245.36778","5020288.19827","-75.69074","45.31968","2017","5/8/2017","4:35:00 PM","01 - Clear","01 - Dry","10 - No control","01 - Non intersection","01 - Daylight","03 - P.D. only","01 - Approaching"
"12211","RIVER RD btwn KILBY LANE & WATERFRONT CRT","371876.57981","5007913.68636","-75.64610","45.20800","2017","3/14/2017","4:45:00 PM","05 - Drifting Snow","03 - Loose snow","10 - No control","01 - Non intersection","01 - Daylight","03 - P.D. only","07 - SMV other"
"12212","RIVER RD btwn LOWEN DR & BALMORAL DR","367924.04375","5017676.63531","-75.69517","45.29621","2017","12/12/2017","9:07:00 PM","03 - Snow","03 - Loose snow","10 - No control","01 - Non intersection","07 - Dark","03 - P.D. only","07 - SMV other"
"12213","RIVER RD btwn LOWEN DR & MULLIGAN ST","367931.30767","5017567.20224","-75.69509","45.29522","2017","1/18/2017","10:30:00 AM","02 - Rain","04 - Slush","10 - No control","04 - At/near private drive","01 - Daylight","03 - P.D. only","07 - SMV other"
"12214","RIVER RD btwn MULLIGAN ST & LEITRIM RD","368011.78844","5017257.21466","-75.69411","45.29243","2017","8/4/2017","9:02:00 AM","01 - Clear","01 - Dry","10 - No control","01 - Non intersection","01 - Daylight","03 - P.D. only","03 - Rear end"
"12215","RIVER RD btwn NICOLLS ISLAND RD & RIDEAU RD","368017.68162","5012404.23283","-75.69465","45.24876","2017","5/21/2017","3:19:00 AM","01 - Clear","01 - Dry","10 - No control","01 - Non intersection","07 - Dark","03 - P.D. only","07 - SMV other"
"12216","RIVER RD btwn OLD MILL WAY & BRIDGE ST","369466.14698","5010786.58891","-75.67641","45.23407","2017","2/15/2017","5:19:00 PM","03 - Snow","03 - Loose snow","10 - No control","04 - At/near private drive","07 - Dark","03 - P.D. only","02 - Angle"
"12217","RIVER RD btwn OLD MILL WAY & BRIDGE ST","369426.37785","5010806.71859","-75.67691","45.23426","2017","2/22/2017","3:34:00 PM","01 - Clear","01 - Dry","10 - No control","04 - At/near private drive","01 - Daylight","03 - P.D. only","02 - Angle"
"12218","RIVER RD btwn OSGOODE MAIN ST & DALMENY RD","373150.58646","4999212.19754","-75.63107","45.12958","2017","8/22/2017","6:16:00 AM","01 - Clear","01 - Dry","10 - No control","01 - Non intersection","03 - Dawn","02 - Non-fatal injury","01 - Approaching"
"12219","RIVER RD btwn OSGOODE MAIN ST & DALMENY RD","373221.03632","4999145.50769","-75.63019","45.12897","2017","6/27/2017","8:03:00 PM","02 - Rain","02 - Wet","10 - No control","01 - Non intersection","01 - Daylight","03 - P.D. only","07 - SMV other"
"12220","RIVER RD btwn OSGOODE MAIN ST & DALMENY RD","374083.06785","4998066.21758","-75.61938","45.11918","2017","2/14/2017","3:15:00 PM","01 - Clear","01 - Dry","10 - No control","01 - Non intersection","01 - Daylight","03 - P.D. only","07 - SMV other"
"12221","RIVER RD btwn OSGOODE MAIN ST & DALMENY RD","373040.76290","4999545.44252","-75.63242","45.13259","2017","2/1/2017","11:07:00 AM","05 - Drifting Snow","03 - Loose snow","10 - No control","01 - Non intersection","01 - Daylight","02 - Non-fatal injury","07 - SMV other"
"12222","RIVER RD btwn OSGOODE MAIN ST & DALMENY RD","373923.88028","4998531.33426","-75.62134","45.12338","2017","2/16/2017","2:26:00 PM","01 - Clear","02 - Wet","10 - No control","01 - Non intersection","01 - Daylight","03 - P.D. only","07 - SMV other"
"12223","RIVER RD btwn RIDEAU FOREST DR & KILBY LANE","370772.01429","5008845.25279","-75.66004","45.21648","2017","1/21/2017","6:14:00 AM","07 - Fog, mist, smoke, dust","06 - Ice","10 - No control","01 - Non intersection","07 - Dark","02 - Non-fatal injury","07 - SMV other"
"12224","RIVER RD btwn ROGER STEVENS DR & DOYLE RD","373374.29796","5003058.39520","-75.62770","45.16416","2017","6/6/2017","9:45:00 AM","02 - Rain","02 - Wet","10 - No control","01 - Non intersection","01 - Daylight","03 - P.D. only","07 - SMV other"
"12225","RIVER RD btwn ROGER STEVENS DR & DOYLE RD","373413.92624","5003125.87889","-75.62719","45.16477","2017","12/22/2017","11:39:00 PM","01 - Clear","03 - Loose snow","10 - No control","04 - At/near private drive","07 - Dark","03 - P.D. only","06 - SMV unattended vehicle"
"12226","RIVERBANK CRT btwn WINTERGREEN DR & END","350029.66715","5013682.80438","-75.92367","45.26165","2017","5/1/2017","12:00:00 AM","01 - Clear","02 - Wet","10 - No control","01 - Non intersection","00 - Unknown","03 - P.D. only","06 - SMV unattended vehicle"
"12227","RIVERDALE AVE @ BELMONT AVE S","369080.16302","5028562.51143","-75.67902","45.39405","2017","9/23/2017","3:30:00 PM","01 - Clear","01 - Dry","02 - Stop sign","03 - At intersection","01 - Daylight","03 - P.D. only","03 - Rear end"
"12228","RIVERDALE AVE @ SUNNYSIDE AVE","369074.46118","5028787.77552","-75.67906","45.39608","2017","12/18/2017","1:48:00 PM","01 - Clear","04 - Slush","01 - Traffic signal","02 - Intersection related","01 - Daylight","03 - P.D. only","03 - Rear end"
"12229","RIVERDALE AVE btwn ECHO DR & GLENVIEW AVE","369173.45796","5029172.13185","-75.67775","45.39953","2017","6/24/2017","4:26:00 PM","01 - Clear","01 - Dry","10 - No control","04 - At/near private drive","01 - Daylight","03 - P.D. only","05 - Turning movement"
"12230","RIVERGATE WAY @ RIVERSIDE DR","368117.25815","5023240.87446","-75.69200","45.34626","2017","10/13/2017","5:28:00 PM","01 - Clear","01 - Dry","01 - Traffic signal","02 - Intersection related","01 - Daylight","03 - P.D. only","03 - Rear end"
"12231","RIVERGATE WAY @ RIVERSIDE DR","368116.71170","5023242.13857","-75.69200","45.34627","2017","2/9/2017","6:03:00 AM","01 - Clear","01 - Dry","01 - Traffic signal","03 - At intersection","07 - Dark","03 - P.D. only","07 - SMV other"
"12232","RIVERGATE WAY @ RIVERSIDE DR","368115.96123","5023241.38810","-75.69201","45.34626","2017","1/4/2017","3:46:00 PM","03 - Snow","04 - Slush","01 - Traffic signal","03 - At intersection","01 - Daylight","03 - P.D. only","05 - Turning movement"
"12233","RIVERSHORE CRES btwn Continuation of RIVERSHORE CRES & Continuation of","374747.70383","5036264.26022","-75.60555","45.46280","2017","10/11/2017","10:17:00 AM","01 - Clear","01 - Dry","10 - No control","04 - At/near private drive","01 - Daylight","02 - Non-fatal injury","07 - SMV other"
"12234","RIVERSIDE DR @ 175 S OF HUNT CLUB  RD/RUNWAY C","368028.31393","5021766.90318","-75.69332","45.33300","2017","8/17/2017","6:37:00 PM","01 - Clear","01 - Dry","01 - Traffic signal","02 - Intersection related","01 - Daylight","03 - P.D. only","02 - Angle"
"12235","RIVERSIDE DR @ 175 S OF HUNT CLUB  RD/RUNWAY C","368027.98673","5021765.26494","-75.69332","45.33299","2017","1/6/2017","4:03:00 PM","01 - Clear","02 - Wet","01 - Traffic signal","02 - Intersection related","01 - Daylight","03 - P.D. only","02 - Angle"
"12236","RIVERSIDE DR @ 175 S OF HUNT CLUB  RD/RUNWAY C","368028.16555","5021766.30000","-75.69332","45.33300","2017","2/6/2017","7:42:00 AM","01 - Clear","01 - Dry","01 - Traffic signal","02 - Intersection related","01 - Daylight","03 - P.D. only","03 - Rear end"
"12237","RIVERSIDE DR @ 175 S OF HUNT CLUB  RD/RUNWAY C","368026.97149","5021766.30000","-75.69334","45.33300","2017","4/4/2017","9:36:00 PM","02 - Rain","02 - Wet","01 - Traffic signal","03 - At intersection","07 - Dark","02 - Non-fatal injury","02 - Angle"
"12238","RIVERSIDE DR @ BROOKFIELD RD/HOG'S BACK RD","368168.31250","5026223.42376","-75.69096","45.37309","2017","6/23/2017","9:50:00 AM","02 - Rain","02 - Wet","01 - Traffic signal","02 - Intersection related","01 - Daylight","03 - P.D. only","03 - Rear end"
"12239","RIVERSIDE DR @ BROOKFIELD RD/HOG'S BACK RD","368169.38324","5026223.19040","-75.69095","45.37309","2017","6/13/2017","12:16:00 PM","01 - Clear","01 - Dry","01 - Traffic signal","02 - Intersection related","01 - Daylight","03 - P.D. only","03 - Rear end"
"12240","RIVERSIDE DR @ BROOKFIELD RD/HOG'S BACK RD","368168.26865","5026222.70975","-75.69096","45.37308","2017","7/14/2017","12:31:00 PM","01 - Clear","01 - Dry","01 - Traffic signal","02 - Intersection related","01 - Daylight","03 - P.D. only","99 - Other"
"12241","RIVERSIDE DR @ BROOKFIELD RD/HOG'S BACK RD","368168.35203","5026221.88047","-75.69096","45.37307","2017","8/14/2017","9:20:00 AM","01 - Clear","01 - Dry","01 - Traffic signal","03 - At intersection","01 - Daylight","03 - P.D. only","02 - Angle"
"12242","RIVERSIDE DR @ BROOKFIELD RD/HOG'S BACK RD","368166.76425","5026223.23156","-75.69098","45.37309","2017","7/13/2017","8:55:00 AM","01 - Clear","01 - Dry","01 - Traffic signal","02 - Intersection related","01 - Daylight","03 - P.D. only","05 - Turning movement"
"12243","RIVERSIDE DR @ BROOKFIELD RD/HOG'S BACK RD","368166.29088","5026222.75819","-75.69099","45.37308","2017","9/27/2017","2:34:00 PM","02 - Rain","02 - Wet","01 - Traffic signal","02 - Intersection related","01 - Daylight","03 - P.D. only","03 - Rear end"
"12244","RIVERSIDE DR @ BROOKFIELD RD/HOG'S BACK RD","368167.71100","5026221.40418","-75.69097","45.37307","2017","9/18/2017","8:21:00 PM","01 - Clear","01 - Dry","01 - Traffic signal","02 - Intersection related","07 - Dark","02 - Non-fatal injury","03 - Rear end"
"12245","RIVERSIDE DR @ BROOKFIELD RD/HOG'S BACK RD","368168.08838","5026222.45472","-75.69097","45.37308","2017","10/25/2017","8:45:00 AM","01 - Clear","01 - Dry","01 - Traffic signal","02 - Intersection related","01 - Daylight","03 - P.D. only","03 - Rear end"
"12246","RIVERSIDE DR @ BROOKFIELD RD/HOG'S BACK RD","368166.61810","5026220.88216","-75.69098","45.37307","2017","9/23/2017","8:00:00 PM","01 - Clear","01 - Dry","01 - Traffic signal","02 - Intersection related","07 - Dark","03 - P.D. only","04 - Sideswipe"
"12247","RIVERSIDE DR @ BROOKFIELD RD/HOG'S BACK RD","368165.99426","5026220.80476","-75.69099","45.37306","2017","1/16/2017","9:00:00 AM","01 - Clear","01 - Dry","01 - Traffic signal","02 - Intersection related","01 - Daylight","03 - P.D. only","03 - Rear end"
"12248","RIVERSIDE DR @ BROOKFIELD RD/HOG'S BACK RD","368169.78923","5026223.83382","-75.69094","45.37309","2017","2/9/2017","9:52:00 AM","01 - Clear","01 - Dry","01 - Traffic signal","02 - Intersection related","01 - Daylight","03 - P.D. only","03 - Rear end"
"12249","RIVERSIDE DR @ BROOKFIELD RD/HOG'S BACK RD","368169.96241","5026222.89673","-75.69094","45.37308","2017","2/8/2017","1:19:00 PM","04 - Freezing Rain","06 - Ice","01 - Traffic signal","02 - Intersection related","01 - Daylight","03 - P.D. only","03 - Rear end"
"12250","RIVERSIDE DR @ BROOKFIELD RD/HOG'S BACK RD","368168.46147","5026223.64720","-75.69096","45.37309","2017","2/12/2017","8:50:00 PM","03 - Snow","05 - Packed snow","01 - Traffic signal","02 - Intersection related","07 - Dark","03 - P.D. only","03 - Rear end"
"12251","RIVERSIDE DR @ BROOKFIELD RD/HOG'S BACK RD","368168.94880","5026223.15995","-75.69095","45.37309","2017","3/14/2017","5:23:00 PM","03 - Snow","03 - Loose snow","01 - Traffic signal","02 - Intersection related","01 - Daylight","03 - P.D. only","03 - Rear end"
"12252","RIVERSIDE DR @ BROOKFIELD RD/HOG'S BACK RD","368168.71434","5026221.18371","-75.69096","45.37307","2017","3/8/2017","7:01:00 PM","01 - Clear","01 - Dry","01 - Traffic signal","02 - Intersection related","07 - Dark","03 - P.D. only","03 - Rear end"
"12253","RIVERSIDE DR @ BROOKFIELD RD/HOG'S BACK RD","368169.23951","5026224.55951","-75.69095","45.37310","2017","4/10/2017","5:00:00 PM","01 - Clear","01 - Dry","01 - Traffic signal","02 - Intersection related","01 - Daylight","02 - Non-fatal injury","03 - Rear end"
"12254","RIVERSIDE DR @ BROOKFIELD RD/HOG'S BACK RD","368167.37655","5026221.18371","-75.69098","45.37307","2017","12/16/2017","3:32:00 PM","01 - Clear","01 - Dry","01 - Traffic signal","02 - Intersection related","01 - Daylight","03 - P.D. only","04 - Sideswipe"
"12255","RIVERSIDE DR @ HERON RD","368120.77114","5026647.87637","-75.69152","45.37691","2017","4/25/2017","2:17:00 PM","01 - Clear","01 - Dry","01 - Traffic signal","02 - Intersection related","01 - Daylight","03 - P.D. only","04 - Sideswipe"
"12256","RIVERSIDE DR @ HERON RD","368120.77045","5026647.22110","-75.69152","45.37691","2017","6/8/2017","4:58:00 PM","01 - Clear","01 - Dry","01 - Traffic signal","02 - Intersection related","01 - Daylight","03 - P.D. only","03 - Rear end"
"12257","RIVERSIDE DR @ HERON RD","368121.43935","5026649.22779","-75.69151","45.37692","2017","6/8/2017","6:00:00 PM","01 - Clear","01 - Dry","01 - Traffic signal","03 - At intersection","01 - Daylight","03 - P.D. only","03 - Rear end"
"12258","RIVERSIDE DR @ HERON RD","368120.10156","5026647.22110","-75.69152","45.37691","2017","7/6/2017","8:30:00 AM","01 - Clear","01 - Dry","01 - Traffic signal","02 - Intersection related","01 - Daylight","02 - Non-fatal injury","03 - Rear end"
"12259","RIVERSIDE DR @ HERON RD","368120.88292","5026647.44308","-75.69151","45.37691","2017","8/25/2017","4:52:00 PM","01 - Clear","01 - Dry","01 - Traffic signal","02 - Intersection related","01 - Daylight","03 - P.D. only","03 - Rear end"