"Record","Location","X","Y","Longitude","Latitude","Year","Date","Time","Environment","Road_Surface","Traffic_Control","Collision_Location","Light","Collision_Classification","Impact_type"
"12260","RIVERSIDE DR @ HERON RD","368120.55845","5026647.76755","-75.69152","45.37691","2017","10/6/2017","12:07:00 PM","01 - Clear","01 - Dry","01 - Traffic signal","02 - Intersection related","01 - Daylight","03 - P.D. only","03 - Rear end"
"12261","RIVERSIDE DR @ HERON RD","368121.10490","5026646.98441","-75.69151","45.37690","2017","11/6/2017","11:25:00 AM","01 - Clear","01 - Dry","01 - Traffic signal","02 - Intersection related","01 - Daylight","03 - P.D. only","03 - Rear end"
"12262","RIVERSIDE DR @ HERON RD","368121.05512","5026647.36504","-75.69151","45.37691","2017","11/3/2017","7:13:00 PM","01 - Clear","01 - Dry","01 - Traffic signal","02 - Intersection related","07 - Dark","03 - P.D. only","03 - Rear end"
"12263","RIVERSIDE DR @ HERON RD","368121.83837","5026645.71806","-75.69150","45.37689","2017","4/7/2017","1:48:00 PM","01 - Clear","02 - Wet","01 - Traffic signal","03 - At intersection","01 - Daylight","02 - Non-fatal injury","05 - Turning movement"
"12264","RIVERSIDE DR @ HERON RD","368121.85537","5026646.84587","-75.69150","45.37690","2017","3/24/2017","8:07:00 AM","03 - Snow","03 - Loose snow","01 - Traffic signal","02 - Intersection related","01 - Daylight","03 - P.D. only","03 - Rear end"
"12265","RIVERSIDE DR @ HERON RD","368119.43266","5026647.22110","-75.69153","45.37691","2017","2/24/2017","8:13:00 PM","01 - Clear","02 - Wet","01 - Traffic signal","03 - At intersection","07 - Dark","03 - P.D. only","05 - Turning movement"
"12266","RIVERSIDE DR @ PLEASANT PARK RD","369560.16678","5028414.30099","-75.67291","45.39267","2017","11/2/2017","3:21:00 PM","02 - Rain","02 - Wet","01 - Traffic signal","02 - Intersection related","01 - Daylight","02 - Non-fatal injury","07 - SMV other"
"12267","RIVERSIDE DR @ PLEASANT PARK RD","369561.68421","5028415.38938","-75.67289","45.39268","2017","12/11/2017","5:08:00 PM","03 - Snow","03 - Loose snow","01 - Traffic signal","02 - Intersection related","07 - Dark","03 - P.D. only","03 - Rear end"
"12268","RIVERSIDE DR @ QUESNEL DR","368062.11192","5024098.66927","-75.69259","45.35398","2017","12/22/2017","1:26:00 PM","03 - Snow","03 - Loose snow","02 - Stop sign","02 - Intersection related","01 - Daylight","03 - P.D. only","07 - SMV other"
"12269","RIVERSIDE DR @ SAN REMO PRIV","370385.86375","5030402.15982","-75.66210","45.41048","2017","7/28/2017","12:04:00 PM","01 - Clear","01 - Dry","01 - Traffic signal","03 - At intersection","01 - Daylight","02 - Non-fatal injury","04 - Sideswipe"
"12270","RIVERSIDE DR @ SAN REMO PRIV","370386.27415","5030402.19500","-75.66209","45.41048","2017","9/5/2017","3:57:00 PM","01 - Clear","01 - Dry","01 - Traffic signal","03 - At intersection","01 - Daylight","02 - Non-fatal injury","05 - Turning movement"
"12271","RIVERSIDE DR @ SAN REMO PRIV","370385.86375","5030402.20944","-75.66210","45.41048","2017","3/24/2017","9:15:00 PM","03 - Snow","03 - Loose snow","01 - Traffic signal","03 - At intersection","07 - Dark","03 - P.D. only","07 - SMV other"
"12272","RIVERSIDE DR @ SAN REMO PRIV","370385.92062","5030402.18119","-75.66210","45.41048","2017","12/23/2017","6:31:00 PM","03 - Snow","03 - Loose snow","01 - Traffic signal","02 - Intersection related","07 - Dark","03 - P.D. only","03 - Rear end"
"12273","RIVERSIDE DR @ SMYTH RD NORTH SIDE RAMP","369937.90045","5029316.07600","-75.66796","45.40075","2017","5/23/2017","2:02:00 PM","01 - Clear","01 - Dry","01 - Traffic signal","02 - Intersection related","01 - Daylight","02 - Non-fatal injury","03 - Rear end"
"12274","RIVERSIDE DR @ SMYTH RD NORTH SIDE RAMP","369937.54533","5029316.39167","-75.66797","45.40076","2017","8/2/2017","9:21:00 PM","01 - Clear","01 - Dry","01 - Traffic signal","02 - Intersection related","07 - Dark","03 - P.D. only","04 - Sideswipe"
"12275","RIVERSIDE DR @ SMYTH RD NORTH SIDE RAMP","369939.23824","5029316.74490","-75.66795","45.40076","2017","3/24/2017","7:53:00 AM","03 - Snow","04 - Slush","01 - Traffic signal","03 - At intersection","01 - Daylight","03 - P.D. only","05 - Turning movement"
"12276","RIVERSIDE DR @ SMYTH RD NORTH SIDE RAMP","369938.56934","5029318.08269","-75.66796","45.40077","2017","3/6/2017","8:52:00 AM","01 - Clear","02 - Wet","01 - Traffic signal","02 - Intersection related","01 - Daylight","03 - P.D. only","04 - Sideswipe"
"12277","RIVERSIDE DR @ SMYTH RD NORTH SIDE RAMP","369937.48082","5029315.97980","-75.66797","45.40075","2017","12/24/2017","2:00:00 PM","01 - Clear","01 - Dry","01 - Traffic signal","02 - Intersection related","01 - Daylight","03 - P.D. only","04 - Sideswipe"
"12278","RIVERSIDE DR @ SMYTH RD SOUTH SIDE RAMP","369787.44156","5028997.97590","-75.66993","45.39790","2017","5/17/2017","11:01:00 AM","01 - Clear","01 - Dry","01 - Traffic signal","02 - Intersection related","01 - Daylight","03 - P.D. only","03 - Rear end"
"12279","RIVERSIDE DR @ SMYTH RD SOUTH SIDE RAMP","369788.11045","5028997.97590","-75.66992","45.39790","2017","5/30/2017","2:01:00 PM","01 - Clear","01 - Dry","01 - Traffic signal","03 - At intersection","01 - Daylight","03 - P.D. only","05 - Turning movement"
"12280","RIVERSIDE DR @ SMYTH RD SOUTH SIDE RAMP","369789.97341","5028998.99490","-75.66990","45.39791","2017","6/28/2017","8:50:00 AM","01 - Clear","01 - Dry","01 - Traffic signal","02 - Intersection related","01 - Daylight","03 - P.D. only","03 - Rear end"
"12281","RIVERSIDE DR @ SMYTH RD SOUTH SIDE RAMP","369789.44824","5028997.30700","-75.66990","45.39790","2017","8/31/2017","7:51:00 PM","01 - Clear","01 - Dry","01 - Traffic signal","03 - At intersection","05 - Dusk","02 - Non-fatal injury","05 - Turning movement"
"12282","RIVERSIDE DR @ SMYTH RD SOUTH SIDE RAMP","369788.21445","5028998.40087","-75.66992","45.39791","2017","10/29/2017","12:55:00 AM","02 - Rain","02 - Wet","01 - Traffic signal","03 - At intersection","07 - Dark","03 - P.D. only","02 - Angle"
"12283","RIVERSIDE DR @ SMYTH RD SOUTH SIDE RAMP","369788.93212","5028998.71211","-75.66991","45.39791","2017","10/5/2017","4:00:00 PM","01 - Clear","01 - Dry","01 - Traffic signal","02 - Intersection related","01 - Daylight","03 - P.D. only","03 - Rear end"
"12284","RIVERSIDE DR @ SMYTH RD SOUTH SIDE RAMP","369789.06343","5028998.24651","-75.66991","45.39791","2017","11/26/2017","6:49:00 PM","03 - Snow","06 - Ice","01 - Traffic signal","03 - At intersection","07 - Dark","03 - P.D. only","02 - Angle"
"12285","RIVERSIDE DR @ SMYTH RD SOUTH SIDE RAMP","369789.05391","5028997.32689","-75.66991","45.39790","2017","12/9/2017","9:54:00 PM","03 - Snow","06 - Ice","01 - Traffic signal","02 - Intersection related","07 - Dark","03 - P.D. only","03 - Rear end"
"12286","RIVERSIDE DR @ SMYTH RD SOUTH SIDE RAMP","369790.16164","5028999.69264","-75.66989","45.39792","2017","1/11/2017","10:28:00 AM","01 - Clear","04 - Slush","01 - Traffic signal","02 - Intersection related","01 - Daylight","03 - P.D. only","03 - Rear end"
"12287","RIVERSIDE DR @ SMYTH RD SOUTH SIDE RAMP","369788.11045","5028998.64480","-75.66992","45.39791","2017","2/1/2017","6:38:00 AM","03 - Snow","03 - Loose snow","01 - Traffic signal","02 - Intersection related","03 - Dawn","03 - P.D. only","07 - SMV other"
"12288","RIVERSIDE DR @ SMYTH RD SOUTH SIDE RAMP","369787.35200","5028997.97590","-75.66993","45.39790","2017","1/30/2017","1:02:00 PM","01 - Clear","01 - Dry","01 - Traffic signal","02 - Intersection related","01 - Daylight","02 - Non-fatal injury","03 - Rear end"
"12289","RIVERSIDE DR @ SMYTH RD SOUTH SIDE RAMP","369787.89845","5028999.06880","-75.66992","45.39791","2017","1/31/2017","8:12:00 AM","01 - Clear","01 - Dry","01 - Traffic signal","02 - Intersection related","01 - Daylight","03 - P.D. only","03 - Rear end"
"12290","RIVERSIDE DR @ SMYTH RD SOUTH SIDE RAMP","369787.44156","5028999.31369","-75.66993","45.39792","2017","3/24/2017","8:40:00 AM","03 - Snow","03 - Loose snow","01 - Traffic signal","03 - At intersection","01 - Daylight","03 - P.D. only","05 - Turning movement"
"12291","RIVERSIDE DR @ SMYTH RD SOUTH SIDE RAMP","369789.53680","5028998.71988","-75.66990","45.39791","2017","12/28/2017","9:13:00 AM","01 - Clear","01 - Dry","01 - Traffic signal","03 - At intersection","01 - Daylight","02 - Non-fatal injury","03 - Rear end"
"12292","RIVERSIDE DR @ SMYTH RD SOUTH SIDE RAMP","369789.07474","5028998.99305","-75.66991","45.39791","2017","12/21/2017","11:48:00 AM","01 - Clear","01 - Dry","01 - Traffic signal","03 - At intersection","01 - Daylight","03 - P.D. only","05 - Turning movement"
"12293","RIVERSIDE DR @ TREMBLAY RD/HWY417 IC117 RAMP52","370801.60291","5031015.52066","-75.65671","45.41596","2017","7/18/2017","2:30:00 PM","01 - Clear","01 - Dry","01 - Traffic signal","02 - Intersection related","01 - Daylight","03 - P.D. only","03 - Rear end"
"12294","RIVERSIDE DR @ TREMBLAY RD/HWY417 IC117 RAMP52","370801.62714","5031016.13338","-75.65671","45.41597","2017","5/14/2017","12:20:00 PM","01 - Clear","01 - Dry","01 - Traffic signal","02 - Intersection related","01 - Daylight","02 - Non-fatal injury","03 - Rear end"
"12295","RIVERSIDE DR @ TREMBLAY RD/HWY417 IC117 RAMP52","370801.74365","5031015.90790","-75.65670","45.41597","2017","5/29/2017","2:45:00 PM","02 - Rain","02 - Wet","01 - Traffic signal","02 - Intersection related","01 - Daylight","03 - P.D. only","03 - Rear end"
"12296","RIVERSIDE DR @ TREMBLAY RD/HWY417 IC117 RAMP52","370803.08144","5031015.90790","-75.65669","45.41597","2017","5/5/2017","12:22:00 PM","02 - Rain","02 - Wet","01 - Traffic signal","03 - At intersection","01 - Daylight","03 - P.D. only","02 - Angle"
"12297","RIVERSIDE DR @ TREMBLAY RD/HWY417 IC117 RAMP52","370801.74365","5031015.23900","-75.65670","45.41596","2017","6/26/2017","8:09:00 AM","01 - Clear","01 - Dry","01 - Traffic signal","02 - Intersection related","01 - Daylight","03 - P.D. only","03 - Rear end"
"12298","RIVERSIDE DR @ TREMBLAY RD/HWY417 IC117 RAMP52","370802.92144","5031015.44321","-75.65669","45.41596","2017","6/10/2017","1:40:00 PM","01 - Clear","01 - Dry","01 - Traffic signal","03 - At intersection","01 - Daylight","03 - P.D. only","03 - Rear end"
"12299","RIVERSIDE DR @ TREMBLAY RD/HWY417 IC117 RAMP52","370802.74403","5031016.12988","-75.65669","45.41597","2017","9/1/2017","9:30:00 AM","01 - Clear","01 - Dry","01 - Traffic signal","02 - Intersection related","01 - Daylight","03 - P.D. only","03 - Rear end"
"12300","RIVERSIDE DR @ TREMBLAY RD/HWY417 IC117 RAMP52","370802.50960","5031015.69215","-75.65669","45.41596","2017","8/18/2017","2:49:00 PM","02 - Rain","02 - Wet","01 - Traffic signal","03 - At intersection","01 - Daylight","03 - P.D. only","03 - Rear end"
"12301","RIVERSIDE DR @ TREMBLAY RD/HWY417 IC117 RAMP52","370801.53165","5031014.81500","-75.65671","45.41596","2017","9/29/2017","8:32:00 PM","01 - Clear","01 - Dry","01 - Traffic signal","03 - At intersection","07 - Dark","03 - P.D. only","02 - Angle"
"12302","RIVERSIDE DR @ TREMBLAY RD/HWY417 IC117 RAMP52","370802.07810","5031015.67121","-75.65670","45.41596","2017","9/28/2017","2:40:00 PM","01 - Clear","08 - Loose sand or gravel","01 - Traffic signal","02 - Intersection related","01 - Daylight","03 - P.D. only","03 - Rear end"
"12303","RIVERSIDE DR @ TREMBLAY RD/HWY417 IC117 RAMP52","370801.60473","5031015.67121","-75.65671","45.41596","2017","10/25/2017","12:58:00 PM","01 - Clear","01 - Dry","01 - Traffic signal","02 - Intersection related","01 - Daylight","03 - P.D. only","03 - Rear end"
"12304","RIVERSIDE DR @ TREMBLAY RD/HWY417 IC117 RAMP52","370802.07810","5031016.61796","-75.65670","45.41597","2017","9/23/2017","2:36:00 PM","01 - Clear","01 - Dry","01 - Traffic signal","02 - Intersection related","01 - Daylight","03 - P.D. only","03 - Rear end"
"12305","RIVERSIDE DR @ TREMBLAY RD/HWY417 IC117 RAMP52","370801.74365","5031017.24569","-75.65670","45.41598","2017","11/20/2017","5:18:00 PM","01 - Clear","01 - Dry","01 - Traffic signal","02 - Intersection related","07 - Dark","03 - P.D. only","03 - Rear end"
"12306","RIVERSIDE DR @ TREMBLAY RD/HWY417 IC117 RAMP52","370802.07809","5031015.90765","-75.65670","45.41597","2017","12/7/2017","3:10:00 PM","01 - Clear","01 - Dry","01 - Traffic signal","03 - At intersection","01 - Daylight","03 - P.D. only","02 - Angle"
"12307","RIVERSIDE DR @ TREMBLAY RD/HWY417 IC117 RAMP52","370801.07476","5031016.57680","-75.65671","45.41597","2017","11/15/2017","11:31:00 AM","01 - Clear","01 - Dry","01 - Traffic signal","02 - Intersection related","01 - Daylight","02 - Non-fatal injury","03 - Rear end"
"12308","RIVERSIDE DR @ TREMBLAY RD/HWY417 IC117 RAMP52","370801.74365","5031014.57011","-75.65670","45.41595","2017","11/17/2017","3:53:00 PM","01 - Clear","01 - Dry","01 - Traffic signal","02 - Intersection related","01 - Daylight","02 - Non-fatal injury","03 - Rear end"
"12309","RIVERSIDE DR @ TREMBLAY RD/HWY417 IC117 RAMP52","370801.62714","5031014.78050","-75.65671","45.41596","2017","12/12/2017","9:11:00 AM","05 - Drifting Snow","03 - Loose snow","01 - Traffic signal","03 - At intersection","01 - Daylight","03 - P.D. only","02 - Angle"
"12310","RIVERSIDE DR @ TREMBLAY RD/HWY417 IC117 RAMP52","370801.53101","5031016.17263","-75.65671","45.41597","2017","1/17/2017","12:05:00 PM","01 - Clear","01 - Dry","01 - Traffic signal","02 - Intersection related","01 - Daylight","03 - P.D. only","03 - Rear end"
"12311","RIVERSIDE DR @ TREMBLAY RD/HWY417 IC117 RAMP52","370803.23391","5031014.88457","-75.65668","45.41596","2017","2/8/2017","12:36:00 PM","01 - Clear","02 - Wet","01 - Traffic signal","02 - Intersection related","01 - Daylight","03 - P.D. only","04 - Sideswipe"
"12312","RIVERSIDE DR @ TREMBLAY RD/HWY417 IC117 RAMP52","370801.07476","5031016.57680","-75.65671","45.41597","2017","4/9/2017","10:42:00 AM","01 - Clear","01 - Dry","01 - Traffic signal","02 - Intersection related","01 - Daylight","03 - P.D. only","03 - Rear end"
"12313","RIVERSIDE DR @ TREMBLAY RD/HWY417 IC117 RAMP52","370801.74365","5031015.90790","-75.65670","45.41597","2017","3/10/2017","2:03:00 PM","01 - Clear","01 - Dry","01 - Traffic signal","02 - Intersection related","01 - Daylight","03 - P.D. only","03 - Rear end"
"12314","RIVERSIDE DR @ TREMBLAY RD/HWY417 IC117 RAMP52","370800.40586","5031017.24569","-75.65672","45.41598","2017","3/24/2017","9:41:00 AM","03 - Snow","03 - Loose snow","01 - Traffic signal","02 - Intersection related","01 - Daylight","03 - P.D. only","03 - Rear end"
"12315","RIVERSIDE DR @ TREMBLAY RD/HWY417 IC117 RAMP52","370803.08144","5031016.57680","-75.65669","45.41597","2017","4/11/2017","3:18:00 PM","01 - Clear","01 - Dry","01 - Traffic signal","02 - Intersection related","01 - Daylight","03 - P.D. only","04 - Sideswipe"
"12316","RIVERSIDE DR @ TREMBLAY RD/HWY417 IC117 RAMP52","370803.02942","5031017.25740","-75.65669","45.41598","2017","4/18/2017","7:45:00 AM","01 - Clear","01 - Dry","01 - Traffic signal","02 - Intersection related","01 - Daylight","02 - Non-fatal injury","03 - Rear end"
"12317","RIVERSIDE DR @ TREMBLAY RD/HWY417 IC117 RAMP52","370802.82857","5031015.53267","-75.65669","45.41596","2017","3/28/2017","4:30:00 PM","01 - Clear","01 - Dry","01 - Traffic signal","02 - Intersection related","01 - Daylight","02 - Non-fatal injury","03 - Rear end"
"12318","RIVERSIDE DR @ TREMBLAY RD/HWY417 IC117 RAMP52","370802.07881","5031014.29890","-75.65670","45.41595","2017","12/27/2017","7:14:00 PM","01 - Clear","02 - Wet","01 - Traffic signal","02 - Intersection related","07 - Dark","03 - P.D. only","04 - Sideswipe"
"12319","RIVERSIDE DR @ TREMBLAY RD/HWY417 IC117 RAMP52","370802.07817","5031015.90781","-75.65670","45.41597","2017","12/29/2017","1:20:00 PM","01 - Clear","02 - Wet","01 - Traffic signal","02 - Intersection related","01 - Daylight","03 - P.D. only","03 - Rear end"
"12320","RIVERSIDE DR @ TREMBLAY RD/HWY417 IC117 RAMP52","370801.23380","5031014.92779","-75.65671","45.41596","2017","12/26/2017","10:41:00 PM","01 - Clear","01 - Dry","01 - Traffic signal","02 - Intersection related","07 - Dark","03 - P.D. only","03 - Rear end"
"12321","RIVERSIDE DR @ TREMBLAY RD/HWY417 IC117 RAMP52","370801.60473","5031015.67121","-75.65671","45.41596","2017","12/21/2017","3:10:00 PM","01 - Clear","01 - Dry","01 - Traffic signal","02 - Intersection related","01 - Daylight","03 - P.D. only","03 - Rear end"
"12322","RIVERSIDE DR @ UPLANDS DR/KIMBERWICK CRES N","368195.71934","5022794.83819","-75.69105","45.34224","2017","6/13/2017","12:13:00 PM","01 - Clear","01 - Dry","01 - Traffic signal","03 - At intersection","01 - Daylight","02 - Non-fatal injury","02 - Angle"
"12323","RIVERSIDE DR @ UPLANDS DR/KIMBERWICK CRES N","368194.59170","5022793.27942","-75.69107","45.34222","2017","8/21/2017","2:00:00 PM","01 - Clear","01 - Dry","01 - Traffic signal","02 - Intersection related","01 - Daylight","03 - P.D. only","03 - Rear end"
"12324","RIVERSIDE DR @ UPLANDS DR/KIMBERWICK CRES N","368194.16955","5022792.40750","-75.69107","45.34221","2017","1/25/2017","10:53:00 AM","01 - Clear","02 - Wet","01 - Traffic signal","02 - Intersection related","01 - Daylight","03 - P.D. only","03 - Rear end"
"12325","RIVERSIDE DR @ UPLANDS DR/KIMBERWICK CRES N","368195.05045","5022793.50040","-75.69106","45.34222","2017","4/6/2017","7:36:00 AM","02 - Rain","02 - Wet","01 - Traffic signal","03 - At intersection","01 - Daylight","03 - P.D. only","05 - Turning movement"
"12326","RIVERSIDE DR @ UPLANDS DR/KIMBERWICK CRES N","368194.71600","5022793.27492","-75.69107","45.34222","2017","12/25/2017","9:03:00 PM","03 - Snow","04 - Slush","01 - Traffic signal","03 - At intersection","07 - Dark","03 - P.D. only","03 - Rear end"
"12327","RIVERSIDE DR @ WALKLEY RD","368418.38945","5024853.52930","-75.68795","45.36074","2017","5/22/2017","9:50:00 AM","01 - Clear","02 - Wet","01 - Traffic signal","03 - At intersection","01 - Daylight","02 - Non-fatal injury","05 - Turning movement"
"12328","RIVERSIDE DR @ WALKLEY RD","368417.72056","5024852.86040","-75.68796","45.36073","2017","4/28/2017","11:21:00 PM","01 - Clear","01 - Dry","01 - Traffic signal","02 - Intersection related","07 - Dark","03 - P.D. only","07 - SMV other"
"12329","RIVERSIDE DR @ WALKLEY RD","368419.72724","5024853.52930","-75.68793","45.36074","2017","5/3/2017","10:12:00 AM","01 - Clear","01 - Dry","01 - Traffic signal","02 - Intersection related","01 - Daylight","03 - P.D. only","03 - Rear end"
"12330","RIVERSIDE DR @ WALKLEY RD","368417.63842","5024852.71519","-75.68796","45.36073","2017","10/16/2017","8:55:00 PM","01 - Clear","01 - Dry","01 - Traffic signal","02 - Intersection related","07 - Dark","02 - Non-fatal injury","03 - Rear end"
"12331","RIVERSIDE DR @ WALKLEY RD","368419.19727","5024853.76599","-75.68794","45.36074","2017","9/25/2017","8:20:00 AM","01 - Clear","01 - Dry","01 - Traffic signal","02 - Intersection related","01 - Daylight","03 - P.D. only","03 - Rear end"
"12332","RIVERSIDE DR @ WALKLEY RD","368418.24600","5024852.81245","-75.68795","45.36073","2017","11/11/2017","4:07:00 AM","01 - Clear","01 - Dry","01 - Traffic signal","03 - At intersection","07 - Dark","03 - P.D. only","07 - SMV other"
"12333","RIVERSIDE DR @ WALKLEY RD","368417.77715","5024854.23936","-75.68795","45.36075","2017","12/10/2017","5:40:00 AM","03 - Snow","03 - Loose snow","01 - Traffic signal","03 - At intersection","07 - Dark","03 - P.D. only","07 - SMV other"
"12334","RIVERSIDE DR @ WALKLEY RD","368417.86553","5024853.52930","-75.68795","45.36074","2017","1/4/2017","7:38:00 AM","04 - Freezing Rain","06 - Ice","01 - Traffic signal","02 - Intersection related","03 - Dawn","03 - P.D. only","03 - Rear end"
"12335","RIVERSIDE DR @ WALKLEY RD","368419.47437","5024853.15407","-75.68793","45.36074","2017","2/15/2017","4:32:00 AM","03 - Snow","05 - Packed snow","01 - Traffic signal","02 - Intersection related","07 - Dark","03 - P.D. only","07 - SMV other"
"12336","RIVERSIDE DR @ WALKLEY RD","368419.05835","5024852.19151","-75.68794","45.36073","2017","3/24/2017","6:50:00 AM","03 - Snow","04 - Slush","01 - Traffic signal","02 - Intersection related","01 - Daylight","03 - P.D. only","07 - SMV other"
"12337","RIVERSIDE DR @ WALKLEY RD","368419.05835","5024855.53599","-75.68794","45.36076","2017","3/21/2017","3:06:00 AM","01 - Clear","02 - Wet","01 - Traffic signal","02 - Intersection related","07 - Dark","03 - P.D. only","07 - SMV other"
"12338","RIVERSIDE DR @ WALKLEY RD","368418.38945","5024853.52930","-75.68795","45.36074","2017","4/20/2017","10:35:00 PM","01 - Clear","01 - Dry","01 - Traffic signal","02 - Intersection related","07 - Dark","02 - Non-fatal injury","07 - SMV other"
"12339","RIVERSIDE DR @ WALKLEY RD","368419.20180","5024852.81245","-75.68794","45.36073","2017","12/18/2017","9:44:00 AM","03 - Snow","03 - Loose snow","01 - Traffic signal","02 - Intersection related","01 - Daylight","03 - P.D. only","03 - Rear end"
"12340","RIVERSIDE DR btwn 175 S OF HUNT CLUB  RD & GL/OT BOUNDARY","368247.51643","5020952.49961","-75.69063","45.32565","2017","6/3/2017","4:28:00 PM","01 - Clear","01 - Dry","10 - No control","01 - Non intersection","01 - Daylight","03 - P.D. only","04 - Sideswipe"
"12341","RIVERSIDE DR btwn 175 S OF HUNT CLUB  RD & GL/OT BOUNDARY","367973.98327","5021444.29465","-75.69405","45.33010","2017","3/27/2017","4:27:00 AM","02 - Rain","02 - Wet","10 - No control","01 - Non intersection","07 - Dark","03 - P.D. only","07 - SMV other"
"12342","RIVERSIDE DR btwn 175 S OF HUNT CLUB  RD & HUNT CLUB RD","368033.02407","5021799.01021","-75.69326","45.33329","2017","5/4/2017","4:47:00 PM","02 - Rain","02 - Wet","10 - No control","01 - Non intersection","01 - Daylight","03 - P.D. only","99 - Other"
"12343","RIVERSIDE DR btwn FROBISHER LANE & END","370091.60881","5029407.17207","-75.66599","45.40156","2017","5/27/2017","12:00:00 AM","01 - Clear","01 - Dry","10 - No control","01 - Non intersection","00 - Unknown","03 - P.D. only","06 - SMV unattended vehicle"
"12344","RIVERSIDE DR btwn FROBISHER LANE & END","370080.30284","5029396.26069","-75.66614","45.40146","2017","2/9/2017","12:00:00 AM","01 - Clear","01 - Dry","10 - No control","01 - Non intersection","00 - Unknown","03 - P.D. only","06 - SMV unattended vehicle"
"12345","RIVERSIDE DR btwn FROBISHER LANE & HINCKS LANE","370183.77298","5029609.60813","-75.66479","45.40337","2017","2/6/2017","6:04:00 PM","03 - Snow","05 - Packed snow","10 - No control","01 - Non intersection","07 - Dark","03 - P.D. only","99 - Other"
"12346","RIVERSIDE DR btwn HERON RD & RIVERSIDE DR RAMP 34","368236.46346","5027072.67195","-75.68998","45.38072","2017","5/1/2017","4:01:00 PM","02 - Rain","02 - Wet","10 - No control","01 - Non intersection","01 - Daylight","03 - P.D. only","03 - Rear end"
"12347","RIVERSIDE DR btwn HERON RD & RIVERSIDE DR RAMP 34","368112.05702","5026747.97955","-75.69161","45.37781","2017","7/21/2017","7:25:00 PM","01 - Clear","01 - Dry","10 - No control","01 - Non intersection","01 - Daylight","02 - Non-fatal injury","07 - SMV other"
"12348","RIVERSIDE DR btwn HOG'S BACK RD & RIDGEWOOD AVE","368205.68295","5025979.15580","-75.69052","45.37089","2017","8/22/2017","12:13:00 PM","01 - Clear","02 - Wet","10 - No control","01 - Non intersection","01 - Daylight","03 - P.D. only","04 - Sideswipe"
"12349","RIVERSIDE DR btwn HOG'S BACK RD & RIDGEWOOD AVE","368271.47970","5025657.77192","-75.68972","45.36799","2017","2/14/2017","10:17:00 AM","01 - Clear","01 - Dry","10 - No control","01 - Non intersection","01 - Daylight","03 - P.D. only","04 - Sideswipe"
"12350","RIVERSIDE DR btwn HUNT CLUB RD & KIMBERWICK CRES","368121.13740","5022411.56060","-75.69205","45.33879","2017","1/24/2017","10:14:00 PM","01 - Clear","02 - Wet","10 - No control","01 - Non intersection","07 - Dark","02 - Non-fatal injury","07 - SMV other"
"12351","RIVERSIDE DR btwn HUNT CLUB RD & KIMBERWICK CRES","368145.32758","5022489.60899","-75.69173","45.33949","2017","4/5/2017","8:53:00 AM","01 - Clear","01 - Dry","10 - No control","01 - Non intersection","01 - Daylight","03 - P.D. only","03 - Rear end"
"12352","RIVERSIDE DR btwn KIMBERWICK CRES & KIMBERWICK CRES","368168.45584","5022632.16724","-75.69142","45.34077","2017","5/17/2017","9:35:00 AM","01 - Clear","01 - Dry","10 - No control","01 - Non intersection","01 - Daylight","03 - P.D. only","04 - Sideswipe"
"12353","RIVERSIDE DR btwn KIMBERWICK CRES & MALHOTRA CRT","368198.30456","5022928.90234","-75.69100","45.34344","2017","5/26/2017","5:46:00 PM","02 - Rain","02 - Wet","10 - No control","01 - Non intersection","01 - Daylight","03 - P.D. only","03 - Rear end"
"12354","RIVERSIDE DR btwn KIMBERWICK CRES & MALHOTRA CRT","368196.90179","5022809.89384","-75.69104","45.34237","2017","1/25/2017","5:13:00 PM","01 - Clear","02 - Wet","10 - No control","04 - At/near private drive","05 - Dusk","03 - P.D. only","04 - Sideswipe"
"12355","RIVERSIDE DR btwn KIMBERWICK CRES & MALHOTRA CRT","368193.04376","5022969.42013","-75.69106","45.34381","2017","3/1/2017","7:46:00 AM","02 - Rain","02 - Wet","10 - No control","01 - Non intersection","01 - Daylight","02 - Non-fatal injury","03 - Rear end"
"12356","RIVERSIDE DR btwn OLD RIVERSIDE DR & RIVERGATE WAY","368104.77140","5023343.19223","-75.69214","45.34718","2017","10/21/2017","10:05:00 AM","01 - Clear","01 - Dry","10 - No control","01 - Non intersection","01 - Daylight","03 - P.D. only","03 - Rear end"
"12357","RIVERSIDE DR btwn OLD RIVERSIDE DR & RIVERGATE WAY","368038.14532","5023821.84303","-75.69293","45.35149","2017","3/9/2017","3:00:00 AM","01 - Clear","02 - Wet","10 - No control","01 - Non intersection","07 - Dark","03 - P.D. only","07 - SMV other"
"12358","RIVERSIDE DR btwn RAMP & TURN LANE (1)","368362.94845","5027202.71908","-75.68835","45.38188","2017","7/12/2017","7:00:00 AM","01 - Clear","01 - Dry","10 - No control","01 - Non intersection","01 - Daylight","03 - P.D. only","07 - SMV other"
"12359","RIVERSIDE DR btwn REVELSTOKE DR & GARDENVIEW PRIV","368242.47778","5024473.79922","-75.69024","45.35734","2017","1/8/2017","2:35:00 PM","01 - Clear","01 - Dry","10 - No control","01 - Non intersection","01 - Daylight","03 - P.D. only","02 - Angle"
"12360","RIVERSIDE DR btwn RIVERSIDE DR & RIVER RD","368400.70336","5020494.82574","-75.68873","45.32152","2017","8/31/2017","9:21:00 PM","01 - Clear","01 - Dry","10 - No control","01 - Non intersection","07 - Dark","03 - P.D. only","07 - SMV other"
"12361","RIVERSIDE DR btwn RIVERSIDE DR & RIVER RD","368370.39804","5020639.16908","-75.68910","45.32282","2017","2/7/2017","7:36:00 PM","03 - Snow","04 - Slush","10 - No control","04 - At/near private drive","07 - Dark","03 - P.D. only","02 - Angle"