"Record","Location","X","Y","Longitude","Latitude","Year","Date","Time","Environment","Road_Surface","Traffic_Control","Collision_Location","Light","Collision_Classification","Impact_type"
"12362","RIVERSIDE DR NB btwn 82 E OF BILLINGS AVE/RIVERSIDE HOSPITAL ENT & TRA","369762.65247","5028775.50218","-75.67027","45.39590","2017","12/28/2017","6:30:00 AM","01 - Clear","01 - Dry","10 - No control","01 - Non intersection","07 - Dark","02 - Non-fatal injury","07 - SMV other"
"12363","RIVERSIDE DR NB btwn BILLINGS BRIDGE SC RAMP SB & BANK ST","369270.69683","5027858.53277","-75.67668","45.38770","2017","6/22/2017","10:30:00 PM","01 - Clear","01 - Dry","10 - No control","01 - Non intersection","07 - Dark","03 - P.D. only","03 - Rear end"
"12364","RIVERSIDE DR NB btwn FROBISHER LANE & HINCKS LANE","370171.31759","5029916.61338","-75.66490","45.40613","2017","10/13/2017","9:13:00 AM","01 - Clear","01 - Dry","10 - No control","01 - Non intersection","01 - Daylight","02 - Non-fatal injury","04 - Sideswipe"
"12365","RIVERSIDE DR NB btwn HWY417 IC117 RAMP25 & VANIER PKWY","370821.81054","5031124.26910","-75.65643","45.41694","2017","6/24/2017","5:25:00 PM","01 - Clear","01 - Dry","10 - No control","01 - Non intersection","01 - Daylight","03 - P.D. only","03 - Rear end"
"12366","RIVERSIDE DR NB btwn HWY417 IC117 RAMP25 & VANIER PKWY","370820.65074","5031055.22465","-75.65646","45.41632","2017","1/26/2017","1:20:00 PM","03 - Snow","02 - Wet","10 - No control","01 - Non intersection","01 - Daylight","03 - P.D. only","03 - Rear end"
"12367","RIVERSIDE DR NB btwn INDUSTRIAL AVE & TREMBLAY RD","370691.74201","5030607.26912","-75.65816","45.41230","2017","5/20/2017","2:50:00 PM","01 - Clear","01 - Dry","10 - No control","01 - Non intersection","01 - Daylight","02 - Non-fatal injury","03 - Rear end"
"12368","RIVERSIDE DR NB btwn INDUSTRIAL AVE & TREMBLAY RD","370717.30851","5030694.37481","-75.65783","45.41308","2017","6/28/2017","1:28:00 PM","01 - Clear","01 - Dry","10 - No control","01 - Non intersection","01 - Daylight","03 - P.D. only","04 - Sideswipe"
"12369","RIVERSIDE DR NB btwn INDUSTRIAL AVE & TREMBLAY RD","370715.83472","5030690.18587","-75.65784","45.41304","2017","11/5/2017","1:42:00 PM","02 - Rain","02 - Wet","10 - No control","01 - Non intersection","01 - Daylight","03 - P.D. only","03 - Rear end"
"12370","RIVERSIDE DR NB btwn INDUSTRIAL AVE & TREMBLAY RD","370775.65670","5030875.43967","-75.65706","45.41470","2017","11/17/2017","7:00:00 PM","01 - Clear","01 - Dry","10 - No control","01 - Non intersection","07 - Dark","02 - Non-fatal injury","03 - Rear end"
"12371","RIVERSIDE DR NB btwn INDUSTRIAL AVE & TREMBLAY RD","370700.96711","5030642.01577","-75.65804","45.41261","2017","12/8/2017","4:49:00 PM","01 - Clear","01 - Dry","10 - No control","01 - Non intersection","05 - Dusk","03 - P.D. only","03 - Rear end"
"12372","RIVERSIDE DR NB btwn INDUSTRIAL AVE & TREMBLAY RD","370789.63058","5030924.01357","-75.65687","45.41514","2017","1/15/2017","1:05:00 PM","01 - Clear","01 - Dry","10 - No control","01 - Non intersection","01 - Daylight","02 - Non-fatal injury","04 - Sideswipe"
"12373","RIVERSIDE DR NB btwn INDUSTRIAL AVE & TREMBLAY RD","370761.59548","5030826.89081","-75.65724","45.41427","2017","4/21/2017","9:31:00 AM","02 - Rain","02 - Wet","10 - No control","01 - Non intersection","01 - Daylight","03 - P.D. only","03 - Rear end"
"12374","RIVERSIDE DR NB btwn INDUSTRIAL AVE & TREMBLAY RD","370772.98111","5030873.43298","-75.65709","45.41469","2017","3/4/2017","12:48:00 PM","01 - Clear","01 - Dry","10 - No control","01 - Non intersection","01 - Daylight","02 - Non-fatal injury","03 - Rear end"
"12375","RIVERSIDE DR NB btwn RIVERSIDE DR NB RAMP FROM EB TO WB & NEIL WAY","369369.26559","5028041.04119","-75.67539","45.38933","2017","12/9/2017","4:57:00 PM","03 - Snow","02 - Wet","10 - No control","01 - Non intersection","05 - Dusk","03 - P.D. only","03 - Rear end"
"12376","RIVERSIDE DR NB btwn RIVERSIDE DR SPLIT & DATA CENTRE RD","368754.27960","5027538.02732","-75.68331","45.38486","2017","10/5/2017","12:13:00 PM","01 - Clear","01 - Dry","10 - No control","04 - At/near private drive","01 - Daylight","03 - P.D. only","03 - Rear end"
"12377","RIVERSIDE DR NB btwn RIVERSIDE DR SPLIT & DATA CENTRE RD","368717.28174","5027502.49252","-75.68379","45.38455","2017","12/7/2017","4:50:00 PM","01 - Clear","01 - Dry","10 - No control","04 - At/near private drive","07 - Dark","03 - P.D. only","02 - Angle"
"12378","RIVERSIDE DR NB btwn RIVERSIDE DR SPLIT & DATA CENTRE RD","368716.17356","5027500.67236","-75.68380","45.38453","2017","1/19/2017","3:28:00 PM","01 - Clear","01 - Dry","10 - No control","04 - At/near private drive","01 - Daylight","03 - P.D. only","02 - Angle"
"12379","RIVERSIDE DR NB btwn RIVERSIDE DR SPLIT & DATA CENTRE RD","368552.40101","5027356.29485","-75.68591","45.38325","2017","4/8/2017","12:31:00 PM","01 - Clear","01 - Dry","10 - No control","01 - Non intersection","01 - Daylight","03 - P.D. only","03 - Rear end"
"12380","RIVERSIDE DR NB btwn SAN REMO PRIV & INDUSTRIAL AVE","370470.45974","5030400.10929","-75.66102","45.41046","2017","7/5/2017","8:58:00 AM","01 - Clear","01 - Dry","10 - No control","01 - Non intersection","01 - Daylight","03 - P.D. only","04 - Sideswipe"
"12381","RIVERSIDE DR NB btwn SAN REMO PRIV & INDUSTRIAL AVE","370656.29051","5030532.35273","-75.65863","45.41163","2017","11/24/2017","4:07:00 PM","01 - Clear","01 - Dry","10 - No control","01 - Non intersection","01 - Daylight","03 - P.D. only","03 - Rear end"
"12382","RIVERSIDE DR NB btwn SAN REMO PRIV & INDUSTRIAL AVE","370638.23031","5030496.90123","-75.65886","45.41131","2017","3/9/2017","2:40:00 PM","01 - Clear","01 - Dry","10 - No control","01 - Non intersection","01 - Daylight","03 - P.D. only","04 - Sideswipe"
"12383","RIVERSIDE DR RAMP 24 @ RIVERSIDE DR RAMP 42A","368544.82670","5027130.16194","-75.68604","45.38121","2017","4/7/2017","5:00:00 PM","02 - Rain","02 - Wet","10 - No control","02 - Intersection related","01 - Daylight","03 - P.D. only","03 - Rear end"
"12384","RIVERSIDE DR RAMP 34 @ RIVERSIDE DR","368339.76615","5027182.20540","-75.68865","45.38170","2017","6/6/2017","6:25:00 PM","01 - Clear","01 - Dry","03 - Yield sign","02 - Intersection related","01 - Daylight","03 - P.D. only","05 - Turning movement"
"12385","RIVERSIDE DR RAMP 34 @ RIVERSIDE DR","368338.65876","5027182.60719","-75.68866","45.38170","2017","11/26/2017","9:37:00 PM","03 - Snow","04 - Slush","03 - Yield sign","02 - Intersection related","07 - Dark","03 - P.D. only","02 - Angle"
"12386","RIVERSIDE DR RAMP 34 @ RIVERSIDE DR","368338.30627","5027180.42006","-75.68867","45.38168","2017","12/14/2017","4:52:00 PM","01 - Clear","01 - Dry","03 - Yield sign","02 - Intersection related","05 - Dusk","03 - P.D. only","05 - Turning movement"
"12387","RIVERSIDE DR RAMP 34 @ RIVERSIDE DR","368340.96544","5027183.70493","-75.68864","45.38171","2017","12/20/2017","9:32:00 AM","01 - Clear","05 - Packed snow","03 - Yield sign","02 - Intersection related","01 - Daylight","03 - P.D. only","07 - SMV other"
"12388","RIVERSIDE DR RAMP 42A @ RIVERSIDE DR","368441.53353","5027267.11436","-75.68734","45.38245","2017","10/24/2017","7:56:00 AM","02 - Rain","02 - Wet","03 - Yield sign","02 - Intersection related","01 - Daylight","03 - P.D. only","03 - Rear end"
"12389","RIVERSIDE DR RAMP 42A @ RIVERSIDE DR","368443.13314","5027269.05058","-75.68732","45.38247","2017","2/9/2017","9:01:00 AM","01 - Clear","01 - Dry","03 - Yield sign","02 - Intersection related","01 - Daylight","03 - P.D. only","03 - Rear end"
"12390","RIVERSIDE DR RAMP 42A @ RIVERSIDE DR","368441.31909","5027267.56916","-75.68734","45.38246","2017","1/4/2017","9:33:00 AM","03 - Snow","04 - Slush","03 - Yield sign","02 - Intersection related","01 - Daylight","03 - P.D. only","07 - SMV other"
"12391","RIVERSIDE DR RAMP 42A @ RIVERSIDE DR","368441.89827","5027267.53192","-75.68734","45.38246","2017","3/25/2017","8:38:00 AM","01 - Clear","01 - Dry","03 - Yield sign","02 - Intersection related","01 - Daylight","03 - P.D. only","03 - Rear end"
"12392","RIVERSIDE DR RAMP 42A @ RIVERSIDE DR RAMP 42B","368481.48492","5027089.59113","-75.68685","45.38085","2017","5/28/2017","8:28:00 AM","01 - Clear","01 - Dry","03 - Yield sign","02 - Intersection related","01 - Daylight","03 - P.D. only","03 - Rear end"
"12393","RIVERSIDE DR RAMP 42A @ RIVERSIDE DR RAMP 42B","368480.70964","5027090.54503","-75.68686","45.38086","2017","2/12/2017","3:35:00 PM","02 - Rain","03 - Loose snow","03 - Yield sign","02 - Intersection related","01 - Daylight","03 - P.D. only","04 - Sideswipe"
"12394","RIVERSIDE DR RAMP 42A @ RIVERSIDE DR RAMP 42B","368479.95660","5027091.45672","-75.68687","45.38087","2017","2/21/2017","4:23:00 PM","01 - Clear","01 - Dry","03 - Yield sign","02 - Intersection related","01 - Daylight","02 - Non-fatal injury","03 - Rear end"
"12395","RIVERSIDE DR SB btwn BILLINGS BRIDGE SC RAMP SB & BANK ST","369218.14194","5027978.57559","-75.67733","45.38878","2017","10/12/2017","7:11:00 AM","01 - Clear","01 - Dry","10 - No control","01 - Non intersection","01 - Daylight","03 - P.D. only","04 - Sideswipe"
"12396","RIVERSIDE DR SB btwn Continuation of RIVERSIDE DR & HWY417 IC117 RAMP5","370742.21188","5030827.94803","-75.65749","45.41428","2017","11/17/2017","6:16:00 PM","01 - Clear","01 - Dry","10 - No control","01 - Non intersection","07 - Dark","03 - P.D. only","03 - Rear end"
"12397","RIVERSIDE DR SB btwn Continuation of RIVERSIDE DR & HWY417 IC117 RAMP5","370749.59938","5030858.98124","-75.65739","45.41456","2017","10/31/2017","4:50:00 PM","01 - Clear","01 - Dry","10 - No control","01 - Non intersection","01 - Daylight","03 - P.D. only","04 - Sideswipe"
"12398","RIVERSIDE DR SB btwn Continuation of RIVERSIDE DR & HWY417 IC117 RAMP5","370768.74477","5030907.16473","-75.65714","45.41499","2017","1/21/2017","1:45:00 PM","01 - Clear","02 - Wet","10 - No control","01 - Non intersection","01 - Daylight","03 - P.D. only","04 - Sideswipe"
"12399","RIVERSIDE DR SB btwn FROBISHER LANE & HINCKS LANE","370146.31456","5030109.24493","-75.66520","45.40787","2017","3/30/2017","7:24:00 AM","01 - Clear","06 - Ice","10 - No control","01 - Non intersection","01 - Daylight","03 - P.D. only","07 - SMV other"
"12400","RIVERSIDE DR SB btwn HWY417 IC117 RAMP52 & HWY417 IC117 RAMP35","370805.64461","5031072.97214","-75.65665","45.41648","2017","3/23/2017","11:00:00 AM","01 - Clear","01 - Dry","10 - No control","01 - Non intersection","01 - Daylight","03 - P.D. only","03 - Rear end"
"12401","RIVERSIDE DR SB btwn HWY417 IC117 RAMP53 & HWY417 IC117 RAMP52","370798.39917","5030997.84770","-75.65675","45.41580","2017","11/21/2017","9:24:00 AM","01 - Clear","01 - Dry","10 - No control","01 - Non intersection","01 - Daylight","03 - P.D. only","03 - Rear end"
"12402","ROBERGE CRES btwn HEARST WAY & HEARST WAY","352421.82563","5019557.11505","-75.89263","45.31435","2017","2/21/2017","6:00:00 PM","01 - Clear","01 - Dry","10 - No control","01 - Non intersection","07 - Dark","03 - P.D. only","06 - SMV unattended vehicle"
"12403","ROBERTA CRES btwn ST. REMY DR & ST. REMY DR","362203.71980","5016118.85983","-75.76828","45.28268","2017","5/8/2017","12:00:00 AM","01 - Clear","01 - Dry","10 - No control","01 - Non intersection","00 - Unknown","03 - P.D. only","06 - SMV unattended vehicle"
"12404","ROBERTSON RD @ HAANEL DR","354989.63560","5019203.18376","-75.85992","45.31099","2017","10/26/2017","8:47:00 AM","01 - Clear","01 - Dry","02 - Stop sign","02 - Intersection related","01 - Daylight","03 - P.D. only","03 - Rear end"
"12405","ROBERTSON RD @ VANIER RD","357395.98825","5020644.81410","-75.82908","45.32378","2017","6/28/2017","1:35:00 PM","01 - Clear","01 - Dry","01 - Traffic signal","02 - Intersection related","01 - Daylight","02 - Non-fatal injury","03 - Rear end"
"12406","ROBERTSON RD @ WESTCLIFFE RD","356395.53763","5020053.40063","-75.84190","45.31854","2017","10/15/2017","12:35:00 PM","01 - Clear","01 - Dry","01 - Traffic signal","03 - At intersection","01 - Daylight","02 - Non-fatal injury","05 - Turning movement"
"12407","ROBERTSON RD @ WESTCLIFFE RD","356395.26248","5020053.88872","-75.84190","45.31854","2017","11/29/2017","10:21:00 PM","01 - Clear","01 - Dry","01 - Traffic signal","02 - Intersection related","07 - Dark","03 - P.D. only","07 - SMV other"
"12408","ROBERTSON RD btwn FITZGERALD RD & MOODIE DR","357037.55511","5020438.08680","-75.83367","45.32195","2017","4/29/2017","1:06:00 PM","01 - Clear","01 - Dry","10 - No control","04 - At/near private drive","01 - Daylight","03 - P.D. only","02 - Angle"
"12409","ROBERTSON RD btwn FITZGERALD RD & MOODIE DR","356943.90963","5020382.56840","-75.83487","45.32146","2017","5/20/2017","12:44:00 PM","01 - Clear","01 - Dry","10 - No control","04 - At/near private drive","01 - Daylight","02 - Non-fatal injury","07 - SMV other"
"12410","ROBERTSON RD btwn FITZGERALD RD & MOODIE DR","357002.10361","5020420.02659","-75.83413","45.32179","2017","6/15/2017","11:58:00 AM","01 - Clear","01 - Dry","10 - No control","04 - At/near private drive","01 - Daylight","02 - Non-fatal injury","05 - Turning movement"
"12411","ROBERTSON RD btwn FITZGERALD RD & MOODIE DR","357019.65756","5020428.15570","-75.83390","45.32186","2017","9/26/2017","8:11:00 AM","01 - Clear","01 - Dry","10 - No control","04 - At/near private drive","01 - Daylight","03 - P.D. only","05 - Turning movement"
"12412","ROBERTSON RD btwn FITZGERALD RD & MOODIE DR","356918.67574","5020369.14727","-75.83520","45.32134","2017","10/10/2017","8:36:00 AM","01 - Clear","01 - Dry","10 - No control","04 - At/near private drive","01 - Daylight","02 - Non-fatal injury","05 - Turning movement"
"12413","ROBERTSON RD btwn FITZGERALD RD & MOODIE DR","357048.25745","5020443.43797","-75.83354","45.32200","2017","10/26/2017","7:25:00 AM","01 - Clear","01 - Dry","10 - No control","04 - At/near private drive","01 - Daylight","03 - P.D. only","02 - Angle"
"12414","ROBERTSON RD btwn FITZGERALD RD & MOODIE DR","356925.71564","5020372.22624","-75.83511","45.32136","2017","12/12/2017","10:04:00 AM","03 - Snow","03 - Loose snow","10 - No control","04 - At/near private drive","01 - Daylight","03 - P.D. only","05 - Turning movement"
"12415","ROBERTSON RD btwn FITZGERALD RD & MOODIE DR","356989.39457","5020409.32425","-75.83429","45.32169","2017","11/23/2017","2:35:00 PM","01 - Clear","01 - Dry","10 - No control","04 - At/near private drive","01 - Daylight","03 - P.D. only","02 - Angle"
"12416","ROBERTSON RD btwn FITZGERALD RD & MOODIE DR","356877.53547","5020341.47251","-75.83572","45.32109","2017","11/27/2017","5:23:00 PM","01 - Clear","02 - Wet","10 - No control","04 - At/near private drive","07 - Dark","03 - P.D. only","02 - Angle"
"12417","ROBERTSON RD btwn FITZGERALD RD & MOODIE DR","356928.09459","5020372.92311","-75.83508","45.32137","2017","2/9/2017","2:00:00 PM","01 - Clear","01 - Dry","10 - No control","04 - At/near private drive","01 - Daylight","03 - P.D. only","99 - Other"
"12418","ROBERTSON RD btwn FITZGERALD RD & MOODIE DR","357029.12865","5020432.96403","-75.83378","45.32190","2017","1/4/2017","12:34:00 PM","01 - Clear","02 - Wet","10 - No control","04 - At/near private drive","01 - Daylight","03 - P.D. only","02 - Angle"
"12419","ROBERTSON RD btwn FITZGERALD RD & MOODIE DR","356976.71127","5020404.59053","-75.83445","45.32165","2017","12/22/2017","2:00:00 PM","04 - Freezing Rain","03 - Loose snow","10 - No control","01 - Non intersection","01 - Daylight","03 - P.D. only","05 - Turning movement"
"12420","ROBERTSON RD btwn HAANEL DR & MILL HILL RD","356204.56759","5019936.60187","-75.84435","45.31750","2017","6/12/2017","2:25:00 AM","01 - Clear","01 - Dry","10 - No control","01 - Non intersection","07 - Dark","03 - P.D. only","04 - Sideswipe"
"12421","ROBERTSON RD btwn HAANEL DR & MILL HILL RD","355986.01710","5019802.77507","-75.84715","45.31631","2017","7/28/2017","7:45:00 PM","01 - Clear","01 - Dry","10 - No control","01 - Non intersection","01 - Daylight","02 - Non-fatal injury","03 - Rear end"
"12422","ROBERTSON RD btwn HAANEL DR & MILL HILL RD","355077.09080","5019256.23714","-75.85880","45.31146","2017","9/14/2017","7:13:00 PM","01 - Clear","01 - Dry","10 - No control","01 - Non intersection","05 - Dusk","03 - P.D. only","04 - Sideswipe"
"12423","ROBERTSON RD btwn HAANEL DR & MILL HILL RD","355034.80346","5019228.92603","-75.85934","45.31122","2017","2/3/2017","3:47:00 AM","01 - Clear","01 - Dry","10 - No control","01 - Non intersection","07 - Dark","03 - P.D. only","07 - SMV other"
"12424","ROBERTSON RD btwn HAANEL DR & MILL HILL RD","355177.79465","5019304.61580","-75.85751","45.31189","2017","4/4/2017","8:41:00 AM","02 - Rain","02 - Wet","10 - No control","01 - Non intersection","01 - Daylight","02 - Non-fatal injury","07 - SMV other"
"12425","ROBERTSON RD btwn HAANEL DR & MILL HILL RD","355248.76188","5019359.45411","-75.85660","45.31237","2017","3/24/2017","9:09:00 AM","03 - Snow","03 - Loose snow","10 - No control","01 - Non intersection","01 - Daylight","03 - P.D. only","07 - SMV other"
"12426","ROBERTSON RD btwn HAZELDEAN RD & HAANEL DR","354919.73201","5019156.22978","-75.86081","45.31057","2017","5/23/2017","7:48:00 AM","01 - Clear","01 - Dry","10 - No control","01 - Non intersection","01 - Daylight","03 - P.D. only","07 - SMV other"
"12427","ROBERTSON RD btwn HAZELDEAN RD & HAANEL DR","353935.93912","5018572.34297","-75.87342","45.30538","2017","5/11/2017","10:36:00 PM","01 - Clear","01 - Dry","10 - No control","01 - Non intersection","07 - Dark","03 - P.D. only","07 - SMV other"
"12428","ROBERTSON RD btwn HAZELDEAN RD & HAANEL DR","353928.88547","5018570.17761","-75.87351","45.30537","2017","10/20/2017","10:05:00 PM","01 - Clear","01 - Dry","10 - No control","01 - Non intersection","07 - Dark","03 - P.D. only","07 - SMV other"
"12429","ROBERTSON RD btwn HAZELDEAN RD & HAANEL DR","354542.31538","5018936.87652","-75.86565","45.30862","2017","12/15/2017","5:33:00 AM","01 - Clear","06 - Ice","10 - No control","01 - Non intersection","07 - Dark","03 - P.D. only","07 - SMV other"
"12430","ROBERTSON RD btwn HAZELDEAN RD & HAANEL DR","354110.26823","5018675.13505","-75.87118","45.30630","2017","11/28/2017","5:51:00 PM","01 - Clear","01 - Dry","10 - No control","01 - Non intersection","07 - Dark","03 - P.D. only","07 - SMV other"
"12431","ROBERTSON RD btwn HAZELDEAN RD & HAANEL DR","354530.47697","5018927.84982","-75.86580","45.30854","2017","2/7/2017","6:27:00 PM","04 - Freezing Rain","06 - Ice","10 - No control","01 - Non intersection","07 - Dark","03 - P.D. only","07 - SMV other"
"12432","ROBERTSON RD btwn MOODIE DR & VANIER RD","357313.52279","5020598.73213","-75.83014","45.32337","2017","6/9/2017","12:17:00 PM","01 - Clear","01 - Dry","10 - No control","01 - Non intersection","01 - Daylight","03 - P.D. only","04 - Sideswipe"
"12433","ROBERTSON RD btwn MOODIE DR & VANIER RD","357111.80260","5020481.56506","-75.83272","45.32233","2017","5/13/2017","9:10:00 PM","02 - Rain","02 - Wet","10 - No control","01 - Non intersection","07 - Dark","03 - P.D. only","04 - Sideswipe"
"12434","ROBERTSON RD btwn MOODIE DR & VANIER RD","357332.32321","5020609.37683","-75.82989","45.32347","2017","5/19/2017","12:51:00 PM","01 - Clear","01 - Dry","10 - No control","04 - At/near private drive","01 - Daylight","03 - P.D. only","02 - Angle"
"12435","ROBERTSON RD btwn MOODIE DR & VANIER RD","357088.39123","5020468.18713","-75.83302","45.32222","2017","5/9/2017","8:46:00 AM","01 - Clear","01 - Dry","10 - No control","01 - Non intersection","01 - Daylight","02 - Non-fatal injury","03 - Rear end"
"12436","ROBERTSON RD btwn MOODIE DR & VANIER RD","357199.42802","5020529.05670","-75.83160","45.32276","2017","11/23/2017","3:02:00 PM","01 - Clear","01 - Dry","10 - No control","04 - At/near private drive","01 - Daylight","03 - P.D. only","05 - Turning movement"
"12437","ROBERTSON RD btwn MOODIE DR & VANIER RD","357159.59262","5020503.60351","-75.83211","45.32253","2017","1/6/2017","3:43:00 PM","01 - Clear","01 - Dry","10 - No control","01 - Non intersection","01 - Daylight","03 - P.D. only","03 - Rear end"
"12438","ROBERTSON RD btwn VANIER RD & RICHMOND RD","357416.05367","5020656.86127","-75.82882","45.32389","2017","11/23/2017","7:10:00 PM","01 - Clear","01 - Dry","10 - No control","04 - At/near private drive","07 - Dark","03 - P.D. only","03 - Rear end"
"12439","ROBERTSON RD btwn WESTCLIFFE RD & FITZGERALD RD","356475.57721","5020098.95085","-75.84088","45.31894","2017","5/16/2017","6:37:00 PM","01 - Clear","01 - Dry","10 - No control","01 - Non intersection","01 - Daylight","03 - P.D. only","04 - Sideswipe"
"12440","ROBERTSON RD btwn WESTCLIFFE RD & FITZGERALD RD","356706.01453","5020240.36859","-75.83792","45.32019","2017","8/22/2017","1:26:00 PM","01 - Clear","01 - Dry","10 - No control","01 - Non intersection","01 - Daylight","03 - P.D. only","04 - Sideswipe"
"12441","ROBERTSON RD btwn WESTCLIFFE RD & FITZGERALD RD","356470.03599","5020097.47400","-75.84095","45.31893","2017","10/30/2017","3:00:00 PM","01 - Clear","01 - Dry","10 - No control","04 - At/near private drive","01 - Daylight","03 - P.D. only","03 - Rear end"
"12442","ROBERTSON RD btwn WESTCLIFFE RD & FITZGERALD RD","356734.01822","5020258.82473","-75.83756","45.32036","2017","11/3/2017","2:59:00 PM","01 - Clear","01 - Dry","10 - No control","04 - At/near private drive","01 - Daylight","03 - P.D. only","03 - Rear end"
"12443","ROBERTSON RD btwn WESTCLIFFE RD & FITZGERALD RD","356726.34874","5020251.74521","-75.83766","45.32030","2017","12/17/2017","2:36:00 PM","01 - Clear","01 - Dry","10 - No control","04 - At/near private drive","01 - Daylight","03 - P.D. only","02 - Angle"
"12444","ROBINWOOD PL btwn Continuation of ROBINWOOD PL & Continuation of ROBIN","381067.47788","5034854.30892","-75.52496","45.44946","2017","6/11/2017","4:36:00 PM","01 - Clear","01 - Dry","10 - No control","04 - At/near private drive","01 - Daylight","03 - P.D. only","06 - SMV unattended vehicle"
"12445","ROBLYN WAY btwn MARKLAND CRES & MARKLAND CRES","365909.65711","5016280.32439","-75.72102","45.28382","2017","12/17/2017","10:55:00 AM","03 - Snow","05 - Packed snow","10 - No control","01 - Non intersection","01 - Daylight","03 - P.D. only","01 - Approaching"
"12446","ROCHELLE DR btwn MIRA CRT & TARRYN TER","356221.73682","5005960.42044","-75.84558","45.19174","2017","12/24/2017","6:00:00 PM","03 - Snow","03 - Loose snow","10 - No control","04 - At/near private drive","07 - Dark","03 - P.D. only","06 - SMV unattended vehicle"
"12447","ROCHESTER ST @ SOMERSET ST","366482.03955","5030203.23460","-75.71199","45.40905","2017","5/7/2017","6:13:00 PM","02 - Rain","02 - Wet","01 - Traffic signal","03 - At intersection","01 - Daylight","03 - P.D. only","02 - Angle"
"12448","ROCHESTER ST @ SOMERSET ST","366483.37734","5030203.90349","-75.71198","45.40905","2017","11/14/2017","2:39:00 PM","01 - Clear","01 - Dry","01 - Traffic signal","02 - Intersection related","01 - Daylight","03 - P.D. only","99 - Other"
"12449","ROCHESTER ST @ SOMERSET ST","366481.70510","5030202.19047","-75.71200","45.40904","2017","2/14/2017","11:43:00 PM","03 - Snow","05 - Packed snow","01 - Traffic signal","02 - Intersection related","07 - Dark","03 - P.D. only","03 - Rear end"
"12450","ROCHESTER ST @ SOMERSET ST","366483.37734","5030203.23460","-75.71198","45.40905","2017","2/20/2017","6:40:00 PM","01 - Clear","01 - Dry","01 - Traffic signal","03 - At intersection","07 - Dark","03 - P.D. only","05 - Turning movement"
"12451","ROCHESTER ST btwn Continuation of ROCHESTER ST & PRIMROSE AVE","366359.40741","5030482.71605","-75.71352","45.41157","2017","2/14/2017","6:00:00 PM","03 - Snow","05 - Packed snow","10 - No control","01 - Non intersection","05 - Dusk","03 - P.D. only","06 - SMV unattended vehicle"
"12452","ROCHESTER ST btwn GLADSTONE AVE & HWY417 IC121B RAMP16","366677.21682","5029757.73981","-75.70956","45.40502","2017","6/9/2017","12:00:00 AM","01 - Clear","01 - Dry","10 - No control","01 - Non intersection","07 - Dark","03 - P.D. only","06 - SMV unattended vehicle"
"12453","ROCHESTER ST btwn SOMERSET ST W & ECCLES ST","366492.56946","5030178.91974","-75.71186","45.40883","2017","4/12/2017","9:35:00 AM","01 - Clear","01 - Dry","10 - No control","01 - Non intersection","01 - Daylight","03 - P.D. only","06 - SMV unattended vehicle"
"12454","ROCKCLIFFE PKWY btwn BIRCH AVE EXT./ROCKCLIFFE PKWY & ROCKCLIFFE PRKY","371170.64084","5035811.70350","-75.65134","45.45908","2017","6/24/2017","6:15:00 PM","01 - Clear","01 - Dry","10 - No control","01 - Non intersection","01 - Daylight","03 - P.D. only","03 - Rear end"
"12455","ROCKCLIFFE PKWY btwn Continuation of ROCKCLIFFE PKWY & GL/OT BOUNDARY","372977.77612","5035867.47577","-75.62823","45.45941","2017","4/24/2017","7:43:00 PM","01 - Clear","01 - Dry","10 - No control","01 - Non intersection","07 - Dark","03 - P.D. only","07 - SMV other"
"12456","ROCKCLIFFE PKWY btwn Continuation of ROCKCLIFFE PKWY & GL/OT BOUNDARY","373052.47128","5035929.18046","-75.62727","45.45996","2017","4/18/2017","12:45:00 PM","01 - Clear","01 - Dry","10 - No control","01 - Non intersection","01 - Daylight","03 - P.D. only","07 - SMV other"
"12457","ROCKCLIFFE PKWY btwn Continuation of ROCKCLIFFE PKWY & GL/OT BOUNDARY","373024.60596","5035899.89874","-75.62763","45.45970","2017","2/18/2017","1:35:00 PM","01 - Clear","01 - Dry","10 - No control","01 - Non intersection","01 - Daylight","03 - P.D. only","03 - Rear end"
"12458","ROCKCLIFFE PKWY btwn GL/OT BOUNDARY & ST. JOSEPH BLVD","377553.97775","5036522.12619","-75.56963","45.46484","2017","2/20/2017","11:00:00 AM","01 - Clear","06 - Ice","10 - No control","01 - Non intersection","01 - Daylight","03 - P.D. only","99 - Other"
"12459","ROCKCLIFFE PKWY btwn GL/OT BOUNDARY & ST. JOSEPH BLVD","377363.51371","5037144.19507","-75.57197","45.47045","2017","4/18/2017","8:00:00 AM","01 - Clear","01 - Dry","10 - No control","01 - Non intersection","01 - Daylight","03 - P.D. only","03 - Rear end"
"12460","ROCKCLIFFE PKWY btwn GL/OT BOUNDARY & ST. JOSEPH BLVD","376744.35131","5036915.58951","-75.57992","45.46846","2017","3/23/2017","7:06:00 PM","01 - Clear","06 - Ice","10 - No control","01 - Non intersection","07 - Dark","03 - P.D. only","01 - Approaching"
"12461","ROCKCLIFFE PKWY btwn LISGAR RD & ACACIA AVE","368526.12061","5035412.46357","-75.68521","45.45574","2017","9/18/2017","11:10:00 AM","01 - Clear","01 - Dry","10 - No control","01 - Non intersection","01 - Daylight","03 - P.D. only","07 - SMV other"
"12462","ROCKCLIFFE PKWY btwn LISGAR RD & BUENA VISTA RD","368436.44148","5034839.25351","-75.68643","45.45059","2017","8/16/2017","4:08:00 PM","01 - Clear","01 - Dry","10 - No control","04 - At/near private drive","01 - Daylight","03 - P.D. only","03 - Rear end"