"Record","Location","X","Y","Longitude","Latitude","Year","Date","Time","Environment","Road_Surface","Traffic_Control","Collision_Location","Light","Collision_Classification","Impact_type"
"12463","ROCKDALE RD @ RUSSELL RD","393759.86120","5026973.02035","-75.36415","45.37705","2017","9/29/2017","4:02:00 PM","01 - Clear","01 - Dry","02 - Stop sign","03 - At intersection","01 - Daylight","03 - P.D. only","05 - Turning movement"
"12464","ROCKDALE RD btwn COLONIAL RD & END","391395.63774","5032722.76658","-75.39332","45.42908","2017","12/16/2017","9:45:00 PM","01 - Clear","05 - Packed snow","10 - No control","01 - Non intersection","07 - Dark","03 - P.D. only","07 - SMV other"
"12465","ROCKDALE RD btwn COLONIAL RD & HUISMANS RD","392144.19265","5030878.49845","-75.38408","45.41239","2017","5/28/2017","4:33:00 AM","01 - Clear","01 - Dry","10 - No control","01 - Non intersection","07 - Dark","03 - P.D. only","07 - SMV other"
"12466","ROCKDALE RD btwn GOLF COURSE RD & RUSSELL RD","393716.71739","5027084.17959","-75.36468","45.37806","2017","5/10/2017","8:30:00 PM","01 - Clear","01 - Dry","10 - No control","01 - Non intersection","05 - Dusk","03 - P.D. only","07 - SMV other"
"12467","ROCKDALE RD btwn HWY417 IC88 RAMP15 & HWY417 IC88 RAMP16","395323.03718","5022518.69718","-75.34501","45.33678","2017","7/2/2017","7:29:00 PM","02 - Rain","02 - Wet","10 - No control","07 - Overpass or bridge","01 - Daylight","03 - P.D. only","03 - Rear end"
"12468","ROCKDALE RD btwn HWY417 IC88 RAMP15 & HWY417 IC88 RAMP16","395337.79485","5022629.66687","-75.34480","45.33777","2017","1/5/2017","6:45:00 AM","05 - Drifting Snow","06 - Ice","10 - No control","01 - Non intersection","07 - Dark","03 - P.D. only","03 - Rear end"
"12469","ROCKDALE RD btwn HWY417 IC88 RAMP61 & HIGHWAY LANE","395358.83590","5022729.60359","-75.34452","45.33867","2017","8/10/2017","10:05:00 AM","01 - Clear","01 - Dry","10 - No control","01 - Non intersection","01 - Daylight","03 - P.D. only","07 - SMV other"
"12470","ROCKDALE RD btwn HWY417 IC88 RAMP61 & HIGHWAY LANE","395369.41479","5022782.63895","-75.34437","45.33914","2017","2/5/2017","9:50:00 PM","05 - Drifting Snow","05 - Packed snow","10 - No control","01 - Non intersection","07 - Dark","03 - P.D. only","07 - SMV other"
"12471","ROCKDALE RD btwn RUSSELL RD & FORCED RD","394122.78910","5026035.94639","-75.35969","45.36857","2017","11/1/2017","6:16:00 PM","02 - Rain","02 - Wet","10 - No control","01 - Non intersection","07 - Dark","03 - P.D. only","07 - SMV other"
"12472","ROCKDALE RD S @ HIGHWAY 417","395262.12850","5022266.20784","-75.34583","45.33451","2017","11/20/2017","4:25:00 PM","01 - Clear","01 - Dry","02 - Stop sign","02 - Intersection related","05 - Dusk","03 - P.D. only","04 - Sideswipe"
"12473","ROCKDALE RD S @ HIGHWAY 417","395261.91943","5022265.10261","-75.34584","45.33450","2017","4/15/2017","11:45:00 AM","01 - Clear","01 - Dry","02 - Stop sign","03 - At intersection","01 - Daylight","03 - P.D. only","03 - Rear end"
"12474","ROCKINGHAM AVE btwn BRULE AVE & CLEMENTINE BLVD","369445.01836","5027280.40720","-75.67453","45.38248","2017","3/5/2017","5:32:00 PM","01 - Clear","05 - Packed snow","10 - No control","04 - At/near private drive","01 - Daylight","03 - P.D. only","06 - SMV unattended vehicle"
"12475","ROCKWAY CRES btwn ROCKWAY CRES & END","361287.07862","5022693.75866","-75.77921","45.34192","2017","7/15/2017","12:00:00 AM","01 - Clear","01 - Dry","10 - No control","01 - Non intersection","00 - Unknown","03 - P.D. only","06 - SMV unattended vehicle"
"12476","ROCKY HILL DR @ PRINCE OF WALES DR","366968.43395","5014404.75819","-75.70776","45.26685","2017","5/21/2017","1:20:00 PM","01 - Clear","01 - Dry","01 - Traffic signal","02 - Intersection related","01 - Daylight","02 - Non-fatal injury","05 - Turning movement"
"12477","ROCKY HILL DR @ PRINCE OF WALES DR","366969.43433","5014402.31052","-75.70775","45.26683","2017","8/25/2017","3:56:00 PM","02 - Rain","02 - Wet","01 - Traffic signal","02 - Intersection related","01 - Daylight","03 - P.D. only","04 - Sideswipe"
"12478","ROCKY HILL DR @ PRINCE OF WALES DR","366968.76840","5014403.42040","-75.70776","45.26684","2017","9/3/2017","11:50:00 AM","02 - Rain","02 - Wet","01 - Traffic signal","02 - Intersection related","01 - Daylight","03 - P.D. only","03 - Rear end"
"12479","ROCKY HILL DR @ PRINCE OF WALES DR","366969.77174","5014403.42040","-75.70775","45.26684","2017","6/28/2017","12:00:00 PM","01 - Clear","01 - Dry","01 - Traffic signal","02 - Intersection related","01 - Daylight","03 - P.D. only","03 - Rear end"
"12480","ROCKY HILL DR @ PRINCE OF WALES DR","366970.44064","5014403.42040","-75.70774","45.26684","2017","4/1/2017","3:42:00 PM","01 - Clear","01 - Dry","01 - Traffic signal","02 - Intersection related","01 - Daylight","03 - P.D. only","03 - Rear end"
"12481","RODNEY CRES btwn BILLINGS AVE & NORWOOD AVE","369967.93090","5028642.20950","-75.66767","45.39469","2017","11/28/2017","8:00:00 AM","01 - Clear","06 - Ice","10 - No control","01 - Non intersection","01 - Daylight","03 - P.D. only","06 - SMV unattended vehicle"
"12482","RODNEY CRES btwn NORWOOD AVE & WESTLANE RD","370151.06322","5028678.06016","-75.66533","45.39499","2017","12/21/2017","9:57:00 PM","01 - Clear","01 - Dry","10 - No control","04 - At/near private drive","07 - Dark","03 - P.D. only","06 - SMV unattended vehicle"
"12483","ROGER GUINDON AVE @ SMYTH RD","371933.43663","5029226.39809","-75.64249","45.39976","2017","10/27/2017","7:26:00 AM","01 - Clear","01 - Dry","01 - Traffic signal","02 - Intersection related","01 - Daylight","03 - P.D. only","05 - Turning movement"
"12484","ROGER GUINDON AVE @ SMYTH RD","371935.33012","5029226.39809","-75.64247","45.39976","2017","10/27/2017","7:10:00 PM","01 - Clear","01 - Dry","01 - Traffic signal","02 - Intersection related","05 - Dusk","03 - P.D. only","03 - Rear end"
"12485","ROGER GUINDON AVE btwn PETER MORAND CRES & PETER MORAND CRES","371905.36395","5029628.36182","-75.64279","45.40338","2017","2/1/2017","12:00:00 AM","01 - Clear","01 - Dry","10 - No control","01 - Non intersection","00 - Unknown","03 - P.D. only","06 - SMV unattended vehicle"
"12486","ROGER GUINDON AVE btwn PETER MORAND CRES & PETER MORAND CRES","371919.48828","5029574.86067","-75.64262","45.40289","2017","3/26/2017","9:55:00 PM","04 - Freezing Rain","06 - Ice","10 - No control","04 - At/near private drive","07 - Dark","03 - P.D. only","06 - SMV unattended vehicle"
"12487","ROGER RD btwn ALTA VISTA DR & FAIRBANKS AVE","370470.45588","5028882.62500","-75.66122","45.39680","2017","7/27/2017","4:24:00 PM","01 - Clear","01 - Dry","10 - No control","04 - At/near private drive","01 - Daylight","03 - P.D. only","06 - SMV unattended vehicle"
"12488","ROGER STEVENS DR @ MALAKOFF RD","362226.88493","4996127.34930","-75.77029","45.10279","2017","11/17/2017","3:42:00 PM","01 - Clear","01 - Dry","02 - Stop sign","03 - At intersection","01 - Daylight","02 - Non-fatal injury","02 - Angle"
"12489","ROGER STEVENS DR @ MALAKOFF RD","362230.67726","4996125.17153","-75.77024","45.10277","2017","11/21/2017","11:53:00 AM","01 - Clear","01 - Dry","02 - Stop sign","02 - Intersection related","01 - Daylight","03 - P.D. only","07 - SMV other"
"12490","ROGER STEVENS DR @ SECOND LINE RD","369960.38970","5001498.84596","-75.67133","45.15046","2017","2/12/2017","12:13:00 PM","03 - Snow","05 - Packed snow","02 - Stop sign","02 - Intersection related","01 - Daylight","03 - P.D. only","07 - SMV other"
"12491","ROGER STEVENS DR @ THIRD LINE RD","368211.67460","5000397.28820","-75.69370","45.14070","2017","1/5/2017","10:48:00 AM","03 - Snow","04 - Slush","02 - Stop sign","03 - At intersection","01 - Daylight","03 - P.D. only","03 - Rear end"
"12492","ROGER STEVENS DR btwn DORACK DR & FIRST LINE RD","371238.02391","5002260.60664","-75.65498","45.15719","2017","3/6/2017","9:05:00 AM","01 - Clear","01 - Dry","10 - No control","01 - Non intersection","01 - Daylight","03 - P.D. only","07 - SMV other"
"12493","ROGER STEVENS DR btwn DWYER HILL RD & MALAKOFF RD","356704.09332","4991318.05749","-75.84096","45.05994","2017","5/11/2017","7:53:00 PM","01 - Clear","01 - Dry","10 - No control","01 - Non intersection","05 - Dusk","03 - P.D. only","07 - SMV other"
"12494","ROGER STEVENS DR btwn DWYER HILL RD & MALAKOFF RD","361849.35508","4995804.72783","-75.77512","45.09992","2017","7/22/2017","10:51:00 PM","01 - Clear","01 - Dry","10 - No control","01 - Non intersection","07 - Dark","03 - P.D. only","07 - SMV other"
"12495","ROGER STEVENS DR btwn DWYER HILL RD & MALAKOFF RD","355600.11110","4990434.72225","-75.85506","45.05207","2017","10/15/2017","9:15:00 PM","01 - Clear","02 - Wet","10 - No control","04 - At/near private drive","07 - Dark","03 - P.D. only","07 - SMV other"
"12496","ROGER STEVENS DR btwn DWYER HILL RD & MALAKOFF RD","354413.36474","4989421.19301","-75.87023","45.04304","2017","9/21/2017","12:00:00 AM","99 - Other","01 - Dry","10 - No control","01 - Non intersection","00 - Unknown","03 - P.D. only","07 - SMV other"
"12497","ROGER STEVENS DR btwn DWYER HILL RD & MALAKOFF RD","361591.08170","4995572.55439","-75.77843","45.09785","2017","9/22/2017","5:33:00 PM","01 - Clear","01 - Dry","10 - No control","01 - Non intersection","01 - Daylight","03 - P.D. only","07 - SMV other"
"12498","ROGER STEVENS DR btwn DWYER HILL RD & MALAKOFF RD","355510.54124","4990291.61403","-75.85621","45.05079","2017","10/30/2017","8:32:00 AM","02 - Rain","02 - Wet","10 - No control","01 - Non intersection","01 - Daylight","03 - P.D. only","07 - SMV other"
"12499","ROGER STEVENS DR btwn DWYER HILL RD & MALAKOFF RD","357006.02178","4991481.20082","-75.83711","45.06139","2017","12/13/2017","4:07:00 PM","01 - Clear","01 - Dry","10 - No control","01 - Non intersection","05 - Dusk","03 - P.D. only","07 - SMV other"
"12500","ROGER STEVENS DR btwn DWYER HILL RD & MALAKOFF RD","355153.66520","4990088.51385","-75.86076","45.04899","2017","2/9/2017","7:47:00 AM","01 - Clear","01 - Dry","10 - No control","01 - Non intersection","01 - Daylight","03 - P.D. only","07 - SMV other"
"12501","ROGER STEVENS DR btwn DWYER HILL RD & MALAKOFF RD","355609.40347","4990433.43339","-75.85494","45.05206","2017","3/3/2017","7:34:00 AM","01 - Clear","01 - Dry","10 - No control","01 - Non intersection","01 - Daylight","03 - P.D. only","07 - SMV other"
"12502","ROGER STEVENS DR btwn HWY416 IC49 RAMP24 & SECOND LINE RD S","369940.29804","5001481.24821","-75.67159","45.15030","2017","3/14/2017","6:11:00 PM","03 - Snow","03 - Loose snow","10 - No control","01 - Non intersection","05 - Dusk","03 - P.D. only","07 - SMV other"
"12503","ROGER STEVENS DR btwn HWY416 IC49 RAMP24 & SECOND LINE RD S","369464.49337","5001124.86641","-75.67768","45.14714","2017","3/2/2017","9:10:00 AM","03 - Snow","06 - Ice","10 - No control","01 - Non intersection","01 - Daylight","03 - P.D. only","07 - SMV other"
"12504","ROGER STEVENS DR btwn MALAKOFF RD & MCCORDICK RD","362311.56459","4996202.83470","-75.76920","45.10346","2017","6/26/2017","9:30:00 PM","02 - Rain","02 - Wet","10 - No control","01 - Non intersection","07 - Dark","03 - P.D. only","07 - SMV other"
"12505","ROGER STEVENS DR btwn MALAKOFF RD & MCCORDICK RD","363438.60365","4997191.56944","-75.75477","45.11227","2017","11/11/2017","12:23:00 PM","01 - Clear","01 - Dry","10 - No control","01 - Non intersection","01 - Daylight","03 - P.D. only","01 - Approaching"
"12506","ROGER STEVENS DR btwn MALAKOFF RD & MCCORDICK RD","363413.75745","4997184.85076","-75.75508","45.11221","2017","11/19/2017","1:24:00 PM","03 - Snow","03 - Loose snow","10 - No control","01 - Non intersection","01 - Daylight","03 - P.D. only","07 - SMV other"
"12507","ROGER STEVENS DR btwn MALAKOFF RD & MCCORDICK RD","363540.14693","4997287.36669","-75.75346","45.11312","2017","1/10/2017","3:01:00 PM","03 - Snow","06 - Ice","10 - No control","01 - Non intersection","01 - Daylight","03 - P.D. only","04 - Sideswipe"
"12508","ROGER STEVENS DR btwn MALAKOFF RD & MCCORDICK RD","362676.87459","4996525.82142","-75.76452","45.10634","2017","4/9/2017","11:23:00 AM","01 - Clear","01 - Dry","10 - No control","01 - Non intersection","01 - Daylight","03 - P.D. only","07 - SMV other"
"12509","ROGER STEVENS DR btwn MALAKOFF RD & MCCORDICK RD","362380.09225","4996265.37957","-75.76832","45.10402","2017","12/18/2017","1:44:00 PM","03 - Snow","03 - Loose snow","10 - No control","01 - Non intersection","01 - Daylight","03 - P.D. only","07 - SMV other"
"12510","ROGER STEVENS DR btwn MCCORDICK RD & CRAIGHURST DR","364788.56145","4998400.17569","-75.73747","45.12303","2017","1/23/2017","6:09:00 AM","04 - Freezing Rain","06 - Ice","10 - No control","01 - Non intersection","07 - Dark","03 - P.D. only","07 - SMV other"
"12511","ROGER STEVENS DR btwn MCCORDICK RD & CRAIGHURST DR","365098.65462","4998603.81622","-75.73350","45.12484","2017","1/10/2017","8:10:00 PM","03 - Snow","03 - Loose snow","10 - No control","01 - Non intersection","07 - Dark","03 - P.D. only","03 - Rear end"
"12512","ROGER STEVENS DR btwn MCCORDICK RD & CRAIGHURST DR","364795.10065","4998412.27351","-75.73738","45.12314","2017","3/25/2017","6:09:00 PM","01 - Clear","01 - Dry","10 - No control","01 - Non intersection","05 - Dusk","03 - P.D. only","07 - SMV other"
"12513","ROGER STEVENS DR btwn MCKENNA RD & DWYER HILL RD","353812.16710","4988877.68736","-75.87791","45.03819","2017","1/23/2017","6:06:00 AM","04 - Freezing Rain","06 - Ice","10 - No control","01 - Non intersection","07 - Dark","02 - Non-fatal injury","01 - Approaching"
"12514","ROGER STEVENS DR btwn MONTAGUE BOUNDARY RD & MCKENNA RD","352328.98929","4987516.07087","-75.89687","45.02604","2017","5/1/2017","12:00:00 AM","01 - Clear","01 - Dry","10 - No control","01 - Non intersection","00 - Unknown","03 - P.D. only","07 - SMV other"
"12515","ROGER STEVENS DR btwn MONTAGUE BOUNDARY RD & MCKENNA RD","352961.94258","4988130.23657","-75.88877","45.03152","2017","7/2/2017","6:00:00 PM","01 - Clear","01 - Dry","10 - No control","01 - Non intersection","01 - Daylight","03 - P.D. only","07 - SMV other"
"12516","ROGER STEVENS DR btwn MONTAGUE BOUNDARY RD & MCKENNA RD","352348.68648","4987564.15249","-75.89661","45.02647","2017","2/3/2017","3:38:00 AM","03 - Snow","05 - Packed snow","10 - No control","01 - Non intersection","07 - Dark","03 - P.D. only","07 - SMV other"
"12517","ROGER STEVENS DR btwn RIDEAU VALLEY DR N & ROGER STEVENS DR","372300.66307","5002862.79079","-75.64139","45.16251","2017","3/15/2017","6:45:00 AM","03 - Snow","03 - Loose snow","10 - No control","01 - Non intersection","03 - Dawn","03 - P.D. only","01 - Approaching"
"12518","ROGER STEVENS DR btwn SECOND LINE RD S & DORACK DR","370203.57151","5001668.85575","-75.66821","45.15196","2017","10/24/2017","10:40:00 AM","02 - Rain","02 - Wet","10 - No control","01 - Non intersection","01 - Daylight","03 - P.D. only","04 - Sideswipe"
"12519","ROGER STEVENS DR btwn THIRD LINE RD S & HWY416 IC49 RAMP34","368674.16719","5000668.22208","-75.68779","45.14310","2017","6/12/2017","7:19:00 AM","01 - Clear","01 - Dry","10 - No control","01 - Non intersection","01 - Daylight","03 - P.D. only","05 - Turning movement"
"12520","ROGER'S CREEK WAY btwn LAKEWOOD DR & CONE TER","348585.70936","4999789.80916","-75.94329","45.13672","2017","11/7/2017","8:18:00 AM","01 - Clear","01 - Dry","10 - No control","01 - Non intersection","01 - Daylight","02 - Non-fatal injury","07 - SMV other"
"12521","ROLAND MICHENER DR btwn EARL GREY DR & END","350847.32323","5018916.65034","-75.91277","45.30869","2017","3/29/2017","12:52:00 PM","01 - Clear","01 - Dry","10 - No control","04 - At/near private drive","01 - Daylight","03 - P.D. only","04 - Sideswipe"
"12522","ROLLING MEADOW CRES @ SADDLERIDGE DR","381634.77021","5032463.79315","-75.51808","45.42789","2017","11/2/2017","8:30:00 AM","02 - Rain","02 - Wet","10 - No control","03 - At intersection","01 - Daylight","03 - P.D. only","02 - Angle"
"12523","ROLLING MEADOW CRES btwn ESTERBROOK DR & KNOTRIDGE ST","381884.85948","5032538.10507","-75.51488","45.42853","2017","9/21/2017","12:00:00 AM","01 - Clear","01 - Dry","10 - No control","01 - Non intersection","00 - Unknown","03 - P.D. only","06 - SMV unattended vehicle"
"12524","ROLLING MEADOW CRES btwn ESTERBROOK DR & KNOTRIDGE ST","381842.43873","5032492.69927","-75.51543","45.42812","2017","3/18/2017","8:18:00 AM","01 - Clear","01 - Dry","10 - No control","01 - Non intersection","01 - Daylight","03 - P.D. only","06 - SMV unattended vehicle"
"12525","ROMINA ST @ OPUS ST","354554.03545","5015182.00410","-75.86588","45.27483","2017","9/28/2017","8:43:00 AM","01 - Clear","01 - Dry","10 - No control","02 - Intersection related","01 - Daylight","03 - P.D. only","06 - SMV unattended vehicle"
"12526","RONDEL ST btwn INNES RD & ORIENT PARK DR","378879.39160","5033132.61429","-75.55319","45.43420","2017","8/12/2017","12:00:00 AM","01 - Clear","01 - Dry","10 - No control","04 - At/near private drive","00 - Unknown","03 - P.D. only","06 - SMV unattended vehicle"
"12527","ROONEY'S LANE btwn KILBORN AVE & END","369714.71344","5027527.34312","-75.67105","45.38468","2017","10/3/2017","1:38:00 PM","01 - Clear","01 - Dry","10 - No control","01 - Non intersection","01 - Daylight","03 - P.D. only","07 - SMV other"
"12528","ROOSEVELT AVE btwn GREENWOOD AVE & COLE AVE","363438.52725","5027146.46518","-75.75123","45.38180","2017","11/2/2017","9:18:00 PM","02 - Rain","02 - Wet","10 - No control","01 - Non intersection","07 - Dark","03 - P.D. only","04 - Sideswipe"
"12529","ROOSEVELT AVE btwn PRINCETON AVE & AVONDALE AVE","363231.73632","5027621.54463","-75.75382","45.38610","2017","1/29/2017","5:00:00 PM","01 - Clear","05 - Packed snow","10 - No control","01 - Non intersection","05 - Dusk","03 - P.D. only","06 - SMV unattended vehicle"
"12530","ROSEBELLA AVE btwn EIGHTH ST & CONROY RD","374247.60889","5024165.37362","-75.61365","45.35399","2017","11/22/2017","12:00:00 AM","01 - Clear","01 - Dry","10 - No control","01 - Non intersection","00 - Unknown","03 - P.D. only","06 - SMV unattended vehicle"
"12531","ROSEBELLA AVE btwn MAVIS ST & BANK ST","372984.31166","5023420.30094","-75.62987","45.34741","2017","7/20/2017","4:21:00 PM","01 - Clear","01 - Dry","10 - No control","04 - At/near private drive","01 - Daylight","03 - P.D. only","07 - SMV other"
"12532","ROSEBERY AVE btwn BANK ST & END","367977.68784","5029983.72430","-75.69292","45.40694","2017","2/1/2017","4:53:00 AM","03 - Snow","03 - Loose snow","10 - No control","01 - Non intersection","07 - Dark","03 - P.D. only","07 - SMV other"
"12533","ROSEHILL AVE btwn SHACKLEFORD WAY & WARMSTONE DR","350196.06600","5016180.16700","-75.92133","45.28411","2017","4/16/2017","9:00:00 PM","01 - Clear","01 - Dry","10 - No control","01 - Non intersection","07 - Dark","03 - P.D. only","06 - SMV unattended vehicle"
"12534","ROSEMEADE PL btwn DALECROFT CRES & GLENARDEN CRT","362280.92463","5022371.17354","-75.76657","45.33893","2017","6/28/2017","5:04:00 PM","01 - Clear","01 - Dry","10 - No control","04 - At/near private drive","01 - Daylight","03 - P.D. only","06 - SMV unattended vehicle"
"12535","ROSEMOUNT AVE btwn WELLINGTON ST W & GLADSTONE AVE","365389.23086","5029370.34076","-75.72605","45.40165","2017","1/14/2017","5:15:00 PM","01 - Clear","01 - Dry","10 - No control","01 - Non intersection","05 - Dusk","03 - P.D. only","06 - SMV unattended vehicle"
"12536","ROSETTA AVE btwn CORONET AVE & AMBIANCE DR","366914.77945","5016701.62880","-75.70816","45.28752","2017","2/5/2017","11:00:00 AM","01 - Clear","05 - Packed snow","10 - No control","01 - Non intersection","01 - Daylight","03 - P.D. only","06 - SMV unattended vehicle"
"12537","ROSETTA AVE btwn CORONET AVE & AMBIANCE DR","366978.50119","5016729.34868","-75.70734","45.28777","2017","3/23/2017","8:51:00 PM","01 - Clear","01 - Dry","10 - No control","04 - At/near private drive","07 - Dark","03 - P.D. only","02 - Angle"
"12538","ROSINGDALE ST btwn FOXLIGHT CIR & SUMMERGAZE ST","356774.10900","5015619.90500","-75.83754","45.27861","2017","9/8/2017","4:55:00 AM","01 - Clear","01 - Dry","10 - No control","01 - Non intersection","07 - Dark","03 - P.D. only","06 - SMV unattended vehicle"
"12539","ROSLYN AVE btwn AYLMER AVE & WOODBINE PL","368231.52225","5028389.98149","-75.68988","45.39258","2017","9/13/2017","12:00:00 AM","01 - Clear","01 - Dry","10 - No control","04 - At/near private drive","00 - Unknown","03 - P.D. only","06 - SMV unattended vehicle"
"12540","ROSLYN AVE btwn AYLMER AVE & WOODBINE PL","368247.04542","5028366.84852","-75.68968","45.39237","2017","2/17/2017","12:00:00 AM","01 - Clear","05 - Packed snow","10 - No control","01 - Non intersection","00 - Unknown","03 - P.D. only","06 - SMV unattended vehicle"
"12541","ROSS AVE @ SCOTT ST","364357.23715","5029362.56460","-75.73924","45.40167","2017","10/5/2017","6:15:00 PM","01 - Clear","01 - Dry","02 - Stop sign","03 - At intersection","05 - Dusk","03 - P.D. only","05 - Turning movement"
"12542","ROSS AVE btwn SIR FREDERICK BANTING DRWY & SPENCER ST","364399.47807","5029262.30301","-75.73871","45.40076","2017","11/6/2017","9:10:00 AM","01 - Clear","01 - Dry","10 - No control","04 - At/near private drive","01 - Daylight","03 - P.D. only","06 - SMV unattended vehicle"
"12543","ROSS AVE btwn SPENCER ST & WELLINGTON ST W","364472.13409","5029099.77156","-75.73780","45.39929","2017","3/22/2017","12:00:00 AM","01 - Clear","01 - Dry","10 - No control","01 - Non intersection","00 - Unknown","03 - P.D. only","06 - SMV unattended vehicle"
"12544","ROSSAN ST btwn BAYPOINTE CRES & DAYBREAK ST","367101.42042","5016076.37890","-75.70586","45.28188","2017","12/18/2017","12:11:00 PM","01 - Clear","05 - Packed snow","10 - No control","04 - At/near private drive","01 - Daylight","03 - P.D. only","06 - SMV unattended vehicle"
"12545","ROTHBOURNE RD @ MOONSTONE RD","347246.55742","5013967.10399","-75.95911","45.26438","2017","2/15/2017","11:23:00 AM","01 - Clear","03 - Loose snow","02 - Stop sign","03 - At intersection","01 - Daylight","02 - Non-fatal injury","99 - Other"
"12546","ROTHBOURNE RD btwn MOONSTONE RD & CARP RD","347472.32003","5014151.57418","-75.95622","45.26603","2017","11/30/2017","9:25:00 PM","01 - Clear","02 - Wet","10 - No control","01 - Non intersection","07 - Dark","02 - Non-fatal injury","07 - SMV other"
"12547","ROTHBURY CRES btwn PROVENDER AVE & DRAYTON PRIV","372947.13695","5034736.76367","-75.62878","45.44924","2017","12/14/2017","12:00:00 AM","03 - Snow","03 - Loose snow","10 - No control","01 - Non intersection","00 - Unknown","03 - P.D. only","06 - SMV unattended vehicle"
"12548","ROTHWELL DR btwn WICK CRES & NASKAPI DR","374620.45913","5034896.20996","-75.60737","45.45051","2017","11/2/2017","12:29:00 PM","02 - Rain","02 - Wet","10 - No control","01 - Non intersection","01 - Daylight","03 - P.D. only","07 - SMV other"
"12549","ROWANWOOD AVE btwn BYRON AVE & KEENAN AVE","362132.28697","5027087.34510","-75.76792","45.38138","2017","4/19/2017","12:00:00 AM","01 - Clear","01 - Dry","10 - No control","01 - Non intersection","00 - Unknown","03 - P.D. only","06 - SMV unattended vehicle"
"12550","ROYDON PL btwn WOODFIELD DR & WEST HUNT CLUB RD","365826.81274","5022393.15912","-75.72133","45.33883","2017","6/9/2017","2:43:00 PM","01 - Clear","01 - Dry","10 - No control","04 - At/near private drive","01 - Daylight","03 - P.D. only","05 - Turning movement"
"12551","ROYDON PL btwn WOODFIELD DR & WEST HUNT CLUB RD","365912.56324","5022272.56689","-75.72025","45.33774","2017","5/5/2017","12:15:00 PM","02 - Rain","02 - Wet","10 - No control","04 - At/near private drive","01 - Daylight","03 - P.D. only","02 - Angle"
"12552","ROYDON PL btwn WOODFIELD DR & WEST HUNT CLUB RD","365552.00723","5022347.85225","-75.72484","45.33845","2017","8/7/2017","3:16:00 PM","01 - Clear","01 - Dry","10 - No control","04 - At/near private drive","01 - Daylight","03 - P.D. only","05 - Turning movement"
"12553","ROYDON PL btwn WOODFIELD DR & WEST HUNT CLUB RD","365557.44094","5022355.05071","-75.72477","45.33851","2017","9/12/2017","6:30:00 PM","01 - Clear","01 - Dry","10 - No control","04 - At/near private drive","01 - Daylight","02 - Non-fatal injury","02 - Angle"
"12554","ROYDON PL btwn WOODFIELD DR & WEST HUNT CLUB RD","365814.44856","5022397.03329","-75.72148","45.33887","2017","12/12/2017","5:02:00 PM","03 - Snow","03 - Loose snow","10 - No control","01 - Non intersection","07 - Dark","03 - P.D. only","05 - Turning movement"
"12555","ROYDON PL btwn WOODFIELD DR & WEST HUNT CLUB RD","365754.99482","5022393.04020","-75.72224","45.33884","2017","2/15/2017","12:30:00 PM","01 - Clear","02 - Wet","10 - No control","04 - At/near private drive","01 - Daylight","03 - P.D. only","02 - Angle"
"12556","ROYDON PL btwn WOODFIELD DR & WEST HUNT CLUB RD","365830.92958","5022389.95616","-75.72128","45.33880","2017","1/25/2017","8:43:00 AM","01 - Clear","02 - Wet","10 - No control","01 - Non intersection","01 - Daylight","02 - Non-fatal injury","01 - Approaching"
"12557","ROYDON PL btwn WOODFIELD DR & WEST HUNT CLUB RD","365924.31818","5022247.91625","-75.72010","45.33752","2017","1/16/2017","2:44:00 PM","01 - Clear","01 - Dry","10 - No control","04 - At/near private drive","01 - Daylight","03 - P.D. only","02 - Angle"
"12558","ROYDON PL btwn WOODFIELD DR & WEST HUNT CLUB RD","365931.07377","5022232.18027","-75.72002","45.33737","2017","3/25/2017","5:05:00 PM","01 - Clear","01 - Dry","10 - No control","04 - At/near private drive","01 - Daylight","03 - P.D. only","02 - Angle"
"12559","RUISSELLET RD @ RUSSELL RD","398927.55235","5028952.79620","-75.29781","45.39419","2017","11/19/2017","9:32:00 AM","02 - Rain","06 - Ice","02 - Stop sign","02 - Intersection related","01 - Daylight","03 - P.D. only","07 - SMV other"
"12560","RUSHMORE RD btwn EAGLESON RD & RICHMOND RD","356794.28329","5010573.98360","-75.83781","45.23321","2017","8/25/2017","3:09:00 AM","01 - Clear","01 - Dry","10 - No control","01 - Non intersection","07 - Dark","03 - P.D. only","07 - SMV other"
"12561","RUSSELL AVE @ LAURIER AVE","369038.19517","5032215.81386","-75.67908","45.42693","2017","12/22/2017","3:00:00 PM","01 - Clear","04 - Slush","02 - Stop sign","03 - At intersection","01 - Daylight","03 - P.D. only","02 - Angle"
"12562","RUSSELL AVE @ TEMPLETON ST","369362.37884","5031686.57900","-75.67500","45.42213","2017","6/20/2017","10:10:00 AM","01 - Clear","01 - Dry","02 - Stop sign","03 - At intersection","01 - Daylight","03 - P.D. only","02 - Angle"
"12563","RUSSELL AVE btwn LAURIER AVE E & OSGOODE ST","369066.97255","5032174.34426","-75.67872","45.42655","2017","11/20/2017","12:00:00 AM","01 - Clear","06 - Ice","10 - No control","01 - Non intersection","00 - Unknown","03 - P.D. only","06 - SMV unattended vehicle"