"Record","Location","X","Y","Longitude","Latitude","Year","Date","Time","Environment","Road_Surface","Traffic_Control","Collision_Location","Light","Collision_Classification","Impact_type"
"12564","RUSSELL AVE btwn LAURIER AVE E & OSGOODE ST","369064.80100","5032172.77074","-75.67874","45.42654","2017","3/23/2017","12:00:00 AM","01 - Clear","02 - Wet","10 - No control","01 - Non intersection","00 - Unknown","03 - P.D. only","06 - SMV unattended vehicle"
"12565","RUSSELL AVE btwn OSGOODE ST & SOMERSET ST E","369175.23816","5031992.46671","-75.67736","45.42490","2017","11/26/2017","6:20:00 PM","03 - Snow","05 - Packed snow","10 - No control","01 - Non intersection","07 - Dark","03 - P.D. only","06 - SMV unattended vehicle"
"12566","RUSSELL RD @ SAUMURE RD/LANGLADE RD","399949.18075","5029463.84347","-75.28466","45.39865","2017","7/28/2017","10:08:00 AM","01 - Clear","01 - Dry","02 - Stop sign","03 - At intersection","01 - Daylight","03 - P.D. only","05 - Turning movement"
"12567","RUSSELL RD @ SAUMURE RD/LANGLADE RD","399932.60245","5029464.47590","-75.28487","45.39865","2017","9/29/2017","4:29:00 PM","01 - Clear","01 - Dry","02 - Stop sign","03 - At intersection","01 - Daylight","02 - Non-fatal injury","05 - Turning movement"
"12568","RUSSELL RD @ SAUMURE RD/LANGLADE RD","399946.89536","5029465.82229","-75.28469","45.39866","2017","3/6/2017","6:16:00 PM","04 - Freezing Rain","04 - Slush","02 - Stop sign","02 - Intersection related","05 - Dusk","03 - P.D. only","07 - SMV other"
"12569","RUSSELL RD @ SOUTHVALE CRES S","374458.07335","5028632.87530","-75.61033","45.39417","2017","7/3/2017","7:06:00 PM","01 - Clear","01 - Dry","01 - Traffic signal","02 - Intersection related","01 - Daylight","03 - P.D. only","03 - Rear end"
"12570","RUSSELL RD @ SOUTHVALE CRES S","374456.06666","5028632.20641","-75.61036","45.39416","2017","1/30/2017","8:23:00 AM","01 - Clear","01 - Dry","01 - Traffic signal","02 - Intersection related","01 - Daylight","03 - P.D. only","03 - Rear end"
"12571","RUSSELL RD @ SOUTHVALE CRES S","374457.97605","5028632.40534","-75.61033","45.39417","2017","3/20/2017","11:11:00 PM","01 - Clear","01 - Dry","01 - Traffic signal","03 - At intersection","07 - Dark","02 - Non-fatal injury","02 - Angle"
"12572","RUSSELL RD @ ST. LAURENT SERVICE RD","373432.09054","5029357.95940","-75.62333","45.40080","2017","7/24/2017","3:21:00 PM","01 - Clear","01 - Dry","02 - Stop sign","03 - At intersection","01 - Daylight","02 - Non-fatal injury","05 - Turning movement"
"12573","RUSSELL RD @ TUPPER AVE","374257.73894","5028749.21420","-75.61287","45.39524","2017","3/21/2017","7:03:00 AM","01 - Clear","02 - Wet","01 - Traffic signal","02 - Intersection related","01 - Daylight","03 - P.D. only","02 - Angle"
"12574","RUSSELL RD btwn ANDERSON RD & FARMERS WAY","380756.93612","5026442.74028","-75.53023","45.37381","2017","8/16/2017","9:07:00 PM","01 - Clear","01 - Dry","10 - No control","01 - Non intersection","07 - Dark","03 - P.D. only","07 - SMV other"
"12575","RUSSELL RD btwn ANDERSON RD & FARMERS WAY","379926.26122","5026662.00062","-75.54080","45.37587","2017","3/24/2017","11:48:00 AM","03 - Snow","03 - Loose snow","10 - No control","01 - Non intersection","01 - Daylight","03 - P.D. only","07 - SMV other"
"12576","RUSSELL RD btwn BELGREEN DR & BLAKE RD","376082.38735","5027391.92745","-75.58977","45.38284","2017","6/1/2017","5:31:00 AM","01 - Clear","01 - Dry","10 - No control","01 - Non intersection","03 - Dawn","03 - P.D. only","06 - SMV unattended vehicle"
"12577","RUSSELL RD btwn BELGREEN DR & BLAKE RD","376465.97661","5027182.99310","-75.58490","45.38092","2017","1/27/2017","4:30:00 PM","03 - Snow","02 - Wet","10 - No control","01 - Non intersection","05 - Dusk","02 - Non-fatal injury","07 - SMV other"
"12578","RUSSELL RD btwn BLAKE RD & RAMSAYVILLE RD","377391.49753","5026511.14999","-75.57318","45.37478","2017","9/3/2017","12:24:00 AM","01 - Clear","01 - Dry","10 - No control","01 - Non intersection","07 - Dark","02 - Non-fatal injury","03 - Rear end"
"12579","RUSSELL RD btwn CARLSBAD LANE & MILTON RD","389638.79396","5025326.48798","-75.41704","45.36275","2017","12/15/2017","7:00:00 PM","03 - Snow","06 - Ice","10 - No control","01 - Non intersection","07 - Dark","03 - P.D. only","07 - SMV other"
"12580","RUSSELL RD btwn CLAYTON RD & RUISSELLET RD","397789.36007","5028645.61689","-75.31240","45.39158","2017","1/27/2017","8:23:00 PM","03 - Snow","03 - Loose snow","10 - No control","01 - Non intersection","07 - Dark","03 - P.D. only","07 - SMV other"
"12581","RUSSELL RD btwn CLAYTON RD & RUISSELLET RD","397591.03630","5028588.28245","-75.31494","45.39109","2017","12/19/2017","4:41:00 PM","03 - Snow","02 - Wet","10 - No control","01 - Non intersection","05 - Dusk","03 - P.D. only","03 - Rear end"
"12582","RUSSELL RD btwn CUBA AVE & SMYTH RD","373184.27417","5029451.75829","-75.62648","45.40166","2017","10/31/2017","9:58:00 AM","01 - Clear","01 - Dry","10 - No control","01 - Non intersection","01 - Daylight","03 - P.D. only","05 - Turning movement"
"12583","RUSSELL RD btwn CUBA AVE & SMYTH RD","373013.43479","5029500.52843","-75.62866","45.40212","2017","4/20/2017","11:07:00 AM","01 - Clear","01 - Dry","10 - No control","01 - Non intersection","01 - Daylight","03 - P.D. only","06 - SMV unattended vehicle"
"12584","RUSSELL RD btwn DUNNING RD & CLAYTON RD","396344.63504","5028007.00626","-75.33096","45.38602","2017","10/13/2017","6:50:00 AM","01 - Clear","01 - Dry","10 - No control","01 - Non intersection","03 - Dawn","03 - P.D. only","07 - SMV other"
"12585","RUSSELL RD btwn FARMERS WAY & TO BE DETERMINED","382234.12613","5026226.14733","-75.51141","45.37170","2017","3/24/2017","10:35:00 AM","03 - Snow","05 - Packed snow","10 - No control","01 - Non intersection","01 - Daylight","03 - P.D. only","07 - SMV other"
"12586","RUSSELL RD btwn FORCED RD & DUNNING RD","395845.75571","5027781.31739","-75.33737","45.38405","2017","9/27/2017","6:57:00 AM","01 - Clear","01 - Dry","10 - No control","04 - At/near private drive","01 - Daylight","03 - P.D. only","03 - Rear end"
"12587","RUSSELL RD btwn FRANK KENNY RD & ROCKDALE RD","392646.01898","5026397.54530","-75.37847","45.37201","2017","8/2/2017","5:50:00 AM","01 - Clear","02 - Wet","10 - No control","01 - Non intersection","03 - Dawn","03 - P.D. only","07 - SMV other"
"12588","RUSSELL RD btwn FRANK KENNY RD & ROCKDALE RD","392658.83532","5026402.26460","-75.37831","45.37205","2017","12/1/2017","4:58:00 PM","02 - Rain","02 - Wet","10 - No control","01 - Non intersection","07 - Dark","03 - P.D. only","07 - SMV other"
"12589","RUSSELL RD btwn HAIG DR & CUBA AVE","372905.16105","5029536.13430","-75.63004","45.40245","2017","12/22/2017","10:13:00 AM","01 - Clear","02 - Wet","10 - No control","04 - At/near private drive","01 - Daylight","03 - P.D. only","03 - Rear end"
"12590","RUSSELL RD btwn HERBERT DR & FORCED RD","395296.36600","5027573.07667","-75.34443","45.38225","2017","11/26/2017","6:49:00 PM","03 - Snow","03 - Loose snow","10 - No control","01 - Non intersection","07 - Dark","03 - P.D. only","07 - SMV other"
"12591","RUSSELL RD btwn HERBERT DR & FORCED RD","395707.62891","5027735.34828","-75.33915","45.38366","2017","2/5/2017","6:45:00 AM","03 - Snow","03 - Loose snow","10 - No control","01 - Non intersection","03 - Dawn","03 - P.D. only","07 - SMV other"
"12592","RUSSELL RD btwn MILTON RD & SAND RD","389798.21682","5025333.05805","-75.41501","45.36279","2017","10/8/2017","8:42:00 PM","01 - Clear","01 - Dry","10 - No control","01 - Non intersection","07 - Dark","03 - P.D. only","07 - SMV other"
"12593","RUSSELL RD btwn MILTON RD & SAND RD","390824.95131","5025794.50673","-75.40182","45.36681","2017","10/4/2017","6:38:00 AM","01 - Clear","01 - Dry","10 - No control","01 - Non intersection","03 - Dawn","03 - P.D. only","07 - SMV other"
"12594","RUSSELL RD btwn MILTON RD & SAND RD","390665.29978","5025725.76759","-75.40387","45.36622","2017","10/4/2017","6:29:00 AM","01 - Clear","01 - Dry","10 - No control","01 - Non intersection","07 - Dark","03 - P.D. only","07 - SMV other"
"12595","RUSSELL RD btwn MILTON RD & SAND RD","390877.48832","5025819.79882","-75.40115","45.36704","2017","12/23/2017","1:34:00 PM","03 - Snow","03 - Loose snow","10 - No control","01 - Non intersection","01 - Daylight","02 - Non-fatal injury","07 - SMV other"
"12596","RUSSELL RD btwn RUSSELL RD & BELGREEN DR","375853.49616","5027529.70970","-75.59267","45.38410","2017","12/12/2017","5:23:00 AM","03 - Snow","03 - Loose snow","10 - No control","01 - Non intersection","07 - Dark","02 - Non-fatal injury","07 - SMV other"
"12597","RUSSELL RD btwn SAND RD & FRANK KENNY RD","391129.76516","5025931.23381","-75.39791","45.36801","2017","12/11/2017","5:11:00 PM","01 - Clear","06 - Ice","10 - No control","01 - Non intersection","07 - Dark","02 - Non-fatal injury","03 - Rear end"
"12598","RUSSELL RD btwn SHELLEY AVE & THIRSK ST","372515.48937","5030007.46379","-75.63495","45.40673","2017","7/13/2017","6:38:00 PM","01 - Clear","01 - Dry","10 - No control","04 - At/near private drive","01 - Daylight","02 - Non-fatal injury","02 - Angle"
"12599","RUSSELL RD btwn SOUTHVALE CRES & TUPPER AVE","373840.53722","5029070.79315","-75.61815","45.39817","2017","10/12/2017","8:51:00 AM","01 - Clear","01 - Dry","10 - No control","01 - Non intersection","01 - Daylight","03 - P.D. only","03 - Rear end"
"12600","RUSSELL RD btwn SOUTHVALE CRES & TUPPER AVE","373959.42825","5028978.97029","-75.61665","45.39733","2017","12/10/2017","12:00:00 AM","01 - Clear","03 - Loose snow","10 - No control","01 - Non intersection","00 - Unknown","03 - P.D. only","06 - SMV unattended vehicle"
"12601","RUSSELL RD btwn SOUTHVALE CRES & TUPPER AVE","374135.99981","5028840.85299","-75.61441","45.39607","2017","11/9/2017","11:03:00 PM","03 - Snow","02 - Wet","10 - No control","01 - Non intersection","07 - Dark","02 - Non-fatal injury","07 - SMV other"
"12602","RUSSELL RD btwn SOUTHVALE CRES & TUPPER AVE","374197.21264","5028794.74775","-75.61364","45.39565","2017","4/23/2017","4:23:00 AM","01 - Clear","01 - Dry","10 - No control","01 - Non intersection","07 - Dark","02 - Non-fatal injury","07 - SMV other"
"12603","RUSSELL RD btwn ST. LAURENT BLVD & SOUTHVALE CRES","373777.54002","5029113.55414","-75.61895","45.39856","2017","10/27/2017","3:02:00 PM","01 - Clear","01 - Dry","10 - No control","01 - Non intersection","01 - Daylight","03 - P.D. only","04 - Sideswipe"
"12604","RUSSELL RD btwn THIRSK ST & HAIG DR","372670.86438","5029741.83755","-75.63300","45.40432","2017","11/27/2017","4:06:00 PM","01 - Clear","01 - Dry","10 - No control","01 - Non intersection","01 - Daylight","03 - P.D. only","03 - Rear end"
"12605","RUSSELL RD btwn TUPPER AVE & SOUTHVALE CRES","374302.55500","5028720.45165","-75.61230","45.39497","2017","7/2/2017","5:02:00 PM","02 - Rain","02 - Wet","10 - No control","01 - Non intersection","01 - Daylight","03 - P.D. only","07 - SMV other"
"12606","RUSSELL RD btwn WAY ST & BOUNDARY RD","385527.51935","5026385.82731","-75.46934","45.37276","2017","11/1/2017","7:30:00 AM","01 - Clear","01 - Dry","10 - No control","01 - Non intersection","03 - Dawn","03 - P.D. only","07 - SMV other"
"12607","RUSSELL RD S @ ST. LAURENT BLVD","373570.18669","5029261.89544","-75.62158","45.39992","2017","4/27/2017","4:16:00 PM","01 - Clear","01 - Dry","01 - Traffic signal","02 - Intersection related","01 - Daylight","03 - P.D. only","03 - Rear end"
"12608","RUSSELL RD S @ ST. LAURENT BLVD","373569.53323","5029260.38270","-75.62159","45.39990","2017","9/13/2017","5:00:00 PM","01 - Clear","01 - Dry","01 - Traffic signal","02 - Intersection related","01 - Daylight","02 - Non-fatal injury","03 - Rear end"
"12609","RUSSELL RD S @ ST. LAURENT BLVD","373569.40711","5029259.91272","-75.62159","45.39990","2017","9/21/2017","9:51:00 AM","01 - Clear","01 - Dry","01 - Traffic signal","02 - Intersection related","01 - Daylight","03 - P.D. only","02 - Angle"
"12610","RUSSELL RD S @ ST. LAURENT BLVD","373569.95727","5029263.51083","-75.62158","45.39993","2017","4/6/2017","2:00:00 PM","02 - Rain","02 - Wet","01 - Traffic signal","02 - Intersection related","01 - Daylight","03 - P.D. only","04 - Sideswipe"
"12611","RUSSLAND RD btwn Continuation of RUSSLAND RD & GARLANDSIDE RD","400001.33330","5024200.61895","-75.28501","45.35129","2017","1/11/2017","5:55:00 PM","01 - Clear","02 - Wet","10 - No control","04 - At/near private drive","07 - Dark","03 - P.D. only","05 - Turning movement"
"12612","RUSSLAND RD btwn ROCKDALE RD & DUNNING RD","397155.95730","5022979.21989","-75.32154","45.34068","2017","6/15/2017","8:29:00 PM","01 - Clear","01 - Dry","10 - No control","01 - Non intersection","05 - Dusk","03 - P.D. only","01 - Approaching"
"12613","RUSSLAND RD btwn ROCKDALE RD & DUNNING RD","396826.05915","5022822.46792","-75.32578","45.33931","2017","1/16/2017","10:00:00 PM","01 - Clear","01 - Dry","10 - No control","01 - Non intersection","07 - Dark","03 - P.D. only","07 - SMV other"
"12614","RUSSLAND RD btwn ROCKDALE RD & DUNNING RD","396193.01282","5022575.35166","-75.33390","45.33717","2017","1/9/2017","7:00:00 AM","01 - Clear","06 - Ice","10 - No control","01 - Non intersection","03 - Dawn","03 - P.D. only","03 - Rear end"
"12615","SABLE RUN DR @ WEST RIDGE DR","349083.37730","5013219.20285","-75.93577","45.25754","2017","12/3/2017","6:17:00 AM","01 - Clear","01 - Dry","02 - Stop sign","02 - Intersection related","07 - Dark","03 - P.D. only","07 - SMV other"
"12616","SABLEWOOD PL btwn RANCHWOOD WAY E & SABLEWOOD PL","380604.02768","5034676.25341","-75.53091","45.44791","2017","12/28/2017","6:22:00 PM","01 - Clear","05 - Packed snow","10 - No control","04 - At/near private drive","07 - Dark","02 - Non-fatal injury","07 - SMV other"
"12617","SACKVILLE ST btwn NORTON AVE & TAVISTOCK RD","360734.67371","5024887.22472","-75.78601","45.36170","2017","6/10/2017","12:46:00 PM","01 - Clear","01 - Dry","10 - No control","04 - At/near private drive","01 - Daylight","03 - P.D. only","06 - SMV unattended vehicle"
"12618","SADDLESMITH CIRC btwn TO BE DETERMINED & CEDAR VALLEY DR (2)","355809.80877","5015833.16621","-75.84981","45.28060","2017","2/26/2017","6:06:00 PM","01 - Clear","01 - Dry","10 - No control","01 - Non intersection","07 - Dark","03 - P.D. only","03 - Rear end"
"12619","SAI CRES btwn BLOHM DR & BLOHM DR","374554.32730","5026649.51500","-75.60938","45.37631","2017","9/22/2017","11:59:00 AM","01 - Clear","01 - Dry","10 - No control","01 - Non intersection","01 - Daylight","03 - P.D. only","06 - SMV unattended vehicle"
"12620","SALTER CRES @ TERON RD","352520.24046","5020552.82702","-75.89128","45.32330","2017","10/2/2017","4:47:00 PM","01 - Clear","01 - Dry","02 - Stop sign","03 - At intersection","01 - Daylight","03 - P.D. only","02 - Angle"
"12621","SANDALWOOD DR btwn BAYCREST DR & HERON RD","371464.59875","5026937.01682","-75.64879","45.37920","2017","7/21/2017","12:52:00 PM","01 - Clear","01 - Dry","10 - No control","01 - Non intersection","01 - Daylight","03 - P.D. only","99 - Other"
"12622","SANDALWOOD DR btwn BAYCREST DR & HERON RD","371472.02262","5026868.27581","-75.64870","45.37858","2017","4/3/2017","12:00:00 AM","02 - Rain","02 - Wet","10 - No control","01 - Non intersection","07 - Dark","03 - P.D. only","06 - SMV unattended vehicle"
"12623","SANFORD AVE btwn LEXINGTON ST & MORLEY BLVD","366661.33426","5026131.64872","-75.71021","45.37240","2017","3/7/2017","11:16:00 AM","04 - Freezing Rain","06 - Ice","10 - No control","04 - At/near private drive","01 - Daylight","03 - P.D. only","06 - SMV unattended vehicle"
"12624","SANFORD FLEMING AVE @ TERMINAL AVE","370857.70079","5030831.89768","-75.65601","45.41430","2017","1/25/2017","9:14:00 AM","01 - Clear","02 - Wet","02 - Stop sign","03 - At intersection","01 - Daylight","02 - Non-fatal injury","02 - Angle"
"12625","SANFORD FLEMING AVE @ TERMINAL AVE","370857.01309","5030832.09859","-75.65602","45.41431","2017","1/4/2017","4:50:00 PM","01 - Clear","06 - Ice","02 - Stop sign","03 - At intersection","05 - Dusk","02 - Non-fatal injury","07 - SMV other"
"12626","SANSONNET ST btwn WILLOWBARK DR & WINDFLOWER WAY","379795.21725","5034637.98557","-75.54126","45.44765","2017","5/6/2017","12:00:00 AM","01 - Clear","01 - Dry","10 - No control","01 - Non intersection","00 - Unknown","03 - P.D. only","06 - SMV unattended vehicle"
"12627","SANSONNET ST btwn WINDFLOWER WAY & WINDFLOWER WAY","379828.78563","5034518.75382","-75.54085","45.44657","2017","2/17/2017","3:02:00 PM","01 - Clear","04 - Slush","10 - No control","04 - At/near private drive","01 - Daylight","03 - P.D. only","02 - Angle"
"12628","SARSFIELD RD btwn DUNNING RD & MAGLADRY RD","396897.89687","5029669.07838","-75.32359","45.40090","2017","1/5/2017","8:24:00 AM","01 - Clear","05 - Packed snow","10 - No control","01 - Non intersection","01 - Daylight","03 - P.D. only","01 - Approaching"
"12629","SAUNDERSON DR @ HAMLET RD","372845.88386","5029242.83795","-75.63083","45.39982","2017","7/28/2017","4:00:00 PM","01 - Clear","01 - Dry","02 - Stop sign","03 - At intersection","01 - Daylight","03 - P.D. only","02 - Angle"
"12630","SAUNDERSON DR @ PLEASANT PARK RD","373145.55098","5028668.49545","-75.62709","45.39462","2017","4/14/2017","4:25:00 PM","01 - Clear","01 - Dry","02 - Stop sign","03 - At intersection","01 - Daylight","02 - Non-fatal injury","02 - Angle"
"12631","SAUNDERSON DR @ SMYTH RD","372793.18856","5029324.90765","-75.63150","45.40056","2017","2/7/2017","12:01:00 PM","01 - Clear","02 - Wet","01 - Traffic signal","03 - At intersection","01 - Daylight","03 - P.D. only","05 - Turning movement"
"12632","SAUNDERSON DR @ SMYTH RD","372793.73130","5029324.36491","-75.63149","45.40056","2017","2/3/2017","8:55:00 AM","01 - Clear","01 - Dry","01 - Traffic signal","03 - At intersection","01 - Daylight","03 - P.D. only","05 - Turning movement"
"12633","SAUNDERSON DR @ SMYTH RD","372794.73464","5029324.21970","-75.63148","45.40055","2017","3/15/2017","6:20:00 PM","01 - Clear","05 - Packed snow","01 - Traffic signal","02 - Intersection related","07 - Dark","02 - Non-fatal injury","07 - SMV other"
"12634","SAUNDERSON DR @ SMYTH RD","372794.44136","5029324.73423","-75.63148","45.40056","2017","12/31/2017","6:47:00 AM","01 - Clear","02 - Wet","01 - Traffic signal","02 - Intersection related","07 - Dark","02 - Non-fatal injury","05 - Turning movement"
"12635","SAUNDERSON DR btwn RAGLAN AVE & SMYTH RD","372771.32327","5029375.72471","-75.63177","45.40102","2017","4/21/2017","12:51:00 PM","02 - Rain","02 - Wet","10 - No control","01 - Non intersection","01 - Daylight","03 - P.D. only","04 - Sideswipe"
"12636","SAUNDERSON DR btwn WESTON DR & PLEASANT PARK RD","373130.10700","5028819.32683","-75.62726","45.39598","2017","10/22/2017","9:59:00 AM","01 - Clear","01 - Dry","10 - No control","01 - Non intersection","01 - Daylight","02 - Non-fatal injury","01 - Approaching"
"12637","SAVAGE DR btwn HAZELDEAN RD & IVA ST","350457.12897","5015347.29586","-75.91807","45.27660","2017","3/23/2017","8:50:00 AM","01 - Clear","01 - Dry","10 - No control","01 - Non intersection","01 - Daylight","03 - P.D. only","01 - Approaching"
"12638","SAXONY CRES btwn NORDIC WAY & NORDIC WAY","374906.68701","5031297.72124","-75.60422","45.41810","2017","1/27/2017","10:49:00 PM","01 - Clear","05 - Packed snow","10 - No control","01 - Non intersection","07 - Dark","03 - P.D. only","06 - SMV unattended vehicle"
"12639","SCALA AVE btwn ESPRIT DR & MARSHFIELD ST","384893.50370","5036397.46174","-75.47581","45.46291","2017","2/19/2017","12:55:00 PM","01 - Clear","03 - Loose snow","10 - No control","01 - Non intersection","01 - Daylight","03 - P.D. only","06 - SMV unattended vehicle"
"12640","SCHNEIDER RD btwn LEGGET DR & CARLING AVE","351615.89820","5022303.90190","-75.90265","45.33912","2017","2/10/2017","6:00:00 PM","01 - Clear","01 - Dry","10 - No control","04 - At/near private drive","05 - Dusk","03 - P.D. only","06 - SMV unattended vehicle"
"12641","SCOTT ST @ STIRLING AVE","365212.58790","5029884.24931","-75.72825","45.40629","2017","12/19/2017","7:32:00 AM","03 - Snow","03 - Loose snow","02 - Stop sign","02 - Intersection related","03 - Dawn","03 - P.D. only","02 - Angle"
"12642","SCOTT ST btwn CARLETON AVE & WESTERN AVE","364151.81705","5029235.29609","-75.74188","45.40054","2017","6/21/2017","4:35:00 PM","01 - Clear","01 - Dry","10 - No control","01 - Non intersection","01 - Daylight","02 - Non-fatal injury","03 - Rear end"
"12643","SCOTT ST btwn CAROLINE AVE & HURON AVE N","364654.84252","5029545.88132","-75.73541","45.40329","2017","9/15/2017","8:08:00 AM","01 - Clear","01 - Dry","10 - No control","01 - Non intersection","01 - Daylight","02 - Non-fatal injury","04 - Sideswipe"
"12644","SCOTT ST btwn ISLAND PARK DR & OAKDALE AVE","363892.21793","5029077.34280","-75.74521","45.39914","2017","6/6/2017","4:10:00 PM","02 - Rain","02 - Wet","10 - No control","01 - Non intersection","01 - Daylight","03 - P.D. only","03 - Rear end"
"12645","SCOTT ST btwn PARKDALE AVE & PINEHURST AVE","364974.78721","5029740.60662","-75.73130","45.40502","2017","5/24/2017","12:30:00 PM","01 - Clear","01 - Dry","10 - No control","01 - Non intersection","01 - Daylight","03 - P.D. only","03 - Rear end"
"12646","SCOTT ST btwn PINHEY ST & MERTON ST","365309.31169","5029944.45556","-75.72700","45.40682","2017","11/2/2017","3:47:00 PM","01 - Clear","02 - Wet","10 - No control","01 - Non intersection","01 - Daylight","02 - Non-fatal injury","03 - Rear end"
"12647","SCOTT ST btwn STIRLING AVE & PINHEY ST","365264.09472","5029915.14152","-75.72759","45.40656","2017","11/17/2017","5:04:00 PM","01 - Clear","01 - Dry","10 - No control","01 - Non intersection","07 - Dark","03 - P.D. only","04 - Sideswipe"
"12648","SCOUT ST @ STATEN WAY W","364229.44909","5025408.75762","-75.74134","45.36610","2017","12/11/2017","8:58:00 AM","01 - Clear","05 - Packed snow","10 - No control","03 - At intersection","01 - Daylight","03 - P.D. only","02 - Angle"
"12649","SCOUT ST btwn WHITESTONE DR & CENTRAL PARK DR","364662.73419","5025397.19605","-75.73582","45.36596","2017","1/8/2017","12:35:00 AM","01 - Clear","06 - Ice","10 - No control","01 - Non intersection","07 - Dark","03 - P.D. only","01 - Approaching"
"12650","SCRIVENS DR btwn BANK ST & MITCHELL ST","382743.71297","5010447.30670","-75.50738","45.22967","2017","3/24/2017","11:09:00 AM","03 - Snow","03 - Loose snow","10 - No control","04 - At/near private drive","01 - Daylight","03 - P.D. only","02 - Angle"
"12651","SECOND AVE @ BRONSON AVE","367519.96858","5029162.68242","-75.69887","45.39959","2017","6/23/2017","6:32:00 PM","02 - Rain","02 - Wet","02 - Stop sign","03 - At intersection","01 - Daylight","03 - P.D. only","05 - Turning movement"
"12652","SECOND AVE @ BRONSON AVE","367519.16015","5029162.55530","-75.69888","45.39959","2017","10/6/2017","2:57:00 PM","01 - Clear","01 - Dry","02 - Stop sign","02 - Intersection related","01 - Daylight","03 - P.D. only","04 - Sideswipe"
"12653","SECOND AVE @ BRONSON AVE","367518.70326","5029162.55530","-75.69888","45.39959","2017","11/24/2017","4:03:00 PM","01 - Clear","01 - Dry","02 - Stop sign","03 - At intersection","01 - Daylight","03 - P.D. only","05 - Turning movement"
"12654","SECOND AVE @ BRONSON AVE","367519.59232","5029161.92990","-75.69887","45.39959","2017","4/1/2017","9:13:00 PM","01 - Clear","01 - Dry","02 - Stop sign","03 - At intersection","07 - Dark","03 - P.D. only","05 - Turning movement"
"12655","SECOND AVE btwn BANK ST & O'CONNOR ST","368476.38242","5029730.23952","-75.68658","45.40461","2017","10/21/2017","12:00:00 AM","01 - Clear","01 - Dry","10 - No control","01 - Non intersection","00 - Unknown","03 - P.D. only","06 - SMV unattended vehicle"
"12656","SECOND AVE btwn BANK ST & O'CONNOR ST","368382.23186","5029673.87916","-75.68779","45.40411","2017","1/24/2017","8:54:00 PM","01 - Clear","03 - Loose snow","10 - No control","04 - At/near private drive","07 - Dark","03 - P.D. only","99 - Other"
"12657","SECOND AVE btwn LYON ST S & BANK ST","368288.21906","5029617.63134","-75.68900","45.40362","2017","10/11/2017","8:50:00 AM","01 - Clear","01 - Dry","10 - No control","01 - Non intersection","01 - Daylight","02 - Non-fatal injury","07 - SMV other"
"12658","SECOND AVE btwn O'CONNOR ST & QUEEN ELIZABETH DRWY","368638.85717","5029828.11475","-75.68449","45.40548","2017","2/15/2017","9:50:00 AM","03 - Snow","03 - Loose snow","10 - No control","01 - Non intersection","01 - Daylight","03 - P.D. only","01 - Approaching"
"12659","SECOND LINE RD    S btwn CENTURY RD E & CARSONBY RD E","366365.51559","5005493.43422","-75.71655","45.18672","2017","3/16/2017","8:23:00 AM","01 - Clear","05 - Packed snow","10 - No control","04 - At/near private drive","01 - Daylight","03 - P.D. only","02 - Angle"
"12660","SECOND LINE RD btwn GOWARD DR & KLONDIKE RD","347899.93253","5023391.98938","-75.94997","45.34915","2017","8/2/2017","5:17:00 PM","01 - Clear","01 - Dry","10 - No control","01 - Non intersection","01 - Daylight","03 - P.D. only","07 - SMV other"
"12661","SECOND LINE RD btwn MURPHY SIDE RD & ROYCROFT WAY","344049.18841","5027452.28034","-75.99878","45.38591","2017","11/16/2017","7:46:00 AM","01 - Clear","01 - Dry","10 - No control","01 - Non intersection","01 - Daylight","03 - P.D. only","07 - SMV other"
"12662","SECOND LINE RD btwn THOMAS A. DOLAN PKWY & MURPHY SIDE RD","341212.64762","5030363.40806","-76.03479","45.41226","2017","1/14/2017","12:33:00 PM","01 - Clear","01 - Dry","10 - No control","01 - Non intersection","01 - Daylight","03 - P.D. only","07 - SMV other"
"12663","SECOND LINE RD btwn WILD ACRE LANE & SHARNE LANE","346789.20254","5024600.25644","-75.96404","45.36009","2017","3/8/2017","7:20:00 AM","01 - Clear","06 - Ice","10 - No control","01 - Non intersection","01 - Daylight","02 - Non-fatal injury","01 - Approaching"
"12664","SEDONA ST btwn WOODGATE WAY & ROYAL FIELD CRES","365087.76570","5017720.37899","-75.73133","45.29685","2017","12/20/2017","3:32:00 PM","03 - Snow","04 - Slush","10 - No control","04 - At/near private drive","01 - Daylight","03 - P.D. only","06 - SMV unattended vehicle"
"12665","SELKIRK ST btwn NORTH RIVER RD & DUNDAS ST","369860.37944","5032768.00694","-75.66850","45.43182","2017","2/2/2017","6:22:00 PM","01 - Clear","01 - Dry","10 - No control","04 - At/near private drive","07 - Dark","03 - P.D. only","02 - Angle"
"12666","SENECA ST @ SUNNYSIDE AVE","368224.15430","5028274.21595","-75.68999","45.39154","2017","10/12/2017","5:08:00 PM","01 - Clear","01 - Dry","02 - Stop sign","03 - At intersection","01 - Daylight","02 - Non-fatal injury","07 - SMV other"