"Record","Location","X","Y","Longitude","Latitude","Year","Date","Time","Environment","Road_Surface","Traffic_Control","Collision_Location","Light","Collision_Classification","Impact_type"
"12667","SENECA ST @ SUNNYSIDE AVE","368222.62579","5028274.68850","-75.69001","45.39154","2017","11/3/2017","1:47:00 PM","01 - Clear","01 - Dry","02 - Stop sign","03 - At intersection","01 - Daylight","03 - P.D. only","07 - SMV other"
"12668","SENECA ST btwn SUNNYSIDE AVE & HOPEWELL AVE","368233.83484","5028260.42244","-75.68986","45.39141","2017","11/6/2017","11:56:00 AM","01 - Clear","01 - Dry","10 - No control","04 - At/near private drive","01 - Daylight","03 - P.D. only","06 - SMV unattended vehicle"
"12669","SENECA ST btwn WOODBINE PL & SUNNYSIDE AVE","368217.79978","5028281.69626","-75.69007","45.39160","2017","5/11/2017","5:15:00 PM","01 - Clear","01 - Dry","10 - No control","01 - Non intersection","01 - Daylight","03 - P.D. only","06 - SMV unattended vehicle"
"12670","SERENITY AVE btwn BALLANTYNE DR & VENUS AVE","385766.89352","5037090.43092","-75.46452","45.46905","2017","12/17/2017","12:52:00 PM","01 - Clear","05 - Packed snow","10 - No control","04 - At/near private drive","01 - Daylight","03 - P.D. only","02 - Angle"
"12671","SEYTON DR btwn FLORIZEL AVE & FORESTVIEW CRES","356887.31009","5019639.41001","-75.83567","45.31477","2017","1/15/2017","11:13:00 AM","01 - Clear","01 - Dry","10 - No control","01 - Non intersection","01 - Daylight","03 - P.D. only","06 - SMV unattended vehicle"
"12672","SEYTON DR btwn LOVELL LANE & TYRRELL PL","357121.25058","5019770.26495","-75.83268","45.31593","2017","3/8/2017","7:22:00 PM","01 - Clear","01 - Dry","10 - No control","01 - Non intersection","07 - Dark","03 - P.D. only","03 - Rear end"
"12673","SEYTON DR btwn SONNET CRES & SONNET CRES","357248.36956","5019452.01321","-75.83109","45.31306","2017","12/9/2017","12:00:00 AM","03 - Snow","03 - Loose snow","10 - No control","01 - Non intersection","00 - Unknown","03 - P.D. only","06 - SMV unattended vehicle"
"12674","SHADY BRANCH TR btwn TRAILWAY CIRC & TRAILWAY CIRC","350699.27097","5014313.08034","-75.91508","45.26728","2017","3/22/2017","12:05:00 PM","01 - Clear","01 - Dry","10 - No control","04 - At/near private drive","01 - Daylight","03 - P.D. only","05 - Turning movement"
"12675","SHAKESPEARE ST btwn STE. ANNE ST & GRANVILLE ST","370612.30015","5033651.26648","-75.65877","45.43970","2017","8/24/2017","5:53:00 PM","01 - Clear","01 - Dry","10 - No control","01 - Non intersection","01 - Daylight","03 - P.D. only","06 - SMV unattended vehicle"
"12676","SHANDON AVE btwn GRANDFIELD LANE & EARL MULLIGAN DR","364860.25988","5017572.61608","-75.73424","45.29554","2017","3/7/2017","10:21:00 AM","04 - Freezing Rain","06 - Ice","10 - No control","01 - Non intersection","01 - Daylight","03 - P.D. only","07 - SMV other"
"12677","SHAUGHNESSY CRES btwn KNUDSON DR & WINDEYER CRES (2)","350638.17082","5020397.68481","-75.91530","45.32203","2017","2/20/2017","12:00:00 AM","01 - Clear","01 - Dry","10 - No control","01 - Non intersection","00 - Unknown","03 - P.D. only","06 - SMV unattended vehicle"
"12678","SHAWONDASEE ST btwn TEMPEST DR & TEMPEST DR","350406.20063","5016187.01051","-75.91865","45.28416","2017","8/31/2017","4:31:00 PM","01 - Clear","01 - Dry","10 - No control","04 - At/near private drive","01 - Daylight","03 - P.D. only","06 - SMV unattended vehicle"
"12679","SHEA RD btwn ABBOTT ST E & FERNBANK RD","351525.98618","5013716.94014","-75.90461","45.26186","2017","3/31/2017","9:16:00 PM","03 - Snow","04 - Slush","10 - No control","01 - Non intersection","07 - Dark","03 - P.D. only","07 - SMV other"
"12680","SHEA RD btwn FERNBANK RD & FLEWELLYN RD","352984.67874","5012185.06736","-75.88617","45.24798","2017","11/23/2017","8:20:00 PM","01 - Clear","01 - Dry","10 - No control","01 - Non intersection","07 - Dark","03 - P.D. only","07 - SMV other"
"12681","SHEFFIELD RD @ WALKLEY RD","375257.40065","5028785.20770","-75.60010","45.39546","2017","4/28/2017","8:08:00 AM","01 - Clear","01 - Dry","01 - Traffic signal","02 - Intersection related","01 - Daylight","02 - Non-fatal injury","03 - Rear end"
"12682","SHEFFIELD RD @ WALKLEY RD","375257.28817","5028785.65612","-75.60010","45.39546","2017","7/27/2017","5:33:00 PM","01 - Clear","01 - Dry","01 - Traffic signal","02 - Intersection related","01 - Daylight","03 - P.D. only","04 - Sideswipe"
"12683","SHEFFIELD RD @ WALKLEY RD","375259.02960","5028783.46005","-75.60008","45.39544","2017","8/21/2017","5:00:00 PM","01 - Clear","01 - Dry","01 - Traffic signal","03 - At intersection","01 - Daylight","02 - Non-fatal injury","05 - Turning movement"
"12684","SHEFFIELD RD @ WALKLEY RD","375257.40065","5028783.20101","-75.60010","45.39544","2017","12/4/2017","5:11:00 PM","01 - Clear","01 - Dry","01 - Traffic signal","02 - Intersection related","07 - Dark","03 - P.D. only","03 - Rear end"
"12685","SHEFFIELD RD @ WALKLEY RD","375258.73844","5028784.53880","-75.60008","45.39545","2017","11/17/2017","4:19:00 PM","01 - Clear","01 - Dry","01 - Traffic signal","03 - At intersection","01 - Daylight","02 - Non-fatal injury","05 - Turning movement"
"12686","SHEFFIELD RD @ WALKLEY RD","375258.59347","5028784.53880","-75.60008","45.39545","2017","1/9/2017","11:00:00 AM","01 - Clear","02 - Wet","01 - Traffic signal","02 - Intersection related","01 - Daylight","03 - P.D. only","03 - Rear end"
"12687","SHEFFIELD RD @ WALKLEY RD","375257.73510","5028782.89946","-75.60010","45.39544","2017","2/7/2017","6:55:00 AM","01 - Clear","03 - Loose snow","01 - Traffic signal","02 - Intersection related","03 - Dawn","03 - P.D. only","03 - Rear end"
"12688","SHEFFIELD RD @ WALKLEY RD","375258.48557","5028784.91403","-75.60009","45.39546","2017","2/1/2017","3:14:00 PM","01 - Clear","01 - Dry","01 - Traffic signal","02 - Intersection related","01 - Daylight","03 - P.D. only","03 - Rear end"
"12689","SHEFFIELD RD @ WALKLEY RD","375257.40065","5028785.87659","-75.60010","45.39547","2017","3/3/2017","4:44:00 PM","01 - Clear","01 - Dry","01 - Traffic signal","02 - Intersection related","01 - Daylight","03 - P.D. only","03 - Rear end"
"12690","SHEFFIELD RD @ WALKLEY RD","375256.77931","5028784.77775","-75.60011","45.39546","2017","12/19/2017","9:54:00 PM","01 - Clear","02 - Wet","01 - Traffic signal","03 - At intersection","07 - Dark","03 - P.D. only","05 - Turning movement"
"12691","SHEFFIELD RD btwn BANTREE ST & LEEDS AVE","374823.32128","5029643.36352","-75.60552","45.40323","2017","1/10/2017","12:17:00 AM","03 - Snow","06 - Ice","10 - No control","01 - Non intersection","07 - Dark","03 - P.D. only","07 - SMV other"
"12692","SHEFFIELD RD btwn BANTREE ST & LEEDS AVE","374707.12947","5029907.36666","-75.60697","45.40561","2017","2/7/2017","4:08:00 PM","04 - Freezing Rain","06 - Ice","10 - No control","01 - Non intersection","01 - Daylight","03 - P.D. only","99 - Other"
"12693","SHEFFIELD RD btwn INNES PARK WAY & BANTREE ST","374617.19143","5030114.77197","-75.60809","45.40749","2017","6/8/2017","12:00:00 AM","02 - Rain","02 - Wet","10 - No control","01 - Non intersection","00 - Unknown","03 - P.D. only","06 - SMV unattended vehicle"
"12694","SHEFFIELD RD btwn INNES PARK WAY & BANTREE ST","374197.46854","5030479.93396","-75.61340","45.41081","2017","2/6/2017","10:43:00 AM","01 - Clear","01 - Dry","10 - No control","04 - At/near private drive","01 - Daylight","03 - P.D. only","05 - Turning movement"
"12695","SHEFFIELD RD btwn TO BE DETERMINED & WALKLEY RD","375159.74517","5028967.79237","-75.60132","45.39711","2017","9/25/2017","1:52:00 AM","01 - Clear","01 - Dry","10 - No control","01 - Non intersection","07 - Dark","03 - P.D. only","03 - Rear end"
"12696","SHELDRAKE DR btwn LAURIE CRT & CASTLEFRANK RD","353224.07788","5016500.30095","-75.88270","45.28679","2017","12/27/2017","11:30:00 AM","01 - Clear","04 - Slush","10 - No control","01 - Non intersection","01 - Daylight","03 - P.D. only","06 - SMV unattended vehicle"
"12697","SHEPPARD'S GLEN AVE btwn CROWNRIDGE DR & GRASSY PLAINS DR","355976.06606","5015445.04569","-75.84773","45.27710","2017","2/24/2017","12:00:00 AM","01 - Clear","01 - Dry","10 - No control","01 - Non intersection","07 - Dark","03 - P.D. only","06 - SMV unattended vehicle"
"12698","SHERMAN DR btwn NAVAHO DR & CLINE CRES","363027.59699","5024898.61923","-75.75675","45.36161","2017","1/4/2017","6:15:00 PM","03 - Snow","03 - Loose snow","10 - No control","01 - Non intersection","07 - Dark","03 - P.D. only","06 - SMV unattended vehicle"
"12699","SHERRING CRES @ SHERRING CRT","350442.22636","5020222.96367","-75.91782","45.32047","2017","7/31/2017","12:00:00 AM","01 - Clear","01 - Dry","10 - No control","02 - Intersection related","00 - Unknown","03 - P.D. only","06 - SMV unattended vehicle"
"12700","SHERWAY DR btwn TEDWYN DR & BURNETT'S GROVE CIRC","363108.89834","5015678.19502","-75.75679","45.27864","2017","1/24/2017","12:00:00 AM","03 - Snow","05 - Packed snow","10 - No control","01 - Non intersection","00 - Unknown","03 - P.D. only","06 - SMV unattended vehicle"
"12701","SHERWOOD DR btwn HOLLAND AVE & HINTON AVE S","365214.25167","5028674.72293","-75.72837","45.39540","2017","9/10/2017","4:15:00 PM","01 - Clear","01 - Dry","10 - No control","01 - Non intersection","01 - Daylight","02 - Non-fatal injury","04 - Sideswipe"
"12702","SHERWOOD DR btwn WARWICK PL & MACFARLANE AVE","365458.05340","5028775.05049","-75.72525","45.39629","2017","5/16/2017","9:34:00 PM","01 - Clear","01 - Dry","10 - No control","04 - At/near private drive","07 - Dark","03 - P.D. only","06 - SMV unattended vehicle"
"12703","SHILLINGTON AVE btwn MERIVALE RD & PANET ST","364858.28317","5026813.16324","-75.73315","45.37869","2017","5/13/2017","7:20:00 PM","01 - Clear","01 - Dry","10 - No control","04 - At/near private drive","01 - Daylight","03 - P.D. only","02 - Angle"
"12704","SHORELINE DR @ TOTEM DR/COVEHEAD CRES E","368237.45060","5015640.75503","-75.69144","45.27786","2017","2/10/2017","9:57:00 PM","03 - Snow","03 - Loose snow","02 - Stop sign","02 - Intersection related","07 - Dark","03 - P.D. only","07 - SMV other"
"12705","SIDNEY ST btwn PRESTON ST & END","366747.92109","5028960.34137","-75.70875","45.39784","2017","9/28/2017","6:10:00 PM","01 - Clear","01 - Dry","10 - No control","04 - At/near private drive","01 - Daylight","03 - P.D. only","02 - Angle"
"12706","SILVER BARK AVE btwn TO BE DETERMINED & END","382221.34420","5036522.51714","-75.50995","45.46434","2017","6/9/2017","5:31:00 PM","01 - Clear","01 - Dry","10 - No control","04 - At/near private drive","01 - Daylight","03 - P.D. only","06 - SMV unattended vehicle"
"12707","SILVER SEVEN RD btwn 280 N OF PALLADIUM DR/COSTCO SC & PALLADIUM DR","350980.55515","5017967.03527","-75.91116","45.30014","2017","6/9/2017","8:43:00 AM","01 - Clear","01 - Dry","10 - No control","01 - Non intersection","01 - Daylight","03 - P.D. only","04 - Sideswipe"
"12708","SILVER SEVEN RD btwn 280 N OF PALLADIUM DR/COSTCO SC & PALLADIUM DR","350970.13641","5017977.30290","-75.91129","45.30023","2017","8/23/2017","6:24:00 PM","01 - Clear","01 - Dry","10 - No control","04 - At/near private drive","01 - Daylight","03 - P.D. only","02 - Angle"
"12709","SILVER SEVEN RD btwn 280 N OF PALLADIUM DR/COSTCO SC & PALLADIUM DR","350982.56189","5017961.74725","-75.91113","45.30009","2017","10/19/2017","7:14:00 PM","01 - Clear","01 - Dry","10 - No control","01 - Non intersection","07 - Dark","03 - P.D. only","05 - Turning movement"
"12710","SILVER ST @ SUMMERVILLE AVE","365210.20840","5026648.48589","-75.72867","45.37717","2017","6/12/2017","2:39:00 PM","01 - Clear","01 - Dry","02 - Stop sign","03 - At intersection","01 - Daylight","02 - Non-fatal injury","02 - Angle"
"12711","SIROCCO CRES btwn BLACKBIRD LANE & WYTENBURG GT","348091.44294","5014546.80406","-75.94829","45.26955","2017","12/21/2017","12:00:00 AM","01 - Clear","01 - Dry","10 - No control","01 - Non intersection","00 - Unknown","03 - P.D. only","06 - SMV unattended vehicle"
"12712","SIROIS AVE btwn TELFORD AVE & END (2)","371725.90580","5032685.14063","-75.64467","45.43090","2017","5/31/2017","1:42:00 PM","01 - Clear","01 - Dry","10 - No control","01 - Non intersection","01 - Daylight","02 - Non-fatal injury","07 - SMV other"
"12713","SIXTH LINE RD btwn BERRY SIDE RD & RIDDELL DR","349033.12653","5030348.01727","-75.93488","45.41167","2017","5/10/2017","8:16:00 AM","01 - Clear","01 - Dry","10 - No control","01 - Non intersection","01 - Daylight","03 - P.D. only","07 - SMV other"
"12714","SIXTH LINE RD btwn BERRY SIDE RD & RIDDELL DR","350017.34714","5029272.94461","-75.92241","45.40193","2017","10/23/2017","4:15:00 PM","01 - Clear","01 - Dry","10 - No control","01 - Non intersection","01 - Daylight","03 - P.D. only","07 - SMV other"
"12715","SIXTH LINE RD btwn BERRY SIDE RD & RIDDELL DR","349806.14859","5029502.84392","-75.92508","45.40402","2017","11/3/2017","8:18:00 AM","01 - Clear","01 - Dry","10 - No control","01 - Non intersection","01 - Daylight","03 - P.D. only","07 - SMV other"
"12716","SIXTH LINE RD btwn BERRY SIDE RD & RIDDELL DR","349045.15997","5030392.60817","-75.93472","45.41207","2017","11/21/2017","12:15:00 AM","02 - Rain","02 - Wet","10 - No control","01 - Non intersection","07 - Dark","03 - P.D. only","07 - SMV other"
"12717","SIXTH LINE RD btwn PINHEY POINT RD & BERRY SIDE RD","348047.31539","5031392.54734","-75.94738","45.42113","2017","11/23/2017","6:40:00 AM","01 - Clear","01 - Dry","10 - No control","01 - Non intersection","03 - Dawn","03 - P.D. only","07 - SMV other"
"12718","SIXTH LINE RD btwn TORWOOD DR & BESSBOROUGH LANE","345569.34641","5034057.19518","-75.97883","45.44526","2017","5/4/2017","12:53:00 PM","01 - Clear","01 - Dry","10 - No control","01 - Non intersection","01 - Daylight","03 - P.D. only","07 - SMV other"
"12719","SIXTH ST btwn ST. BERNARD ST & BELLMANOR CRT","373505.58094","5023815.28727","-75.62316","45.35092","2017","12/8/2017","5:00:00 PM","01 - Clear","01 - Dry","10 - No control","01 - Non intersection","07 - Dark","03 - P.D. only","05 - Turning movement"
"12720","SKYWAY ST btwn GARDENVALE RD & SHANE ST","372507.37020","5033044.83519","-75.63463","45.43406","2017","4/25/2017","12:00:00 AM","01 - Clear","01 - Dry","10 - No control","01 - Non intersection","00 - Unknown","03 - P.D. only","06 - SMV unattended vehicle"
"12721","SLACK RD @ VAAN DR","364943.22543","5020368.71299","-75.73285","45.32069","2017","9/7/2017","8:45:00 AM","01 - Clear","01 - Dry","02 - Stop sign","02 - Intersection related","01 - Daylight","03 - P.D. only","03 - Rear end"
"12722","SLACK RD @ VAAN DR","364945.54613","5020367.98161","-75.73282","45.32069","2017","2/15/2017","10:45:00 AM","03 - Snow","03 - Loose snow","02 - Stop sign","02 - Intersection related","01 - Daylight","03 - P.D. only","04 - Sideswipe"
"12723","SLACK RD @ WOODROFFE AVE","364232.73675","5019974.71489","-75.74196","45.31721","2017","10/19/2017","7:24:00 AM","01 - Clear","01 - Dry","01 - Traffic signal","02 - Intersection related","01 - Daylight","03 - P.D. only","03 - Rear end"
"12724","SLACK RD @ WOODROFFE AVE","364234.63929","5019973.28346","-75.74193","45.31719","2017","11/21/2017","11:04:00 AM","01 - Clear","01 - Dry","01 - Traffic signal","02 - Intersection related","01 - Daylight","03 - P.D. only","04 - Sideswipe"
"12725","SLACK RD @ WOODROFFE AVE","364234.01795","5019973.14041","-75.74194","45.31719","2017","11/5/2017","12:37:00 PM","02 - Rain","02 - Wet","01 - Traffic signal","03 - At intersection","01 - Daylight","03 - P.D. only","02 - Angle"
"12726","SLACK RD @ WOODROFFE AVE","364232.59802","5019974.20683","-75.74196","45.31720","2017","1/23/2017","6:47:00 AM","01 - Clear","06 - Ice","01 - Traffic signal","03 - At intersection","07 - Dark","03 - P.D. only","05 - Turning movement"
"12727","SLACK RD @ WOODROFFE AVE","364233.34905","5019974.47820","-75.74195","45.31721","2017","2/18/2017","1:47:00 PM","01 - Clear","01 - Dry","01 - Traffic signal","02 - Intersection related","01 - Daylight","03 - P.D. only","03 - Rear end"
"12728","SLACK RD @ WOODROFFE AVE","364233.17400","5019974.47820","-75.74195","45.31721","2017","3/14/2017","8:20:00 PM","03 - Snow","03 - Loose snow","01 - Traffic signal","03 - At intersection","07 - Dark","03 - P.D. only","07 - SMV other"
"12729","SLACK RD btwn GRENFELL CRES & MERIVALE RD","365994.59117","5020944.74487","-75.71937","45.32578","2017","10/8/2017","11:27:00 AM","01 - Clear","01 - Dry","10 - No control","04 - At/near private drive","01 - Daylight","03 - P.D. only","03 - Rear end"
"12730","SLACK RD btwn GRENFELL CRES & MERIVALE RD","365841.88650","5020861.04464","-75.72132","45.32504","2017","12/12/2017","10:47:00 PM","03 - Snow","05 - Packed snow","10 - No control","01 - Non intersection","07 - Dark","03 - P.D. only","07 - SMV other"
"12731","SLACK RD btwn TURN LANE & VAAN DR","364383.85072","5020054.74576","-75.74002","45.31791","2017","6/29/2017","4:30:00 PM","02 - Rain","02 - Wet","10 - No control","01 - Non intersection","01 - Daylight","03 - P.D. only","03 - Rear end"
"12732","SLACK RD btwn TURN LANE & VAAN DR","364558.80884","5020153.72223","-75.73778","45.31879","2017","12/11/2017","6:03:00 PM","01 - Clear","01 - Dry","10 - No control","01 - Non intersection","07 - Dark","03 - P.D. only","03 - Rear end"
"12733","SLACK RD btwn VAAN DR & GRENFELL CRES","365210.25398","5020515.63349","-75.72942","45.32199","2017","12/8/2017","9:54:00 PM","01 - Clear","01 - Dry","10 - No control","01 - Non intersection","07 - Dark","03 - P.D. only","04 - Sideswipe"
"12734","SLACK RD btwn VAAN DR & GRENFELL CRES","365261.33194","5020542.91417","-75.72877","45.32223","2017","11/2/2017","3:56:00 PM","02 - Rain","02 - Wet","10 - No control","04 - At/near private drive","01 - Daylight","02 - Non-fatal injury","03 - Rear end"
"12735","SLADE CRES btwn WALDEN DR & WALDEN DR","350572.52307","5021105.97704","-75.91607","45.32841","2017","8/18/2017","9:43:00 PM","01 - Clear","01 - Dry","10 - No control","01 - Non intersection","07 - Dark","03 - P.D. only","06 - SMV unattended vehicle"
"12736","SLATER ST btwn ALBERT ST & COMMISSIONER ST","366664.13527","5030773.84883","-75.70959","45.41417","2017","7/12/2017","6:02:00 PM","01 - Clear","01 - Dry","10 - No control","04 - At/near private drive","01 - Daylight","03 - P.D. only","02 - Angle"
"12737","SLATER ST btwn BANK ST & O'CONNOR ST","367507.05317","5031403.59786","-75.69875","45.41976","2017","6/18/2017","10:30:00 PM","01 - Clear","01 - Dry","10 - No control","01 - Non intersection","07 - Dark","03 - P.D. only","06 - SMV unattended vehicle"
"12738","SLATER ST btwn BANK ST & O'CONNOR ST","367440.16156","5031364.02266","-75.69961","45.41941","2017","2/7/2017","3:21:00 PM","01 - Clear","02 - Wet","10 - No control","01 - Non intersection","01 - Daylight","03 - P.D. only","04 - Sideswipe"
"12739","SLATER ST btwn BAY ST & LYON ST N","367092.40552","5031145.50305","-75.70408","45.41747","2017","3/16/2017","12:00:00 AM","01 - Clear","01 - Dry","10 - No control","01 - Non intersection","00 - Unknown","03 - P.D. only","06 - SMV unattended vehicle"
"12740","SLATER ST btwn COMMISSIONER ST & BAY ST","366792.45122","5030961.27673","-75.70793","45.41584","2017","10/20/2017","5:19:00 PM","01 - Clear","01 - Dry","10 - No control","01 - Non intersection","01 - Daylight","02 - Non-fatal injury","03 - Rear end"
"12741","SLATER ST btwn COMMISSIONER ST & BAY ST","366968.15730","5031069.33263","-75.70567","45.41680","2017","3/22/2017","9:09:00 AM","01 - Clear","01 - Dry","10 - No control","01 - Non intersection","01 - Daylight","02 - Non-fatal injury","07 - SMV other"
"12742","SLATER ST btwn COMMISSIONER ST & BAY ST","366960.62088","5031064.52348","-75.70577","45.41675","2017","3/14/2017","5:15:00 PM","03 - Snow","03 - Loose snow","10 - No control","01 - Non intersection","01 - Daylight","03 - P.D. only","03 - Rear end"
"12743","SLATER ST btwn KENT ST & BANK ST","367304.53902","5031279.53791","-75.70135","45.41866","2017","6/16/2017","12:18:00 PM","02 - Rain","02 - Wet","10 - No control","01 - Non intersection","01 - Daylight","02 - Non-fatal injury","04 - Sideswipe"
"12744","SLATER ST btwn KENT ST & BANK ST","367361.88189","5031318.03844","-75.70061","45.41900","2017","8/15/2017","2:45:00 PM","01 - Clear","01 - Dry","10 - No control","01 - Non intersection","01 - Daylight","03 - P.D. only","04 - Sideswipe"
"12745","SLATER ST btwn KENT ST & BANK ST","367359.11088","5031315.47551","-75.70065","45.41898","2017","8/22/2017","7:02:00 PM","01 - Clear","01 - Dry","10 - No control","01 - Non intersection","01 - Daylight","03 - P.D. only","06 - SMV unattended vehicle"
"12746","SLATER ST btwn KENT ST & BANK ST","367350.97838","5031309.00659","-75.70075","45.41892","2017","8/17/2017","12:00:00 AM","01 - Clear","01 - Dry","10 - No control","01 - Non intersection","00 - Unknown","03 - P.D. only","06 - SMV unattended vehicle"
"12747","SLATER ST btwn KENT ST & BANK ST","367408.13546","5031343.44327","-75.70002","45.41922","2017","12/13/2017","3:15:00 PM","01 - Clear","01 - Dry","10 - No control","01 - Non intersection","01 - Daylight","03 - P.D. only","06 - SMV unattended vehicle"
"12748","SLATER ST btwn LYON ST N & KENT ST","367184.83455","5031204.53146","-75.70289","45.41799","2017","4/26/2017","7:55:00 AM","01 - Clear","01 - Dry","10 - No control","01 - Non intersection","01 - Daylight","03 - P.D. only","04 - Sideswipe"
"12749","SLATER ST btwn LYON ST N & KENT ST","367240.06085","5031241.32193","-75.70218","45.41832","2017","11/14/2017","4:30:00 PM","01 - Clear","01 - Dry","10 - No control","01 - Non intersection","05 - Dusk","02 - Non-fatal injury","07 - SMV other"
"12750","SLATER ST btwn LYON ST N & KENT ST","367192.47663","5031209.63838","-75.70279","45.41804","2017","1/20/2017","10:07:00 AM","02 - Rain","02 - Wet","10 - No control","01 - Non intersection","01 - Daylight","03 - P.D. only","06 - SMV unattended vehicle"
"12751","SLATER ST btwn LYON ST N & KENT ST","367137.87935","5031173.55696","-75.70349","45.41772","2017","6/26/2017","6:07:00 PM","01 - Clear","01 - Dry","10 - No control","01 - Non intersection","01 - Daylight","03 - P.D. only","04 - Sideswipe"
"12752","SLATER ST btwn O'CONNOR ST & METCALFE ST","367606.90059","5031468.04242","-75.69746","45.42033","2017","6/1/2017","5:07:00 PM","01 - Clear","02 - Wet","10 - No control","01 - Non intersection","01 - Daylight","02 - Non-fatal injury","07 - SMV other"
"12753","SLOAN AVE btwn HOPEWELL AVE & END","368092.50781","5027895.31667","-75.69172","45.38814","2017","10/28/2017","12:00:00 AM","01 - Clear","01 - Dry","10 - No control","01 - Non intersection","00 - Unknown","03 - P.D. only","06 - SMV unattended vehicle"
"12754","SMOKETREE CRES btwn KITTIWAKE DR & DEW GT","348150.28043","5014060.73857","-75.94759","45.26517","2017","12/23/2017","12:00:00 AM","01 - Clear","05 - Packed snow","10 - No control","01 - Non intersection","00 - Unknown","03 - P.D. only","06 - SMV unattended vehicle"
"12755","SMYTH RD @ BOTSFORD ST/DAUPHIN RD","372243.35615","5029262.52367","-75.63853","45.40005","2017","2/16/2017","8:55:00 AM","01 - Clear","03 - Loose snow","01 - Traffic signal","03 - At intersection","01 - Daylight","03 - P.D. only","02 - Angle"
"12756","SMYTH RD @ BOTSFORD ST/DAUPHIN RD","372243.80728","5029261.10163","-75.63852","45.40004","2017","1/20/2017","3:18:00 AM","01 - Clear","01 - Dry","01 - Traffic signal","02 - Intersection related","07 - Dark","03 - P.D. only","07 - SMV other"
"12757","SMYTH RD @ BOTSFORD ST/DAUPHIN RD","372245.23434","5029262.67060","-75.63850","45.40005","2017","2/9/2017","4:00:00 PM","01 - Clear","01 - Dry","01 - Traffic signal","02 - Intersection related","01 - Daylight","03 - P.D. only","03 - Rear end"
"12758","SMYTH RD @ GENERAL HOSPITAL E","371516.57448","5029182.55402","-75.64782","45.39940","2017","12/8/2017","6:52:00 AM","01 - Clear","01 - Dry","01 - Traffic signal","02 - Intersection related","03 - Dawn","03 - P.D. only","03 - Rear end"
"12759","SMYTH RD @ RIVERSIDE HOSPITAL","369988.21445","5029119.47110","-75.66735","45.39898","2017","12/4/2017","6:52:00 AM","01 - Clear","01 - Dry","01 - Traffic signal","02 - Intersection related","03 - Dawn","03 - P.D. only","05 - Turning movement"
"12760","SMYTH RD @ RIVERSIDE HOSPITAL","369987.54555","5029119.47110","-75.66736","45.39898","2017","11/27/2017","6:14:00 PM","01 - Clear","01 - Dry","01 - Traffic signal","02 - Intersection related","07 - Dark","03 - P.D. only","03 - Rear end"
"12761","SMYTH RD @ SMYTH RD NORTH SIDE RAMP/SMYTH RD S","369917.18079","5029121.18460","-75.66825","45.39900","2017","5/30/2017","4:54:00 PM","01 - Clear","01 - Dry","03 - Yield sign","02 - Intersection related","01 - Daylight","03 - P.D. only","03 - Rear end"
"12762","SMYTH RD @ SMYTH RD NORTH SIDE RAMP/SMYTH RD S","369917.83356","5029121.42717","-75.66825","45.39900","2017","6/29/2017","4:37:00 PM","02 - Rain","02 - Wet","03 - Yield sign","02 - Intersection related","01 - Daylight","03 - P.D. only","03 - Rear end"
"12763","SMYTH RD @ SMYTH RD NORTH SIDE RAMP/SMYTH RD S","369916.64254","5029122.14669","-75.66826","45.39901","2017","10/28/2017","11:56:00 PM","02 - Rain","02 - Wet","03 - Yield sign","02 - Intersection related","07 - Dark","03 - P.D. only","07 - SMV other"
"12764","SMYTH RD @ SOUTH HAVEN PL/GENERAL HOSPITAL ENTRANCE W","371120.98205","5029136.28501","-75.65288","45.39902","2017","6/27/2017","12:44:00 PM","01 - Clear","01 - Dry","01 - Traffic signal","03 - At intersection","01 - Daylight","03 - P.D. only","05 - Turning movement"
"12765","SMYTH RD @ SOUTH HAVEN PL/GENERAL HOSPITAL ENTRANCE W","371120.37939","5029136.96386","-75.65289","45.39903","2017","8/6/2017","7:50:00 PM","01 - Clear","01 - Dry","01 - Traffic signal","02 - Intersection related","01 - Daylight","03 - P.D. only","03 - Rear end"
"12766","SMYTH RD @ SOUTH HAVEN PL/GENERAL HOSPITAL ENTRANCE W","371121.76252","5029137.84594","-75.65287","45.39904","2017","6/27/2017","1:43:00 PM","02 - Rain","02 - Wet","01 - Traffic signal","03 - At intersection","01 - Daylight","03 - P.D. only","05 - Turning movement"
"12767","SMYTH RD @ SOUTH HAVEN PL/GENERAL HOSPITAL ENTRANCE W","371120.60943","5029136.44639","-75.65288","45.39902","2017","11/3/2017","7:44:00 PM","01 - Clear","01 - Dry","01 - Traffic signal","03 - At intersection","07 - Dark","03 - P.D. only","05 - Turning movement"
"12768","SMYTH RD @ SOUTH HAVEN PL/GENERAL HOSPITAL ENTRANCE W","371120.21640","5029136.02712","-75.65289","45.39902","2017","1/27/2017","9:43:00 AM","01 - Clear","01 - Dry","01 - Traffic signal","02 - Intersection related","01 - Daylight","03 - P.D. only","03 - Rear end"
"12769","SMYTH RD btwn CUBA AVE & RUSSELL RD","373192.01644","5029367.16604","-75.62640","45.40090","2017","2/16/2017","9:57:00 AM","01 - Clear","02 - Wet","10 - No control","04 - At/near private drive","01 - Daylight","02 - Non-fatal injury","02 - Angle"