"Record","Location","X","Y","Longitude","Latitude","Year","Date","Time","Environment","Road_Surface","Traffic_Control","Collision_Location","Light","Collision_Classification","Impact_type"
"12770","SMYTH RD btwn GENERAL HOSPITAL & HIGHLAND TER","371440.12887","5029172.85635","-75.64880","45.39932","2017","11/15/2017","5:00:00 PM","02 - Rain","02 - Wet","10 - No control","01 - Non intersection","05 - Dusk","03 - P.D. only","04 - Sideswipe"
"12771","SMYTH RD btwn HAIG DR & SAUNDERSON DR","372600.79047","5029302.91998","-75.63396","45.40038","2017","9/30/2017","12:41:00 PM","01 - Clear","01 - Dry","10 - No control","01 - Non intersection","01 - Daylight","03 - P.D. only","06 - SMV unattended vehicle"
"12772","SMYTH RD btwn HAIG DR & SAUNDERSON DR","372636.62067","5029305.01914","-75.63350","45.40040","2017","3/16/2017","4:13:00 PM","01 - Clear","01 - Dry","10 - No control","01 - Non intersection","01 - Daylight","03 - P.D. only","04 - Sideswipe"
"12773","SMYTH RD btwn LYNDA LANE & ROGER GUINDON AVE","371640.24022","5029195.67568","-75.64624","45.39951","2017","2/9/2017","6:15:00 PM","01 - Clear","01 - Dry","10 - No control","01 - Non intersection","07 - Dark","03 - P.D. only","03 - Rear end"
"12774","SMYTH RD btwn LYNDA LANE & ROGER GUINDON AVE","371778.64983","5029209.91537","-75.64447","45.39962","2017","3/6/2017","12:00:00 AM","02 - Rain","04 - Slush","10 - No control","01 - Non intersection","07 - Dark","03 - P.D. only","06 - SMV unattended vehicle"
"12775","SMYTH RD btwn MAIN ST & RAMP","369895.24842","5029124.35053","-75.66853","45.39903","2017","8/7/2017","7:14:00 PM","01 - Clear","01 - Dry","10 - No control","07 - Overpass or bridge","01 - Daylight","03 - P.D. only","03 - Rear end"
"12776","SMYTH RD btwn RIVERSIDE HOSPITAL & ALTA VISTA DR","370247.09717","5029121.69128","-75.66404","45.39897","2017","4/20/2017","7:42:00 AM","01 - Clear","01 - Dry","10 - No control","01 - Non intersection","01 - Daylight","03 - P.D. only","99 - Other"
"12777","SMYTH RD btwn RIVERSIDE HOSPITAL & ALTA VISTA DR","370037.01698","5029121.46192","-75.66672","45.39899","2017","12/29/2017","6:49:00 PM","01 - Clear","01 - Dry","10 - No control","01 - Non intersection","07 - Dark","03 - P.D. only","07 - SMV other"
"12778","SMYTH RD btwn ROGER GUINDON AVE & BOTSFORD ST","372065.85944","5029241.81347","-75.64080","45.39988","2017","5/8/2017","9:00:00 AM","01 - Clear","01 - Dry","10 - No control","04 - At/near private drive","01 - Daylight","02 - Non-fatal injury","02 - Angle"
"12779","SMYTH RD btwn ROGER GUINDON AVE & BOTSFORD ST","372208.79595","5029256.69424","-75.63897","45.40000","2017","12/5/2017","3:38:00 PM","01 - Clear","01 - Dry","10 - No control","04 - At/near private drive","01 - Daylight","02 - Non-fatal injury","02 - Angle"
"12780","SMYTH RD btwn ROGER GUINDON AVE & BOTSFORD ST","372043.41357","5029236.71213","-75.64108","45.39984","2017","11/30/2017","2:02:00 PM","01 - Clear","02 - Wet","10 - No control","01 - Non intersection","01 - Daylight","03 - P.D. only","03 - Rear end"
"12781","SMYTH RD btwn ROGER GUINDON AVE & BOTSFORD ST","372013.69290","5029234.03114","-75.64146","45.39982","2017","1/16/2017","2:30:00 PM","01 - Clear","01 - Dry","10 - No control","04 - At/near private drive","01 - Daylight","03 - P.D. only","02 - Angle"
"12782","SMYTH RD E/LANCASTER RD @ ST. LAURENT BLVD N/R","373363.48257","5029422.75276","-75.62420","45.40138","2017","5/26/2017","3:40:00 PM","02 - Rain","02 - Wet","01 - Traffic signal","02 - Intersection related","01 - Daylight","03 - P.D. only","04 - Sideswipe"
"12783","SMYTH RD E/LANCASTER RD @ ST. LAURENT BLVD N/R","373364.20959","5029424.08613","-75.62419","45.40140","2017","4/26/2017","8:26:00 AM","01 - Clear","02 - Wet","01 - Traffic signal","02 - Intersection related","01 - Daylight","03 - P.D. only","03 - Rear end"
"12784","SMYTH RD E/LANCASTER RD @ ST. LAURENT BLVD N/R","373364.20959","5029424.39897","-75.62419","45.40140","2017","6/1/2017","5:20:00 PM","02 - Rain","02 - Wet","01 - Traffic signal","03 - At intersection","01 - Daylight","03 - P.D. only","04 - Sideswipe"
"12785","SMYTH RD E/LANCASTER RD @ ST. LAURENT BLVD N/R","373364.66755","5029424.08120","-75.62418","45.40140","2017","10/22/2017","2:43:00 PM","01 - Clear","01 - Dry","01 - Traffic signal","02 - Intersection related","01 - Daylight","03 - P.D. only","03 - Rear end"
"12786","SMYTH RD E/LANCASTER RD @ ST. LAURENT BLVD N/R","373364.42982","5029424.97459","-75.62419","45.40140","2017","9/23/2017","11:11:00 AM","01 - Clear","01 - Dry","01 - Traffic signal","02 - Intersection related","01 - Daylight","03 - P.D. only","03 - Rear end"
"12787","SMYTH RD E/LANCASTER RD @ ST. LAURENT BLVD N/R","373364.54523","5029426.73569","-75.62418","45.40142","2017","9/21/2017","2:11:00 PM","01 - Clear","01 - Dry","01 - Traffic signal","02 - Intersection related","01 - Daylight","02 - Non-fatal injury","03 - Rear end"
"12788","SMYTH RD E/LANCASTER RD @ ST. LAURENT BLVD N/R","373366.36121","5029423.41064","-75.62416","45.40139","2017","11/17/2017","1:03:00 PM","01 - Clear","01 - Dry","01 - Traffic signal","02 - Intersection related","01 - Daylight","03 - P.D. only","03 - Rear end"
"12789","SMYTH RD E/LANCASTER RD @ ST. LAURENT BLVD N/R","373365.06385","5029425.21950","-75.62418","45.40141","2017","11/12/2017","12:59:00 PM","01 - Clear","01 - Dry","01 - Traffic signal","02 - Intersection related","01 - Daylight","03 - P.D. only","03 - Rear end"
"12790","SMYTH RD E/LANCASTER RD @ ST. LAURENT BLVD N/R","373364.83528","5029425.02466","-75.62418","45.40141","2017","11/24/2017","2:41:00 PM","01 - Clear","01 - Dry","01 - Traffic signal","02 - Intersection related","01 - Daylight","03 - P.D. only","04 - Sideswipe"
"12791","SMYTH RD E/LANCASTER RD @ ST. LAURENT BLVD N/R","373363.89675","5029425.33750","-75.62419","45.40141","2017","2/18/2017","11:57:00 AM","01 - Clear","02 - Wet","01 - Traffic signal","02 - Intersection related","01 - Daylight","03 - P.D. only","04 - Sideswipe"
"12792","SMYTH RD E/LANCASTER RD @ ST. LAURENT BLVD N/R","373364.07389","5029424.56544","-75.62419","45.40140","2017","1/12/2017","12:23:00 PM","02 - Rain","02 - Wet","01 - Traffic signal","03 - At intersection","01 - Daylight","03 - P.D. only","04 - Sideswipe"
"12793","SMYTH RD E/LANCASTER RD @ ST. LAURENT BLVD N/R","373365.16183","5029424.57849","-75.62418","45.40140","2017","1/16/2017","7:33:00 PM","01 - Clear","01 - Dry","01 - Traffic signal","02 - Intersection related","07 - Dark","03 - P.D. only","04 - Sideswipe"
"12794","SMYTH RD E/LANCASTER RD @ ST. LAURENT BLVD N/R","373362.98730","5029424.86103","-75.62420","45.40140","2017","1/7/2017","8:07:00 PM","03 - Snow","05 - Packed snow","01 - Traffic signal","02 - Intersection related","07 - Dark","03 - P.D. only","07 - SMV other"
"12795","SMYTH RD E/LANCASTER RD @ ST. LAURENT BLVD N/R","373365.14812","5029424.39897","-75.62418","45.40140","2017","3/9/2017","6:42:00 PM","01 - Clear","01 - Dry","01 - Traffic signal","02 - Intersection related","07 - Dark","03 - P.D. only","03 - Rear end"
"12796","SMYTH RD E/LANCASTER RD @ ST. LAURENT BLVD N/R","373365.15408","5029424.64778","-75.62418","45.40140","2017","2/22/2017","2:50:00 PM","01 - Clear","01 - Dry","01 - Traffic signal","02 - Intersection related","01 - Daylight","03 - P.D. only","03 - Rear end"
"12797","SMYTH RD E/LANCASTER RD @ ST. LAURENT BLVD N/R","373364.59334","5029424.61478","-75.62418","45.40140","2017","3/17/2017","7:50:00 AM","01 - Clear","01 - Dry","01 - Traffic signal","03 - At intersection","01 - Daylight","03 - P.D. only","02 - Angle"
"12798","SMYTH RD E/LANCASTER RD @ ST. LAURENT BLVD N/R","373365.06385","5029423.88170","-75.62418","45.40139","2017","3/16/2017","5:03:00 PM","01 - Clear","01 - Dry","01 - Traffic signal","02 - Intersection related","01 - Daylight","03 - P.D. only","04 - Sideswipe"
"12799","SMYTH RD E/LANCASTER RD @ ST. LAURENT BLVD N/R","373365.67615","5029425.26066","-75.62417","45.40141","2017","12/18/2017","1:03:00 PM","03 - Snow","04 - Slush","01 - Traffic signal","02 - Intersection related","01 - Daylight","03 - P.D. only","03 - Rear end"
"12800","SMYTH RD/OTHELLO AVE @ RUSSELL RD W","373256.25751","5029374.66749","-75.62557","45.40096","2017","10/15/2017","10:45:00 PM","01 - Clear","01 - Dry","01 - Traffic signal","02 - Intersection related","07 - Dark","03 - P.D. only","01 - Approaching"
"12801","SMYTH RD/OTHELLO AVE @ RUSSELL RD W","373256.56425","5029373.56697","-75.62557","45.40095","2017","11/29/2017","4:11:00 PM","01 - Clear","01 - Dry","01 - Traffic signal","02 - Intersection related","01 - Daylight","03 - P.D. only","04 - Sideswipe"
"12802","SMYTH RD/OTHELLO AVE @ RUSSELL RD W","373256.73944","5029373.54570","-75.62557","45.40095","2017","4/22/2017","7:05:00 PM","01 - Clear","01 - Dry","01 - Traffic signal","02 - Intersection related","01 - Daylight","03 - P.D. only","03 - Rear end"
"12803","SNAKE ISLAND RD @ STAGECOACH RD","378063.76084","5006580.71630","-75.56754","45.19539","2017","11/27/2017","5:15:00 PM","01 - Clear","04 - Slush","02 - Stop sign","03 - At intersection","07 - Dark","03 - P.D. only","02 - Angle"
"12804","SNAKE ISLAND RD @ STAGECOACH RD","378063.09195","5006581.38520","-75.56755","45.19539","2017","2/9/2017","3:14:00 PM","01 - Clear","01 - Dry","02 - Stop sign","03 - At intersection","01 - Daylight","02 - Non-fatal injury","02 - Angle"
"12805","SNAKE ISLAND RD @ STAGECOACH RD","378063.85040","5006580.83875","-75.56754","45.19539","2017","1/25/2017","6:30:00 AM","01 - Clear","02 - Wet","02 - Stop sign","03 - At intersection","07 - Dark","03 - P.D. only","02 - Angle"
"12806","SNAKE ISLAND RD btwn 5TH LINE RD & GREY'S CREEK RD","381539.80894","5008792.05615","-75.52297","45.21491","2017","6/4/2017","7:39:00 PM","01 - Clear","01 - Dry","10 - No control","01 - Non intersection","01 - Daylight","01 - Fatal injury","01 - Approaching"
"12807","SNAKE ISLAND RD btwn 5TH LINE RD & GREY'S CREEK RD","381703.33464","5008900.97606","-75.52087","45.21588","2017","8/15/2017","12:42:00 PM","01 - Clear","01 - Dry","10 - No control","04 - At/near private drive","01 - Daylight","02 - Non-fatal injury","99 - Other"
"12808","SNAKE ISLAND RD btwn GREY'S CREEK RD & SCRIVENS DR","382944.53261","5009662.69086","-75.50495","45.22259","2017","12/8/2017","3:37:00 PM","01 - Clear","01 - Dry","10 - No control","04 - At/near private drive","01 - Daylight","02 - Non-fatal injury","07 - SMV other"
"12809","SNAKE ISLAND RD btwn MANOTICK STATION RD & STAGECOACH RD","377891.48047","5006480.33048","-75.56975","45.19450","2017","11/21/2017","7:57:00 AM","01 - Clear","01 - Dry","10 - No control","01 - Non intersection","01 - Daylight","03 - P.D. only","07 - SMV other"
"12810","SNAKE ISLAND RD btwn MCGUIRE RD & BLANCHFIELD RD","376773.04221","5005482.38348","-75.58413","45.18564","2017","3/8/2017","7:38:00 AM","01 - Clear","06 - Ice","10 - No control","01 - Non intersection","01 - Daylight","03 - P.D. only","07 - SMV other"
"12811","SNAKE ISLAND RD btwn SCRIVENS DR & BANK ST","383360.64873","5009911.30556","-75.49961","45.22478","2017","11/27/2017","7:44:00 AM","01 - Clear","01 - Dry","10 - No control","01 - Non intersection","01 - Daylight","03 - P.D. only","07 - SMV other"
"12812","SODERLIND ST btwn DEMPSEY AVE & IRIS ST","361093.39602","5023716.54370","-75.78157","45.35114","2017","12/10/2017","12:00:00 AM","01 - Clear","03 - Loose snow","10 - No control","01 - Non intersection","00 - Unknown","03 - P.D. only","06 - SMV unattended vehicle"
"12813","SOLANDT RD btwn HINES RD & MARCH RD","350463.43207","5022687.85589","-75.91732","45.34265","2017","6/7/2017","5:12:00 PM","01 - Clear","01 - Dry","10 - No control","04 - At/near private drive","01 - Daylight","03 - P.D. only","02 - Angle"
"12814","SOLANDT RD btwn HINES RD & MARCH RD","350436.26046","5022661.39932","-75.91767","45.34242","2017","4/18/2017","5:26:00 PM","01 - Clear","01 - Dry","10 - No control","04 - At/near private drive","01 - Daylight","03 - P.D. only","02 - Angle"
"12815","SOLARIS DR btwn SOLARIS DR & SOLARIS DR","356784.15450","5015804.14810","-75.83739","45.28027","2017","2/14/2017","12:00:00 AM","03 - Snow","03 - Loose snow","10 - No control","01 - Non intersection","00 - Unknown","03 - P.D. only","06 - SMV unattended vehicle"
"12816","SOMERSET ST    E btwn KING EDWARD AVE & HENDERSON AVE","369002.15474","5031702.01259","-75.67961","45.42231","2017","9/15/2017","10:00:00 AM","01 - Clear","01 - Dry","10 - No control","01 - Non intersection","01 - Daylight","03 - P.D. only","06 - SMV unattended vehicle"
"12817","SOMERSET ST    E btwn NELSON ST & SWEETLAND AVE","369106.14039","5031767.79599","-75.67827","45.42289","2017","2/27/2017","8:02:00 PM","01 - Clear","01 - Dry","10 - No control","04 - At/near private drive","07 - Dark","02 - Non-fatal injury","05 - Turning movement"
"12818","SOMERSET ST    W btwn BAY ST & LYON ST N","367267.46276","5030658.21683","-75.70190","45.41307","2017","12/13/2017","11:36:00 AM","03 - Snow","05 - Packed snow","10 - No control","01 - Non intersection","01 - Daylight","03 - P.D. only","06 - SMV unattended vehicle"
"12819","SOMERSET ST    W btwn BAY ST & LYON ST N","367296.26787","5030674.54467","-75.70153","45.41322","2017","2/20/2017","12:00:00 PM","01 - Clear","01 - Dry","10 - No control","04 - At/near private drive","01 - Daylight","03 - P.D. only","02 - Angle"
"12820","SOMERSET ST    W btwn BAYSWATER AVE & BREEZEHILL AVE N","365872.79507","5029936.65071","-75.71981","45.40670","2017","5/9/2017","2:42:00 PM","01 - Clear","01 - Dry","10 - No control","04 - At/near private drive","01 - Daylight","03 - P.D. only","02 - Angle"
"12821","SOMERSET ST    W btwn BAYSWATER AVE & BREEZEHILL AVE N","365849.44224","5029927.19117","-75.72011","45.40662","2017","12/7/2017","3:38:00 PM","01 - Clear","01 - Dry","10 - No control","04 - At/near private drive","01 - Daylight","03 - P.D. only","02 - Angle"
"12822","SOMERSET ST    W btwn BAYSWATER AVE & BREEZEHILL AVE N","365858.72574","5029930.73888","-75.71999","45.40665","2017","1/3/2017","12:46:00 AM","01 - Clear","02 - Wet","10 - No control","04 - At/near private drive","07 - Dark","02 - Non-fatal injury","05 - Turning movement"
"12823","SOMERSET ST    W btwn BECKINGTON PRIV & BANK ST","367594.13843","5030855.35263","-75.69770","45.41482","2017","1/15/2017","5:55:00 PM","01 - Clear","01 - Dry","10 - No control","01 - Non intersection","07 - Dark","03 - P.D. only","06 - SMV unattended vehicle"
"12824","SOMERSET ST    W btwn BOOTH ST & UPPER LORNE PL","366599.32704","5030260.63209","-75.71049","45.40955","2017","10/19/2017","12:03:00 AM","01 - Clear","01 - Dry","10 - No control","01 - Non intersection","07 - Dark","03 - P.D. only","04 - Sideswipe"
"12825","SOMERSET ST    W btwn BOOTH ST & UPPER LORNE PL","366614.41243","5030274.65211","-75.71029","45.40968","2017","9/28/2017","8:42:00 PM","01 - Clear","01 - Dry","10 - No control","01 - Non intersection","07 - Dark","03 - P.D. only","06 - SMV unattended vehicle"
"12826","SOMERSET ST    W btwn BREEZEHILL AVE N & PRESTON ST","366170.24041","5030069.37452","-75.71599","45.40787","2017","6/8/2017","4:42:00 PM","01 - Clear","01 - Dry","10 - No control","01 - Non intersection","01 - Daylight","02 - Non-fatal injury","05 - Turning movement"
"12827","SOMERSET ST    W btwn BREEZEHILL AVE N & PRESTON ST","366232.93470","5030095.83618","-75.71519","45.40810","2017","11/30/2017","11:17:00 AM","01 - Clear","01 - Dry","10 - No control","01 - Non intersection","01 - Daylight","03 - P.D. only","06 - SMV unattended vehicle"
"12828","SOMERSET ST    W btwn BREEZEHILL AVE N & PRESTON ST","366208.91977","5030084.96334","-75.71550","45.40801","2017","1/20/2017","1:01:00 PM","01 - Clear","02 - Wet","10 - No control","04 - At/near private drive","01 - Daylight","03 - P.D. only","02 - Angle"
"12829","SOMERSET ST    W btwn BRONSON AVE & PERCY ST","366988.09744","5030489.28123","-75.70549","45.41158","2017","7/6/2017","10:16:00 AM","01 - Clear","01 - Dry","10 - No control","01 - Non intersection","01 - Daylight","03 - P.D. only","04 - Sideswipe"
"12830","SOMERSET ST    W btwn BRONSON AVE & PERCY ST","367036.63095","5030519.22936","-75.70487","45.41184","2017","12/15/2017","12:55:00 PM","03 - Snow","05 - Packed snow","10 - No control","04 - At/near private drive","01 - Daylight","03 - P.D. only","02 - Angle"
"12831","SOMERSET ST    W btwn CARTIER ST & MACDONALD ST","368406.41278","5031343.67906","-75.68726","45.41914","2017","10/13/2017","12:00:00 AM","01 - Clear","01 - Dry","10 - No control","01 - Non intersection","00 - Unknown","03 - P.D. only","06 - SMV unattended vehicle"
"12832","SOMERSET ST    W btwn ELGIN ST & CARTIER ST","368233.49415","5031238.10748","-75.68949","45.41820","2017","3/10/2017","12:00:00 AM","03 - Snow","02 - Wet","10 - No control","01 - Non intersection","00 - Unknown","03 - P.D. only","06 - SMV unattended vehicle"
"12833","SOMERSET ST    W btwn ELGIN ST & CARTIER ST","368233.52580","5031239.43212","-75.68949","45.41821","2017","12/10/2017","12:00:00 AM","01 - Clear","01 - Dry","10 - No control","04 - At/near private drive","00 - Unknown","03 - P.D. only","06 - SMV unattended vehicle"
"12834","SOMERSET ST    W btwn KENT ST & BECKINGTON PRIV","367536.35838","5030820.90086","-75.69845","45.41451","2017","1/25/2017","2:09:00 PM","01 - Clear","01 - Dry","10 - No control","04 - At/near private drive","01 - Daylight","03 - P.D. only","05 - Turning movement"
"12835","SOMERSET ST    W btwn LEBRETON ST N & EMPRESS AVE","366700.14544","5030329.58315","-75.70919","45.41017","2017","6/9/2017","10:28:00 PM","01 - Clear","01 - Dry","10 - No control","01 - Non intersection","07 - Dark","03 - P.D. only","04 - Sideswipe"
"12836","SOMERSET ST    W btwn LEBRETON ST N & EMPRESS AVE","366691.65501","5030325.78097","-75.70930","45.41013","2017","11/30/2017","12:00:00 AM","01 - Clear","01 - Dry","10 - No control","01 - Non intersection","00 - Unknown","03 - P.D. only","06 - SMV unattended vehicle"
"12837","SOMERSET ST    W btwn LEBRETON ST N & EMPRESS AVE","366691.30817","5030324.67100","-75.70930","45.41012","2017","12/19/2017","12:00:00 AM","03 - Snow","06 - Ice","10 - No control","04 - At/near private drive","00 - Unknown","03 - P.D. only","06 - SMV unattended vehicle"
"12838","SOMERSET ST    W btwn METCALFE ST & ELGIN ST","368130.64455","5031177.91126","-75.69081","45.41767","2017","11/3/2017","5:30:00 PM","01 - Clear","01 - Dry","10 - No control","01 - Non intersection","07 - Dark","03 - P.D. only","06 - SMV unattended vehicle"
"12839","SOMERSET ST    W btwn PERCY ST & BAY ST","367145.79903","5030586.17877","-75.70347","45.41243","2017","2/17/2017","12:00:00 AM","01 - Clear","01 - Dry","10 - No control","01 - Non intersection","00 - Unknown","03 - P.D. only","06 - SMV unattended vehicle"
"12840","SOMERSET ST    W btwn PERCY ST & BAY ST","367179.52263","5030605.95534","-75.70303","45.41261","2017","3/25/2017","12:00:00 AM","01 - Clear","01 - Dry","10 - No control","01 - Non intersection","00 - Unknown","03 - P.D. only","06 - SMV unattended vehicle"
"12841","SOMERSET ST    W btwn PRESTON ST & ROCHESTER ST","366331.44442","5030137.60194","-75.71392","45.40847","2017","4/28/2017","5:27:00 PM","01 - Clear","01 - Dry","10 - No control","04 - At/near private drive","01 - Daylight","02 - Non-fatal injury","05 - Turning movement"
"12842","SOMERSET ST    W btwn PRESTON ST & ROCHESTER ST","366328.09994","5030135.59526","-75.71397","45.40845","2017","11/16/2017","6:33:00 PM","01 - Clear","02 - Wet","10 - No control","01 - Non intersection","07 - Dark","02 - Non-fatal injury","04 - Sideswipe"
"12843","SOMERSET ST    W btwn PRESTON ST & ROCHESTER ST","366351.51131","5030145.62870","-75.71367","45.40854","2017","3/27/2017","10:11:00 AM","02 - Rain","02 - Wet","10 - No control","01 - Non intersection","01 - Daylight","03 - P.D. only","04 - Sideswipe"
"12844","SOMERSET ST    W btwn RADSTOCK PRIV & KENT ST","367509.44041","5030803.18216","-75.69879","45.41435","2017","2/8/2017","4:10:00 PM","01 - Clear","03 - Loose snow","10 - No control","01 - Non intersection","01 - Daylight","03 - P.D. only","06 - SMV unattended vehicle"
"12845","SOMERSET ST @ BELL ST","366772.92272","5030366.75352","-75.70826","45.41049","2017","6/9/2017","3:06:00 PM","01 - Clear","01 - Dry","10 - No control","02 - Intersection related","01 - Daylight","03 - P.D. only","03 - Rear end"
"12846","SOMERSET ST @ EMPRESS AVE","366738.46272","5030346.77853","-75.70870","45.41032","2017","11/11/2017","10:40:00 AM","01 - Clear","01 - Dry","01 - Traffic signal","03 - At intersection","01 - Daylight","03 - P.D. only","03 - Rear end"
"12847","SOMERSET ST @ EMPRESS AVE","366741.42104","5030350.28654","-75.70866","45.41035","2017","1/13/2017","7:26:00 PM","01 - Clear","01 - Dry","01 - Traffic signal","02 - Intersection related","07 - Dark","03 - P.D. only","03 - Rear end"
"12848","SOMERSET ST @ EMPRESS AVE","366739.11331","5030348.14174","-75.70869","45.41033","2017","12/26/2017","3:50:00 PM","01 - Clear","04 - Slush","01 - Traffic signal","02 - Intersection related","05 - Dusk","02 - Non-fatal injury","03 - Rear end"
"12849","SOMERSET ST @ MARLBOROUGH AVE","369539.75391","5032030.82115","-75.67269","45.42522","2017","8/24/2017","10:20:00 AM","01 - Clear","01 - Dry","02 - Stop sign","03 - At intersection","01 - Daylight","03 - P.D. only","02 - Angle"
"12850","SOMERSET ST @ PERCY ST","367116.70724","5030569.90879","-75.70384","45.41229","2017","2/19/2017","7:47:00 PM","01 - Clear","01 - Dry","01 - Traffic signal","03 - At intersection","07 - Dark","02 - Non-fatal injury","02 - Angle"
"12851","SOMERSET ST @ PERCY ST","367116.70724","5030568.57100","-75.70384","45.41228","2017","3/8/2017","7:20:00 AM","01 - Clear","06 - Ice","01 - Traffic signal","02 - Intersection related","01 - Daylight","03 - P.D. only","04 - Sideswipe"
"12852","SOMERSET ST @ SPADINA AVE","365712.71680","5029866.64850","-75.72186","45.40609","2017","2/11/2017","3:50:00 PM","01 - Clear","03 - Loose snow","02 - Stop sign","02 - Intersection related","01 - Daylight","03 - P.D. only","99 - Other"
"12853","SOUTH GOWER BOUNDARY RD btwn RIVER RD & GABERT RD","374907.38789","4996043.69030","-75.60919","45.10090","2017","5/24/2017","4:07:00 PM","01 - Clear","01 - Dry","10 - No control","04 - At/near private drive","01 - Daylight","03 - P.D. only","07 - SMV other"
"12854","SOUTH ISLAND PARK DR btwn SOUTH RIVER DR & HEENAN TER","369504.76887","5010331.60328","-75.67598","45.22997","2017","9/21/2017","6:10:00 PM","01 - Clear","01 - Dry","10 - No control","01 - Non intersection","01 - Daylight","03 - P.D. only","06 - SMV unattended vehicle"
"12855","SOUTHFIELD WAY btwn BRANTHAVEN ST & ST. ALEXI WALK","384657.67368","5034784.99841","-75.47908","45.44843","2017","2/10/2017","8:50:00 AM","01 - Clear","01 - Dry","10 - No control","04 - At/near private drive","01 - Daylight","03 - P.D. only","03 - Rear end"
"12856","SOUTHLAND CRES btwn KARSH DR & KARSH DR","373762.83634","5026163.74375","-75.61955","45.37202","2017","9/1/2017","1:51:00 PM","01 - Clear","01 - Dry","10 - No control","04 - At/near private drive","01 - Daylight","03 - P.D. only","06 - SMV unattended vehicle"
"12857","SOUTHMORE DR @ WALKLEY RD","369711.67085","5025574.29221","-75.67135","45.36711","2017","9/7/2017","4:55:00 PM","01 - Clear","01 - Dry","02 - Stop sign","02 - Intersection related","01 - Daylight","03 - P.D. only","03 - Rear end"
"12858","SOUTHMORE DR @ WALKLEY RD","369711.05855","5025575.86669","-75.67135","45.36712","2017","11/22/2017","4:19:00 PM","01 - Clear","02 - Wet","02 - Stop sign","02 - Intersection related","01 - Daylight","02 - Non-fatal injury","03 - Rear end"
"12859","SOUTHMORE DR @ WALKLEY RD","369710.38965","5025575.19780","-75.67136","45.36711","2017","2/16/2017","3:40:00 PM","01 - Clear","02 - Wet","02 - Stop sign","03 - At intersection","01 - Daylight","02 - Non-fatal injury","02 - Angle"
"12860","SOUTHMORE DR @ WALKLEY RD","369710.72410","5025573.81884","-75.67136","45.36710","2017","12/16/2017","5:12:00 PM","01 - Clear","03 - Loose snow","02 - Stop sign","02 - Intersection related","07 - Dark","02 - Non-fatal injury","03 - Rear end"
"12861","SOUTHPORT DR btwn HAVENHURST CRES & HAVENHURST CRES","372449.72084","5024763.72526","-75.63651","45.35955","2017","6/9/2017","3:30:00 PM","01 - Clear","01 - Dry","10 - No control","04 - At/near private drive","01 - Daylight","03 - P.D. only","02 - Angle"
"12862","SPARKLING LAKE WAY btwn OLD PRESCOTT RD & Continuation of SPARKLING LA","377427.04656","5014659.73547","-75.57446","45.26814","2017","3/2/2017","9:37:00 AM","05 - Drifting Snow","05 - Packed snow","10 - No control","01 - Non intersection","01 - Daylight","03 - P.D. only","02 - Angle"
"12863","SPARKMAN AVE btwn MONTMORENCY WAY & HARVEST VALLEY AVE","384841.65270","5034524.87642","-75.47677","45.44607","2017","12/20/2017","3:30:00 PM","01 - Clear","05 - Packed snow","10 - No control","04 - At/near private drive","01 - Daylight","03 - P.D. only","99 - Other"
"12864","SPARKS ST btwn BAY ST & LYON ST N","366905.86238","5031307.68335","-75.70644","45.41895","2017","4/20/2017","5:15:00 PM","01 - Clear","01 - Dry","10 - No control","01 - Non intersection","01 - Daylight","03 - P.D. only","99 - Other"
"12865","SPARTAN AVE btwn EVE ST & LOLA ST","371026.50390","5032523.57503","-75.65363","45.42951","2017","2/18/2017","12:00:00 AM","01 - Clear","02 - Wet","10 - No control","01 - Non intersection","00 - Unknown","03 - P.D. only","06 - SMV unattended vehicle"
"12866","SPEEDWAY RD btwn SPRUCE RIDGE RD & END","345594.88045","5011269.76329","-75.98038","45.24021","2017","10/7/2017","1:59:00 AM","07 - Fog, mist, smoke, dust","01 - Dry","10 - No control","01 - Non intersection","07 - Dark","03 - P.D. only","07 - SMV other"
"12867","SPENCER ST btwn HAMILTON AVE N & PARKDALE AVE","365057.80896","5029464.80204","-75.73028","45.40253","2017","5/2/2017","5:16:00 PM","01 - Clear","01 - Dry","10 - No control","01 - Non intersection","01 - Daylight","03 - P.D. only","04 - Sideswipe"
"12868","SPRATT RD @ CANYON WALK DR/GOLDENEYE WAY","368671.04365","5016145.10850","-75.68585","45.28236","2017","6/26/2017","10:40:00 AM","01 - Clear","01 - Dry","02 - Stop sign","03 - At intersection","01 - Daylight","03 - P.D. only","02 - Angle"
"12869","SPRATT RD @ CANYON WALK DR/GOLDENEYE WAY","368670.43135","5016145.34519","-75.68585","45.28236","2017","9/7/2017","8:13:00 AM","01 - Clear","02 - Wet","02 - Stop sign","02 - Intersection related","01 - Daylight","03 - P.D. only","03 - Rear end"
"12870","SPRATT RD btwn CANYON WALK DR & HOLLOW TRAIL GT","368720.50524","5016225.27881","-75.68520","45.28308","2017","9/18/2017","5:03:00 PM","01 - Clear","01 - Dry","10 - No control","01 - Non intersection","01 - Daylight","03 - P.D. only","06 - SMV unattended vehicle"