"Record","Location","X","Y","Longitude","Latitude","Year","Date","Time","Environment","Road_Surface","Traffic_Control","Collision_Location","Light","Collision_Classification","Impact_type"
"12871","SPRATT RD btwn CANYON WALK DR & HOLLOW TRAIL GT","368702.49509","5016198.95727","-75.68544","45.28284","2017","2/15/2017","9:09:00 AM","03 - Snow","05 - Packed snow","10 - No control","04 - At/near private drive","01 - Daylight","03 - P.D. only","02 - Angle"
"12872","SPRATT RD btwn SHORELINE DR & CANYON WALK DR","368627.64977","5016072.76304","-75.68641","45.28171","2017","5/18/2017","9:13:00 AM","01 - Clear","01 - Dry","10 - No control","04 - At/near private drive","01 - Daylight","03 - P.D. only","02 - Angle"
"12873","SPRATT RD btwn SHORELINE DR & CANYON WALK DR","368638.31563","5016086.19302","-75.68627","45.28183","2017","3/8/2017","9:03:00 AM","01 - Clear","02 - Wet","10 - No control","01 - Non intersection","01 - Daylight","03 - P.D. only","03 - Rear end"
"12874","SPRING VALLEY DR btwn KNOTRIDGE ST & NAVAN RD","382003.03800","5032549.93600","-75.51337","45.42862","2017","9/21/2017","5:00:00 PM","01 - Clear","01 - Dry","10 - No control","01 - Non intersection","01 - Daylight","03 - P.D. only","06 - SMV unattended vehicle"
"12875","SPRINGBEAUTY AVE @ TWAYBLADE AVE","365208.30690","5016773.18000","-75.72990","45.28832","2017","10/23/2017","12:00:00 AM","00 - Unknown","99 - Other","02 - Stop sign","02 - Intersection related","00 - Unknown","03 - P.D. only","06 - SMV unattended vehicle"
"12876","SPRINGCREEK CRES btwn STONEMEADOW DR & REDSTONE LANE","356161.95538","5016868.79209","-75.84521","45.28990","2017","12/10/2017","12:00:00 AM","01 - Clear","01 - Dry","10 - No control","01 - Non intersection","00 - Unknown","03 - P.D. only","06 - SMV unattended vehicle"
"12877","SPRINGFIELD RD btwn BERTRAND ST & SCHOOLHOUSE PRIV","369214.49827","5033768.95330","-75.67662","45.44088","2017","3/29/2017","6:23:00 PM","01 - Clear","01 - Dry","10 - No control","04 - At/near private drive","07 - Dark","03 - P.D. only","02 - Angle"
"12878","SPRINGHILL RD @ YORKS CORNERS RD","390383.49214","5009504.72509","-75.41027","45.22031","2017","11/27/2017","8:16:00 AM","01 - Clear","05 - Packed snow","02 - Stop sign","03 - At intersection","01 - Daylight","03 - P.D. only","02 - Angle"
"12879","SPRINGHILL RD btwn BLANCHFIELD RD & 4TH LINE RD","379314.88564","5002498.84645","-75.55223","45.15853","2017","5/19/2017","1:12:00 PM","01 - Clear","08 - Loose sand or gravel","10 - No control","01 - Non intersection","01 - Daylight","02 - Non-fatal injury","07 - SMV other"
"12880","SPRINGLAND DR btwn RIDGEWOOD AVE & HOBSON RD","368575.87363","5025760.82352","-75.68582","45.36889","2017","12/27/2017","12:00:00 AM","01 - Clear","01 - Dry","10 - No control","01 - Non intersection","00 - Unknown","03 - P.D. only","06 - SMV unattended vehicle"
"12881","SPROULE ST btwn SHILLINGTON AVE & END","365300.47228","5027181.77224","-75.72746","45.38196","2017","10/13/2017","7:35:00 PM","01 - Clear","01 - Dry","10 - No control","04 - At/near private drive","07 - Dark","03 - P.D. only","07 - SMV other"
"12882","SPROULE ST btwn SHILLINGTON AVE & END","365307.59289","5027170.56459","-75.72737","45.38186","2017","10/11/2017","12:00:00 AM","01 - Clear","01 - Dry","10 - No control","01 - Non intersection","00 - Unknown","03 - P.D. only","06 - SMV unattended vehicle"
"12883","SPRUCE MEADOWS DR btwn BRIDLEWOOD DR & TAMARA WAY","354972.80376","5017221.86561","-75.86033","45.29316","2017","3/17/2017","12:00:00 AM","01 - Clear","01 - Dry","10 - No control","01 - Non intersection","00 - Unknown","03 - P.D. only","06 - SMV unattended vehicle"
"12884","SPRUCE MEADOWS DR btwn TAMARA WAY & STEEPLE CHASE DR","355091.60241","5017161.72311","-75.85883","45.29261","2017","1/27/2017","8:57:00 AM","03 - Snow","02 - Wet","10 - No control","04 - At/near private drive","01 - Daylight","03 - P.D. only","06 - SMV unattended vehicle"
"12885","SPRUCE RIDGE RD btwn RICHARDSON SIDE RD & HAZELDEAN RD","343535.81923","5014009.42019","-76.00639","45.26498","2017","1/29/2017","1:15:00 AM","03 - Snow","03 - Loose snow","10 - No control","01 - Non intersection","07 - Dark","03 - P.D. only","07 - SMV other"
"12886","SPRUCE RIDGE RD btwn RICHARDSON SIDE RD & HAZELDEAN RD","344730.42464","5012675.47315","-75.99128","45.25291","2017","3/27/2017","4:21:00 PM","02 - Rain","02 - Wet","10 - No control","01 - Non intersection","01 - Daylight","03 - P.D. only","07 - SMV other"
"12887","SPRUCE ST @ BOOTH ST","366561.22346","5030325.03613","-75.71097","45.41014","2017","12/5/2017","7:14:00 AM","02 - Rain","02 - Wet","02 - Stop sign","02 - Intersection related","03 - Dawn","03 - P.D. only","03 - Rear end"
"12888","SPUR AVE btwn BRIDGESTONE DR & EQUESTRIAN DR","355307.46107","5015892.37364","-75.85620","45.28117","2017","1/2/2017","3:54:00 PM","01 - Clear","04 - Slush","10 - No control","04 - At/near private drive","01 - Daylight","03 - P.D. only","05 - Turning movement"
"12889","ST. ANDREW ST btwn CUMBERLAND ST & KING EDWARD AVE","368102.57457","5032933.94171","-75.69094","45.43347","2017","10/24/2017","12:00:00 AM","01 - Clear","01 - Dry","10 - No control","01 - Non intersection","00 - Unknown","03 - P.D. only","06 - SMV unattended vehicle"
"12890","ST. ANDREW ST btwn KING EDWARD AVE & ROSE ST","368196.60531","5032978.30011","-75.68973","45.43386","2017","2/14/2017","12:00:00 AM","01 - Clear","02 - Wet","10 - No control","01 - Non intersection","00 - Unknown","03 - P.D. only","06 - SMV unattended vehicle"
"12891","ST. CHARLES ST btwn GENEST ST & ALICE ST","369629.81993","5033575.07936","-75.67134","45.43910","2017","4/23/2017","12:00:00 AM","01 - Clear","01 - Dry","10 - No control","01 - Non intersection","00 - Unknown","03 - P.D. only","06 - SMV unattended vehicle"
"12892","ST. EMMANUEL TER btwn TO BE DETERMINED & BERNICE CRT (1)","379714.81843","5037777.85558","-75.54181","45.47591","2017","11/27/2017","11:11:00 AM","01 - Clear","06 - Ice","10 - No control","01 - Non intersection","01 - Daylight","03 - P.D. only","01 - Approaching"
"12893","ST. GERMAIN CRES btwn VORLAGE DR & VORLAGE DR","379629.22588","5037747.72337","-75.54291","45.47565","2017","9/6/2017","12:57:00 PM","01 - Clear","01 - Dry","10 - No control","01 - Non intersection","01 - Daylight","03 - P.D. only","06 - SMV unattended vehicle"
"12894","ST. JEAN ST @ ST. JOSEPH BLVD","380970.07175","5037201.59140","-75.52584","45.47059","2017","6/1/2017","10:37:00 AM","01 - Clear","01 - Dry","01 - Traffic signal","02 - Intersection related","01 - Daylight","02 - Non-fatal injury","04 - Sideswipe"
"12895","ST. JEAN ST @ ST. JOSEPH BLVD","380969.40285","5037202.26030","-75.52585","45.47059","2017","6/6/2017","12:35:00 PM","02 - Rain","02 - Wet","01 - Traffic signal","02 - Intersection related","01 - Daylight","03 - P.D. only","03 - Rear end"
"12896","ST. JEAN ST @ ST. JOSEPH BLVD","380970.07175","5037200.92250","-75.52584","45.47058","2017","3/9/2017","10:13:00 AM","01 - Clear","01 - Dry","01 - Traffic signal","02 - Intersection related","01 - Daylight","03 - P.D. only","03 - Rear end"
"12897","ST. JEAN ST btwn COUSINEAU ST & ST. JOSEPH BLVD","380954.68713","5037222.99608","-75.52604","45.47078","2017","6/12/2017","8:57:00 AM","01 - Clear","01 - Dry","10 - No control","04 - At/near private drive","01 - Daylight","02 - Non-fatal injury","02 - Angle"
"12898","ST. JEAN ST btwn COUSINEAU ST & ST. JOSEPH BLVD","380902.49872","5037302.37409","-75.52669","45.47150","2017","11/27/2017","12:01:00 PM","01 - Clear","02 - Wet","10 - No control","04 - At/near private drive","01 - Daylight","03 - P.D. only","02 - Angle"
"12899","ST. JOSEPH BLVD @ 500 E OF HART RD","378027.94781","5035851.24002","-75.56367","45.45875","2017","11/19/2017","8:30:00 AM","03 - Snow","03 - Loose snow","01 - Traffic signal","03 - At intersection","01 - Daylight","03 - P.D. only","07 - SMV other"
"12900","ST. JOSEPH BLVD @ DUFORD DR/PLACE D'ORLEANS DR","381996.18905","5037994.94886","-75.51260","45.47761","2017","10/2/2017","12:10:00 PM","01 - Clear","01 - Dry","01 - Traffic signal","03 - At intersection","01 - Daylight","03 - P.D. only","05 - Turning movement"
"12901","ST. JOSEPH BLVD @ DUFORD DR/PLACE D'ORLEANS DR","381994.89932","5037997.79781","-75.51261","45.47764","2017","11/15/2017","8:20:00 AM","01 - Clear","01 - Dry","01 - Traffic signal","02 - Intersection related","01 - Daylight","02 - Non-fatal injury","03 - Rear end"
"12902","ST. JOSEPH BLVD @ DUFORD DR/PLACE D'ORLEANS DR","381999.25123","5037996.24751","-75.51256","45.47762","2017","3/15/2017","8:20:00 AM","03 - Snow","03 - Loose snow","01 - Traffic signal","02 - Intersection related","01 - Daylight","03 - P.D. only","03 - Rear end"
"12903","ST. JOSEPH BLVD @ FOREST VALLEY DR/YOUVILLE DR","379164.40665","5036157.25940","-75.54909","45.46139","2017","6/6/2017","7:03:00 PM","01 - Clear","01 - Dry","01 - Traffic signal","02 - Intersection related","01 - Daylight","03 - P.D. only","03 - Rear end"
"12904","ST. JOSEPH BLVD @ FOREST VALLEY DR/YOUVILLE DR","379164.40665","5036155.92160","-75.54909","45.46137","2017","5/12/2017","8:00:00 AM","01 - Clear","01 - Dry","01 - Traffic signal","03 - At intersection","01 - Daylight","02 - Non-fatal injury","05 - Turning movement"
"12905","ST. JOSEPH BLVD @ FOREST VALLEY DR/YOUVILLE DR","379165.21447","5036157.30056","-75.54908","45.46139","2017","8/26/2017","1:55:00 PM","01 - Clear","01 - Dry","01 - Traffic signal","03 - At intersection","01 - Daylight","03 - P.D. only","02 - Angle"
"12906","ST. JOSEPH BLVD @ FOREST VALLEY DR/YOUVILLE DR","379167.25474","5036156.58850","-75.54906","45.46138","2017","10/30/2017","7:24:00 AM","02 - Rain","02 - Wet","01 - Traffic signal","02 - Intersection related","01 - Daylight","02 - Non-fatal injury","03 - Rear end"
"12907","ST. JOSEPH BLVD @ FOREST VALLEY DR/YOUVILLE DR","379167.25474","5036162.43796","-75.54906","45.46143","2017","12/14/2017","3:30:00 PM","01 - Clear","01 - Dry","01 - Traffic signal","03 - At intersection","01 - Daylight","03 - P.D. only","05 - Turning movement"
"12908","ST. JOSEPH BLVD @ FOREST VALLEY DR/YOUVILLE DR","379169.33625","5036151.48532","-75.54903","45.46133","2017","1/10/2017","6:06:00 PM","03 - Snow","03 - Loose snow","01 - Traffic signal","03 - At intersection","07 - Dark","02 - Non-fatal injury","05 - Turning movement"
"12909","ST. JOSEPH BLVD @ FOREST VALLEY DR/YOUVILLE DR","379164.26773","5036157.30056","-75.54909","45.46139","2017","4/21/2017","3:10:00 PM","01 - Clear","01 - Dry","01 - Traffic signal","02 - Intersection related","01 - Daylight","03 - P.D. only","03 - Rear end"
"12910","ST. JOSEPH BLVD @ JEANNE D'ARC BLVD","379861.74584","5036472.91869","-75.54013","45.46415","2017","5/17/2017","3:53:00 PM","01 - Clear","01 - Dry","11 - Roundabout","03 - At intersection","01 - Daylight","03 - P.D. only","02 - Angle"
"12911","ST. JOSEPH BLVD @ JEANNE D'ARC BLVD","379861.74584","5036471.58090","-75.54013","45.46414","2017","6/11/2017","10:40:00 AM","01 - Clear","01 - Dry","11 - Roundabout","03 - At intersection","01 - Daylight","03 - P.D. only","02 - Angle"
"12912","ST. JOSEPH BLVD @ JEANNE D'ARC BLVD","379859.73916","5036473.58759","-75.54015","45.46416","2017","6/23/2017","7:46:00 AM","02 - Rain","02 - Wet","11 - Roundabout","02 - Intersection related","01 - Daylight","03 - P.D. only","03 - Rear end"
"12913","ST. JOSEPH BLVD @ JEANNE D'ARC BLVD","379862.41474","5036470.91200","-75.54012","45.46413","2017","5/4/2017","9:50:00 PM","02 - Rain","02 - Wet","11 - Roundabout","02 - Intersection related","07 - Dark","03 - P.D. only","03 - Rear end"
"12914","ST. JOSEPH BLVD @ JEANNE D'ARC BLVD","379861.74584","5036470.91200","-75.54013","45.46413","2017","5/20/2017","9:52:00 AM","01 - Clear","01 - Dry","11 - Roundabout","03 - At intersection","01 - Daylight","03 - P.D. only","04 - Sideswipe"
"12915","ST. JOSEPH BLVD @ JEANNE D'ARC BLVD","379860.40805","5036471.58090","-75.54015","45.46414","2017","6/9/2017","9:20:00 AM","01 - Clear","01 - Dry","11 - Roundabout","03 - At intersection","01 - Daylight","03 - P.D. only","02 - Angle"
"12916","ST. JOSEPH BLVD @ JEANNE D'ARC BLVD","379861.74584","5036472.91869","-75.54013","45.46415","2017","5/6/2017","10:42:00 AM","01 - Clear","01 - Dry","11 - Roundabout","02 - Intersection related","01 - Daylight","03 - P.D. only","04 - Sideswipe"
"12917","ST. JOSEPH BLVD @ JEANNE D'ARC BLVD","379861.07695","5036470.91200","-75.54014","45.46413","2017","6/2/2017","2:19:00 PM","01 - Clear","01 - Dry","11 - Roundabout","03 - At intersection","01 - Daylight","03 - P.D. only","03 - Rear end"
"12918","ST. JOSEPH BLVD @ JEANNE D'ARC BLVD","379861.07695","5036472.24980","-75.54014","45.46414","2017","5/26/2017","3:50:00 PM","01 - Clear","01 - Dry","11 - Roundabout","03 - At intersection","01 - Daylight","03 - P.D. only","07 - SMV other"
"12919","ST. JOSEPH BLVD @ JEANNE D'ARC BLVD","379862.41474","5036471.58090","-75.54012","45.46414","2017","6/24/2017","1:40:00 PM","01 - Clear","01 - Dry","11 - Roundabout","03 - At intersection","01 - Daylight","03 - P.D. only","04 - Sideswipe"
"12920","ST. JOSEPH BLVD @ JEANNE D'ARC BLVD","379859.73916","5036471.58090","-75.54015","45.46414","2017","4/26/2017","12:30:00 PM","01 - Clear","01 - Dry","11 - Roundabout","03 - At intersection","01 - Daylight","03 - P.D. only","02 - Angle"
"12921","ST. JOSEPH BLVD @ JEANNE D'ARC BLVD","379860.40805","5036470.91200","-75.54015","45.46413","2017","6/14/2017","3:34:00 PM","01 - Clear","01 - Dry","11 - Roundabout","03 - At intersection","01 - Daylight","02 - Non-fatal injury","04 - Sideswipe"
"12922","ST. JOSEPH BLVD @ JEANNE D'ARC BLVD","379860.26913","5036471.81759","-75.54015","45.46414","2017","8/31/2017","5:24:00 PM","01 - Clear","01 - Dry","11 - Roundabout","03 - At intersection","01 - Daylight","03 - P.D. only","04 - Sideswipe"
"12923","ST. JOSEPH BLVD @ JEANNE D'ARC BLVD","379860.40805","5036471.58090","-75.54015","45.46414","2017","7/11/2017","11:36:00 PM","01 - Clear","01 - Dry","11 - Roundabout","03 - At intersection","07 - Dark","03 - P.D. only","02 - Angle"
"12924","ST. JOSEPH BLVD @ JEANNE D'ARC BLVD","379860.74250","5036471.34421","-75.54014","45.46414","2017","8/28/2017","3:40:00 PM","01 - Clear","01 - Dry","11 - Roundabout","03 - At intersection","01 - Daylight","03 - P.D. only","02 - Angle"
"12925","ST. JOSEPH BLVD @ JEANNE D'ARC BLVD","379860.40805","5036470.24311","-75.54015","45.46413","2017","6/30/2017","6:01:00 PM","01 - Clear","02 - Wet","11 - Roundabout","02 - Intersection related","01 - Daylight","03 - P.D. only","03 - Rear end"
"12926","ST. JOSEPH BLVD @ JEANNE D'ARC BLVD","379861.85238","5036470.91497","-75.54013","45.46413","2017","8/26/2017","12:07:00 PM","01 - Clear","01 - Dry","11 - Roundabout","03 - At intersection","01 - Daylight","03 - P.D. only","04 - Sideswipe"
"12927","ST. JOSEPH BLVD @ JEANNE D'ARC BLVD","379861.25200","5036472.59990","-75.54013","45.46415","2017","7/5/2017","3:26:00 PM","01 - Clear","01 - Dry","11 - Roundabout","03 - At intersection","01 - Daylight","03 - P.D. only","02 - Angle"
"12928","ST. JOSEPH BLVD @ JEANNE D'ARC BLVD","379860.74250","5036471.26192","-75.54014","45.46414","2017","7/15/2017","12:08:00 PM","01 - Clear","01 - Dry","11 - Roundabout","03 - At intersection","01 - Daylight","02 - Non-fatal injury","02 - Angle"
"12929","ST. JOSEPH BLVD @ JEANNE D'ARC BLVD","379861.40843","5036471.80288","-75.54013","45.46414","2017","8/10/2017","7:47:00 AM","01 - Clear","01 - Dry","11 - Roundabout","03 - At intersection","01 - Daylight","03 - P.D. only","04 - Sideswipe"
"12930","ST. JOSEPH BLVD @ JEANNE D'ARC BLVD","379860.74250","5036470.93987","-75.54014","45.46413","2017","8/9/2017","11:46:00 AM","01 - Clear","01 - Dry","11 - Roundabout","02 - Intersection related","01 - Daylight","03 - P.D. only","04 - Sideswipe"
"12931","ST. JOSEPH BLVD @ JEANNE D'ARC BLVD","379860.29557","5036471.35744","-75.54015","45.46414","2017","9/9/2017","5:21:00 PM","01 - Clear","01 - Dry","11 - Roundabout","02 - Intersection related","01 - Daylight","03 - P.D. only","04 - Sideswipe"
"12932","ST. JOSEPH BLVD @ JEANNE D'ARC BLVD","379860.74250","5036472.25129","-75.54014","45.46414","2017","9/13/2017","8:01:00 AM","01 - Clear","01 - Dry","11 - Roundabout","03 - At intersection","01 - Daylight","02 - Non-fatal injury","02 - Angle"
"12933","ST. JOSEPH BLVD @ JEANNE D'ARC BLVD","379861.28524","5036471.30953","-75.54013","45.46414","2017","10/19/2017","11:30:00 AM","01 - Clear","01 - Dry","11 - Roundabout","02 - Intersection related","01 - Daylight","03 - P.D. only","03 - Rear end"
"12934","ST. JOSEPH BLVD @ JEANNE D'ARC BLVD","379860.04241","5036472.04407","-75.54015","45.46414","2017","10/25/2017","8:45:00 AM","01 - Clear","01 - Dry","11 - Roundabout","03 - At intersection","01 - Daylight","03 - P.D. only","04 - Sideswipe"
"12935","ST. JOSEPH BLVD @ JEANNE D'ARC BLVD","379860.26913","5036470.87084","-75.54015","45.46413","2017","9/30/2017","12:45:00 PM","01 - Clear","01 - Dry","11 - Roundabout","03 - At intersection","01 - Daylight","03 - P.D. only","04 - Sideswipe"
"12936","ST. JOSEPH BLVD @ JEANNE D'ARC BLVD","379861.28895","5036471.58090","-75.54013","45.46414","2017","10/2/2017","3:20:00 PM","01 - Clear","01 - Dry","11 - Roundabout","03 - At intersection","01 - Daylight","03 - P.D. only","04 - Sideswipe"
"12937","ST. JOSEPH BLVD @ JEANNE D'ARC BLVD","379861.18943","5036470.91051","-75.54014","45.46413","2017","9/13/2017","12:26:00 PM","01 - Clear","01 - Dry","11 - Roundabout","03 - At intersection","01 - Daylight","03 - P.D. only","04 - Sideswipe"
"12938","ST. JOSEPH BLVD @ JEANNE D'ARC BLVD","379861.83540","5036471.03445","-75.54013","45.46413","2017","9/26/2017","7:46:00 AM","01 - Clear","01 - Dry","11 - Roundabout","03 - At intersection","01 - Daylight","03 - P.D. only","02 - Angle"
"12939","ST. JOSEPH BLVD @ JEANNE D'ARC BLVD","379861.21587","5036471.81759","-75.54014","45.46414","2017","10/17/2017","11:25:00 AM","01 - Clear","01 - Dry","11 - Roundabout","03 - At intersection","01 - Daylight","03 - P.D. only","02 - Angle"
"12940","ST. JOSEPH BLVD @ JEANNE D'ARC BLVD","379860.74250","5036471.34195","-75.54014","45.46414","2017","9/6/2017","3:05:00 PM","01 - Clear","01 - Dry","11 - Roundabout","03 - At intersection","01 - Daylight","03 - P.D. only","04 - Sideswipe"
"12941","ST. JOSEPH BLVD @ JEANNE D'ARC BLVD","379860.74250","5036470.46358","-75.54014","45.46413","2017","9/13/2017","6:06:00 PM","01 - Clear","01 - Dry","11 - Roundabout","03 - At intersection","01 - Daylight","03 - P.D. only","02 - Angle"
"12942","ST. JOSEPH BLVD @ JEANNE D'ARC BLVD","379860.74250","5036471.35744","-75.54014","45.46414","2017","9/12/2017","11:51:00 AM","01 - Clear","01 - Dry","11 - Roundabout","03 - At intersection","01 - Daylight","03 - P.D. only","02 - Angle"
"12943","ST. JOSEPH BLVD @ JEANNE D'ARC BLVD","379860.74251","5036471.58089","-75.54014","45.46414","2017","9/14/2017","3:27:00 PM","01 - Clear","01 - Dry","11 - Roundabout","02 - Intersection related","01 - Daylight","03 - P.D. only","03 - Rear end"
"12944","ST. JOSEPH BLVD @ JEANNE D'ARC BLVD","379859.73916","5036472.91869","-75.54015","45.46415","2017","10/10/2017","9:00:00 AM","01 - Clear","01 - Dry","11 - Roundabout","03 - At intersection","01 - Daylight","03 - P.D. only","04 - Sideswipe"
"12945","ST. JOSEPH BLVD @ JEANNE D'ARC BLVD","379861.68925","5036471.81759","-75.54013","45.46414","2017","9/17/2017","4:16:00 PM","01 - Clear","01 - Dry","11 - Roundabout","03 - At intersection","01 - Daylight","03 - P.D. only","04 - Sideswipe"
"12946","ST. JOSEPH BLVD @ JEANNE D'ARC BLVD","379859.73916","5036472.91869","-75.54015","45.46415","2017","10/28/2017","2:30:00 PM","01 - Clear","01 - Dry","11 - Roundabout","03 - At intersection","01 - Daylight","03 - P.D. only","04 - Sideswipe"
"12947","ST. JOSEPH BLVD @ JEANNE D'ARC BLVD","379861.07695","5036470.24311","-75.54014","45.46413","2017","12/6/2017","8:48:00 AM","01 - Clear","01 - Dry","11 - Roundabout","03 - At intersection","01 - Daylight","03 - P.D. only","04 - Sideswipe"
"12948","ST. JOSEPH BLVD @ JEANNE D'ARC BLVD","379859.07026","5036472.91869","-75.54016","45.46415","2017","11/24/2017","9:45:00 AM","01 - Clear","01 - Dry","11 - Roundabout","03 - At intersection","01 - Daylight","03 - P.D. only","02 - Angle"
"12949","ST. JOSEPH BLVD @ JEANNE D'ARC BLVD","379861.74584","5036472.24980","-75.54013","45.46414","2017","11/25/2017","9:20:00 AM","02 - Rain","02 - Wet","11 - Roundabout","03 - At intersection","01 - Daylight","03 - P.D. only","02 - Angle"
"12950","ST. JOSEPH BLVD @ JEANNE D'ARC BLVD","379860.40805","5036471.58090","-75.54015","45.46414","2017","11/6/2017","6:10:00 PM","01 - Clear","01 - Dry","11 - Roundabout","03 - At intersection","07 - Dark","03 - P.D. only","02 - Angle"
"12951","ST. JOSEPH BLVD @ JEANNE D'ARC BLVD","379861.07695","5036471.58090","-75.54014","45.46414","2017","11/23/2017","2:09:00 AM","01 - Clear","01 - Dry","11 - Roundabout","03 - At intersection","07 - Dark","02 - Non-fatal injury","07 - SMV other"
"12952","ST. JOSEPH BLVD @ JEANNE D'ARC BLVD","379860.74250","5036471.03445","-75.54014","45.46413","2017","2/6/2017","2:25:00 PM","01 - Clear","02 - Wet","11 - Roundabout","03 - At intersection","01 - Daylight","03 - P.D. only","04 - Sideswipe"
"12953","ST. JOSEPH BLVD @ JEANNE D'ARC BLVD","379861.09259","5036473.49964","-75.54014","45.46416","2017","1/25/2017","11:10:00 AM","01 - Clear","02 - Wet","11 - Roundabout","03 - At intersection","01 - Daylight","03 - P.D. only","02 - Angle"
"12954","ST. JOSEPH BLVD @ JEANNE D'ARC BLVD","379860.74250","5036472.70660","-75.54014","45.46415","2017","2/9/2017","7:08:00 PM","01 - Clear","01 - Dry","11 - Roundabout","03 - At intersection","07 - Dark","03 - P.D. only","02 - Angle"
"12955","ST. JOSEPH BLVD @ JEANNE D'ARC BLVD","379860.19605","5036472.12735","-75.54015","45.46414","2017","1/13/2017","3:36:00 PM","01 - Clear","01 - Dry","11 - Roundabout","03 - At intersection","01 - Daylight","03 - P.D. only","02 - Angle"
"12956","ST. JOSEPH BLVD @ JEANNE D'ARC BLVD","379861.07695","5036470.24311","-75.54014","45.46413","2017","4/12/2017","5:30:00 PM","01 - Clear","01 - Dry","11 - Roundabout","02 - Intersection related","01 - Daylight","03 - P.D. only","03 - Rear end"
"12957","ST. JOSEPH BLVD @ JEANNE D'ARC BLVD","379859.73916","5036470.24311","-75.54015","45.46413","2017","3/25/2017","5:37:00 PM","01 - Clear","01 - Dry","11 - Roundabout","03 - At intersection","01 - Daylight","03 - P.D. only","04 - Sideswipe"
"12958","ST. JOSEPH BLVD @ JEANNE D'ARC BLVD","379861.07695","5036472.91869","-75.54014","45.46415","2017","3/2/2017","3:55:00 PM","01 - Clear","01 - Dry","11 - Roundabout","03 - At intersection","01 - Daylight","03 - P.D. only","04 - Sideswipe"
"12959","ST. JOSEPH BLVD @ JEANNE D'ARC BLVD","379861.74584","5036471.58090","-75.54013","45.46414","2017","3/26/2017","6:43:00 PM","02 - Rain","02 - Wet","11 - Roundabout","03 - At intersection","05 - Dusk","03 - P.D. only","04 - Sideswipe"
"12960","ST. JOSEPH BLVD @ JEANNE D'ARC BLVD","379861.07695","5036471.58090","-75.54014","45.46414","2017","3/8/2017","10:59:00 AM","01 - Clear","01 - Dry","11 - Roundabout","03 - At intersection","01 - Daylight","03 - P.D. only","02 - Angle"
"12961","ST. JOSEPH BLVD @ JEANNE D'ARC BLVD","379861.74584","5036471.58090","-75.54013","45.46414","2017","2/25/2017","12:15:00 PM","02 - Rain","02 - Wet","11 - Roundabout","03 - At intersection","01 - Daylight","03 - P.D. only","02 - Angle"
"12962","ST. JOSEPH BLVD @ JEANNE D'ARC BLVD","379859.73916","5036470.24311","-75.54015","45.46413","2017","4/16/2017","11:30:00 PM","02 - Rain","02 - Wet","11 - Roundabout","03 - At intersection","07 - Dark","03 - P.D. only","04 - Sideswipe"
"12963","ST. JOSEPH BLVD @ JEANNE D'ARC BLVD","379863.26857","5036473.03612","-75.54011","45.46415","2017","12/18/2017","7:33:00 AM","03 - Snow","03 - Loose snow","11 - Roundabout","03 - At intersection","03 - Dawn","03 - P.D. only","04 - Sideswipe"
"12964","ST. JOSEPH BLVD @ OR174 IC101 RAMP25","383340.98116","5038948.66112","-75.49525","45.48604","2017","10/12/2017","3:22:00 PM","01 - Clear","01 - Dry","","02 - Intersection related","01 - Daylight","03 - P.D. only","03 - Rear end"
"12965","ST. JOSEPH BLVD @ REGIONAL RD 174/TRANSITWAY","376556.24644","5035056.98545","-75.58260","45.45176","2017","8/3/2017","4:40:00 PM","01 - Clear","01 - Dry","01 - Traffic signal","02 - Intersection related","01 - Daylight","03 - P.D. only","03 - Rear end"
"12966","ST. JOSEPH BLVD @ REGIONAL RD 174/TRANSITWAY","376556.49945","5035056.53739","-75.58260","45.45175","2017","8/22/2017","6:25:00 PM","02 - Rain","02 - Wet","01 - Traffic signal","02 - Intersection related","01 - Daylight","02 - Non-fatal injury","03 - Rear end"
"12967","ST. JOSEPH BLVD @ REGIONAL RD 174/TRANSITWAY","376556.35496","5035056.24084","-75.58260","45.45175","2017","9/28/2017","7:15:00 AM","01 - Clear","01 - Dry","01 - Traffic signal","02 - Intersection related","01 - Daylight","03 - P.D. only","03 - Rear end"
"12968","ST. JOSEPH BLVD @ REGIONAL RD 174/TRANSITWAY","376556.18765","5035056.72797","-75.58260","45.45176","2017","10/6/2017","5:16:00 PM","01 - Clear","01 - Dry","01 - Traffic signal","02 - Intersection related","01 - Daylight","02 - Non-fatal injury","03 - Rear end"
"12969","ST. JOSEPH BLVD @ REGIONAL RD 174/TRANSITWAY","376555.83712","5035057.07850","-75.58260","45.45176","2017","9/19/2017","3:50:00 PM","01 - Clear","01 - Dry","01 - Traffic signal","02 - Intersection related","01 - Daylight","03 - P.D. only","03 - Rear end"
"12970","ST. JOSEPH BLVD @ REGIONAL RD 174/TRANSITWAY","376554.82749","5035055.58139","-75.58262","45.45175","2017","11/22/2017","5:00:00 PM","01 - Clear","01 - Dry","01 - Traffic signal","02 - Intersection related","07 - Dark","03 - P.D. only","03 - Rear end"
"12971","ST. JOSEPH BLVD @ REGIONAL RD 174/TRANSITWAY","376557.65441","5035057.34961","-75.58258","45.45176","2017","1/7/2017","12:03:00 PM","01 - Clear","01 - Dry","01 - Traffic signal","02 - Intersection related","01 - Daylight","03 - P.D. only","07 - SMV other"
"12972","ST. JOSEPH BLVD @ REGIONAL RD 174/TRANSITWAY","376556.32422","5035055.98505","-75.58260","45.45175","2017","1/31/2017","4:29:00 PM","01 - Clear","03 - Loose snow","01 - Traffic signal","03 - At intersection","01 - Daylight","03 - P.D. only","02 - Angle"
"12973","ST. JOSEPH BLVD @ REGIONAL RD 174/TRANSITWAY","376556.32711","5035055.53681","-75.58260","45.45175","2017","2/27/2017","3:31:00 PM","01 - Clear","01 - Dry","01 - Traffic signal","02 - Intersection related","01 - Daylight","02 - Non-fatal injury","03 - Rear end"
"12974","ST. JOSEPH BLVD @ ST. PIERRE ST","381375.65749","5037512.51558","-75.52061","45.47334","2017","7/5/2017","10:30:00 AM","01 - Clear","01 - Dry","02 - Stop sign","02 - Intersection related","01 - Daylight","03 - P.D. only","04 - Sideswipe"