"Record","Location","X","Y","Longitude","Latitude","Year","Date","Time","Environment","Road_Surface","Traffic_Control","Collision_Location","Light","Collision_Classification","Impact_type"
"12975","ST. JOSEPH BLVD @ TENTH LINE RD","382886.41734","5038663.60159","-75.50111","45.48353","2017","6/25/2017","1:20:00 PM","02 - Rain","02 - Wet","01 - Traffic signal","02 - Intersection related","01 - Daylight","03 - P.D. only","03 - Rear end"
"12976","ST. JOSEPH BLVD @ TENTH LINE RD","382891.80714","5038667.12170","-75.50104","45.48356","2017","5/27/2017","5:48:00 PM","01 - Clear","01 - Dry","01 - Traffic signal","02 - Intersection related","01 - Daylight","03 - P.D. only","03 - Rear end"
"12977","ST. JOSEPH BLVD @ TENTH LINE RD","382890.46935","5038666.45280","-75.50105","45.48355","2017","4/26/2017","6:19:00 AM","02 - Rain","02 - Wet","01 - Traffic signal","02 - Intersection related","03 - Dawn","03 - P.D. only","03 - Rear end"
"12978","ST. JOSEPH BLVD @ TENTH LINE RD","382890.46935","5038667.12170","-75.50105","45.48356","2017","6/23/2017","5:40:00 PM","02 - Rain","02 - Wet","01 - Traffic signal","02 - Intersection related","01 - Daylight","03 - P.D. only","03 - Rear end"
"12979","ST. JOSEPH BLVD @ TENTH LINE RD","382891.13825","5038667.12170","-75.50105","45.48356","2017","5/29/2017","3:33:00 PM","02 - Rain","02 - Wet","01 - Traffic signal","02 - Intersection related","01 - Daylight","03 - P.D. only","03 - Rear end"
"12980","ST. JOSEPH BLVD @ TENTH LINE RD","382891.13825","5038668.45949","-75.50105","45.48357","2017","7/7/2017","8:25:00 AM","01 - Clear","01 - Dry","01 - Traffic signal","02 - Intersection related","01 - Daylight","03 - P.D. only","03 - Rear end"
"12981","ST. JOSEPH BLVD @ TENTH LINE RD","382890.80386","5038666.45294","-75.50105","45.48355","2017","8/3/2017","11:25:00 AM","01 - Clear","01 - Dry","01 - Traffic signal","03 - At intersection","01 - Daylight","03 - P.D. only","02 - Angle"
"12982","ST. JOSEPH BLVD @ TENTH LINE RD","382890.75790","5038666.48352","-75.50105","45.48355","2017","7/19/2017","9:00:00 PM","01 - Clear","01 - Dry","01 - Traffic signal","02 - Intersection related","05 - Dusk","03 - P.D. only","04 - Sideswipe"
"12983","ST. JOSEPH BLVD @ TENTH LINE RD","382891.35025","5038665.90635","-75.50104","45.48355","2017","10/12/2017","7:35:00 PM","01 - Clear","01 - Dry","01 - Traffic signal","02 - Intersection related","07 - Dark","03 - P.D. only","04 - Sideswipe"
"12984","ST. JOSEPH BLVD @ TENTH LINE RD","382890.05772","5038665.42456","-75.50106","45.48354","2017","12/2/2017","6:13:00 PM","01 - Clear","01 - Dry","01 - Traffic signal","02 - Intersection related","07 - Dark","03 - P.D. only","03 - Rear end"
"12985","ST. JOSEPH BLVD @ TENTH LINE RD","382888.39309","5038665.80611","-75.50108","45.48355","2017","12/14/2017","9:44:00 PM","01 - Clear","03 - Loose snow","01 - Traffic signal","02 - Intersection related","07 - Dark","02 - Non-fatal injury","03 - Rear end"
"12986","ST. JOSEPH BLVD @ TENTH LINE RD","382893.14274","5038666.96707","-75.50102","45.48356","2017","12/6/2017","11:15:00 AM","01 - Clear","01 - Dry","01 - Traffic signal","02 - Intersection related","01 - Daylight","03 - P.D. only","03 - Rear end"
"12987","ST. JOSEPH BLVD @ TENTH LINE RD","382892.64050","5038666.95397","-75.50103","45.48356","2017","2/10/2017","10:33:00 AM","01 - Clear","01 - Dry","01 - Traffic signal","02 - Intersection related","01 - Daylight","03 - P.D. only","04 - Sideswipe"
"12988","ST. JOSEPH BLVD @ TENTH LINE RD","382891.66217","5038666.45280","-75.50104","45.48355","2017","1/4/2017","3:15:00 PM","03 - Snow","04 - Slush","01 - Traffic signal","02 - Intersection related","01 - Daylight","03 - P.D. only","04 - Sideswipe"
"12989","ST. JOSEPH BLVD @ TENTH LINE RD","382891.35025","5038666.45280","-75.50104","45.48355","2017","1/16/2017","11:41:00 AM","01 - Clear","01 - Dry","01 - Traffic signal","03 - At intersection","01 - Daylight","02 - Non-fatal injury","02 - Angle"
"12990","ST. JOSEPH BLVD @ TENTH LINE RD","382890.46935","5038667.12170","-75.50105","45.48356","2017","3/17/2017","2:18:00 PM","01 - Clear","01 - Dry","01 - Traffic signal","02 - Intersection related","01 - Daylight","03 - P.D. only","03 - Rear end"
"12991","ST. JOSEPH BLVD @ TENTH LINE RD","382891.13825","5038666.45280","-75.50105","45.48355","2017","3/15/2017","5:17:00 PM","01 - Clear","02 - Wet","01 - Traffic signal","03 - At intersection","01 - Daylight","02 - Non-fatal injury","02 - Angle"
"12992","ST. JOSEPH BLVD @ TENTH LINE RD","382892.27385","5038665.80611","-75.50103","45.48355","2017","12/23/2017","3:55:00 PM","03 - Snow","03 - Loose snow","01 - Traffic signal","03 - At intersection","01 - Daylight","03 - P.D. only","03 - Rear end"
"12993","ST. JOSEPH BLVD @ TENTH LINE RD","382890.33043","5038666.68949","-75.50106","45.48356","2017","12/28/2017","11:27:00 AM","01 - Clear","06 - Ice","01 - Traffic signal","02 - Intersection related","01 - Daylight","03 - P.D. only","03 - Rear end"
"12994","ST. JOSEPH BLVD @ TENTH LINE RD","382893.27326","5038664.99740","-75.50102","45.48354","2017","12/23/2017","4:09:00 PM","03 - Snow","03 - Loose snow","01 - Traffic signal","03 - At intersection","05 - Dusk","03 - P.D. only","03 - Rear end"
"12995","ST. JOSEPH BLVD @ TENTH LINE RD","382893.24404","5038668.71668","-75.50102","45.48357","2017","12/26/2017","6:45:00 PM","01 - Clear","01 - Dry","01 - Traffic signal","03 - At intersection","07 - Dark","02 - Non-fatal injury","05 - Turning movement"
"12996","ST. JOSEPH BLVD @ TENTH LINE RD","382892.90442","5038666.45290","-75.50102","45.48355","2017","12/28/2017","10:30:00 AM","01 - Clear","06 - Ice","01 - Traffic signal","02 - Intersection related","01 - Daylight","03 - P.D. only","03 - Rear end"
"12997","ST. JOSEPH BLVD @ TENTH LINE RD","382891.75959","5038667.16965","-75.50104","45.48356","2017","12/18/2017","5:38:00 PM","03 - Snow","03 - Loose snow","01 - Traffic signal","03 - At intersection","07 - Dark","02 - Non-fatal injury","03 - Rear end"
"12998","ST. JOSEPH BLVD @ TENTH LINE RD","382891.27717","5038667.16286","-75.50104","45.48356","2017","12/16/2017","3:57:00 AM","03 - Snow","03 - Loose snow","01 - Traffic signal","02 - Intersection related","07 - Dark","03 - P.D. only","07 - SMV other"
"12999","ST. JOSEPH BLVD btwn BOYER RD & ORLEANS BLVD","380547.01882","5036926.11838","-75.53130","45.46815","2017","11/23/2017","5:15:00 PM","01 - Clear","02 - Wet","10 - No control","04 - At/near private drive","07 - Dark","03 - P.D. only","02 - Angle"
"13000","ST. JOSEPH BLVD btwn COUSINEAU ST & DUSSERE ST","380712.02444","5037033.39775","-75.52917","45.46910","2017","5/4/2017","10:52:00 AM","01 - Clear","01 - Dry","10 - No control","04 - At/near private drive","01 - Daylight","03 - P.D. only","02 - Angle"
"13001","ST. JOSEPH BLVD btwn COUSINEAU ST & DUSSERE ST","380759.10961","5037064.46478","-75.52856","45.46938","2017","6/21/2017","5:49:00 PM","01 - Clear","01 - Dry","10 - No control","04 - At/near private drive","01 - Daylight","03 - P.D. only","05 - Turning movement"
"13002","ST. JOSEPH BLVD btwn COUSINEAU ST & DUSSERE ST","380793.82260","5037087.29460","-75.52812","45.46958","2017","8/17/2017","4:50:00 PM","01 - Clear","01 - Dry","10 - No control","04 - At/near private drive","01 - Daylight","03 - P.D. only","05 - Turning movement"
"13003","ST. JOSEPH BLVD btwn COUSINEAU ST & DUSSERE ST","380740.26318","5037048.47213","-75.52881","45.46923","2017","1/11/2017","4:06:00 PM","01 - Clear","04 - Slush","10 - No control","04 - At/near private drive","01 - Daylight","03 - P.D. only","05 - Turning movement"
"13004","ST. JOSEPH BLVD btwn DUSSERE ST & ST. JEAN ST","380913.68254","5037164.83851","-75.52657","45.47026","2017","5/10/2017","11:45:00 AM","01 - Clear","01 - Dry","10 - No control","04 - At/near private drive","01 - Daylight","02 - Non-fatal injury","05 - Turning movement"
"13005","ST. JOSEPH BLVD btwn DUSSERE ST & ST. JEAN ST","380885.79081","5037148.74859","-75.52693","45.47012","2017","12/5/2017","12:35:00 PM","02 - Rain","02 - Wet","10 - No control","04 - At/near private drive","01 - Daylight","02 - Non-fatal injury","02 - Angle"
"13006","ST. JOSEPH BLVD btwn EDGAR BRAULT ST & MAISONNEUVE ST","381449.37771","5037567.28932","-75.51966","45.47382","2017","10/18/2017","3:21:00 PM","01 - Clear","01 - Dry","10 - No control","04 - At/near private drive","01 - Daylight","03 - P.D. only","02 - Angle"
"13007","ST. JOSEPH BLVD btwn JEANNE D'ARC BLVD S & NOTRE DAME ST","379982.14718","5036549.84177","-75.53858","45.46483","2017","7/6/2017","12:15:00 PM","01 - Clear","01 - Dry","10 - No control","04 - At/near private drive","01 - Daylight","03 - P.D. only","02 - Angle"
"13008","ST. JOSEPH BLVD btwn JEANNE D'ARC BLVD S & NOTRE DAME ST","379937.91370","5036521.98852","-75.53915","45.46458","2017","8/18/2017","2:21:00 PM","01 - Clear","01 - Dry","10 - No control","04 - At/near private drive","01 - Daylight","03 - P.D. only","02 - Angle"
"13009","ST. JOSEPH BLVD btwn JEANNE D'ARC BLVD S & NOTRE DAME ST","379902.43635","5036499.39187","-75.53960","45.46438","2017","2/2/2017","1:30:00 PM","01 - Clear","02 - Wet","10 - No control","04 - At/near private drive","01 - Daylight","02 - Non-fatal injury","03 - Rear end"
"13010","ST. JOSEPH BLVD btwn MAISONNEUVE ST & GABRIEL ST","381510.08999","5037614.19470","-75.51887","45.47424","2017","3/21/2017","2:43:00 PM","01 - Clear","01 - Dry","10 - No control","04 - At/near private drive","01 - Daylight","02 - Non-fatal injury","02 - Angle"
"13011","ST. JOSEPH BLVD btwn MARENGER ST & JEANNE D'ARC BLVD S","379844.89551","5036459.55904","-75.54035","45.46403","2017","10/1/2017","10:46:00 PM","01 - Clear","01 - Dry","10 - No control","04 - At/near private drive","07 - Dark","02 - Non-fatal injury","07 - SMV other"
"13012","ST. JOSEPH BLVD btwn MARENGER ST & JEANNE D'ARC BLVD S","379783.48497","5036420.07588","-75.54114","45.46368","2017","12/9/2017","6:15:00 AM","01 - Clear","01 - Dry","10 - No control","01 - Non intersection","07 - Dark","03 - P.D. only","04 - Sideswipe"
"13013","ST. JOSEPH BLVD btwn MARENGER ST & JEANNE D'ARC BLVD S","379729.37323","5036386.99004","-75.54183","45.46339","2017","12/5/2017","3:00:00 PM","01 - Clear","02 - Wet","10 - No control","01 - Non intersection","01 - Daylight","03 - P.D. only","01 - Approaching"
"13014","ST. JOSEPH BLVD btwn OR174 IC109 RAMP54 & ROCKCLIFFE PKWY","376677.90441","5035109.09309","-75.58104","45.45221","2017","5/6/2017","9:52:00 PM","02 - Rain","02 - Wet","10 - No control","01 - Non intersection","07 - Dark","03 - P.D. only","05 - Turning movement"
"13015","ST. JOSEPH BLVD btwn ORLEANS BLVD & COUSINEAU ST","380667.88819","5037003.85494","-75.52974","45.46884","2017","6/3/2017","12:12:00 PM","01 - Clear","01 - Dry","10 - No control","04 - At/near private drive","01 - Daylight","03 - P.D. only","02 - Angle"
"13016","ST. JOSEPH BLVD btwn ORLEANS BLVD & COUSINEAU ST","380657.89697","5036997.27535","-75.52987","45.46878","2017","11/28/2017","1:17:00 PM","01 - Clear","01 - Dry","10 - No control","01 - Non intersection","01 - Daylight","02 - Non-fatal injury","03 - Rear end"
"13017","ST. JOSEPH BLVD btwn ORLEANS BLVD & COUSINEAU ST","380663.97942","5037001.49759","-75.52979","45.46882","2017","11/16/2017","7:48:00 PM","01 - Clear","02 - Wet","10 - No control","04 - At/near private drive","07 - Dark","03 - P.D. only","02 - Angle"
"13018","ST. JOSEPH BLVD btwn PRESTONE DR & TENTH LINE RD","382879.52375","5038662.98397","-75.50120","45.48352","2017","10/17/2017","2:20:00 PM","01 - Clear","01 - Dry","10 - No control","01 - Non intersection","01 - Daylight","03 - P.D. only","04 - Sideswipe"
"13019","ST. JOSEPH BLVD btwn R.C.M.P. COMPLEX & YOUVILLE DR","378984.14253","5036091.40746","-75.55141","45.46081","2017","6/30/2017","7:47:00 AM","01 - Clear","01 - Dry","10 - No control","01 - Non intersection","01 - Daylight","03 - P.D. only","03 - Rear end"
"13020","ST. JOSEPH BLVD btwn R.C.M.P. COMPLEX & YOUVILLE DR","378913.38015","5036082.03429","-75.55231","45.46074","2017","9/28/2017","7:19:00 AM","01 - Clear","01 - Dry","10 - No control","01 - Non intersection","01 - Daylight","03 - P.D. only","03 - Rear end"
"13021","ST. JOSEPH BLVD btwn R.C.M.P. COMPLEX & YOUVILLE DR","379065.28755","5036113.96755","-75.55037","45.46101","2017","9/26/2017","8:10:00 AM","01 - Clear","01 - Dry","10 - No control","01 - Non intersection","01 - Daylight","03 - P.D. only","03 - Rear end"
"13022","ST. JOSEPH BLVD btwn ROCKCLIFFE PKWY & HART RD","377325.30044","5035395.13621","-75.57272","45.45472","2017","9/23/2017","9:12:00 PM","01 - Clear","01 - Dry","10 - No control","01 - Non intersection","07 - Dark","02 - Non-fatal injury","07 - SMV other"
"13023","ST. JOSEPH BLVD btwn ROCKCLIFFE PKWY & HART RD","377441.18176","5035485.74066","-75.57122","45.45552","2017","12/28/2017","2:49:00 PM","01 - Clear","01 - Dry","10 - No control","01 - Non intersection","01 - Daylight","03 - P.D. only","04 - Sideswipe"
"13024","ST. JOSEPH BLVD btwn ST. JEAN ST & BELCOURT BLVD","381046.14427","5037251.82269","-75.52486","45.47103","2017","10/10/2017","5:24:00 PM","01 - Clear","01 - Dry","10 - No control","04 - At/near private drive","01 - Daylight","03 - P.D. only","05 - Turning movement"
"13025","ST. JOSEPH BLVD btwn ST. JEAN ST & BELCOURT BLVD","381067.15800","5037261.97062","-75.52459","45.47112","2017","3/9/2017","2:00:00 PM","01 - Clear","01 - Dry","10 - No control","04 - At/near private drive","01 - Daylight","03 - P.D. only","03 - Rear end"
"13026","ST. JOSEPH BLVD btwn ST. JOSEPH BLVD & PLACE D'ORLEANS DR","381900.41507","5037917.33218","-75.51384","45.47692","2017","12/21/2017","4:55:00 PM","01 - Clear","02 - Wet","10 - No control","01 - Non intersection","05 - Dusk","03 - P.D. only","05 - Turning movement"
"13027","ST. JOSEPH BLVD btwn TENTH LINE RD & OR174 IC101 RAMP63","382940.50794","5038682.31079","-75.50041","45.48369","2017","8/28/2017","5:16:00 PM","01 - Clear","01 - Dry","10 - No control","01 - Non intersection","01 - Daylight","03 - P.D. only","07 - SMV other"
"13028","ST. JOSEPH BLVD/OLD MONTREAL RD @ TRIM RD","384681.20485","5039284.35421","-75.47805","45.48891","2017","5/2/2017","9:29:00 PM","02 - Rain","02 - Wet","11 - Roundabout","03 - At intersection","07 - Dark","03 - P.D. only","04 - Sideswipe"
"13029","ST. JOSEPH BLVD/OLD MONTREAL RD @ TRIM RD","384679.80186","5039286.53174","-75.47807","45.48893","2017","6/2/2017","9:49:00 AM","01 - Clear","01 - Dry","11 - Roundabout","03 - At intersection","01 - Daylight","03 - P.D. only","02 - Angle"
"13030","ST. JOSEPH BLVD/OLD MONTREAL RD @ TRIM RD","384682.65139","5039289.38127","-75.47803","45.48896","2017","6/17/2017","4:00:00 PM","01 - Clear","01 - Dry","11 - Roundabout","03 - At intersection","01 - Daylight","03 - P.D. only","02 - Angle"
"13031","ST. JOSEPH BLVD/OLD MONTREAL RD @ TRIM RD","384682.65139","5039292.23080","-75.47803","45.48898","2017","5/13/2017","2:25:00 PM","01 - Clear","01 - Dry","11 - Roundabout","03 - At intersection","01 - Daylight","03 - P.D. only","04 - Sideswipe"
"13032","ST. JOSEPH BLVD/OLD MONTREAL RD @ TRIM RD","384683.08845","5039285.58190","-75.47803","45.48892","2017","4/28/2017","11:28:00 AM","01 - Clear","01 - Dry","11 - Roundabout","03 - At intersection","01 - Daylight","03 - P.D. only","04 - Sideswipe"
"13033","ST. JOSEPH BLVD/OLD MONTREAL RD @ TRIM RD","384676.95234","5039286.53174","-75.47810","45.48893","2017","6/21/2017","1:59:00 PM","01 - Clear","01 - Dry","11 - Roundabout","02 - Intersection related","01 - Daylight","02 - Non-fatal injury","03 - Rear end"
"13034","ST. JOSEPH BLVD/OLD MONTREAL RD @ TRIM RD","384682.41955","5039286.25080","-75.47803","45.48893","2017","6/10/2017","1:15:00 PM","01 - Clear","01 - Dry","11 - Roundabout","03 - At intersection","01 - Daylight","03 - P.D. only","02 - Angle"
"13035","ST. JOSEPH BLVD/OLD MONTREAL RD @ TRIM RD","384682.65139","5039283.68221","-75.47803","45.48890","2017","5/1/2017","7:05:00 AM","02 - Rain","02 - Wet","11 - Roundabout","03 - At intersection","01 - Daylight","03 - P.D. only","04 - Sideswipe"
"13036","ST. JOSEPH BLVD/OLD MONTREAL RD @ TRIM RD","384681.75066","5039284.91300","-75.47804","45.48892","2017","6/9/2017","4:35:00 PM","01 - Clear","01 - Dry","11 - Roundabout","02 - Intersection related","01 - Daylight","02 - Non-fatal injury","03 - Rear end"
"13037","ST. JOSEPH BLVD/OLD MONTREAL RD @ TRIM RD","384680.11040","5039284.92063","-75.47806","45.48892","2017","8/21/2017","3:33:00 PM","01 - Clear","01 - Dry","11 - Roundabout","02 - Intersection related","01 - Daylight","03 - P.D. only","03 - Rear end"
"13038","ST. JOSEPH BLVD/OLD MONTREAL RD @ TRIM RD","384683.75734","5039284.24411","-75.47802","45.48891","2017","7/18/2017","4:15:00 PM","01 - Clear","01 - Dry","11 - Roundabout","03 - At intersection","01 - Daylight","03 - P.D. only","02 - Angle"
"13039","ST. JOSEPH BLVD/OLD MONTREAL RD @ TRIM RD","384681.75066","5039286.25080","-75.47804","45.48893","2017","6/29/2017","2:55:00 PM","02 - Rain","02 - Wet","11 - Roundabout","03 - At intersection","01 - Daylight","03 - P.D. only","02 - Angle"
"13040","ST. JOSEPH BLVD/OLD MONTREAL RD @ TRIM RD","384683.96674","5039284.54473","-75.47802","45.48891","2017","8/4/2017","1:01:00 PM","01 - Clear","01 - Dry","11 - Roundabout","03 - At intersection","01 - Daylight","03 - P.D. only","05 - Turning movement"
"13041","ST. JOSEPH BLVD/OLD MONTREAL RD @ TRIM RD","384682.75400","5039286.73001","-75.47803","45.48893","2017","8/4/2017","4:37:00 PM","01 - Clear","01 - Dry","11 - Roundabout","03 - At intersection","01 - Daylight","03 - P.D. only","02 - Angle"
"13042","ST. JOSEPH BLVD/OLD MONTREAL RD @ TRIM RD","384682.22992","5039288.93087","-75.47804","45.48895","2017","8/4/2017","3:00:00 PM","01 - Clear","01 - Dry","11 - Roundabout","03 - At intersection","01 - Daylight","03 - P.D. only","01 - Approaching"
"13043","ST. JOSEPH BLVD/OLD MONTREAL RD @ TRIM RD","384682.75400","5039285.79765","-75.47803","45.48892","2017","8/22/2017","1:30:00 PM","02 - Rain","02 - Wet","11 - Roundabout","03 - At intersection","01 - Daylight","03 - P.D. only","04 - Sideswipe"
"13044","ST. JOSEPH BLVD/OLD MONTREAL RD @ TRIM RD","384681.70155","5039280.12030","-75.47804","45.48887","2017","8/12/2017","1:10:00 PM","01 - Clear","01 - Dry","11 - Roundabout","03 - At intersection","01 - Daylight","03 - P.D. only","04 - Sideswipe"
"13045","ST. JOSEPH BLVD/OLD MONTREAL RD @ TRIM RD","384682.75400","5039285.17770","-75.47803","45.48892","2017","10/28/2017","12:25:00 PM","01 - Clear","01 - Dry","11 - Roundabout","02 - Intersection related","01 - Daylight","03 - P.D. only","04 - Sideswipe"
"13046","ST. JOSEPH BLVD/OLD MONTREAL RD @ TRIM RD","384683.23927","5039286.68447","-75.47802","45.48893","2017","10/6/2017","7:58:00 AM","01 - Clear","01 - Dry","11 - Roundabout","03 - At intersection","01 - Daylight","03 - P.D. only","04 - Sideswipe"
"13047","ST. JOSEPH BLVD/OLD MONTREAL RD @ TRIM RD","384682.45925","5039285.27346","-75.47803","45.48892","2017","10/20/2017","10:00:00 AM","01 - Clear","01 - Dry","11 - Roundabout","02 - Intersection related","01 - Daylight","03 - P.D. only","03 - Rear end"
"13048","ST. JOSEPH BLVD/OLD MONTREAL RD @ TRIM RD","384683.15130","5039284.64774","-75.47803","45.48891","2017","10/22/2017","3:33:00 PM","01 - Clear","01 - Dry","11 - Roundabout","03 - At intersection","01 - Daylight","03 - P.D. only","02 - Angle"
"13049","ST. JOSEPH BLVD/OLD MONTREAL RD @ TRIM RD","384681.24337","5039286.05360","-75.47805","45.48893","2017","9/16/2017","4:25:00 PM","01 - Clear","01 - Dry","11 - Roundabout","02 - Intersection related","01 - Daylight","02 - Non-fatal injury","03 - Rear end"
"13050","ST. JOSEPH BLVD/OLD MONTREAL RD @ TRIM RD","384685.31849","5039287.67245","-75.47800","45.48894","2017","9/29/2017","5:13:00 PM","01 - Clear","01 - Dry","11 - Roundabout","03 - At intersection","01 - Daylight","02 - Non-fatal injury","02 - Angle"
"13051","ST. JOSEPH BLVD/OLD MONTREAL RD @ TRIM RD","384679.15672","5039281.51017","-75.47808","45.48889","2017","12/14/2017","10:43:00 AM","01 - Clear","02 - Wet","11 - Roundabout","03 - At intersection","01 - Daylight","03 - P.D. only","03 - Rear end"
"13052","ST. JOSEPH BLVD/OLD MONTREAL RD @ TRIM RD","384683.22845","5039291.68949","-75.47802","45.48898","2017","12/8/2017","12:00:00 PM","01 - Clear","01 - Dry","11 - Roundabout","02 - Intersection related","01 - Daylight","03 - P.D. only","03 - Rear end"
"13053","ST. JOSEPH BLVD/OLD MONTREAL RD @ TRIM RD","384676.95234","5039292.23080","-75.47810","45.48898","2017","11/25/2017","11:20:00 AM","02 - Rain","02 - Wet","11 - Roundabout","03 - At intersection","01 - Daylight","03 - P.D. only","02 - Angle"
"13054","ST. JOSEPH BLVD/OLD MONTREAL RD @ TRIM RD","384683.21154","5039285.69200","-75.47802","45.48892","2017","11/20/2017","9:25:00 AM","01 - Clear","01 - Dry","11 - Roundabout","03 - At intersection","01 - Daylight","03 - P.D. only","04 - Sideswipe"
"13055","ST. JOSEPH BLVD/OLD MONTREAL RD @ TRIM RD","384682.96541","5039287.76844","-75.47803","45.48894","2017","11/21/2017","8:30:00 AM","01 - Clear","01 - Dry","11 - Roundabout","03 - At intersection","01 - Daylight","03 - P.D. only","04 - Sideswipe"
"13056","ST. JOSEPH BLVD/OLD MONTREAL RD @ TRIM RD","384676.95234","5039283.68221","-75.47811","45.48891","2017","11/25/2017","2:13:00 PM","02 - Rain","02 - Wet","11 - Roundabout","03 - At intersection","01 - Daylight","03 - P.D. only","03 - Rear end"
"13057","ST. JOSEPH BLVD/OLD MONTREAL RD @ TRIM RD","384683.02353","5039286.86025","-75.47803","45.48893","2017","11/8/2017","6:38:00 AM","01 - Clear","01 - Dry","11 - Roundabout","03 - At intersection","03 - Dawn","03 - P.D. only","02 - Angle"
"13058","ST. JOSEPH BLVD/OLD MONTREAL RD @ TRIM RD","384683.19018","5039284.75270","-75.47803","45.48891","2017","2/12/2017","5:19:00 PM","03 - Snow","05 - Packed snow","11 - Roundabout","03 - At intersection","05 - Dusk","03 - P.D. only","07 - SMV other"
"13059","ST. JOSEPH BLVD/OLD MONTREAL RD @ TRIM RD","384683.03365","5039290.91029","-75.47803","45.48897","2017","2/13/2017","2:36:00 PM","01 - Clear","03 - Loose snow","11 - Roundabout","03 - At intersection","01 - Daylight","03 - P.D. only","04 - Sideswipe"
"13060","ST. JOSEPH BLVD/OLD MONTREAL RD @ TRIM RD","384681.47176","5039283.82572","-75.47805","45.48891","2017","1/23/2017","2:27:00 PM","01 - Clear","01 - Dry","11 - Roundabout","03 - At intersection","01 - Daylight","03 - P.D. only","02 - Angle"
"13061","ST. JOSEPH BLVD/OLD MONTREAL RD @ TRIM RD","384681.41036","5039285.46097","-75.47805","45.48892","2017","1/30/2017","7:30:00 PM","01 - Clear","01 - Dry","11 - Roundabout","02 - Intersection related","07 - Dark","03 - P.D. only","04 - Sideswipe"
"13062","ST. JOSEPH BLVD/OLD MONTREAL RD @ TRIM RD","384681.87374","5039284.35421","-75.47804","45.48891","2017","4/23/2017","12:23:00 PM","01 - Clear","01 - Dry","11 - Roundabout","03 - At intersection","01 - Daylight","03 - P.D. only","05 - Turning movement"
"13063","ST. JOSEPH BLVD/OLD MONTREAL RD @ TRIM RD","384684.42624","5039284.91300","-75.47801","45.48892","2017","4/16/2017","2:27:00 PM","02 - Rain","02 - Wet","11 - Roundabout","03 - At intersection","01 - Daylight","03 - P.D. only","02 - Angle"
"13064","ST. JOSEPH BLVD/OLD MONTREAL RD @ TRIM RD","384683.08845","5039285.58190","-75.47803","45.48892","2017","3/17/2017","1:01:00 PM","01 - Clear","01 - Dry","11 - Roundabout","03 - At intersection","01 - Daylight","03 - P.D. only","04 - Sideswipe"
"13065","ST. JOSEPH BLVD/OLD MONTREAL RD @ TRIM RD","384683.75734","5039286.25080","-75.47802","45.48893","2017","2/24/2017","9:30:00 PM","02 - Rain","02 - Wet","11 - Roundabout","03 - At intersection","07 - Dark","03 - P.D. only","04 - Sideswipe"
"13066","ST. JOSEPH BLVD/OLD MONTREAL RD @ TRIM RD","384683.75734","5039287.58859","-75.47802","45.48894","2017","3/12/2017","9:43:00 AM","01 - Clear","01 - Dry","11 - Roundabout","03 - At intersection","01 - Daylight","03 - P.D. only","04 - Sideswipe"
"13067","ST. JOSEPH BLVD/OLD MONTREAL RD @ TRIM RD","384682.75400","5039285.58190","-75.47803","45.48892","2017","12/20/2017","3:48:00 AM","01 - Clear","02 - Wet","11 - Roundabout","03 - At intersection","07 - Dark","03 - P.D. only","07 - SMV other"
"13068","ST. LAURENT BLVD @ CONNERY AVE","373627.29605","5028723.34769","-75.62093","45.39507","2017","6/15/2017","6:36:00 AM","01 - Clear","01 - Dry","02 - Stop sign","02 - Intersection related","01 - Daylight","03 - P.D. only","01 - Approaching"
"13069","ST. LAURENT BLVD @ CONNERY AVE","373626.97302","5028724.44534","-75.62093","45.39508","2017","1/27/2017","4:29:00 PM","03 - Snow","04 - Slush","02 - Stop sign","02 - Intersection related","01 - Daylight","03 - P.D. only","03 - Rear end"
"13070","ST. LAURENT BLVD @ COTE ST","371784.91677","5033224.90877","-75.64384","45.43575","2017","5/1/2017","2:17:00 PM","02 - Rain","02 - Wet","01 - Traffic signal","02 - Intersection related","01 - Daylight","03 - P.D. only","03 - Rear end"
"13071","ST. LAURENT BLVD @ COTE ST","371785.60174","5033225.93622","-75.64383","45.43576","2017","11/11/2017","10:37:00 AM","01 - Clear","01 - Dry","01 - Traffic signal","03 - At intersection","01 - Daylight","03 - P.D. only","02 - Angle"
"13072","ST. LAURENT BLVD @ COTE ST","371786.01858","5033225.53363","-75.64383","45.43575","2017","11/6/2017","8:05:00 AM","02 - Rain","02 - Wet","01 - Traffic signal","02 - Intersection related","01 - Daylight","03 - P.D. only","03 - Rear end"
"13073","ST. LAURENT BLVD @ COVENTRY RD/OGILVIE RD","372304.71616","5031952.91239","-75.63737","45.42425","2017","5/5/2017","10:55:00 PM","02 - Rain","02 - Wet","01 - Traffic signal","03 - At intersection","07 - Dark","03 - P.D. only","05 - Turning movement"
"13074","ST. LAURENT BLVD @ COVENTRY RD/OGILVIE RD","372304.71616","5031953.58129","-75.63737","45.42426","2017","5/25/2017","1:02:00 PM","01 - Clear","01 - Dry","01 - Traffic signal","02 - Intersection related","01 - Daylight","03 - P.D. only","02 - Angle"
"13075","ST. LAURENT BLVD @ COVENTRY RD/OGILVIE RD","372304.71616","5031952.24350","-75.63737","45.42425","2017","5/1/2017","7:51:00 AM","02 - Rain","02 - Wet","01 - Traffic signal","02 - Intersection related","01 - Daylight","03 - P.D. only","04 - Sideswipe"
"13076","ST. LAURENT BLVD @ COVENTRY RD/OGILVIE RD","372305.24789","5031951.87242","-75.63737","45.42424","2017","9/1/2017","8:15:00 AM","01 - Clear","01 - Dry","01 - Traffic signal","02 - Intersection related","01 - Daylight","03 - P.D. only","04 - Sideswipe"
"13077","ST. LAURENT BLVD @ COVENTRY RD/OGILVIE RD","372306.33942","5031951.79937","-75.63735","45.42424","2017","8/16/2017","12:24:00 PM","01 - Clear","01 - Dry","01 - Traffic signal","02 - Intersection related","01 - Daylight","03 - P.D. only","05 - Turning movement"