"Record","Location","X","Y","Longitude","Latitude","Year","Date","Time","Environment","Road_Surface","Traffic_Control","Collision_Location","Light","Collision_Classification","Impact_type"
"13078","ST. LAURENT BLVD @ COVENTRY RD/OGILVIE RD","372305.58132","5031952.23301","-75.63736","45.42425","2017","10/27/2017","6:09:00 PM","01 - Clear","02 - Wet","01 - Traffic signal","02 - Intersection related","05 - Dusk","03 - P.D. only","04 - Sideswipe"
"13079","ST. LAURENT BLVD @ COVENTRY RD/OGILVIE RD","372304.82565","5031950.90421","-75.63737","45.42423","2017","9/8/2017","3:58:00 PM","01 - Clear","01 - Dry","01 - Traffic signal","02 - Intersection related","01 - Daylight","02 - Non-fatal injury","03 - Rear end"
"13080","ST. LAURENT BLVD @ COVENTRY RD/OGILVIE RD","372304.61195","5031951.24148","-75.63738","45.42424","2017","10/28/2017","9:20:00 AM","01 - Clear","01 - Dry","01 - Traffic signal","02 - Intersection related","01 - Daylight","03 - P.D. only","03 - Rear end"
"13081","ST. LAURENT BLVD @ COVENTRY RD/OGILVIE RD","372305.71977","5031951.57429","-75.63736","45.42424","2017","9/12/2017","9:46:00 AM","01 - Clear","01 - Dry","01 - Traffic signal","02 - Intersection related","01 - Daylight","03 - P.D. only","04 - Sideswipe"
"13082","ST. LAURENT BLVD @ COVENTRY RD/OGILVIE RD","372305.38505","5031950.90570","-75.63737","45.42423","2017","10/31/2017","2:32:00 PM","01 - Clear","01 - Dry","01 - Traffic signal","02 - Intersection related","01 - Daylight","03 - P.D. only","04 - Sideswipe"
"13083","ST. LAURENT BLVD @ COVENTRY RD/OGILVIE RD","372304.77275","5031950.86454","-75.63737","45.42423","2017","11/26/2017","7:45:00 PM","03 - Snow","03 - Loose snow","01 - Traffic signal","02 - Intersection related","07 - Dark","03 - P.D. only","03 - Rear end"
"13084","ST. LAURENT BLVD @ COVENTRY RD/OGILVIE RD","372306.44228","5031954.32596","-75.63735","45.42427","2017","11/12/2017","2:45:00 PM","01 - Clear","01 - Dry","01 - Traffic signal","02 - Intersection related","01 - Daylight","03 - P.D. only","04 - Sideswipe"
"13085","ST. LAURENT BLVD @ COVENTRY RD/OGILVIE RD","372304.04726","5031951.57460","-75.63738","45.42424","2017","12/5/2017","8:50:00 AM","02 - Rain","02 - Wet","01 - Traffic signal","03 - At intersection","01 - Daylight","03 - P.D. only","05 - Turning movement"
"13086","ST. LAURENT BLVD @ COVENTRY RD/OGILVIE RD","372306.46997","5031950.44890","-75.63735","45.42423","2017","2/9/2017","8:54:00 AM","01 - Clear","01 - Dry","01 - Traffic signal","02 - Intersection related","01 - Daylight","03 - P.D. only","03 - Rear end"
"13087","ST. LAURENT BLVD @ COVENTRY RD/OGILVIE RD","372305.38505","5031950.90570","-75.63737","45.42423","2017","2/1/2017","6:16:00 PM","01 - Clear","02 - Wet","01 - Traffic signal","03 - At intersection","07 - Dark","03 - P.D. only","02 - Angle"
"13088","ST. LAURENT BLVD @ COVENTRY RD/OGILVIE RD","372304.83156","5031952.69343","-75.63737","45.42425","2017","1/11/2017","12:20:00 AM","02 - Rain","03 - Loose snow","01 - Traffic signal","02 - Intersection related","07 - Dark","03 - P.D. only","07 - SMV other"
"13089","ST. LAURENT BLVD @ COVENTRY RD/OGILVIE RD","372306.46997","5031951.19937","-75.63735","45.42424","2017","2/8/2017","3:48:00 PM","01 - Clear","01 - Dry","01 - Traffic signal","02 - Intersection related","01 - Daylight","03 - P.D. only","03 - Rear end"
"13090","ST. LAURENT BLVD @ COVENTRY RD/OGILVIE RD","372303.90921","5031951.88702","-75.63738","45.42424","2017","2/10/2017","2:18:00 PM","01 - Clear","01 - Dry","01 - Traffic signal","02 - Intersection related","01 - Daylight","03 - P.D. only","04 - Sideswipe"
"13091","ST. LAURENT BLVD @ COVENTRY RD/OGILVIE RD","372304.60195","5031951.73692","-75.63738","45.42424","2017","1/16/2017","9:15:00 PM","01 - Clear","01 - Dry","01 - Traffic signal","02 - Intersection related","07 - Dark","03 - P.D. only","03 - Rear end"
"13092","ST. LAURENT BLVD @ COVENTRY RD/OGILVIE RD","372304.71616","5031950.90570","-75.63737","45.42423","2017","4/13/2017","1:30:00 PM","01 - Clear","01 - Dry","01 - Traffic signal","02 - Intersection related","01 - Daylight","03 - P.D. only","04 - Sideswipe"
"13093","ST. LAURENT BLVD @ COVENTRY RD/OGILVIE RD","372306.05395","5031952.24350","-75.63736","45.42425","2017","2/28/2017","12:47:00 PM","01 - Clear","01 - Dry","01 - Traffic signal","02 - Intersection related","01 - Daylight","02 - Non-fatal injury","03 - Rear end"
"13094","ST. LAURENT BLVD @ COVENTRY RD/OGILVIE RD","372304.43231","5031951.75028","-75.63738","45.42424","2017","2/19/2017","6:10:00 PM","01 - Clear","02 - Wet","01 - Traffic signal","02 - Intersection related","07 - Dark","02 - Non-fatal injury","03 - Rear end"
"13095","ST. LAURENT BLVD @ COVENTRY RD/OGILVIE RD","372306.72284","5031952.24350","-75.63735","45.42425","2017","3/10/2017","1:12:00 PM","01 - Clear","01 - Dry","01 - Traffic signal","02 - Intersection related","01 - Daylight","02 - Non-fatal injury","03 - Rear end"
"13096","ST. LAURENT BLVD @ COVENTRY RD/OGILVIE RD","372305.83742","5031952.58334","-75.63736","45.42425","2017","12/17/2017","10:25:00 AM","01 - Clear","05 - Packed snow","01 - Traffic signal","03 - At intersection","01 - Daylight","03 - P.D. only","04 - Sideswipe"
"13097","ST. LAURENT BLVD @ JOLIFFE ST","373750.98183","5028418.66910","-75.61939","45.39231","2017","2/17/2017","12:03:00 PM","01 - Clear","01 - Dry","01 - Traffic signal","02 - Intersection related","01 - Daylight","03 - P.D. only","03 - Rear end"
"13098","ST. LAURENT BLVD @ MCARTHUR AVE","371920.84920","5032887.07403","-75.64215","45.43270","2017","6/28/2017","9:56:00 PM","01 - Clear","01 - Dry","01 - Traffic signal","03 - At intersection","07 - Dark","02 - Non-fatal injury","05 - Turning movement"
"13099","ST. LAURENT BLVD @ MCARTHUR AVE","371921.46219","5032888.93763","-75.64214","45.43271","2017","7/11/2017","2:32:00 PM","02 - Rain","02 - Wet","01 - Traffic signal","02 - Intersection related","01 - Daylight","02 - Non-fatal injury","03 - Rear end"
"13100","ST. LAURENT BLVD @ MCARTHUR AVE","371921.71900","5032887.81385","-75.64214","45.43270","2017","9/7/2017","3:07:00 PM","02 - Rain","02 - Wet","01 - Traffic signal","03 - At intersection","01 - Daylight","02 - Non-fatal injury","02 - Angle"
"13101","ST. LAURENT BLVD @ MCARTHUR AVE","371922.19690","5032887.33595","-75.64213","45.43270","2017","11/11/2017","11:44:00 AM","01 - Clear","01 - Dry","01 - Traffic signal","02 - Intersection related","01 - Daylight","02 - Non-fatal injury","03 - Rear end"
"13102","ST. LAURENT BLVD @ MCARTHUR AVE","371922.05345","5032887.57490","-75.64214","45.43270","2017","11/5/2017","3:23:00 PM","02 - Rain","02 - Wet","01 - Traffic signal","03 - At intersection","01 - Daylight","03 - P.D. only","05 - Turning movement"
"13103","ST. LAURENT BLVD @ MCARTHUR AVE","371922.05345","5032888.91269","-75.64214","45.43271","2017","11/2/2017","3:18:00 PM","02 - Rain","02 - Wet","01 - Traffic signal","02 - Intersection related","01 - Daylight","02 - Non-fatal injury","07 - SMV other"
"13104","ST. LAURENT BLVD @ MCARTHUR AVE","371922.91358","5032888.67263","-75.64213","45.43271","2017","2/16/2017","9:30:00 AM","03 - Snow","04 - Slush","01 - Traffic signal","02 - Intersection related","01 - Daylight","03 - P.D. only","03 - Rear end"
"13105","ST. LAURENT BLVD @ MCARTHUR AVE","371922.63453","5032887.71845","-75.64213","45.43270","2017","1/17/2017","5:31:00 PM","01 - Clear","01 - Dry","01 - Traffic signal","02 - Intersection related","05 - Dusk","03 - P.D. only","04 - Sideswipe"
"13106","ST. LAURENT BLVD @ MCARTHUR AVE","371920.96853","5032887.95013","-75.64215","45.43270","2017","3/20/2017","10:30:00 AM","01 - Clear","01 - Dry","01 - Traffic signal","02 - Intersection related","01 - Daylight","03 - P.D. only","03 - Rear end"
"13107","ST. LAURENT BLVD @ MCARTHUR AVE","371921.20950","5032888.59390","-75.64215","45.43271","2017","4/12/2017","8:30:00 AM","02 - Rain","02 - Wet","01 - Traffic signal","02 - Intersection related","01 - Daylight","03 - P.D. only","03 - Rear end"
"13108","ST. LAURENT BLVD @ QUEEN MARY ST","372214.92637","5032177.45790","-75.63849","45.42628","2017","3/19/2017","3:15:00 PM","01 - Clear","01 - Dry","02 - Stop sign","02 - Intersection related","01 - Daylight","03 - P.D. only","99 - Other"
"13109","ST. LAURENT BLVD @ ST. LAURENT BLVD SERVICE","373495.51069","5029150.07878","-75.62255","45.39892","2017","2/3/2017","1:08:00 PM","01 - Clear","01 - Dry","01 - Traffic signal","02 - Intersection related","01 - Daylight","03 - P.D. only","02 - Angle"
"13110","ST. LAURENT BLVD @ SUSAN ST","373826.73510","5028231.85247","-75.61845","45.39062","2017","3/30/2017","6:35:00 PM","01 - Clear","01 - Dry","02 - Stop sign","03 - At intersection","07 - Dark","03 - P.D. only","03 - Rear end"
"13111","ST. LAURENT BLVD @ TAWNEY RD","373574.72636","5028849.21390","-75.62158","45.39620","2017","12/14/2017","1:52:00 PM","01 - Clear","02 - Wet","02 - Stop sign","02 - Intersection related","01 - Daylight","02 - Non-fatal injury","02 - Angle"
"13112","ST. LAURENT BLVD @ THURSTON DR","373686.95950","5027495.53143","-75.62034","45.38401","2017","12/20/2017","4:58:00 PM","01 - Clear","03 - Loose snow","02 - Stop sign","02 - Intersection related","07 - Dark","02 - Non-fatal injury","03 - Rear end"
"13113","ST. LAURENT BLVD @ TRANSITWAY","372444.34745","5031616.36307","-75.63564","45.42121","2017","2/15/2017","9:48:00 AM","03 - Snow","03 - Loose snow","01 - Traffic signal","02 - Intersection related","01 - Daylight","02 - Non-fatal injury","03 - Rear end"
"13114","ST. LAURENT BLVD @ TREMBLAY RD","372596.46170","5031240.52089","-75.63374","45.41782","2017","6/7/2017","8:34:00 AM","01 - Clear","01 - Dry","01 - Traffic signal","03 - At intersection","01 - Daylight","03 - P.D. only","04 - Sideswipe"
"13115","ST. LAURENT BLVD @ TREMBLAY RD","372595.71390","5031241.02955","-75.63375","45.41782","2017","10/5/2017","2:16:00 PM","01 - Clear","01 - Dry","01 - Traffic signal","02 - Intersection related","01 - Daylight","03 - P.D. only","03 - Rear end"
"13116","ST. LAURENT BLVD @ TREMBLAY RD","372595.76389","5031241.42113","-75.63375","45.41782","2017","12/5/2017","8:45:00 PM","02 - Rain","02 - Wet","01 - Traffic signal","03 - At intersection","07 - Dark","03 - P.D. only","04 - Sideswipe"
"13117","ST. LAURENT BLVD @ TREMBLAY RD","372595.71390","5031244.04514","-75.63375","45.41785","2017","2/13/2017","3:47:00 PM","01 - Clear","02 - Wet","01 - Traffic signal","03 - At intersection","01 - Daylight","03 - P.D. only","05 - Turning movement"
"13118","ST. LAURENT BLVD @ TREMBLAY RD","372597.13402","5031240.86594","-75.63374","45.41782","2017","1/7/2017","9:16:00 PM","01 - Clear","06 - Ice","01 - Traffic signal","02 - Intersection related","07 - Dark","03 - P.D. only","03 - Rear end"
"13119","ST. LAURENT BLVD @ TREMBLAY RD","372596.26035","5031241.57600","-75.63375","45.41782","2017","2/3/2017","9:57:00 AM","01 - Clear","01 - Dry","01 - Traffic signal","02 - Intersection related","01 - Daylight","03 - P.D. only","03 - Rear end"
"13120","ST. LAURENT BLVD @ TREMBLAY RD","372595.81166","5031241.33931","-75.63375","45.41782","2017","12/31/2017","8:58:00 PM","01 - Clear","04 - Slush","01 - Traffic signal","02 - Intersection related","07 - Dark","03 - P.D. only","03 - Rear end"
"13121","ST. LAURENT BLVD @ WALKLEY RD","373903.75344","5028048.19289","-75.61749","45.38896","2017","6/26/2017","11:20:00 AM","01 - Clear","01 - Dry","01 - Traffic signal","02 - Intersection related","01 - Daylight","03 - P.D. only","03 - Rear end"
"13122","ST. LAURENT BLVD @ WALKLEY RD","373901.74676","5028046.18620","-75.61752","45.38895","2017","6/5/2017","4:08:00 PM","01 - Clear","01 - Dry","01 - Traffic signal","02 - Intersection related","01 - Daylight","03 - P.D. only","03 - Rear end"
"13123","ST. LAURENT BLVD @ WALKLEY RD","373902.75010","5028046.21407","-75.61750","45.38895","2017","7/13/2017","8:00:00 AM","01 - Clear","02 - Wet","01 - Traffic signal","02 - Intersection related","01 - Daylight","03 - P.D. only","07 - SMV other"
"13124","ST. LAURENT BLVD @ WALKLEY RD","373902.75010","5028046.53612","-75.61750","45.38895","2017","8/11/2017","9:00:00 AM","01 - Clear","01 - Dry","01 - Traffic signal","03 - At intersection","01 - Daylight","03 - P.D. only","05 - Turning movement"
"13125","ST. LAURENT BLVD @ WALKLEY RD","373902.75010","5028046.21407","-75.61750","45.38895","2017","7/17/2017","9:15:00 PM","01 - Clear","01 - Dry","01 - Traffic signal","03 - At intersection","07 - Dark","03 - P.D. only","05 - Turning movement"
"13126","ST. LAURENT BLVD @ WALKLEY RD","373901.74676","5028046.85510","-75.61752","45.38895","2017","7/20/2017","5:02:00 PM","01 - Clear","01 - Dry","01 - Traffic signal","02 - Intersection related","01 - Daylight","03 - P.D. only","99 - Other"
"13127","ST. LAURENT BLVD @ WALKLEY RD","373904.17022","5028046.14504","-75.61749","45.38895","2017","10/20/2017","3:00:00 PM","01 - Clear","01 - Dry","01 - Traffic signal","02 - Intersection related","01 - Daylight","03 - P.D. only","04 - Sideswipe"
"13128","ST. LAURENT BLVD @ WALKLEY RD","373903.08455","5028047.52400","-75.61750","45.38896","2017","11/13/2017","5:35:00 PM","01 - Clear","01 - Dry","01 - Traffic signal","03 - At intersection","07 - Dark","03 - P.D. only","05 - Turning movement"
"13129","ST. LAURENT BLVD @ WALKLEY RD","373902.41565","5028048.19289","-75.61751","45.38896","2017","11/18/2017","8:21:00 PM","02 - Rain","02 - Wet","01 - Traffic signal","03 - At intersection","07 - Dark","03 - P.D. only","05 - Turning movement"
"13130","ST. LAURENT BLVD @ WALKLEY RD","373902.27220","5028047.57195","-75.61751","45.38896","2017","11/8/2017","5:21:00 PM","01 - Clear","01 - Dry","01 - Traffic signal","03 - At intersection","07 - Dark","02 - Non-fatal injury","05 - Turning movement"
"13131","ST. LAURENT BLVD @ WALKLEY RD","373903.60847","5028048.57184","-75.61749","45.38897","2017","1/11/2017","9:17:00 PM","02 - Rain","06 - Ice","01 - Traffic signal","02 - Intersection related","07 - Dark","03 - P.D. only","03 - Rear end"
"13132","ST. LAURENT BLVD @ WALKLEY RD","373901.24916","5028046.47987","-75.61752","45.38895","2017","2/12/2017","2:18:00 PM","03 - Snow","03 - Loose snow","01 - Traffic signal","02 - Intersection related","01 - Daylight","03 - P.D. only","03 - Rear end"
"13133","ST. LAURENT BLVD @ WALKLEY RD","373903.84300","5028046.85510","-75.61749","45.38895","2017","2/1/2017","3:04:00 PM","01 - Clear","01 - Dry","01 - Traffic signal","02 - Intersection related","01 - Daylight","03 - P.D. only","03 - Rear end"
"13134","ST. LAURENT BLVD @ WALKLEY RD","373901.65720","5028047.40155","-75.61752","45.38896","2017","2/2/2017","3:18:00 PM","01 - Clear","01 - Dry","01 - Traffic signal","02 - Intersection related","01 - Daylight","02 - Non-fatal injury","03 - Rear end"
"13135","ST. LAURENT BLVD @ WALKLEY RD","373903.50057","5028047.98080","-75.61749","45.38896","2017","1/18/2017","10:15:00 PM","01 - Clear","03 - Loose snow","01 - Traffic signal","02 - Intersection related","07 - Dark","03 - P.D. only","07 - SMV other"
"13136","ST. LAURENT BLVD @ WALKLEY RD","373903.29284","5028045.22688","-75.61750","45.38894","2017","1/13/2017","4:27:00 PM","01 - Clear","01 - Dry","01 - Traffic signal","03 - At intersection","01 - Daylight","02 - Non-fatal injury","07 - SMV other"
"13137","ST. LAURENT BLVD @ WALKLEY RD","373902.20736","5028047.66921","-75.61751","45.38896","2017","1/27/2017","12:27:00 PM","03 - Snow","02 - Wet","01 - Traffic signal","03 - At intersection","01 - Daylight","03 - P.D. only","05 - Turning movement"
"13138","ST. LAURENT BLVD @ WALKLEY RD","373904.25104","5028047.23033","-75.61748","45.38896","2017","2/3/2017","7:06:00 PM","01 - Clear","01 - Dry","01 - Traffic signal","02 - Intersection related","07 - Dark","03 - P.D. only","03 - Rear end"
"13139","ST. LAURENT BLVD @ WALKLEY RD","373903.75344","5028044.84841","-75.61749","45.38893","2017","2/15/2017","6:06:00 PM","03 - Snow","03 - Loose snow","01 - Traffic signal","03 - At intersection","07 - Dark","03 - P.D. only","05 - Turning movement"
"13140","ST. LAURENT BLVD @ WALKLEY RD","373903.50057","5028046.47987","-75.61749","45.38895","2017","3/29/2017","5:00:00 PM","01 - Clear","01 - Dry","01 - Traffic signal","02 - Intersection related","01 - Daylight","03 - P.D. only","03 - Rear end"
"13141","ST. LAURENT BLVD @ WALKLEY RD","373902.41565","5028046.85510","-75.61751","45.38895","2017","4/1/2017","10:03:00 PM","01 - Clear","01 - Dry","01 - Traffic signal","03 - At intersection","07 - Dark","03 - P.D. only","05 - Turning movement"
"13142","ST. LAURENT BLVD @ WALKLEY RD","373903.75344","5028047.52400","-75.61749","45.38896","2017","3/18/2017","9:05:00 PM","01 - Clear","01 - Dry","01 - Traffic signal","02 - Intersection related","07 - Dark","03 - P.D. only","04 - Sideswipe"
"13143","ST. LAURENT BLVD @ WALKLEY RD","373903.22347","5028046.61841","-75.61750","45.38895","2017","12/21/2017","7:21:00 PM","01 - Clear","01 - Dry","01 - Traffic signal","03 - At intersection","07 - Dark","03 - P.D. only","05 - Turning movement"
"13144","ST. LAURENT BLVD @ WALKLEY RD","373902.27673","5028047.09179","-75.61751","45.38895","2017","12/23/2017","10:28:00 PM","01 - Clear","04 - Slush","01 - Traffic signal","03 - At intersection","07 - Dark","02 - Non-fatal injury","02 - Angle"
"13145","ST. LAURENT BLVD btwn BELFAST RD & INDUSTRIAL AVE","373021.50203","5030194.69259","-75.62846","45.40836","2017","5/26/2017","6:13:00 PM","01 - Clear","01 - Dry","10 - No control","01 - Non intersection","01 - Daylight","03 - P.D. only","03 - Rear end"
"13146","ST. LAURENT BLVD btwn BELFAST RD & INDUSTRIAL AVE","372882.69968","5030529.06145","-75.63019","45.41139","2017","9/1/2017","1:08:00 PM","01 - Clear","01 - Dry","10 - No control","01 - Non intersection","01 - Daylight","03 - P.D. only","03 - Rear end"
"13147","ST. LAURENT BLVD btwn BELFAST RD & INDUSTRIAL AVE","372894.85769","5030499.17614","-75.63003","45.41112","2017","9/29/2017","7:48:00 AM","01 - Clear","01 - Dry","10 - No control","01 - Non intersection","01 - Daylight","03 - P.D. only","04 - Sideswipe"
"13148","ST. LAURENT BLVD btwn BELFAST RD & INDUSTRIAL AVE","373078.10031","5030055.46738","-75.62776","45.40711","2017","12/7/2017","8:34:00 AM","01 - Clear","01 - Dry","10 - No control","01 - Non intersection","01 - Daylight","03 - P.D. only","04 - Sideswipe"
"13149","ST. LAURENT BLVD btwn BELFAST RD & INDUSTRIAL AVE","372879.08456","5030535.85899","-75.63023","45.41145","2017","11/21/2017","7:09:00 AM","01 - Clear","01 - Dry","10 - No control","01 - Non intersection","03 - Dawn","03 - P.D. only","03 - Rear end"
"13150","ST. LAURENT BLVD btwn BELFAST RD & INDUSTRIAL AVE","372980.91559","5030292.94338","-75.62896","45.40925","2017","12/12/2017","10:56:00 AM","03 - Snow","05 - Packed snow","10 - No control","01 - Non intersection","01 - Daylight","03 - P.D. only","04 - Sideswipe"
"13151","ST. LAURENT BLVD btwn BELFAST RD & INDUSTRIAL AVE","372864.78909","5030569.10686","-75.63041","45.41175","2017","1/6/2017","12:45:00 PM","01 - Clear","01 - Dry","10 - No control","01 - Non intersection","01 - Daylight","03 - P.D. only","03 - Rear end"
"13152","ST. LAURENT BLVD btwn BELFAST RD & INDUSTRIAL AVE","373069.68448","5030075.09460","-75.62786","45.40728","2017","1/14/2017","11:28:00 AM","01 - Clear","01 - Dry","10 - No control","01 - Non intersection","01 - Daylight","02 - Non-fatal injury","99 - Other"
"13153","ST. LAURENT BLVD btwn BELFAST RD & INDUSTRIAL AVE","372903.90357","5030464.22487","-75.62992","45.41080","2017","1/13/2017","5:27:00 PM","01 - Clear","01 - Dry","10 - No control","01 - Non intersection","05 - Dusk","02 - Non-fatal injury","03 - Rear end"
"13154","ST. LAURENT BLVD btwn BOURASSA ST & SMYTH RD","373238.17478","5029688.60966","-75.62576","45.40379","2017","8/17/2017","8:25:00 AM","01 - Clear","01 - Dry","10 - No control","01 - Non intersection","01 - Daylight","03 - P.D. only","04 - Sideswipe"
"13155","ST. LAURENT BLVD btwn BOURASSA ST & SMYTH RD","373308.30173","5029516.70748","-75.62489","45.40224","2017","1/13/2017","5:40:00 PM","01 - Clear","01 - Dry","10 - No control","01 - Non intersection","07 - Dark","02 - Non-fatal injury","03 - Rear end"
"13156","ST. LAURENT BLVD btwn CLARKE AVE & COTE ST","371741.07582","5033342.88756","-75.64439","45.43681","2017","3/27/2017","5:42:00 AM","02 - Rain","02 - Wet","10 - No control","01 - Non intersection","03 - Dawn","03 - P.D. only","07 - SMV other"
"13157","ST. LAURENT BLVD btwn CONNERY AVE & NERTA ST","373653.31333","5028658.79274","-75.62060","45.39448","2017","12/12/2017","9:52:00 AM","03 - Snow","03 - Loose snow","10 - No control","01 - Non intersection","01 - Daylight","03 - P.D. only","06 - SMV unattended vehicle"
"13158","ST. LAURENT BLVD btwn CONNERY AVE & NERTA ST","373661.46902","5028641.81261","-75.62050","45.39433","2017","3/14/2017","5:21:00 PM","03 - Snow","03 - Loose snow","10 - No control","01 - Non intersection","01 - Daylight","02 - Non-fatal injury","03 - Rear end"
"13159","ST. LAURENT BLVD btwn CONNERY AVE & NERTA ST","373655.90190","5028651.65199","-75.62057","45.39442","2017","12/23/2017","12:45:00 PM","01 - Clear","05 - Packed snow","10 - No control","04 - At/near private drive","01 - Daylight","03 - P.D. only","02 - Angle"
"13160","ST. LAURENT BLVD btwn CONROY RD & THURSTON DR","373253.05953","5027263.01877","-75.62591","45.38196","2017","6/13/2017","2:13:00 PM","01 - Clear","01 - Dry","10 - No control","04 - At/near private drive","01 - Daylight","03 - P.D. only","02 - Angle"
"13161","ST. LAURENT BLVD btwn CONROY RD & THURSTON DR","373202.03851","5027234.56817","-75.62656","45.38171","2017","12/14/2017","9:00:00 AM","01 - Clear","01 - Dry","10 - No control","01 - Non intersection","01 - Daylight","03 - P.D. only","02 - Angle"
"13162","ST. LAURENT BLVD btwn CONROY RD & THURSTON DR","373117.73065","5027185.61758","-75.62765","45.38128","2017","1/20/2017","12:00:00 AM","01 - Clear","02 - Wet","10 - No control","01 - Non intersection","00 - Unknown","03 - P.D. only","06 - SMV unattended vehicle"
"13163","ST. LAURENT BLVD btwn CONROY RD & THURSTON DR","373321.46532","5027292.91633","-75.62503","45.38223","2017","4/6/2017","1:22:00 PM","02 - Rain","02 - Wet","10 - No control","04 - At/near private drive","01 - Daylight","02 - Non-fatal injury","02 - Angle"
"13164","ST. LAURENT BLVD btwn CONROY RD & THURSTON DR","373621.46815","5027465.29154","-75.62118","45.38375","2017","3/18/2017","2:40:00 PM","01 - Clear","01 - Dry","10 - No control","04 - At/near private drive","01 - Daylight","02 - Non-fatal injury","03 - Rear end"
"13165","ST. LAURENT BLVD btwn CONROY RD & THURSTON DR","373417.17702","5027347.79797","-75.62380","45.38271","2017","2/21/2017","1:30:00 PM","01 - Clear","01 - Dry","10 - No control","04 - At/near private drive","01 - Daylight","03 - P.D. only","02 - Angle"
"13166","ST. LAURENT BLVD btwn COVENTRY RD & LEMIEUX ST","372343.12607","5031860.81490","-75.63690","45.42342","2017","10/24/2017","8:18:00 PM","01 - Clear","01 - Dry","10 - No control","01 - Non intersection","07 - Dark","03 - P.D. only","03 - Rear end"
"13167","ST. LAURENT BLVD btwn COVENTRY RD & LEMIEUX ST","372342.36322","5031858.24693","-75.63691","45.42340","2017","10/28/2017","8:09:00 PM","02 - Rain","02 - Wet","10 - No control","01 - Non intersection","07 - Dark","03 - P.D. only","04 - Sideswipe"
"13168","ST. LAURENT BLVD btwn CYRVILLE RD & COVENTRY RD","372254.17416","5032079.92845","-75.63800","45.42540","2017","7/21/2017","2:18:00 PM","01 - Clear","01 - Dry","10 - No control","01 - Non intersection","01 - Daylight","03 - P.D. only","07 - SMV other"
"13169","ST. LAURENT BLVD btwn DONALD ST & 125 N OF QUEEN MARY ST","372125.75804","5032396.60989","-75.63960","45.42826","2017","3/16/2017","7:42:00 PM","01 - Clear","02 - Wet","10 - No control","01 - Non intersection","07 - Dark","03 - P.D. only","04 - Sideswipe"
"13170","ST. LAURENT BLVD btwn DUNBARTON CRT & MONTREAL RD","371504.99734","5033909.04653","-75.64733","45.44193","2017","9/16/2017","11:24:00 AM","01 - Clear","01 - Dry","10 - No control","01 - Non intersection","01 - Daylight","03 - P.D. only","04 - Sideswipe"
"13171","ST. LAURENT BLVD btwn DWELLINGHAM PRIV & TAWNEY RD","373560.27878","5028889.71544","-75.62176","45.39657","2017","10/10/2017","7:29:00 PM","01 - Clear","01 - Dry","10 - No control","01 - Non intersection","07 - Dark","03 - P.D. only","03 - Rear end"
"13172","ST. LAURENT BLVD btwn FOLEY AVE & WALKLEY RD","373889.70662","5028075.61764","-75.61767","45.38921","2017","10/19/2017","8:11:00 PM","01 - Clear","01 - Dry","10 - No control","01 - Non intersection","07 - Dark","03 - P.D. only","04 - Sideswipe"
"13173","ST. LAURENT BLVD btwn HEMLOCK RD & MEADOW PARK PL","371176.24046","5034710.97840","-75.65142","45.44918","2017","2/23/2017","4:23:00 PM","01 - Clear","02 - Wet","10 - No control","04 - At/near private drive","01 - Daylight","03 - P.D. only","05 - Turning movement"
"13174","ST. LAURENT BLVD btwn HWY417 IC115 RAMP25 & TREMBLAY RD","372581.09738","5031278.24033","-75.63394","45.41816","2017","4/12/2017","1:06:00 PM","01 - Clear","01 - Dry","10 - No control","01 - Non intersection","01 - Daylight","03 - P.D. only","03 - Rear end"
"13175","ST. LAURENT BLVD btwn HWY417 IC115 RAMP26 & HWY417 IC115 RAMP51","372522.53687","5031430.30180","-75.63466","45.41953","2017","6/30/2017","2:01:00 PM","01 - Clear","01 - Dry","10 - No control","01 - Non intersection","01 - Daylight","03 - P.D. only","04 - Sideswipe"
"13176","ST. LAURENT BLVD btwn HWY417 IC115 RAMP35 & HWY417 IC115 RAMP26","372490.56413","5031510.65349","-75.63506","45.42026","2017","11/19/2017","3:48:00 PM","03 - Snow","06 - Ice","10 - No control","06 - Underpass or tunnel","01 - Daylight","03 - P.D. only","03 - Rear end"
"13177","ST. LAURENT BLVD btwn HWY417 IC115 RAMP35 & HWY417 IC115 RAMP26","372497.70576","5031492.24616","-75.63497","45.42009","2017","8/30/2017","6:34:00 PM","01 - Clear","01 - Dry","10 - No control","01 - Non intersection","01 - Daylight","03 - P.D. only","04 - Sideswipe"
"13178","ST. LAURENT BLVD btwn HWY417 IC115 RAMP36 & TRANSIT","372412.02521","5031695.84827","-75.63604","45.42193","2017","7/2/2017","5:15:00 PM","01 - Clear","01 - Dry","10 - No control","01 - Non intersection","01 - Daylight","03 - P.D. only","04 - Sideswipe"
"13179","ST. LAURENT BLVD btwn HWY417 IC115 RAMP36 & TRANSIT","372410.57628","5031698.74722","-75.63606","45.42196","2017","3/2/2017","5:05:00 PM","01 - Clear","01 - Dry","10 - No control","01 - Non intersection","01 - Daylight","03 - P.D. only","03 - Rear end"
"13180","ST. LAURENT BLVD btwn HWY417 IC115 RAMP51 & HWY417 IC115 RAMP25","372558.55543","5031333.92573","-75.63422","45.41866","2017","10/6/2017","8:57:00 PM","01 - Clear","01 - Dry","10 - No control","01 - Non intersection","07 - Dark","03 - P.D. only","04 - Sideswipe"