"Record","Location","X","Y","Longitude","Latitude","Year","Date","Time","Environment","Road_Surface","Traffic_Control","Collision_Location","Light","Collision_Classification","Impact_type"
"13181","ST. LAURENT BLVD btwn HWY417 IC115 RAMP51 & HWY417 IC115 RAMP25","372539.59900","5031377.36813","-75.63445","45.41905","2017","2/17/2017","7:19:00 AM","01 - Clear","01 - Dry","10 - No control","01 - Non intersection","01 - Daylight","03 - P.D. only","04 - Sideswipe"
"13182","ST. LAURENT BLVD btwn INDUSTRIAL AVE & BOURASSA ST","373120.12874","5029957.40616","-75.62723","45.40622","2017","6/20/2017","12:58:00 PM","01 - Clear","01 - Dry","10 - No control","01 - Non intersection","01 - Daylight","02 - Non-fatal injury","07 - SMV other"
"13183","ST. LAURENT BLVD btwn INDUSTRIAL AVE & BOURASSA ST","373140.09406","5029913.71468","-75.62698","45.40582","2017","6/16/2017","2:03:00 PM","01 - Clear","01 - Dry","10 - No control","01 - Non intersection","01 - Daylight","03 - P.D. only","04 - Sideswipe"
"13184","ST. LAURENT BLVD btwn INDUSTRIAL AVE & BOURASSA ST","373196.60255","5029787.83923","-75.62628","45.40469","2017","8/22/2017","9:58:00 AM","01 - Clear","01 - Dry","10 - No control","01 - Non intersection","01 - Daylight","03 - P.D. only","07 - SMV other"
"13185","ST. LAURENT BLVD btwn INDUSTRIAL AVE & BOURASSA ST","373185.27607","5029814.91109","-75.62642","45.40493","2017","6/30/2017","7:48:00 PM","01 - Clear","01 - Dry","10 - No control","01 - Non intersection","01 - Daylight","03 - P.D. only","04 - Sideswipe"
"13186","ST. LAURENT BLVD btwn INDUSTRIAL AVE & BOURASSA ST","373120.27698","5029958.01592","-75.62723","45.40622","2017","12/14/2017","11:24:00 AM","01 - Clear","01 - Dry","10 - No control","01 - Non intersection","01 - Daylight","02 - Non-fatal injury","05 - Turning movement"
"13187","ST. LAURENT BLVD btwn INDUSTRIAL AVE & BOURASSA ST","373171.63973","5029842.30406","-75.62659","45.40518","2017","1/24/2017","11:17:00 AM","04 - Freezing Rain","06 - Ice","10 - No control","01 - Non intersection","01 - Daylight","03 - P.D. only","05 - Turning movement"
"13188","ST. LAURENT BLVD btwn INDUSTRIAL AVE & BOURASSA ST","373159.62012","5029863.64259","-75.62674","45.40537","2017","2/23/2017","8:31:00 AM","01 - Clear","01 - Dry","10 - No control","04 - At/near private drive","01 - Daylight","03 - P.D. only","02 - Angle"
"13189","ST. LAURENT BLVD btwn INDUSTRIAL AVE & BOURASSA ST","373140.91083","5029915.38919","-75.62697","45.40584","2017","12/31/2017","12:39:00 AM","99 - Other","06 - Ice","10 - No control","07 - Overpass or bridge","07 - Dark","03 - P.D. only","03 - Rear end"
"13190","ST. LAURENT BLVD btwn MCARTHUR AVE & DONALD ST","372012.92264","5032688.40932","-75.64100","45.43090","2017","5/5/2017","11:17:00 AM","02 - Rain","02 - Wet","10 - No control","01 - Non intersection","01 - Daylight","02 - Non-fatal injury","03 - Rear end"
"13191","ST. LAURENT BLVD btwn MCARTHUR AVE & DONALD ST","371925.28440","5032874.41321","-75.64210","45.43258","2017","5/19/2017","4:05:00 PM","01 - Clear","01 - Dry","10 - No control","01 - Non intersection","01 - Daylight","03 - P.D. only","04 - Sideswipe"
"13192","ST. LAURENT BLVD btwn MCARTHUR AVE & DONALD ST","372000.43091","5032709.22887","-75.64116","45.43109","2017","4/29/2017","11:51:00 AM","01 - Clear","01 - Dry","10 - No control","01 - Non intersection","01 - Daylight","03 - P.D. only","03 - Rear end"
"13193","ST. LAURENT BLVD btwn MCARTHUR AVE & DONALD ST","372017.79317","5032655.86249","-75.64094","45.43061","2017","7/7/2017","12:26:00 PM","01 - Clear","01 - Dry","10 - No control","01 - Non intersection","01 - Daylight","03 - P.D. only","03 - Rear end"
"13194","ST. LAURENT BLVD btwn MCARTHUR AVE & DONALD ST","372010.08088","5032675.93018","-75.64104","45.43079","2017","9/21/2017","9:46:00 AM","01 - Clear","01 - Dry","10 - No control","01 - Non intersection","01 - Daylight","03 - P.D. only","03 - Rear end"
"13195","ST. LAURENT BLVD btwn MCARTHUR AVE & DONALD ST","372006.67677","5032677.99955","-75.64108","45.43081","2017","2/24/2017","7:30:00 AM","01 - Clear","01 - Dry","10 - No control","04 - At/near private drive","01 - Daylight","03 - P.D. only","02 - Angle"
"13196","ST. LAURENT BLVD btwn MCARTHUR AVE & DONALD ST","372087.35838","5032493.98958","-75.64008","45.42914","2017","4/11/2017","3:57:00 PM","01 - Clear","01 - Dry","10 - No control","01 - Non intersection","01 - Daylight","02 - Non-fatal injury","03 - Rear end"
"13197","ST. LAURENT BLVD btwn MCARTHUR AVE & DONALD ST","372008.75873","5032690.49127","-75.64106","45.43092","2017","4/6/2017","3:00:00 PM","02 - Rain","02 - Wet","10 - No control","01 - Non intersection","01 - Daylight","03 - P.D. only","04 - Sideswipe"
"13198","ST. LAURENT BLVD btwn MUTUAL ST & MCARTHUR AVE","371910.75998","5032919.51535","-75.64228","45.43299","2017","1/31/2017","3:19:00 AM","01 - Clear","01 - Dry","10 - No control","04 - At/near private drive","07 - Dark","03 - P.D. only","04 - Sideswipe"
"13199","ST. LAURENT BLVD btwn QUEEN MARY ST & CYRVILLE RD","372228.00843","5032144.35592","-75.63833","45.42598","2017","5/23/2017","8:31:00 PM","01 - Clear","01 - Dry","10 - No control","01 - Non intersection","05 - Dusk","03 - P.D. only","04 - Sideswipe"
"13200","ST. LAURENT BLVD btwn QUEEN MARY ST & CYRVILLE RD","372233.23746","5032132.31288","-75.63826","45.42587","2017","8/21/2017","3:08:00 PM","01 - Clear","01 - Dry","10 - No control","01 - Non intersection","01 - Daylight","03 - P.D. only","03 - Rear end"
"13201","ST. LAURENT BLVD btwn QUEEN MARY ST & CYRVILLE RD","372238.04187","5032124.28903","-75.63820","45.42580","2017","12/6/2017","3:02:00 PM","01 - Clear","01 - Dry","10 - No control","04 - At/near private drive","01 - Daylight","03 - P.D. only","02 - Angle"
"13202","ST. LAURENT BLVD btwn SHORE ST & BELFAST RD","372856.37627","5030591.27103","-75.63051","45.41195","2017","5/25/2017","9:46:00 PM","01 - Clear","01 - Dry","10 - No control","01 - Non intersection","07 - Dark","03 - P.D. only","03 - Rear end"
"13203","ST. LAURENT BLVD btwn SHORE ST & BELFAST RD","372830.95821","5030658.16066","-75.63083","45.41255","2017","6/23/2017","3:32:00 PM","01 - Clear","01 - Dry","10 - No control","01 - Non intersection","01 - Daylight","03 - P.D. only","03 - Rear end"
"13204","ST. LAURENT BLVD btwn SHORE ST & BELFAST RD","372827.61373","5030660.83625","-75.63087","45.41258","2017","7/5/2017","4:15:00 PM","01 - Clear","01 - Dry","10 - No control","01 - Non intersection","01 - Daylight","02 - Non-fatal injury","03 - Rear end"
"13205","ST. LAURENT BLVD btwn SHORE ST & BELFAST RD","372831.98278","5030650.16277","-75.63082","45.41248","2017","11/11/2017","5:36:00 PM","01 - Clear","01 - Dry","10 - No control","01 - Non intersection","07 - Dark","03 - P.D. only","03 - Rear end"
"13206","ST. LAURENT BLVD btwn SHORE ST & BELFAST RD","372852.52714","5030596.67359","-75.63056","45.41200","2017","11/11/2017","11:52:00 AM","01 - Clear","01 - Dry","10 - No control","01 - Non intersection","01 - Daylight","03 - P.D. only","03 - Rear end"
"13207","ST. LAURENT BLVD btwn SHORE ST & BELFAST RD","372828.28263","5030660.83625","-75.63086","45.41258","2017","2/8/2017","11:31:00 AM","01 - Clear","01 - Dry","10 - No control","01 - Non intersection","01 - Daylight","03 - P.D. only","04 - Sideswipe"
"13208","ST. LAURENT BLVD btwn THURSTON DR & WALKLEY RD","373998.20315","5027672.35481","-75.61634","45.38557","2017","11/3/2017","12:51:00 PM","01 - Clear","01 - Dry","10 - No control","04 - At/near private drive","01 - Daylight","03 - P.D. only","02 - Angle"
"13209","ST. LAURENT BLVD btwn THURSTON DR & WALKLEY RD","373923.01279","5028006.71868","-75.61725","45.38859","2017","3/15/2017","10:05:00 AM","03 - Snow","03 - Loose snow","10 - No control","01 - Non intersection","01 - Daylight","03 - P.D. only","03 - Rear end"
"13210","ST. LAURENT BLVD btwn TRANSIT & HWY417 IC115 RAMP35","372457.64578","5031591.52892","-75.63547","45.42099","2017","5/11/2017","1:34:00 PM","01 - Clear","01 - Dry","10 - No control","01 - Non intersection","01 - Daylight","02 - Non-fatal injury","04 - Sideswipe"
"13211","ST. LAURENT BLVD btwn TREMBLAY RD & SHORE ST","372789.08231","5030761.19429","-75.63135","45.41348","2017","1/7/2017","11:06:00 PM","01 - Clear","03 - Loose snow","10 - No control","01 - Non intersection","07 - Dark","03 - P.D. only","07 - SMV other"
"13212","ST. LAURENT BLVD SERVICE RD btwn RUSSELL RD & ST. LAURENT BLVD","373434.62199","5029209.25844","-75.62332","45.39946","2017","11/10/2017","4:25:00 PM","01 - Clear","01 - Dry","10 - No control","04 - At/near private drive","05 - Dusk","03 - P.D. only","03 - Rear end"
"13213","ST. LAURENT BLVD/DUNBARTON CRT @ BRITTANY DR","371331.35185","5034337.30937","-75.64949","45.44580","2017","1/2/2017","1:01:00 AM","01 - Clear","01 - Dry","01 - Traffic signal","02 - Intersection related","07 - Dark","03 - P.D. only","07 - SMV other"
"13214","ST. LAURENT BLVD/GUY ST @ RIDEAU SS","371860.04446","5033043.13933","-75.64291","45.43411","2017","6/5/2017","1:15:00 PM","01 - Clear","01 - Dry","01 - Traffic signal","03 - At intersection","01 - Daylight","03 - P.D. only","02 - Angle"
"13215","ST. LAURENT BLVD/GUY ST @ RIDEAU SS","371860.70796","5033045.07608","-75.64290","45.43412","2017","7/31/2017","8:22:00 PM","01 - Clear","01 - Dry","01 - Traffic signal","02 - Intersection related","01 - Daylight","02 - Non-fatal injury","03 - Rear end"
"13216","ST. PATRICK ST @ SUSSEX DR","367668.13196","5032462.05949","-75.69655","45.42927","2017","8/6/2017","2:16:00 PM","01 - Clear","01 - Dry","01 - Traffic signal","02 - Intersection related","01 - Daylight","03 - P.D. only","04 - Sideswipe"
"13217","ST. PATRICK ST @ SUSSEX DR","367667.24875","5032462.36390","-75.69656","45.42927","2017","6/29/2017","5:24:00 PM","02 - Rain","02 - Wet","01 - Traffic signal","03 - At intersection","01 - Daylight","02 - Non-fatal injury","05 - Turning movement"
"13218","ST. PATRICK ST @ SUSSEX DR","367666.91430","5032461.46164","-75.69657","45.42926","2017","7/29/2017","11:05:00 AM","01 - Clear","01 - Dry","01 - Traffic signal","02 - Intersection related","01 - Daylight","02 - Non-fatal injury","03 - Rear end"
"13219","ST. PATRICK ST @ SUSSEX DR","367667.91764","5032460.35721","-75.69656","45.42925","2017","11/23/2017","12:07:00 PM","01 - Clear","01 - Dry","01 - Traffic signal","02 - Intersection related","01 - Daylight","03 - P.D. only","04 - Sideswipe"
"13220","ST. PATRICK ST @ SUSSEX DR","367668.44281","5032461.34490","-75.69655","45.42926","2017","3/24/2017","5:54:00 PM","03 - Snow","04 - Slush","01 - Traffic signal","03 - At intersection","01 - Daylight","03 - P.D. only","02 - Angle"
"13221","ST. PATRICK ST btwn CUMBERLAND ST & KING EDWARD AVE","368154.91619","5032763.56410","-75.69029","45.43194","2017","4/7/2017","1:44:00 PM","01 - Clear","01 - Dry","10 - No control","01 - Non intersection","01 - Daylight","03 - P.D. only","04 - Sideswipe"
"13222","ST. PATRICK ST btwn DALHOUSIE ST & CUMBERLAND ST","368015.32869","5032674.87934","-75.69209","45.43115","2017","5/18/2017","3:20:00 PM","01 - Clear","01 - Dry","10 - No control","01 - Non intersection","01 - Daylight","03 - P.D. only","04 - Sideswipe"
"13223","ST. PATRICK ST btwn PARENT AVE & DALHOUSIE ST","367907.66920","5032608.50454","-75.69347","45.43056","2017","3/6/2017","9:04:00 PM","04 - Freezing Rain","06 - Ice","10 - No control","04 - At/near private drive","07 - Dark","03 - P.D. only","05 - Turning movement"
"13224","ST. PATRICK ST EB btwn COBOURG ST & VANIER PKWY","368870.53848","5033239.14434","-75.68109","45.43615","2017","5/10/2017","4:59:00 PM","01 - Clear","01 - Dry","10 - No control","01 - Non intersection","01 - Daylight","02 - Non-fatal injury","03 - Rear end"
"13225","ST. PATRICK ST WB btwn FORSEY ST & ISLAND LODGE RD","368708.45520","5033244.82677","-75.68316","45.43622","2017","2/3/2017","8:47:00 AM","01 - Clear","01 - Dry","10 - No control","04 - At/near private drive","01 - Daylight","03 - P.D. only","03 - Rear end"
"13226","ST. PATRICK ST WB btwn ISLAND LODGE RD & CRICHTON ST","368900.77926","5033259.29354","-75.68070","45.43633","2017","2/18/2017","1:35:00 PM","01 - Clear","02 - Wet","10 - No control","01 - Non intersection","01 - Daylight","03 - P.D. only","03 - Rear end"
"13227","ST. PATRICK ST WB btwn MURRAY ST & ST. ANDREW ST","368403.02210","5033064.11192","-75.68708","45.43462","2017","10/12/2017","5:50:00 PM","01 - Clear","01 - Dry","10 - No control","04 - At/near private drive","01 - Daylight","03 - P.D. only","02 - Angle"
"13228","STAFFORD RD btwn BEXLEY PL & RICHMOND RD","358111.36641","5021152.01649","-75.81990","45.32829","2017","6/6/2017","5:35:00 PM","01 - Clear","01 - Dry","10 - No control","04 - At/near private drive","01 - Daylight","03 - P.D. only","02 - Angle"
"13229","STAFFORD RD btwn BEXLEY PL & RICHMOND RD","358110.35302","5021153.02988","-75.81991","45.32830","2017","11/3/2017","4:34:00 PM","01 - Clear","01 - Dry","10 - No control","04 - At/near private drive","05 - Dusk","03 - P.D. only","02 - Angle"
"13230","STAGECOACH RD @ EMPIRE GROVE ST/STANMORE ST","376437.13735","5012153.00483","-75.58744","45.24569","2017","7/18/2017","11:26:00 PM","01 - Clear","01 - Dry","02 - Stop sign","02 - Intersection related","07 - Dark","02 - Non-fatal injury","07 - SMV other"
"13231","STAGECOACH RD @ WOODSTREAM DR/JACK PINE CRES","375874.30367","5013426.21264","-75.59443","45.25720","2017","9/13/2017","3:45:00 PM","01 - Clear","01 - Dry","02 - Stop sign","03 - At intersection","01 - Daylight","03 - P.D. only","05 - Turning movement"
"13232","STAGECOACH RD btwn CABIN RD & SNAKE ISLAND RD","378099.14551","5005984.12815","-75.56718","45.19001","2017","10/26/2017","2:39:00 PM","01 - Clear","01 - Dry","10 - No control","01 - Non intersection","01 - Daylight","03 - P.D. only","07 - SMV other"
"13233","STAGECOACH RD btwn CABIN RD & SNAKE ISLAND RD","378125.31820","5005542.56735","-75.56691","45.18604","2017","3/21/2017","6:40:00 AM","03 - Snow","02 - Wet","10 - No control","04 - At/near private drive","03 - Dawn","03 - P.D. only","02 - Angle"
"13234","STAGECOACH RD btwn DALMENY RD & FAWN LANE","378807.07273","4997407.21504","-75.55944","45.11277","2017","10/17/2017","6:34:00 PM","01 - Clear","01 - Dry","10 - No control","01 - Non intersection","07 - Dark","03 - P.D. only","07 - SMV other"
"13235","STAGECOACH RD btwn DALMENY RD & FAWN LANE","378618.00750","4997755.18012","-75.56179","45.11592","2017","1/31/2017","10:44:00 PM","01 - Clear","01 - Dry","10 - No control","01 - Non intersection","07 - Dark","03 - P.D. only","07 - SMV other"
"13236","STAGECOACH RD btwn DALMENY RD & FAWN LANE","378110.76390","4998678.66463","-75.56810","45.12428","2017","3/20/2017","7:33:00 PM","01 - Clear","01 - Dry","10 - No control","01 - Non intersection","07 - Dark","03 - P.D. only","07 - SMV other"
"13237","STAGECOACH RD btwn LAKESHORE DR & OLD PRESCOTT RD","377190.24732","5010365.32199","-75.57811","45.22953","2017","6/19/2017","7:02:00 AM","01 - Clear","01 - Dry","10 - No control","01 - Non intersection","01 - Daylight","02 - Non-fatal injury","07 - SMV other"
"13238","STAGECOACH RD btwn LAKESHORE DR & OLD PRESCOTT RD","377635.46472","5009443.08595","-75.57257","45.22119","2017","6/23/2017","5:30:00 PM","01 - Clear","01 - Dry","10 - No control","01 - Non intersection","01 - Daylight","03 - P.D. only","07 - SMV other"
"13239","STAGECOACH RD btwn MITCH OWENS RD & VISTA PATRICK PRIV","375474.62427","5014304.69085","-75.59939","45.26515","2017","6/11/2017","9:32:00 AM","01 - Clear","01 - Dry","10 - No control","01 - Non intersection","01 - Daylight","03 - P.D. only","07 - SMV other"
"13240","STAGECOACH RD btwn OSGOODE MAIN ST & FOREST RD","378060.15360","5003185.70255","-75.56809","45.16484","2017","10/17/2017","11:10:00 PM","01 - Clear","01 - Dry","10 - No control","01 - Non intersection","07 - Dark","03 - P.D. only","07 - SMV other"
"13241","STAGECOACH RD btwn SNAKE ISLAND RD & HERBERTS CORNERS RD","377942.44901","5008128.94802","-75.56886","45.20933","2017","11/10/2017","4:27:00 AM","01 - Clear","01 - Dry","10 - No control","01 - Non intersection","07 - Dark","02 - Non-fatal injury","07 - SMV other"
"13242","STALWART CRES btwn WHITE ALDER AVE & WHITE ALDER AVE","375441.19860","5020836.72310","-75.59889","45.32393","2017","1/28/2017","4:30:00 PM","03 - Snow","03 - Loose snow","10 - No control","01 - Non intersection","05 - Dusk","03 - P.D. only","06 - SMV unattended vehicle"
"13243","STANLEY AVE @ SUSSEX DR","367831.62253","5033871.68931","-75.69428","45.44193","2017","10/22/2017","3:39:00 PM","01 - Clear","01 - Dry","01 - Traffic signal","02 - Intersection related","01 - Daylight","02 - Non-fatal injury","03 - Rear end"
"13244","STANLEY AVE @ SUSSEX DR","367832.00201","5033872.53638","-75.69428","45.44194","2017","3/24/2017","4:08:00 PM","02 - Rain","02 - Wet","01 - Traffic signal","03 - At intersection","01 - Daylight","02 - Non-fatal injury","02 - Angle"
"13245","STANLEY AVE @ SUSSEX DR","367831.09256","5033873.26379","-75.69429","45.44195","2017","3/8/2017","7:06:00 AM","01 - Clear","01 - Dry","01 - Traffic signal","02 - Intersection related","01 - Daylight","03 - P.D. only","02 - Angle"
"13246","STANLEYFIELD CRES btwn BUSH DR & DONWEL DR (1)","378412.38369","5012893.65194","-75.56217","45.25215","2017","10/2/2017","8:49:00 AM","01 - Clear","01 - Dry","10 - No control","01 - Non intersection","01 - Daylight","03 - P.D. only","06 - SMV unattended vehicle"
"13247","STANWOOD DR btwn OAKVIEW AVE & ALDERCREST DR","364243.68332","5022697.50591","-75.74149","45.34171","2017","7/19/2017","1:00:00 PM","01 - Clear","01 - Dry","10 - No control","01 - Non intersection","01 - Daylight","02 - Non-fatal injury","06 - SMV unattended vehicle"
"13248","STAR TOP RD btwn ALGOMA RD & Continuation of STAR TOP RD","373978.58012","5031099.09910","-75.61611","45.41641","2017","3/24/2017","12:00:00 AM","03 - Snow","03 - Loose snow","10 - No control","01 - Non intersection","00 - Unknown","03 - P.D. only","06 - SMV unattended vehicle"
"13249","STAR TOP RD btwn CYRVILLE RD & ALGOMA RD","373873.43545","5031352.47826","-75.61741","45.41870","2017","9/29/2017","12:00:00 PM","01 - Clear","01 - Dry","10 - No control","01 - Non intersection","01 - Daylight","03 - P.D. only","07 - SMV other"
"13250","STAR TOP RD btwn CYRVILLE RD & ALGOMA RD","373852.92367","5031405.66339","-75.61767","45.41918","2017","12/13/2017","1:35:00 PM","01 - Clear","02 - Wet","10 - No control","04 - At/near private drive","01 - Daylight","02 - Non-fatal injury","05 - Turning movement"
"13251","STATEWOOD DR @ TERRY FOX DR","348941.81290","5022544.50410","-75.93675","45.34146","2017","8/26/2017","5:58:00 PM","01 - Clear","01 - Dry","02 - Stop sign","02 - Intersection related","01 - Daylight","03 - P.D. only","04 - Sideswipe"
"13252","STATION BLVD btwn BLAIR ST & ACTON ST","371138.83355","5030285.79663","-75.65250","45.40936","2017","7/11/2017","9:52:00 PM","01 - Clear","01 - Dry","10 - No control","01 - Non intersection","07 - Dark","03 - P.D. only","06 - SMV unattended vehicle"
"13253","STE. CECILE ST @ STE. MONIQUE ST","369960.01250","5033811.81985","-75.66709","45.44120","2017","8/13/2017","4:22:00 PM","01 - Clear","01 - Dry","02 - Stop sign","02 - Intersection related","01 - Daylight","02 - Non-fatal injury","07 - SMV other"
"13254","STE. MONIQUE ST btwn MARIER AVE & STE. CECILE ST","369949.81360","5033793.80812","-75.66722","45.44104","2017","9/20/2017","12:00:00 AM","01 - Clear","01 - Dry","10 - No control","01 - Non intersection","00 - Unknown","03 - P.D. only","06 - SMV unattended vehicle"
"13255","STEDMAN ST btwn HIDDEN MEADOW AVE & MEANDERING BROOK DR","373140.26810","5022801.25978","-75.62797","45.34183","2017","1/9/2017","3:11:00 PM","01 - Clear","02 - Wet","10 - No control","04 - At/near private drive","01 - Daylight","03 - P.D. only","06 - SMV unattended vehicle"
"13256","STEEPLE HILL CRES btwn RICHMOND RD & PIETY HILL WAY","357469.45691","5014412.47196","-75.82880","45.26770","2017","10/10/2017","7:14:00 AM","07 - Fog, mist, smoke, dust","02 - Wet","10 - No control","01 - Non intersection","03 - Dawn","03 - P.D. only","07 - SMV other"
"13257","STEVENAGE DR @ SWANSEA CRES","374415.30664","5026770.71440","-75.61114","45.37742","2017","5/26/2017","1:32:00 AM","02 - Rain","02 - Wet","10 - No control","02 - Intersection related","07 - Dark","03 - P.D. only","07 - SMV other"
"13258","STEVENAGE DR btwn SWANSEA CRES & HAWTHORNE RD","375126.97459","5027310.04739","-75.60198","45.38220","2017","9/7/2017","3:33:00 PM","02 - Rain","02 - Wet","10 - No control","04 - At/near private drive","01 - Daylight","03 - P.D. only","05 - Turning movement"
"13259","STEVENAGE DR btwn SWANSEA CRES & HAWTHORNE RD","375046.33642","5027277.92488","-75.60301","45.38192","2017","11/29/2017","3:20:00 PM","01 - Clear","01 - Dry","10 - No control","04 - At/near private drive","01 - Daylight","03 - P.D. only","05 - Turning movement"
"13260","STEVENS AVE @ BEAUDRY ST","370815.57317","5032556.31382","-75.65632","45.42982","2017","2/15/2017","5:12:00 PM","03 - Snow","04 - Slush","02 - Stop sign","03 - At intersection","01 - Daylight","03 - P.D. only","02 - Angle"
"13261","STEVENSON AVE btwn CARLING AVE & CRERAR AVE","365270.91126","5027918.77609","-75.72774","45.38860","2017","12/30/2017","12:00:00 AM","01 - Clear","05 - Packed snow","10 - No control","01 - Non intersection","00 - Unknown","03 - P.D. only","06 - SMV unattended vehicle"
"13262","STEWART ST @ WALLER ST","368371.72905","5032042.60035","-75.68762","45.42543","2017","11/5/2017","12:18:00 PM","02 - Rain","02 - Wet","02 - Stop sign","02 - Intersection related","01 - Daylight","03 - P.D. only","03 - Rear end"
"13263","STEWART ST @ WALLER ST","368372.62934","5032041.08551","-75.68760","45.42541","2017","3/8/2017","5:21:00 PM","01 - Clear","01 - Dry","02 - Stop sign","02 - Intersection related","05 - Dusk","03 - P.D. only","05 - Turning movement"
"13264","STEWART ST btwn AUGUSTA ST & COBOURG ST","369195.32798","5032548.33878","-75.67703","45.42990","2017","11/21/2017","4:50:00 PM","01 - Clear","01 - Dry","10 - No control","01 - Non intersection","05 - Dusk","03 - P.D. only","04 - Sideswipe"
"13265","STEWART ST btwn CUMBERLAND ST & KING EDWARD AVE","368516.26244","5032133.21003","-75.68576","45.42623","2017","2/16/2017","8:51:00 AM","03 - Snow","05 - Packed snow","10 - No control","01 - Non intersection","01 - Daylight","03 - P.D. only","06 - SMV unattended vehicle"
"13266","STILL WATER DR btwn HARROGATE PL & ERSKINE PL","357373.07909","5023095.84277","-75.82911","45.34584","2017","6/20/2017","3:00:00 PM","01 - Clear","01 - Dry","10 - No control","04 - At/near private drive","01 - Daylight","03 - P.D. only","06 - SMV unattended vehicle"
"13267","STIRLING AVE @ WELLINGTON ST","365394.35210","5029471.30777","-75.72598","45.40256","2017","2/16/2017","12:00:00 AM","01 - Clear","02 - Wet","10 - No control","02 - Intersection related","00 - Unknown","03 - P.D. only","06 - SMV unattended vehicle"
"13268","STIRLING AVE btwn ARMSTRONG ST & WELLINGTON ST W","365368.59362","5029528.47589","-75.72630","45.40307","2017","12/20/2017","2:19:00 PM","01 - Clear","04 - Slush","10 - No control","01 - Non intersection","01 - Daylight","03 - P.D. only","06 - SMV unattended vehicle"
"13269","STIRLING AVE btwn LADOUCEUR ST & ARMSTRONG ST","365312.18747","5029658.90479","-75.72700","45.40425","2017","2/6/2017","4:10:00 PM","03 - Snow","05 - Packed snow","10 - No control","01 - Non intersection","01 - Daylight","03 - P.D. only","06 - SMV unattended vehicle"
"13270","STITTSVILLE MAIN ST @ HAZELDEAN RD","349557.45135","5014878.95369","-75.92958","45.27244","2017","10/18/2017","5:10:00 PM","01 - Clear","01 - Dry","01 - Traffic signal","02 - Intersection related","01 - Daylight","02 - Non-fatal injury","03 - Rear end"
"13271","STITTSVILLE MAIN ST @ HAZELDEAN RD","349558.87147","5014878.95369","-75.92956","45.27244","2017","10/20/2017","9:48:00 PM","01 - Clear","01 - Dry","01 - Traffic signal","02 - Intersection related","07 - Dark","03 - P.D. only","03 - Rear end"
"13272","STITTSVILLE MAIN ST @ HAZELDEAN RD","349558.87600","5014878.47805","-75.92956","45.27244","2017","10/25/2017","5:39:00 PM","01 - Clear","01 - Dry","01 - Traffic signal","02 - Intersection related","01 - Daylight","03 - P.D. only","03 - Rear end"
"13273","STITTSVILLE MAIN ST @ HAZELDEAN RD","349557.45135","5014879.42706","-75.92958","45.27245","2017","11/3/2017","6:28:00 PM","02 - Rain","02 - Wet","01 - Traffic signal","03 - At intersection","07 - Dark","03 - P.D. only","03 - Rear end"
"13274","STITTSVILLE MAIN ST @ HAZELDEAN RD","349559.83179","5014877.52226","-75.92955","45.27243","2017","11/8/2017","2:41:00 PM","01 - Clear","01 - Dry","01 - Traffic signal","03 - At intersection","01 - Daylight","03 - P.D. only","05 - Turning movement"
"13275","STITTSVILLE MAIN ST @ HAZELDEAN RD","349558.73255","5014878.71700","-75.92957","45.27244","2017","12/4/2017","1:33:00 PM","01 - Clear","01 - Dry","01 - Traffic signal","03 - At intersection","01 - Daylight","03 - P.D. only","02 - Angle"
"13276","STITTSVILLE MAIN ST @ HAZELDEAN RD","349558.73255","5014879.38590","-75.92957","45.27245","2017","11/24/2017","4:27:00 PM","01 - Clear","01 - Dry","01 - Traffic signal","03 - At intersection","05 - Dusk","03 - P.D. only","05 - Turning movement"
"13277","STITTSVILLE MAIN ST @ HAZELDEAN RD","349559.53638","5014878.59081","-75.92956","45.27244","2017","1/4/2017","2:48:00 PM","03 - Snow","06 - Ice","01 - Traffic signal","02 - Intersection related","01 - Daylight","03 - P.D. only","03 - Rear end"
"13278","STITTSVILLE MAIN ST @ HAZELDEAN RD","349559.81822","5014878.95369","-75.92955","45.27244","2017","4/20/2017","10:45:00 AM","01 - Clear","01 - Dry","01 - Traffic signal","02 - Intersection related","01 - Daylight","03 - P.D. only","03 - Rear end"
"13279","STITTSVILLE MAIN ST @ HOBIN ST/WILDPINE CRT","349664.60813","5014032.98497","-75.92829","45.26482","2017","8/10/2017","10:26:00 AM","01 - Clear","01 - Dry","01 - Traffic signal","02 - Intersection related","01 - Daylight","03 - P.D. only","03 - Rear end"
"13280","STITTSVILLE MAIN ST @ HOBIN ST/WILDPINE CRT","349664.15658","5014034.67149","-75.92830","45.26484","2017","1/13/2017","6:02:00 PM","01 - Clear","05 - Packed snow","01 - Traffic signal","02 - Intersection related","07 - Dark","02 - Non-fatal injury","03 - Rear end"
"13281","STITTSVILLE MAIN ST @ MULKINS ST S/WINTERGREEN","350005.10723","5013640.70674","-75.92399","45.26127","2017","7/5/2017","9:18:00 AM","01 - Clear","01 - Dry","01 - Traffic signal","03 - At intersection","01 - Daylight","03 - P.D. only","02 - Angle"
"13282","STITTSVILLE MAIN ST @ MULKINS ST S/WINTERGREEN","350005.45166","5013641.53012","-75.92399","45.26128","2017","7/21/2017","7:57:00 PM","01 - Clear","01 - Dry","01 - Traffic signal","02 - Intersection related","01 - Daylight","03 - P.D. only","03 - Rear end"