"Record","Location","X","Y","Longitude","Latitude","Year","Date","Time","Environment","Road_Surface","Traffic_Control","Collision_Location","Light","Collision_Classification","Impact_type"
"13283","STITTSVILLE MAIN ST @ ORVILLE ST","350312.39496","5013247.56320","-75.92011","45.25771","2017","8/30/2017","8:30:00 PM","01 - Clear","01 - Dry","02 - Stop sign","03 - At intersection","07 - Dark","02 - Non-fatal injury","03 - Rear end"
"13284","STITTSVILLE MAIN ST btwn CARP RD & NEIL AVE","349513.08041","5014429.86885","-75.93019","45.26840","2017","7/11/2017","8:24:00 AM","01 - Clear","01 - Dry","10 - No control","01 - Non intersection","01 - Daylight","02 - Non-fatal injury","03 - Rear end"
"13285","STITTSVILLE MAIN ST btwn DAPHNE CRES & CARLETON CATHCART ST","350573.04539","5012955.98912","-75.91682","45.25507","2017","5/29/2017","1:35:00 PM","02 - Rain","02 - Wet","10 - No control","04 - At/near private drive","01 - Daylight","03 - P.D. only","02 - Angle"
"13286","STITTSVILLE MAIN ST btwn DAPHNE CRES & CARLETON CATHCART ST","350502.81128","5013031.57440","-75.91771","45.25576","2017","4/18/2017","8:11:00 AM","01 - Clear","01 - Dry","10 - No control","04 - At/near private drive","01 - Daylight","03 - P.D. only","05 - Turning movement"
"13287","STITTSVILLE MAIN ST btwn HOBIN ST & BEVERLY ST","349715.31057","5013973.54218","-75.92765","45.26429","2017","7/10/2017","3:36:00 PM","01 - Clear","01 - Dry","10 - No control","01 - Non intersection","01 - Daylight","03 - P.D. only","03 - Rear end"
"13288","STITTSVILLE MAIN ST btwn HOBIN ST & BEVERLY ST","349794.29178","5013882.03257","-75.92665","45.26346","2017","9/13/2017","3:55:00 PM","01 - Clear","01 - Dry","10 - No control","01 - Non intersection","01 - Daylight","02 - Non-fatal injury","03 - Rear end"
"13289","STITTSVILLE MAIN ST btwn HOBIN ST & BEVERLY ST","349698.91263","5013993.95216","-75.92786","45.26447","2017","9/22/2017","3:49:00 PM","01 - Clear","01 - Dry","10 - No control","01 - Non intersection","01 - Daylight","03 - P.D. only","03 - Rear end"
"13290","STITTSVILLE MAIN ST btwn MANCHESTER ST & ABBOTT ST W","350246.91206","5013343.45703","-75.92094","45.25858","2017","6/4/2017","1:33:00 PM","02 - Rain","02 - Wet","10 - No control","01 - Non intersection","01 - Daylight","03 - P.D. only","03 - Rear end"
"13291","STITTSVILLE MAIN ST btwn NEIL AVE & HAZELDEAN RD","349581.85115","5014809.51300","-75.92928","45.27182","2017","10/28/2017","1:00:00 AM","01 - Clear","01 - Dry","10 - No control","01 - Non intersection","07 - Dark","03 - P.D. only","07 - SMV other"
"13292","STITTSVILLE MAIN ST btwn ORVILLE ST & ELM CRES","350382.00062","5013170.10848","-75.91923","45.25701","2017","5/31/2017","1:26:00 PM","01 - Clear","01 - Dry","10 - No control","01 - Non intersection","01 - Daylight","03 - P.D. only","07 - SMV other"
"13293","STITTSVILLE MAIN ST/HUNTLEY RD @ FLEWELLYN RD","351417.30437","5010739.74611","-75.90627","45.23508","2017","9/21/2017","10:30:00 AM","01 - Clear","01 - Dry","02 - Stop sign","03 - At intersection","01 - Daylight","03 - P.D. only","02 - Angle"
"13294","STITTSVILLE MAIN ST/HUNTLEY RD @ FLEWELLYN RD","351422.49222","5010734.52774","-75.90620","45.23503","2017","11/16/2017","6:06:00 PM","02 - Rain","02 - Wet","02 - Stop sign","02 - Intersection related","07 - Dark","03 - P.D. only","02 - Angle"
"13295","STONEBOAT CRES btwn LUMBERMAN WAY & LUMBERMAN WAY","380436.47041","5037441.40469","-75.53263","45.47280","2017","1/24/2017","4:00:00 PM","03 - Snow","03 - Loose snow","10 - No control","01 - Non intersection","05 - Dusk","03 - P.D. only","06 - SMV unattended vehicle"
"13296","STONECREST RD btwn DUNHAVEN DR & THOMAS A. DOLAN PKWY","339101.78678","5028702.04202","-76.06187","45.39742","2017","12/15/2017","7:27:00 AM","01 - Clear","06 - Ice","10 - No control","01 - Non intersection","03 - Dawn","03 - P.D. only","07 - SMV other"
"13297","STONEHAM PLACE btwn BEVINGTON WALK & FAIRLAKES WAY","384945.46288","5034310.41564","-75.47548","45.44413","2017","5/4/2017","12:00:00 AM","01 - Clear","01 - Dry","10 - No control","01 - Non intersection","00 - Unknown","03 - P.D. only","06 - SMV unattended vehicle"
"13298","STONEHAVEN DR @ HARNESS LANE/BLUEMEADOW WAY","354572.44425","5016743.01693","-75.86549","45.28888","2017","5/23/2017","3:08:00 PM","01 - Clear","01 - Dry","01 - Traffic signal","02 - Intersection related","01 - Daylight","03 - P.D. only","03 - Rear end"
"13299","STONEHAVEN DR @ HARNESS LANE/BLUEMEADOW WAY","354573.43414","5016744.97880","-75.86547","45.28890","2017","3/8/2017","3:41:00 PM","01 - Clear","02 - Wet","01 - Traffic signal","02 - Intersection related","01 - Daylight","02 - Non-fatal injury","04 - Sideswipe"
"13300","STONEHAVEN DR @ SAWYER WAY/SUMMITVIEW DR","356561.75862","5015861.74568","-75.84022","45.28081","2017","6/6/2017","3:49:00 PM","02 - Rain","02 - Wet","02 - Stop sign","02 - Intersection related","01 - Daylight","03 - P.D. only","07 - SMV other"
"13301","STONEHAVEN DR @ SAWYER WAY/SUMMITVIEW DR","356561.18840","5015861.29005","-75.84023","45.28080","2017","12/7/2017","4:52:00 PM","01 - Clear","01 - Dry","02 - Stop sign","03 - At intersection","07 - Dark","02 - Non-fatal injury","07 - SMV other"
"13302","STONEHAVEN DR @ STONEMEADOW DR","355949.91800","5016618.91205","-75.84794","45.28766","2017","9/14/2017","4:07:00 PM","01 - Clear","01 - Dry","02 - Stop sign","02 - Intersection related","01 - Daylight","02 - Non-fatal injury","03 - Rear end"
"13303","STONEHAVEN DR @ STONEMEADOW DR","355950.39590","5016619.15100","-75.84793","45.28767","2017","1/25/2017","3:25:00 PM","01 - Clear","02 - Wet","02 - Stop sign","02 - Intersection related","01 - Daylight","02 - Non-fatal injury","03 - Rear end"
"13304","STONEHAVEN DR btwn BRIDGESTONE DR & FURLONG CRES","355125.90148","5016984.01291","-75.85841","45.29101","2017","10/12/2017","10:16:00 AM","01 - Clear","01 - Dry","10 - No control","01 - Non intersection","01 - Daylight","03 - P.D. only","07 - SMV other"
"13305","STONEHAVEN DR btwn EAGLESON RD & BLUEMEADOW WAY","354402.95803","5016632.59843","-75.86766","45.28790","2017","12/28/2017","1:43:00 PM","01 - Clear","06 - Ice","10 - No control","04 - At/near private drive","01 - Daylight","03 - P.D. only","03 - Rear end"
"13306","STONEHAVEN DR btwn GRASSY PLAINS DR & SUMMITVIEW DR","356210.63452","5015958.00545","-75.84468","45.28170","2017","10/12/2017","7:28:00 AM","01 - Clear","01 - Dry","10 - No control","04 - At/near private drive","01 - Daylight","03 - P.D. only","03 - Rear end"
"13307","STONEHAVEN DR btwn RICHMOND RD & SAWYER WAY/SUMMITVIEW DR","356732.45555","5015865.79577","-75.83804","45.28083","2017","7/21/2017","7:15:00 AM","01 - Clear","01 - Dry","10 - No control","04 - At/near private drive","01 - Daylight","03 - P.D. only","02 - Angle"
"13308","STONEHAVEN DR btwn RICHMOND RD & SAWYER WAY/SUMMITVIEW DR","356765.71011","5015881.40959","-75.83762","45.28097","2017","9/13/2017","10:49:00 AM","01 - Clear","01 - Dry","10 - No control","04 - At/near private drive","01 - Daylight","03 - P.D. only","02 - Angle"
"13309","STONEHAVEN DR btwn RICHMOND RD & SAWYER WAY/SUMMITVIEW DR","356744.37830","5015871.68771","-75.83789","45.28088","2017","1/16/2017","6:45:00 AM","01 - Clear","01 - Dry","10 - No control","04 - At/near private drive","07 - Dark","03 - P.D. only","02 - Angle"
"13310","STONEHAVEN DR btwn RICHMOND RD & SAWYER WAY/SUMMITVIEW DR","356661.86583","5015863.50354","-75.83894","45.28081","2017","1/13/2017","6:40:00 PM","01 - Clear","01 - Dry","10 - No control","01 - Non intersection","07 - Dark","03 - P.D. only","04 - Sideswipe"
"13311","STONEHAVEN DR btwn RICHMOND RD & SAWYER WAY/SUMMITVIEW DR","356752.54411","5015873.37680","-75.83779","45.28090","2017","4/4/2017","12:29:00 PM","02 - Rain","02 - Wet","10 - No control","04 - At/near private drive","01 - Daylight","03 - P.D. only","02 - Angle"
"13312","STONEHAVEN DR btwn RICHMOND RD & SAWYER WAY/SUMMITVIEW DR","356736.48705","5015868.27959","-75.83799","45.28085","2017","3/28/2017","12:11:00 PM","01 - Clear","02 - Wet","10 - No control","04 - At/near private drive","01 - Daylight","03 - P.D. only","02 - Angle"
"13313","STONEHENGE CRES btwn SAXONY CRES & SAXONY CRES","375059.72881","5031361.31073","-75.60226","45.41866","2017","11/25/2017","5:00:00 PM","01 - Clear","01 - Dry","10 - No control","01 - Non intersection","07 - Dark","03 - P.D. only","06 - SMV unattended vehicle"
"13314","STONEHENGE CRES btwn SAXONY CRES & SAXONY CRES","375060.15087","5031362.40319","-75.60225","45.41867","2017","2/5/2017","9:19:00 AM","03 - Snow","03 - Loose snow","10 - No control","01 - Non intersection","01 - Daylight","03 - P.D. only","01 - Approaching"
"13315","STONEHENGE CRES btwn WHITTAKER CRES & WHITTAKER CRES","375404.15892","5031530.08987","-75.59783","45.42014","2017","2/25/2017","2:20:00 PM","02 - Rain","02 - Wet","10 - No control","01 - Non intersection","01 - Daylight","02 - Non-fatal injury","01 - Approaching"
"13316","STONEHENGE CRES btwn WHITTAKER CRES & WHITTAKER CRES","375386.83059","5031483.33872","-75.59806","45.41972","2017","12/19/2017","9:45:00 AM","03 - Snow","04 - Slush","10 - No control","01 - Non intersection","01 - Daylight","03 - P.D. only","06 - SMV unattended vehicle"
"13317","STONEPATH CRES btwn WEST RIDGE DR & WEST RIDGE DR","348792.14825","5013527.99139","-75.93946","45.26033","2017","9/21/2017","4:12:00 PM","01 - Clear","01 - Dry","10 - No control","01 - Non intersection","01 - Daylight","03 - P.D. only","06 - SMV unattended vehicle"
"13318","STONEWAY DR btwn FOREST GATE WAY & MOUNTAIN ASH DR","366176.18599","5016856.05041","-75.71756","45.28898","2017","5/15/2017","2:54:00 PM","01 - Clear","01 - Dry","10 - No control","01 - Non intersection","01 - Daylight","03 - P.D. only","05 - Turning movement"
"13319","STRANDHERD @ KENNEVALE DR","361491.52555","5014098.88010","-75.77759","45.26456","2017","5/1/2017","10:33:00 PM","01 - Clear","01 - Dry","01 - Traffic signal","02 - Intersection related","07 - Dark","03 - P.D. only","99 - Other"
"13320","STRANDHERD @ KENNEVALE DR","361490.85666","5014098.88010","-75.77760","45.26456","2017","5/27/2017","5:52:00 PM","01 - Clear","01 - Dry","01 - Traffic signal","02 - Intersection related","01 - Daylight","03 - P.D. only","03 - Rear end"
"13321","STRANDHERD @ KENNEVALE DR","361492.19445","5014100.21790","-75.77758","45.26458","2017","4/27/2017","8:50:00 AM","01 - Clear","01 - Dry","01 - Traffic signal","02 - Intersection related","01 - Daylight","03 - P.D. only","03 - Rear end"
"13322","STRANDHERD @ KENNEVALE DR","361490.18776","5014100.88679","-75.77760","45.26458","2017","6/8/2017","5:15:00 PM","01 - Clear","01 - Dry","01 - Traffic signal","03 - At intersection","01 - Daylight","03 - P.D. only","05 - Turning movement"
"13323","STRANDHERD @ KENNEVALE DR","361492.19445","5014098.21121","-75.77758","45.26456","2017","5/2/2017","4:00:00 PM","01 - Clear","01 - Dry","01 - Traffic signal","02 - Intersection related","01 - Daylight","03 - P.D. only","03 - Rear end"
"13324","STRANDHERD @ KENNEVALE DR","361491.66490","5014102.46612","-75.77759","45.26460","2017","6/19/2017","6:53:00 AM","01 - Clear","01 - Dry","01 - Traffic signal","03 - At intersection","01 - Daylight","03 - P.D. only","05 - Turning movement"
"13325","STRANDHERD @ KENNEVALE DR","361491.96818","5014099.38036","-75.77758","45.26457","2017","10/7/2017","4:48:00 PM","01 - Clear","01 - Dry","01 - Traffic signal","03 - At intersection","01 - Daylight","03 - P.D. only","05 - Turning movement"
"13326","STRANDHERD @ KENNEVALE DR","361493.53224","5014098.88010","-75.77756","45.26456","2017","10/28/2017","6:35:00 PM","02 - Rain","02 - Wet","01 - Traffic signal","03 - At intersection","07 - Dark","03 - P.D. only","02 - Angle"
"13327","STRANDHERD @ KENNEVALE DR","361490.35906","5014099.17377","-75.77760","45.26457","2017","1/28/2017","3:55:00 PM","01 - Clear","02 - Wet","01 - Traffic signal","02 - Intersection related","01 - Daylight","03 - P.D. only","03 - Rear end"
"13328","STRANDHERD @ KENNEVALE DR","361491.31355","5014101.18834","-75.77759","45.26458","2017","1/30/2017","8:30:00 AM","01 - Clear","06 - Ice","01 - Traffic signal","02 - Intersection related","01 - Daylight","03 - P.D. only","03 - Rear end"
"13329","STRANDHERD BRIDGE (VIMY MEMORIAL BRIDGE) btwn PRINCE OF WALES DR & RIVER RD","367237.70000","5014802.23500","-75.70428","45.27041","2017","7/4/2017","6:20:00 AM","01 - Clear","01 - Dry","10 - No control","07 - Overpass or bridge","01 - Daylight","03 - P.D. only","04 - Sideswipe"
"13330","STRANDHERD BRIDGE (VIMY MEMORIAL BRIDGE) btwn PRINCE OF WALES DR & RIVER RD","367272.05800","5014790.14900","-75.70385","45.27029","2017","8/31/2017","7:14:00 PM","01 - Clear","01 - Dry","10 - No control","01 - Non intersection","01 - Daylight","02 - Non-fatal injury","03 - Rear end"
"13331","STRANDHERD BRIDGE (VIMY MEMORIAL BRIDGE) btwn PRINCE OF WALES DR & RIVER RD","367373.86800","5014754.34000","-75.70255","45.26996","2017","11/19/2017","10:15:00 AM","03 - Snow","05 - Packed snow","10 - No control","07 - Overpass or bridge","01 - Daylight","02 - Non-fatal injury","07 - SMV other"
"13332","STRANDHERD DR @ 210 W OF WOODROFFE AVE","365926.01534","5015320.80570","-75.72093","45.27519","2017","5/18/2017","12:14:00 PM","01 - Clear","01 - Dry","01 - Traffic signal","02 - Intersection related","01 - Daylight","03 - P.D. only","03 - Rear end"
"13333","STRANDHERD DR @ 210 W OF WOODROFFE AVE","365924.67755","5015321.47460","-75.72095","45.27519","2017","11/14/2017","11:29:00 AM","01 - Clear","01 - Dry","01 - Traffic signal","02 - Intersection related","01 - Daylight","03 - P.D. only","03 - Rear end"
"13334","STRANDHERD DR @ 215 W OF GREENBANK RD/BARRHAVE","363743.44675","5014680.27946","-75.74882","45.26961","2017","9/30/2017","12:21:00 PM","01 - Clear","01 - Dry","01 - Traffic signal","02 - Intersection related","01 - Daylight","03 - P.D. only","05 - Turning movement"
"13335","STRANDHERD DR @ 215 W OF GREENBANK RD/BARRHAVE","363745.52794","5014681.36099","-75.74880","45.26962","2017","3/14/2017","4:45:00 PM","03 - Snow","03 - Loose snow","01 - Traffic signal","02 - Intersection related","01 - Daylight","03 - P.D. only","07 - SMV other"
"13336","STRANDHERD DR @ CEDARVIEW RD/TARTAN DR","362289.41183","5013546.89753","-75.76748","45.25953","2017","6/12/2017","1:03:00 PM","01 - Clear","01 - Dry","01 - Traffic signal","02 - Intersection related","01 - Daylight","03 - P.D. only","03 - Rear end"
"13337","STRANDHERD DR @ CEDARVIEW RD/TARTAN DR","362290.70089","5013545.76385","-75.76747","45.25952","2017","12/8/2017","1:22:00 AM","01 - Clear","01 - Dry","01 - Traffic signal","03 - At intersection","07 - Dark","03 - P.D. only","02 - Angle"
"13338","STRANDHERD DR @ CEDARVIEW RD/TARTAN DR","362292.02484","5013545.08854","-75.76745","45.25952","2017","11/25/2017","2:07:00 PM","02 - Rain","02 - Wet","01 - Traffic signal","02 - Intersection related","01 - Daylight","03 - P.D. only","03 - Rear end"
"13339","STRANDHERD DR @ CLARIDGE DR","364949.01900","5015381.80486","-75.73338","45.27582","2017","12/11/2017","5:50:00 PM","01 - Clear","01 - Dry","01 - Traffic signal","03 - At intersection","07 - Dark","03 - P.D. only","05 - Turning movement"
"13340","STRANDHERD DR @ CLARIDGE DR","364949.01278","5015381.69656","-75.73338","45.27582","2017","11/30/2017","2:48:00 PM","02 - Rain","02 - Wet","01 - Traffic signal","02 - Intersection related","01 - Daylight","02 - Non-fatal injury","02 - Angle"
"13341","STRANDHERD DR @ CLARIDGE DR","364949.01900","5015380.82343","-75.73338","45.27581","2017","1/31/2017","6:12:00 PM","01 - Clear","01 - Dry","01 - Traffic signal","03 - At intersection","07 - Dark","03 - P.D. only","05 - Turning movement"
"13342","STRANDHERD DR @ CLARIDGE DR","364949.01900","5015382.81154","-75.73338","45.27583","2017","1/2/2017","4:50:00 PM","01 - Clear","02 - Wet","01 - Traffic signal","02 - Intersection related","05 - Dusk","03 - P.D. only","03 - Rear end"
"13343","STRANDHERD DR @ CLARIDGE DR","364949.01900","5015379.91137","-75.73338","45.27580","2017","12/18/2017","12:51:00 PM","03 - Snow","04 - Slush","01 - Traffic signal","03 - At intersection","01 - Daylight","02 - Non-fatal injury","05 - Turning movement"
"13344","STRANDHERD DR @ LONGFIELDS DR","364548.47605","5015172.65580","-75.73851","45.27397","2017","6/1/2017","4:45:00 PM","01 - Clear","01 - Dry","01 - Traffic signal","03 - At intersection","01 - Daylight","03 - P.D. only","03 - Rear end"
"13345","STRANDHERD DR @ LONGFIELDS DR","364547.89754","5015174.50932","-75.73851","45.27399","2017","6/26/2017","8:10:00 PM","01 - Clear","01 - Dry","01 - Traffic signal","03 - At intersection","01 - Daylight","02 - Non-fatal injury","02 - Angle"
"13346","STRANDHERD DR @ LONGFIELDS DR","364548.33713","5015172.61464","-75.73851","45.27397","2017","8/31/2017","12:39:00 AM","01 - Clear","01 - Dry","01 - Traffic signal","02 - Intersection related","07 - Dark","03 - P.D. only","07 - SMV other"
"13347","STRANDHERD DR @ LONGFIELDS DR","364549.03248","5015173.54668","-75.73850","45.27398","2017","8/24/2017","9:21:00 PM","01 - Clear","01 - Dry","01 - Traffic signal","02 - Intersection related","07 - Dark","03 - P.D. only","03 - Rear end"
"13348","STRANDHERD DR @ LONGFIELDS DR","364549.28387","5015173.56139","-75.73850","45.27398","2017","8/11/2017","11:55:00 AM","01 - Clear","01 - Dry","01 - Traffic signal","02 - Intersection related","01 - Daylight","02 - Non-fatal injury","03 - Rear end"
"13349","STRANDHERD DR @ LONGFIELDS DR","364549.35695","5015172.77825","-75.73850","45.27397","2017","10/14/2017","7:56:00 PM","01 - Clear","01 - Dry","01 - Traffic signal","02 - Intersection related","07 - Dark","03 - P.D. only","03 - Rear end"
"13350","STRANDHERD DR @ LONGFIELDS DR","364548.47605","5015173.32470","-75.73851","45.27398","2017","11/20/2017","6:06:00 PM","01 - Clear","01 - Dry","01 - Traffic signal","02 - Intersection related","07 - Dark","03 - P.D. only","03 - Rear end"
"13351","STRANDHERD DR @ LONGFIELDS DR","364549.75725","5015173.56139","-75.73849","45.27398","2017","12/15/2017","12:57:00 PM","03 - Snow","06 - Ice","01 - Traffic signal","03 - At intersection","01 - Daylight","03 - P.D. only","03 - Rear end"
"13352","STRANDHERD DR @ LONGFIELDS DR","364549.14495","5015173.32470","-75.73850","45.27398","2017","11/17/2017","4:17:00 PM","01 - Clear","01 - Dry","01 - Traffic signal","02 - Intersection related","01 - Daylight","03 - P.D. only","03 - Rear end"
"13353","STRANDHERD DR @ LONGFIELDS DR","364550.31144","5015173.69993","-75.73848","45.27398","2017","2/10/2017","9:10:00 AM","01 - Clear","01 - Dry","01 - Traffic signal","02 - Intersection related","01 - Daylight","02 - Non-fatal injury","03 - Rear end"
"13354","STRANDHERD DR @ LONGFIELDS DR","364548.81050","5015172.23180","-75.73850","45.27397","2017","1/30/2017","4:37:00 PM","01 - Clear","01 - Dry","01 - Traffic signal","02 - Intersection related","05 - Dusk","03 - P.D. only","03 - Rear end"
"13355","STRANDHERD DR @ LONGFIELDS DR","364547.89754","5015174.50932","-75.73851","45.27399","2017","2/21/2017","9:27:00 PM","02 - Rain","02 - Wet","01 - Traffic signal","02 - Intersection related","07 - Dark","03 - P.D. only","04 - Sideswipe"
"13356","STRANDHERD DR @ MADRID AVE","363045.36110","5014097.60940","-75.75779","45.26442","2017","2/5/2017","4:00:00 PM","03 - Snow","03 - Loose snow","","02 - Intersection related","01 - Daylight","03 - P.D. only","03 - Rear end"
"13357","STRANDHERD DR @ TARTAN DR","362490.32473","5013842.13425","-75.76489","45.26217","2017","8/12/2017","7:16:00 PM","02 - Rain","02 - Wet","02 - Stop sign","02 - Intersection related","05 - Dusk","03 - P.D. only","03 - Rear end"
"13358","STRANDHERD DR @ TARTAN DR","362490.95962","5013843.09732","-75.76488","45.26218","2017","7/21/2017","9:22:00 AM","01 - Clear","01 - Dry","02 - Stop sign","03 - At intersection","01 - Daylight","02 - Non-fatal injury","05 - Turning movement"
"13359","STRANDHERD DR @ TARTAN DR","362488.59080","5013843.41630","-75.76491","45.26218","2017","1/21/2017","3:01:00 PM","01 - Clear","02 - Wet","02 - Stop sign","02 - Intersection related","01 - Daylight","03 - P.D. only","03 - Rear end"
"13360","STRANDHERD DR @ WOODROFFE AVE","366107.15734","5015396.48679","-75.71862","45.27585","2017","4/29/2017","8:00:00 PM","01 - Clear","01 - Dry","01 - Traffic signal","02 - Intersection related","07 - Dark","03 - P.D. only","03 - Rear end"
"13361","STRANDHERD DR @ WOODROFFE AVE","366105.81955","5015395.14900","-75.71863","45.27584","2017","6/9/2017","5:10:00 PM","01 - Clear","01 - Dry","01 - Traffic signal","03 - At intersection","01 - Daylight","03 - P.D. only","05 - Turning movement"
"13362","STRANDHERD DR @ WOODROFFE AVE","366106.15400","5015394.50797","-75.71863","45.27583","2017","8/15/2017","1:30:00 PM","01 - Clear","01 - Dry","01 - Traffic signal","02 - Intersection related","01 - Daylight","03 - P.D. only","03 - Rear end"
"13363","STRANDHERD DR @ WOODROFFE AVE","366105.20725","5015395.38569","-75.71864","45.27584","2017","9/29/2017","5:20:00 PM","01 - Clear","01 - Dry","01 - Traffic signal","02 - Intersection related","01 - Daylight","03 - P.D. only","04 - Sideswipe"
"13364","STRANDHERD DR @ WOODROFFE AVE","366105.61126","5015394.33489","-75.71864","45.27583","2017","10/19/2017","1:49:00 PM","01 - Clear","01 - Dry","01 - Traffic signal","02 - Intersection related","01 - Daylight","03 - P.D. only","03 - Rear end"
"13365","STRANDHERD DR @ WOODROFFE AVE","366106.15400","5015393.52078","-75.71863","45.27583","2017","9/22/2017","1:25:00 PM","01 - Clear","01 - Dry","01 - Traffic signal","02 - Intersection related","01 - Daylight","02 - Non-fatal injury","03 - Rear end"
"13366","STRANDHERD DR @ WOODROFFE AVE","366106.63190","5015394.91005","-75.71862","45.27584","2017","12/15/2017","8:32:00 AM","01 - Clear","03 - Loose snow","01 - Traffic signal","03 - At intersection","01 - Daylight","03 - P.D. only","05 - Turning movement"
"13367","STRANDHERD DR @ WOODROFFE AVE","366107.10979","5015395.86585","-75.71862","45.27585","2017","11/4/2017","11:01:00 AM","01 - Clear","01 - Dry","01 - Traffic signal","03 - At intersection","01 - Daylight","03 - P.D. only","03 - Rear end"
"13368","STRANDHERD DR @ WOODROFFE AVE","366106.15400","5015394.29063","-75.71863","45.27583","2017","1/3/2017","8:43:00 PM","04 - Freezing Rain","04 - Slush","01 - Traffic signal","02 - Intersection related","07 - Dark","03 - P.D. only","07 - SMV other"
"13369","STRANDHERD DR @ WOODROFFE AVE","366106.90447","5015393.27283","-75.71862","45.27582","2017","2/24/2017","2:35:00 PM","01 - Clear","01 - Dry","01 - Traffic signal","02 - Intersection related","01 - Daylight","03 - P.D. only","03 - Rear end"
"13370","STRANDHERD DR btwn 215 W OF GREENBANK RD/BARRHAVEN MALL SC & GREENBANK","363833.78000","5014727.01799","-75.74767","45.27002","2017","5/25/2017","5:45:00 PM","02 - Rain","02 - Wet","10 - No control","01 - Non intersection","01 - Daylight","03 - P.D. only","99 - Other"
"13371","STRANDHERD DR btwn ANDORA AVE & JOCKVALE RD","363533.39020","5014561.11479","-75.75152","45.26855","2017","6/29/2017","2:11:00 PM","02 - Rain","02 - Wet","10 - No control","01 - Non intersection","01 - Daylight","02 - Non-fatal injury","07 - SMV other"
"13372","STRANDHERD DR btwn ANDORA AVE & JOCKVALE RD","363461.04539","5014518.09473","-75.75244","45.26817","2017","3/24/2017","9:07:00 AM","03 - Snow","04 - Slush","10 - No control","01 - Non intersection","01 - Daylight","03 - P.D. only","07 - SMV other"
"13373","STRANDHERD DR btwn ANDORA AVE & JOCKVALE RD","363429.05876","5014499.22310","-75.75285","45.26801","2017","12/19/2017","7:54:00 AM","03 - Snow","05 - Packed snow","10 - No control","01 - Non intersection","01 - Daylight","03 - P.D. only","04 - Sideswipe"
"13374","STRANDHERD DR btwn CEDARVIEW RD & MADRID AVE","363029.51635","5014079.50602","-75.75799","45.26426","2017","12/31/2017","1:23:00 PM","01 - Clear","02 - Wet","10 - No control","01 - Non intersection","01 - Daylight","02 - Non-fatal injury","03 - Rear end"
"13375","STRANDHERD DR btwn CEDARVIEW RD & MCKENNA CASEY DR","362171.88203","5013550.70423","-75.76898","45.25958","2017","12/22/2017","4:50:00 PM","01 - Clear","01 - Dry","10 - No control","04 - At/near private drive","05 - Dusk","03 - P.D. only","04 - Sideswipe"
"13376","STRANDHERD DR btwn CLARIDGE DR & BEATRICE DR","365154.14721","5015408.01788","-75.73076","45.27604","2017","6/30/2017","1:36:00 AM","02 - Rain","02 - Wet","10 - No control","01 - Non intersection","07 - Dark","02 - Non-fatal injury","07 - SMV other"
"13377","STRANDHERD DR btwn CLARIDGE DR & BEATRICE DR","365159.16556","5015409.27969","-75.73070","45.27605","2017","11/14/2017","5:00:00 PM","01 - Clear","01 - Dry","10 - No control","01 - Non intersection","05 - Dusk","02 - Non-fatal injury","03 - Rear end"
"13378","STRANDHERD DR btwn Continuation of STRANDHERD DR & MCKENNA CASEY DR","361798.97731","5013678.24822","-75.77372","45.26075","2017","5/21/2017","12:34:00 PM","01 - Clear","01 - Dry","10 - No control","01 - Non intersection","01 - Daylight","03 - P.D. only","03 - Rear end"
"13379","STRANDHERD DR btwn FALLOWFIELD RD & MARAVISTA DR","361164.83172","5014772.58945","-75.78167","45.27065","2017","6/11/2017","1:45:00 PM","01 - Clear","01 - Dry","10 - No control","04 - At/near private drive","01 - Daylight","02 - Non-fatal injury","03 - Rear end"
"13380","STRANDHERD DR btwn FALLOWFIELD RD & MARAVISTA DR","361223.85194","5014698.66231","-75.78093","45.26998","2017","1/24/2017","8:58:00 AM","01 - Clear","01 - Dry","10 - No control","04 - At/near private drive","01 - Daylight","03 - P.D. only","05 - Turning movement"
"13381","STRANDHERD DR btwn GREENBANK RD & Continuation of STRANDHERD DR","363999.64417","5014824.93427","-75.74554","45.27089","2017","5/31/2017","7:11:00 PM","01 - Clear","02 - Wet","10 - No control","01 - Non intersection","01 - Daylight","03 - P.D. only","04 - Sideswipe"
"13382","STRANDHERD DR btwn GREENBANK RD & Continuation of STRANDHERD DR","363977.83106","5014810.50416","-75.74582","45.27076","2017","3/25/2017","5:00:00 PM","01 - Clear","02 - Wet","10 - No control","01 - Non intersection","01 - Daylight","02 - Non-fatal injury","03 - Rear end"
"13383","STRANDHERD DR btwn JOCKVALE RD & 215 W OF GREENBANK RD/BARRHAVEN MALL","363586.90190","5014592.55292","-75.75083","45.26883","2017","6/1/2017","9:25:00 AM","01 - Clear","01 - Dry","10 - No control","01 - Non intersection","01 - Daylight","03 - P.D. only","99 - Other"
"13384","STRANDHERD DR btwn JOCKVALE RD & 215 W OF GREENBANK RD/BARRHAVEN MALL","363582.05547","5014590.35068","-75.75089","45.26881","2017","8/12/2017","8:30:00 AM","02 - Rain","02 - Wet","10 - No control","01 - Non intersection","01 - Daylight","02 - Non-fatal injury","07 - SMV other"