"Record","Location","X","Y","Longitude","Latitude","Year","Date","Time","Environment","Road_Surface","Traffic_Control","Collision_Location","Light","Collision_Classification","Impact_type"
"13385","STRANDHERD DR btwn KENNEVALE DR & Continuation of STRANDHERD DR","361581.82656","5013918.27810","-75.77646","45.26293","2017","11/17/2017","5:20:00 PM","01 - Clear","01 - Dry","10 - No control","01 - Non intersection","07 - Dark","03 - P.D. only","03 - Rear end"
"13386","STRANDHERD DR btwn KENNEVALE DR & Continuation of STRANDHERD DR","361523.08313","5014036.91988","-75.77719","45.26400","2017","3/2/2017","8:33:00 AM","03 - Snow","03 - Loose snow","10 - No control","01 - Non intersection","01 - Daylight","02 - Non-fatal injury","03 - Rear end"
"13387","STRANDHERD DR btwn LONGFIELDS DR & CLARIDGE DR","364635.14930","5015225.23727","-75.73740","45.27444","2017","10/13/2017","5:37:00 PM","01 - Clear","01 - Dry","10 - No control","01 - Non intersection","01 - Daylight","03 - P.D. only","04 - Sideswipe"
"13388","STRANDHERD DR btwn LONGFIELDS DR & CLARIDGE DR","364855.82904","5015348.59779","-75.73457","45.27553","2017","12/8/2017","5:27:00 PM","01 - Clear","01 - Dry","10 - No control","01 - Non intersection","07 - Dark","03 - P.D. only","03 - Rear end"
"13389","STRANDHERD DR btwn LONGFIELDS DR & CLARIDGE DR","364577.90749","5015192.72269","-75.73813","45.27415","2017","4/15/2017","7:11:00 PM","02 - Rain","02 - Wet","10 - No control","01 - Non intersection","05 - Dusk","03 - P.D. only","07 - SMV other"
"13390","STRANDHERD DR btwn MARAVISTA DR & KENNEVALE DR","361468.72036","5014145.32307","-75.77787","45.26498","2017","8/18/2017","9:50:00 AM","02 - Rain","02 - Wet","10 - No control","01 - Non intersection","01 - Daylight","03 - P.D. only","07 - SMV other"
"13391","STRANDHERD DR btwn MARAVISTA DR & KENNEVALE DR","361293.45482","5014574.25576","-75.78006","45.26886","2017","9/28/2017","6:07:00 PM","01 - Clear","01 - Dry","10 - No control","01 - Non intersection","01 - Daylight","03 - P.D. only","03 - Rear end"
"13392","STRANDHERD DR btwn WOODROFFE AVE & 210 W OF WOODROFFE AVE","366023.47778","5015358.35091","-75.71969","45.27552","2017","10/31/2017","4:37:00 PM","01 - Clear","01 - Dry","10 - No control","01 - Non intersection","01 - Daylight","03 - P.D. only","03 - Rear end"
"13393","STRATHCONA AVE btwn BANK ST & O'CONNOR ST","368223.18469","5030079.10118","-75.68977","45.40778","2017","11/12/2017","11:40:00 AM","01 - Clear","01 - Dry","10 - No control","04 - At/near private drive","01 - Daylight","03 - P.D. only","02 - Angle"
"13394","SUE HOLLOWAY DR btwn BAYROSE DR & GLENROY GILBERT DR","364608.29100","5014701.11100","-75.73780","45.26972","2017","5/19/2017","12:00:00 AM","01 - Clear","01 - Dry","10 - No control","01 - Non intersection","00 - Unknown","03 - P.D. only","06 - SMV unattended vehicle"
"13395","SULLIVAN AVE @ VIEWMOUNT DR","364026.12540","5022604.28645","-75.74428","45.34089","2017","8/20/2017","1:14:00 PM","01 - Clear","01 - Dry","02 - Stop sign","03 - At intersection","01 - Daylight","02 - Non-fatal injury","07 - SMV other"
"13396","SULLIVAN AVE @ VIEWMOUNT DR","364026.64065","5022604.26551","-75.74427","45.34089","2017","9/23/2017","2:45:00 PM","01 - Clear","01 - Dry","02 - Stop sign","02 - Intersection related","01 - Daylight","03 - P.D. only","99 - Other"
"13397","SULLIVAN AVE btwn WHITEHILL AVE & PARKER AVE","363671.74706","5022455.06561","-75.74882","45.33957","2017","12/26/2017","7:10:00 PM","01 - Clear","02 - Wet","10 - No control","01 - Non intersection","07 - Dark","03 - P.D. only","06 - SMV unattended vehicle"
"13398","SUMMERGAZE ST @ SUMMITVIEW DR","356660.08840","5015504.15800","-75.83900","45.27758","2017","11/13/2017","2:21:00 AM","01 - Clear","01 - Dry","02 - Stop sign","02 - Intersection related","07 - Dark","03 - P.D. only","06 - SMV unattended vehicle"
"13399","SUMMERGAZE ST btwn FOXLIGHT CIR & SOLARIS DR/CONIFER CREEK CIR","356744.56000","5015553.62800","-75.83792","45.27802","2017","12/30/2017","8:25:00 PM","01 - Clear","03 - Loose snow","10 - No control","01 - Non intersection","07 - Dark","03 - P.D. only","06 - SMV unattended vehicle"
"13400","SUMMERGAZE ST btwn SHIMMERTON CIR & SUMMITVIEW DR","356625.25570","5015483.90670","-75.83945","45.27740","2017","1/27/2017","7:00:00 PM","01 - Clear","03 - Loose snow","10 - No control","01 - Non intersection","07 - Dark","03 - P.D. only","06 - SMV unattended vehicle"
"13401","SUMMERHILL ST btwn DAVE SMITH CRES & SOUTHBRIDGE ST","367732.89160","5014290.88980","-75.69804","45.26576","2017","4/24/2017","1:53:00 PM","01 - Clear","01 - Dry","10 - No control","01 - Non intersection","01 - Daylight","03 - P.D. only","99 - Other"
"13402","SUMMIT AVE btwn TEDDER AVE & PALMER PL","370676.29407","5028276.67358","-75.65867","45.39133","2017","10/5/2017","2:30:00 PM","01 - Clear","01 - Dry","10 - No control","04 - At/near private drive","01 - Daylight","03 - P.D. only","06 - SMV unattended vehicle"
"13403","SUNBURST ST btwn FAIRWEATHER ST & KINGSWELL ST","375864.22500","5021244.29600","-75.59343","45.32755","2017","5/26/2017","12:00:00 AM","02 - Rain","02 - Wet","10 - No control","01 - Non intersection","00 - Unknown","03 - P.D. only","06 - SMV unattended vehicle"
"13404","SUNNYCREST DR @ TWIN TER","365629.45853","5025582.52970","-75.72345","45.36755","2017","3/31/2017","11:57:00 PM","03 - Snow","04 - Slush","03 - Yield sign","02 - Intersection related","07 - Dark","03 - P.D. only","03 - Rear end"
"13405","SUNNYSIDE AVE @ LEONARD AVE","368358.89490","5028354.30169","-75.68826","45.39224","2017","10/15/2017","4:30:00 PM","01 - Clear","01 - Dry","02 - Stop sign","03 - At intersection","01 - Daylight","02 - Non-fatal injury","02 - Angle"
"13406","SUNNYSIDE AVE btwn BANK ST & WILLARD ST","368776.18542","5028604.07557","-75.68289","45.39445","2017","12/6/2017","3:50:00 PM","01 - Clear","01 - Dry","10 - No control","04 - At/near private drive","01 - Daylight","03 - P.D. only","02 - Angle"
"13407","SUNNYSIDE AVE btwn CARRAWAY PRIV & SENECA ST","368074.27890","5028184.55961","-75.69191","45.39074","2017","4/28/2017","11:30:00 AM","01 - Clear","01 - Dry","10 - No control","04 - At/near private drive","01 - Daylight","03 - P.D. only","06 - SMV unattended vehicle"
"13408","SUNNYSIDE AVE btwn CARRAWAY PRIV & SENECA ST","368216.10696","5028268.69909","-75.69009","45.39149","2017","2/5/2017","7:37:00 PM","03 - Snow","02 - Wet","10 - No control","01 - Non intersection","07 - Dark","03 - P.D. only","06 - SMV unattended vehicle"
"13409","SUNSHINE CRES btwn SOLSTICE WAY N & SOLSTICE WAY S","386157.35000","5034864.39300","-75.45990","45.44897","2017","7/30/2017","10:37:00 PM","01 - Clear","01 - Dry","10 - No control","04 - At/near private drive","07 - Dark","03 - P.D. only","06 - SMV unattended vehicle"
"13410","SUSSEX DR @ 262 N OF KING EDWARD AVE","367769.71334","5033733.93000","-75.69509","45.44070","2017","6/1/2017","4:38:00 PM","01 - Clear","01 - Dry","01 - Traffic signal","02 - Intersection related","01 - Daylight","03 - P.D. only","03 - Rear end"
"13411","SUSSEX DR @ 262 N OF KING EDWARD AVE","367767.51820","5033733.40084","-75.69512","45.44070","2017","5/19/2017","4:42:00 PM","01 - Clear","01 - Dry","01 - Traffic signal","02 - Intersection related","01 - Daylight","02 - Non-fatal injury","03 - Rear end"
"13412","SUSSEX DR @ 262 N OF KING EDWARD AVE","367769.52848","5033733.84617","-75.69509","45.44070","2017","8/23/2017","8:07:00 AM","01 - Clear","01 - Dry","01 - Traffic signal","02 - Intersection related","01 - Daylight","02 - Non-fatal injury","07 - SMV other"
"13413","SUSSEX DR @ JOHN ST","367860.36210","5033945.64395","-75.69391","45.44260","2017","9/19/2017","6:21:00 PM","01 - Clear","01 - Dry","02 - Stop sign","02 - Intersection related","01 - Daylight","03 - P.D. only","99 - Other"
"13414","SUSSEX DR @ JOHN ST","367859.74710","5033944.38065","-75.69391","45.44259","2017","1/25/2017","9:36:00 AM","01 - Clear","04 - Slush","02 - Stop sign","02 - Intersection related","01 - Daylight","03 - P.D. only","03 - Rear end"
"13415","SUSSEX DR @ YORK ST","367804.83825","5032236.26210","-75.69483","45.42722","2017","6/13/2017","9:51:00 PM","01 - Clear","01 - Dry","01 - Traffic signal","03 - At intersection","07 - Dark","02 - Non-fatal injury","05 - Turning movement"
"13416","SUSSEX DR @ YORK ST","367806.99918","5032236.56651","-75.69481","45.42722","2017","7/7/2017","12:17:00 PM","01 - Clear","01 - Dry","01 - Traffic signal","02 - Intersection related","01 - Daylight","03 - P.D. only","03 - Rear end"
"13417","SUSSEX DR btwn 151 W OF KING EDWARD AVE/L.B. PEARSON BUILDING & RAMP","367625.64408","5033415.62156","-75.69697","45.43785","2017","3/26/2017","12:30:00 AM","01 - Clear","01 - Dry","10 - No control","01 - Non intersection","07 - Dark","03 - P.D. only","04 - Sideswipe"
"13418","SUSSEX DR btwn 151 W OF KING EDWARD AVE/L.B. PEARSON BUILDING & RAMP","367627.58869","5033422.75179","-75.69695","45.43791","2017","3/24/2017","8:41:00 AM","03 - Snow","06 - Ice","10 - No control","07 - Overpass or bridge","01 - Daylight","03 - P.D. only","07 - SMV other"
"13419","SUSSEX DR btwn ALEXANDER ST & MACKAY ST","367906.64314","5034052.23066","-75.69330","45.44355","2017","6/1/2017","10:10:00 AM","01 - Clear","01 - Dry","10 - No control","01 - Non intersection","01 - Daylight","03 - P.D. only","03 - Rear end"
"13420","SUSSEX DR btwn CATHCART ST & BRUYERE ST","367488.37493","5032750.19803","-75.69881","45.43187","2017","3/24/2017","9:37:00 AM","03 - Snow","03 - Loose snow","10 - No control","01 - Non intersection","01 - Daylight","02 - Non-fatal injury","03 - Rear end"
"13421","SUSSEX DR btwn GEORGE ST & RIDEAU ST","367904.31590","5032073.81356","-75.69358","45.42575","2017","2/27/2017","5:25:00 PM","01 - Clear","01 - Dry","10 - No control","01 - Non intersection","07 - Dark","03 - P.D. only","04 - Sideswipe"
"13422","SUSSEX DR btwn KING EDWARD AVE & 262 N OF KING EDWARD AVE","367712.32433","5033611.68494","-75.69584","45.43961","2017","1/30/2017","4:13:00 PM","01 - Clear","01 - Dry","10 - No control","01 - Non intersection","01 - Daylight","03 - P.D. only","04 - Sideswipe"
"13423","SUSSEX DR btwn LADY GREY DR & 151 W OF KING EDWARD AVE/L.B. PEARSON BU","367554.59961","5033251.81080","-75.69790","45.43638","2017","5/30/2017","1:43:00 PM","01 - Clear","01 - Dry","10 - No control","04 - At/near private drive","01 - Daylight","03 - P.D. only","99 - Other"
"13424","SUSSEX DR btwn LADY GREY DR & 151 W OF KING EDWARD AVE/L.B. PEARSON BU","367485.33259","5033087.57397","-75.69881","45.43491","2017","11/21/2017","10:07:00 AM","01 - Clear","02 - Wet","10 - No control","04 - At/near private drive","01 - Daylight","03 - P.D. only","05 - Turning movement"
"13425","SUSSEX DR btwn MACKAY ST & PRINCESS AVE","367935.31461","5034118.80437","-75.69293","45.44415","2017","4/17/2017","6:10:00 PM","01 - Clear","01 - Dry","10 - No control","04 - At/near private drive","01 - Daylight","03 - P.D. only","07 - SMV other"
"13426","SUSSEX DR btwn ST. ANDREW ST & GUIGUES AVE","367597.63267","5032566.04849","-75.69744","45.43021","2017","3/20/2017","4:28:00 PM","01 - Clear","01 - Dry","10 - No control","01 - Non intersection","01 - Daylight","03 - P.D. only","04 - Sideswipe"
"13427","SUSSEX DR btwn ST. PATRICK ST & MURRAY ST","367686.00675","5032429.45713","-75.69633","45.42897","2017","7/17/2017","8:39:00 AM","01 - Clear","01 - Dry","10 - No control","01 - Non intersection","01 - Daylight","03 - P.D. only","03 - Rear end"
"13428","SUSSEX DR/PRINCESS AVE @ RIDEAU GATE","367957.03335","5034164.27190","-75.69264","45.44456","2017","9/30/2017","1:51:00 PM","01 - Clear","01 - Dry","11 - Roundabout","02 - Intersection related","01 - Daylight","03 - P.D. only","04 - Sideswipe"
"13429","SUSSEX DR/PRINCESS AVE @ RIDEAU GATE","367956.00028","5034163.60911","-75.69266","45.44455","2017","1/19/2017","5:12:00 AM","01 - Clear","02 - Wet","11 - Roundabout","03 - At intersection","07 - Dark","03 - P.D. only","07 - SMV other"
"13430","SUSSEX DR/PRINCESS AVE @ RIDEAU GATE","367956.69890","5034163.60300","-75.69265","45.44455","2017","3/19/2017","4:20:00 PM","01 - Clear","01 - Dry","11 - Roundabout","03 - At intersection","01 - Daylight","03 - P.D. only","03 - Rear end"
"13431","SUSSEX DR/PRINCESS AVE @ RIDEAU GATE","367956.40495","5034163.38412","-75.69265","45.44455","2017","9/30/2017","1:07:00 AM","01 - Clear","02 - Wet","11 - Roundabout","02 - Intersection related","07 - Dark","03 - P.D. only","07 - SMV other"
"13432","SWALE RD btwn DEVEREAUX RD & SPRINGHILL RD","381632.78213","5004580.78784","-75.52243","45.17701","2017","6/21/2017","12:35:00 PM","01 - Clear","01 - Dry","10 - No control","01 - Non intersection","01 - Daylight","03 - P.D. only","07 - SMV other"
"13433","SWALE RD btwn DEVEREAUX RD & SPRINGHILL RD","381246.08825","5005601.18720","-75.52719","45.18624","2017","6/5/2017","8:40:00 PM","01 - Clear","01 - Dry","10 - No control","01 - Non intersection","05 - Dusk","03 - P.D. only","07 - SMV other"
"13434","SWALE RD btwn DEVEREAUX RD & SPRINGHILL RD","381239.25660","5005629.00030","-75.52728","45.18649","2017","6/5/2017","8:40:00 PM","01 - Clear","01 - Dry","10 - No control","01 - Non intersection","05 - Dusk","03 - P.D. only","07 - SMV other"
"13435","SWANSEA CRES btwn LEGACY RD & STEVENAGE DR","374740.39554","5027350.59178","-75.60691","45.38260","2017","9/27/2017","9:47:00 AM","01 - Clear","01 - Dry","10 - No control","01 - Non intersection","01 - Daylight","03 - P.D. only","06 - SMV unattended vehicle"
"13436","SWEETLAND AVE btwn LAURIER AVE E & OSGOODE ST","368982.28870","5032131.16513","-75.67980","45.42617","2017","11/30/2017","12:00:00 AM","01 - Clear","02 - Wet","10 - No control","01 - Non intersection","00 - Unknown","03 - P.D. only","06 - SMV unattended vehicle"
"13437","SWEETLAND AVE btwn SOMERSET ST E & TEMPLETON ST","369202.87370","5031764.92638","-75.67703","45.42285","2017","1/10/2017","9:32:00 AM","01 - Clear","02 - Wet","10 - No control","01 - Non intersection","01 - Daylight","03 - P.D. only","06 - SMV unattended vehicle"
"13438","SWEETNAM DR btwn HAZELDEAN RD & ORCHARD DR","350525.61902","5015593.62275","-75.91718","45.27881","2017","3/24/2017","6:26:00 PM","03 - Snow","04 - Slush","10 - No control","01 - Non intersection","07 - Dark","03 - P.D. only","07 - SMV other"
"13439","SWEETNAM DR btwn ORCHARD DR & HARRY DOUGLAS DR","350576.06009","5015491.67059","-75.91655","45.27789","2017","9/3/2017","2:39:00 PM","02 - Rain","02 - Wet","10 - No control","01 - Non intersection","01 - Daylight","03 - P.D. only","07 - SMV other"
"13440","SWITZER AVE btwn KIRKWOOD AVE & END","364198.40141","5027570.43500","-75.74148","45.38556","2017","9/11/2017","4:59:00 PM","01 - Clear","01 - Dry","10 - No control","01 - Non intersection","01 - Daylight","03 - P.D. only","06 - SMV unattended vehicle"
"13441","TALLTREE CRES btwn ABBOTT ST E & ABBOTT ST E","351672.12036","5014771.11736","-75.90264","45.27133","2017","7/9/2017","12:00:00 AM","02 - Rain","02 - Wet","10 - No control","01 - Non intersection","00 - Unknown","03 - P.D. only","06 - SMV unattended vehicle"
"13442","TALLTREE CRES btwn ABBOTT ST E & ABBOTT ST E","351704.22923","5014731.59875","-75.90224","45.27098","2017","4/19/2017","12:00:00 AM","02 - Rain","02 - Wet","10 - No control","01 - Non intersection","00 - Unknown","03 - P.D. only","06 - SMV unattended vehicle"
"13443","TALLWOOD DR @ AVENSHIRE GT/MERIDIAN PL","362814.98354","5022617.24610","-75.75973","45.34110","2017","12/22/2017","2:49:00 PM","01 - Clear","01 - Dry","02 - Stop sign","02 - Intersection related","01 - Daylight","03 - P.D. only","02 - Angle"
"13444","TAMBLYN CRES btwn DRESSLER DR & DRESSLER DR","352456.89860","5018257.63072","-75.89231","45.30265","2017","3/4/2017","10:41:00 PM","01 - Clear","01 - Dry","10 - No control","01 - Non intersection","07 - Dark","03 - P.D. only","07 - SMV other"
"13445","TANDALEE CRES @ STONEHAVEN DR","356137.55700","5016110.02869","-75.84560","45.28307","2017","11/9/2017","11:32:00 PM","01 - Clear","06 - Ice","02 - Stop sign","03 - At intersection","07 - Dark","02 - Non-fatal injury","05 - Turning movement"
"13446","TANDALEE CRES btwn Continuation of TANDALEE CRES & Continuation of TAN","355948.50620","5016015.58980","-75.84802","45.28223","2017","2/20/2017","6:30:00 PM","01 - Clear","05 - Packed snow","10 - No control","04 - At/near private drive","07 - Dark","03 - P.D. only","06 - SMV unattended vehicle"
"13447","TARA DR @ MAITLAND AVE","363496.78280","5025388.62370","-75.75070","45.36598","2017","10/12/2017","3:26:00 PM","01 - Clear","01 - Dry","02 - Stop sign","02 - Intersection related","01 - Daylight","03 - P.D. only","02 - Angle"
"13448","TARA DR @ MAITLAND AVE","363496.16780","5025386.81395","-75.75071","45.36597","2017","12/28/2017","2:28:00 PM","01 - Clear","01 - Dry","02 - Stop sign","02 - Intersection related","01 - Daylight","03 - P.D. only","03 - Rear end"
"13449","TARTAN DR btwn ATOLL ST & ALFA ST","362609.35594","5014089.81464","-75.76335","45.26439","2017","11/29/2017","12:00:00 AM","01 - Clear","01 - Dry","10 - No control","01 - Non intersection","00 - Unknown","03 - P.D. only","06 - SMV unattended vehicle"
"13450","TARTAN DR btwn HOULAHAN ST & HARTHILL WAY","362424.11171","5013809.28254","-75.76574","45.26188","2017","10/29/2017","11:45:00 AM","02 - Rain","02 - Wet","10 - No control","01 - Non intersection","01 - Daylight","03 - P.D. only","04 - Sideswipe"
"13451","TARTAN DR btwn RUETER ST & HALLEY ST","362789.36133","5014350.54330","-75.76102","45.26672","2017","6/18/2017","11:30:00 PM","01 - Clear","01 - Dry","10 - No control","01 - Non intersection","07 - Dark","03 - P.D. only","01 - Approaching"
"13452","TARTAN DR btwn RUETER ST & HALLEY ST","362955.33874","5014370.77972","-75.75890","45.26689","2017","1/4/2017","12:00:00 AM","04 - Freezing Rain","06 - Ice","10 - No control","01 - Non intersection","00 - Unknown","03 - P.D. only","06 - SMV unattended vehicle"
"13453","TAUVETTE ST btwn SOUTHPARK DR & END","377069.54032","5033162.47239","-75.57632","45.43466","2017","10/13/2017","9:30:00 PM","01 - Clear","01 - Dry","10 - No control","04 - At/near private drive","07 - Dark","03 - P.D. only","07 - SMV other"
"13454","TED GRANT PRIV btwn HORSDAL PRIV & HORSDAL PRIV","374024.50232","5025860.73103","-75.61626","45.36927","2017","10/27/2017","12:00:00 AM","02 - Rain","02 - Wet","10 - No control","01 - Non intersection","07 - Dark","03 - P.D. only","06 - SMV unattended vehicle"
"13455","TEENA COLLEEN PRIV btwn VISTA BARRETT PRIV & SUN VISTA PRIV","375705.95300","5014422.47500","-75.59643","45.26619","2017","10/31/2017","3:08:00 AM","01 - Clear","01 - Dry","10 - No control","01 - Non intersection","07 - Dark","03 - P.D. only","06 - SMV unattended vehicle"
"13456","TEMAGAMI DR @ HAILEYBURY ST","365588.03795","5014457.63008","-75.72535","45.26745","2017","4/27/2017","7:45:00 AM","01 - Clear","01 - Dry","02 - Stop sign","03 - At intersection","01 - Daylight","03 - P.D. only","02 - Angle"
"13457","TEMPLETON ST btwn BLACKBURN AVE & GOULBURN AVE","369570.13774","5031814.13801","-75.67233","45.42326","2017","1/25/2017","8:30:00 AM","01 - Clear","04 - Slush","10 - No control","01 - Non intersection","01 - Daylight","03 - P.D. only","06 - SMV unattended vehicle"
"13458","TEMPLETON ST btwn GOULBURN AVE & MARLBOROUGH AVE","369613.61440","5031840.92168","-75.67177","45.42350","2017","6/24/2017","12:00:00 AM","01 - Clear","01 - Dry","10 - No control","01 - Non intersection","00 - Unknown","03 - P.D. only","06 - SMV unattended vehicle"
"13459","TEMPLETON ST btwn NELSON ST & SWEETLAND AVE","369270.71412","5031630.71039","-75.67618","45.42164","2017","9/19/2017","9:15:00 AM","01 - Clear","01 - Dry","10 - No control","04 - At/near private drive","01 - Daylight","03 - P.D. only","04 - Sideswipe"
"13460","TENTH LINE RD @ CHARLEMAGNE BLVD N/TOMPKINS AV","383184.40327","5037978.59196","-75.49741","45.47733","2017","8/25/2017","2:49:00 PM","01 - Clear","01 - Dry","01 - Traffic signal","02 - Intersection related","01 - Daylight","02 - Non-fatal injury","03 - Rear end"
"13461","TENTH LINE RD @ CHARLEMAGNE BLVD N/TOMPKINS AV","383183.48297","5037977.65844","-75.49742","45.47732","2017","8/31/2017","11:26:00 AM","01 - Clear","01 - Dry","01 - Traffic signal","02 - Intersection related","01 - Daylight","03 - P.D. only","04 - Sideswipe"
"13462","TENTH LINE RD @ CHARLEMAGNE BLVD N/TOMPKINS AV","383184.57037","5037977.82730","-75.49740","45.47733","2017","7/24/2017","5:40:00 PM","02 - Rain","02 - Wet","01 - Traffic signal","02 - Intersection related","01 - Daylight","03 - P.D. only","03 - Rear end"
"13463","TENTH LINE RD @ CHARLEMAGNE BLVD N/TOMPKINS AV","383184.26435","5037978.55080","-75.49741","45.47733","2017","10/27/2017","5:58:00 PM","01 - Clear","01 - Dry","01 - Traffic signal","03 - At intersection","07 - Dark","03 - P.D. only","05 - Turning movement"
"13464","TENTH LINE RD @ CHARLEMAGNE BLVD N/TOMPKINS AV","383183.59545","5037977.21300","-75.49742","45.47732","2017","10/16/2017","7:44:00 AM","01 - Clear","01 - Dry","01 - Traffic signal","02 - Intersection related","01 - Daylight","03 - P.D. only","03 - Rear end"
"13465","TENTH LINE RD @ CHARLEMAGNE BLVD N/TOMPKINS AV","383183.92990","5037976.24256","-75.49741","45.47731","2017","10/2/2017","2:39:00 PM","01 - Clear","01 - Dry","01 - Traffic signal","03 - At intersection","01 - Daylight","03 - P.D. only","05 - Turning movement"
"13466","TENTH LINE RD @ CHARLEMAGNE BLVD N/TOMPKINS AV","383182.57703","5037977.65642","-75.49743","45.47732","2017","12/6/2017","7:24:00 PM","01 - Clear","01 - Dry","01 - Traffic signal","03 - At intersection","07 - Dark","03 - P.D. only","05 - Turning movement"
"13467","TENTH LINE RD @ CHARLEMAGNE BLVD N/TOMPKINS AV","383184.40780","5037978.12085","-75.49741","45.47733","2017","12/8/2017","5:35:00 PM","01 - Clear","01 - Dry","01 - Traffic signal","02 - Intersection related","07 - Dark","03 - P.D. only","03 - Rear end"
"13468","TENTH LINE RD @ CHARLEMAGNE BLVD N/TOMPKINS AV","383184.26435","5037979.21969","-75.49741","45.47734","2017","11/2/2017","10:54:00 AM","02 - Rain","02 - Wet","01 - Traffic signal","03 - At intersection","01 - Daylight","02 - Non-fatal injury","05 - Turning movement"
"13469","TENTH LINE RD @ CHARLEMAGNE BLVD N/TOMPKINS AV","383183.59545","5037977.88190","-75.49742","45.47733","2017","11/7/2017","12:30:00 PM","01 - Clear","01 - Dry","01 - Traffic signal","02 - Intersection related","01 - Daylight","03 - P.D. only","03 - Rear end"
"13470","TENTH LINE RD @ CHARLEMAGNE BLVD N/TOMPKINS AV","383183.38912","5037979.11486","-75.49742","45.47734","2017","2/12/2017","1:49:00 PM","03 - Snow","05 - Packed snow","01 - Traffic signal","02 - Intersection related","01 - Daylight","03 - P.D. only","03 - Rear end"
"13471","TENTH LINE RD @ CHARLEMAGNE BLVD N/TOMPKINS AV","383184.93324","5037979.88859","-75.49740","45.47734","2017","3/3/2017","12:18:00 PM","01 - Clear","01 - Dry","01 - Traffic signal","02 - Intersection related","01 - Daylight","03 - P.D. only","04 - Sideswipe"
"13472","TENTH LINE RD @ CHARLEMAGNE BLVD N/TOMPKINS AV","383182.92656","5037978.55080","-75.49742","45.47733","2017","3/1/2017","7:15:00 PM","02 - Rain","02 - Wet","01 - Traffic signal","03 - At intersection","07 - Dark","02 - Non-fatal injury","07 - SMV other"
"13473","TENTH LINE RD @ CHARLEMAGNE BLVD N/TOMPKINS AV","383184.38086","5037978.10738","-75.49741","45.47733","2017","12/28/2017","5:16:00 PM","05 - Drifting Snow","03 - Loose snow","01 - Traffic signal","02 - Intersection related","07 - Dark","03 - P.D. only","03 - Rear end"
"13474","TENTH LINE RD @ CHARLEMAGNE BLVD N/TOMPKINS AV","383183.92990","5037978.59875","-75.49741","45.47733","2017","12/22/2017","8:00:00 AM","01 - Clear","01 - Dry","01 - Traffic signal","02 - Intersection related","01 - Daylight","03 - P.D. only","03 - Rear end"
"13475","TENTH LINE RD @ CHARLEMAGNE BLVD S/DES EPINETT","383640.97510","5036900.45590","-75.49174","45.46758","2017","4/25/2017","7:55:00 PM","01 - Clear","02 - Wet","01 - Traffic signal","03 - At intersection","05 - Dusk","02 - Non-fatal injury","04 - Sideswipe"
"13476","TENTH LINE RD @ CHARLEMAGNE BLVD S/DES EPINETT","383640.97510","5036900.45590","-75.49174","45.46758","2017","5/21/2017","2:28:00 PM","01 - Clear","01 - Dry","01 - Traffic signal","02 - Intersection related","01 - Daylight","03 - P.D. only","03 - Rear end"
"13477","TENTH LINE RD @ CHARLEMAGNE BLVD S/DES EPINETT","383640.97510","5036900.45590","-75.49174","45.46758","2017","5/16/2017","4:30:00 PM","01 - Clear","01 - Dry","01 - Traffic signal","02 - Intersection related","01 - Daylight","03 - P.D. only","03 - Rear end"
"13478","TENTH LINE RD @ CHARLEMAGNE BLVD S/DES EPINETT","383640.97510","5036900.45590","-75.49174","45.46758","2017","5/5/2017","8:18:00 PM","02 - Rain","02 - Wet","01 - Traffic signal","03 - At intersection","05 - Dusk","02 - Non-fatal injury","05 - Turning movement"
"13479","TENTH LINE RD @ CHARLEMAGNE BLVD S/DES EPINETT","383640.97510","5036900.45590","-75.49174","45.46758","2017","5/1/2017","8:30:00 AM","02 - Rain","02 - Wet","01 - Traffic signal","02 - Intersection related","01 - Daylight","02 - Non-fatal injury","03 - Rear end"
"13480","TENTH LINE RD @ CHARLEMAGNE BLVD S/DES EPINETT","383640.97510","5036900.45590","-75.49174","45.46758","2017","8/27/2017","1:13:00 AM","01 - Clear","01 - Dry","01 - Traffic signal","03 - At intersection","07 - Dark","03 - P.D. only","05 - Turning movement"
"13481","TENTH LINE RD @ CHARLEMAGNE BLVD S/DES EPINETT","383640.97510","5036900.45590","-75.49174","45.46758","2017","8/1/2017","10:56:00 PM","01 - Clear","01 - Dry","01 - Traffic signal","02 - Intersection related","07 - Dark","03 - P.D. only","03 - Rear end"
"13482","TENTH LINE RD @ CHARLEMAGNE BLVD S/DES EPINETT","383640.97510","5036900.45590","-75.49174","45.46758","2017","7/13/2017","8:12:00 AM","01 - Clear","01 - Dry","01 - Traffic signal","02 - Intersection related","01 - Daylight","02 - Non-fatal injury","03 - Rear end"
"13483","TENTH LINE RD @ CHARLEMAGNE BLVD S/DES EPINETT","383640.97510","5036900.45590","-75.49174","45.46758","2017","7/17/2017","3:48:00 PM","01 - Clear","01 - Dry","01 - Traffic signal","02 - Intersection related","01 - Daylight","03 - P.D. only","03 - Rear end"
"13484","TENTH LINE RD @ CHARLEMAGNE BLVD S/DES EPINETT","383640.97510","5036900.45590","-75.49174","45.46758","2017","7/2/2017","9:39:00 PM","02 - Rain","02 - Wet","01 - Traffic signal","03 - At intersection","07 - Dark","02 - Non-fatal injury","05 - Turning movement"
"13485","TENTH LINE RD @ CHARLEMAGNE BLVD S/DES EPINETT","383640.97510","5036900.45590","-75.49174","45.46758","2017","9/29/2017","1:05:00 PM","01 - Clear","01 - Dry","01 - Traffic signal","03 - At intersection","01 - Daylight","02 - Non-fatal injury","05 - Turning movement"