"Record","Location","X","Y","Longitude","Latitude","Year","Date","Time","Environment","Road_Surface","Traffic_Control","Collision_Location","Light","Collision_Classification","Impact_type"
"13486","TENTH LINE RD @ CHARLEMAGNE BLVD S/DES EPINETT","383640.97510","5036900.45590","-75.49174","45.46758","2017","10/19/2017","4:11:00 PM","01 - Clear","01 - Dry","01 - Traffic signal","03 - At intersection","01 - Daylight","03 - P.D. only","02 - Angle"
"13487","TENTH LINE RD @ CHARLEMAGNE BLVD S/DES EPINETT","383640.97510","5036900.45590","-75.49174","45.46758","2017","9/22/2017","5:47:00 PM","01 - Clear","01 - Dry","01 - Traffic signal","02 - Intersection related","01 - Daylight","03 - P.D. only","03 - Rear end"
"13488","TENTH LINE RD @ CHARLEMAGNE BLVD S/DES EPINETT","383640.97510","5036900.45590","-75.49174","45.46758","2017","9/27/2017","6:30:00 PM","01 - Clear","01 - Dry","01 - Traffic signal","03 - At intersection","05 - Dusk","03 - P.D. only","05 - Turning movement"
"13489","TENTH LINE RD @ CHARLEMAGNE BLVD S/DES EPINETT","383640.97510","5036900.45590","-75.49174","45.46758","2017","11/15/2017","8:25:00 AM","01 - Clear","01 - Dry","01 - Traffic signal","03 - At intersection","01 - Daylight","02 - Non-fatal injury","05 - Turning movement"
"13490","TENTH LINE RD @ CHARLEMAGNE BLVD S/DES EPINETT","383640.97510","5036900.45590","-75.49174","45.46758","2017","2/15/2017","7:31:00 PM","03 - Snow","03 - Loose snow","01 - Traffic signal","03 - At intersection","07 - Dark","02 - Non-fatal injury","05 - Turning movement"
"13491","TENTH LINE RD @ CHARLEMAGNE BLVD S/DES EPINETT","383640.97510","5036900.45590","-75.49174","45.46758","2017","2/19/2017","12:05:00 PM","01 - Clear","03 - Loose snow","01 - Traffic signal","02 - Intersection related","01 - Daylight","03 - P.D. only","04 - Sideswipe"
"13492","TENTH LINE RD @ CHARLEMAGNE BLVD S/DES EPINETT","383640.97510","5036900.45590","-75.49174","45.46758","2017","12/26/2017","12:25:00 PM","01 - Clear","03 - Loose snow","01 - Traffic signal","02 - Intersection related","01 - Daylight","02 - Non-fatal injury","03 - Rear end"
"13493","TENTH LINE RD @ LAKEPOINTE DR","384260.75037","5035420.00064","-75.48405","45.45419","2017","8/7/2017","9:45:00 AM","01 - Clear","01 - Dry","01 - Traffic signal","03 - At intersection","01 - Daylight","03 - P.D. only","02 - Angle"
"13494","TENTH LINE RD @ LAKEPOINTE DR","384261.96971","5035421.41742","-75.48404","45.45420","2017","10/14/2017","9:18:00 AM","02 - Rain","02 - Wet","01 - Traffic signal","02 - Intersection related","01 - Daylight","03 - P.D. only","04 - Sideswipe"
"13495","TENTH LINE RD @ LAKEPOINTE DR","384264.67561","5035420.68950","-75.48400","45.45420","2017","9/24/2017","3:24:00 PM","01 - Clear","01 - Dry","01 - Traffic signal","03 - At intersection","01 - Daylight","02 - Non-fatal injury","02 - Angle"
"13496","TENTH LINE RD @ LAKEPOINTE DR","384262.49426","5035421.50967","-75.48403","45.45420","2017","12/15/2017","10:33:00 AM","01 - Clear","01 - Dry","01 - Traffic signal","03 - At intersection","01 - Daylight","03 - P.D. only","03 - Rear end"
"13497","TENTH LINE RD @ LAKEPOINTE DR","384261.79365","5035420.68950","-75.48404","45.45420","2017","11/28/2017","2:11:00 PM","01 - Clear","01 - Dry","01 - Traffic signal","02 - Intersection related","01 - Daylight","03 - P.D. only","03 - Rear end"
"13498","TENTH LINE RD @ OR174 IC101 RAMP26","382762.79624","5038939.72300","-75.50264","45.48603","2017","11/14/2017","8:16:00 PM","01 - Clear","01 - Dry","10 - No control","02 - Intersection related","07 - Dark","03 - P.D. only","03 - Rear end"
"13499","TENTH LINE RD @ OR174 IC101 RAMP61","382703.21989","5039063.18313","-75.50339","45.48714","2017","10/9/2017","6:15:00 PM","01 - Clear","01 - Dry","02 - Stop sign","03 - At intersection","05 - Dusk","03 - P.D. only","02 - Angle"
"13500","TENTH LINE RD @ OR174 IC101 RAMP61","382703.49257","5039061.45540","-75.50338","45.48713","2017","2/25/2017","3:28:00 PM","02 - Rain","02 - Wet","02 - Stop sign","02 - Intersection related","01 - Daylight","03 - P.D. only","03 - Rear end"
"13501","TENTH LINE RD @ TENTH LINE RD","383531.61055","5037155.30540","-75.49310","45.46989","2017","5/6/2017","5:37:00 PM","02 - Rain","02 - Wet","01 - Traffic signal","02 - Intersection related","01 - Daylight","02 - Non-fatal injury","03 - Rear end"
"13502","TENTH LINE RD @ TENTH LINE RD","383531.70324","5037152.96231","-75.49310","45.46987","2017","10/29/2017","4:12:00 PM","02 - Rain","02 - Wet","01 - Traffic signal","02 - Intersection related","01 - Daylight","03 - P.D. only","03 - Rear end"
"13503","TENTH LINE RD @ TENTH LINE RD","383530.54767","5037154.66356","-75.49311","45.46988","2017","10/1/2017","12:08:00 PM","01 - Clear","01 - Dry","01 - Traffic signal","03 - At intersection","01 - Daylight","03 - P.D. only","05 - Turning movement"
"13504","TENTH LINE RD @ VANGUARD DR","384073.09765","5035873.22551","-75.48638","45.45829","2017","5/24/2017","11:26:00 AM","01 - Clear","01 - Dry","01 - Traffic signal","03 - At intersection","01 - Daylight","03 - P.D. only","05 - Turning movement"
"13505","TENTH LINE RD @ VANGUARD DR","384073.76654","5035875.90109","-75.48637","45.45831","2017","6/15/2017","6:27:00 PM","01 - Clear","01 - Dry","01 - Traffic signal","03 - At intersection","01 - Daylight","03 - P.D. only","02 - Angle"
"13506","TENTH LINE RD @ VANGUARD DR","384071.94482","5035874.13064","-75.48639","45.45830","2017","8/15/2017","6:18:00 AM","01 - Clear","01 - Dry","01 - Traffic signal","03 - At intersection","01 - Daylight","03 - P.D. only","05 - Turning movement"
"13507","TENTH LINE RD @ VANGUARD DR","384073.76654","5035873.89440","-75.48637","45.45830","2017","7/2/2017","1:50:00 AM","01 - Clear","02 - Wet","01 - Traffic signal","03 - At intersection","07 - Dark","03 - P.D. only","07 - SMV other"
"13508","TENTH LINE RD @ VANGUARD DR","384073.36821","5035874.21302","-75.48638","45.45830","2017","11/6/2017","4:00:00 PM","01 - Clear","01 - Dry","01 - Traffic signal","02 - Intersection related","01 - Daylight","02 - Non-fatal injury","03 - Rear end"
"13509","TENTH LINE RD @ VANGUARD DR","384073.13061","5035874.92582","-75.48638","45.45831","2017","12/13/2017","3:15:00 PM","01 - Clear","01 - Dry","01 - Traffic signal","03 - At intersection","01 - Daylight","03 - P.D. only","04 - Sideswipe"
"13510","TENTH LINE RD @ VANGUARD DR","384073.09765","5035875.90109","-75.48638","45.45831","2017","12/14/2017","7:00:00 PM","01 - Clear","01 - Dry","01 - Traffic signal","02 - Intersection related","07 - Dark","02 - Non-fatal injury","99 - Other"
"13511","TENTH LINE RD @ VANGUARD DR","384073.76654","5035872.55661","-75.48637","45.45828","2017","4/18/2017","6:38:00 PM","01 - Clear","01 - Dry","01 - Traffic signal","03 - At intersection","01 - Daylight","02 - Non-fatal injury","05 - Turning movement"
"13512","TENTH LINE RD @ VANGUARD DR","384073.45741","5035874.56456","-75.48637","45.45830","2017","12/23/2017","6:22:00 PM","03 - Snow","03 - Loose snow","01 - Traffic signal","03 - At intersection","07 - Dark","03 - P.D. only","05 - Turning movement"
"13513","TENTH LINE RD @ WALL RD","385153.25950","5033308.26235","-75.47299","45.43509","2017","11/9/2017","3:55:00 PM","01 - Clear","01 - Dry","02 - Stop sign","02 - Intersection related","01 - Daylight","03 - P.D. only","03 - Rear end"
"13514","TENTH LINE RD @ WALL RD","385154.45384","5033308.21440","-75.47297","45.43509","2017","2/26/2017","9:15:00 AM","01 - Clear","01 - Dry","02 - Stop sign","03 - At intersection","01 - Daylight","03 - P.D. only","99 - Other"
"13515","TENTH LINE RD btwn 275 N OF DES EPINETTES AVE/FALLINGBROOK SC & DES EP","383536.77271","5037139.75481","-75.49303","45.46975","2017","4/30/2017","3:42:00 PM","01 - Clear","02 - Wet","10 - No control","01 - Non intersection","01 - Daylight","02 - Non-fatal injury","03 - Rear end"
"13516","TENTH LINE RD btwn 275 N OF DES EPINETTES AVE/FALLINGBROOK SC & DES EP","383628.85224","5036927.70269","-75.49189","45.46783","2017","9/20/2017","7:48:00 AM","01 - Clear","01 - Dry","10 - No control","04 - At/near private drive","01 - Daylight","03 - P.D. only","05 - Turning movement"
"13517","TENTH LINE RD btwn 275 N OF DES EPINETTES AVE/FALLINGBROOK SC & DES EP","383559.36741","5037087.21196","-75.49275","45.46927","2017","1/8/2017","8:08:00 PM","01 - Clear","06 - Ice","10 - No control","01 - Non intersection","07 - Dark","03 - P.D. only","04 - Sideswipe"
"13518","TENTH LINE RD btwn 275 N OF DES EPINETTES AVE/FALLINGBROOK SC & DES EP","383579.19381","5037041.83132","-75.49251","45.46886","2017","12/26/2017","11:52:00 AM","01 - Clear","01 - Dry","10 - No control","04 - At/near private drive","01 - Daylight","03 - P.D. only","02 - Angle"
"13519","TENTH LINE RD btwn 275 N OF DES EPINETTES AVE/FALLINGBROOK SC & DES EP","383592.21770","5037011.93519","-75.49234","45.46859","2017","12/29/2017","11:52:00 AM","01 - Clear","02 - Wet","10 - No control","01 - Non intersection","01 - Daylight","02 - Non-fatal injury","03 - Rear end"
"13520","TENTH LINE RD btwn AMIENS ST & 275 N OF DES EPINETTES AVE/FALLINGBROOK","383416.11588","5037421.77681","-75.49453","45.47230","2017","10/13/2017","2:12:00 PM","01 - Clear","01 - Dry","10 - No control","01 - Non intersection","01 - Daylight","03 - P.D. only","03 - Rear end"
"13521","TENTH LINE RD btwn AMIENS ST & 275 N OF DES EPINETTES AVE/FALLINGBROOK","383385.86399","5037488.46159","-75.49491","45.47290","2017","10/24/2017","7:30:00 PM","01 - Clear","01 - Dry","10 - No control","04 - At/near private drive","07 - Dark","03 - P.D. only","03 - Rear end"
"13522","TENTH LINE RD btwn AMIENS ST & 275 N OF DES EPINETTES AVE/FALLINGBROOK","383452.13618","5037335.56218","-75.49408","45.47152","2017","11/2/2017","7:30:00 PM","02 - Rain","02 - Wet","10 - No control","01 - Non intersection","07 - Dark","03 - P.D. only","03 - Rear end"
"13523","TENTH LINE RD btwn AMIENS ST & 275 N OF DES EPINETTES AVE/FALLINGBROOK","383376.47372","5037508.69313","-75.49502","45.47308","2017","12/10/2017","4:30:00 PM","01 - Clear","02 - Wet","10 - No control","01 - Non intersection","05 - Dusk","03 - P.D. only","04 - Sideswipe"
"13524","TENTH LINE RD btwn BLACKBURN BYPS & SOUTHFIELD WAY","384538.50206","5034768.12181","-75.48061","45.44829","2017","4/24/2017","1:42:00 PM","01 - Clear","01 - Dry","10 - No control","01 - Non intersection","01 - Daylight","03 - P.D. only","03 - Rear end"
"13525","TENTH LINE RD btwn BLACKBURN BYPS & SOUTHFIELD WAY","384535.72136","5034763.35700","-75.48065","45.44825","2017","2/9/2017","4:16:00 PM","01 - Clear","01 - Dry","10 - No control","01 - Non intersection","01 - Daylight","03 - P.D. only","01 - Approaching"
"13526","TENTH LINE RD btwn CANOTIA PL & AMIENS ST","383345.03559","5037589.62958","-75.49541","45.47381","2017","5/31/2017","7:49:00 AM","01 - Clear","01 - Dry","10 - No control","01 - Non intersection","01 - Daylight","02 - Non-fatal injury","02 - Angle"
"13527","TENTH LINE RD btwn DES EPINETTES AVE & INNES RD","383756.68843","5036622.99172","-75.49030","45.46507","2017","8/18/2017","10:46:00 AM","01 - Clear","02 - Wet","10 - No control","01 - Non intersection","01 - Daylight","02 - Non-fatal injury","03 - Rear end"
"13528","TENTH LINE RD btwn DES EPINETTES AVE & INNES RD","383679.70116","5036808.86389","-75.49126","45.46675","2017","7/11/2017","4:05:00 PM","01 - Clear","01 - Dry","10 - No control","04 - At/near private drive","01 - Daylight","02 - Non-fatal injury","05 - Turning movement"
"13529","TENTH LINE RD btwn DES EPINETTES AVE & INNES RD","383912.14022","5036251.82674","-75.48838","45.46171","2017","9/22/2017","9:19:00 AM","01 - Clear","01 - Dry","10 - No control","01 - Non intersection","01 - Daylight","03 - P.D. only","03 - Rear end"
"13530","TENTH LINE RD btwn DES EPINETTES AVE & INNES RD","383687.46339","5036795.43918","-75.49116","45.46663","2017","11/6/2017","2:58:00 PM","01 - Clear","01 - Dry","10 - No control","01 - Non intersection","01 - Daylight","03 - P.D. only","03 - Rear end"
"13531","TENTH LINE RD btwn DES EPINETTES AVE & INNES RD","383920.88289","5036254.96129","-75.48826","45.46174","2017","4/1/2017","10:00:00 PM","01 - Clear","01 - Dry","10 - No control","04 - At/near private drive","07 - Dark","03 - P.D. only","04 - Sideswipe"
"13532","TENTH LINE RD btwn DES EPINETTES AVE & INNES RD","383892.11533","5036297.78565","-75.48862","45.46213","2017","12/28/2017","11:56:00 AM","01 - Clear","01 - Dry","10 - No control","01 - Non intersection","01 - Daylight","03 - P.D. only","03 - Rear end"
"13533","TENTH LINE RD btwn DES EPINETTES AVE & INNES RD","383720.97510","5036709.92336","-75.49075","45.46586","2017","12/28/2017","9:02:00 AM","01 - Clear","06 - Ice","10 - No control","04 - At/near private drive","01 - Daylight","02 - Non-fatal injury","03 - Rear end"
"13534","TENTH LINE RD btwn DES EPINETTES AVE & INNES RD","383712.45439","5036728.38489","-75.49085","45.46602","2017","12/28/2017","8:50:00 AM","01 - Clear","06 - Ice","10 - No control","01 - Non intersection","01 - Daylight","03 - P.D. only","07 - SMV other"
"13535","TENTH LINE RD btwn DES EPINETTES AVE & INNES RD","383873.65379","5036344.17618","-75.48885","45.46255","2017","12/24/2017","4:10:00 PM","01 - Clear","04 - Slush","10 - No control","01 - Non intersection","05 - Dusk","02 - Non-fatal injury","03 - Rear end"
"13536","TENTH LINE RD btwn INNES RD & VANGUARD DR","384009.51300","5036023.06265","-75.48717","45.45965","2017","5/29/2017","3:41:00 PM","01 - Clear","01 - Dry","10 - No control","01 - Non intersection","01 - Daylight","03 - P.D. only","05 - Turning movement"
"13537","TENTH LINE RD btwn INNES RD & VANGUARD DR","384040.99062","5035948.14190","-75.48678","45.45897","2017","10/28/2017","9:18:00 PM","02 - Rain","02 - Wet","10 - No control","01 - Non intersection","07 - Dark","03 - P.D. only","07 - SMV other"
"13538","TENTH LINE RD btwn LAKEPOINTE DR & BLACKBURN BYPS","384426.66722","5035026.32991","-75.48200","45.45063","2017","9/3/2017","2:46:00 PM","02 - Rain","02 - Wet","10 - No control","01 - Non intersection","01 - Daylight","03 - P.D. only","07 - SMV other"
"13539","TENTH LINE RD btwn OLD TENTH LINE RD & TOMPKINS AVE","383110.10471","5038197.10827","-75.49832","45.47931","2017","6/25/2017","1:40:00 PM","02 - Rain","02 - Wet","10 - No control","01 - Non intersection","01 - Daylight","03 - P.D. only","03 - Rear end"
"13540","TENTH LINE RD btwn OLD TENTH LINE RD & TOMPKINS AVE","383180.68745","5037988.88939","-75.49745","45.47743","2017","1/6/2017","8:53:00 AM","01 - Clear","06 - Ice","10 - No control","01 - Non intersection","01 - Daylight","02 - Non-fatal injury","03 - Rear end"
"13541","TENTH LINE RD btwn OLD TENTH LINE RD & TOMPKINS AVE","383168.08291","5038027.06223","-75.49761","45.47777","2017","1/21/2017","1:31:00 PM","01 - Clear","02 - Wet","10 - No control","01 - Non intersection","01 - Daylight","03 - P.D. only","03 - Rear end"
"13542","TENTH LINE RD btwn OLD TENTH LINE RD & TOMPKINS AVE","383140.34008","5038116.17945","-75.49795","45.47858","2017","1/10/2017","6:40:00 PM","03 - Snow","03 - Loose snow","10 - No control","01 - Non intersection","07 - Dark","03 - P.D. only","03 - Rear end"
"13543","TENTH LINE RD btwn OLD TENTH LINE RD & TOMPKINS AVE","383156.68976","5038073.70030","-75.49774","45.47819","2017","12/16/2017","1:17:00 PM","01 - Clear","02 - Wet","10 - No control","01 - Non intersection","01 - Daylight","02 - Non-fatal injury","03 - Rear end"
"13544","TENTH LINE RD btwn OR174 IC101 RAMP36 & OR174 IC101 RAMP61","382653.38660","5039165.36228","-75.50401","45.48807","2017","12/29/2017","7:44:00 AM","01 - Clear","06 - Ice","10 - No control","07 - Overpass or bridge","03 - Dawn","02 - Non-fatal injury","03 - Rear end"
"13545","TENTH LINE RD btwn ST. JOSEPH BLVD & OLD TENTH LINE RD","382912.45793","5038623.14453","-75.50078","45.48316","2017","7/11/2017","6:25:00 PM","01 - Clear","01 - Dry","10 - No control","01 - Non intersection","01 - Daylight","03 - P.D. only","03 - Rear end"
"13546","TENTH LINE RD btwn ST. JOSEPH BLVD & OLD TENTH LINE RD","383018.00009","5038405.88322","-75.49947","45.48120","2017","2/22/2017","8:48:00 AM","04 - Freezing Rain","06 - Ice","10 - No control","01 - Non intersection","01 - Daylight","03 - P.D. only","03 - Rear end"
"13547","TENTH LINE RD btwn ST. JOSEPH BLVD & OLD TENTH LINE RD","382934.22130","5038579.08693","-75.50051","45.48276","2017","2/24/2017","8:45:00 PM","02 - Rain","02 - Wet","10 - No control","01 - Non intersection","07 - Dark","03 - P.D. only","03 - Rear end"
"13548","TENTH LINE RD btwn TOMPKINS AVE & CANOTIA PL","383230.72616","5037840.58957","-75.49683","45.47609","2017","5/1/2017","7:20:00 PM","02 - Rain","02 - Wet","10 - No control","01 - Non intersection","01 - Daylight","03 - P.D. only","04 - Sideswipe"
"13549","TENTH LINE RD btwn TOMPKINS AVE & CANOTIA PL","383190.28442","5037958.48391","-75.49733","45.47715","2017","3/15/2017","7:00:00 AM","03 - Snow","03 - Loose snow","10 - No control","01 - Non intersection","03 - Dawn","03 - P.D. only","04 - Sideswipe"
"13550","TENTH LINE RD btwn TOMPKINS AVE & CANOTIA PL","383255.18131","5037791.86161","-75.49653","45.47564","2017","12/28/2017","12:23:00 PM","01 - Clear","06 - Ice","10 - No control","04 - At/near private drive","01 - Daylight","03 - P.D. only","03 - Rear end"
"13551","TENTH LINE RD btwn WALL RD & NAVAN RD","385638.19559","5032109.81699","-75.46699","45.42425","2017","10/28/2017","6:00:00 AM","01 - Clear","01 - Dry","10 - No control","01 - Non intersection","07 - Dark","03 - P.D. only","07 - SMV other"
"13552","TERMINAL AVE @ TRAINYARDS DR","371846.33734","5030815.92490","-75.64339","45.41407","2017","5/31/2017","11:58:00 PM","01 - Clear","01 - Dry","01 - Traffic signal","03 - At intersection","07 - Dark","03 - P.D. only","04 - Sideswipe"
"13553","TERMINAL AVE @ TRAINYARDS DR","371845.80737","5030815.68821","-75.64339","45.41406","2017","12/27/2017","10:53:00 AM","01 - Clear","01 - Dry","01 - Traffic signal","03 - At intersection","01 - Daylight","03 - P.D. only","02 - Angle"
"13554","TERMINAL AVE @ TRAINYARDS DR","371844.78926","5030815.57499","-75.64341","45.41406","2017","12/23/2017","2:45:00 PM","03 - Snow","03 - Loose snow","01 - Traffic signal","02 - Intersection related","01 - Daylight","03 - P.D. only","04 - Sideswipe"
"13555","TERMINAL AVE btwn SANDFORD FLEMING AVE & STEAMLINE ST","371007.31735","5030850.54632","-75.65410","45.41446","2017","12/18/2017","11:55:00 AM","03 - Snow","03 - Loose snow","10 - No control","01 - Non intersection","01 - Daylight","03 - P.D. only","01 - Approaching"
"13556","TERON RD @ BEAVERBROOK RD/PENFIELD DR N","351884.53154","5021214.00664","-75.89933","45.32930","2017","3/28/2017","8:36:00 AM","02 - Rain","02 - Wet","01 - Traffic signal","03 - At intersection","01 - Daylight","02 - Non-fatal injury","07 - SMV other"
"13557","TERON RD btwn BEAVERBROOK LANE & BEAVERBROOK RD","351777.20135","5021325.06928","-75.90068","45.33030","2017","2/14/2017","8:05:00 PM","03 - Snow","05 - Packed snow","10 - No control","04 - At/near private drive","07 - Dark","03 - P.D. only","02 - Angle"
"13558","TERREBONNE DR btwn MARYGROVE CIRC & MAITLAND AVE","363980.06855","5024937.40809","-75.74458","45.36188","2017","5/2/2017","11:12:00 AM","01 - Clear","01 - Dry","10 - No control","01 - Non intersection","01 - Daylight","03 - P.D. only","06 - SMV unattended vehicle"
"13559","TERREBONNE DR btwn MARYGROVE CIRC & MAITLAND AVE","364011.51350","5025059.84346","-75.74417","45.36298","2017","9/15/2017","12:00:00 AM","01 - Clear","01 - Dry","10 - No control","01 - Non intersection","00 - Unknown","03 - P.D. only","06 - SMV unattended vehicle"
"13560","TERRY FOX DR @ 135 S OF HAZELDEAN RD/SOBEY'S S","352292.21299","5017139.57598","-75.89451","45.29261","2017","10/3/2017","2:36:00 PM","01 - Clear","01 - Dry","01 - Traffic signal","03 - At intersection","01 - Daylight","03 - P.D. only","02 - Angle"
"13561","TERRY FOX DR @ 135 S OF HAZELDEAN RD/SOBEY'S S","352292.22638","5017139.44097","-75.89451","45.29260","2017","1/13/2017","6:00:00 PM","01 - Clear","01 - Dry","01 - Traffic signal","02 - Intersection related","07 - Dark","03 - P.D. only","02 - Angle"
"13562","TERRY FOX DR @ 135 S OF HAZELDEAN RD/SOBEY'S S","352293.21684","5017140.24560","-75.89450","45.29261","2017","4/8/2017","11:23:00 PM","01 - Clear","01 - Dry","01 - Traffic signal","03 - At intersection","07 - Dark","03 - P.D. only","05 - Turning movement"
"13563","TERRY FOX DR @ EDGEWATER ST/WALTER BAKER PL","351777.94265","5017612.78140","-75.90103","45.29690","2017","6/21/2017","6:46:00 PM","01 - Clear","01 - Dry","01 - Traffic signal","02 - Intersection related","01 - Daylight","03 - P.D. only","03 - Rear end"
"13564","TERRY FOX DR @ EDGEWATER ST/WALTER BAKER PL","351778.03970","5017613.23455","-75.90102","45.29690","2017","8/11/2017","12:20:00 PM","01 - Clear","01 - Dry","01 - Traffic signal","03 - At intersection","01 - Daylight","03 - P.D. only","05 - Turning movement"
"13565","TERRY FOX DR @ EDGEWATER ST/WALTER BAKER PL","351781.92523","5017612.68736","-75.90098","45.29690","2017","9/9/2017","11:58:00 AM","01 - Clear","01 - Dry","01 - Traffic signal","03 - At intersection","01 - Daylight","02 - Non-fatal injury","05 - Turning movement"
"13566","TERRY FOX DR @ EDGEWATER ST/WALTER BAKER PL","351777.14649","5017611.45450","-75.90104","45.29689","2017","9/24/2017","1:00:00 PM","01 - Clear","01 - Dry","01 - Traffic signal","03 - At intersection","01 - Daylight","02 - Non-fatal injury","05 - Turning movement"
"13567","TERRY FOX DR @ EDGEWATER ST/WALTER BAKER PL","351778.61154","5017614.11920","-75.90102","45.29691","2017","11/13/2017","11:38:00 AM","01 - Clear","01 - Dry","01 - Traffic signal","02 - Intersection related","01 - Daylight","03 - P.D. only","03 - Rear end"
"13568","TERRY FOX DR @ EDGEWATER ST/WALTER BAKER PL","351777.27375","5017613.45030","-75.90103","45.29690","2017","11/15/2017","3:02:00 PM","01 - Clear","01 - Dry","01 - Traffic signal","02 - Intersection related","01 - Daylight","02 - Non-fatal injury","03 - Rear end"
"13569","TERRY FOX DR @ EDGEWATER ST/WALTER BAKER PL","351777.06947","5017614.30595","-75.90104","45.29691","2017","1/22/2017","1:15:00 PM","01 - Clear","02 - Wet","01 - Traffic signal","02 - Intersection related","01 - Daylight","03 - P.D. only","03 - Rear end"
"13570","TERRY FOX DR @ EDGEWATER ST/WALTER BAKER PL","351778.61154","5017612.11251","-75.90102","45.29689","2017","4/18/2017","4:15:00 PM","01 - Clear","01 - Dry","01 - Traffic signal","02 - Intersection related","01 - Daylight","03 - P.D. only","03 - Rear end"
"13571","TERRY FOX DR @ EDGEWATER ST/WALTER BAKER PL","351776.21777","5017609.99107","-75.90105","45.29687","2017","3/2/2017","9:15:00 AM","03 - Snow","06 - Ice","01 - Traffic signal","02 - Intersection related","01 - Daylight","03 - P.D. only","03 - Rear end"
"13572","TERRY FOX DR @ EDGEWATER ST/WALTER BAKER PL","351780.00638","5017611.04746","-75.90100","45.29688","2017","4/7/2017","9:22:00 PM","01 - Clear","01 - Dry","01 - Traffic signal","03 - At intersection","07 - Dark","03 - P.D. only","05 - Turning movement"
"13573","TERRY FOX DR @ EDGEWATER ST/WALTER BAKER PL","351778.51012","5017613.67578","-75.90102","45.29691","2017","12/29/2017","1:58:00 PM","01 - Clear","01 - Dry","01 - Traffic signal","02 - Intersection related","01 - Daylight","03 - P.D. only","02 - Angle"
"13574","TERRY FOX DR @ FERNBANK RD","354302.63256","5015130.47400","-75.86909","45.27439","2017","6/17/2017","7:59:00 AM","01 - Clear","01 - Dry","01 - Traffic signal","03 - At intersection","01 - Daylight","03 - P.D. only","02 - Angle"
"13575","TERRY FOX DR @ FERNBANK RD","354303.73059","5015130.79319","-75.86907","45.27439","2017","6/30/2017","11:34:00 AM","02 - Rain","02 - Wet","01 - Traffic signal","02 - Intersection related","01 - Daylight","03 - P.D. only","04 - Sideswipe"
"13576","TERRY FOX DR @ FERNBANK RD","354303.83160","5015130.58564","-75.86907","45.27439","2017","9/8/2017","12:53:00 PM","01 - Clear","01 - Dry","01 - Traffic signal","02 - Intersection related","01 - Daylight","03 - P.D. only","03 - Rear end"
"13577","TERRY FOX DR @ FERNBANK RD","354303.97035","5015131.81179","-75.86907","45.27440","2017","11/18/2017","10:15:00 AM","01 - Clear","01 - Dry","01 - Traffic signal","02 - Intersection related","01 - Daylight","03 - P.D. only","99 - Other"
"13578","TERRY FOX DR @ FERNBANK RD","354307.33960","5015130.47400","-75.86903","45.27439","2017","1/13/2017","6:16:00 PM","01 - Clear","01 - Dry","01 - Traffic signal","03 - At intersection","07 - Dark","03 - P.D. only","05 - Turning movement"
"13579","TERRY FOX DR @ HALKIRK AVE/WINCHESTER DR","352512.22735","5016869.33820","-75.89174","45.29016","2017","6/18/2017","12:35:00 PM","01 - Clear","02 - Wet","01 - Traffic signal","03 - At intersection","01 - Daylight","02 - Non-fatal injury","03 - Rear end"
"13580","TERRY FOX DR @ HALKIRK AVE/WINCHESTER DR","352511.94117","5016869.90003","-75.89174","45.29016","2017","10/1/2017","10:19:00 AM","01 - Clear","01 - Dry","01 - Traffic signal","03 - At intersection","01 - Daylight","02 - Non-fatal injury","05 - Turning movement"
"13581","TERRY FOX DR @ HALKIRK AVE/WINCHESTER DR","352512.11104","5016869.65068","-75.89174","45.29016","2017","12/1/2017","5:18:00 PM","03 - Snow","03 - Loose snow","01 - Traffic signal","02 - Intersection related","07 - Dark","03 - P.D. only","04 - Sideswipe"
"13582","TERRY FOX DR @ HALKIRK AVE/WINCHESTER DR","352511.75462","5016870.36352","-75.89174","45.29017","2017","12/13/2017","11:28:00 AM","03 - Snow","03 - Loose snow","01 - Traffic signal","02 - Intersection related","01 - Daylight","03 - P.D. only","04 - Sideswipe"
"13583","TERRY FOX DR @ HALKIRK AVE/WINCHESTER DR","352512.22735","5016870.67600","-75.89174","45.29017","2017","11/30/2017","8:22:00 AM","01 - Clear","01 - Dry","01 - Traffic signal","02 - Intersection related","01 - Daylight","03 - P.D. only","03 - Rear end"
"13584","TERRY FOX DR @ PALLADIUM DR/KATIMAVIK RD","351271.39024","5018181.77520","-75.90743","45.30205","2017","6/10/2017","12:28:00 PM","01 - Clear","01 - Dry","01 - Traffic signal","02 - Intersection related","01 - Daylight","03 - P.D. only","03 - Rear end"
"13585","TERRY FOX DR @ PALLADIUM DR/KATIMAVIK RD","351271.24651","5018183.81321","-75.90743","45.30207","2017","7/5/2017","11:50:00 AM","01 - Clear","01 - Dry","01 - Traffic signal","02 - Intersection related","01 - Daylight","03 - P.D. only","03 - Rear end"
"13586","TERRY FOX DR @ PALLADIUM DR/KATIMAVIK RD","351269.93998","5018181.55322","-75.90745","45.30205","2017","8/31/2017","1:55:00 PM","01 - Clear","01 - Dry","01 - Traffic signal","02 - Intersection related","01 - Daylight","03 - P.D. only","03 - Rear end"