"Record","Location","X","Y","Longitude","Latitude","Year","Date","Time","Environment","Road_Surface","Traffic_Control","Collision_Location","Light","Collision_Classification","Impact_type"
"13587","TERRY FOX DR @ PALLADIUM DR/KATIMAVIK RD","351270.38393","5018181.99718","-75.90744","45.30205","2017","9/1/2017","12:00:00 PM","01 - Clear","01 - Dry","01 - Traffic signal","02 - Intersection related","01 - Daylight","03 - P.D. only","03 - Rear end"
"13588","TERRY FOX DR @ PALLADIUM DR/KATIMAVIK RD","351270.38393","5018181.10927","-75.90744","45.30205","2017","9/1/2017","3:24:00 PM","01 - Clear","01 - Dry","01 - Traffic signal","02 - Intersection related","01 - Daylight","03 - P.D. only","03 - Rear end"
"13589","TERRY FOX DR @ PALLADIUM DR/KATIMAVIK RD","351269.24010","5018182.01415","-75.90746","45.30205","2017","10/21/2017","1:13:00 PM","01 - Clear","01 - Dry","01 - Traffic signal","02 - Intersection related","01 - Daylight","02 - Non-fatal injury","03 - Rear end"
"13590","TERRY FOX DR @ PALLADIUM DR/KATIMAVIK RD","351269.24010","5018181.53625","-75.90746","45.30205","2017","11/1/2017","10:25:00 AM","02 - Rain","02 - Wet","01 - Traffic signal","03 - At intersection","01 - Daylight","03 - P.D. only","04 - Sideswipe"
"13591","TERRY FOX DR @ PALLADIUM DR/KATIMAVIK RD","351269.71800","5018182.49205","-75.90745","45.30206","2017","12/2/2017","2:44:00 PM","01 - Clear","01 - Dry","01 - Traffic signal","02 - Intersection related","01 - Daylight","03 - P.D. only","03 - Rear end"
"13592","TERRY FOX DR @ PALLADIUM DR/KATIMAVIK RD","351270.05245","5018181.77520","-75.90745","45.30205","2017","11/17/2017","8:02:00 PM","01 - Clear","01 - Dry","01 - Traffic signal","02 - Intersection related","07 - Dark","03 - P.D. only","04 - Sideswipe"
"13593","TERRY FOX DR @ PALLADIUM DR/KATIMAVIK RD","351269.24463","5018181.06514","-75.90746","45.30205","2017","1/7/2017","5:08:00 PM","01 - Clear","01 - Dry","01 - Traffic signal","02 - Intersection related","05 - Dusk","03 - P.D. only","03 - Rear end"
"13594","TERRY FOX DR @ PALLADIUM DR/KATIMAVIK RD","351269.38355","5018180.43741","-75.90746","45.30204","2017","3/2/2017","7:04:00 PM","01 - Clear","01 - Dry","01 - Traffic signal","02 - Intersection related","07 - Dark","03 - P.D. only","03 - Rear end"
"13595","TERRY FOX DR @ PALLADIUM DR/KATIMAVIK RD","351270.72134","5018181.10630","-75.90744","45.30205","2017","4/19/2017","10:55:00 AM","02 - Rain","02 - Wet","01 - Traffic signal","02 - Intersection related","01 - Daylight","03 - P.D. only","04 - Sideswipe"
"13596","TERRY FOX DR @ TRANS CANADA TRAIL","353252.84334","5015999.81000","-75.88238","45.28228","2017","7/9/2017","2:30:00 PM","02 - Rain","02 - Wet","01 - Traffic signal","02 - Intersection related","01 - Daylight","03 - P.D. only","03 - Rear end"
"13597","TERRY FOX DR @ TRANS CANADA TRAIL","353254.28252","5015999.43905","-75.88236","45.28228","2017","7/20/2017","5:46:00 PM","01 - Clear","01 - Dry","01 - Traffic signal","02 - Intersection related","01 - Daylight","03 - P.D. only","03 - Rear end"
"13598","TERRY FOX DR @ WESTPHALIAN AVE","353455.22610","5015759.78900","-75.87982","45.28011","2017","6/4/2017","3:30:00 PM","02 - Rain","02 - Wet","01 - Traffic signal","02 - Intersection related","01 - Daylight","03 - P.D. only","03 - Rear end"
"13599","TERRY FOX DR @ WESTPHALIAN AVE","353455.22610","5015759.78900","-75.87982","45.28011","2017","5/6/2017","5:22:00 PM","02 - Rain","02 - Wet","01 - Traffic signal","02 - Intersection related","01 - Daylight","02 - Non-fatal injury","03 - Rear end"
"13600","TERRY FOX DR @ WESTPHALIAN AVE","353455.22610","5015759.78900","-75.87982","45.28011","2017","7/2/2017","3:39:00 PM","02 - Rain","02 - Wet","01 - Traffic signal","02 - Intersection related","01 - Daylight","03 - P.D. only","03 - Rear end"
"13601","TERRY FOX DR @ WESTPHALIAN AVE","353455.22610","5015759.78900","-75.87982","45.28011","2017","9/10/2017","4:30:00 PM","01 - Clear","01 - Dry","01 - Traffic signal","02 - Intersection related","01 - Daylight","03 - P.D. only","03 - Rear end"
"13602","TERRY FOX DR @ WESTPHALIAN AVE","353455.22610","5015759.78900","-75.87982","45.28011","2017","10/27/2017","6:20:00 PM","01 - Clear","01 - Dry","01 - Traffic signal","02 - Intersection related","05 - Dusk","03 - P.D. only","03 - Rear end"
"13603","TERRY FOX DR @ WESTPHALIAN AVE","353455.22610","5015759.78900","-75.87982","45.28011","2017","2/9/2017","1:18:00 PM","01 - Clear","01 - Dry","01 - Traffic signal","02 - Intersection related","01 - Daylight","02 - Non-fatal injury","03 - Rear end"
"13604","TERRY FOX DR @ WESTPHALIAN AVE","353455.22610","5015759.78900","-75.87982","45.28011","2017","3/14/2017","8:45:00 PM","03 - Snow","05 - Packed snow","01 - Traffic signal","02 - Intersection related","07 - Dark","03 - P.D. only","07 - SMV other"
"13605","TERRY FOX DR @ WESTPHALIAN AVE","353455.22610","5015759.78900","-75.87982","45.28011","2017","4/14/2017","1:18:00 PM","01 - Clear","01 - Dry","01 - Traffic signal","03 - At intersection","01 - Daylight","02 - Non-fatal injury","05 - Turning movement"
"13606","TERRY FOX DR @ WESTPHALIAN AVE","353455.22610","5015759.78900","-75.87982","45.28011","2017","12/31/2017","5:15:00 PM","01 - Clear","02 - Wet","01 - Traffic signal","02 - Intersection related","07 - Dark","03 - P.D. only","03 - Rear end"
"13607","TERRY FOX DR btwn 135 S OF HAZELDEAN RD/SOBEY'S SC & HALKIRK AVE","352445.33772","5016950.94355","-75.89258","45.29090","2017","3/21/2017","6:35:00 PM","01 - Clear","01 - Dry","10 - No control","01 - Non intersection","05 - Dusk","02 - Non-fatal injury","03 - Rear end"
"13608","TERRY FOX DR btwn CAMPEAU DR & DIDSBURY RD","350556.30109","5018966.05625","-75.91648","45.30916","2017","2/18/2017","5:08:00 PM","01 - Clear","01 - Dry","10 - No control","04 - At/near private drive","05 - Dusk","03 - P.D. only","02 - Angle"
"13609","TERRY FOX DR btwn CASTLEFRANK RD & TRANS CANADA TRAIL","353039.82840","5016253.97178","-75.88507","45.28459","2017","4/28/2017","5:22:00 PM","01 - Clear","01 - Dry","10 - No control","01 - Non intersection","01 - Daylight","03 - P.D. only","03 - Rear end"
"13610","TERRY FOX DR btwn CASTLEFRANK RD & TRANS CANADA TRAIL","353058.55749","5016225.87813","-75.88483","45.28433","2017","6/23/2017","4:19:00 PM","01 - Clear","01 - Dry","10 - No control","01 - Non intersection","01 - Daylight","03 - P.D. only","03 - Rear end"
"13611","TERRY FOX DR btwn CASTLEFRANK RD & TRANS CANADA TRAIL","353123.45884","5016153.99884","-75.88401","45.28368","2017","8/20/2017","3:23:00 PM","01 - Clear","01 - Dry","10 - No control","01 - Non intersection","01 - Daylight","03 - P.D. only","04 - Sideswipe"
"13612","TERRY FOX DR btwn CASTLEFRANK RD & TRANS CANADA TRAIL","353115.05070","5016162.35181","-75.88412","45.28376","2017","10/28/2017","12:00:00 AM","01 - Clear","01 - Dry","10 - No control","01 - Non intersection","00 - Unknown","03 - P.D. only","06 - SMV unattended vehicle"
"13613","TERRY FOX DR btwn CASTLEFRANK RD & TRANS CANADA TRAIL","353068.74797","5016209.36042","-75.88471","45.28418","2017","2/18/2017","2:40:00 PM","01 - Clear","01 - Dry","10 - No control","01 - Non intersection","01 - Daylight","03 - P.D. only","03 - Rear end"
"13614","TERRY FOX DR btwn Continuation of TERRY FOX DR & CAMPEAU DR","350130.48000","5019033.82691","-75.92190","45.30979","2017","8/19/2017","1:49:00 PM","01 - Clear","01 - Dry","10 - No control","01 - Non intersection","01 - Daylight","02 - Non-fatal injury","04 - Sideswipe"
"13615","TERRY FOX DR btwn Continuation of TERRY FOX DR & CAMPEAU DR","350084.99004","5019030.64956","-75.92248","45.30977","2017","10/30/2017","1:40:00 PM","02 - Rain","02 - Wet","10 - No control","04 - At/near private drive","01 - Daylight","03 - P.D. only","04 - Sideswipe"
"13616","TERRY FOX DR btwn Continuation of TERRY FOX DR & CAMPEAU DR","350118.14307","5019032.40974","-75.92206","45.30978","2017","12/12/2017","6:00:00 PM","03 - Snow","03 - Loose snow","10 - No control","04 - At/near private drive","07 - Dark","03 - P.D. only","02 - Angle"
"13617","TERRY FOX DR btwn COPE DR & FERNBANK RD","354274.93440","5015163.52534","-75.86944","45.27469","2017","11/17/2017","8:50:00 AM","01 - Clear","01 - Dry","10 - No control","01 - Non intersection","01 - Daylight","03 - P.D. only","07 - SMV other"
"13618","TERRY FOX DR btwn COPE DR & TRANS CANADA TRAIL","353323.11908","5015910.29067","-75.88149","45.28147","2017","8/16/2017","6:12:00 PM","01 - Clear","01 - Dry","10 - No control","01 - Non intersection","01 - Daylight","03 - P.D. only","03 - Rear end"
"13619","TERRY FOX DR btwn COPE DR & TRANS CANADA TRAIL","353388.95391","5015837.65882","-75.88066","45.28082","2017","9/28/2017","4:31:00 PM","01 - Clear","01 - Dry","10 - No control","01 - Non intersection","01 - Daylight","02 - Non-fatal injury","03 - Rear end"
"13620","TERRY FOX DR btwn COPE DR & TRANS CANADA TRAIL","353333.51752","5015895.25594","-75.88136","45.28134","2017","9/12/2017","5:23:00 PM","01 - Clear","01 - Dry","10 - No control","01 - Non intersection","01 - Daylight","03 - P.D. only","03 - Rear end"
"13621","TERRY FOX DR btwn COPE DR & TRANS CANADA TRAIL","353647.18689","5015544.19655","-75.87740","45.27816","2017","10/23/2017","5:15:00 PM","01 - Clear","01 - Dry","10 - No control","01 - Non intersection","01 - Daylight","03 - P.D. only","03 - Rear end"
"13622","TERRY FOX DR btwn COPE DR & TRANS CANADA TRAIL","353476.23535","5015741.84125","-75.87956","45.27995","2017","11/18/2017","1:30:00 PM","01 - Clear","01 - Dry","10 - No control","01 - Non intersection","01 - Daylight","03 - P.D. only","03 - Rear end"
"13623","TERRY FOX DR btwn COPE DR & TRANS CANADA TRAIL","353430.14249","5015787.21375","-75.88014","45.28036","2017","12/3/2017","11:52:00 AM","01 - Clear","01 - Dry","10 - No control","01 - Non intersection","01 - Daylight","03 - P.D. only","03 - Rear end"
"13624","TERRY FOX DR btwn COPE DR & TRANS CANADA TRAIL","353528.81436","5015662.97274","-75.87890","45.27923","2017","3/1/2017","9:12:00 AM","02 - Rain","02 - Wet","10 - No control","01 - Non intersection","01 - Daylight","03 - P.D. only","03 - Rear end"
"13625","TERRY FOX DR btwn DIDSBURY RD & HWY417 IC140 RAMP36","350661.59258","5018882.36718","-75.91514","45.30840","2017","11/11/2017","9:04:00 AM","01 - Clear","01 - Dry","10 - No control","01 - Non intersection","01 - Daylight","03 - P.D. only","04 - Sideswipe"
"13626","TERRY FOX DR btwn DIDSBURY RD & HWY417 IC140 RAMP36","350659.03094","5018885.11758","-75.91517","45.30842","2017","11/17/2017","6:08:00 PM","01 - Clear","01 - Dry","10 - No control","01 - Non intersection","07 - Dark","03 - P.D. only","03 - Rear end"
"13627","TERRY FOX DR btwn HAZELDEAN RD & 135 S OF HAZELDEAN RD/SOBEY'S SC","352217.18109","5017230.55662","-75.89546","45.29343","2017","6/8/2017","10:39:00 AM","01 - Clear","01 - Dry","10 - No control","01 - Non intersection","01 - Daylight","03 - P.D. only","04 - Sideswipe"
"13628","TERRY FOX DR btwn HUNTSVILLE DR & OLD SECOND LINE RD","348377.20600","5022065.26400","-75.94399","45.33718","2017","5/18/2017","3:07:00 PM","01 - Clear","01 - Dry","10 - No control","01 - Non intersection","01 - Daylight","02 - Non-fatal injury","03 - Rear end"
"13629","TERRY FOX DR btwn HUNTSVILLE DR & OLD SECOND LINE RD","347868.37391","5020968.18757","-75.95058","45.32734","2017","5/1/2017","2:48:00 PM","02 - Rain","00 - Unknown","10 - No control","01 - Non intersection","01 - Daylight","03 - P.D. only","99 - Other"
"13630","TERRY FOX DR btwn HUNTSVILLE DR & OLD SECOND LINE RD","348415.16500","5022092.67400","-75.94351","45.33743","2017","7/29/2017","9:42:00 AM","01 - Clear","01 - Dry","10 - No control","01 - Non intersection","01 - Daylight","03 - P.D. only","07 - SMV other"
"13631","TERRY FOX DR btwn HUNTSVILLE DR & OLD SECOND LINE RD","348077.00200","5020190.37700","-75.94799","45.32033","2017","10/17/2017","5:45:00 AM","01 - Clear","01 - Dry","10 - No control","01 - Non intersection","07 - Dark","03 - P.D. only","07 - SMV other"
"13632","TERRY FOX DR btwn HUNTSVILLE DR & OLD SECOND LINE RD","347941.19200","5020431.12800","-75.94970","45.32250","2017","12/4/2017","6:15:00 PM","01 - Clear","01 - Dry","10 - No control","01 - Non intersection","07 - Dark","03 - P.D. only","07 - SMV other"
"13633","TERRY FOX DR btwn HUNTSVILLE DR & OLD SECOND LINE RD","347868.37391","5020968.18757","-75.95058","45.32734","2017","12/8/2017","5:15:00 PM","01 - Clear","02 - Wet","10 - No control","01 - Non intersection","07 - Dark","03 - P.D. only","07 - SMV other"
"13634","TERRY FOX DR btwn HUNTSVILLE DR & OLD SECOND LINE RD","347882.93700","5020747.44100","-75.95041","45.32535","2017","12/4/2017","7:27:00 PM","01 - Clear","01 - Dry","10 - No control","01 - Non intersection","07 - Dark","03 - P.D. only","03 - Rear end"
"13635","TERRY FOX DR btwn HUNTSVILLE DR & OLD SECOND LINE RD","348328.97300","5022031.16800","-75.94461","45.33688","2017","2/12/2017","11:18:00 AM","03 - Snow","03 - Loose snow","10 - No control","01 - Non intersection","01 - Daylight","03 - P.D. only","05 - Turning movement"
"13636","TERRY FOX DR btwn HUNTSVILLE DR & OLD SECOND LINE RD","347956.93500","5020084.84700","-75.94953","45.31939","2017","3/14/2017","4:54:00 PM","03 - Snow","03 - Loose snow","10 - No control","01 - Non intersection","01 - Daylight","02 - Non-fatal injury","07 - SMV other"
"13637","TERRY FOX DR btwn HWY417 IC140 RAMP16 & HWY417 IC140 RAMP35","350937.88119","5018561.56708","-75.91165","45.30549","2017","6/23/2017","7:17:00 PM","01 - Clear","01 - Dry","10 - No control","01 - Non intersection","01 - Daylight","02 - Non-fatal injury","03 - Rear end"
"13638","TERRY FOX DR btwn HWY417 IC140 RAMP16 & HWY417 IC140 RAMP35","350912.21976","5018592.96122","-75.91197","45.30578","2017","2/23/2017","1:05:00 PM","01 - Clear","01 - Dry","10 - No control","01 - Non intersection","01 - Daylight","03 - P.D. only","03 - Rear end"
"13639","TERRY FOX DR btwn HWY417 IC140 RAMP61 & HWY417 IC140 RAMP16","350844.69223","5018669.26030","-75.91283","45.30647","2017","5/29/2017","5:28:00 PM","01 - Clear","01 - Dry","10 - No control","01 - Non intersection","01 - Daylight","03 - P.D. only","03 - Rear end"
"13640","TERRY FOX DR btwn KANATA AVE & Continuation of TERRY FOX DR","349654.97316","5019034.27504","-75.92796","45.30983","2017","1/3/2017","7:40:00 PM","03 - Snow","06 - Ice","10 - No control","01 - Non intersection","07 - Dark","03 - P.D. only","07 - SMV other"
"13641","TERRY FOX DR btwn LEGGET DR & HELMSDALE DR","350335.24877","5023527.94228","-75.91888","45.35022","2017","8/22/2017","11:03:00 AM","02 - Rain","02 - Wet","10 - No control","04 - At/near private drive","01 - Daylight","03 - P.D. only","02 - Angle"
"13642","TERRY FOX DR btwn MAPLE GROVE RD & WALTER BAKER PL","351750.59857","5017640.38423","-75.90137","45.29715","2017","5/7/2017","11:16:00 PM","01 - Clear","01 - Dry","10 - No control","01 - Non intersection","07 - Dark","02 - Non-fatal injury","07 - SMV other"
"13643","TERRY FOX DR btwn MARCH VALLEY RD & HERZBERG RD","351330.44139","5023460.29960","-75.90618","45.34955","2017","2/16/2017","6:17:00 PM","01 - Clear","01 - Dry","10 - No control","04 - At/near private drive","07 - Dark","03 - P.D. only","02 - Angle"
"13644","TERRY FOX DR btwn MARCH VALLEY RD & HERZBERG RD","351303.43884","5023468.56655","-75.90653","45.34962","2017","1/24/2017","11:05:00 AM","04 - Freezing Rain","06 - Ice","10 - No control","01 - Non intersection","01 - Daylight","03 - P.D. only","07 - SMV other"
"13645","TERRY FOX DR btwn MARCH VALLEY RD & HERZBERG RD","351148.68842","5023563.75093","-75.90849","45.35049","2017","2/15/2017","6:35:00 PM","03 - Snow","02 - Wet","10 - No control","04 - At/near private drive","07 - Dark","03 - P.D. only","02 - Angle"
"13646","TERRY FOX DR btwn PALLADIUM DR & MAPLE GROVE RD","351372.27071","5018072.11927","-75.90616","45.30106","2017","8/25/2017","11:30:00 AM","01 - Clear","01 - Dry","10 - No control","01 - Non intersection","01 - Daylight","03 - P.D. only","03 - Rear end"
"13647","TERRY FOX DR btwn PALLADIUM DR & MAPLE GROVE RD","351486.85148","5017939.09137","-75.90471","45.29985","2017","10/20/2017","7:11:00 PM","01 - Clear","01 - Dry","10 - No control","01 - Non intersection","07 - Dark","03 - P.D. only","03 - Rear end"
"13648","TERRY FOX DR btwn TERRY FOX DR & EAGLESON RD","354351.99831","5015077.93254","-75.86846","45.27391","2017","6/16/2017","3:44:00 AM","02 - Rain","02 - Wet","10 - No control","04 - At/near private drive","07 - Dark","03 - P.D. only","07 - SMV other"
"13649","TERRY FOX DR btwn TILLSONBURG ST & KANATA AVE","349217.32444","5019259.84393","-75.93353","45.31189","2017","1/25/2017","6:56:00 PM","01 - Clear","02 - Wet","10 - No control","01 - Non intersection","07 - Dark","02 - Non-fatal injury","03 - Rear end"
"13650","TERRY FOX DR btwn WALTER BAKER PL & 240 S OF EDGEWATER ST","351876.27041","5017534.52053","-75.89978","45.29619","2017","7/1/2017","11:57:00 AM","01 - Clear","01 - Dry","10 - No control","01 - Non intersection","01 - Daylight","03 - P.D. only","03 - Rear end"
"13651","TERRY FOX DR btwn WALTER BAKER PL & 240 S OF EDGEWATER ST","351806.75993","5017587.40490","-75.90066","45.29667","2017","9/2/2017","7:28:00 AM","01 - Clear","01 - Dry","10 - No control","01 - Non intersection","01 - Daylight","02 - Non-fatal injury","07 - SMV other"
"13652","TERRY FOX DR btwn WALTER BAKER PL & 240 S OF EDGEWATER ST","351938.50205","5017494.56762","-75.89899","45.29582","2017","9/12/2017","3:32:00 PM","01 - Clear","01 - Dry","10 - No control","01 - Non intersection","01 - Daylight","03 - P.D. only","03 - Rear end"
"13653","TERRY FOX DR btwn WALTER BAKER PL & 240 S OF EDGEWATER ST","351877.48986","5017533.68699","-75.89976","45.29618","2017","12/28/2017","4:46:00 PM","01 - Clear","01 - Dry","10 - No control","04 - At/near private drive","05 - Dusk","03 - P.D. only","05 - Turning movement"
"13654","TERRY FOX DR N @ FLAMBOROUGH WAY/INNOVATION DR","349381.08395","5022955.11702","-75.93110","45.34513","2017","6/17/2017","1:17:00 PM","01 - Clear","01 - Dry","01 - Traffic signal","03 - At intersection","01 - Daylight","03 - P.D. only","02 - Angle"
"13655","TERRY FOX DR N @ FLAMBOROUGH WAY/INNOVATION DR","349384.88923","5022957.54302","-75.93106","45.34515","2017","8/23/2017","4:59:00 PM","01 - Clear","01 - Dry","01 - Traffic signal","02 - Intersection related","01 - Daylight","02 - Non-fatal injury","03 - Rear end"
"13656","TERRY FOX DR N @ FLAMBOROUGH WAY/INNOVATION DR","349386.00296","5022956.72766","-75.93104","45.34514","2017","12/12/2017","7:04:00 PM","03 - Snow","04 - Slush","01 - Traffic signal","02 - Intersection related","07 - Dark","03 - P.D. only","03 - Rear end"
"13657","TERRY FOX DR N @ FLAMBOROUGH WAY/INNOVATION DR","349387.27080","5022956.99019","-75.93102","45.34514","2017","4/4/2017","9:11:00 AM","02 - Rain","02 - Wet","01 - Traffic signal","03 - At intersection","01 - Daylight","02 - Non-fatal injury","05 - Turning movement"
"13658","TERRY FOX DR S @ DIDSBURY RD/CENTRUM KANATA SC","350623.80589","5018915.02084","-75.91562","45.30869","2017","5/14/2017","7:08:00 PM","01 - Clear","02 - Wet","01 - Traffic signal","02 - Intersection related","01 - Daylight","02 - Non-fatal injury","03 - Rear end"
"13659","TERRY FOX DR S @ DIDSBURY RD/CENTRUM KANATA SC","350622.99766","5018915.83277","-75.91563","45.30870","2017","5/4/2017","8:33:00 PM","02 - Rain","02 - Wet","01 - Traffic signal","03 - At intersection","05 - Dusk","03 - P.D. only","05 - Turning movement"
"13660","TERRY FOX DR S @ DIDSBURY RD/CENTRUM KANATA SC","350623.38878","5018917.21352","-75.91563","45.30871","2017","7/13/2017","9:00:00 AM","01 - Clear","01 - Dry","01 - Traffic signal","03 - At intersection","01 - Daylight","02 - Non-fatal injury","02 - Angle"
"13661","TERRY FOX DR S @ DIDSBURY RD/CENTRUM KANATA SC","350625.06303","5018916.46335","-75.91560","45.30871","2017","9/1/2017","5:52:00 PM","01 - Clear","01 - Dry","01 - Traffic signal","03 - At intersection","01 - Daylight","03 - P.D. only","05 - Turning movement"
"13662","TERRY FOX DR S @ DIDSBURY RD/CENTRUM KANATA SC","350620.11811","5018914.69132","-75.91567","45.30869","2017","3/28/2017","9:38:00 PM","01 - Clear","01 - Dry","01 - Traffic signal","03 - At intersection","07 - Dark","03 - P.D. only","05 - Turning movement"
"13663","TERRY FOX DR S @ DIDSBURY RD/CENTRUM KANATA SC","350621.55840","5018915.72900","-75.91565","45.30870","2017","12/16/2017","2:40:00 PM","01 - Clear","04 - Slush","01 - Traffic signal","02 - Intersection related","01 - Daylight","03 - P.D. only","03 - Rear end"
"13664","THAMES ST btwn ARCHIBALD ST & MERIVALE RD","364783.02766","5027451.69088","-75.73403","45.38444","2017","7/21/2017","6:54:00 PM","01 - Clear","01 - Dry","10 - No control","04 - At/near private drive","01 - Daylight","03 - P.D. only","99 - Other"
"13665","THIRD (3RD) ST @ WEST ST","389950.70977","5042758.34504","-75.41004","45.51954","2017","2/22/2017","7:32:00 AM","01 - Clear","06 - Ice","10 - No control","02 - Intersection related","01 - Daylight","02 - Non-fatal injury","07 - SMV other"
"13666","THIRD AVE btwn BANK ST & O'CONNOR ST","368567.70553","5029689.86155","-75.68542","45.40424","2017","12/30/2017","5:08:00 PM","01 - Clear","05 - Packed snow","10 - No control","04 - At/near private drive","07 - Dark","03 - P.D. only","06 - SMV unattended vehicle"
"13667","THOMAS A. DOLAN PKWY btwn KERSCOTT HEIGHTS WAY & TORWOOD DR","345429.39272","5034162.26562","-75.98061","45.44621","2017","10/12/2017","6:45:00 AM","07 - Fog, mist, smoke, dust","01 - Dry","10 - No control","01 - Non intersection","03 - Dawn","03 - P.D. only","07 - SMV other"
"13668","THOMAS A. DOLAN PKWY btwn STONECREST RD & RIDGETOP RD","339461.58359","5028796.16623","-76.05727","45.39825","2017","4/5/2017","10:26:00 PM","07 - Fog, mist, smoke, dust","01 - Dry","10 - No control","01 - Non intersection","07 - Dark","03 - P.D. only","07 - SMV other"
"13669","THOMAS A. DOLAN PKWY btwn WOODKILTON RD & DUNROBIN RD","341226.33173","5030508.06439","-76.03461","45.41356","2017","11/19/2017","10:58:00 AM","03 - Snow","03 - Loose snow","10 - No control","01 - Non intersection","01 - Daylight","03 - P.D. only","07 - SMV other"
"13670","THOMAS A. DOLAN PKWY btwn WOODKILTON RD & DUNROBIN RD","342261.85716","5031411.54330","-76.02131","45.42164","2017","12/9/2017","3:00:00 AM","03 - Snow","06 - Ice","10 - No control","01 - Non intersection","07 - Dark","03 - P.D. only","07 - SMV other"
"13671","THORNBURY CRES btwn REDDING WAY & REDDING WAY","362023.40540","5023353.66302","-75.76974","45.34779","2017","8/20/2017","3:37:00 PM","01 - Clear","01 - Dry","10 - No control","04 - At/near private drive","01 - Daylight","03 - P.D. only","06 - SMV unattended vehicle"
"13672","THORNBURY CRES btwn REDDING WAY & REDDING WAY","362041.22945","5023363.43041","-75.76951","45.34788","2017","2/1/2017","11:50:00 AM","03 - Snow","03 - Loose snow","10 - No control","04 - At/near private drive","01 - Daylight","03 - P.D. only","06 - SMV unattended vehicle"
"13673","THORNCLIFF PL @ NORTHSIDE RD","358364.37272","5021186.30341","-75.81667","45.32858","2017","3/1/2017","8:11:00 PM","02 - Rain","02 - Wet","02 - Stop sign","03 - At intersection","07 - Dark","03 - P.D. only","02 - Angle"
"13674","THORNDALE DR @ WALKLEY RD","369465.72420","5025431.76179","-75.67450","45.36585","2017","11/8/2017","8:03:00 PM","01 - Clear","01 - Dry","02 - Stop sign","03 - At intersection","07 - Dark","03 - P.D. only","03 - Rear end"
"13675","THORNDALE DR btwn PROVOST DR & STANSTEAD RD","369524.89785","5025281.16413","-75.67377","45.36449","2017","2/16/2017","12:00:00 AM","03 - Snow","03 - Loose snow","10 - No control","01 - Non intersection","00 - Unknown","03 - P.D. only","06 - SMV unattended vehicle"
"13676","THORNTON AVE btwn MONK ST & BANK ST","368430.65999","5029320.06722","-75.68721","45.40093","2017","10/7/2017","6:27:00 PM","01 - Clear","01 - Dry","10 - No control","01 - Non intersection","07 - Dark","03 - P.D. only","06 - SMV unattended vehicle"
"13677","THURSTON DR btwn CONROY RD & THOMAS SPRATT PL","373582.20179","5026990.74673","-75.62174","45.37948","2017","2/23/2017","1:45:00 PM","01 - Clear","01 - Dry","10 - No control","01 - Non intersection","01 - Daylight","03 - P.D. only","06 - SMV unattended vehicle"
"13678","TIGHE ST btwn MANOTICK MAIN ST & DICKINSON ST","368939.73659","5009851.06786","-75.68323","45.22570","2017","9/19/2017","6:13:00 PM","01 - Clear","01 - Dry","10 - No control","01 - Non intersection","01 - Daylight","03 - P.D. only","06 - SMV unattended vehicle"
"13679","TIMBERMILL ST @ TRESA CRT","372532.21327","5023423.22116","-75.63564","45.34748","2017","8/11/2017","12:13:00 AM","01 - Clear","01 - Dry","02 - Stop sign","02 - Intersection related","07 - Dark","02 - Non-fatal injury","07 - SMV other"
"13680","TIMM DR btwn HAANEL DR & MOODIE DR","355137.13317","5020010.34727","-75.85796","45.31824","2017","1/8/2017","3:33:00 PM","01 - Clear","02 - Wet","10 - No control","01 - Non intersection","01 - Daylight","02 - Non-fatal injury","07 - SMV other"
"13681","TIMM DR btwn HAANEL DR & MOODIE DR","355136.63190","5020005.18539","-75.85796","45.31819","2017","2/5/2017","10:30:00 PM","05 - Drifting Snow","03 - Loose snow","10 - No control","01 - Non intersection","07 - Dark","03 - P.D. only","07 - SMV other"
"13682","TITAN PRIV btwn GRANT CARMAN DR & MERIVALE RD","365125.72500","5023349.23300","-75.73016","45.34749","2017","11/24/2017","11:15:00 AM","01 - Clear","01 - Dry","10 - No control","04 - At/near private drive","01 - Daylight","02 - Non-fatal injury","05 - Turning movement"
"13683","TIVERTON DR btwn KILMORY CRES & BELIVEAU ST","365598.34052","5024424.35870","-75.72399","45.35713","2017","2/12/2017","3:56:00 AM","03 - Snow","03 - Loose snow","10 - No control","04 - At/near private drive","07 - Dark","03 - P.D. only","99 - Other"
"13684","TOMPKINS AVE @ CARAVEL CRES W/MCEACHERN CRES W","382581.11118","5037765.26150","-75.50515","45.47548","2017","5/16/2017","6:26:00 PM","01 - Clear","01 - Dry","02 - Stop sign","03 - At intersection","01 - Daylight","03 - P.D. only","02 - Angle"
"13685","TORBEC AVE btwn KEYROCK DR & FLETCHER CIRC","349396.41209","5020077.99142","-75.93117","45.31924","2017","11/7/2017","12:00:00 AM","01 - Clear","01 - Dry","10 - No control","01 - Non intersection","00 - Unknown","03 - P.D. only","06 - SMV unattended vehicle"
"13686","TORBEC AVE btwn KEYROCK DR & FLETCHER CIRC","349407.65282","5020066.15979","-75.93103","45.31913","2017","4/8/2017","1:07:00 PM","01 - Clear","01 - Dry","10 - No control","01 - Non intersection","01 - Daylight","03 - P.D. only","06 - SMV unattended vehicle"
"13687","TORBOLTON RIDGE RD btwn MACLARENS SIDE RD & GALETTA SIDE RD","331895.12570","5038656.63471","-76.15337","45.48731","2017","12/11/2017","8:12:00 PM","05 - Drifting Snow","05 - Packed snow","10 - No control","01 - Non intersection","07 - Dark","03 - P.D. only","07 - SMV other"