"Record","Location","X","Y","Longitude","Latitude","Year","Date","Time","Environment","Road_Surface","Traffic_Control","Collision_Location","Light","Collision_Classification","Impact_type"
"13688","TORCASTLE WAY btwn DALRIADA LANE & DALRIADA LANE","353554.67543","5017171.89822","-75.87842","45.29281","2017","5/1/2017","5:40:00 PM","01 - Clear","01 - Dry","10 - No control","04 - At/near private drive","01 - Daylight","03 - P.D. only","06 - SMV unattended vehicle"
"13689","TORMEY ST btwn COBOURG ST & BRIGADIER PRIV","369125.85970","5032883.33775","-75.67787","45.43292","2017","10/29/2017","8:20:00 PM","02 - Rain","02 - Wet","10 - No control","01 - Non intersection","07 - Dark","02 - Non-fatal injury","07 - SMV other"
"13690","TRACKER PRIV @ SILVER STAR PRIV","369967.54995","5020992.44650","-75.66868","45.32586","2017","10/1/2017","4:27:00 PM","01 - Clear","01 - Dry","02 - Stop sign","03 - At intersection","01 - Daylight","03 - P.D. only","02 - Angle"
"13691","TRAINYARDS DR @ RAILMARKET","371756.19635","5030717.26190","-75.64455","45.41319","2017","3/11/2017","12:27:00 PM","01 - Clear","01 - Dry","01 - Traffic signal","02 - Intersection related","01 - Daylight","03 - P.D. only","04 - Sideswipe"
"13692","TRAINYARDS DR btwn INDUSTRIAL AVE & Continuation of TRAINYARDS DR","371701.40574","5030636.47461","-75.64526","45.41247","2017","1/2/2017","10:35:00 AM","01 - Clear","02 - Wet","10 - No control","04 - At/near private drive","01 - Daylight","03 - P.D. only","04 - Sideswipe"
"13693","TREMBLAY RD @ TRAIN STATION","371168.45189","5031284.45909","-75.65198","45.41835","2017","12/25/2017","7:17:00 AM","03 - Snow","03 - Loose snow","01 - Traffic signal","02 - Intersection related","03 - Dawn","03 - P.D. only","07 - SMV other"
"13694","TREMBLAY RD btwn RIVERSIDE DR & TRAIN STATION","371099.33019","5031270.86608","-75.65287","45.41823","2017","9/5/2017","6:00:00 PM","01 - Clear","01 - Dry","10 - No control","04 - At/near private drive","01 - Daylight","03 - P.D. only","02 - Angle"
"13695","TRENTON AVE @ MERIVALE RD","364887.45623","5026361.59006","-75.73283","45.37462","2017","4/27/2017","7:41:00 AM","01 - Clear","01 - Dry","02 - Stop sign","02 - Intersection related","01 - Daylight","03 - P.D. only","04 - Sideswipe"
"13696","TRENTON AVE @ MERIVALE RD","364886.41895","5026361.52490","-75.73284","45.37462","2017","8/23/2017","8:00:00 AM","01 - Clear","01 - Dry","02 - Stop sign","03 - At intersection","01 - Daylight","03 - P.D. only","05 - Turning movement"
"13697","TRENTON AVE @ MERIVALE RD","364887.70100","5026361.76159","-75.73283","45.37462","2017","9/24/2017","6:37:00 PM","01 - Clear","01 - Dry","02 - Stop sign","02 - Intersection related","01 - Daylight","03 - P.D. only","05 - Turning movement"
"13698","TRENTON AVE btwn PRINCE ST & SILVER ST","365209.76714","5026559.52337","-75.72869","45.37637","2017","9/3/2017","2:00:00 AM","01 - Clear","01 - Dry","10 - No control","01 - Non intersection","07 - Dark","03 - P.D. only","06 - SMV unattended vehicle"
"13699","TRENTON AVE btwn PRINCE ST & SILVER ST","365214.12883","5026560.98086","-75.72863","45.37639","2017","11/20/2017","12:00:00 AM","03 - Snow","03 - Loose snow","10 - No control","01 - Non intersection","00 - Unknown","03 - P.D. only","06 - SMV unattended vehicle"
"13700","TRESTLE ST @ WINDY LANE","369616.75100","5008922.40410","-75.67473","45.21728","2017","7/21/2017","2:35:00 PM","01 - Clear","01 - Dry","","02 - Intersection related","01 - Daylight","03 - P.D. only","06 - SMV unattended vehicle"
"13701","TRIM RD @ 150 S OF INNES RD","386621.77524","5037140.89339","-75.45359","45.46940","2017","3/23/2017","1:41:00 PM","01 - Clear","01 - Dry","01 - Traffic signal","03 - At intersection","01 - Daylight","03 - P.D. only","02 - Angle"
"13702","TRIM RD @ DAIRY DR/TAYLOR CREEK DR","384535.56050","5039597.42901","-75.47986","45.49174","2017","5/26/2017","6:45:00 PM","01 - Clear","01 - Dry","11 - Roundabout","03 - At intersection","01 - Daylight","03 - P.D. only","02 - Angle"
"13703","TRIM RD @ DAIRY DR/TAYLOR CREEK DR","384535.64965","5039595.48429","-75.47986","45.49173","2017","8/2/2017","4:10:00 PM","01 - Clear","01 - Dry","11 - Roundabout","03 - At intersection","01 - Daylight","03 - P.D. only","04 - Sideswipe"
"13704","TRIM RD @ DAIRY DR/TAYLOR CREEK DR","384536.14390","5039595.39100","-75.47986","45.49173","2017","8/22/2017","12:05:00 PM","01 - Clear","01 - Dry","11 - Roundabout","03 - At intersection","01 - Daylight","03 - P.D. only","04 - Sideswipe"
"13705","TRIM RD @ DAIRY DR/TAYLOR CREEK DR","384535.60649","5039595.65333","-75.47986","45.49173","2017","8/15/2017","4:46:00 PM","01 - Clear","01 - Dry","11 - Roundabout","03 - At intersection","01 - Daylight","03 - P.D. only","04 - Sideswipe"
"13706","TRIM RD @ DAIRY DR/TAYLOR CREEK DR","384535.30609","5039594.89115","-75.47987","45.49172","2017","7/17/2017","8:31:00 AM","01 - Clear","01 - Dry","11 - Roundabout","03 - At intersection","01 - Daylight","03 - P.D. only","03 - Rear end"
"13707","TRIM RD @ DAIRY DR/TAYLOR CREEK DR","384536.52906","5039594.12129","-75.47985","45.49171","2017","10/4/2017","11:35:00 AM","01 - Clear","01 - Dry","11 - Roundabout","02 - Intersection related","01 - Daylight","03 - P.D. only","07 - SMV other"
"13708","TRIM RD @ DAIRY DR/TAYLOR CREEK DR","384535.52086","5039595.43662","-75.47986","45.49173","2017","10/14/2017","10:30:00 AM","01 - Clear","02 - Wet","11 - Roundabout","03 - At intersection","01 - Daylight","03 - P.D. only","04 - Sideswipe"
"13709","TRIM RD @ DAIRY DR/TAYLOR CREEK DR","384534.60004","5039596.06744","-75.47988","45.49173","2017","11/22/2017","8:25:00 AM","01 - Clear","01 - Dry","11 - Roundabout","02 - Intersection related","01 - Daylight","03 - P.D. only","07 - SMV other"
"13710","TRIM RD @ DAIRY DR/TAYLOR CREEK DR","384535.53003","5039596.10945","-75.47986","45.49173","2017","11/6/2017","8:56:00 AM","01 - Clear","01 - Dry","11 - Roundabout","03 - At intersection","01 - Daylight","03 - P.D. only","04 - Sideswipe"
"13711","TRIM RD @ DAIRY DR/TAYLOR CREEK DR","384534.50455","5039596.48390","-75.47988","45.49174","2017","1/27/2017","3:45:00 PM","01 - Clear","01 - Dry","11 - Roundabout","03 - At intersection","01 - Daylight","03 - P.D. only","02 - Angle"
"13712","TRIM RD @ DAIRY DR/TAYLOR CREEK DR","384535.05100","5039594.84455","-75.47987","45.49172","2017","1/15/2017","2:51:00 PM","01 - Clear","01 - Dry","11 - Roundabout","02 - Intersection related","01 - Daylight","02 - Non-fatal injury","04 - Sideswipe"
"13713","TRIM RD @ DAIRY DR/TAYLOR CREEK DR","384536.05434","5039596.05990","-75.47986","45.49173","2017","4/21/2017","2:16:00 AM","02 - Rain","02 - Wet","11 - Roundabout","03 - At intersection","07 - Dark","03 - P.D. only","07 - SMV other"
"13714","TRIM RD @ MILLENNIUM BLVD","386797.17923","5036713.56585","-75.45141","45.46554","2017","2/1/2017","10:43:00 AM","01 - Clear","01 - Dry","11 - Roundabout","02 - Intersection related","01 - Daylight","03 - P.D. only","04 - Sideswipe"
"13715","TRIM RD @ VALIN ST","386438.34845","5037555.89220","-75.45586","45.47316","2017","6/13/2017","8:05:00 PM","01 - Clear","01 - Dry","01 - Traffic signal","03 - At intersection","01 - Daylight","03 - P.D. only","02 - Angle"
"13716","TRIM RD @ VALIN ST","386437.50450","5037556.56110","-75.45587","45.47316","2017","5/22/2017","11:57:00 AM","01 - Clear","01 - Dry","01 - Traffic signal","03 - At intersection","01 - Daylight","03 - P.D. only","02 - Angle"
"13717","TRIM RD @ WALL RD","387627.78336","5034669.52700","-75.44114","45.44705","2017","2/5/2017","10:54:00 PM","05 - Drifting Snow","06 - Ice","02 - Stop sign","02 - Intersection related","07 - Dark","03 - P.D. only","07 - SMV other"
"13718","TRIM RD @ WATTERS RD","384965.60789","5038717.81485","-75.47451","45.48378","2017","9/8/2017","3:16:00 PM","01 - Clear","01 - Dry","01 - Traffic signal","03 - At intersection","01 - Daylight","03 - P.D. only","05 - Turning movement"
"13719","TRIM RD btwn BRIARGATE PRIV & INNES RD","386552.39083","5037304.99403","-75.45445","45.47089","2017","5/18/2017","2:20:00 AM","01 - Clear","01 - Dry","10 - No control","01 - Non intersection","07 - Dark","02 - Non-fatal injury","07 - SMV other"
"13720","TRIM RD btwn INNES RD & 150 S OF INNES RD","386615.99293","5037153.65357","-75.45366","45.46952","2017","8/30/2017","7:56:00 AM","01 - Clear","01 - Dry","10 - No control","01 - Non intersection","01 - Daylight","02 - Non-fatal injury","05 - Turning movement"
"13721","TRIM RD btwn PORTOBELLO BLVD & FRENETTE ST","385742.96911","5038014.88688","-75.46468","45.47737","2017","6/26/2017","5:27:00 PM","01 - Clear","01 - Dry","10 - No control","01 - Non intersection","01 - Daylight","03 - P.D. only","03 - Rear end"
"13722","TRIM RD btwn SALZBURG DR & MILLENNIUM BLVD","386715.96657","5036924.08088","-75.45242","45.46744","2017","6/14/2017","8:04:00 PM","01 - Clear","01 - Dry","10 - No control","01 - Non intersection","01 - Daylight","02 - Non-fatal injury","03 - Rear end"
"13723","TRIM RD btwn SPRINGRIDGE DR & PORTOBELLO BLVD","385526.64450","5038246.96434","-75.46741","45.47948","2017","4/20/2017","5:17:00 PM","01 - Clear","01 - Dry","10 - No control","01 - Non intersection","01 - Daylight","03 - P.D. only","04 - Sideswipe"
"13724","TRIM RD btwn ST. JOSEPH BLVD & WATTERS RD","384909.42829","5038803.04152","-75.47521","45.48455","2017","10/30/2017","5:03:00 PM","01 - Clear","01 - Dry","10 - No control","01 - Non intersection","01 - Daylight","03 - P.D. only","03 - Rear end"
"13725","TRIM RD btwn ST. JOSEPH BLVD & WATTERS RD","384904.11698","5038808.54580","-75.47528","45.48460","2017","3/14/2017","12:23:00 PM","03 - Snow","02 - Wet","10 - No control","01 - Non intersection","01 - Daylight","03 - P.D. only","07 - SMV other"
"13726","TRIM RD btwn WALL RD & NAVAN RD","388541.40455","5032423.68604","-75.42984","45.42673","2017","11/16/2017","10:43:00 PM","01 - Clear","02 - Wet","10 - No control","01 - Non intersection","07 - Dark","03 - P.D. only","99 - Other"
"13727","TRIM RD btwn WALL RD & NAVAN RD","387938.93015","5033994.37213","-75.43728","45.44094","2017","3/1/2017","4:10:00 PM","07 - Fog, mist, smoke, dust","02 - Wet","10 - No control","01 - Non intersection","01 - Daylight","03 - P.D. only","03 - Rear end"
"13728","TRIM RD btwn WATTERS RD & SPRINGRIDGE DR","385308.62740","5038422.64803","-75.47017","45.48109","2017","2/24/2017","7:36:00 AM","01 - Clear","02 - Wet","10 - No control","01 - Non intersection","01 - Daylight","03 - P.D. only","04 - Sideswipe"
"13729","TRIOLE ST btwn BELFAST RD & END","373001.77461","5030573.51286","-75.62866","45.41177","2017","3/29/2017","12:00:00 AM","01 - Clear","01 - Dry","10 - No control","01 - Non intersection","00 - Unknown","03 - P.D. only","06 - SMV unattended vehicle"
"13730","TRIOLE ST btwn BELFAST RD & END","373012.52214","5030549.15372","-75.62852","45.41155","2017","4/13/2017","11:30:00 AM","01 - Clear","01 - Dry","10 - No control","04 - At/near private drive","01 - Daylight","03 - P.D. only","06 - SMV unattended vehicle"
"13731","TROJAN AVE btwn PAUL AVE & CLARKE AVE","372020.25742","5033583.07411","-75.64079","45.43895","2017","2/13/2017","12:34:00 PM","01 - Clear","03 - Loose snow","10 - No control","04 - At/near private drive","01 - Daylight","03 - P.D. only","06 - SMV unattended vehicle"
"13732","TRUMP AVE btwn WHITESTONE DR & BLOOMINGDALE ST","364605.45121","5025892.09733","-75.73649","45.37042","2017","8/28/2017","1:08:00 PM","01 - Clear","01 - Dry","10 - No control","04 - At/near private drive","01 - Daylight","03 - P.D. only","06 - SMV unattended vehicle"
"13733","TULANE CRES btwn ANTLER AVE & ANTLER AVE","363150.74092","5014979.37455","-75.75634","45.27235","2017","7/17/2017","6:40:00 PM","01 - Clear","01 - Dry","10 - No control","04 - At/near private drive","01 - Daylight","03 - P.D. only","06 - SMV unattended vehicle"
"13734","TUNNEY'S PASTURE DRWY btwn SORREL DRWY & TO BE DETERMINED","364709.06455","5029709.04493","-75.73470","45.40476","2017","6/13/2017","12:00:00 AM","01 - Clear","01 - Dry","10 - No control","01 - Non intersection","00 - Unknown","03 - P.D. only","06 - SMV unattended vehicle"
"13735","TURN LANE btwn Continuation of TURN LANE & WELLINGTON ST (3)","366516.95916","5031337.37964","-75.71140","45.41925","2017","3/14/2017","7:20:00 PM","03 - Snow","03 - Loose snow","10 - No control","01 - Non intersection","07 - Dark","02 - Non-fatal injury","07 - SMV other"
"13736","TURN LANE btwn ISLAND PARK DR & OTTAWA RIVER PKWY (1)","363245.00541","5029435.04134","-75.75343","45.40241","2017","1/14/2017","11:10:00 AM","01 - Clear","01 - Dry","10 - No control","01 - Non intersection","01 - Daylight","03 - P.D. only","03 - Rear end"
"13737","TURN LANE btwn OTTAWA RIVER PKWY & WOODROFFE AVE (1)","361435.04690","5027008.17121","-75.77683","45.38073","2017","1/4/2017","8:30:00 AM","03 - Snow","03 - Loose snow","10 - No control","01 - Non intersection","01 - Daylight","03 - P.D. only","03 - Rear end"
"13738","TWEEDSMUIR AVE btwn CLARE ST & AVONDALE AVE","363817.28075","5027761.02528","-75.74632","45.38730","2017","11/23/2017","12:00:00 AM","01 - Clear","01 - Dry","10 - No control","01 - Non intersection","00 - Unknown","03 - P.D. only","06 - SMV unattended vehicle"
"13739","TWEEDSMUIR AVE btwn Continuation of TWEEDSMUIR AVE & BYRON AVE","363576.84207","5028349.66414","-75.74932","45.39262","2017","4/15/2017","12:32:00 PM","01 - Clear","01 - Dry","10 - No control","01 - Non intersection","01 - Daylight","03 - P.D. only","06 - SMV unattended vehicle"
"13740","TWIN ELM RD btwn BARNSDALE RD & BROPHY DR","360299.35289","5007550.56801","-75.79351","45.20574","2017","6/27/2017","5:57:00 AM","01 - Clear","01 - Dry","10 - No control","01 - Non intersection","01 - Daylight","02 - Non-fatal injury","07 - SMV other"
"13741","TWIN ELM RD btwn BARNSDALE RD & BROPHY DR","360877.80297","5006099.58306","-75.78631","45.19263","2017","7/4/2017","5:54:00 AM","01 - Clear","01 - Dry","10 - No control","01 - Non intersection","01 - Daylight","03 - P.D. only","07 - SMV other"
"13742","TWIN ELM RD btwn CAMBRIAN RD & BARNSDALE RD","359469.21969","5009516.50254","-75.80386","45.22349","2017","1/21/2017","5:21:00 PM","01 - Clear","02 - Wet","10 - No control","01 - Non intersection","05 - Dusk","03 - P.D. only","07 - SMV other"
"13743","TWIN ELM RD btwn CAMBRIAN RD & BARNSDALE RD","359926.86445","5008452.34691","-75.79815","45.21388","2017","2/4/2017","3:15:00 PM","01 - Clear","05 - Packed snow","10 - No control","01 - Non intersection","01 - Daylight","03 - P.D. only","07 - SMV other"
"13744","TWYFORD ST btwn MCCARTHY RD & CAHILL DR W","370102.12763","5023487.94323","-75.66664","45.34830","2017","3/7/2017","10:31:00 AM","04 - Freezing Rain","05 - Packed snow","10 - No control","01 - Non intersection","01 - Daylight","03 - P.D. only","04 - Sideswipe"
"13745","TYRRELL PL @ MOODIE DR","357325.95046","5019854.69993","-75.83006","45.31668","2017","6/6/2017","2:44:00 PM","02 - Rain","02 - Wet","01 - Traffic signal","02 - Intersection related","01 - Daylight","03 - P.D. only","03 - Rear end"
"13746","TYRRELL PL @ MOODIE DR","357328.14457","5019855.15013","-75.83003","45.31668","2017","1/14/2017","12:04:00 PM","01 - Clear","01 - Dry","01 - Traffic signal","03 - At intersection","01 - Daylight","03 - P.D. only","05 - Turning movement"
"13747","TYRRELL PL @ MOODIE DR","357327.31263","5019856.06210","-75.83004","45.31669","2017","4/11/2017","3:58:00 PM","01 - Clear","01 - Dry","01 - Traffic signal","03 - At intersection","01 - Daylight","03 - P.D. only","02 - Angle"
"13748","UNIVERSITY RD btwn LIBRARY RD & CAMPUS AVE","367701.19154","5027183.64939","-75.69680","45.38177","2017","8/10/2017","4:20:00 AM","01 - Clear","01 - Dry","10 - No control","01 - Non intersection","07 - Dark","03 - P.D. only","07 - SMV other"
"13749","UPCOUNTRY DR btwn BAYWOOD DR & HARTSMERE DR","351006.57337","5011950.98251","-75.91139","45.24600","2017","9/20/2017","4:04:00 PM","01 - Clear","01 - Dry","10 - No control","01 - Non intersection","01 - Daylight","02 - Non-fatal injury","07 - SMV other"
"13750","UPLANDS DR @ AIRPORT PKWY RAMP 35","371124.39457","5021374.51028","-75.65388","45.32919","2017","8/31/2017","4:04:00 PM","01 - Clear","01 - Dry","01 - Traffic signal","03 - At intersection","01 - Daylight","02 - Non-fatal injury","05 - Turning movement"
"13751","UPLANDS DR @ AIRPORT PKWY RAMP 35","371123.85953","5021373.12614","-75.65388","45.32917","2017","6/30/2017","6:37:00 AM","07 - Fog, mist, smoke, dust","02 - Wet","01 - Traffic signal","02 - Intersection related","01 - Daylight","02 - Non-fatal injury","03 - Rear end"
"13752","UPLANDS DR @ AIRPORT PKWY RAMP 35","371123.18895","5021374.57620","-75.65389","45.32919","2017","10/3/2017","12:21:00 PM","01 - Clear","01 - Dry","01 - Traffic signal","03 - At intersection","01 - Daylight","03 - P.D. only","04 - Sideswipe"
"13753","UPLANDS DR @ AIRPORT PKWY RAMP 35","371124.24297","5021374.00972","-75.65388","45.32918","2017","12/16/2017","5:17:00 PM","01 - Clear","01 - Dry","01 - Traffic signal","02 - Intersection related","07 - Dark","03 - P.D. only","03 - Rear end"
"13754","UPLANDS DR @ AIRPORT PKWY RAMP 35","371123.25750","5021372.28856","-75.65389","45.32917","2017","12/15/2017","7:05:00 PM","03 - Snow","06 - Ice","01 - Traffic signal","02 - Intersection related","07 - Dark","03 - P.D. only","07 - SMV other"
"13755","UPLANDS DR btwn GILLESPIE CRES & COUNTRY CLUB DR","368511.70095","5022950.41181","-75.68700","45.34361","2017","12/24/2017","12:05:00 PM","01 - Clear","01 - Dry","10 - No control","04 - At/near private drive","01 - Daylight","03 - P.D. only","99 - Other"
"13756","UPLANDS DR btwn PAUL ANKA DR & SHEARWATER PRIV","369533.46304","5023505.69341","-75.67389","45.34851","2017","8/22/2017","3:00:00 AM","01 - Clear","01 - Dry","10 - No control","01 - Non intersection","07 - Dark","02 - Non-fatal injury","06 - SMV unattended vehicle"
"13757","UPLANDS DR btwn RIVERSIDE DR & NORTH BOWESVILLE RD","368231.83975","5022788.81813","-75.69059","45.34218","2017","4/20/2017","5:00:00 PM","01 - Clear","01 - Dry","10 - No control","04 - At/near private drive","01 - Daylight","03 - P.D. only","05 - Turning movement"
"13758","UPPER DWYER HILL RD btwn CARROLL SIDE RD & MARCH RD","333917.17544","5014470.89496","-76.12893","45.26959","2017","10/18/2017","8:37:00 PM","01 - Clear","01 - Dry","10 - No control","01 - Non intersection","07 - Dark","03 - P.D. only","07 - SMV other"
"13759","UPPER DWYER HILL RD btwn CARROLL SIDE RD & MARCH RD","333818.05903","5014570.55606","-76.13019","45.27049","2017","12/1/2017","7:47:00 PM","01 - Clear","01 - Dry","10 - No control","01 - Non intersection","07 - Dark","03 - P.D. only","07 - SMV other"
"13760","UPPER DWYER HILL RD btwn GALETTA SIDE RD & OTTAWA ROAD 29","320654.89496","5029055.75966","-76.29748","45.40126","2017","8/15/2017","9:30:00 AM","01 - Clear","01 - Dry","10 - No control","01 - Non intersection","01 - Daylight","03 - P.D. only","07 - SMV other"
"13761","UPPER DWYER HILL RD btwn HAMILTON SIDE RD & MCARTON RD","339954.61125","5007728.72887","-76.05247","45.20865","2017","3/30/2017","8:16:00 PM","01 - Clear","01 - Dry","10 - No control","01 - Non intersection","07 - Dark","03 - P.D. only","07 - SMV other"
"13762","UPPER DWYER HILL RD btwn HAMILTON SIDE RD & MCARTON RD","339823.89200","5007873.09177","-76.05412","45.20995","2017","12/31/2017","7:46:00 PM","01 - Clear","01 - Dry","10 - No control","01 - Non intersection","07 - Dark","03 - P.D. only","07 - SMV other"
"13763","UPPER DWYER HILL RD btwn HAMILTON SIDE RD & MCARTON RD","338276.74366","5009614.46210","-76.07370","45.22570","2017","12/24/2017","5:37:00 PM","01 - Clear","06 - Ice","10 - No control","01 - Non intersection","07 - Dark","03 - P.D. only","07 - SMV other"
"13764","UPPER DWYER HILL RD btwn MARCH RD & OLD ALMONTE RD","334256.74655","5014108.23477","-76.12463","45.26632","2017","9/14/2017","7:30:00 PM","01 - Clear","01 - Dry","10 - No control","01 - Non intersection","05 - Dusk","03 - P.D. only","07 - SMV other"
"13765","UPPER DWYER HILL RD btwn MARCH RD & OLD ALMONTE RD","336925.35515","5011121.32899","-76.09081","45.23932","2017","10/1/2017","11:28:00 PM","01 - Clear","01 - Dry","10 - No control","01 - Non intersection","07 - Dark","03 - P.D. only","07 - SMV other"
"13766","UPPER DWYER HILL RD btwn MARCH RD & OLD ALMONTE RD","334168.73287","5014203.87418","-76.12574","45.26718","2017","11/1/2017","7:33:00 PM","02 - Rain","02 - Wet","10 - No control","01 - Non intersection","07 - Dark","03 - P.D. only","07 - SMV other"
"13767","UPPER DWYER HILL RD btwn MARCH RD & OLD ALMONTE RD","335979.82512","5012180.07717","-76.10279","45.24889","2017","2/10/2017","7:06:00 PM","03 - Snow","03 - Loose snow","10 - No control","01 - Non intersection","07 - Dark","03 - P.D. only","07 - SMV other"
"13768","UPPER DWYER HILL RD btwn MARCH RD & OLD ALMONTE RD","336101.14882","5012053.49405","-76.10125","45.24775","2017","2/1/2017","10:21:00 PM","01 - Clear","01 - Dry","10 - No control","01 - Non intersection","07 - Dark","03 - P.D. only","07 - SMV other"
"13769","UPPER DWYER HILL RD btwn MARCH RD & OLD ALMONTE RD","335836.89463","5012347.08230","-76.10460","45.25040","2017","1/25/2017","5:49:00 PM","04 - Freezing Rain","02 - Wet","10 - No control","01 - Non intersection","07 - Dark","03 - P.D. only","07 - SMV other"
"13770","UPPER DWYER HILL RD btwn MARCH RD & OLD ALMONTE RD","336006.77644","5012160.44100","-76.10245","45.24871","2017","1/28/2017","5:56:00 PM","01 - Clear","01 - Dry","10 - No control","01 - Non intersection","07 - Dark","03 - P.D. only","07 - SMV other"
"13771","UPPER DWYER HILL RD btwn OLD ALMONTE RD & HAMILTON SIDE RD","337743.51524","5010200.29894","-76.08045","45.23099","2017","9/21/2017","9:50:00 AM","01 - Clear","01 - Dry","10 - No control","01 - Non intersection","01 - Daylight","03 - P.D. only","99 - Other"
"13772","UPPER DWYER HILL RD btwn VAUGHAN SIDE RD & CARROLL SIDE RD","332731.14623","5015734.91380","-76.14397","45.28102","2017","8/13/2017","2:40:00 PM","01 - Clear","01 - Dry","10 - No control","01 - Non intersection","01 - Daylight","02 - Non-fatal injury","07 - SMV other"
"13773","UPPER LORNE PL btwn SOMERSET ST W & END","366611.67069","5030397.40431","-75.71031","45.41078","2017","6/26/2017","1:00:00 PM","01 - Clear","01 - Dry","10 - No control","04 - At/near private drive","01 - Daylight","03 - P.D. only","06 - SMV unattended vehicle"
"13774","UPPER LORNE PL btwn SOMERSET ST W & END","366625.74863","5030369.46409","-75.71014","45.41053","2017","3/11/2017","12:27:00 PM","01 - Clear","01 - Dry","10 - No control","04 - At/near private drive","01 - Daylight","03 - P.D. only","02 - Angle"
"13775","VALADE CRES btwn SIDNEY DR & TO BE DETERMINED","383372.98842","5037948.47505","-75.49500","45.47704","2017","6/11/2017","6:28:00 PM","01 - Clear","01 - Dry","10 - No control","04 - At/near private drive","01 - Daylight","02 - Non-fatal injury","02 - Angle"
"13776","VALIN ST @ INNES RD","387068.72906","5037473.08202","-75.44781","45.47234","2017","2/17/2017","8:27:00 PM","01 - Clear","01 - Dry","02 - Stop sign","03 - At intersection","07 - Dark","03 - P.D. only","02 - Angle"
"13777","VALIN ST btwn CHARLEMAGNE BLVD & NORTHLANDS DR","384745.83923","5037596.11743","-75.47750","45.47371","2017","11/14/2017","2:25:00 PM","01 - Clear","01 - Dry","10 - No control","01 - Non intersection","01 - Daylight","03 - P.D. only","02 - Angle"
"13778","VALIN ST btwn NORTHLANDS DR & VARENNES BLVD","385070.77755","5037649.41670","-75.47333","45.47416","2017","10/15/2017","2:02:00 AM","02 - Rain","02 - Wet","10 - No control","01 - Non intersection","07 - Dark","03 - P.D. only","06 - SMV unattended vehicle"
"13779","VALLEY STREAM DR btwn SHADOW CRT & SANDCASTLE DR","359413.92970","5021705.75560","-75.80322","45.33317","2017","10/16/2017","2:41:00 PM","01 - Clear","01 - Dry","10 - No control","01 - Non intersection","01 - Daylight","03 - P.D. only","06 - SMV unattended vehicle"
"13780","VALLEY STREAM DR btwn SHADOW CRT & SANDCASTLE DR","359657.73392","5021691.31171","-75.80011","45.33303","2017","2/6/2017","12:00:00 AM","03 - Snow","03 - Loose snow","10 - No control","01 - Non intersection","07 - Dark","03 - P.D. only","06 - SMV unattended vehicle"
"13781","VALLIER WAY btwn ASHENVALE WAY & BOISDALE WALK","385687.74910","5034726.32410","-75.46593","45.44779","2017","7/4/2017","12:00:00 AM","01 - Clear","01 - Dry","10 - No control","01 - Non intersection","00 - Unknown","03 - P.D. only","06 - SMV unattended vehicle"
"13782","VALOUR DR @ REMEMBRANCE CRES","370674.43157","5029152.27197","-75.65858","45.39921","2017","2/21/2017","5:15:00 PM","02 - Rain","02 - Wet","02 - Stop sign","03 - At intersection","01 - Daylight","03 - P.D. only","02 - Angle"
"13783","VALOUR DR @ SMYTH RD","370667.58940","5029087.17073","-75.65868","45.39862","2017","4/9/2017","5:07:00 PM","01 - Clear","01 - Dry","01 - Traffic signal","03 - At intersection","01 - Daylight","02 - Non-fatal injury","02 - Angle"
"13784","VALOUR DR btwn ALTA VISTA DR & REMEMBRANCE CRES","370698.69198","5029267.88081","-75.65825","45.40025","2017","2/15/2017","5:00:00 PM","03 - Snow","03 - Loose snow","10 - No control","04 - At/near private drive","07 - Dark","03 - P.D. only","02 - Angle"
"13785","VANCES SIDE RD btwn DUNROBIN RD & GREENLAND RD","340720.22108","5034126.76607","-76.04081","45.44615","2017","5/10/2017","5:00:00 AM","01 - Clear","01 - Dry","10 - No control","01 - Non intersection","07 - Dark","03 - P.D. only","07 - SMV other"
"13786","VANCES SIDE RD btwn DUNROBIN RD & GREENLAND RD","340902.27956","5034308.82455","-76.03847","45.44778","2017","11/27/2017","4:58:00 PM","01 - Clear","01 - Dry","10 - No control","01 - Non intersection","07 - Dark","03 - P.D. only","07 - SMV other"
"13787","VANCES SIDE RD btwn DUNROBIN RD & GREENLAND RD","340929.58833","5034325.43339","-76.03812","45.44793","2017","11/27/2017","7:33:00 PM","01 - Clear","01 - Dry","10 - No control","01 - Non intersection","07 - Dark","03 - P.D. only","07 - SMV other"
"13788","VANCES SIDE RD btwn DUNROBIN RD & GREENLAND RD","341996.16782","5035250.23287","-76.02441","45.45619","2017","12/28/2017","5:00:00 PM","01 - Clear","02 - Wet","10 - No control","01 - Non intersection","07 - Dark","03 - P.D. only","07 - SMV other"
"13789","VANESSA TER btwn MAPLE RIDGE CRES & SPRING GROVE LANE","362803.18844","5015421.96682","-75.76072","45.27636","2017","3/24/2017","12:08:00 PM","03 - Snow","03 - Loose snow","10 - No control","01 - Non intersection","01 - Daylight","03 - P.D. only","01 - Approaching"
"13790","VANGUARD DR @ VANTAGE DR","383940.38324","5035826.27953","-75.48808","45.45788","2017","3/8/2017","8:11:00 AM","01 - Clear","06 - Ice","02 - Stop sign","02 - Intersection related","01 - Daylight","03 - P.D. only","03 - Rear end"