"Record","Location","X","Y","Longitude","Latitude","Year","Date","Time","Environment","Road_Surface","Traffic_Control","Collision_Location","Light","Collision_Classification","Impact_type"
"13791","VANGUARD DR btwn VANTAGE DR & TENTH LINE RD","384000.34382","5035851.02446","-75.48731","45.45810","2017","1/27/2017","4:18:00 PM","03 - Snow","03 - Loose snow","10 - No control","04 - At/near private drive","01 - Daylight","03 - P.D. only","02 - Angle"
"13792","VANIER PKWY NB btwn BEECHWOOD AVE/ ST. PATRICK ST/CRICHTON ST & DESCHA","369759.68252","5033315.41115","-75.66971","45.43675","2017","7/27/2017","4:00:00 PM","01 - Clear","01 - Dry","10 - No control","01 - Non intersection","01 - Daylight","03 - P.D. only","03 - Rear end"
"13793","VANIER PKWY NB btwn BEECHWOOD AVE/ ST. PATRICK ST/CRICHTON ST & DESCHA","369836.49083","5033273.71858","-75.66874","45.43637","2017","10/27/2017","1:21:00 PM","01 - Clear","01 - Dry","10 - No control","01 - Non intersection","01 - Daylight","03 - P.D. only","03 - Rear end"
"13794","VANIER PKWY NB btwn BEECHWOOD AVE/ ST. PATRICK ST/CRICHTON ST & DESCHA","369172.37501","5033464.30611","-75.67720","45.43815","2017","10/27/2017","2:56:00 PM","01 - Clear","01 - Dry","10 - No control","01 - Non intersection","01 - Daylight","03 - P.D. only","03 - Rear end"
"13795","VANIER PKWY NB btwn BEECHWOOD AVE/ ST. PATRICK ST/CRICHTON ST & DESCHA","369806.36691","5033292.04770","-75.66912","45.43654","2017","11/1/2017","12:31:00 AM","01 - Clear","01 - Dry","10 - No control","01 - Non intersection","07 - Dark","03 - P.D. only","07 - SMV other"
"13796","VANIER PKWY NB btwn BEECHWOOD AVE/ ST. PATRICK ST/CRICHTON ST & DESCHA","369317.51567","5033432.62494","-75.67535","45.43785","2017","11/7/2017","2:25:00 PM","01 - Clear","01 - Dry","10 - No control","01 - Non intersection","01 - Daylight","02 - Non-fatal injury","03 - Rear end"
"13797","VANIER PKWY NB btwn BEECHWOOD AVE/ ST. PATRICK ST/CRICHTON ST & DESCHA","369221.10242","5033453.95275","-75.67658","45.43805","2017","12/28/2017","6:18:00 PM","01 - Clear","01 - Dry","10 - No control","01 - Non intersection","07 - Dark","03 - P.D. only","03 - Rear end"
"13798","VANIER PKWY NB btwn DESCHAMPS AVE & MONTREAL RD","370044.84095","5033092.91450","-75.66610","45.43472","2017","9/28/2017","2:28:00 PM","01 - Clear","01 - Dry","10 - No control","01 - Non intersection","01 - Daylight","03 - P.D. only","03 - Rear end"
"13799","VANIER PKWY NB btwn DESCHAMPS AVE & MONTREAL RD","369968.47980","5033173.73378","-75.66706","45.43546","2017","1/11/2017","9:12:00 AM","01 - Clear","02 - Wet","10 - No control","01 - Non intersection","01 - Daylight","03 - P.D. only","03 - Rear end"
"13800","VANIER PKWY NB btwn DESCHAMPS AVE & MONTREAL RD","370002.21800","5033139.36259","-75.66664","45.43515","2017","2/3/2017","7:07:00 AM","01 - Clear","01 - Dry","10 - No control","01 - Non intersection","03 - Dawn","03 - P.D. only","03 - Rear end"
"13801","VANIER PKWY NB btwn DONALD ST & QUEEN MARY ST","370328.52667","5032147.28588","-75.66260","45.42619","2017","11/24/2017","5:30:00 PM","01 - Clear","01 - Dry","10 - No control","01 - Non intersection","07 - Dark","03 - P.D. only","03 - Rear end"
"13802","VANIER PKWY NB btwn DONALD ST & QUEEN MARY ST","370360.70047","5031974.97640","-75.66221","45.42464","2017","4/18/2017","5:33:00 PM","01 - Clear","01 - Dry","10 - No control","01 - Non intersection","01 - Daylight","03 - P.D. only","03 - Rear end"
"13803","VANIER PKWY NB btwn MCARTHUR AVE & VANIER PKWY","370250.97517","5032543.86920","-75.66354","45.42977","2017","2/17/2017","10:05:00 AM","01 - Clear","01 - Dry","10 - No control","01 - Non intersection","01 - Daylight","03 - P.D. only","03 - Rear end"
"13804","VANIER PKWY NB btwn MCARTHUR AVE & VANIER PKWY","370233.71438","5032622.66845","-75.66375","45.43048","2017","2/10/2017","6:50:00 PM","03 - Snow","03 - Loose snow","10 - No control","01 - Non intersection","07 - Dark","03 - P.D. only","03 - Rear end"
"13805","VANIER PKWY NB btwn PRESLAND RD & COVENTRY RD","370589.16685","5031661.62781","-75.65933","45.42180","2017","7/11/2017","9:36:00 AM","01 - Clear","01 - Dry","10 - No control","01 - Non intersection","01 - Daylight","03 - P.D. only","03 - Rear end"
"13806","VANIER PKWY NB btwn PRESLAND RD & COVENTRY RD","370588.92970","5031662.12116","-75.65934","45.42180","2017","12/14/2017","2:37:00 PM","01 - Clear","02 - Wet","10 - No control","01 - Non intersection","01 - Daylight","03 - P.D. only","03 - Rear end"
"13807","VANIER PKWY NB btwn PRESLAND RD & COVENTRY RD","370663.49308","5031619.16289","-75.65839","45.42141","2017","2/14/2017","6:30:00 PM","03 - Snow","05 - Packed snow","10 - No control","01 - Non intersection","07 - Dark","03 - P.D. only","03 - Rear end"
"13808","VANIER PKWY NB btwn RIVERSIDE DR & HWY417 IC117 RAMP26","370808.97555","5031301.61616","-75.65657","45.41854","2017","5/30/2017","6:50:00 PM","01 - Clear","01 - Dry","10 - No control","01 - Non intersection","01 - Daylight","03 - P.D. only","03 - Rear end"
"13809","VANIER PKWY NB btwn RIVERSIDE DR & HWY417 IC117 RAMP26","370814.29915","5031204.60267","-75.65652","45.41766","2017","7/26/2017","9:23:00 AM","01 - Clear","01 - Dry","10 - No control","07 - Overpass or bridge","01 - Daylight","03 - P.D. only","04 - Sideswipe"
"13810","VANIER PKWY NB btwn RIVERSIDE DR & HWY417 IC117 RAMP26","370804.75790","5031327.37428","-75.65662","45.41877","2017","9/20/2017","3:51:00 PM","01 - Clear","01 - Dry","10 - No control","01 - Non intersection","01 - Daylight","03 - P.D. only","04 - Sideswipe"
"13811","VANIER PKWY NB btwn RIVERSIDE DR & HWY417 IC117 RAMP26","370813.98763","5031207.19757","-75.65652","45.41769","2017","11/7/2017","6:15:00 PM","01 - Clear","01 - Dry","10 - No control","07 - Overpass or bridge","07 - Dark","03 - P.D. only","03 - Rear end"
"13812","VANIER PKWY NB btwn RIVERSIDE DR & HWY417 IC117 RAMP26","370805.05508","5031326.07866","-75.65662","45.41876","2017","3/8/2017","6:37:00 PM","01 - Clear","01 - Dry","10 - No control","01 - Non intersection","05 - Dusk","03 - P.D. only","03 - Rear end"
"13813","VANIER PKWY NB btwn VANIER PKWY & DONALD ST","370270.57598","5032462.55864","-75.66330","45.42903","2017","11/23/2017","9:42:00 PM","01 - Clear","01 - Dry","10 - No control","01 - Non intersection","07 - Dark","03 - P.D. only","03 - Rear end"
"13814","VANIER PKWY SB btwn BEECHWOOD AVE/ ST. PATRICK ST/CRICHTON ST & DESCHA","369561.67221","5033371.29468","-75.67224","45.43727","2017","4/11/2017","9:54:00 AM","01 - Clear","02 - Wet","10 - No control","01 - Non intersection","01 - Daylight","03 - P.D. only","03 - Rear end"
"13815","VANIER PKWY SB btwn DONALD ST & QUEEN MARY ST","370300.67631","5032257.20747","-75.66294","45.42718","2017","4/29/2017","10:13:00 PM","01 - Clear","01 - Dry","10 - No control","01 - Non intersection","07 - Dark","02 - Non-fatal injury","04 - Sideswipe"
"13816","VANIER PKWY SB btwn MONTREAL RD & MCARTHUR AVE","370082.54587","5033016.41177","-75.66563","45.43403","2017","10/13/2017","12:20:00 PM","01 - Clear","01 - Dry","10 - No control","01 - Non intersection","01 - Daylight","03 - P.D. only","04 - Sideswipe"
"13817","VANIER PKWY SB btwn MONTREAL RD & MCARTHUR AVE","370200.31035","5032732.72637","-75.66416","45.43147","2017","3/9/2017","10:40:00 AM","01 - Clear","01 - Dry","10 - No control","01 - Non intersection","01 - Daylight","03 - P.D. only","04 - Sideswipe"
"13818","VANIER PKWY SB btwn PRESLAND RD & COVENTRY RD","370447.35253","5031734.63692","-75.66114","45.42247","2017","9/23/2017","12:32:00 PM","01 - Clear","01 - Dry","10 - No control","01 - Non intersection","01 - Daylight","02 - Non-fatal injury","04 - Sideswipe"
"13819","VANIER PKWY SB btwn QUEEN MARY ST & PRESLAND RD","370408.59226","5031784.66487","-75.66162","45.42292","2017","5/1/2017","10:53:00 AM","02 - Rain","02 - Wet","10 - No control","01 - Non intersection","01 - Daylight","03 - P.D. only","03 - Rear end"
"13820","VANIER PKWY SB btwn RIVERSIDE DR & TO BE DETERMINED","370798.91673","5031281.41691","-75.65670","45.41835","2017","4/5/2017","12:24:00 PM","01 - Clear","01 - Dry","10 - No control","01 - Non intersection","01 - Daylight","03 - P.D. only","03 - Rear end"
"13821","VANIER PKWY SB btwn VANIER PKWY & DONALD ST","370277.06441","5032383.84506","-75.66323","45.42832","2017","1/1/2017","3:16:00 AM","03 - Snow","03 - Loose snow","10 - No control","01 - Non intersection","07 - Dark","03 - P.D. only","04 - Sideswipe"
"13822","VANIER PKWY/CRICHTON ST @ BEECHWOOD AVE/ST. PA","369127.37947","5033487.00487","-75.67777","45.43836","2017","6/1/2017","10:00:00 AM","01 - Clear","01 - Dry","01 - Traffic signal","02 - Intersection related","01 - Daylight","03 - P.D. only","03 - Rear end"
"13823","VANIER PKWY/CRICHTON ST @ BEECHWOOD AVE/ST. PA","369127.01079","5033487.48590","-75.67778","45.43836","2017","6/13/2017","8:00:00 PM","01 - Clear","01 - Dry","01 - Traffic signal","02 - Intersection related","01 - Daylight","03 - P.D. only","03 - Rear end"
"13824","VANIER PKWY/CRICHTON ST @ BEECHWOOD AVE/ST. PA","369127.77308","5033487.10743","-75.67777","45.43836","2017","4/24/2017","2:25:00 PM","01 - Clear","01 - Dry","01 - Traffic signal","02 - Intersection related","01 - Daylight","03 - P.D. only","03 - Rear end"
"13825","VANIER PKWY/CRICHTON ST @ BEECHWOOD AVE/ST. PA","369127.75382","5033487.10743","-75.67777","45.43836","2017","5/27/2017","5:40:00 PM","01 - Clear","01 - Dry","01 - Traffic signal","02 - Intersection related","01 - Daylight","03 - P.D. only","03 - Rear end"
"13826","VANIER PKWY/CRICHTON ST @ BEECHWOOD AVE/ST. PA","369127.54056","5033487.23706","-75.67777","45.43836","2017","8/5/2017","1:44:00 PM","01 - Clear","01 - Dry","01 - Traffic signal","02 - Intersection related","01 - Daylight","03 - P.D. only","03 - Rear end"
"13827","VANIER PKWY/CRICHTON ST @ BEECHWOOD AVE/ST. PA","369127.62623","5033487.32420","-75.67777","45.43836","2017","8/31/2017","6:46:00 PM","01 - Clear","01 - Dry","01 - Traffic signal","02 - Intersection related","01 - Daylight","03 - P.D. only","04 - Sideswipe"
"13828","VANIER PKWY/CRICHTON ST @ BEECHWOOD AVE/ST. PA","369127.12788","5033491.15689","-75.67777","45.43839","2017","7/13/2017","7:54:00 AM","01 - Clear","01 - Dry","01 - Traffic signal","03 - At intersection","01 - Daylight","02 - Non-fatal injury","02 - Angle"
"13829","VANIER PKWY/CRICHTON ST @ BEECHWOOD AVE/ST. PA","369127.08425","5033493.33879","-75.67777","45.43841","2017","10/2/2017","2:09:00 PM","01 - Clear","01 - Dry","01 - Traffic signal","03 - At intersection","01 - Daylight","02 - Non-fatal injury","07 - SMV other"
"13830","VANIER PKWY/CRICHTON ST @ BEECHWOOD AVE/ST. PA","369127.79700","5033488.99225","-75.67777","45.43837","2017","9/2/2017","11:28:00 AM","01 - Clear","01 - Dry","01 - Traffic signal","02 - Intersection related","01 - Daylight","03 - P.D. only","03 - Rear end"
"13831","VANIER PKWY/CRICHTON ST @ BEECHWOOD AVE/ST. PA","369128.17108","5033486.13813","-75.67776","45.43835","2017","9/21/2017","9:33:00 AM","01 - Clear","01 - Dry","01 - Traffic signal","02 - Intersection related","01 - Daylight","03 - P.D. only","03 - Rear end"
"13832","VANIER PKWY/CRICHTON ST @ BEECHWOOD AVE/ST. PA","369127.82771","5033486.90767","-75.67777","45.43835","2017","9/3/2017","11:51:00 PM","01 - Clear","01 - Dry","01 - Traffic signal","02 - Intersection related","07 - Dark","02 - Non-fatal injury","07 - SMV other"
"13833","VANIER PKWY/CRICHTON ST @ BEECHWOOD AVE/ST. PA","369127.79700","5033486.89505","-75.67777","45.43835","2017","11/4/2017","1:58:00 PM","01 - Clear","01 - Dry","01 - Traffic signal","03 - At intersection","01 - Daylight","03 - P.D. only","03 - Rear end"
"13834","VANIER PKWY/CRICHTON ST @ BEECHWOOD AVE/ST. PA","369127.85279","5033487.14728","-75.67777","45.43836","2017","11/25/2017","12:19:00 PM","01 - Clear","01 - Dry","01 - Traffic signal","02 - Intersection related","01 - Daylight","03 - P.D. only","03 - Rear end"
"13835","VANIER PKWY/CRICHTON ST @ BEECHWOOD AVE/ST. PA","369128.11302","5033487.33563","-75.67776","45.43836","2017","11/7/2017","10:20:00 AM","01 - Clear","01 - Dry","01 - Traffic signal","03 - At intersection","01 - Daylight","03 - P.D. only","05 - Turning movement"
"13836","VANIER PKWY/CRICHTON ST @ BEECHWOOD AVE/ST. PA","369127.84142","5033486.93584","-75.67777","45.43835","2017","1/17/2017","8:43:00 AM","01 - Clear","01 - Dry","01 - Traffic signal","02 - Intersection related","01 - Daylight","03 - P.D. only","03 - Rear end"
"13837","VANIER PKWY/CRICHTON ST @ BEECHWOOD AVE/ST. PA","369128.01007","5033486.97127","-75.67776","45.43836","2017","2/15/2017","8:56:00 AM","03 - Snow","03 - Loose snow","01 - Traffic signal","02 - Intersection related","01 - Daylight","02 - Non-fatal injury","03 - Rear end"
"13838","VANIER PKWY/CRICHTON ST @ BEECHWOOD AVE/ST. PA","369126.92481","5033486.14089","-75.67778","45.43835","2017","1/11/2017","7:46:00 AM","01 - Clear","04 - Slush","01 - Traffic signal","02 - Intersection related","03 - Dawn","03 - P.D. only","04 - Sideswipe"
"13839","VANIER PKWY/CRICHTON ST @ BEECHWOOD AVE/ST. PA","369128.00576","5033487.63116","-75.67776","45.43836","2017","3/6/2017","7:49:00 PM","03 - Snow","02 - Wet","01 - Traffic signal","03 - At intersection","07 - Dark","03 - P.D. only","05 - Turning movement"
"13840","VANIER PKWY/CRICHTON ST @ BEECHWOOD AVE/ST. PA","369127.77085","5033486.70222","-75.67777","45.43835","2017","3/25/2017","5:14:00 PM","01 - Clear","02 - Wet","01 - Traffic signal","02 - Intersection related","01 - Daylight","03 - P.D. only","03 - Rear end"
"13841","VANIER PKWY/CRICHTON ST @ BEECHWOOD AVE/ST. PA","369127.57595","5033487.00977","-75.67777","45.43836","2017","4/4/2017","5:21:00 PM","02 - Rain","02 - Wet","01 - Traffic signal","02 - Intersection related","01 - Daylight","03 - P.D. only","03 - Rear end"
"13842","VANIER PKWY/CRICHTON ST @ BEECHWOOD AVE/ST. PA","369127.86994","5033486.86229","-75.67777","45.43835","2017","2/20/2017","6:00:00 PM","01 - Clear","01 - Dry","01 - Traffic signal","02 - Intersection related","07 - Dark","02 - Non-fatal injury","07 - SMV other"
"13843","VANIER PKWY/CRICHTON ST @ BEECHWOOD AVE/ST. PA","369128.40114","5033487.17912","-75.67776","45.43836","2017","3/3/2017","10:15:00 AM","01 - Clear","01 - Dry","01 - Traffic signal","02 - Intersection related","01 - Daylight","03 - P.D. only","99 - Other"
"13844","VARENNES BLVD @ WATTERS RD","384835.34459","5038435.12713","-75.47622","45.48125","2017","10/8/2017","11:54:00 AM","01 - Clear","01 - Dry","02 - Stop sign","02 - Intersection related","01 - Daylight","02 - Non-fatal injury","05 - Turning movement"
"13845","VARLEY DR btwn BEAVERBROOK RD & MILNE CRES","351433.97571","5021087.46098","-75.90508","45.32819","2017","1/31/2017","8:50:00 PM","01 - Clear","01 - Dry","10 - No control","04 - At/near private drive","07 - Dark","02 - Non-fatal injury","06 - SMV unattended vehicle"
"13846","VAUGHAN SIDE RD btwn PETER ROBINSON RD & MARSHWOOD RD","333539.75514","5018071.33825","-76.13353","45.30201","2017","11/4/2017","5:15:00 PM","01 - Clear","01 - Dry","10 - No control","01 - Non intersection","07 - Dark","03 - P.D. only","07 - SMV other"
"13847","VENTNOR WAY btwn TRIPP CRES & MALVERN DR","363209.79182","5016237.97086","-75.75544","45.28367","2017","1/16/2017","12:00:00 AM","01 - Clear","05 - Packed snow","10 - No control","01 - Non intersection","00 - Unknown","03 - P.D. only","06 - SMV unattended vehicle"
"13848","VERMILLION DR E @ BRITO ST","368815.15498","5016515.94473","-75.68396","45.28568","2017","12/23/2017","11:15:00 AM","03 - Snow","03 - Loose snow","03 - Yield sign","02 - Intersection related","01 - Daylight","03 - P.D. only","07 - SMV other"
"13849","VIA SAN MARINO ST btwn CHARING CROSS WAY & HIGHBURY PARK DR","363812.03230","5015741.27570","-75.74782","45.27915","2017","9/29/2017","8:00:00 PM","02 - Rain","02 - Wet","10 - No control","01 - Non intersection","07 - Dark","03 - P.D. only","06 - SMV unattended vehicle"
"13850","VICTORIA ST btwn 9TH LINE RD & YORKS CORNERS RD","387232.65479","5012272.77973","-75.44992","45.24559","2017","7/21/2017","6:03:00 PM","01 - Clear","01 - Dry","10 - No control","01 - Non intersection","01 - Daylight","03 - P.D. only","03 - Rear end"
"13851","VICTORIA ST btwn BOWEN ST & 8TH LINE RD","385379.27993","5011121.85747","-75.47371","45.23545","2017","4/28/2017","5:14:00 PM","01 - Clear","01 - Dry","10 - No control","04 - At/near private drive","01 - Daylight","03 - P.D. only","02 - Angle"
"13852","VICTORIA ST btwn BOWEN ST & 8TH LINE RD","385433.60013","5011154.27597","-75.47302","45.23573","2017","1/24/2017","9:45:00 AM","03 - Snow","03 - Loose snow","10 - No control","01 - Non intersection","01 - Daylight","03 - P.D. only","06 - SMV unattended vehicle"
"13853","VICTORIA ST btwn CAROLINE ST & GLENWOOD DR","385656.17858","5011291.43947","-75.47016","45.23694","2017","5/5/2017","3:59:00 PM","02 - Rain","02 - Wet","10 - No control","01 - Non intersection","01 - Daylight","03 - P.D. only","03 - Rear end"
"13854","VICTORIA ST btwn CARTWRIGHT RD & BOUNDARY RD","390558.49477","5013866.44245","-75.40729","45.25953","2017","1/16/2017","4:38:00 PM","01 - Clear","01 - Dry","10 - No control","01 - Non intersection","05 - Dusk","02 - Non-fatal injury","07 - SMV other"
"13855","VICTORIA ST btwn YORKS CORNERS RD & CARTWRIGHT RD","389254.98774","5013565.48337","-75.42394","45.25698","2017","11/24/2017","4:51:00 PM","01 - Clear","01 - Dry","10 - No control","01 - Non intersection","05 - Dusk","03 - P.D. only","07 - SMV other"
"13856","VICTORIA ST btwn YORKS CORNERS RD & CARTWRIGHT RD","390086.48166","5014085.37477","-75.41326","45.26156","2017","4/11/2017","7:50:00 AM","01 - Clear","01 - Dry","10 - No control","01 - Non intersection","01 - Daylight","03 - P.D. only","07 - SMV other"
"13857","VIENNA TER btwn MONTMORENCY WAY & MONTMORENCY WAY","384731.90801","5034577.74151","-75.47817","45.44656","2017","8/1/2017","6:00:00 PM","01 - Clear","01 - Dry","10 - No control","01 - Non intersection","99 - Other","03 - P.D. only","06 - SMV unattended vehicle"
"13858","VIEWMOUNT DR @ MERIVALE RD","365194.03155","5022949.16430","-75.72933","45.34389","2017","5/7/2017","12:48:00 PM","01 - Clear","01 - Dry","01 - Traffic signal","02 - Intersection related","01 - Daylight","03 - P.D. only","03 - Rear end"
"13859","VIEWMOUNT DR @ MERIVALE RD","365194.70044","5022948.49540","-75.72932","45.34388","2017","6/13/2017","12:35:00 PM","01 - Clear","01 - Dry","01 - Traffic signal","03 - At intersection","01 - Daylight","03 - P.D. only","05 - Turning movement"
"13860","VIEWMOUNT DR @ MERIVALE RD","365193.69710","5022948.25645","-75.72934","45.34388","2017","8/23/2017","1:50:00 PM","01 - Clear","01 - Dry","01 - Traffic signal","03 - At intersection","01 - Daylight","03 - P.D. only","05 - Turning movement"
"13861","VIEWMOUNT DR @ MERIVALE RD","365194.64385","5022948.25871","-75.72933","45.34388","2017","8/29/2017","10:47:00 AM","01 - Clear","01 - Dry","01 - Traffic signal","02 - Intersection related","01 - Daylight","03 - P.D. only","05 - Turning movement"
"13862","VIEWMOUNT DR @ MERIVALE RD","365193.36265","5022947.82650","-75.72934","45.34388","2017","6/26/2017","6:30:00 PM","01 - Clear","01 - Dry","01 - Traffic signal","02 - Intersection related","01 - Daylight","03 - P.D. only","03 - Rear end"
"13863","VIEWMOUNT DR @ MERIVALE RD","365193.05914","5022948.81438","-75.72935","45.34389","2017","7/15/2017","7:43:00 PM","01 - Clear","01 - Dry","01 - Traffic signal","03 - At intersection","01 - Daylight","03 - P.D. only","02 - Angle"
"13864","VIEWMOUNT DR @ MERIVALE RD","365193.25017","5022948.71886","-75.72934","45.34389","2017","9/15/2017","3:30:00 PM","01 - Clear","01 - Dry","01 - Traffic signal","02 - Intersection related","01 - Daylight","02 - Non-fatal injury","03 - Rear end"
"13865","VIEWMOUNT DR @ MERIVALE RD","365194.14403","5022948.27194","-75.72933","45.34388","2017","9/18/2017","1:50:00 PM","01 - Clear","01 - Dry","01 - Traffic signal","02 - Intersection related","01 - Daylight","03 - P.D. only","03 - Rear end"
"13866","VIEWMOUNT DR @ MERIVALE RD","365193.69710","5022948.73435","-75.72934","45.34389","2017","9/15/2017","7:01:00 PM","01 - Clear","01 - Dry","01 - Traffic signal","03 - At intersection","01 - Daylight","03 - P.D. only","04 - Sideswipe"
"13867","VIEWMOUNT DR @ MERIVALE RD","365192.75035","5022947.78534","-75.72935","45.34388","2017","10/25/2017","2:45:00 PM","01 - Clear","01 - Dry","01 - Traffic signal","02 - Intersection related","01 - Daylight","03 - P.D. only","03 - Rear end"
"13868","VIEWMOUNT DR @ MERIVALE RD","365194.17047","5022947.78534","-75.72933","45.34388","2017","9/23/2017","2:28:00 PM","01 - Clear","01 - Dry","01 - Traffic signal","02 - Intersection related","01 - Daylight","03 - P.D. only","03 - Rear end"
"13869","VIEWMOUNT DR @ MERIVALE RD","365194.03155","5022948.49540","-75.72933","45.34388","2017","11/20/2017","12:41:00 PM","01 - Clear","01 - Dry","01 - Traffic signal","02 - Intersection related","01 - Daylight","03 - P.D. only","04 - Sideswipe"
"13870","VIEWMOUNT DR @ MERIVALE RD","365193.36265","5022949.83319","-75.72934","45.34390","2017","2/17/2017","9:32:00 AM","01 - Clear","02 - Wet","01 - Traffic signal","03 - At intersection","01 - Daylight","03 - P.D. only","02 - Angle"
"13871","VIEWMOUNT DR @ MERIVALE RD","365194.03155","5022949.16430","-75.72933","45.34389","2017","2/10/2017","7:33:00 AM","01 - Clear","01 - Dry","01 - Traffic signal","02 - Intersection related","01 - Daylight","03 - P.D. only","03 - Rear end"
"13872","VIEWMOUNT DR @ MERIVALE RD","365193.69710","5022949.72997","-75.72934","45.34389","2017","2/2/2017","9:29:00 PM","01 - Clear","02 - Wet","01 - Traffic signal","02 - Intersection related","07 - Dark","03 - P.D. only","05 - Turning movement"
"13873","VIEWMOUNT DR @ MERIVALE RD","365193.15065","5022948.49540","-75.72934","45.34388","2017","1/30/2017","4:14:00 PM","01 - Clear","01 - Dry","01 - Traffic signal","02 - Intersection related","01 - Daylight","03 - P.D. only","03 - Rear end"
"13874","VIEWMOUNT DR @ MERIVALE RD","365192.19616","5022947.36970","-75.72936","45.34387","2017","2/6/2017","6:07:00 PM","03 - Snow","06 - Ice","01 - Traffic signal","02 - Intersection related","07 - Dark","03 - P.D. only","99 - Other"
"13875","VIEWMOUNT DR @ MERIVALE RD","365193.36265","5022949.83319","-75.72934","45.34390","2017","4/15/2017","12:07:00 PM","01 - Clear","01 - Dry","01 - Traffic signal","02 - Intersection related","01 - Daylight","03 - P.D. only","03 - Rear end"
"13876","VIEWMOUNT DR @ MERIVALE RD","365194.70044","5022947.82650","-75.72932","45.34388","2017","2/26/2017","3:45:00 PM","01 - Clear","01 - Dry","01 - Traffic signal","02 - Intersection related","01 - Daylight","03 - P.D. only","04 - Sideswipe"
"13877","VIEWMOUNT DR @ MERIVALE RD","365193.36265","5022949.83319","-75.72934","45.34390","2017","12/16/2017","3:21:00 AM","03 - Snow","05 - Packed snow","01 - Traffic signal","03 - At intersection","07 - Dark","03 - P.D. only","02 - Angle"
"13878","VIEWMOUNT DR @ MERIVALE RD","365193.21920","5022948.25645","-75.72934","45.34388","2017","12/17/2017","1:26:00 PM","03 - Snow","06 - Ice","01 - Traffic signal","03 - At intersection","01 - Daylight","03 - P.D. only","03 - Rear end"
"13879","VIEWMOUNT DR @ MERIVALE RD","365194.17047","5022949.20546","-75.72933","45.34389","2017","12/20/2017","4:04:00 PM","01 - Clear","01 - Dry","01 - Traffic signal","02 - Intersection related","05 - Dusk","03 - P.D. only","05 - Turning movement"
"13880","VIEWMOUNT DR btwn 140 W OF CHESTERTON & EUROPA PRIV","366145.70959","5023408.63386","-75.71713","45.34794","2017","11/8/2017","9:35:00 PM","01 - Clear","01 - Dry","10 - No control","01 - Non intersection","07 - Dark","03 - P.D. only","06 - SMV unattended vehicle"
"13881","VIEWMOUNT DR btwn CHESTERTON DR & COACH HOUSE GT","366236.47996","5023523.92329","-75.71596","45.34897","2017","11/9/2017","10:29:00 AM","01 - Clear","01 - Dry","10 - No control","04 - At/near private drive","01 - Daylight","02 - Non-fatal injury","03 - Rear end"
"13882","VIEWMOUNT DR btwn GLENMANOR DR & MERIVALE RD","365173.96466","5022937.12416","-75.72959","45.34378","2017","2/22/2017","1:09:00 PM","01 - Clear","01 - Dry","10 - No control","01 - Non intersection","01 - Daylight","03 - P.D. only","04 - Sideswipe"
"13883","VIEWMOUNT DR btwn MERIVALE RD & GRANT CARMAN DR","365271.15015","5022993.54814","-75.72834","45.34428","2017","10/27/2017","9:10:00 AM","01 - Clear","01 - Dry","10 - No control","04 - At/near private drive","01 - Daylight","03 - P.D. only","05 - Turning movement"
"13884","VIEWMOUNT DR btwn MERIVALE RD & GRANT CARMAN DR","365298.24560","5023010.36316","-75.72800","45.34443","2017","10/18/2017","9:46:00 PM","01 - Clear","01 - Dry","10 - No control","04 - At/near private drive","07 - Dark","03 - P.D. only","02 - Angle"
"13885","VIEWMOUNT DR btwn MERIVALE RD & GRANT CARMAN DR","365295.03489","5023010.03386","-75.72804","45.34443","2017","11/6/2017","3:15:00 PM","01 - Clear","01 - Dry","10 - No control","04 - At/near private drive","01 - Daylight","03 - P.D. only","05 - Turning movement"
"13886","VIEWMOUNT DR btwn MERIVALE RD & GRANT CARMAN DR","365307.07503","5023016.05393","-75.72788","45.34448","2017","12/5/2017","4:30:00 PM","02 - Rain","02 - Wet","10 - No control","04 - At/near private drive","05 - Dusk","03 - P.D. only","05 - Turning movement"
"13887","VIEWMOUNT DR btwn MERIVALE RD & GRANT CARMAN DR","365287.85198","5023006.47327","-75.72813","45.34440","2017","1/31/2017","6:46:00 PM","01 - Clear","01 - Dry","10 - No control","04 - At/near private drive","07 - Dark","03 - P.D. only","02 - Angle"
"13888","VIEWMOUNT DR btwn MERIVALE RD & GRANT CARMAN DR","365286.00479","5023002.69658","-75.72815","45.34436","2017","12/19/2017","4:20:00 PM","04 - Freezing Rain","04 - Slush","10 - No control","04 - At/near private drive","05 - Dusk","03 - P.D. only","05 - Turning movement"
"13889","VIRGINIA DR btwn KILBORN AVE & MCMASTER AVE","371769.42777","5027864.53573","-75.64477","45.38752","2017","5/10/2017","2:03:00 PM","01 - Clear","01 - Dry","10 - No control","04 - At/near private drive","01 - Daylight","03 - P.D. only","06 - SMV unattended vehicle"
"13890","VISTAPARK DR @ BRANTHAVEN ST","385024.93900","5034951.35595","-75.47436","45.44989","2017","10/17/2017","8:40:00 AM","01 - Clear","01 - Dry","10 - No control","02 - Intersection related","01 - Daylight","03 - P.D. only","02 - Angle"
"13891","WADE CRT btwn CRAIG HENRY DR & END","361255.98951","5021475.22270","-75.77975","45.33095","2017","4/24/2017","12:00:00 AM","01 - Clear","01 - Dry","10 - No control","01 - Non intersection","00 - Unknown","03 - P.D. only","06 - SMV unattended vehicle"