"Record","Location","X","Y","Longitude","Latitude","Year","Date","Time","Environment","Road_Surface","Traffic_Control","Collision_Location","Light","Collision_Classification","Impact_type"
"13892","WALGREEN RD N @ WESTBROOK RD N","347507.90335","5015220.77699","-75.95567","45.27565","2017","5/12/2017","6:16:00 AM","01 - Clear","01 - Dry","02 - Stop sign","03 - At intersection","01 - Daylight","03 - P.D. only","02 - Angle"
"13893","WALKLEY EXTENSION RD btwn HWY417 IC110 RAMP65 & HWY417 IC110 RAMP56","375821.57873","5029086.73339","-75.59285","45.39812","2017","5/16/2017","2:40:00 PM","01 - Clear","01 - Dry","10 - No control","07 - Overpass or bridge","01 - Daylight","03 - P.D. only","03 - Rear end"
"13894","WALKLEY EXTENSION RD btwn HWY417 IC110 RAMP65 & HWY417 IC110 RAMP56","375821.67895","5029087.24232","-75.59285","45.39812","2017","5/16/2017","2:17:00 PM","01 - Clear","01 - Dry","10 - No control","07 - Overpass or bridge","01 - Daylight","02 - Non-fatal injury","04 - Sideswipe"
"13895","WALKLEY EXTENSION RD btwn HWY417 IC110 RAMP66 & RAMSAYVILLE RD","376238.32320","5029314.19568","-75.58750","45.40012","2017","12/12/2017","7:32:00 AM","03 - Snow","04 - Slush","10 - No control","01 - Non intersection","03 - Dawn","03 - P.D. only","07 - SMV other"
"13896","WALKLEY EXTENSION RD btwn WALKLEY RD & HWY417 IC110 RAMP55","375501.95574","5028915.93871","-75.59696","45.39661","2017","1/25/2017","5:17:00 PM","01 - Clear","02 - Wet","10 - No control","01 - Non intersection","05 - Dusk","02 - Non-fatal injury","03 - Rear end"
"13897","WALKLEY RD @ 160 W OF CONROY RD","372768.30255","5027385.47169","-75.63208","45.38311","2017","5/11/2017","5:42:00 AM","01 - Clear","01 - Dry","01 - Traffic signal","02 - Intersection related","03 - Dawn","02 - Non-fatal injury","07 - SMV other"
"13898","WALKLEY RD @ AIRPORT PKWY SB RAMP","369837.19047","5025651.28961","-75.66973","45.36779","2017","12/20/2017","5:14:00 PM","01 - Clear","04 - Slush","03 - Yield sign","02 - Intersection related","07 - Dark","03 - P.D. only","03 - Rear end"
"13899","WALKLEY RD @ DON REID DR/RYDER ST","372602.06135","5027285.21290","-75.63422","45.38223","2017","6/4/2017","12:37:00 PM","01 - Clear","01 - Dry","01 - Traffic signal","03 - At intersection","01 - Daylight","03 - P.D. only","02 - Angle"
"13900","WALKLEY RD @ DON REID DR/RYDER ST","372602.30458","5027284.41325","-75.63421","45.38222","2017","5/29/2017","10:40:00 AM","02 - Rain","02 - Wet","01 - Traffic signal","03 - At intersection","01 - Daylight","03 - P.D. only","02 - Angle"
"13901","WALKLEY RD @ DON REID DR/RYDER ST","372601.72690","5027284.31438","-75.63422","45.38222","2017","6/28/2017","3:34:00 PM","01 - Clear","01 - Dry","01 - Traffic signal","03 - At intersection","01 - Daylight","02 - Non-fatal injury","02 - Angle"
"13902","WALKLEY RD @ DON REID DR/RYDER ST","372602.33673","5027284.53700","-75.63421","45.38222","2017","9/2/2017","4:25:00 PM","01 - Clear","01 - Dry","01 - Traffic signal","03 - At intersection","01 - Daylight","02 - Non-fatal injury","02 - Angle"
"13903","WALKLEY RD @ DON REID DR/RYDER ST","372602.60492","5027284.24728","-75.63421","45.38222","2017","6/28/2017","3:51:00 PM","01 - Clear","01 - Dry","01 - Traffic signal","02 - Intersection related","01 - Daylight","03 - P.D. only","03 - Rear end"
"13904","WALKLEY RD @ DON REID DR/RYDER ST","372604.08975","5027286.89099","-75.63419","45.38224","2017","8/8/2017","7:30:00 AM","01 - Clear","01 - Dry","01 - Traffic signal","02 - Intersection related","01 - Daylight","03 - P.D. only","03 - Rear end"
"13905","WALKLEY RD @ DON REID DR/RYDER ST","372601.80627","5027284.53700","-75.63422","45.38222","2017","9/26/2017","11:04:00 PM","01 - Clear","01 - Dry","01 - Traffic signal","02 - Intersection related","07 - Dark","03 - P.D. only","03 - Rear end"
"13906","WALKLEY RD @ DON REID DR/RYDER ST","372602.06135","5027284.54400","-75.63422","45.38222","2017","10/20/2017","5:15:00 PM","01 - Clear","01 - Dry","01 - Traffic signal","02 - Intersection related","01 - Daylight","02 - Non-fatal injury","03 - Rear end"
"13907","WALKLEY RD @ DON REID DR/RYDER ST","372602.73024","5027285.21290","-75.63421","45.38223","2017","3/24/2017","11:16:00 AM","03 - Snow","02 - Wet","01 - Traffic signal","02 - Intersection related","01 - Daylight","03 - P.D. only","07 - SMV other"
"13908","WALKLEY RD @ DON REID DR/RYDER ST","372602.73024","5027283.87510","-75.63421","45.38221","2017","3/14/2017","6:18:00 PM","03 - Snow","03 - Loose snow","01 - Traffic signal","02 - Intersection related","05 - Dusk","03 - P.D. only","07 - SMV other"
"13909","WALKLEY RD @ GLENHAVEN PRIV","370212.96547","5025873.93061","-75.66491","45.36976","2017","8/17/2017","11:43:00 AM","01 - Clear","01 - Dry","01 - Traffic signal","02 - Intersection related","01 - Daylight","03 - P.D. only","04 - Sideswipe"
"13910","WALKLEY RD @ GLENHAVEN PRIV","370213.00028","5025872.48543","-75.66491","45.36974","2017","8/25/2017","12:19:00 PM","01 - Clear","08 - Loose sand or gravel","01 - Traffic signal","02 - Intersection related","01 - Daylight","02 - Non-fatal injury","03 - Rear end"
"13911","WALKLEY RD @ GLENHAVEN PRIV","370213.32965","5025873.67217","-75.66490","45.36975","2017","7/6/2017","5:14:00 PM","01 - Clear","01 - Dry","01 - Traffic signal","02 - Intersection related","01 - Daylight","03 - P.D. only","03 - Rear end"
"13912","WALKLEY RD @ GLENHAVEN PRIV","370212.87926","5025873.46424","-75.66491","45.36975","2017","9/14/2017","9:00:00 AM","01 - Clear","01 - Dry","01 - Traffic signal","03 - At intersection","01 - Daylight","03 - P.D. only","05 - Turning movement"
"13913","WALKLEY RD @ GLENHAVEN PRIV","370211.70246","5025874.68350","-75.66492","45.36976","2017","2/11/2017","6:14:00 AM","01 - Clear","04 - Slush","01 - Traffic signal","02 - Intersection related","03 - Dawn","03 - P.D. only","07 - SMV other"
"13914","WALKLEY RD @ HEATHERINGTON RD","371767.47527","5026794.90193","-75.64494","45.37790","2017","1/7/2017","8:07:00 AM","01 - Clear","06 - Ice","01 - Traffic signal","02 - Intersection related","01 - Daylight","03 - P.D. only","03 - Rear end"
"13915","WALKLEY RD @ SPRINGLAND DR/OTTERSON DR","368723.38984","5024982.51170","-75.68404","45.36187","2017","5/17/2017","4:10:00 PM","01 - Clear","01 - Dry","01 - Traffic signal","03 - At intersection","01 - Daylight","02 - Non-fatal injury","07 - SMV other"
"13916","WALKLEY RD @ SPRINGLAND DR/OTTERSON DR","368721.17115","5024981.96525","-75.68407","45.36187","2017","5/28/2017","5:24:00 PM","02 - Rain","02 - Wet","01 - Traffic signal","02 - Intersection related","01 - Daylight","03 - P.D. only","03 - Rear end"
"13917","WALKLEY RD @ SPRINGLAND DR/OTTERSON DR","368721.93831","5024983.45835","-75.68406","45.36188","2017","4/15/2017","9:44:00 AM","01 - Clear","01 - Dry","01 - Traffic signal","02 - Intersection related","01 - Daylight","03 - P.D. only","05 - Turning movement"
"13918","WALKLEY RD btwn AVONCOURT WAY & SOUTHMORE DR E","369660.79496","5025546.06781","-75.67200","45.36686","2017","6/19/2017","5:50:00 PM","01 - Clear","01 - Dry","10 - No control","01 - Non intersection","01 - Daylight","03 - P.D. only","03 - Rear end"
"13919","WALKLEY RD btwn BANK ST & BANFF AVE","370425.89934","5025998.14910","-75.66217","45.37085","2017","10/8/2017","2:20:00 PM","01 - Clear","01 - Dry","10 - No control","01 - Non intersection","01 - Daylight","03 - P.D. only","03 - Rear end"
"13920","WALKLEY RD btwn BANTON ST & MELFORT ST","374394.77931","5028336.78600","-75.61118","45.39151","2017","9/26/2017","12:32:00 PM","01 - Clear","01 - Dry","10 - No control","01 - Non intersection","01 - Daylight","02 - Non-fatal injury","03 - Rear end"
"13921","WALKLEY RD btwn BAYCREST DR & HEATHERINGTON RD","371536.60803","5026657.71339","-75.64791","45.37668","2017","7/31/2017","9:52:00 AM","01 - Clear","01 - Dry","10 - No control","04 - At/near private drive","01 - Daylight","03 - P.D. only","03 - Rear end"
"13922","WALKLEY RD btwn BAYCREST DR & HEATHERINGTON RD","371530.27877","5026655.92727","-75.64799","45.37667","2017","10/18/2017","5:31:00 PM","01 - Clear","01 - Dry","10 - No control","04 - At/near private drive","01 - Daylight","03 - P.D. only","03 - Rear end"
"13923","WALKLEY RD btwn BAYCREST DR & HEATHERINGTON RD","371514.96949","5026641.47721","-75.64818","45.37654","2017","10/2/2017","2:26:00 AM","01 - Clear","01 - Dry","10 - No control","01 - Non intersection","07 - Dark","03 - P.D. only","07 - SMV other"
"13924","WALKLEY RD btwn BAYCREST DR & HEATHERINGTON RD","371741.20885","5026779.89255","-75.64528","45.37776","2017","1/5/2017","3:17:00 PM","01 - Clear","02 - Wet","10 - No control","04 - At/near private drive","01 - Daylight","03 - P.D. only","02 - Angle"
"13925","WALKLEY RD btwn COLLISTON CRES & CEDARWOOD DR","371080.55915","5026382.76371","-75.65376","45.37425","2017","3/20/2017","12:15:00 PM","01 - Clear","01 - Dry","10 - No control","04 - At/near private drive","01 - Daylight","02 - Non-fatal injury","03 - Rear end"
"13926","WALKLEY RD btwn COLLISTON CRES & COLLISTON CRES","370945.39876","5026303.15520","-75.65550","45.37355","2017","10/24/2017","7:23:00 PM","01 - Clear","01 - Dry","10 - No control","01 - Non intersection","07 - Dark","03 - P.D. only","03 - Rear end"
"13927","WALKLEY RD btwn CONROY RD & 160 W OF CONROY RD","372779.22556","5027389.92183","-75.63194","45.38315","2017","10/26/2017","3:41:00 PM","01 - Clear","01 - Dry","10 - No control","01 - Non intersection","01 - Daylight","03 - P.D. only","03 - Rear end"
"13928","WALKLEY RD btwn CONROY RD & 160 W OF CONROY RD","372853.22093","5027433.43097","-75.63099","45.38354","2017","11/24/2017","4:41:00 PM","01 - Clear","02 - Wet","10 - No control","01 - Non intersection","05 - Dusk","03 - P.D. only","03 - Rear end"
"13929","WALKLEY RD btwn DON REID DR/RYDER ST & 160 W OF CONROY RD","372647.91836","5027312.22856","-75.63363","45.38247","2017","5/13/2017","12:47:00 PM","02 - Rain","02 - Wet","10 - No control","01 - Non intersection","01 - Daylight","03 - P.D. only","03 - Rear end"
"13930","WALKLEY RD btwn GLENHAVEN PRIV & BANK ST","370317.45066","5025935.69477","-75.66357","45.37030","2017","12/12/2017","11:20:00 AM","03 - Snow","03 - Loose snow","10 - No control","01 - Non intersection","01 - Daylight","03 - P.D. only","07 - SMV other"
"13931","WALKLEY RD btwn HALIFAX DR & ST. LAURENT BLVD","373880.22721","5028033.93397","-75.61779","45.38884","2017","6/16/2017","1:12:00 PM","01 - Clear","01 - Dry","10 - No control","01 - Non intersection","01 - Daylight","03 - P.D. only","04 - Sideswipe"
"13932","WALKLEY RD btwn HALIFAX DR & ST. LAURENT BLVD","373781.60480","5027977.97492","-75.61906","45.38834","2017","11/26/2017","5:30:00 PM","03 - Snow","03 - Loose snow","10 - No control","01 - Non intersection","07 - Dark","03 - P.D. only","03 - Rear end"
"13933","WALKLEY RD btwn HALIFAX DR & ST. LAURENT BLVD","373781.60526","5027977.97515","-75.61906","45.38834","2017","11/10/2017","6:10:00 AM","01 - Clear","01 - Dry","10 - No control","01 - Non intersection","07 - Dark","03 - P.D. only","04 - Sideswipe"
"13934","WALKLEY RD btwn HALIFAX DR & ST. LAURENT BLVD","373875.88381","5028031.49433","-75.61785","45.38882","2017","1/28/2017","6:12:00 PM","01 - Clear","02 - Wet","10 - No control","01 - Non intersection","07 - Dark","03 - P.D. only","03 - Rear end"
"13935","WALKLEY RD btwn HARDING RD & HALIFAX DR","373319.36062","5027711.83572","-75.62500","45.38600","2017","6/20/2017","8:07:00 AM","01 - Clear","01 - Dry","10 - No control","01 - Non intersection","01 - Daylight","03 - P.D. only","05 - Turning movement"
"13936","WALKLEY RD btwn HARDING RD & HALIFAX DR","373549.75707","5027847.36949","-75.62204","45.38719","2017","5/26/2017","1:21:00 PM","02 - Rain","02 - Wet","10 - No control","01 - Non intersection","01 - Daylight","02 - Non-fatal injury","05 - Turning movement"
"13937","WALKLEY RD btwn HARDING RD & HALIFAX DR","373215.17718","5027646.60439","-75.62634","45.38542","2017","9/3/2017","1:18:00 PM","02 - Rain","02 - Wet","10 - No control","04 - At/near private drive","01 - Daylight","03 - P.D. only","03 - Rear end"
"13938","WALKLEY RD btwn HARDING RD & HALIFAX DR","373591.63388","5027869.42128","-75.62150","45.38739","2017","10/17/2017","11:17:00 AM","01 - Clear","01 - Dry","10 - No control","04 - At/near private drive","01 - Daylight","03 - P.D. only","03 - Rear end"
"13939","WALKLEY RD btwn HARDING RD & HALIFAX DR","373596.96257","5027872.89164","-75.62143","45.38742","2017","2/15/2017","8:37:00 AM","03 - Snow","05 - Packed snow","10 - No control","04 - At/near private drive","01 - Daylight","03 - P.D. only","05 - Turning movement"
"13940","WALKLEY RD btwn HEATHERINGTON RD & 152 E OF HEATHERINGTON RD","371835.95557","5026836.19337","-75.64406","45.37826","2017","7/5/2017","6:37:00 PM","01 - Clear","01 - Dry","10 - No control","04 - At/near private drive","01 - Daylight","03 - P.D. only","02 - Angle"
"13941","WALKLEY RD btwn HOLLY LANE & TURN LANE","372191.78247","5027039.22866","-75.63949","45.38005","2017","4/28/2017","3:25:00 PM","01 - Clear","01 - Dry","10 - No control","04 - At/near private drive","01 - Daylight","02 - Non-fatal injury","02 - Angle"
"13942","WALKLEY RD btwn HOLLY LANE & TURN LANE","372191.92426","5027043.98972","-75.63949","45.38010","2017","7/14/2017","4:39:00 PM","01 - Clear","01 - Dry","10 - No control","01 - Non intersection","01 - Daylight","03 - P.D. only","03 - Rear end"
"13943","WALKLEY RD btwn HOLLY LANE & TURN LANE","372181.97616","5027035.49587","-75.63961","45.38002","2017","10/21/2017","1:53:00 PM","01 - Clear","01 - Dry","10 - No control","01 - Non intersection","01 - Daylight","02 - Non-fatal injury","04 - Sideswipe"
"13944","WALKLEY RD btwn HOLLY LANE & TURN LANE","372196.53708","5027044.69996","-75.63943","45.38010","2017","2/28/2017","6:15:00 PM","01 - Clear","01 - Dry","10 - No control","04 - At/near private drive","07 - Dark","03 - P.D. only","03 - Rear end"
"13945","WALKLEY RD btwn HOLLY LANE & TURN LANE","372196.78094","5027044.69996","-75.63942","45.38010","2017","2/28/2017","3:30:00 PM","01 - Clear","01 - Dry","10 - No control","04 - At/near private drive","01 - Daylight","03 - P.D. only","05 - Turning movement"
"13946","WALKLEY RD btwn JASPER AVE & COLLISTON CRES","370887.34458","5026269.74700","-75.65625","45.37325","2017","4/17/2017","1:07:00 AM","01 - Clear","01 - Dry","10 - No control","01 - Non intersection","07 - Dark","03 - P.D. only","05 - Turning movement"
"13947","WALKLEY RD btwn MELFORT ST & RUSSELL RD","374556.58157","5028431.72979","-75.60910","45.39235","2017","10/4/2017","4:13:00 PM","01 - Clear","01 - Dry","10 - No control","01 - Non intersection","01 - Daylight","02 - Non-fatal injury","05 - Turning movement"
"13948","WALKLEY RD btwn ST. LAURENT BLVD & MARTHA AVE","373945.82702","5028071.23380","-75.61695","45.38917","2017","10/26/2017","9:40:00 PM","01 - Clear","01 - Dry","10 - No control","01 - Non intersection","07 - Dark","03 - P.D. only","06 - SMV unattended vehicle"
"13949","WALKLEY RD btwn ST. LAURENT BLVD & MARTHA AVE","373932.69181","5028064.40301","-75.61712","45.38911","2017","2/25/2017","2:20:00 PM","02 - Rain","02 - Wet","10 - No control","01 - Non intersection","01 - Daylight","03 - P.D. only","04 - Sideswipe"
"13950","WALKLEY RD btwn TAWNEY RD & BANTON ST","374144.08217","5028190.96536","-75.61440","45.39022","2017","11/7/2017","8:07:00 AM","01 - Clear","01 - Dry","10 - No control","04 - At/near private drive","01 - Daylight","03 - P.D. only","03 - Rear end"
"13951","WALKLEY RD btwn TURN LANE & RYDER ST","372419.45265","5027176.85169","-75.63656","45.38127","2017","6/12/2017","6:20:00 PM","01 - Clear","01 - Dry","10 - No control","01 - Non intersection","01 - Daylight","02 - Non-fatal injury","03 - Rear end"
"13952","WALKLEY RD btwn TURN LANE & RYDER ST","372368.28699","5027145.88900","-75.63722","45.38100","2017","2/7/2017","7:35:00 PM","03 - Snow","04 - Slush","10 - No control","01 - Non intersection","07 - Dark","03 - P.D. only","01 - Approaching"
"13953","WALLER ST btwn BESSERER ST & DALY AVE","368329.91264","5032145.45968","-75.68814","45.42636","2017","6/21/2017","9:43:00 AM","01 - Clear","01 - Dry","10 - No control","01 - Non intersection","01 - Daylight","02 - Non-fatal injury","04 - Sideswipe"
"13954","WALLER ST btwn DALY AVE & STEWART ST","368351.59420","5032098.91054","-75.68787","45.42594","2017","8/30/2017","8:07:00 PM","01 - Clear","09 - Spilled liquid","10 - No control","01 - Non intersection","05 - Dusk","02 - Non-fatal injury","07 - SMV other"
"13955","WALSH AVE btwn RICHARDSON AVE & WOODLAND AVE","361470.63250","5025679.31689","-75.77653","45.36877","2017","3/20/2017","4:32:00 PM","01 - Clear","01 - Dry","10 - No control","04 - At/near private drive","01 - Daylight","03 - P.D. only","06 - SMV unattended vehicle"
"13956","WARBONNET DR @ WALLFORD WAY","365267.26202","5024908.66545","-75.72816","45.36151","2017","3/22/2017","1:00:00 PM","01 - Clear","01 - Dry","03 - Yield sign","03 - At intersection","01 - Daylight","03 - P.D. only","02 - Angle"
"13957","WARDEN AVE btwn REYNOLDS DR & PRESTWICK DR","382992.88773","5037416.76704","-75.49994","45.47230","2017","12/24/2017","10:57:00 AM","01 - Clear","05 - Packed snow","10 - No control","04 - At/near private drive","01 - Daylight","03 - P.D. only","02 - Angle"
"13958","WARWICK PL btwn SHERWOOD DR & END","365413.50430","5028868.81420","-75.72581","45.39713","2017","2/16/2017","6:00:00 PM","03 - Snow","03 - Loose snow","10 - No control","01 - Non intersection","05 - Dusk","03 - P.D. only","06 - SMV unattended vehicle"
"13959","WATSON ST btwn FALLIS AVE & ST. STEPHEN'S ST","360102.90649","5024138.68562","-75.79416","45.35501","2017","4/29/2017","3:00:00 PM","01 - Clear","01 - Dry","10 - No control","01 - Non intersection","01 - Daylight","03 - P.D. only","06 - SMV unattended vehicle"
"13960","WATSON ST btwn FALLIS AVE & ST. STEPHEN'S ST","360085.08266","5024191.05081","-75.79438","45.35548","2017","12/29/2017","11:00:00 PM","01 - Clear","05 - Packed snow","10 - No control","01 - Non intersection","07 - Dark","03 - P.D. only","06 - SMV unattended vehicle"
"13961","WATSON ST btwn ST. STEPHEN'S ST & DUMAURIER AVE","360186.06029","5023933.41675","-75.79312","45.35316","2017","5/26/2017","1:00:00 AM","02 - Rain","02 - Wet","10 - No control","01 - Non intersection","07 - Dark","02 - Non-fatal injury","07 - SMV other"
"13962","WATTERS RD btwn TRIM RD & END","385923.35096","5038804.95444","-75.46224","45.48445","2017","9/10/2017","6:46:00 PM","01 - Clear","01 - Dry","10 - No control","01 - Non intersection","01 - Daylight","03 - P.D. only","07 - SMV other"
"13963","WAVERLEY ST @ O'CONNOR ST","368008.88575","5030766.36700","-75.69242","45.41398","2017","5/17/2017","3:25:00 PM","01 - Clear","01 - Dry","02 - Stop sign","02 - Intersection related","01 - Daylight","03 - P.D. only","03 - Rear end"
"13964","WAVERLEY ST @ O'CONNOR ST","368008.88575","5030765.00243","-75.69242","45.41397","2017","11/22/2017","4:49:00 PM","01 - Clear","01 - Dry","02 - Stop sign","03 - At intersection","05 - Dusk","02 - Non-fatal injury","02 - Angle"
"13965","WAVERLEY ST @ O'CONNOR ST","368009.71154","5030765.57010","-75.69241","45.41397","2017","4/5/2017","3:40:00 PM","01 - Clear","01 - Dry","02 - Stop sign","02 - Intersection related","01 - Daylight","03 - P.D. only","04 - Sideswipe"
"13966","WAVERLEY ST btwn ELGIN ST & CARTIER ST","368363.90485","5030980.52430","-75.68785","45.41587","2017","7/23/2017","1:45:00 AM","01 - Clear","01 - Dry","10 - No control","01 - Non intersection","07 - Dark","03 - P.D. only","06 - SMV unattended vehicle"
"13967","WAYMARK CRES btwn BRIDGESTONE DR & BRIDGESTONE DR","355343.30150","5016055.23557","-75.85573","45.28264","2017","11/20/2017","12:00:00 AM","01 - Clear","02 - Wet","10 - No control","01 - Non intersection","00 - Unknown","03 - P.D. only","06 - SMV unattended vehicle"
"13968","WELLINGTON ST    W btwn FAIRMONT AVE & IRVING AVE","365581.91240","5029734.67920","-75.72355","45.40491","2017","12/14/2017","3:09:00 PM","01 - Clear","01 - Dry","10 - No control","01 - Non intersection","01 - Daylight","03 - P.D. only","04 - Sideswipe"
"13969","WELLINGTON ST    W btwn FAIRMONT AVE & IRVING AVE","365561.97386","5029706.87544","-75.72381","45.40466","2017","12/27/2017","7:03:00 PM","01 - Clear","03 - Loose snow","10 - No control","01 - Non intersection","07 - Dark","03 - P.D. only","06 - SMV unattended vehicle"
"13970","WELLINGTON ST    W btwn GRANVILLE AVE & GILCHRIST AVE","364391.10750","5028984.10800","-75.73885","45.39826","2017","9/10/2017","11:30:00 AM","01 - Clear","01 - Dry","10 - No control","01 - Non intersection","01 - Daylight","02 - Non-fatal injury","06 - SMV unattended vehicle"
"13971","WELLINGTON ST    W btwn HAMILTON AVE N & PARKDALE AVE","365105.20356","5029246.65037","-75.72970","45.40056","2017","10/11/2017","4:33:00 PM","01 - Clear","01 - Dry","10 - No control","01 - Non intersection","01 - Daylight","03 - P.D. only","04 - Sideswipe"
"13972","WELLINGTON ST    W btwn HAMILTON AVE N & PARKDALE AVE","365131.97485","5029259.18446","-75.72935","45.40067","2017","11/27/2017","12:23:00 PM","01 - Clear","01 - Dry","10 - No control","01 - Non intersection","01 - Daylight","03 - P.D. only","06 - SMV unattended vehicle"
"13973","WELLINGTON ST    W btwn HAMPTON AVE & ROSS AVE","364480.93001","5029009.55096","-75.73770","45.39848","2017","4/29/2017","9:20:00 AM","01 - Clear","01 - Dry","10 - No control","01 - Non intersection","01 - Daylight","03 - P.D. only","06 - SMV unattended vehicle"
"13974","WELLINGTON ST    W btwn HARMER AVE N & HURON AVE N","364821.30094","5029113.95598","-75.73334","45.39939","2017","8/27/2017","12:00:00 AM","01 - Clear","01 - Dry","10 - No control","01 - Non intersection","00 - Unknown","03 - P.D. only","06 - SMV unattended vehicle"
"13975","WELLINGTON ST    W btwn HOLLAND AVE & HINTON AVE N","364962.81177","5029172.95239","-75.73152","45.39991","2017","5/31/2017","12:00:00 AM","01 - Clear","01 - Dry","10 - No control","01 - Non intersection","00 - Unknown","03 - P.D. only","06 - SMV unattended vehicle"
"13976","WELLINGTON ST    W btwn HOLLAND AVE & HINTON AVE N","364970.53125","5029175.53395","-75.73143","45.39993","2017","3/17/2017","12:00:00 AM","01 - Clear","01 - Dry","10 - No control","01 - Non intersection","00 - Unknown","03 - P.D. only","06 - SMV unattended vehicle"
"13977","WELLINGTON ST    W btwn IRVING AVE & GARLAND ST","365631.49656","5029812.54738","-75.72291","45.40561","2017","3/10/2017","6:26:00 AM","01 - Clear","01 - Dry","10 - No control","01 - Non intersection","01 - Daylight","03 - P.D. only","06 - SMV unattended vehicle"
"13978","WELLINGTON ST    W btwn MERTON ST & FAIRMONT AVE","365499.08071","5029608.76465","-75.72462","45.40378","2017","9/27/2017","8:41:00 AM","01 - Clear","01 - Dry","10 - No control","01 - Non intersection","01 - Daylight","03 - P.D. only","06 - SMV unattended vehicle"
"13979","WELLINGTON ST    W btwn MERTON ST & FAIRMONT AVE","365505.75506","5029623.98844","-75.72453","45.40392","2017","1/2/2017","4:51:00 PM","01 - Clear","01 - Dry","10 - No control","01 - Non intersection","05 - Dusk","03 - P.D. only","04 - Sideswipe"
"13980","WELLINGTON ST    W btwn PARKDALE AVE & MCCORMICK ST","365298.53737","5029367.66954","-75.72721","45.40163","2017","8/8/2017","8:00:00 AM","01 - Clear","01 - Dry","10 - No control","01 - Non intersection","01 - Daylight","03 - P.D. only","06 - SMV unattended vehicle"
"13981","WELLINGTON ST    W btwn ROSEMOUNT AVE & STIRLING AVE","365362.32237","5029430.50290","-75.72639","45.40219","2017","6/8/2017","5:51:00 PM","01 - Clear","01 - Dry","10 - No control","01 - Non intersection","01 - Daylight","03 - P.D. only","04 - Sideswipe"
"13982","WELLINGTON ST    W btwn ROSS AVE & CLARENDON AVE","364519.98961","5029022.22411","-75.73720","45.39859","2017","3/10/2017","9:45:00 AM","01 - Clear","01 - Dry","10 - No control","01 - Non intersection","01 - Daylight","03 - P.D. only","04 - Sideswipe"
"13983","WELLINGTON ST    W btwn SHERBROOKE AVE & PINHEY ST","365438.67843","5029525.29851","-75.72540","45.40304","2017","3/18/2017","10:30:00 AM","01 - Clear","01 - Dry","10 - No control","01 - Non intersection","01 - Daylight","03 - P.D. only","06 - SMV unattended vehicle"
"13984","WELLINGTON ST    W btwn SPADINA AVE & BAYVIEW RD","365742.46260","5029983.28164","-75.72147","45.40713","2017","4/12/2017","1:07:00 PM","01 - Clear","01 - Dry","10 - No control","04 - At/near private drive","01 - Daylight","03 - P.D. only","02 - Angle"
"13985","WELLINGTON ST @ BAYSWATER AVE/BAYVIEW RD","365761.92076","5030011.66416","-75.72121","45.40739","2017","7/24/2017","10:18:00 PM","02 - Rain","02 - Wet","02 - Stop sign","02 - Intersection related","07 - Dark","03 - P.D. only","03 - Rear end"
"13986","WELLINGTON ST @ BAYSWATER AVE/BAYVIEW RD","365760.86355","5030012.37280","-75.72123","45.40739","2017","11/24/2017","6:35:00 PM","01 - Clear","01 - Dry","02 - Stop sign","03 - At intersection","07 - Dark","03 - P.D. only","02 - Angle"
"13987","WELLINGTON ST @ BAYSWATER AVE/BAYVIEW RD","365760.22520","5030012.81635","-75.72124","45.40740","2017","11/1/2017","2:10:00 PM","02 - Rain","02 - Wet","02 - Stop sign","03 - At intersection","01 - Daylight","03 - P.D. only","05 - Turning movement"
"13988","WELLINGTON ST @ HAMILTON AVE","365078.89423","5029229.46857","-75.73004","45.40041","2017","5/9/2017","12:47:00 PM","01 - Clear","01 - Dry","02 - Stop sign","02 - Intersection related","01 - Daylight","03 - P.D. only","99 - Other"
"13989","WELLINGTON ST @ HAMILTON AVE","365080.14843","5029233.23116","-75.73002","45.40044","2017","6/19/2017","1:20:00 PM","01 - Clear","01 - Dry","02 - Stop sign","03 - At intersection","01 - Daylight","03 - P.D. only","05 - Turning movement"
"13990","WELLINGTON ST @ HAMILTON AVE","365078.94247","5029230.37545","-75.73003","45.40042","2017","8/24/2017","8:10:00 AM","01 - Clear","01 - Dry","02 - Stop sign","03 - At intersection","01 - Daylight","03 - P.D. only","02 - Angle"
"13991","WELLINGTON ST @ HAMILTON AVE","365078.55580","5029230.91475","-75.73004","45.40042","2017","7/14/2017","1:22:00 PM","01 - Clear","01 - Dry","02 - Stop sign","03 - At intersection","01 - Daylight","03 - P.D. only","02 - Angle"
"13992","WELLINGTON ST @ HAMILTON AVE","365077.64004","5029234.48536","-75.73005","45.40045","2017","12/1/2017","8:01:00 PM","01 - Clear","01 - Dry","02 - Stop sign","03 - At intersection","07 - Dark","02 - Non-fatal injury","05 - Turning movement"
"13993","WELLINGTON ST @ HAMILTON AVE","365077.69280","5029232.10845","-75.73005","45.40043","2017","1/19/2017","1:33:00 PM","01 - Clear","02 - Wet","02 - Stop sign","03 - At intersection","01 - Daylight","03 - P.D. only","02 - Angle"
"13994","WELLINGTON ST @ HAMILTON AVE","365077.14635","5029232.10845","-75.73006","45.40043","2017","1/30/2017","2:59:00 PM","01 - Clear","01 - Dry","02 - Stop sign","02 - Intersection related","01 - Daylight","03 - P.D. only","04 - Sideswipe"