"Record","Location","X","Y","Longitude","Latitude","Year","Date","Time","Environment","Road_Surface","Traffic_Control","Collision_Location","Light","Collision_Classification","Impact_type"
"13995","WELLINGTON ST @ HAMILTON AVE","365078.63955","5029231.32531","-75.73004","45.40042","2017","12/20/2017","4:15:00 PM","01 - Clear","05 - Packed snow","02 - Stop sign","02 - Intersection related","05 - Dusk","03 - P.D. only","99 - Other"
"13996","WELLINGTON ST @ LETT ST","366355.27940","5031111.95344","-75.71350","45.41724","2017","6/2/2017","3:10:00 PM","01 - Clear","01 - Dry","01 - Traffic signal","02 - Intersection related","01 - Daylight","03 - P.D. only","03 - Rear end"
"13997","WELLINGTON ST @ LETT ST","366354.11502","5031111.38908","-75.71351","45.41723","2017","8/26/2017","10:50:00 AM","01 - Clear","01 - Dry","01 - Traffic signal","02 - Intersection related","01 - Daylight","02 - Non-fatal injury","03 - Rear end"
"13998","WELLINGTON ST @ PINHEY ST","365454.72448","5029546.67742","-75.72520","45.40323","2017","1/4/2017","3:23:00 PM","01 - Clear","04 - Slush","02 - Stop sign","02 - Intersection related","01 - Daylight","03 - P.D. only","06 - SMV unattended vehicle"
"13999","WELLINGTON ST btwn BANK ST & O'CONNOR ST","367371.93213","5031696.61195","-75.70044","45.42241","2017","7/25/2017","2:35:00 PM","01 - Clear","01 - Dry","10 - No control","01 - Non intersection","01 - Daylight","02 - Non-fatal injury","04 - Sideswipe"
"14000","WELLINGTON ST btwn BANK ST & O'CONNOR ST","367387.69505","5031706.23170","-75.70023","45.42249","2017","12/6/2017","9:06:00 AM","01 - Clear","01 - Dry","10 - No control","01 - Non intersection","01 - Daylight","03 - P.D. only","01 - Approaching"
"14001","WELLINGTON ST btwn BAY ST & LYON ST N","366912.19408","5031410.78138","-75.70635","45.41987","2017","7/5/2017","5:00:00 PM","01 - Clear","01 - Dry","10 - No control","01 - Non intersection","01 - Daylight","03 - P.D. only","03 - Rear end"
"14002","WELLINGTON ST btwn Continuation of WELLINGTON ST & BAY ST","366766.85111","5031332.42784","-75.70821","45.41918","2017","7/4/2017","6:20:00 AM","01 - Clear","01 - Dry","10 - No control","04 - At/near private drive","01 - Daylight","02 - Non-fatal injury","05 - Turning movement"
"14003","WELLINGTON ST btwn KENT ST & BANK ST","367111.55682","5031536.13144","-75.70378","45.42098","2017","11/2/2017","9:21:00 AM","02 - Rain","02 - Wet","10 - No control","01 - Non intersection","01 - Daylight","03 - P.D. only","04 - Sideswipe"
"14004","WELLINGTON ST btwn KENT ST & BANK ST","367235.26727","5031614.27650","-75.70219","45.42168","2017","12/21/2017","8:48:00 AM","01 - Clear","01 - Dry","10 - No control","01 - Non intersection","01 - Daylight","03 - P.D. only","04 - Sideswipe"
"14005","WELLINGTON ST btwn KENT ST & BANK ST","367114.83422","5031537.84746","-75.70374","45.42100","2017","12/31/2017","6:00:00 AM","01 - Clear","04 - Slush","10 - No control","01 - Non intersection","07 - Dark","02 - Non-fatal injury","03 - Rear end"
"14006","WELLINGTON ST btwn O'CONNOR ST & METCALFE ST","367522.14262","5031791.19999","-75.69850","45.42324","2017","5/12/2017","4:23:00 PM","01 - Clear","01 - Dry","10 - No control","04 - At/near private drive","01 - Daylight","03 - P.D. only","05 - Turning movement"
"14007","WELLINGTON ST btwn OTTAWA RIVER PKWY & TO BE DETERMINED","366357.24736","5031113.68981","-75.71347","45.41725","2017","3/25/2017","9:43:00 PM","01 - Clear","02 - Wet","10 - No control","01 - Non intersection","07 - Dark","03 - P.D. only","07 - SMV other"
"14008","WELLINGTON ST btwn TO BE DETERMINED & BAY ST","366693.21376","5031278.92364","-75.70916","45.41871","2017","7/13/2017","8:09:00 AM","01 - Clear","01 - Dry","10 - No control","01 - Non intersection","01 - Daylight","03 - P.D. only","04 - Sideswipe"
"14009","WENDELL AVE @ HOBIN ST","349091.40152","5013853.57339","-75.93561","45.26325","2017","6/17/2017","11:21:00 AM","02 - Rain","02 - Wet","02 - Stop sign","02 - Intersection related","01 - Daylight","03 - P.D. only","03 - Rear end"
"14010","WENTWORTH AVE @ CARLING AVE","361330.88431","5025470.42106","-75.77834","45.36690","2017","7/20/2017","6:23:00 PM","01 - Clear","01 - Dry","02 - Stop sign","02 - Intersection related","01 - Daylight","03 - P.D. only","03 - Rear end"
"14011","WENTWORTH AVE btwn LAWN AVE & CARLING AVE","361303.71286","5025532.72144","-75.77868","45.36746","2017","2/1/2017","8:27:00 AM","01 - Clear","02 - Wet","10 - No control","04 - At/near private drive","01 - Daylight","03 - P.D. only","99 - Other"
"14012","WENTWORTH AVE btwn LAWN AVE & CARLING AVE","361289.19685","5025567.89393","-75.77886","45.36778","2017","2/20/2017","9:00:00 AM","01 - Clear","04 - Slush","10 - No control","01 - Non intersection","01 - Daylight","03 - P.D. only","06 - SMV unattended vehicle"
"14013","WESLOCK WAY btwn WALDEN DR & ZOKOL CRES","350719.55560","5021146.54252","-75.91419","45.32877","2017","5/25/2017","7:45:00 PM","01 - Clear","01 - Dry","10 - No control","04 - At/near private drive","01 - Daylight","03 - P.D. only","02 - Angle"
"14014","WESSEX RD @ GLACIER ST","363464.37563","5015143.64554","-75.75233","45.27380","2017","8/17/2017","2:04:00 PM","01 - Clear","01 - Dry","02 - Stop sign","03 - At intersection","01 - Daylight","03 - P.D. only","02 - Angle"
"14015","WEST HUNT CLUB RD @ 545 E OF ROYDON PL/SUNDERLAND ST","366349.53509","5022405.38573","-75.71466","45.33890","2017","6/26/2017","6:12:00 PM","01 - Clear","01 - Dry","01 - Traffic signal","02 - Intersection related","01 - Daylight","03 - P.D. only","03 - Rear end"
"14016","WEST HUNT CLUB RD @ 545 E OF ROYDON PL/SUNDERLAND ST","366351.37231","5022408.84020","-75.71463","45.33893","2017","5/23/2017","12:44:00 PM","01 - Clear","01 - Dry","01 - Traffic signal","02 - Intersection related","01 - Daylight","03 - P.D. only","03 - Rear end"
"14017","WEST HUNT CLUB RD @ 545 E OF ROYDON PL/SUNDERLAND ST","366353.71344","5022408.17130","-75.71460","45.33892","2017","5/19/2017","11:24:00 AM","01 - Clear","01 - Dry","01 - Traffic signal","03 - At intersection","01 - Daylight","03 - P.D. only","05 - Turning movement"
"14018","WEST HUNT CLUB RD @ 545 E OF ROYDON PL/SUNDERLAND ST","366353.71344","5022408.84019","-75.71460","45.33893","2017","7/3/2017","1:30:00 PM","01 - Clear","01 - Dry","01 - Traffic signal","03 - At intersection","01 - Daylight","02 - Non-fatal injury","02 - Angle"
"14019","WEST HUNT CLUB RD @ ANTARES DR/LASER ST","367107.59212","5022081.29684","-75.70503","45.33591","2017","8/8/2017","5:07:00 PM","01 - Clear","01 - Dry","01 - Traffic signal","03 - At intersection","01 - Daylight","02 - Non-fatal injury","02 - Angle"
"14020","WEST HUNT CLUB RD @ ANTARES DR/LASER ST","367108.04856","5022081.40709","-75.70502","45.33591","2017","8/23/2017","10:04:00 AM","01 - Clear","01 - Dry","01 - Traffic signal","02 - Intersection related","01 - Daylight","03 - P.D. only","03 - Rear end"
"14021","WEST HUNT CLUB RD @ ANTARES DR/LASER ST","367107.37685","5022080.16391","-75.70503","45.33590","2017","10/18/2017","10:46:00 AM","01 - Clear","01 - Dry","01 - Traffic signal","02 - Intersection related","01 - Daylight","03 - P.D. only","03 - Rear end"
"14022","WEST HUNT CLUB RD @ ANTARES DR/LASER ST","367108.04575","5022079.49501","-75.70502","45.33590","2017","11/15/2017","9:48:00 AM","01 - Clear","01 - Dry","01 - Traffic signal","02 - Intersection related","01 - Daylight","03 - P.D. only","03 - Rear end"
"14023","WEST HUNT CLUB RD @ ANTARES DR/LASER ST","367110.28641","5022083.21844","-75.70499","45.33593","2017","1/4/2017","11:45:00 AM","01 - Clear","03 - Loose snow","01 - Traffic signal","02 - Intersection related","01 - Daylight","03 - P.D. only","03 - Rear end"
"14024","WEST HUNT CLUB RD @ ANTARES DR/LASER ST","367108.04575","5022082.17060","-75.70502","45.33592","2017","2/21/2017","3:18:00 PM","03 - Snow","03 - Loose snow","01 - Traffic signal","02 - Intersection related","01 - Daylight","02 - Non-fatal injury","03 - Rear end"
"14025","WEST HUNT CLUB RD @ CLEOPATRA DR/LANCELOT DR","365237.37224","5021732.49400","-75.72893","45.33294","2017","6/16/2017","5:07:00 PM","01 - Clear","01 - Dry","01 - Traffic signal","02 - Intersection related","01 - Daylight","03 - P.D. only","05 - Turning movement"
"14026","WEST HUNT CLUB RD @ CLEOPATRA DR/LANCELOT DR","365235.28373","5021732.86363","-75.72895","45.33294","2017","6/25/2017","4:20:00 PM","01 - Clear","01 - Dry","01 - Traffic signal","02 - Intersection related","01 - Daylight","03 - P.D. only","04 - Sideswipe"
"14027","WEST HUNT CLUB RD @ CLEOPATRA DR/LANCELOT DR","365237.37224","5021731.82510","-75.72893","45.33293","2017","5/5/2017","12:45:00 PM","02 - Rain","02 - Wet","01 - Traffic signal","02 - Intersection related","01 - Daylight","03 - P.D. only","03 - Rear end"
"14028","WEST HUNT CLUB RD @ CLEOPATRA DR/LANCELOT DR","365235.36555","5021733.16290","-75.72895","45.33294","2017","5/23/2017","11:18:00 AM","01 - Clear","01 - Dry","01 - Traffic signal","03 - At intersection","01 - Daylight","02 - Non-fatal injury","02 - Angle"
"14029","WEST HUNT CLUB RD @ CLEOPATRA DR/LANCELOT DR","365235.66509","5021732.56737","-75.72895","45.33294","2017","8/25/2017","3:34:00 PM","01 - Clear","01 - Dry","01 - Traffic signal","03 - At intersection","01 - Daylight","03 - P.D. only","05 - Turning movement"
"14030","WEST HUNT CLUB RD @ CLEOPATRA DR/LANCELOT DR","365237.37224","5021733.16290","-75.72893","45.33294","2017","7/7/2017","6:28:00 PM","01 - Clear","01 - Dry","01 - Traffic signal","02 - Intersection related","01 - Daylight","02 - Non-fatal injury","03 - Rear end"
"14031","WEST HUNT CLUB RD @ CLEOPATRA DR/LANCELOT DR","365235.96760","5021732.42473","-75.72895","45.33294","2017","9/20/2017","10:13:00 AM","01 - Clear","01 - Dry","01 - Traffic signal","02 - Intersection related","01 - Daylight","03 - P.D. only","04 - Sideswipe"
"14032","WEST HUNT CLUB RD @ CLEOPATRA DR/LANCELOT DR","365235.71538","5021732.38631","-75.72895","45.33294","2017","10/16/2017","9:54:00 AM","01 - Clear","01 - Dry","01 - Traffic signal","03 - At intersection","01 - Daylight","03 - P.D. only","05 - Turning movement"
"14033","WEST HUNT CLUB RD @ CLEOPATRA DR/LANCELOT DR","365235.71538","5021732.38631","-75.72895","45.33294","2017","10/29/2017","4:57:00 PM","02 - Rain","02 - Wet","01 - Traffic signal","03 - At intersection","01 - Daylight","02 - Non-fatal injury","03 - Rear end"
"14034","WEST HUNT CLUB RD @ CLEOPATRA DR/LANCELOT DR","365235.76154","5021732.43246","-75.72895","45.33294","2017","10/19/2017","12:35:00 PM","01 - Clear","01 - Dry","01 - Traffic signal","03 - At intersection","01 - Daylight","02 - Non-fatal injury","05 - Turning movement"
"14035","WEST HUNT CLUB RD @ CLEOPATRA DR/LANCELOT DR","365235.60164","5021732.74810","-75.72895","45.33294","2017","1/31/2017","5:13:00 PM","01 - Clear","01 - Dry","01 - Traffic signal","02 - Intersection related","05 - Dusk","03 - P.D. only","03 - Rear end"
"14036","WEST HUNT CLUB RD @ CLEOPATRA DR/LANCELOT DR","365234.69666","5021731.15621","-75.72896","45.33293","2017","3/15/2017","5:44:00 AM","03 - Snow","03 - Loose snow","01 - Traffic signal","03 - At intersection","03 - Dawn","02 - Non-fatal injury","02 - Angle"
"14037","WEST HUNT CLUB RD @ CLEOPATRA DR/LANCELOT DR","365236.20950","5021732.49400","-75.72894","45.33294","2017","4/9/2017","11:51:00 AM","01 - Clear","01 - Dry","01 - Traffic signal","03 - At intersection","01 - Daylight","03 - P.D. only","05 - Turning movement"
"14038","WEST HUNT CLUB RD @ CLEOPATRA DR/LANCELOT DR","365235.65122","5021732.39644","-75.72895","45.33294","2017","3/23/2017","11:29:00 AM","01 - Clear","01 - Dry","01 - Traffic signal","03 - At intersection","01 - Daylight","03 - P.D. only","03 - Rear end"
"14039","WEST HUNT CLUB RD @ ROYDON PL/SUNDERLAND ST","365973.78033","5022170.71310","-75.71948","45.33682","2017","5/18/2017","6:38:00 PM","01 - Clear","01 - Dry","01 - Traffic signal","03 - At intersection","01 - Daylight","02 - Non-fatal injury","05 - Turning movement"
"14040","WEST HUNT CLUB RD @ ROYDON PL/SUNDERLAND ST","365974.92526","5022169.18579","-75.71947","45.33680","2017","8/8/2017","4:07:00 PM","01 - Clear","01 - Dry","01 - Traffic signal","02 - Intersection related","01 - Daylight","03 - P.D. only","03 - Rear end"
"14041","WEST HUNT CLUB RD @ ROYDON PL/SUNDERLAND ST","365973.70761","5022169.49012","-75.71948","45.33681","2017","7/12/2017","6:14:00 PM","01 - Clear","01 - Dry","01 - Traffic signal","03 - At intersection","01 - Daylight","02 - Non-fatal injury","05 - Turning movement"
"14042","WEST HUNT CLUB RD @ ROYDON PL/SUNDERLAND ST","365973.37315","5022170.15910","-75.71949","45.33681","2017","12/4/2017","12:00:00 PM","01 - Clear","01 - Dry","01 - Traffic signal","02 - Intersection related","01 - Daylight","03 - P.D. only","04 - Sideswipe"
"14043","WEST HUNT CLUB RD @ ROYDON PL/SUNDERLAND ST","365972.80760","5022171.04974","-75.71949","45.33682","2017","11/21/2017","9:20:00 PM","02 - Rain","02 - Wet","01 - Traffic signal","03 - At intersection","07 - Dark","03 - P.D. only","02 - Angle"
"14044","WEST HUNT CLUB RD @ ROYDON PL/SUNDERLAND ST","365973.68635","5022169.52177","-75.71948","45.33681","2017","11/7/2017","10:06:00 AM","01 - Clear","01 - Dry","01 - Traffic signal","02 - Intersection related","01 - Daylight","03 - P.D. only","03 - Rear end"
"14045","WEST HUNT CLUB RD @ ROYDON PL/SUNDERLAND ST","365972.06826","5022170.58310","-75.71950","45.33682","2017","2/6/2017","5:00:00 PM","03 - Snow","02 - Wet","01 - Traffic signal","02 - Intersection related","05 - Dusk","03 - P.D. only","03 - Rear end"
"14046","WEST HUNT CLUB RD @ ROYDON PL/SUNDERLAND ST","365975.02112","5022166.10745","-75.71946","45.33678","2017","1/13/2017","4:24:00 PM","01 - Clear","01 - Dry","01 - Traffic signal","02 - Intersection related","01 - Daylight","03 - P.D. only","02 - Angle"
"14047","WEST HUNT CLUB RD @ ROYDON PL/SUNDERLAND ST","365974.71094","5022170.15910","-75.71947","45.33681","2017","4/20/2017","12:15:00 PM","01 - Clear","01 - Dry","01 - Traffic signal","02 - Intersection related","01 - Daylight","02 - Non-fatal injury","03 - Rear end"
"14048","WEST HUNT CLUB RD @ ROYDON PL/SUNDERLAND ST","365974.04205","5022168.82130","-75.71948","45.33680","2017","4/7/2017","2:41:00 PM","02 - Rain","02 - Wet","01 - Traffic signal","03 - At intersection","01 - Daylight","03 - P.D. only","05 - Turning movement"
"14049","WEST HUNT CLUB RD @ WOODROFFE AVE","363671.69434","5021246.48900","-75.74896","45.32870","2017","4/30/2017","8:35:00 AM","02 - Rain","02 - Wet","01 - Traffic signal","03 - At intersection","01 - Daylight","02 - Non-fatal injury","02 - Angle"
"14050","WEST HUNT CLUB RD @ WOODROFFE AVE","363669.68766","5021247.15790","-75.74899","45.32870","2017","5/6/2017","8:21:00 AM","02 - Rain","02 - Wet","01 - Traffic signal","03 - At intersection","01 - Daylight","02 - Non-fatal injury","02 - Angle"
"14051","WEST HUNT CLUB RD @ WOODROFFE AVE","363671.69434","5021245.82010","-75.74896","45.32869","2017","6/1/2017","9:30:00 AM","01 - Clear","01 - Dry","01 - Traffic signal","02 - Intersection related","01 - Daylight","03 - P.D. only","03 - Rear end"
"14052","WEST HUNT CLUB RD @ WOODROFFE AVE","363669.68766","5021245.82010","-75.74899","45.32869","2017","5/16/2017","9:39:00 PM","01 - Clear","01 - Dry","01 - Traffic signal","02 - Intersection related","07 - Dark","03 - P.D. only","03 - Rear end"
"14053","WEST HUNT CLUB RD @ WOODROFFE AVE","363669.71308","5021246.77192","-75.74898","45.32870","2017","6/20/2017","6:03:00 PM","01 - Clear","01 - Dry","01 - Traffic signal","02 - Intersection related","01 - Daylight","03 - P.D. only","04 - Sideswipe"
"14054","WEST HUNT CLUB RD @ WOODROFFE AVE","363672.36324","5021246.48900","-75.74895","45.32870","2017","5/19/2017","10:00:00 PM","01 - Clear","01 - Dry","01 - Traffic signal","02 - Intersection related","07 - Dark","03 - P.D. only","02 - Angle"
"14055","WEST HUNT CLUB RD @ WOODROFFE AVE","363671.69434","5021245.82010","-75.74896","45.32869","2017","4/26/2017","5:58:00 PM","01 - Clear","01 - Dry","01 - Traffic signal","02 - Intersection related","01 - Daylight","03 - P.D. only","03 - Rear end"
"14056","WEST HUNT CLUB RD @ WOODROFFE AVE","363671.69434","5021245.82010","-75.74896","45.32869","2017","5/1/2017","1:54:00 PM","02 - Rain","02 - Wet","01 - Traffic signal","03 - At intersection","01 - Daylight","03 - P.D. only","05 - Turning movement"
"14057","WEST HUNT CLUB RD @ WOODROFFE AVE","363670.35655","5021246.48900","-75.74898","45.32870","2017","5/27/2017","7:42:00 PM","01 - Clear","01 - Dry","01 - Traffic signal","02 - Intersection related","01 - Daylight","02 - Non-fatal injury","07 - SMV other"
"14058","WEST HUNT CLUB RD @ WOODROFFE AVE","363669.40895","5021246.48900","-75.74899","45.32870","2017","7/24/2017","8:05:00 AM","02 - Rain","02 - Wet","01 - Traffic signal","03 - At intersection","01 - Daylight","03 - P.D. only","05 - Turning movement"
"14059","WEST HUNT CLUB RD @ WOODROFFE AVE","363670.69100","5021246.72795","-75.74897","45.32870","2017","10/30/2017","3:14:00 PM","01 - Clear","01 - Dry","01 - Traffic signal","02 - Intersection related","01 - Daylight","03 - P.D. only","03 - Rear end"
"14060","WEST HUNT CLUB RD @ WOODROFFE AVE","363671.78390","5021246.48900","-75.74896","45.32870","2017","10/7/2017","3:20:00 PM","01 - Clear","01 - Dry","01 - Traffic signal","02 - Intersection related","01 - Daylight","03 - P.D. only","04 - Sideswipe"
"14061","WEST HUNT CLUB RD @ WOODROFFE AVE","363670.14826","5021246.21763","-75.74898","45.32870","2017","10/7/2017","2:35:00 PM","02 - Rain","02 - Wet","01 - Traffic signal","02 - Intersection related","01 - Daylight","03 - P.D. only","03 - Rear end"
"14062","WEST HUNT CLUB RD @ WOODROFFE AVE","363670.69100","5021245.77894","-75.74897","45.32869","2017","10/3/2017","2:37:00 PM","01 - Clear","01 - Dry","01 - Traffic signal","02 - Intersection related","01 - Daylight","02 - Non-fatal injury","03 - Rear end"
"14063","WEST HUNT CLUB RD @ WOODROFFE AVE","363671.64679","5021247.20585","-75.74896","45.32870","2017","9/20/2017","6:08:00 PM","01 - Clear","01 - Dry","01 - Traffic signal","02 - Intersection related","01 - Daylight","03 - P.D. only","03 - Rear end"
"14064","WEST HUNT CLUB RD @ WOODROFFE AVE","363669.73521","5021246.25005","-75.74898","45.32870","2017","9/17/2017","11:51:00 AM","01 - Clear","01 - Dry","01 - Traffic signal","02 - Intersection related","01 - Daylight","03 - P.D. only","03 - Rear end"
"14065","WEST HUNT CLUB RD @ WOODROFFE AVE","363669.01876","5021246.48900","-75.74899","45.32870","2017","11/16/2017","7:10:00 PM","02 - Rain","02 - Wet","01 - Traffic signal","02 - Intersection related","07 - Dark","03 - P.D. only","03 - Rear end"
"14066","WEST HUNT CLUB RD @ WOODROFFE AVE","363670.69100","5021245.77215","-75.74897","45.32869","2017","11/9/2017","6:14:00 PM","01 - Clear","01 - Dry","01 - Traffic signal","02 - Intersection related","07 - Dark","03 - P.D. only","04 - Sideswipe"
"14067","WEST HUNT CLUB RD @ WOODROFFE AVE","363671.69434","5021247.15790","-75.74896","45.32870","2017","11/12/2017","3:10:00 PM","01 - Clear","01 - Dry","01 - Traffic signal","02 - Intersection related","01 - Daylight","03 - P.D. only","03 - Rear end"
"14068","WEST HUNT CLUB RD @ WOODROFFE AVE","363671.02545","5021247.15790","-75.74897","45.32870","2017","12/2/2017","12:14:00 PM","01 - Clear","01 - Dry","01 - Traffic signal","02 - Intersection related","01 - Daylight","03 - P.D. only","03 - Rear end"
"14069","WEST HUNT CLUB RD @ WOODROFFE AVE","363670.35655","5021245.82010","-75.74898","45.32869","2017","12/11/2017","10:50:00 AM","01 - Clear","01 - Dry","01 - Traffic signal","02 - Intersection related","01 - Daylight","03 - P.D. only","03 - Rear end"
"14070","WEST HUNT CLUB RD @ WOODROFFE AVE","363670.59434","5021246.60619","-75.74897","45.32870","2017","11/17/2017","12:19:00 PM","01 - Clear","01 - Dry","01 - Traffic signal","02 - Intersection related","01 - Daylight","03 - P.D. only","03 - Rear end"
"14071","WEST HUNT CLUB RD @ WOODROFFE AVE","363670.21763","5021245.77894","-75.74898","45.32869","2017","12/12/2017","12:16:00 PM","03 - Snow","03 - Loose snow","01 - Traffic signal","02 - Intersection related","01 - Daylight","03 - P.D. only","03 - Rear end"
"14072","WEST HUNT CLUB RD @ WOODROFFE AVE","363671.69434","5021246.48900","-75.74896","45.32870","2017","12/8/2017","9:15:00 PM","01 - Clear","01 - Dry","01 - Traffic signal","02 - Intersection related","07 - Dark","03 - P.D. only","04 - Sideswipe"
"14073","WEST HUNT CLUB RD @ WOODROFFE AVE","363671.69434","5021245.82010","-75.74896","45.32869","2017","12/2/2017","12:00:00 AM","01 - Clear","01 - Dry","01 - Traffic signal","02 - Intersection related","00 - Unknown","03 - P.D. only","04 - Sideswipe"
"14074","WEST HUNT CLUB RD @ WOODROFFE AVE","363671.02545","5021246.48900","-75.74897","45.32870","2017","11/26/2017","9:31:00 PM","03 - Snow","03 - Loose snow","01 - Traffic signal","02 - Intersection related","07 - Dark","03 - P.D. only","03 - Rear end"
"14075","WEST HUNT CLUB RD @ WOODROFFE AVE","363669.68766","5021246.48900","-75.74899","45.32870","2017","2/16/2017","8:27:00 AM","03 - Snow","06 - Ice","01 - Traffic signal","02 - Intersection related","01 - Daylight","03 - P.D. only","03 - Rear end"
"14076","WEST HUNT CLUB RD @ WOODROFFE AVE","363670.35655","5021245.82010","-75.74898","45.32869","2017","2/18/2017","2:30:00 PM","01 - Clear","02 - Wet","01 - Traffic signal","02 - Intersection related","01 - Daylight","03 - P.D. only","03 - Rear end"
"14077","WEST HUNT CLUB RD @ WOODROFFE AVE","363670.69100","5021245.39610","-75.74897","45.32869","2017","1/28/2017","3:15:00 PM","03 - Snow","02 - Wet","01 - Traffic signal","02 - Intersection related","01 - Daylight","03 - P.D. only","03 - Rear end"
"14078","WEST HUNT CLUB RD @ WOODROFFE AVE","363670.14455","5021245.94255","-75.74898","45.32869","2017","1/23/2017","11:35:00 AM","01 - Clear","01 - Dry","01 - Traffic signal","02 - Intersection related","01 - Daylight","03 - P.D. only","03 - Rear end"
"14079","WEST HUNT CLUB RD @ WOODROFFE AVE","363671.02545","5021245.15121","-75.74897","45.32869","2017","2/16/2017","8:52:00 AM","04 - Freezing Rain","06 - Ice","01 - Traffic signal","02 - Intersection related","01 - Daylight","03 - P.D. only","03 - Rear end"
"14080","WEST HUNT CLUB RD @ WOODROFFE AVE","363671.69434","5021247.15790","-75.74896","45.32870","2017","3/24/2017","12:32:00 PM","03 - Snow","05 - Packed snow","01 - Traffic signal","02 - Intersection related","01 - Daylight","03 - P.D. only","03 - Rear end"
"14081","WEST HUNT CLUB RD @ WOODROFFE AVE","363671.38555","5021246.75814","-75.74896","45.32870","2017","3/31/2017","4:45:00 PM","02 - Rain","02 - Wet","01 - Traffic signal","02 - Intersection related","01 - Daylight","03 - P.D. only","03 - Rear end"
"14082","WEST HUNT CLUB RD @ WOODROFFE AVE","363671.69434","5021245.82010","-75.74896","45.32869","2017","4/19/2017","6:16:00 PM","02 - Rain","02 - Wet","01 - Traffic signal","02 - Intersection related","01 - Daylight","03 - P.D. only","03 - Rear end"
"14083","WEST HUNT CLUB RD @ WOODROFFE AVE","363671.02545","5021246.48900","-75.74897","45.32870","2017","2/21/2017","11:00:00 AM","01 - Clear","01 - Dry","01 - Traffic signal","02 - Intersection related","01 - Daylight","03 - P.D. only","03 - Rear end"
"14084","WEST HUNT CLUB RD @ WOODROFFE AVE","363671.69434","5021247.15790","-75.74896","45.32870","2017","3/4/2017","2:45:00 PM","01 - Clear","01 - Dry","01 - Traffic signal","02 - Intersection related","01 - Daylight","02 - Non-fatal injury","03 - Rear end"
"14085","WEST HUNT CLUB RD @ WOODROFFE AVE","363671.02545","5021245.15121","-75.74897","45.32869","2017","4/13/2017","6:03:00 PM","01 - Clear","01 - Dry","01 - Traffic signal","02 - Intersection related","01 - Daylight","03 - P.D. only","03 - Rear end"
"14086","WEST HUNT CLUB RD @ WOODROFFE AVE","363671.02545","5021246.48900","-75.74897","45.32870","2017","3/16/2017","7:25:00 PM","01 - Clear","01 - Dry","01 - Traffic signal","02 - Intersection related","07 - Dark","02 - Non-fatal injury","03 - Rear end"
"14087","WEST HUNT CLUB RD @ WOODROFFE AVE","363671.02545","5021245.82010","-75.74897","45.32869","2017","2/27/2017","5:05:00 PM","01 - Clear","01 - Dry","01 - Traffic signal","02 - Intersection related","01 - Daylight","03 - P.D. only","03 - Rear end"
"14088","WEST HUNT CLUB RD @ WOODROFFE AVE","363670.35655","5021247.15790","-75.74898","45.32870","2017","3/17/2017","3:45:00 PM","01 - Clear","02 - Wet","01 - Traffic signal","02 - Intersection related","01 - Daylight","03 - P.D. only","03 - Rear end"
"14089","WEST HUNT CLUB RD @ WOODROFFE AVE","363671.16437","5021246.25231","-75.74897","45.32870","2017","12/27/2017","12:30:00 PM","01 - Clear","01 - Dry","01 - Traffic signal","02 - Intersection related","01 - Daylight","03 - P.D. only","03 - Rear end"
"14090","WEST HUNT CLUB RD btwn MOODIE DR & HWY416 IC72 RAMP53","358081.95338","5018600.57861","-75.82055","45.30534","2017","9/7/2017","4:30:00 PM","01 - Clear","01 - Dry","10 - No control","01 - Non intersection","01 - Daylight","03 - P.D. only","03 - Rear end"
"14091","WEST HUNT CLUB RD btwn MOODIE DR & HWY416 IC72 RAMP53","358340.10357","5018754.57746","-75.81724","45.30670","2017","10/5/2017","7:01:00 PM","01 - Clear","01 - Dry","10 - No control","01 - Non intersection","07 - Dark","03 - P.D. only","03 - Rear end"
"14092","WEST HUNT CLUB RD btwn MOODIE DR & HWY416 IC72 RAMP53","358367.86675","5018768.22870","-75.81688","45.30682","2017","9/10/2017","8:38:00 PM","01 - Clear","01 - Dry","10 - No control","04 - At/near private drive","07 - Dark","02 - Non-fatal injury","05 - Turning movement"
"14093","WEST HUNT CLUB RD btwn MOODIE DR & HWY416 IC72 RAMP53","358622.68665","5018918.69060","-75.81362","45.30816","2017","12/13/2017","6:26:00 PM","01 - Clear","02 - Wet","10 - No control","04 - At/near private drive","07 - Dark","03 - P.D. only","02 - Angle"
"14094","WEST HUNT CLUB RD btwn MOODIE DR & HWY416 IC72 RAMP53","358045.10989","5018578.05436","-75.82102","45.30514","2017","12/12/2017","1:45:00 PM","03 - Snow","03 - Loose snow","10 - No control","01 - Non intersection","01 - Daylight","03 - P.D. only","07 - SMV other"
"14095","WEST HUNT CLUB RD btwn MOODIE DR & HWY416 IC72 RAMP53","358087.91926","5018602.80353","-75.82047","45.30536","2017","3/29/2017","7:41:00 AM","01 - Clear","01 - Dry","10 - No control","01 - Non intersection","01 - Daylight","03 - P.D. only","07 - SMV other"
"14096","WEST HUNT CLUB RD btwn MOODIE DR & RICHMOND RD","357328.59044","5018218.68304","-75.83020","45.30196","2017","5/1/2017","4:47:00 AM","02 - Rain","02 - Wet","10 - No control","01 - Non intersection","07 - Dark","03 - P.D. only","07 - SMV other"