"Record","Location","X","Y","Longitude","Latitude","Year","Date","Time","Environment","Road_Surface","Traffic_Control","Collision_Location","Light","Collision_Classification","Impact_type"
"14097","WEST HUNT CLUB RD btwn MOODIE DR & RICHMOND RD","357822.95225","5018445.45024","-75.82387","45.30396","2017","10/11/2017","7:52:00 AM","01 - Clear","01 - Dry","10 - No control","01 - Non intersection","01 - Daylight","03 - P.D. only","03 - Rear end"
"14098","WEST HUNT CLUB RD btwn PRINCE OF WALES DR & HUNT CLUB RD","367671.08488","5021882.13875","-75.69786","45.33407","2017","5/18/2017","6:10:00 PM","01 - Clear","01 - Dry","10 - No control","01 - Non intersection","01 - Daylight","03 - P.D. only","04 - Sideswipe"
"14099","WEST HUNT CLUB RD btwn PRINCE OF WALES DR & TURN LANE","367490.34891","5021890.10400","-75.70017","45.33416","2017","5/1/2017","2:54:00 PM","02 - Rain","02 - Wet","10 - No control","01 - Non intersection","01 - Daylight","02 - Non-fatal injury","03 - Rear end"
"14100","WEST HUNT CLUB RD btwn PRINCE OF WALES DR & TURN LANE","367547.60044","5021888.44722","-75.69944","45.33414","2017","8/15/2017","12:34:00 PM","01 - Clear","01 - Dry","10 - No control","01 - Non intersection","01 - Daylight","02 - Non-fatal injury","03 - Rear end"
"14101","WEST HUNT CLUB RD btwn PRINCE OF WALES DR & TURN LANE","367487.51798","5021890.22874","-75.70020","45.33416","2017","8/14/2017","6:33:00 PM","01 - Clear","01 - Dry","10 - No control","01 - Non intersection","01 - Daylight","02 - Non-fatal injury","03 - Rear end"
"14102","WEST HUNT CLUB RD btwn PRINCE OF WALES DR & TURN LANE","367488.91029","5021890.16856","-75.70019","45.33416","2017","3/10/2017","10:15:00 AM","01 - Clear","01 - Dry","10 - No control","01 - Non intersection","01 - Daylight","03 - P.D. only","03 - Rear end"
"14103","WEST HUNT CLUB RD btwn PRINCE OF WALES DR & TURN LANE","367560.17591","5021886.76824","-75.69928","45.33412","2017","12/31/2017","1:50:00 AM","01 - Clear","02 - Wet","10 - No control","01 - Non intersection","07 - Dark","02 - Non-fatal injury","99 - Other"
"14104","WEST HUNT CLUB RD btwn TURN LANE & PRINCE OF WALES DR (1)","367414.89759","5021908.22571","-75.70113","45.33433","2017","12/13/2017","8:45:00 AM","01 - Clear","03 - Loose snow","10 - No control","01 - Non intersection","01 - Daylight","03 - P.D. only","03 - Rear end"
"14105","WEST HUNT CLUB RD btwn TURN LANE & PRINCE OF WALES DR (1)","367448.64115","5021904.27988","-75.70070","45.33429","2017","2/15/2017","9:37:00 AM","03 - Snow","04 - Slush","10 - No control","01 - Non intersection","01 - Daylight","03 - P.D. only","03 - Rear end"
"14106","WEST HUNT CLUB RD btwn TURN LANE & PRINCE OF WALES DR (2)","367387.45889","5021895.33645","-75.70148","45.33421","2017","6/2/2017","2:52:00 PM","01 - Clear","01 - Dry","10 - No control","04 - At/near private drive","01 - Daylight","03 - P.D. only","02 - Angle"
"14107","WEST HUNT CLUB RD EB btwn 210 W OF MERIVALE RD & MERIVALE RD","365517.59365","5021865.31779","-75.72534","45.33411","2017","11/3/2017","8:00:00 AM","02 - Rain","02 - Wet","10 - No control","01 - Non intersection","01 - Daylight","03 - P.D. only","03 - Rear end"
"14108","WEST HUNT CLUB RD EB btwn 354 E OF WOODROFFE AVE/REC PATH & CLEOPATRA","364122.56179","5021435.88802","-75.74319","45.33036","2017","10/13/2017","2:10:00 PM","01 - Clear","01 - Dry","10 - No control","01 - Non intersection","01 - Daylight","02 - Non-fatal injury","07 - SMV other"
"14109","WEST HUNT CLUB RD EB btwn 354 E OF WOODROFFE AVE/REC PATH & CLEOPATRA","365179.58483","5021704.37111","-75.72967","45.33269","2017","12/14/2017","10:23:00 AM","01 - Clear","01 - Dry","10 - No control","01 - Non intersection","01 - Daylight","03 - P.D. only","04 - Sideswipe"
"14110","WEST HUNT CLUB RD EB btwn 545 E OF ROYDON PL/SUNDERLAND ST & ANTARES D","367027.10929","5022207.25421","-75.70604","45.33705","2017","6/6/2017","2:05:00 PM","02 - Rain","02 - Wet","10 - No control","07 - Overpass or bridge","01 - Daylight","03 - P.D. only","03 - Rear end"
"14111","WEST HUNT CLUB RD EB btwn 545 E OF ROYDON PL/SUNDERLAND ST & ANTARES D","367041.15612","5022178.49167","-75.70586","45.33679","2017","5/2/2017","5:07:00 PM","01 - Clear","01 - Dry","10 - No control","01 - Non intersection","01 - Daylight","03 - P.D. only","03 - Rear end"
"14112","WEST HUNT CLUB RD EB btwn 545 E OF ROYDON PL/SUNDERLAND ST & ANTARES D","366955.82400","5022338.67425","-75.70693","45.33824","2017","7/20/2017","8:25:00 AM","01 - Clear","01 - Dry","10 - No control","01 - Non intersection","01 - Daylight","03 - P.D. only","03 - Rear end"
"14113","WEST HUNT CLUB RD EB btwn CEDARVIEW RD & GREENBANK RD","361394.39272","5020439.60295","-75.77810","45.32163","2017","6/6/2017","8:02:00 AM","02 - Rain","02 - Wet","10 - No control","01 - Non intersection","01 - Daylight","03 - P.D. only","03 - Rear end"
"14114","WEST HUNT CLUB RD EB btwn CEDARVIEW RD & GREENBANK RD","361046.58805","5020239.24822","-75.78256","45.31985","2017","1/1/2017","8:26:00 PM","01 - Clear","02 - Wet","10 - No control","01 - Non intersection","07 - Dark","03 - P.D. only","04 - Sideswipe"
"14115","WEST HUNT CLUB RD EB btwn CEDARVIEW RD & GREENBANK RD","359900.28275","5019648.12318","-75.79725","45.31462","2017","3/15/2017","4:41:00 PM","03 - Snow","04 - Slush","10 - No control","01 - Non intersection","01 - Daylight","02 - Non-fatal injury","99 - Other"
"14116","WEST HUNT CLUB RD EB btwn CEDARVIEW RD & GREENBANK RD","360156.22257","5019793.17223","-75.79397","45.31591","2017","12/23/2017","7:16:00 PM","01 - Clear","03 - Loose snow","10 - No control","01 - Non intersection","07 - Dark","03 - P.D. only","07 - SMV other"
"14117","WEST HUNT CLUB RD EB btwn KNOXDALE RD & WOODROFFE AVE","361922.67390","5020568.42167","-75.77135","45.32274","2017","11/28/2017","6:14:00 PM","01 - Clear","01 - Dry","10 - No control","01 - Non intersection","07 - Dark","03 - P.D. only","03 - Rear end"
"14118","WEST HUNT CLUB RD EB btwn MERIVALE RD & SUNDERLAND ST","365627.74537","5021937.81593","-75.72392","45.33475","2017","6/12/2017","8:48:00 AM","01 - Clear","01 - Dry","10 - No control","01 - Non intersection","01 - Daylight","03 - P.D. only","03 - Rear end"
"14119","WEST HUNT CLUB RD EB btwn MERIVALE RD & SUNDERLAND ST","365712.08851","5021991.60334","-75.72284","45.33523","2017","8/7/2017","12:08:00 PM","01 - Clear","01 - Dry","10 - No control","01 - Non intersection","01 - Daylight","03 - P.D. only","04 - Sideswipe"
"14120","WEST HUNT CLUB RD EB btwn ROYDON PL/SUNDERLAND ST & 545 E OF ROYDON PL","366196.03911","5022294.22428","-75.71663","45.33791","2017","4/19/2017","3:53:00 PM","02 - Rain","02 - Wet","10 - No control","04 - At/near private drive","01 - Daylight","03 - P.D. only","05 - Turning movement"
"14121","WEST HUNT CLUB RD EB btwn WOODROFFE AVE & 354 E OF WOODROFFE AVE/REC P","363832.22027","5021362.85698","-75.74690","45.32973","2017","9/3/2017","11:19:00 PM","02 - Rain","02 - Wet","10 - No control","01 - Non intersection","07 - Dark","03 - P.D. only","07 - SMV other"
"14122","WEST HUNT CLUB RD EB btwn WOODROFFE AVE & 354 E OF WOODROFFE AVE/REC P","363699.81701","5021269.58934","-75.74860","45.32890","2017","12/12/2017","2:16:00 PM","03 - Snow","03 - Loose snow","10 - No control","01 - Non intersection","01 - Daylight","03 - P.D. only","03 - Rear end"
"14123","WEST HUNT CLUB RD EB btwn WOODROFFE AVE & 354 E OF WOODROFFE AVE/REC P","363748.79751","5021308.02746","-75.74797","45.32925","2017","12/12/2017","2:03:00 PM","03 - Snow","03 - Loose snow","10 - No control","01 - Non intersection","01 - Daylight","03 - P.D. only","03 - Rear end"
"14124","WEST HUNT CLUB RD EB btwn WOODROFFE AVE & 354 E OF WOODROFFE AVE/REC P","363749.06615","5021309.57144","-75.74797","45.32926","2017","11/2/2017","9:00:00 AM","02 - Rain","02 - Wet","10 - No control","01 - Non intersection","01 - Daylight","02 - Non-fatal injury","04 - Sideswipe"
"14125","WEST HUNT CLUB RD EB btwn WOODROFFE AVE & 354 E OF WOODROFFE AVE/REC P","363927.73242","5021397.73160","-75.74568","45.33004","2017","12/27/2017","10:50:00 AM","01 - Clear","03 - Loose snow","10 - No control","01 - Non intersection","01 - Daylight","03 - P.D. only","07 - SMV other"
"14126","WEST HUNT CLUB RD EB btwn WOODROFFE AVE & 354 E OF WOODROFFE AVE/REC P","363926.78567","5021395.83811","-75.74569","45.33002","2017","12/27/2017","11:20:00 AM","01 - Clear","06 - Ice","10 - No control","01 - Non intersection","01 - Daylight","03 - P.D. only","03 - Rear end"
"14127","WEST HUNT CLUB RD EB btwn WOODROFFE AVE & 354 E OF WOODROFFE AVE/REC P","363928.20579","5021396.31149","-75.74567","45.33002","2017","12/27/2017","11:59:00 AM","01 - Clear","03 - Loose snow","10 - No control","01 - Non intersection","01 - Daylight","03 - P.D. only","03 - Rear end"
"14128","WEST HUNT CLUB RD WB btwn 354 E OF WOODROFFE AVE/REC PATH & CLEOPATRA","365176.95853","5021713.98434","-75.72970","45.33278","2017","8/14/2017","3:22:00 PM","01 - Clear","01 - Dry","10 - No control","01 - Non intersection","01 - Daylight","03 - P.D. only","03 - Rear end"
"14129","WEST HUNT CLUB RD WB btwn 545 E OF ROYDON PL/SUNDERLAND ST & ANTARES D","366523.14947","5022509.05458","-75.71243","45.33981","2017","10/24/2017","3:30:00 PM","01 - Clear","01 - Dry","10 - No control","01 - Non intersection","01 - Daylight","03 - P.D. only","07 - SMV other"
"14130","WEST HUNT CLUB RD WB btwn 545 E OF ROYDON PL/SUNDERLAND ST & ANTARES D","367060.84739","5022169.31235","-75.70561","45.33671","2017","11/4/2017","9:41:00 AM","01 - Clear","01 - Dry","10 - No control","01 - Non intersection","01 - Daylight","03 - P.D. only","04 - Sideswipe"
"14131","WEST HUNT CLUB RD WB btwn 545 E OF ROYDON PL/SUNDERLAND ST & ANTARES D","366573.78033","5022528.57263","-75.71178","45.33998","2017","11/30/2017","9:08:00 AM","01 - Clear","01 - Dry","10 - No control","01 - Non intersection","01 - Daylight","03 - P.D. only","06 - SMV unattended vehicle"
"14132","WEST HUNT CLUB RD WB btwn 545 E OF ROYDON PL/SUNDERLAND ST & ANTARES D","366373.98012","5022424.80449","-75.71434","45.33907","2017","12/29/2017","12:19:00 PM","01 - Clear","05 - Packed snow","10 - No control","01 - Non intersection","01 - Daylight","03 - P.D. only","03 - Rear end"
"14133","WEST HUNT CLUB RD WB btwn CEDARVIEW RD & GREENBANK RD","359932.72422","5019684.24359","-75.79683","45.31494","2017","6/21/2017","4:40:00 PM","01 - Clear","01 - Dry","10 - No control","01 - Non intersection","01 - Daylight","03 - P.D. only","03 - Rear end"
"14134","WEST HUNT CLUB RD WB btwn CEDARVIEW RD & GREENBANK RD","359978.54362","5019707.65496","-75.79624","45.31515","2017","11/19/2017","8:29:00 AM","03 - Snow","03 - Loose snow","10 - No control","01 - Non intersection","01 - Daylight","02 - Non-fatal injury","04 - Sideswipe"
"14135","WEST HUNT CLUB RD WB btwn CEDARVIEW RD & GREENBANK RD","360601.56774","5020013.74203","-75.78826","45.31786","2017","1/16/2017","2:45:00 PM","01 - Clear","01 - Dry","10 - No control","01 - Non intersection","01 - Daylight","03 - P.D. only","04 - Sideswipe"
"14136","WEST HUNT CLUB RD WB btwn CEDARVIEW RD & GREENBANK RD","361432.60012","5020478.11891","-75.77761","45.32197","2017","1/16/2017","2:45:00 PM","01 - Clear","01 - Dry","10 - No control","01 - Non intersection","01 - Daylight","03 - P.D. only","04 - Sideswipe"
"14137","WEST HUNT CLUB RD WB btwn CEDARVIEW RD & GREENBANK RD","359756.47004","5019581.90245","-75.79909","45.31404","2017","4/5/2017","10:09:00 PM","01 - Clear","01 - Dry","10 - No control","01 - Non intersection","07 - Dark","03 - P.D. only","07 - SMV other"
"14138","WEST HUNT CLUB RD WB btwn CEDARVIEW RD & GREENBANK RD","361391.26601","5020454.45053","-75.77814","45.32176","2017","12/22/2017","3:44:00 PM","01 - Clear","05 - Packed snow","10 - No control","01 - Non intersection","01 - Daylight","01 - Fatal injury","01 - Approaching"
"14139","WEST HUNT CLUB RD WB btwn GREENBANK RD & KNOXDALE RD","361559.61011","5020543.95077","-75.77598","45.32255","2017","2/16/2017","7:57:00 AM","01 - Clear","06 - Ice","10 - No control","01 - Non intersection","01 - Daylight","03 - P.D. only","07 - SMV other"
"14140","WEST HUNT CLUB RD WB btwn KNOXDALE RD & WOODROFFE AVE","363636.95554","5021236.58241","-75.74940","45.32861","2017","7/6/2017","9:18:00 PM","01 - Clear","01 - Dry","10 - No control","01 - Non intersection","07 - Dark","03 - P.D. only","03 - Rear end"
"14141","WEST HUNT CLUB RD WB btwn KNOXDALE RD & WOODROFFE AVE","363621.93360","5021226.37066","-75.74960","45.32852","2017","10/24/2017","10:05:00 AM","02 - Rain","02 - Wet","10 - No control","01 - Non intersection","01 - Daylight","03 - P.D. only","04 - Sideswipe"
"14142","WEST HUNT CLUB RD WB btwn KNOXDALE RD & WOODROFFE AVE","361961.77576","5020573.83297","-75.77085","45.32279","2017","1/26/2017","7:15:00 PM","01 - Clear","01 - Dry","10 - No control","01 - Non intersection","07 - Dark","02 - Non-fatal injury","03 - Rear end"
"14143","WEST HUNT CLUB RD WB btwn LANCELOT DR & 210 W OF MERIVALE RD","365354.78796","5021788.82149","-75.72742","45.33343","2017","8/17/2017","6:24:00 PM","01 - Clear","01 - Dry","10 - No control","01 - Non intersection","01 - Daylight","03 - P.D. only","03 - Rear end"
"14144","WEST HUNT CLUB RD WB btwn MERIVALE RD & ROYDON PL","365869.10546","5022102.75461","-75.72082","45.33621","2017","7/15/2017","7:15:00 AM","01 - Clear","02 - Wet","10 - No control","01 - Non intersection","01 - Daylight","02 - Non-fatal injury","07 - SMV other"
"14145","WEST HUNT CLUB RD WB btwn MERIVALE RD & ROYDON PL","365772.20720","5022042.69839","-75.72207","45.33568","2017","1/5/2017","8:47:00 PM","01 - Clear","02 - Wet","10 - No control","04 - At/near private drive","07 - Dark","03 - P.D. only","02 - Angle"
"14146","WEST HUNT CLUB RD WB btwn ROYDON PL/SUNDERLAND ST & 545 E OF ROYDON PL","366061.42994","5022223.99690","-75.71835","45.33729","2017","7/22/2017","11:59:00 AM","01 - Clear","01 - Dry","10 - No control","01 - Non intersection","01 - Daylight","03 - P.D. only","03 - Rear end"
"14147","WEST HUNT CLUB RD WB btwn ROYDON PL/SUNDERLAND ST & 545 E OF ROYDON PL","366314.16706","5022385.65874","-75.71511","45.33872","2017","12/8/2017","12:40:00 PM","01 - Clear","01 - Dry","10 - No control","04 - At/near private drive","01 - Daylight","02 - Non-fatal injury","05 - Turning movement"
"14148","WEST HUNT CLUB RD WB btwn WOODROFFE AVE & 354 E OF WOODROFFE AVE/REC P","363920.96422","5021412.60922","-75.74576","45.33017","2017","9/30/2017","1:14:00 PM","01 - Clear","01 - Dry","10 - No control","01 - Non intersection","01 - Daylight","03 - P.D. only","07 - SMV other"
"14149","WEST HUNT CLUB RD WB btwn WOODROFFE AVE & 354 E OF WOODROFFE AVE/REC P","363885.30642","5021400.43615","-75.74622","45.33007","2017","1/8/2017","9:57:00 AM","03 - Snow","05 - Packed snow","10 - No control","01 - Non intersection","01 - Daylight","02 - Non-fatal injury","07 - SMV other"
"14150","WEST RIDGE DR @ WHALINGS CIRC","348693.38053","5013665.56524","-75.94070","45.26158","2017","1/10/2017","1:42:00 PM","03 - Snow","03 - Loose snow","02 - Stop sign","02 - Intersection related","01 - Daylight","03 - P.D. only","03 - Rear end"
"14151","WEST RIDGE DR btwn PARLOR PL & BERT G. ARGUE DR","349455.38202","5012881.62497","-75.93106","45.25448","2017","1/1/2017","1:28:00 AM","02 - Rain","03 - Loose snow","10 - No control","01 - Non intersection","07 - Dark","03 - P.D. only","07 - SMV other"
"14152","WESTFIELD CRES btwn ASHGROVE CRES & ASHGROVE CRES","360990.54129","5021886.29257","-75.78309","45.33467","2017","8/2/2017","9:57:00 PM","01 - Clear","01 - Dry","10 - No control","04 - At/near private drive","07 - Dark","03 - P.D. only","06 - SMV unattended vehicle"
"14153","WESTON DR btwn SAUNDERSON DR & OTHELLO AVE","373268.07629","5028896.65603","-75.62549","45.39666","2017","7/1/2017","12:00:00 AM","02 - Rain","02 - Wet","10 - No control","01 - Non intersection","00 - Unknown","03 - P.D. only","06 - SMV unattended vehicle"
"14154","WESTOVER CRES btwn PAINE AVE & PAINE AVE","348758.10300","5018569.81600","-75.93944","45.30571","2017","1/11/2017","12:00:00 AM","04 - Freezing Rain","06 - Ice","10 - No control","01 - Non intersection","00 - Unknown","03 - P.D. only","06 - SMV unattended vehicle"
"14155","WESTVALLEY PRIV btwn SOUTHCREST PRIV & GLENHAVEN PRIV (2)","370125.88970","5026006.22288","-75.66600","45.37095","2017","2/5/2017","6:00:00 PM","03 - Snow","02 - Wet","10 - No control","04 - At/near private drive","07 - Dark","03 - P.D. only","06 - SMV unattended vehicle"
"14156","WEYBRIDGE DR btwn KENNEVALE DR & HOPKINTON ST","362407.03297","5014953.76310","-75.76582","45.27218","2017","1/15/2017","3:08:00 AM","01 - Clear","02 - Wet","10 - No control","01 - Non intersection","07 - Dark","03 - P.D. only","07 - SMV other"
"14157","WHETSTONE CRES btwn FRATTON WAY & OLDFIELD ST (1)","366477.49655","5015949.84528","-75.71383","45.28080","2017","6/27/2017","12:00:00 AM","01 - Clear","01 - Dry","10 - No control","01 - Non intersection","00 - Unknown","03 - P.D. only","06 - SMV unattended vehicle"
"14158","WHITBURN CRES btwn HEXHAM RD & MARSDEN PL (2)","357326.68036","5023458.64034","-75.82966","45.34911","2017","3/4/2017","12:00:00 AM","01 - Clear","01 - Dry","10 - No control","01 - Non intersection","00 - Unknown","03 - P.D. only","06 - SMV unattended vehicle"
"14159","WHITE ALDER AVE btwn FLAT SEDGE CRES & STALWART CRES W","375462.84400","5020730.63100","-75.59863","45.32297","2017","10/16/2017","8:06:00 PM","01 - Clear","01 - Dry","10 - No control","01 - Non intersection","07 - Dark","03 - P.D. only","06 - SMV unattended vehicle"
"14160","WHITE ALDER AVE btwn FLAT SEDGE CRES & STALWART CRES W","375442.94400","5020718.54500","-75.59888","45.32286","2017","12/11/2017","10:30:00 AM","01 - Clear","01 - Dry","10 - No control","01 - Non intersection","01 - Daylight","03 - P.D. only","06 - SMV unattended vehicle"
"14161","WHITEROCK ST btwn HUNTINGDALE CRT & MATHESON RD","373208.52278","5032870.84135","-75.62570","45.43242","2017","1/7/2017","9:29:00 AM","01 - Clear","05 - Packed snow","10 - No control","01 - Non intersection","01 - Daylight","03 - P.D. only","06 - SMV unattended vehicle"
"14162","WHITMORE AVE btwn CLINE CRES & CLINE CRES","362884.88465","5024802.31178","-75.75858","45.36076","2017","2/8/2017","12:00:00 AM","04 - Freezing Rain","06 - Ice","10 - No control","01 - Non intersection","00 - Unknown","03 - P.D. only","06 - SMV unattended vehicle"
"14163","WHYTE SIDE RD btwn HAWTHORNE RD & RAMSAYVILLE RD","376446.40464","5024713.56934","-75.58551","45.35871","2017","6/6/2017","11:55:00 PM","01 - Clear","01 - Dry","10 - No control","01 - Non intersection","07 - Dark","03 - P.D. only","03 - Rear end"
"14164","WHYTE SIDE RD btwn HAWTHORNE RD & RAMSAYVILLE RD","377918.10144","5025568.89066","-75.56660","45.36625","2017","7/21/2017","7:50:00 AM","01 - Clear","01 - Dry","10 - No control","01 - Non intersection","01 - Daylight","02 - Non-fatal injury","04 - Sideswipe"
"14165","WICKLOW DR btwn SCHARFGATE DR & POTTER DR","367570.64868","5009370.77266","-75.70073","45.22150","2017","6/17/2017","8:21:00 PM","01 - Clear","01 - Dry","10 - No control","04 - At/near private drive","01 - Daylight","03 - P.D. only","06 - SMV unattended vehicle"
"14166","WIFFEN PRIV @ WHARHOL PRIV","357252.28806","5019607.01021","-75.83102","45.31445","2017","8/2/2017","3:48:00 PM","01 - Clear","01 - Dry","02 - Stop sign","02 - Intersection related","01 - Daylight","03 - P.D. only","05 - Turning movement"
"14167","WILHAVEN DR btwn BECKETT'S CREEK RD & CANAAN RD","395085.32643","5041123.93949","-75.34463","45.50419","2017","1/12/2017","7:18:00 AM","02 - Rain","06 - Ice","10 - No control","01 - Non intersection","03 - Dawn","03 - P.D. only","99 - Other"
"14168","WILHAVEN DR btwn DUNNING RD & SARSFIELD RD","391096.96367","5040848.96618","-75.39571","45.50222","2017","11/9/2017","9:20:00 PM","03 - Snow","02 - Wet","10 - No control","01 - Non intersection","07 - Dark","03 - P.D. only","07 - SMV other"
"14169","WILHAVEN DR btwn EMMETT RD & BECKETT'S CREEK RD","394678.35290","5041209.73414","-75.34983","45.50502","2017","3/14/2017","7:40:00 AM","03 - Snow","03 - Loose snow","10 - No control","01 - Non intersection","01 - Daylight","03 - P.D. only","07 - SMV other"
"14170","WILLARD ST btwn SCOTIA PL & BELLWOOD AVE","368975.50899","5028343.97777","-75.68038","45.39209","2017","2/13/2017","10:00:00 PM","03 - Snow","04 - Slush","10 - No control","01 - Non intersection","07 - Dark","03 - P.D. only","06 - SMV unattended vehicle"
"14171","WILLIAM HODGINS LANE btwn VAUGHAN SIDE RD & DIAMONDVIEW RD","338285.73048","5019867.40979","-76.07290","45.31796","2017","9/29/2017","8:38:00 AM","01 - Clear","01 - Dry","10 - No control","01 - Non intersection","01 - Daylight","02 - Non-fatal injury","99 - Other"
"14172","WILLIAM ST btwn CLARENCE ST & YORK ST","367965.50535","5032405.20257","-75.69276","45.42873","2017","4/26/2017","5:36:00 PM","01 - Clear","01 - Dry","10 - No control","01 - Non intersection","01 - Daylight","03 - P.D. only","07 - SMV other"
"14173","WILLOW ASTER CIR btwn GERARDIA LANE & MONARDIA WAY","383585.30520","5033722.90450","-75.49296","45.43900","2017","10/31/2017","8:59:00 PM","01 - Clear","02 - Wet","10 - No control","04 - At/near private drive","07 - Dark","03 - P.D. only","06 - SMV unattended vehicle"
"14174","WILLOW ST btwn PRESTON ST & ROCHESTER ST","366504.72131","5029894.19621","-75.71174","45.40626","2017","2/9/2017","8:00:00 AM","01 - Clear","01 - Dry","10 - No control","04 - At/near private drive","01 - Daylight","03 - P.D. only","06 - SMV unattended vehicle"
"14175","WILLOW ST btwn PRESTON ST & ROCHESTER ST","366500.10146","5029892.83413","-75.71180","45.40625","2017","2/19/2017","12:00:00 AM","01 - Clear","05 - Packed snow","10 - No control","01 - Non intersection","07 - Dark","03 - P.D. only","06 - SMV unattended vehicle"
"14176","WILLOW ST btwn PRESTON ST & ROCHESTER ST","366477.27932","5029882.30857","-75.71209","45.40616","2017","4/20/2017","12:00:00 AM","01 - Clear","01 - Dry","10 - No control","01 - Non intersection","00 - Unknown","03 - P.D. only","06 - SMV unattended vehicle"
"14177","WILLOW ST btwn ROCHESTER ST & BOOTH ST","366702.33380","5029977.22333","-75.70921","45.40699","2017","3/29/2017","9:56:00 AM","01 - Clear","01 - Dry","10 - No control","01 - Non intersection","01 - Daylight","02 - Non-fatal injury","06 - SMV unattended vehicle"
"14178","WILLOWDALE AVE btwn EVANS BLVD & RENFIELD RD","370175.08876","5027083.53447","-75.66523","45.38064","2017","3/7/2017","9:23:00 AM","04 - Freezing Rain","06 - Ice","10 - No control","01 - Non intersection","01 - Daylight","03 - P.D. only","06 - SMV unattended vehicle"
"14179","WILLOWMERE WAY btwn FINDLAY CREEK DR & HAZELNUT CRES","374162.69400","5019357.73100","-75.61540","45.31075","2017","6/5/2017","8:22:00 PM","01 - Clear","01 - Dry","10 - No control","04 - At/near private drive","01 - Daylight","03 - P.D. only","02 - Angle"
"14180","WILSON ST btwn CUMMINGS AVE & RAINSFORD AVE","372159.89110","5033834.85900","-75.63897","45.44120","2017","2/17/2017","1:33:00 AM","01 - Clear","05 - Packed snow","10 - No control","01 - Non intersection","07 - Dark","03 - P.D. only","06 - SMV unattended vehicle"
"14181","WILTON CRES btwn OAKLAND AVE & MONK ST","368489.65266","5028914.81310","-75.68651","45.39727","2017","12/16/2017","10:45:00 PM","01 - Clear","03 - Loose snow","10 - No control","01 - Non intersection","07 - Dark","03 - P.D. only","06 - SMV unattended vehicle"
"14182","WINDSOR AVE btwn RIVERDALE AVE & END","369145.65606","5028438.79356","-75.67820","45.39293","2017","7/13/2017","11:00:00 PM","01 - Clear","01 - Dry","10 - No control","01 - Non intersection","07 - Dark","03 - P.D. only","06 - SMV unattended vehicle"
"14183","WINDSOR AVE btwn RIVERDALE AVE & END","369119.00598","5028422.08956","-75.67854","45.39278","2017","7/13/2017","10:58:00 PM","01 - Clear","01 - Dry","10 - No control","01 - Non intersection","07 - Dark","03 - P.D. only","06 - SMV unattended vehicle"
"14184","WINLOCK CRES btwn ELVASTON AVE & ELVASTON AVE","361603.47190","5021337.49498","-75.77533","45.32969","2017","9/16/2017","11:28:00 PM","01 - Clear","01 - Dry","10 - No control","04 - At/near private drive","07 - Dark","03 - P.D. only","06 - SMV unattended vehicle"
"14185","WINONA AVE btwn WHITBY AVE & PICTON AVE","363241.62428","5028462.42777","-75.75359","45.39366","2017","1/6/2017","12:00:00 AM","01 - Clear","05 - Packed snow","10 - No control","01 - Non intersection","00 - Unknown","03 - P.D. only","06 - SMV unattended vehicle"
"14186","WINTERHAVEN DR btwn FOUNTAINHEAD DR & STARCROSS ST","382005.34270","5032025.08590","-75.51342","45.42390","2017","6/10/2017","12:00:00 AM","01 - Clear","01 - Dry","10 - No control","04 - At/near private drive","00 - Unknown","03 - P.D. only","06 - SMV unattended vehicle"
"14187","WITHROW AVE btwn PENDER ST & ST. HELEN'S PL","364378.94151","5024062.26723","-75.73960","45.35397","2017","6/3/2017","2:45:00 PM","01 - Clear","01 - Dry","10 - No control","04 - At/near private drive","01 - Daylight","03 - P.D. only","06 - SMV unattended vehicle"
"14188","WOLFF ST btwn MARGUERITE AVE & ONTARIO ST","370127.78120","5032408.28593","-75.66513","45.42856","2017","4/29/2017","4:40:00 PM","01 - Clear","01 - Dry","10 - No control","04 - At/near private drive","01 - Daylight","03 - P.D. only","06 - SMV unattended vehicle"
"14189","WOODCLIFFE PRIV @ JEANNE D'ARC BLVD","380108.11341","5036225.86998","-75.53702","45.46190","2017","7/6/2017","6:34:00 PM","01 - Clear","01 - Dry","02 - Stop sign","03 - At intersection","01 - Daylight","02 - Non-fatal injury","02 - Angle"
"14190","WOODCLIFFE PRIV @ JEANNE D'ARC BLVD","380109.60847","5036227.36504","-75.53700","45.46191","2017","11/16/2017","5:57:00 PM","02 - Rain","02 - Wet","02 - Stop sign","02 - Intersection related","07 - Dark","03 - P.D. only","03 - Rear end"
"14191","WOODFIELD DR btwn DOWNSVIEW CRES & MERIVALE RD","365329.72959","5022257.52197","-75.72769","45.33765","2017","1/16/2017","6:52:00 PM","01 - Clear","06 - Ice","10 - No control","04 - At/near private drive","07 - Dark","03 - P.D. only","02 - Angle"
"14192","WOODFORD WAY btwn WOODPARK WAY & ARMAGH WAY","365002.61309","5017037.60519","-75.73249","45.29071","2017","10/26/2017","12:00:00 AM","01 - Clear","01 - Dry","10 - No control","01 - Non intersection","00 - Unknown","03 - P.D. only","06 - SMV unattended vehicle"
"14193","WOODFORD WAY btwn WOODPARK WAY & ARMAGH WAY","364960.09808","5017025.39773","-75.73304","45.29061","2017","3/7/2017","9:11:00 AM","04 - Freezing Rain","06 - Ice","10 - No control","01 - Non intersection","01 - Daylight","03 - P.D. only","06 - SMV unattended vehicle"
"14194","WOODGATE WAY btwn ROYAL FIELD CRES & BENCHLAND ST","364954.01429","5017582.26507","-75.73305","45.29562","2017","7/11/2017","5:33:00 PM","02 - Rain","02 - Wet","10 - No control","04 - At/near private drive","01 - Daylight","02 - Non-fatal injury","04 - Sideswipe"