"Record","Location","X","Y","Longitude","Latitude","Year","Date","Time","Environment","Road_Surface","Traffic_Control","Collision_Location","Light","Collision_Classification","Impact_type"
"14195","WOODKILTON RD @ KINBURN SIDE RD","336952.13115","5034991.72090","-76.08892","45.45412","2017","9/28/2017","11:32:00 AM","01 - Clear","01 - Dry","02 - Stop sign","03 - At intersection","01 - Daylight","03 - P.D. only","02 - Angle"
"14196","WOODKILTON RD btwn TO BE DETERMINED & KILMAURS SIDE RD","332942.86236","5039282.66223","-76.13993","45.49290","2017","8/29/2017","7:41:00 AM","01 - Clear","01 - Dry","10 - No control","01 - Non intersection","01 - Daylight","03 - P.D. only","07 - SMV other"
"14197","WOODLAWN AVE btwn WILTON LANE & MONK ST","368393.35976","5029049.51920","-75.68773","45.39850","2017","6/10/2017","12:00:00 AM","01 - Clear","01 - Dry","10 - No control","01 - Non intersection","00 - Unknown","03 - P.D. only","06 - SMV unattended vehicle"
"14198","WOODMILL TER btwn BEAM ST & FORESTBROOK ST","348850.30490","5022754.75148","-75.93789","45.34336","2017","1/8/2017","12:00:00 AM","01 - Clear","05 - Packed snow","10 - No control","01 - Non intersection","00 - Unknown","03 - P.D. only","06 - SMV unattended vehicle"
"14199","WOODMOUNT CRES btwn CHESTERTON DR & CHESTERTON DR","365570.77979","5023942.04617","-75.72440","45.35279","2017","12/11/2017","4:54:00 PM","01 - Clear","06 - Ice","10 - No control","04 - At/near private drive","07 - Dark","03 - P.D. only","02 - Angle"
"14200","WOODPARK WAY btwn MASONBROOK ST & MULLCRAFT CRES","365232.39082","5017069.06794","-75.72956","45.29098","2017","3/10/2017","10:15:00 AM","01 - Clear","06 - Ice","10 - No control","01 - Non intersection","01 - Daylight","03 - P.D. only","07 - SMV other"
"14201","WOODPARK WAY btwn MASONBROOK ST & MULLCRAFT CRES","365210.58969","5017189.15883","-75.72982","45.29206","2017","12/29/2017","6:00:00 PM","03 - Snow","03 - Loose snow","10 - No control","01 - Non intersection","07 - Dark","03 - P.D. only","06 - SMV unattended vehicle"
"14202","WOODRIDGE CRES btwn 220 W OF BAYSHORE DR/BAYSHORE SC & BAYSHORE DR","359102.89977","5023416.52941","-75.80700","45.34859","2017","4/23/2017","9:53:00 AM","01 - Clear","01 - Dry","10 - No control","04 - At/near private drive","01 - Daylight","02 - Non-fatal injury","02 - Angle"
"14203","WOODRIDGE CRES btwn BAYSHORE DR & BAYSHORE PS","358839.07545","5023657.29424","-75.81034","45.35078","2017","11/22/2017","7:30:00 PM","01 - Clear","01 - Dry","10 - No control","01 - Non intersection","07 - Dark","03 - P.D. only","06 - SMV unattended vehicle"
"14204","WOODRIDGE CRES btwn BAYSHORE DR & BAYSHORE PS","358988.84261","5023822.76237","-75.80841","45.35226","2017","2/11/2017","4:30:00 PM","01 - Clear","03 - Loose snow","10 - No control","04 - At/near private drive","01 - Daylight","03 - P.D. only","05 - Turning movement"
"14205","WOODRIDGE CRES btwn BAYSHORE PS & TRANSITWAY LINK","358848.17881","5023186.37467","-75.81028","45.34654","2017","5/31/2017","5:00:00 PM","01 - Clear","01 - Dry","10 - No control","04 - At/near private drive","01 - Daylight","03 - P.D. only","05 - Turning movement"
"14206","WOODRIDGE CRES btwn BAYSHORE PS & TRANSITWAY LINK","358838.26637","5023185.59895","-75.81040","45.34654","2017","6/18/2017","3:40:00 PM","01 - Clear","01 - Dry","10 - No control","04 - At/near private drive","01 - Daylight","03 - P.D. only","02 - Angle"
"14207","WOODRIDGE CRES btwn BAYSHORE PS & TRANSITWAY LINK","358657.17822","5023212.23852","-75.81271","45.34679","2017","10/29/2017","12:00:00 AM","02 - Rain","02 - Wet","10 - No control","01 - Non intersection","00 - Unknown","03 - P.D. only","06 - SMV unattended vehicle"
"14208","WOODRIDGE CRES btwn BAYSHORE PS & TRANSITWAY LINK","358842.93576","5023187.21028","-75.81034","45.34655","2017","4/10/2017","3:25:00 PM","01 - Clear","01 - Dry","10 - No control","04 - At/near private drive","01 - Daylight","03 - P.D. only","05 - Turning movement"
"14209","WOODRIDGE CRES btwn BAYSHORE PS & TRANSITWAY LINK","358701.29584","5023174.40849","-75.81215","45.34644","2017","4/1/2017","12:10:00 PM","01 - Clear","02 - Wet","10 - No control","01 - Non intersection","01 - Daylight","03 - P.D. only","06 - SMV unattended vehicle"
"14210","WOODROFFE AVE @ ALGONQUIN COLLEGE/TRANSITWAY S","362823.35345","5023271.17490","-75.75954","45.34699","2017","9/29/2017","2:45:00 PM","01 - Clear","01 - Dry","01 - Traffic signal","02 - Intersection related","01 - Daylight","03 - P.D. only","03 - Rear end"
"14211","WOODROFFE AVE @ ALGONQUIN COLLEGE/TRANSITWAY S","362825.36014","5023271.17490","-75.75952","45.34699","2017","11/18/2017","5:08:00 PM","01 - Clear","06 - Ice","01 - Traffic signal","02 - Intersection related","07 - Dark","03 - P.D. only","03 - Rear end"
"14212","WOODROFFE AVE @ ALGONQUIN COLLEGE/TRANSITWAY S","362822.13272","5023270.32531","-75.75956","45.34698","2017","11/26/2017","11:57:00 AM","01 - Clear","01 - Dry","01 - Traffic signal","02 - Intersection related","01 - Daylight","02 - Non-fatal injury","03 - Rear end"
"14213","WOODROFFE AVE @ CLARIDGE DR/STONEWAY DR N","365576.87510","5016707.94454","-75.72521","45.28770","2017","7/27/2017","2:29:00 PM","01 - Clear","01 - Dry","01 - Traffic signal","03 - At intersection","01 - Daylight","03 - P.D. only","05 - Turning movement"
"14214","WOODROFFE AVE @ CLARIDGE DR/STONEWAY DR N","365576.36515","5016707.44280","-75.72522","45.28769","2017","11/29/2017","7:59:00 PM","01 - Clear","01 - Dry","01 - Traffic signal","03 - At intersection","07 - Dark","02 - Non-fatal injury","05 - Turning movement"
"14215","WOODROFFE AVE @ CLARIDGE DR/STONEWAY DR N","365576.69960","5016706.72595","-75.72522","45.28769","2017","11/8/2017","11:13:00 AM","01 - Clear","01 - Dry","01 - Traffic signal","03 - At intersection","01 - Daylight","03 - P.D. only","05 - Turning movement"
"14216","WOODROFFE AVE @ CLARIDGE DR/STONEWAY DR N","365576.36515","5016708.11170","-75.72522","45.28770","2017","12/14/2017","2:33:00 PM","01 - Clear","01 - Dry","01 - Traffic signal","03 - At intersection","01 - Daylight","02 - Non-fatal injury","07 - SMV other"
"14217","WOODROFFE AVE @ CLARIDGE DR/STONEWAY DR N","365577.05351","5016708.14268","-75.72521","45.28770","2017","2/13/2017","12:02:00 AM","03 - Snow","05 - Packed snow","01 - Traffic signal","02 - Intersection related","07 - Dark","03 - P.D. only","07 - SMV other"
"14218","WOODROFFE AVE @ CRESTHAVEN DR/PAUL METIVIER","366326.11176","5014853.40380","-75.71589","45.27095","2017","5/31/2017","10:19:00 PM","01 - Clear","01 - Dry","01 - Traffic signal","03 - At intersection","07 - Dark","02 - Non-fatal injury","02 - Angle"
"14219","WOODROFFE AVE @ CRESTHAVEN DR/PAUL METIVIER","366327.28226","5014853.97576","-75.71588","45.27095","2017","5/21/2017","12:10:00 AM","02 - Rain","02 - Wet","01 - Traffic signal","02 - Intersection related","07 - Dark","03 - P.D. only","03 - Rear end"
"14220","WOODROFFE AVE @ CRESTHAVEN DR/PAUL METIVIER","366326.79217","5014853.97576","-75.71588","45.27095","2017","5/9/2017","6:23:00 PM","01 - Clear","01 - Dry","01 - Traffic signal","03 - At intersection","01 - Daylight","02 - Non-fatal injury","02 - Angle"
"14221","WOODROFFE AVE @ CRESTHAVEN DR/PAUL METIVIER","366327.62878","5014854.06831","-75.71587","45.27095","2017","10/29/2017","12:03:00 PM","02 - Rain","02 - Wet","01 - Traffic signal","02 - Intersection related","01 - Daylight","03 - P.D. only","05 - Turning movement"
"14222","WOODROFFE AVE @ CRESTHAVEN DR/PAUL METIVIER","366327.11890","5014853.19240","-75.71588","45.27094","2017","11/7/2017","9:35:00 AM","01 - Clear","01 - Dry","01 - Traffic signal","03 - At intersection","01 - Daylight","02 - Non-fatal injury","02 - Angle"
"14223","WOODROFFE AVE @ DEERFOX DR/STONEWAY DR","365885.54080","5015941.02025","-75.72137","45.28077","2017","10/16/2017","10:30:00 PM","01 - Clear","01 - Dry","01 - Traffic signal","02 - Intersection related","07 - Dark","03 - P.D. only","99 - Other"
"14224","WOODROFFE AVE @ DEERFOX DR/STONEWAY DR","365886.03255","5015940.43880","-75.72137","45.28077","2017","11/17/2017","4:12:00 PM","01 - Clear","01 - Dry","01 - Traffic signal","03 - At intersection","05 - Dusk","03 - P.D. only","04 - Sideswipe"
"14225","WOODROFFE AVE @ DEERFOX DR/STONEWAY DR","365886.17147","5015940.43880","-75.72137","45.28077","2017","12/14/2017","5:09:00 PM","05 - Drifting Snow","04 - Slush","01 - Traffic signal","03 - At intersection","07 - Dark","03 - P.D. only","05 - Turning movement"
"14226","WOODROFFE AVE @ DEERFOX DR/STONEWAY DR","365886.14906","5015939.31140","-75.72137","45.28076","2017","12/19/2017","5:15:00 AM","01 - Clear","04 - Slush","01 - Traffic signal","03 - At intersection","07 - Dark","03 - P.D. only","05 - Turning movement"
"14227","WOODROFFE AVE @ DEERFOX DR/STONEWAY DR","365885.43125","5015940.26151","-75.72137","45.28076","2017","12/26/2017","11:00:00 AM","01 - Clear","05 - Packed snow","01 - Traffic signal","03 - At intersection","01 - Daylight","03 - P.D. only","02 - Angle"
"14228","WOODROFFE AVE @ DEERFOX DR/STONEWAY DR","365885.55865","5015940.44490","-75.72137","45.28077","2017","12/30/2017","2:35:00 PM","03 - Snow","05 - Packed snow","01 - Traffic signal","02 - Intersection related","01 - Daylight","03 - P.D. only","05 - Turning movement"
"14229","WOODROFFE AVE @ GEORGINA DR/LENESTER AVE","361910.68994","5025369.85030","-75.77095","45.36595","2017","5/29/2017","10:23:00 AM","02 - Rain","02 - Wet","01 - Traffic signal","03 - At intersection","01 - Daylight","03 - P.D. only","02 - Angle"
"14230","WOODROFFE AVE @ GEORGINA DR/LENESTER AVE","361908.68326","5025371.85699","-75.77097","45.36596","2017","4/25/2017","12:38:00 PM","01 - Clear","01 - Dry","01 - Traffic signal","02 - Intersection related","01 - Daylight","03 - P.D. only","03 - Rear end"
"14231","WOODROFFE AVE @ GEORGINA DR/LENESTER AVE","361909.97336","5025370.69798","-75.77096","45.36595","2017","8/12/2017","1:49:00 PM","01 - Clear","01 - Dry","01 - Traffic signal","03 - At intersection","01 - Daylight","02 - Non-fatal injury","05 - Turning movement"
"14232","WOODROFFE AVE @ GEORGINA DR/LENESTER AVE","361908.01436","5025371.85699","-75.77098","45.36596","2017","7/4/2017","4:59:00 PM","01 - Clear","01 - Dry","01 - Traffic signal","02 - Intersection related","01 - Daylight","03 - P.D. only","03 - Rear end"
"14233","WOODROFFE AVE @ GEORGINA DR/LENESTER AVE","361909.96718","5025369.84724","-75.77096","45.36595","2017","9/3/2017","4:15:00 PM","02 - Rain","02 - Wet","01 - Traffic signal","02 - Intersection related","01 - Daylight","03 - P.D. only","03 - Rear end"
"14234","WOODROFFE AVE @ GEORGINA DR/LENESTER AVE","361911.10280","5025369.71695","-75.77094","45.36594","2017","9/5/2017","8:30:00 AM","01 - Clear","01 - Dry","01 - Traffic signal","02 - Intersection related","01 - Daylight","03 - P.D. only","03 - Rear end"
"14235","WOODROFFE AVE @ GEORGINA DR/LENESTER AVE","361909.55780","5025369.95858","-75.77096","45.36595","2017","9/18/2017","3:00:00 PM","01 - Clear","01 - Dry","01 - Traffic signal","02 - Intersection related","01 - Daylight","03 - P.D. only","03 - Rear end"
"14236","WOODROFFE AVE @ GEORGINA DR/LENESTER AVE","361910.02105","5025371.18810","-75.77096","45.36596","2017","11/6/2017","6:42:00 PM","01 - Clear","01 - Dry","01 - Traffic signal","03 - At intersection","07 - Dark","03 - P.D. only","03 - Rear end"
"14237","WOODROFFE AVE @ GEORGINA DR/LENESTER AVE","361910.68994","5025370.51920","-75.77095","45.36595","2017","11/27/2017","9:38:00 AM","01 - Clear","02 - Wet","01 - Traffic signal","03 - At intersection","01 - Daylight","03 - P.D. only","02 - Angle"
"14238","WOODROFFE AVE @ GEORGINA DR/LENESTER AVE","361909.68410","5025369.96324","-75.77096","45.36595","2017","11/7/2017","10:05:00 AM","01 - Clear","01 - Dry","01 - Traffic signal","03 - At intersection","01 - Daylight","03 - P.D. only","05 - Turning movement"
"14239","WOODROFFE AVE @ GEORGINA DR/LENESTER AVE","361909.22307","5025370.59710","-75.77097","45.36595","2017","12/1/2017","9:24:00 AM","01 - Clear","01 - Dry","01 - Traffic signal","02 - Intersection related","01 - Daylight","03 - P.D. only","04 - Sideswipe"
"14240","WOODROFFE AVE @ GEORGINA DR/LENESTER AVE","361908.18566","5025370.14397","-75.77098","45.36595","2017","2/16/2017","9:22:00 AM","05 - Drifting Snow","04 - Slush","01 - Traffic signal","02 - Intersection related","01 - Daylight","02 - Non-fatal injury","01 - Approaching"
"14241","WOODROFFE AVE @ GEORGINA DR/LENESTER AVE","361909.68660","5025369.42630","-75.77096","45.36594","2017","1/23/2017","5:24:00 PM","01 - Clear","01 - Dry","01 - Traffic signal","02 - Intersection related","05 - Dusk","03 - P.D. only","04 - Sideswipe"
"14242","WOODROFFE AVE @ GEORGINA DR/LENESTER AVE","361909.56445","5025370.91949","-75.77096","45.36596","2017","3/25/2017","7:00:00 PM","01 - Clear","01 - Dry","01 - Traffic signal","02 - Intersection related","07 - Dark","03 - P.D. only","07 - SMV other"
"14243","WOODROFFE AVE @ GEORGINA DR/LENESTER AVE","361910.02105","5025371.18810","-75.77096","45.36596","2017","3/8/2017","11:01:00 AM","01 - Clear","01 - Dry","01 - Traffic signal","02 - Intersection related","01 - Daylight","03 - P.D. only","03 - Rear end"
"14244","WOODROFFE AVE @ HWY 417 WOODROFF IC127R26/HWY4","362082.35245","5024940.85539","-75.76881","45.36207","2017","5/1/2017","11:50:00 AM","02 - Rain","02 - Wet","01 - Traffic signal","02 - Intersection related","01 - Daylight","03 - P.D. only","03 - Rear end"
"14245","WOODROFFE AVE @ HWY 417 WOODROFF IC127R26/HWY4","362082.71206","5024939.66356","-75.76880","45.36206","2017","9/13/2017","6:37:00 PM","01 - Clear","01 - Dry","01 - Traffic signal","02 - Intersection related","01 - Daylight","03 - P.D. only","03 - Rear end"
"14246","WOODROFFE AVE @ HWY 417 WOODROFF IC127R26/HWY4","362083.16027","5024940.70103","-75.76880","45.36207","2017","10/24/2017","9:31:00 PM","02 - Rain","02 - Wet","01 - Traffic signal","03 - At intersection","07 - Dark","02 - Non-fatal injury","05 - Turning movement"
"14247","WOODROFFE AVE @ HWY 417 WOODROFF IC127R26/HWY4","362083.16027","5024938.33417","-75.76880","45.36205","2017","11/1/2017","9:41:00 PM","02 - Rain","02 - Wet","01 - Traffic signal","03 - At intersection","07 - Dark","03 - P.D. only","03 - Rear end"
"14248","WOODROFFE AVE @ HWY 417 WOODROFF IC127R26/HWY4","362082.35245","5024939.51760","-75.76881","45.36206","2017","3/19/2017","10:37:00 AM","01 - Clear","01 - Dry","01 - Traffic signal","02 - Intersection related","01 - Daylight","03 - P.D. only","03 - Rear end"
"14249","WOODROFFE AVE @ HWY 417 WOODROFF IC127R26/HWY4","362083.55491","5024939.49377","-75.76879","45.36206","2017","12/29/2017","2:48:00 PM","01 - Clear","02 - Wet","01 - Traffic signal","02 - Intersection related","01 - Daylight","03 - P.D. only","01 - Approaching"
"14250","WOODROFFE AVE @ KNOXDALE RD/MEDHURST DR","363417.78371","5021826.25509","-75.75213","45.33394","2017","5/10/2017","12:04:00 PM","01 - Clear","01 - Dry","01 - Traffic signal","03 - At intersection","01 - Daylight","03 - P.D. only","05 - Turning movement"
"14251","WOODROFFE AVE @ KNOXDALE RD/MEDHURST DR","363420.02435","5021827.82479","-75.75210","45.33395","2017","5/28/2017","5:49:00 PM","01 - Clear","01 - Dry","01 - Traffic signal","02 - Intersection related","01 - Daylight","03 - P.D. only","03 - Rear end"
"14252","WOODROFFE AVE @ KNOXDALE RD/MEDHURST DR","363417.88539","5021826.18625","-75.75213","45.33394","2017","8/8/2017","11:07:00 AM","01 - Clear","01 - Dry","01 - Traffic signal","03 - At intersection","01 - Daylight","03 - P.D. only","03 - Rear end"
"14253","WOODROFFE AVE @ KNOXDALE RD/MEDHURST DR","363419.56023","5021826.40287","-75.75211","45.33394","2017","7/26/2017","8:53:00 PM","01 - Clear","01 - Dry","01 - Traffic signal","02 - Intersection related","05 - Dusk","03 - P.D. only","03 - Rear end"
"14254","WOODROFFE AVE @ KNOXDALE RD/MEDHURST DR","363419.82094","5021825.95172","-75.75210","45.33393","2017","8/4/2017","12:09:00 PM","01 - Clear","01 - Dry","01 - Traffic signal","03 - At intersection","01 - Daylight","02 - Non-fatal injury","05 - Turning movement"
"14255","WOODROFFE AVE @ KNOXDALE RD/MEDHURST DR","363419.44093","5021825.67595","-75.75211","45.33393","2017","7/25/2017","2:48:00 PM","01 - Clear","01 - Dry","01 - Traffic signal","02 - Intersection related","01 - Daylight","03 - P.D. only","03 - Rear end"
"14256","WOODROFFE AVE @ KNOXDALE RD/MEDHURST DR","363418.39540","5021826.27125","-75.75212","45.33394","2017","8/22/2017","8:43:00 AM","02 - Rain","02 - Wet","01 - Traffic signal","02 - Intersection related","01 - Daylight","03 - P.D. only","03 - Rear end"
"14257","WOODROFFE AVE @ KNOXDALE RD/MEDHURST DR","363420.69324","5021826.48700","-75.75209","45.33394","2017","11/19/2017","9:39:00 AM","03 - Snow","06 - Ice","01 - Traffic signal","02 - Intersection related","01 - Daylight","02 - Non-fatal injury","03 - Rear end"
"14258","WOODROFFE AVE @ KNOXDALE RD/MEDHURST DR","363418.68656","5021827.15590","-75.75212","45.33394","2017","11/12/2017","2:41:00 PM","01 - Clear","01 - Dry","01 - Traffic signal","02 - Intersection related","01 - Daylight","03 - P.D. only","99 - Other"
"14259","WOODROFFE AVE @ KNOXDALE RD/MEDHURST DR","363418.26978","5021826.72369","-75.75212","45.33394","2017","12/13/2017","6:34:00 PM","01 - Clear","02 - Wet","01 - Traffic signal","03 - At intersection","07 - Dark","03 - P.D. only","05 - Turning movement"
"14260","WOODROFFE AVE @ KNOXDALE RD/MEDHURST DR","363420.15988","5021825.99663","-75.75210","45.33393","2017","11/2/2017","9:02:00 AM","02 - Rain","02 - Wet","01 - Traffic signal","03 - At intersection","01 - Daylight","03 - P.D. only","05 - Turning movement"
"14261","WOODROFFE AVE @ KNOXDALE RD/MEDHURST DR","363420.16327","5021826.25031","-75.75210","45.33394","2017","12/8/2017","9:30:00 AM","01 - Clear","01 - Dry","01 - Traffic signal","02 - Intersection related","01 - Daylight","03 - P.D. only","03 - Rear end"
"14262","WOODROFFE AVE @ KNOXDALE RD/MEDHURST DR","363420.69324","5021827.15590","-75.75209","45.33394","2017","2/15/2017","5:59:00 PM","03 - Snow","03 - Loose snow","01 - Traffic signal","03 - At intersection","07 - Dark","02 - Non-fatal injury","05 - Turning movement"
"14263","WOODROFFE AVE @ KNOXDALE RD/MEDHURST DR","363419.68990","5021827.72157","-75.75211","45.33395","2017","2/15/2017","12:34:00 PM","03 - Snow","03 - Loose snow","01 - Traffic signal","03 - At intersection","01 - Daylight","03 - P.D. only","02 - Angle"
"14264","WOODROFFE AVE @ KNOXDALE RD/MEDHURST DR","363418.93943","5021826.11177","-75.75212","45.33393","2017","2/15/2017","10:07:00 AM","03 - Snow","03 - Loose snow","01 - Traffic signal","03 - At intersection","01 - Daylight","03 - P.D. only","07 - SMV other"
"14265","WOODROFFE AVE @ KNOXDALE RD/MEDHURST DR","363419.73858","5021825.97970","-75.75210","45.33393","2017","2/8/2017","7:45:00 AM","01 - Clear","02 - Wet","01 - Traffic signal","02 - Intersection related","01 - Daylight","02 - Non-fatal injury","03 - Rear end"
"14266","WOODROFFE AVE @ KNOXDALE RD/MEDHURST DR","363419.21653","5021827.19706","-75.75211","45.33394","2017","1/18/2017","7:57:00 PM","02 - Rain","02 - Wet","01 - Traffic signal","02 - Intersection related","07 - Dark","02 - Non-fatal injury","03 - Rear end"
"14267","WOODROFFE AVE @ KNOXDALE RD/MEDHURST DR","363420.54646","5021827.77672","-75.75209","45.33395","2017","2/12/2017","3:10:00 PM","03 - Snow","03 - Loose snow","01 - Traffic signal","03 - At intersection","01 - Daylight","02 - Non-fatal injury","02 - Angle"
"14268","WOODROFFE AVE @ KNOXDALE RD/MEDHURST DR","363420.79749","5021826.23884","-75.75209","45.33394","2017","3/25/2017","12:48:00 AM","02 - Rain","02 - Wet","01 - Traffic signal","02 - Intersection related","07 - Dark","03 - P.D. only","03 - Rear end"
"14269","WOODROFFE AVE @ KNOXDALE RD/MEDHURST DR","363419.69010","5021826.49400","-75.75211","45.33394","2017","3/31/2017","4:40:00 PM","03 - Snow","03 - Loose snow","01 - Traffic signal","02 - Intersection related","01 - Daylight","03 - P.D. only","03 - Rear end"
"14270","WOODROFFE AVE @ KNOXDALE RD/MEDHURST DR","363419.52712","5021826.39017","-75.75211","45.33394","2017","4/20/2017","5:57:00 PM","01 - Clear","01 - Dry","01 - Traffic signal","02 - Intersection related","01 - Daylight","02 - Non-fatal injury","03 - Rear end"
"14271","WOODROFFE AVE @ KNOXDALE RD/MEDHURST DR","363419.68990","5021827.20385","-75.75211","45.33394","2017","12/29/2017","6:54:00 PM","01 - Clear","06 - Ice","01 - Traffic signal","03 - At intersection","07 - Dark","03 - P.D. only","03 - Rear end"
"14272","WOODROFFE AVE @ QUEENSBURY DR/RIDEAUCREST DR","365728.03595","5016329.78399","-75.72333","45.28428","2017","5/19/2017","6:39:00 PM","01 - Clear","01 - Dry","01 - Traffic signal","02 - Intersection related","01 - Daylight","02 - Non-fatal injury","03 - Rear end"
"14273","WOODROFFE AVE @ QUEENSBURY DR/RIDEAUCREST DR","365727.59223","5016328.81438","-75.72334","45.28427","2017","8/11/2017","4:30:00 PM","01 - Clear","01 - Dry","01 - Traffic signal","03 - At intersection","01 - Daylight","03 - P.D. only","03 - Rear end"
"14274","WOODROFFE AVE @ QUEENSBURY DR/RIDEAUCREST DR","365728.03595","5016327.77730","-75.72333","45.28426","2017","11/24/2017","5:59:00 PM","01 - Clear","01 - Dry","01 - Traffic signal","03 - At intersection","07 - Dark","02 - Non-fatal injury","05 - Turning movement"
"14275","WOODROFFE AVE @ QUEENSBURY DR/RIDEAUCREST DR","365727.36705","5016327.10841","-75.72334","45.28426","2017","11/3/2017","11:55:00 AM","01 - Clear","02 - Wet","01 - Traffic signal","03 - At intersection","01 - Daylight","02 - Non-fatal injury","07 - SMV other"
"14276","WOODROFFE AVE @ QUEENSBURY DR/RIDEAUCREST DR","365727.36705","5016327.77730","-75.72334","45.28426","2017","11/28/2017","7:50:00 AM","01 - Clear","01 - Dry","01 - Traffic signal","03 - At intersection","01 - Daylight","03 - P.D. only","02 - Angle"
"14277","WOODROFFE AVE @ QUEENSBURY DR/RIDEAUCREST DR","365728.24424","5016329.26031","-75.72333","45.28428","2017","1/12/2017","4:13:00 PM","02 - Rain","02 - Wet","01 - Traffic signal","03 - At intersection","01 - Daylight","02 - Non-fatal injury","07 - SMV other"
"14278","WOODROFFE AVE @ QUEENSBURY DR/RIDEAUCREST DR","365726.07328","5016328.17483","-75.72336","45.28427","2017","1/22/2017","8:24:00 PM","01 - Clear","01 - Dry","01 - Traffic signal","03 - At intersection","07 - Dark","02 - Non-fatal injury","05 - Turning movement"
"14279","WOODROFFE AVE @ QUEENSBURY DR/RIDEAUCREST DR","365730.85520","5016329.66180","-75.72330","45.28428","2017","1/6/2017","12:05:00 PM","01 - Clear","02 - Wet","01 - Traffic signal","03 - At intersection","01 - Daylight","03 - P.D. only","02 - Angle"
"14280","WOODROFFE AVE @ SPORTSPLEX N","363763.32785","5021065.22751","-75.74781","45.32706","2017","10/30/2017","9:54:00 AM","02 - Rain","02 - Wet","01 - Traffic signal","03 - At intersection","01 - Daylight","02 - Non-fatal injury","05 - Turning movement"
"14281","WOODROFFE AVE @ SPORTSPLEX N","363762.63494","5021066.35473","-75.74782","45.32707","2017","10/23/2017","7:15:00 AM","01 - Clear","01 - Dry","01 - Traffic signal","03 - At intersection","01 - Daylight","03 - P.D. only","05 - Turning movement"
"14282","WOODROFFE AVE @ SPORTSPLEX N","363763.58717","5021068.34692","-75.74781","45.32709","2017","10/13/2017","3:22:00 PM","01 - Clear","01 - Dry","01 - Traffic signal","02 - Intersection related","01 - Daylight","03 - P.D. only","03 - Rear end"
"14283","WOODROFFE AVE @ SPORTSPLEX N","363764.71697","5021067.40850","-75.74779","45.32708","2017","12/8/2017","8:11:00 AM","01 - Clear","01 - Dry","01 - Traffic signal","03 - At intersection","01 - Daylight","03 - P.D. only","05 - Turning movement"
"14284","WOODROFFE AVE @ SPORTSPLEX N","363763.66200","5021067.23380","-75.74781","45.32708","2017","12/14/2017","8:40:00 AM","01 - Clear","02 - Wet","01 - Traffic signal","03 - At intersection","01 - Daylight","03 - P.D. only","05 - Turning movement"
"14285","WOODROFFE AVE @ SPORTSPLEX N","363762.65896","5021066.56530","-75.74782","45.32707","2017","12/10/2017","10:40:00 AM","03 - Snow","03 - Loose snow","01 - Traffic signal","02 - Intersection related","01 - Daylight","03 - P.D. only","03 - Rear end"
"14286","WOODROFFE AVE @ SPORTSPLEX N","363763.99675","5021068.57199","-75.74780","45.32709","2017","12/4/2017","8:40:00 PM","01 - Clear","01 - Dry","01 - Traffic signal","02 - Intersection related","07 - Dark","03 - P.D. only","02 - Angle"
"14287","WOODROFFE AVE @ SPORTSPLEX N","363764.66564","5021067.90310","-75.74779","45.32708","2017","4/18/2017","8:24:00 AM","01 - Clear","01 - Dry","01 - Traffic signal","03 - At intersection","01 - Daylight","02 - Non-fatal injury","05 - Turning movement"
"14288","WOODROFFE AVE @ SPORTSPLEX S","363833.13614","5020900.11790","-75.74694","45.32557","2017","11/17/2017","11:55:00 AM","01 - Clear","01 - Dry","01 - Traffic signal","02 - Intersection related","01 - Daylight","02 - Non-fatal injury","03 - Rear end"
"14289","WOODROFFE AVE @ SPORTSPLEX S","363830.30397","5020899.87899","-75.74698","45.32557","2017","12/6/2017","5:40:00 PM","01 - Clear","01 - Dry","01 - Traffic signal","02 - Intersection related","07 - Dark","03 - P.D. only","03 - Rear end"
"14290","WOODROFFE AVE @ SPORTSPLEX S","363831.79835","5020898.11121","-75.74696","45.32555","2017","3/21/2017","12:42:00 PM","01 - Clear","01 - Dry","01 - Traffic signal","02 - Intersection related","01 - Daylight","03 - P.D. only","03 - Rear end"
"14291","WOODROFFE AVE @ TECUMSEH ST","362368.07129","5024229.51318","-75.76524","45.35565","2017","11/13/2017","10:45:00 AM","01 - Clear","01 - Dry","02 - Stop sign","02 - Intersection related","01 - Daylight","02 - Non-fatal injury","03 - Rear end"
"14292","WOODROFFE AVE @ TECUMSEH ST","362368.66861","5024229.00503","-75.76523","45.35564","2017","12/8/2017","5:25:00 PM","01 - Clear","01 - Dry","02 - Stop sign","02 - Intersection related","07 - Dark","03 - P.D. only","03 - Rear end"
"14293","WOODROFFE AVE btwn 260 N OF FALLOWFIELD RD/TRANSITWAY & FALLOWFIELD RD","365085.61781","5017903.65930","-75.73133","45.29850","2017","10/25/2017","4:35:00 PM","01 - Clear","01 - Dry","10 - No control","05 - At railway crossing","01 - Daylight","03 - P.D. only","04 - Sideswipe"
"14294","WOODROFFE AVE btwn 260 N OF FALLOWFIELD RD/TRANSITWAY & FALLOWFIELD RD","365081.47107","5017915.23013","-75.73138","45.29860","2017","10/30/2017","6:30:00 PM","01 - Clear","01 - Dry","10 - No control","01 - Non intersection","05 - Dusk","03 - P.D. only","04 - Sideswipe"
"14295","WOODROFFE AVE btwn 260 N OF FALLOWFIELD RD/TRANSITWAY & FALLOWFIELD RD","365048.70030","5017995.26101","-75.73179","45.29933","2017","12/8/2017","8:20:00 PM","01 - Clear","01 - Dry","10 - No control","05 - At railway crossing","07 - Dark","02 - Non-fatal injury","03 - Rear end"