"Record","Location","X","Y","Longitude","Latitude","Year","Date","Time","Environment","Road_Surface","Traffic_Control","Collision_Location","Light","Collision_Classification","Impact_type"
"14296","WOODROFFE AVE btwn 260 N OF FALLOWFIELD RD/TRANSITWAY & FALLOWFIELD RD","365011.37951","5018092.26104","-75.73225","45.30020","2017","1/25/2017","6:28:00 PM","01 - Clear","02 - Wet","08 - Traffic gate","05 - At railway crossing","07 - Dark","03 - P.D. only","03 - Rear end"
"14297","WOODROFFE AVE btwn 260 N OF FALLOWFIELD RD/TRANSITWAY & FALLOWFIELD RD","365009.89916","5018093.82545","-75.73227","45.30022","2017","2/15/2017","9:31:00 PM","03 - Snow","03 - Loose snow","10 - No control","01 - Non intersection","07 - Dark","03 - P.D. only","04 - Sideswipe"
"14298","WOODROFFE AVE btwn CARLING AVE & FOX CRES","361780.25516","5025699.61619","-75.77257","45.36892","2017","4/25/2017","12:43:00 PM","01 - Clear","01 - Dry","10 - No control","04 - At/near private drive","01 - Daylight","02 - Non-fatal injury","02 - Angle"
"14299","WOODROFFE AVE btwn CARLING AVE & FOX CRES","361785.40935","5025678.69076","-75.77251","45.36873","2017","12/4/2017","8:54:00 AM","01 - Clear","01 - Dry","10 - No control","01 - Non intersection","01 - Daylight","03 - P.D. only","03 - Rear end"
"14300","WOODROFFE AVE btwn CARLING AVE & FOX CRES","361788.08494","5025667.98842","-75.77248","45.36864","2017","11/15/2017","12:30:00 PM","01 - Clear","01 - Dry","10 - No control","01 - Non intersection","01 - Daylight","03 - P.D. only","04 - Sideswipe"
"14301","WOODROFFE AVE btwn CARLINGWOOD SC & CARLING AVE","361916.28945","5025868.65499","-75.77082","45.37043","2017","5/1/2017","3:03:00 PM","02 - Rain","02 - Wet","10 - No control","01 - Non intersection","01 - Daylight","03 - P.D. only","04 - Sideswipe"
"14302","WOODROFFE AVE btwn CARLINGWOOD SC & CARLING AVE","361915.62055","5025874.67506","-75.77083","45.37049","2017","11/30/2017","7:20:00 PM","02 - Rain","02 - Wet","10 - No control","04 - At/near private drive","07 - Dark","03 - P.D. only","02 - Angle"
"14303","WOODROFFE AVE btwn CARLINGWOOD SC & CARLING AVE","361905.58711","5025892.06636","-75.77095","45.37064","2017","11/25/2017","11:42:00 AM","01 - Clear","01 - Dry","10 - No control","04 - At/near private drive","01 - Daylight","03 - P.D. only","05 - Turning movement"
"14304","WOODROFFE AVE btwn CARLINGWOOD SC & CARLING AVE","361910.26428","5025880.03193","-75.77089","45.37054","2017","3/24/2017","6:00:00 PM","03 - Snow","02 - Wet","10 - No control","04 - At/near private drive","01 - Daylight","03 - P.D. only","02 - Angle"
"14305","WOODROFFE AVE btwn CLARIDGE DR & QUEENSBURY DR","365722.01588","5016341.15523","-75.72341","45.28439","2017","6/8/2017","8:58:00 AM","01 - Clear","01 - Dry","10 - No control","01 - Non intersection","01 - Daylight","03 - P.D. only","03 - Rear end"
"14306","WOODROFFE AVE btwn CLARIDGE DR & QUEENSBURY DR","365721.80090","5016343.13833","-75.72341","45.28440","2017","1/9/2017","3:07:00 AM","01 - Clear","05 - Packed snow","10 - No control","01 - Non intersection","07 - Dark","02 - Non-fatal injury","07 - SMV other"
"14307","WOODROFFE AVE btwn Continuation of WOODROFFE AVE & PARKGLEN DR","362866.89303","5023174.58952","-75.75900","45.34611","2017","8/16/2017","9:29:00 PM","01 - Clear","01 - Dry","10 - No control","01 - Non intersection","07 - Dark","03 - P.D. only","03 - Rear end"
"14308","WOODROFFE AVE btwn Continuation of WOODROFFE AVE & PARKGLEN DR","362866.77931","5023170.32978","-75.75900","45.34608","2017","8/16/2017","10:06:00 PM","01 - Clear","01 - Dry","10 - No control","01 - Non intersection","07 - Dark","03 - P.D. only","03 - Rear end"
"14309","WOODROFFE AVE btwn DAVID DR & TURN LANE","363000.16537","5022861.71838","-75.75734","45.34329","2017","12/15/2017","5:20:00 PM","03 - Snow","03 - Loose snow","10 - No control","01 - Non intersection","07 - Dark","03 - P.D. only","03 - Rear end"
"14310","WOODROFFE AVE btwn DEERFOX DR & TIERNEY DR","365894.72820","5015916.35853","-75.72126","45.28055","2017","4/21/2017","7:19:00 PM","02 - Rain","02 - Wet","10 - No control","01 - Non intersection","07 - Dark","03 - P.D. only","03 - Rear end"
"14311","WOODROFFE AVE btwn ELDER ST & SAUNDERS AVE","361476.70112","5026896.83526","-75.77631","45.37972","2017","11/26/2017","5:51:00 PM","03 - Snow","03 - Loose snow","10 - No control","01 - Non intersection","07 - Dark","02 - Non-fatal injury","01 - Approaching"
"14312","WOODROFFE AVE btwn FALLOWFIELD RD & EARL MULLIGAN DR","365163.04317","5017717.26810","-75.73037","45.29682","2017","11/24/2017","5:38:00 PM","01 - Clear","01 - Dry","10 - No control","01 - Non intersection","07 - Dark","03 - P.D. only","03 - Rear end"
"14313","WOODROFFE AVE btwn FIRESTATION & BASELINE RD","362540.77836","5023793.41599","-75.76309","45.35171","2017","5/26/2017","3:14:00 PM","01 - Clear","01 - Dry","10 - No control","01 - Non intersection","01 - Daylight","03 - P.D. only","03 - Rear end"
"14314","WOODROFFE AVE btwn FIRESTATION & BASELINE RD","362545.34237","5023781.87594","-75.76303","45.35160","2017","5/12/2017","9:21:00 AM","01 - Clear","01 - Dry","10 - No control","04 - At/near private drive","01 - Daylight","02 - Non-fatal injury","05 - Turning movement"
"14315","WOODROFFE AVE btwn FIRESTATION & BASELINE RD","362543.81330","5023785.61120","-75.76305","45.35164","2017","11/23/2017","11:41:00 AM","02 - Rain","02 - Wet","10 - No control","01 - Non intersection","01 - Daylight","03 - P.D. only","04 - Sideswipe"
"14316","WOODROFFE AVE btwn FIRESTATION & BASELINE RD","362530.80608","5023818.57337","-75.76321","45.35194","2017","1/6/2017","9:13:00 PM","01 - Clear","03 - Loose snow","10 - No control","01 - Non intersection","07 - Dark","03 - P.D. only","07 - SMV other"
"14317","WOODROFFE AVE btwn FIRESTATION & BASELINE RD","362544.67348","5023782.54483","-75.76304","45.35161","2017","4/6/2017","2:56:00 PM","02 - Rain","02 - Wet","10 - No control","01 - Non intersection","01 - Daylight","02 - Non-fatal injury","03 - Rear end"
"14318","WOODROFFE AVE btwn GEORGINA DR & HWY417 IC127 RAMP36","361926.07456","5025335.06769","-75.77075","45.36563","2017","6/23/2017","1:50:00 PM","01 - Clear","01 - Dry","10 - No control","01 - Non intersection","01 - Daylight","03 - P.D. only","03 - Rear end"
"14319","WOODROFFE AVE btwn GEORGINA DR & HWY417 IC127 RAMP36","361940.79028","5025286.90716","-75.77057","45.36520","2017","6/7/2017","1:15:00 PM","01 - Clear","01 - Dry","10 - No control","01 - Non intersection","01 - Daylight","03 - P.D. only","03 - Rear end"
"14320","WOODROFFE AVE btwn GEORGINA DR & HWY417 IC127 RAMP36","361969.65765","5025219.19840","-75.77021","45.36458","2017","7/15/2017","12:23:00 PM","01 - Clear","01 - Dry","10 - No control","01 - Non intersection","01 - Daylight","03 - P.D. only","04 - Sideswipe"
"14321","WOODROFFE AVE btwn GEORGINA DR & HWY417 IC127 RAMP36","361966.20834","5025228.71318","-75.77025","45.36467","2017","11/18/2017","10:00:00 AM","01 - Clear","01 - Dry","10 - No control","01 - Non intersection","01 - Daylight","03 - P.D. only","03 - Rear end"
"14322","WOODROFFE AVE btwn GEORGINA DR & HWY417 IC127 RAMP36","361984.23857","5025183.42243","-75.77003","45.36426","2017","12/15/2017","11:48:00 AM","04 - Freezing Rain","06 - Ice","10 - No control","01 - Non intersection","01 - Daylight","03 - P.D. only","03 - Rear end"
"14323","WOODROFFE AVE btwn GEORGINA DR & HWY417 IC127 RAMP36","362019.54076","5025096.24716","-75.76959","45.36347","2017","2/16/2017","12:45:00 PM","01 - Clear","02 - Wet","10 - No control","01 - Non intersection","01 - Daylight","02 - Non-fatal injury","03 - Rear end"
"14324","WOODROFFE AVE btwn GEORGINA DR & HWY417 IC127 RAMP36","361995.06661","5025159.41240","-75.76989","45.36404","2017","4/12/2017","5:12:00 PM","01 - Clear","01 - Dry","10 - No control","01 - Non intersection","01 - Daylight","03 - P.D. only","03 - Rear end"
"14325","WOODROFFE AVE btwn GEORGINA DR & HWY417 IC127 RAMP36","362001.44287","5025141.84536","-75.76982","45.36389","2017","12/20/2017","9:51:00 PM","01 - Clear","01 - Dry","10 - No control","01 - Non intersection","07 - Dark","03 - P.D. only","04 - Sideswipe"
"14326","WOODROFFE AVE btwn GRENFELL CRES & 260 N OF FALLOWFIELD RD/TRANSITWAY","364564.69418","5019194.31216","-75.73782","45.31016","2017","2/15/2017","9:20:00 PM","03 - Snow","03 - Loose snow","10 - No control","01 - Non intersection","07 - Dark","03 - P.D. only","07 - SMV other"
"14327","WOODROFFE AVE btwn GRENFELL CRES & 260 N OF FALLOWFIELD RD/TRANSITWAY","364973.45087","5018187.32101","-75.73273","45.30106","2017","3/2/2017","9:41:00 PM","01 - Clear","01 - Dry","10 - No control","01 - Non intersection","07 - Dark","03 - P.D. only","03 - Rear end"
"14328","WOODROFFE AVE btwn HWY417 IC127 RAMP26 & HWY417 IC127 RAMP63","362100.41265","5024893.36375","-75.76858","45.36164","2017","6/7/2017","11:12:00 PM","01 - Clear","01 - Dry","10 - No control","01 - Non intersection","07 - Dark","03 - P.D. only","07 - SMV other"
"14329","WOODROFFE AVE btwn HWY417 IC127 RAMP36 & HWY417 IC127 RAMP62","362044.22536","5025039.18315","-75.76928","45.36296","2017","5/29/2017","1:30:00 PM","02 - Rain","02 - Wet","10 - No control","01 - Non intersection","01 - Daylight","03 - P.D. only","03 - Rear end"
"14330","WOODROFFE AVE btwn HWY417 IC127 RAMP52 & HWY417 IC127 RAMP53","362186.04785","5024678.60847","-75.76751","45.35970","2017","1/27/2017","12:15:00 PM","01 - Clear","01 - Dry","10 - No control","04 - At/near private drive","01 - Daylight","03 - P.D. only","99 - Other"
"14331","WOODROFFE AVE btwn HWY417 IC127 RAMP53 & IRIS ST","362236.34748","5024556.13615","-75.76688","45.35860","2017","4/27/2017","9:40:00 AM","01 - Clear","01 - Dry","10 - No control","04 - At/near private drive","01 - Daylight","03 - P.D. only","03 - Rear end"
"14332","WOODROFFE AVE btwn HWY417 IC127 RAMP53 & IRIS ST","362237.53640","5024554.90222","-75.76687","45.35859","2017","4/29/2017","9:01:00 AM","01 - Clear","01 - Dry","10 - No control","01 - Non intersection","01 - Daylight","03 - P.D. only","07 - SMV other"
"14333","WOODROFFE AVE btwn HWY417 IC127 RAMP53 & IRIS ST","362220.81919","5024590.01448","-75.76708","45.35890","2017","11/24/2017","5:15:00 PM","01 - Clear","02 - Wet","10 - No control","01 - Non intersection","07 - Dark","03 - P.D. only","03 - Rear end"
"14334","WOODROFFE AVE btwn HWY417 IC127 RAMP53 & IRIS ST","362278.34427","5024452.22184","-75.76636","45.35766","2017","3/12/2017","5:12:00 PM","01 - Clear","01 - Dry","10 - No control","01 - Non intersection","01 - Daylight","03 - P.D. only","03 - Rear end"
"14335","WOODROFFE AVE btwn HWY417 IC127 RAMP62 & HWY417 IC127 RAMP26","362069.30578","5024971.29777","-75.76897","45.36235","2017","12/10/2017","3:55:00 PM","01 - Clear","01 - Dry","10 - No control","01 - Non intersection","01 - Daylight","03 - P.D. only","03 - Rear end"
"14336","WOODROFFE AVE btwn HWY417 IC127 RAMP63 & HWY417 IC127 RAMP35","362114.27384","5024862.81249","-75.76841","45.36137","2017","6/27/2017","5:49:00 PM","01 - Clear","01 - Dry","10 - No control","01 - Non intersection","01 - Daylight","03 - P.D. only","03 - Rear end"
"14337","WOODROFFE AVE btwn HWY417 IC127 RAMP63 & HWY417 IC127 RAMP35","362140.91175","5024793.95547","-75.76808","45.36074","2017","9/7/2017","7:35:00 AM","02 - Rain","02 - Wet","10 - No control","07 - Overpass or bridge","01 - Daylight","03 - P.D. only","03 - Rear end"
"14338","WOODROFFE AVE btwn HWY417 IC127 RAMP63 & HWY417 IC127 RAMP35","362132.91028","5024814.14013","-75.76818","45.36093","2017","12/30/2017","11:35:00 AM","03 - Snow","03 - Loose snow","10 - No control","07 - Overpass or bridge","01 - Daylight","03 - P.D. only","03 - Rear end"
"14339","WOODROFFE AVE btwn KNOXDALE RD/MEDHURST DR & MAJESTIC DR","363462.31285","5021722.66186","-75.75157","45.33300","2017","10/13/2017","4:12:00 PM","01 - Clear","01 - Dry","10 - No control","01 - Non intersection","01 - Daylight","03 - P.D. only","03 - Rear end"
"14340","WOODROFFE AVE btwn KNOXDALE RD/MEDHURST DR & MAJESTIC DR","363477.88336","5021687.79149","-75.75138","45.33269","2017","10/4/2017","7:32:00 PM","01 - Clear","02 - Wet","10 - No control","01 - Non intersection","07 - Dark","03 - P.D. only","03 - Rear end"
"14341","WOODROFFE AVE btwn KNOXDALE RD/MEDHURST DR & NORICE ST","363268.05167","5022212.95456","-75.75399","45.33743","2017","10/4/2017","5:36:00 PM","02 - Rain","02 - Wet","10 - No control","01 - Non intersection","01 - Daylight","03 - P.D. only","03 - Rear end"
"14342","WOODROFFE AVE btwn KNOXDALE RD/MEDHURST DR & NORICE ST","363381.22836","5021925.48366","-75.75258","45.33483","2017","11/6/2017","1:02:00 AM","02 - Rain","02 - Wet","10 - No control","01 - Non intersection","07 - Dark","03 - P.D. only","07 - SMV other"
"14343","WOODROFFE AVE btwn KNOXDALE RD/MEDHURST DR & NORICE ST","363249.19905","5022260.36845","-75.75423","45.33786","2017","4/19/2017","7:59:00 AM","01 - Clear","01 - Dry","10 - No control","01 - Non intersection","01 - Daylight","03 - P.D. only","03 - Rear end"
"14344","WOODROFFE AVE btwn MAJESTIC DR & TO BE DETERMINED","363550.88867","5021516.34447","-75.75047","45.33114","2017","12/13/2017","9:00:00 AM","01 - Clear","01 - Dry","10 - No control","04 - At/near private drive","01 - Daylight","03 - P.D. only","05 - Turning movement"
"14345","WOODROFFE AVE btwn MEADOWLANDS DR/TALLWOOD DR & NORICE ST","363105.91302","5022605.04627","-75.75602","45.34097","2017","9/16/2017","12:10:00 PM","01 - Clear","01 - Dry","10 - No control","01 - Non intersection","01 - Daylight","02 - Non-fatal injury","03 - Rear end"
"14346","WOODROFFE AVE btwn MEADOWLANDS DR/TALLWOOD DR & NORICE ST","363078.42873","5022677.65149","-75.75636","45.34163","2017","2/16/2017","8:48:00 AM","03 - Snow","05 - Packed snow","10 - No control","04 - At/near private drive","01 - Daylight","03 - P.D. only","05 - Turning movement"
"14347","WOODROFFE AVE btwn MIRAMICHI ST & TECUMSEH ST","362350.75065","5024277.03603","-75.76546","45.35608","2017","5/27/2017","10:57:00 PM","01 - Clear","01 - Dry","10 - No control","01 - Non intersection","07 - Dark","03 - P.D. only","03 - Rear end"
"14348","WOODROFFE AVE btwn NAVAHO DR & Continuation of WOODROFFE AVE","362768.86807","5023392.80548","-75.76022","45.34809","2017","5/21/2017","9:26:00 AM","01 - Clear","01 - Dry","10 - No control","01 - Non intersection","01 - Daylight","03 - P.D. only","03 - Rear end"
"14349","WOODROFFE AVE btwn NAVAHO DR & Continuation of WOODROFFE AVE","362715.70936","5023474.10288","-75.76089","45.34882","2017","12/3/2017","1:14:00 AM","01 - Clear","01 - Dry","10 - No control","01 - Non intersection","07 - Dark","03 - P.D. only","03 - Rear end"
"14350","WOODROFFE AVE btwn NAVAHO DR & Continuation of WOODROFFE AVE","362822.15268","5023273.48013","-75.75956","45.34701","2017","12/8/2017","9:30:00 AM","01 - Clear","01 - Dry","10 - No control","04 - At/near private drive","01 - Daylight","03 - P.D. only","05 - Turning movement"
"14351","WOODROFFE AVE btwn NAVAHO DR & Continuation of WOODROFFE AVE","362783.36558","5023359.34969","-75.76004","45.34778","2017","3/28/2017","8:58:00 PM","01 - Clear","01 - Dry","10 - No control","01 - Non intersection","07 - Dark","03 - P.D. only","06 - SMV unattended vehicle"
"14352","WOODROFFE AVE btwn OTTAWA RIVER PKWY & OTTAWA RIVER PKWY","361409.09235","5027047.18741","-75.77716","45.38108","2017","11/28/2017","8:00:00 PM","02 - Rain","03 - Loose snow","10 - No control","01 - Non intersection","07 - Dark","03 - P.D. only","07 - SMV other"
"14353","WOODROFFE AVE btwn PARKGLEN DR & DAVID DR","362976.34177","5022918.20374","-75.75763","45.34380","2017","6/18/2017","10:59:00 AM","01 - Clear","01 - Dry","10 - No control","01 - Non intersection","01 - Daylight","03 - P.D. only","03 - Rear end"
"14354","WOODROFFE AVE btwn PINELAND AVE & SLACK RD","364212.79391","5020028.48543","-75.74220","45.31769","2017","3/8/2017","6:53:00 AM","01 - Clear","06 - Ice","10 - No control","01 - Non intersection","03 - Dawn","02 - Non-fatal injury","07 - SMV other"
"14355","WOODROFFE AVE btwn TECUMSEH ST & DOMALATCHY PL","362391.98921","5024167.60405","-75.76494","45.35509","2017","4/21/2017","2:13:00 PM","01 - Clear","01 - Dry","10 - No control","01 - Non intersection","01 - Daylight","03 - P.D. only","04 - Sideswipe"
"14356","WOODROFFE AVE btwn TURN LANE & TALLWOOD DR","363048.23966","5022750.16151","-75.75674","45.34228","2017","1/10/2017","9:44:00 PM","02 - Rain","03 - Loose snow","10 - No control","04 - At/near private drive","07 - Dark","03 - P.D. only","05 - Turning movement"
"14357","WOODROFFE AVE btwn WOODROFFE AVE & NAVAHO DR","362695.87401","5023502.83454","-75.76114","45.34908","2017","5/8/2017","1:03:00 PM","01 - Clear","01 - Dry","10 - No control","01 - Non intersection","01 - Daylight","02 - Non-fatal injury","07 - SMV other"
"14358","WOODROFFE AVE btwn WOODROFFE AVE & NAVAHO DR","362583.86700","5023677.04916","-75.76255","45.35066","2017","1/30/2017","7:15:00 PM","01 - Clear","01 - Dry","10 - No control","01 - Non intersection","07 - Dark","03 - P.D. only","04 - Sideswipe"
"14359","WOODROFFE AVE NB btwn TO BE DETERMINED & WEST HUNT CLUB RD","363662.01816","5021293.06048","-75.74908","45.32912","2017","9/18/2017","10:18:00 AM","01 - Clear","01 - Dry","10 - No control","01 - Non intersection","01 - Daylight","03 - P.D. only","04 - Sideswipe"
"14360","WOODROFFE AVE NB btwn WEST HUNT CLUB RD & SPORTSPLEX N","363710.49033","5021183.61275","-75.74847","45.32813","2017","5/24/2017","8:22:00 AM","01 - Clear","01 - Dry","10 - No control","01 - Non intersection","01 - Daylight","03 - P.D. only","03 - Rear end"
"14361","WOODROFFE AVE NB btwn WEST HUNT CLUB RD & SPORTSPLEX N","363714.35793","5021174.29769","-75.74842","45.32804","2017","2/12/2017","4:56:00 PM","03 - Snow","03 - Loose snow","10 - No control","01 - Non intersection","01 - Daylight","03 - P.D. only","04 - Sideswipe"
"14362","WOODROFFE AVE SB btwn SPORTSPLEX N & TRANSIT","363769.20253","5021022.15989","-75.74774","45.32667","2017","8/24/2017","8:10:00 AM","01 - Clear","01 - Dry","10 - No control","01 - Non intersection","01 - Daylight","02 - Non-fatal injury","07 - SMV other"
"14363","WOODROFFE AVE SB btwn TO BE DETERMINED & WEST HUNT CLUB RD","363639.62768","5021315.78410","-75.74936","45.32932","2017","12/28/2017","6:15:00 PM","01 - Clear","01 - Dry","10 - No control","01 - Non intersection","07 - Dark","03 - P.D. only","03 - Rear end"
"14364","WOODROFFE AVE/HWY 417 WOODROFF IC127R25 @ HWY","362179.34242","5024694.03265","-75.76760","45.35984","2017","5/1/2017","9:00:00 PM","02 - Rain","02 - Wet","01 - Traffic signal","02 - Intersection related","05 - Dusk","03 - P.D. only","03 - Rear end"
"14365","WOODROFFE AVE/HWY 417 WOODROFF IC127R25 @ HWY","362180.01131","5024695.37044","-75.76759","45.35985","2017","6/13/2017","12:04:00 PM","01 - Clear","01 - Dry","01 - Traffic signal","02 - Intersection related","01 - Daylight","03 - P.D. only","03 - Rear end"
"14366","WOODROFFE AVE/HWY 417 WOODROFF IC127R25 @ HWY","362180.04626","5024694.51186","-75.76759","45.35985","2017","7/17/2017","6:30:00 PM","01 - Clear","01 - Dry","01 - Traffic signal","02 - Intersection related","01 - Daylight","03 - P.D. only","03 - Rear end"
"14367","WOODROFFE AVE/HWY 417 WOODROFF IC127R25 @ HWY","362179.42373","5024694.67905","-75.76760","45.35985","2017","9/3/2017","2:44:00 PM","02 - Rain","02 - Wet","01 - Traffic signal","02 - Intersection related","01 - Daylight","03 - P.D. only","07 - SMV other"
"14368","WOODROFFE AVE/HWY 417 WOODROFF IC127R25 @ HWY","362179.72832","5024694.07381","-75.76759","45.35984","2017","10/28/2017","11:30:00 PM","02 - Rain","02 - Wet","01 - Traffic signal","02 - Intersection related","07 - Dark","03 - P.D. only","03 - Rear end"
"14369","WOODROFFE AVE/HWY 417 WOODROFF IC127R25 @ HWY","362180.56399","5024693.93101","-75.76758","45.35984","2017","9/18/2017","7:27:00 PM","01 - Clear","01 - Dry","01 - Traffic signal","02 - Intersection related","07 - Dark","03 - P.D. only","03 - Rear end"
"14370","WOODROFFE AVE/HWY 417 WOODROFF IC127R25 @ HWY","362180.17794","5024693.63946","-75.76759","45.35984","2017","11/1/2017","3:17:00 PM","02 - Rain","02 - Wet","01 - Traffic signal","03 - At intersection","01 - Daylight","03 - P.D. only","03 - Rear end"
"14371","WOODROFFE AVE/HWY 417 WOODROFF IC127R25 @ HWY","362180.38943","5024694.43763","-75.76758","45.35985","2017","12/14/2017","1:32:00 PM","03 - Snow","03 - Loose snow","01 - Traffic signal","02 - Intersection related","01 - Daylight","03 - P.D. only","03 - Rear end"
"14372","WOODROFFE AVE/HWY 417 WOODROFF IC127R25 @ HWY","362180.01131","5024695.37044","-75.76759","45.35985","2017","11/25/2017","12:42:00 PM","01 - Clear","02 - Wet","01 - Traffic signal","02 - Intersection related","01 - Daylight","03 - P.D. only","03 - Rear end"
"14373","WOODROFFE AVE/HWY 417 WOODROFF IC127R25 @ HWY","362180.20169","5024695.02056","-75.76759","45.35985","2017","12/4/2017","11:56:00 AM","01 - Clear","01 - Dry","01 - Traffic signal","02 - Intersection related","01 - Daylight","03 - P.D. only","03 - Rear end"
"14374","WOODROFFE AVE/HWY 417 WOODROFF IC127R25 @ HWY","362179.34242","5024694.70155","-75.76760","45.35985","2017","3/14/2017","4:28:00 PM","03 - Snow","05 - Packed snow","01 - Traffic signal","02 - Intersection related","01 - Daylight","03 - P.D. only","07 - SMV other"
"14375","WOODWARD DR btwn COURTWOOD CRES & COURTWOOD CRES","363421.28136","5025963.36451","-75.75159","45.37116","2017","2/17/2017","6:50:00 PM","01 - Clear","05 - Packed snow","10 - No control","01 - Non intersection","07 - Dark","03 - P.D. only","07 - SMV other"
"14376","WOODWARD DR btwn COURTWOOD CRES & COURTWOOD CRES","363433.28730","5026011.06861","-75.75144","45.37159","2017","3/24/2017","9:35:00 AM","03 - Snow","03 - Loose snow","10 - No control","01 - Non intersection","01 - Daylight","02 - Non-fatal injury","01 - Approaching"
"14377","WURTEMBURG ST btwn HENEY ST & BRIGADIER PRIV","369274.25964","5033062.44826","-75.67595","45.43452","2017","2/17/2017","12:00:00 AM","01 - Clear","05 - Packed snow","10 - No control","01 - Non intersection","00 - Unknown","03 - P.D. only","06 - SMV unattended vehicle"
"14378","WURTEMBURG ST btwn LAFRAMBOISE PL & CLARENCE ST E","369184.82361","5033209.36692","-75.67707","45.43585","2017","11/29/2017","5:29:00 PM","03 - Snow","06 - Ice","10 - No control","01 - Non intersection","07 - Dark","03 - P.D. only","06 - SMV unattended vehicle"
"14379","YELLOWCRESS WAY btwn AUBEPINES, PROMENADE DES & THIMBLEBERRY ROW","384145.32830","5034731.79110","-75.48564","45.44801","2017","9/28/2017","12:00:00 AM","01 - Clear","01 - Dry","10 - No control","01 - Non intersection","00 - Unknown","03 - P.D. only","06 - SMV unattended vehicle"
"14380","YORK ST btwn BY WARD MARKET SQ & WILLIAM ST","367962.33322","5032340.03821","-75.69281","45.42814","2017","10/9/2017","6:00:00 PM","01 - Clear","01 - Dry","10 - No control","01 - Non intersection","01 - Daylight","03 - P.D. only","06 - SMV unattended vehicle"
"14381","YORK ST btwn DALHOUSIE ST & TO BE DETERMINED","368106.75058","5032425.60977","-75.69095","45.42890","2017","2/5/2017","1:22:00 AM","01 - Clear","01 - Dry","10 - No control","01 - Non intersection","07 - Dark","03 - P.D. only","04 - Sideswipe"
"14382","YORK ST btwn WILLIAM ST & DALHOUSIE ST","368047.43320","5032389.51242","-75.69172","45.42858","2017","4/1/2017","12:00:00 AM","01 - Clear","01 - Dry","10 - No control","01 - Non intersection","00 - Unknown","03 - P.D. only","06 - SMV unattended vehicle"
"14383","YORK ST EB btwn BY WARD MARKET SQ & SUSSEX DR","367923.87470","5032312.10367","-75.69330","45.42789","2017","9/1/2017","2:00:00 PM","01 - Clear","01 - Dry","10 - No control","01 - Non intersection","01 - Daylight","03 - P.D. only","06 - SMV unattended vehicle"
"14384","YORK ST EB btwn BY WARD MARKET SQ & SUSSEX DR","367834.94925","5032255.05276","-75.69445","45.42739","2017","1/24/2017","12:00:00 AM","01 - Clear","02 - Wet","10 - No control","01 - Non intersection","00 - Unknown","03 - P.D. only","06 - SMV unattended vehicle"
"14385","YORK ST EB btwn TO BE DETERMINED & CUMBERLAND ST","368216.79850","5032493.06679","-75.68954","45.42950","2017","3/15/2017","10:29:00 AM","03 - Snow","03 - Loose snow","10 - No control","04 - At/near private drive","01 - Daylight","03 - P.D. only","06 - SMV unattended vehicle"
"14386","YORK ST WB btwn BYWARD MARKE SQ & SUSSEX DR","367827.39263","5032277.86244","-75.69454","45.42759","2017","6/25/2017","2:04:00 AM","01 - Clear","01 - Dry","10 - No control","01 - Non intersection","07 - Dark","02 - Non-fatal injury","07 - SMV other"
"14387","YORK ST WB btwn BYWARD MARKE SQ & SUSSEX DR","367808.37783","5032269.59543","-75.69479","45.42752","2017","7/17/2017","2:32:00 AM","01 - Clear","01 - Dry","10 - No control","01 - Non intersection","07 - Dark","03 - P.D. only","07 - SMV other"
"14388","YORK ST WB btwn BYWARD MARKE SQ & SUSSEX DR","367880.96216","5032312.25157","-75.69385","45.42790","2017","11/17/2017","2:33:00 AM","01 - Clear","01 - Dry","10 - No control","04 - At/near private drive","07 - Dark","02 - Non-fatal injury","07 - SMV other"
"14389","YORK ST WB btwn BYWARD MARKE SQ & SUSSEX DR","367882.11076","5032311.68931","-75.69384","45.42789","2017","2/3/2017","8:47:00 PM","01 - Clear","01 - Dry","10 - No control","01 - Non intersection","07 - Dark","03 - P.D. only","02 - Angle"
"14390","YORK ST WB btwn BYWARD MARKE SQ & SUSSEX DR","367837.84496","5032287.40587","-75.69441","45.42768","2017","3/25/2017","1:11:00 PM","01 - Clear","02 - Wet","10 - No control","04 - At/near private drive","01 - Daylight","03 - P.D. only","05 - Turning movement"
"14391","YORK ST WB btwn TO BE DETERMINED & CUMBERLAND ST","368216.21041","5032515.57953","-75.68954","45.42970","2017","7/25/2017","8:40:00 AM","02 - Rain","02 - Wet","10 - No control","01 - Non intersection","01 - Daylight","03 - P.D. only","02 - Angle"
"14392","YORK ST WB btwn TO BE DETERMINED & CUMBERLAND ST","368225.87054","5032520.98730","-75.68942","45.42975","2017","1/23/2017","8:30:00 PM","01 - Clear","01 - Dry","10 - No control","01 - Non intersection","07 - Dark","03 - P.D. only","06 - SMV unattended vehicle"
"14393","YORKS CORNERS RD btwn PANA RD & VICTORIA ST","388632.66555","5013777.86768","-75.43184","45.25896","2017","7/18/2017","6:03:00 PM","01 - Clear","01 - Dry","10 - No control","01 - Non intersection","01 - Daylight","03 - P.D. only","07 - SMV other"
"14394","YORKS CORNERS RD btwn PARKWAY RD & COOPER HILL RD","386869.10550","5018292.55730","-75.45356","45.29979","2017","3/23/2017","4:21:00 PM","01 - Clear","01 - Dry","10 - No control","01 - Non intersection","01 - Daylight","02 - Non-fatal injury","07 - SMV other"